channel,index,raw,filtered
1,0,382,382.66666666666663
1,1,382,382.09523809523796
1,2,382,381.80952380952374
1,3,382,382.8571428571428
1,4,382,381.5714285714285
1,5,382,378.42857142857133
1,6,373,376.2857142857141
1,7,373,374.9523809523808
1,8,379,376.3809523809523
1,9,379,380.095238095238
1,10,384,383.0476190476189
1,11,384,384.95238095238074
1,12,387,386.095238095238
1,13,387,386.33333333333326
1,14,385,387.23809523809507
1,15,388,386.9523809523808
1,16,388,386.38095238095224
1,17,385,386.42857142857133
1,18,385,386.1428571428571
1,19,388,386.71428571428567
1,20,388,387.95238095238085
1,21,388,388.238095238095
1,22,388,387.5714285714285
1,23,387,387.38095238095224
1,24,387,387.38095238095235
1,25,388,387.5714285714284
1,26,388,387.8571428571428
1,27,388,388.14285714285705
1,28,388,388.4285714285713
1,29,389,388.61904761904736
1,30,389,388.61904761904754
1,31,388,388.42857142857133
1,32,388,387.95238095238085
1,33,388,387.95238095238074
1,34,388,388.33333333333314
1,35,389,388.5714285714284
1,36,389,388.99999999999983
1,37,389,389.52380952380935
1,38,390,389.6190476190473
1,39,390,389.6190476190475
1,40,389,389.4285714285714
1,41,389,389.14285714285705
1,42,389,388.8571428571427
1,43,389,388.57142857142844
1,44,388,388.38095238095224
1,45,388,388.38095238095224
1,46,389,388.57142857142844
1,47,389,388.9523809523808
1,48,389,389.0952380952379
1,49,389,388.99999999999983
1,50,389,388.99999999999983
1,51,389,388.99999999999983
1,52,389,388.9047619047617
1,53,389,389.0476190476189
1,54,389,389.5238095238095
1,55,390,389.57142857142844
1,56,390,389.3809523809522
1,57,388,388.7142857142857
1,58,388,387.66666666666663
1,59,387,387.1904761904761
1,60,387,387.38095238095235
1,61,388,387.5714285714284
1,62,388,387.8571428571428
1,63,388,388.14285714285705
1,64,388,388.6190476190474
1,65,389,388.5238095238096
1,66,389,388.0476190476189
1,67,386,387.0476190476188
1,68,386,385.99999999999994
1,69,385,384.9523809523808
1,70,385,384.38095238095224
1,71,383,383.5714285714284
1,72,383,382.90476190476164
1,73,383,382.90476190476187
1,74,383,383.7619047619046
1,75,385,384.28571428571416
1,76,385,384.5714285714285
1,77,384,384.52380952380946
1,78,384,384.23809523809507
1,79,384,383.8095238095237
1,80,384,383.23809523809507
1,81,382,382.7142857142856
1,82,382,382.4285714285714
1,83,383,382.5714285714285
1,84,383,382.9047619047618
1,85,383,382.9523809523808
1,86,382,382.23809523809524
1,87,382,381.3809523809523
1,88,380,380.57142857142844
1,89,380,380.19047619047603
1,90,380,379.7619047619046
1,91,380,379.9523809523808
1,92,379,379.19047619047615
1,93,379,377.8571428571428
1,94,376,376.99999999999994
1,95,376,377.0952380952381
1,96,378,376.9047619047617
1,97,378,376.9047619047618
1,98,375,376.2857142857142
1,99,375,375.0952380952381
1,100,375,374.38095238095224
1,101,374,374.3333333333332
1,102,374,374.14285714285717
1,103,374,373.8571428571428
1,104,374,373.57142857142856
1,105,373,373.38095238095235
1,106,373,373.5714285714285
1,107,374,373.47619047619037
1,108,374,373.2857142857141
1,109,372,372.76190476190465
1,110,372,372.0
1,111,372,371.8571428571428
1,112,372,372.3333333333332
1,113,373,372.66666666666663
1,114,373,373.04761904761904
1,115,373,373.04761904761887
1,116,373,372.57142857142856
1,117,372,372.3809523809523
1,118,372,372.3809523809523
1,119,373,372.5714285714284
1,120,373,373.04761904761904
1,121,373,373.04761904761887
1,122,373,372.6666666666665
1,123,372,372.3333333333332
1,124,372,372.0476190476189
1,125,372,371.9047619047618
1,126,372,371.9999999999999
1,127,372,371.90476190476187
1,128,372,372.0476190476188
1,129,372,372.3333333333332
1,130,373,372.66666666666663
1,131,373,373.04761904761904
1,132,373,373.04761904761887
1,133,373,372.6666666666665
1,134,372,372.3333333333332
1,135,372,371.95238095238085
1,136,372,371.9523809523808
1,137,372,372.1428571428571
1,138,373,372.7619047619046
1,139,373,373.7142857142856
1,140,375,374.38095238095224
1,141,375,374.4761904761904
1,142,374,374.57142857142856
1,143,374,374.38095238095224
1,144,375,374.38095238095224
1,145,375,375.0476190476189
1,146,375,375.76190476190476
1,147,377,376.3333333333332
1,148,377,376.90476190476176
1,149,377,377.190476190476
1,150,377,376.9999999999999
1,151,377,376.9999999999999
1,152,377,376.9999999999999
1,153,377,376.9999999999999
1,154,377,376.9999999999999
1,155,377,376.9999999999999
1,156,377,376.8095238095238
1,157,377,377.0952380952379
1,158,377,377.6666666666665
1,159,379,378.33333333333326
1,160,379,378.7142857142855
1,161,379,379.28571428571416
1,162,379,379.57142857142844
1,163,381,380.28571428571416
1,164,381,381.2857142857142
1,165,382,382.19047619047603
1,166,383,382.6190476190475
1,167,383,383.047619047619
1,168,383,383.0952380952379
1,169,383,382.8095238095237
1,170,383,383.09523809523796
1,171,383,383.6666666666665
1,172,385,384.3333333333333
1,173,385,384.7142857142857
1,174,385,385.28571428571416
1,175,385,385.66666666666646
1,176,387,386.3333333333332
1,177,387,386.90476190476176
1,178,387,387.2857142857141
1,179,387,386.95238095238085
1,180,387,387.7142857142856
1,181,386,385.80952380952374
1,182,386,382.5714285714284
1,183,375,378.47619047619025
1,184,375,374.28571428571405
1,185,373,372.9047619047618
1,186,373,374.2380952380951
1,187,379,377.23809523809507
1,188,379,381.7142857142856
1,189,388,385.57142857142856
1,190,388,387.5714285714285
1,191,388,388.85714285714266
1,192,388,387.9999999999999
1,193,388,387.90476190476176
1,194,388,388.04761904761887
1,195,388,388.33333333333314
1,196,389,388.6666666666666
1,197,389,388.9523809523808
1,198,389,389.0952380952379
1,199,389,389.0952380952381
1,200,389,388.95238095238096
1,201,389,388.4761904761904
1,202,388,388.4285714285713
1,203,388,388.8095238095238
1,204,390,389.1904761904759
1,205,390,389.4761904761903
1,206,389,389.5714285714285
1,207,389,389.47619047619037
1,208,390,389.52380952380935
1,209,390,389.6190476190475
1,210,389,389.4285714285714
1,211,389,389.0476190476191
1,212,389,388.9047619047618
1,213,389,388.9047619047617
1,214,389,389.0476190476189
1,215,389,389.4285714285714
1,216,390,389.71428571428567
1,217,390,389.57142857142844
1,218,389,389.09523809523813
1,219,388,388.38095238095224
1,220,388,388.0476190476189
1,221,388,387.8571428571428
1,222,388,387.5714285714285
1,223,387,387.38095238095224
1,224,387,387.5714285714285
1,225,388,387.47619047619037
1,226,388,387.190476190476
1,227,386,386.8095238095238
1,228,386,386.5238095238094
1,229,387,386.4285714285714
1,230,387,386.5238095238093
1,231,386,386.4761904761903
1,232,386,386.57142857142856
1,233,387,386.4761904761903
1,234,387,386.0952380952381
1,235,385,386.2380952380951
1,236,385,385.5714285714284
1,237,387,384.52380952380935
1,238,383,384.38095238095224
1,239,383,384.5714285714285
1,240,386,384.52380952380946
1,241,386,385.38095238095224
1,242,384,384.85714285714283
1,243,384,383.3333333333333
1,244,382,382.5238095238096
1,245,382,382.52380952380946
1,246,383,382.42857142857133
1,247,383,382.7142857142856
1,248,382,382.3809523809523
1,249,382,381.71428571428555
1,250,381,381.23809523809507
1,251,381,381.1428571428572
1,252,381,380.85714285714283
1,253,381,380.7428571428572
1,254,380,380.3714285714285
1,255,380,379.9
1,256,379,380.5714285714285
1,257,379,378.5714285714285
1,258,377,377.190476190476
1,259,377,376.99999999999994
1,260,377,376.8571428571426
1,261,377,377.4285714285712
1,262,378,377.5238095238094
1,263,378,377.66666666666646
1,264,377,377.7619047619047
1,265,378,377.7142857142856
1,266,378,377.95238095238085
1,267,378,378.04761904761887
1,268,378,377.6666666666665
1,269,377,377.33333333333326
1,270,377,376.9523809523809
1,271,377,376.9523809523808
1,272,377,377.4285714285712
1,273,378,377.6190476190474
1,274,378,377.6190476190475
1,275,377,377.4285714285713
1,276,377,377.047619047619
1,277,377,376.9047619047618
1,278,377,376.90476190476187
1,279,377,377.04761904761915
1,280,377,377.4285714285712
1,281,378,377.6190476190474
1,282,378,377.6190476190475
1,283,377,377.4285714285713
1,284,377,377.047619047619
1,285,377,376.9047619047618
1,286,377,376.9999999999999
1,287,377,376.90476190476187
1,288,377,377.04761904761915
1,289,377,377.33333333333326
1,290,378,377.6666666666665
1,291,378,377.95238095238096
1,292,378,378.09523809523796
1,293,378,377.9999999999999
1,294,378,377.9999999999999
1,295,378,377.90476190476176
1,296,378,378.04761904761887
1,297,378,378.4285714285712
1,298,379,378.6190476190474
1,299,379,378.5238095238094
1,300,378,378.4761904761903
1,301,378,378.3809523809523
1,302,379,378.5714285714283
1,303,379,378.95238095238085
1,304,379,379.095238095238
1,305,379,378.99999999999983
1,306,379,378.90476190476176
1,307,379,379.047619047619
1,308,379,379.4285714285714
1,309,380,379.6190476190474
1,310,380,379.4285714285713
1,311,379,379.52380952380935
1,312,379,379.8095238095237
1,313,381,380.19047619047603
1,314,381,380.3809523809523
1,315,380,380.6190476190474
1,316,380,380.71428571428567
1,317,382,381.238095238095
1,318,382,381.99999999999994
1,319,382,382.142857142857
1,320,382,381.5714285714284
1,321,381,381.3809523809523
1,322,381,381.28571428571416
1,323,382,381.6190476190476
1,324,382,382.3809523809523
1,325,383,382.7142857142856
1,326,383,382.61904761904736
1,327,382,382.42857142857133
1,328,382,381.95238095238085
1,329,382,381.95238095238085
1,330,382,382.3333333333333
1,331,383,382.66666666666663
1,332,383,382.95238095238074
1,333,383,382.9999999999998
1,334,383,383.0476190476188
1,335,383,383.33333333333326
1,336,384,383.6666666666665
1,337,384,383.8571428571428
1,338,384,384.14285714285694
1,339,384,384.4285714285713
1,340,385,384.61904761904754
1,341,385,384.61904761904754
1,342,384,384.4285714285713
1,343,384,384.0476190476189
1,344,384,383.90476190476164
1,345,384,383.9999999999999
1,346,384,383.9999999999999
1,347,384,383.90476190476176
1,348,384,384.04761904761875
1,349,384,384.33333333333326
1,350,385,384.66666666666663
1,351,385,384.9523809523808
1,352,385,385.19047619047615
1,353,385,384.9523809523808
1,354,385,384.6666666666665
1,355,384,384.3333333333332
1,356,384,384.0476190476189
1,357,384,383.90476190476164
1,358,384,383.9999999999999
1,359,384,383.9999999999999
1,360,384,383.9999999999999
1,361,384,383.9999999999999
1,362,384,383.90476190476176
1,363,384,384.04761904761875
1,364,384,384.4285714285713
1,365,385,384.61904761904754
1,366,385,384.61904761904754
1,367,384,384.4285714285713
1,368,384,384.0476190476189
1,369,384,383.90476190476164
1,370,384,384.09523809523796
1,371,384,383.9523809523808
1,372,384,383.6666666666664
1,373,383,383.33333333333314
1,374,383,383.047619047619
1,375,383,382.90476190476164
1,376,383,383.0
1,377,383,383.095238095238
1,378,383,382.9523809523809
1,379,383,382.66666666666646
1,380,382,382.33333333333314
1,381,382,382.142857142857
1,382,382,381.8571428571428
1,383,382,381.9523809523808
1,384,381,381.19047619047615
1,385,381,379.9523809523809
1,386,378,378.9523809523808
1,387,378,378.4761904761904
1,388,379,378.28571428571433
1,389,379,378.9999999999999
1,390,379,379.42857142857133
1,391,380,379.66666666666646
1,392,380,379.76190476190476
1,393,380,380.1904761904762
1,394,380,380.5714285714283
1,395,382,381.3809523809523
1,396,382,382.23809523809507
1,397,383,382.85714285714266
1,398,383,383.04761904761887
1,399,383,383.04761904761887
1,400,383,382.66666666666646
1,401,382,382.33333333333314
1,402,382,382.0476190476189
1,403,382,381.9047619047618
1,404,382,382.095238095238
1,405,382,382.1428571428571
1,406,382,381.5714285714285
1,407,381,380.7619047619046
1,408,379,379.6666666666664
1,409,379,378.6666666666666
1,410,378,378.14285714285717
1,411,378,378.142857142857
1,412,378,377.8571428571427
1,413,378,377.6666666666665
1,414,377,377.33333333333326
1,415,377,377.047619047619
1,416,377,376.9047619047618
1,417,377,376.9999999999999
1,418,377,376.9999999999999
1,419,377,376.9999999999999
1,420,377,376.9999999999999
1,421,377,376.9999999999999
1,422,377,376.9999999999999
1,423,377,376.90476190476187
1,424,377,377.14285714285705
1,425,377,377.2857142857141
1,426,378,377.2380952380952
1,427,377,377.33333333333326
1,428,377,377.38095238095224
1,429,378,377.6190476190475
1,430,378,378.38095238095224
1,431,379,378.7142857142855
1,432,379,378.5238095238094
1,433,378,378.4761904761903
1,434,378,378.47619047619037
1,435,379,378.5238095238094
1,436,379,378.5238095238094
1,437,378,378.4761904761903
1,438,378,378.3809523809523
1,439,379,378.5714285714283
1,440,379,379.0476190476189
1,441,379,379.0476190476189
1,442,379,378.6666666666665
1,443,378,378.3333333333331
1,444,378,377.95238095238085
1,445,378,377.95238095238096
1,446,378,378.33333333333326
1,447,379,378.76190476190465
1,448,379,378.9047619047618
1,449,379,378.6666666666666
1,450,378,378.3809523809524
1,451,378,378.47619047619037
1,452,379,378.5238095238094
1,453,379,378.42857142857133
1,454,378,378.52380952380935
1,455,378,378.7142857142857
1,456,380,379.2380952380951
1,457,380,379.90476190476187
1,458,380,380.19047619047615
1,459,380,380.09523809523813
1,460,380,379.9523809523809
1,461,380,379.38095238095235
1,462,379,379.47619047619037
1,463,379,380.0476190476189
1,464,382,380.9047619047618
1,465,382,381.85714285714283
1,466,382,382.2857142857142
1,467,382,382.095238095238
1,468,382,381.7619047619046
1,469,382,381.76190476190465
1,470,381,381.99999999999994
1,471,383,382.3809523809523
1,472,383,382.9047619047618
1,473,383,383.14285714285694
1,474,383,382.57142857142844
1,475,382,382.38095238095235
1,476,382,382.38095238095224
1,477,383,382.57142857142844
1,478,383,382.95238095238074
1,479,383,383.0952380952379
1,480,383,383.0
1,481,383,383.0
1,482,383,383.0
1,483,383,383.0
1,484,383,382.9047619047618
1,485,383,383.0476190476188
1,486,383,383.33333333333326
1,487,384,383.6666666666665
1,488,384,383.8571428571428
1,489,384,384.23809523809507
1,490,384,384.28571428571405
1,491,385,384.3333333333333
1,492,384,384.2857142857141
1,493,384,384.1428571428571
1,494,384,383.90476190476164
1,495,384,383.9999999999999
1,496,384,383.9999999999999
1,497,384,383.90476190476176
1,498,384,384.04761904761875
1,499,384,384.4285714285713
1,500,385,384.61904761904754
1,501,385,384.52380952380935
1,502,384,384.4761904761903
1,503,384,384.47619047619025
1,504,385,384.52380952380946
1,505,385,384.7142857142856
1,506,384,384.38095238095224
1,507,384,383.71428571428555
1,508,383,383.238095238095
1,509,383,383.0285714285715
1,510,383,382.8571428571428
1,511,383,382.99999999999994
1,512,383,383.3809523809522
1,513,383,383.3809523809523
1,514,384,383.4761904761903
1,515,384,383.9999999999998
1,516,384,384.4285714285713
1,517,385,384.66666666666663
1,518,385,385.0476190476189
1,519,385,385.0476190476189
1,520,385,384.57142857142844
1,521,384,384.3809523809522
1,522,384,384.47619047619025
1,523,385,384.52380952380946
1,524,385,384.61904761904754
1,525,384,384.4285714285713
1,526,384,384.0476190476189
1,527,384,383.90476190476164
1,528,384,384.09523809523796
1,529,384,383.9523809523808
1,530,384,383.6666666666664
1,531,383,383.33333333333314
1,532,383,383.047619047619
1,533,383,382.8095238095236
1,534,383,383.0476190476188
1,535,383,383.5238095238094
1,536,384,383.57142857142856
1,537,384,383.19047619047615
1,538,382,382.8095238095237
1,539,382,382.6190476190475
1,540,383,382.38095238095235
1,541,383,382.38095238095235
1,542,381,381.7142857142856
1,543,381,380.8571428571428
1,544,380,380.09523809523813
1,545,380,379.6190476190475
1,546,379,379.28571428571416
1,547,379,379.47619047619037
1,548,380,379.52380952380935
1,549,380,379.61904761904754
1,550,379,379.4285714285713
1,551,379,379.14285714285705
1,552,379,378.85714285714266
1,553,379,378.6666666666665
1,554,378,378.42857142857133
1,555,378,377.9999999999999
1,556,378,377.57142857142844
1,557,377,377.33333333333326
1,558,377,377.047619047619
1,559,377,376.9047619047618
1,560,377,376.9999999999999
1,561,377,376.9999999999999
1,562,377,377.0952380952381
1,563,377,376.952380952381
1,564,377,376.57142857142844
1,565,376,376.3809523809523
1,566,376,376.3809523809523
1,567,377,376.57142857142844
1,568,377,376.9523809523808
1,569,377,377.095238095238
1,570,377,376.9999999999999
1,571,377,376.9999999999999
1,572,377,377.0952380952381
1,573,377,376.952380952381
1,574,377,376.4761904761903
1,575,376,376.52380952380946
1,576,376,376.66666666666663
1,577,378,376.8095238095237
1,578,377,377.2857142857141
1,579,377,377.57142857142856
1,580,378,377.57142857142827
1,581,378,377.8571428571427
1,582,378,378.14285714285705
1,583,378,378.33333333333326
1,584,379,378.6666666666666
1,585,379,378.85714285714266
1,586,379,379.14285714285705
1,587,379,379.33333333333314
1,588,380,379.66666666666646
1,589,380,379.9523809523808
1,590,380,379.99999999999983
1,591,380,380.047619047619
1,592,380,380.33333333333326
1,593,381,380.7619047619047
1,594,381,380.9047619047619
1,595,381,380.47619047619037
1,596,380,380.47619047619037
1,597,380,381.14285714285717
1,598,383,381.8571428571427
1,599,383,382.52380952380946
1,600,382,382.61904761904754
1,601,382,382.0476190476189
1,602,382,381.9047619047618
1,603,382,381.90476190476176
1,604,382,382.04761904761887
1,605,382,382.42857142857133
1,606,383,382.52380952380935
1,607,383,382.66666666666646
1,608,382,382.85714285714266
1,609,383,382.66666666666646
1,610,383,382.42857142857133
1,611,382,382.4761904761904
1,612,382,382.38095238095224
1,613,383,382.57142857142844
1,614,383,382.95238095238074
1,615,383,383.0952380952379
1,616,383,383.0
1,617,383,383.0
1,618,383,383.0
1,619,383,383.0
1,620,383,383.0
1,621,383,383.0
1,622,383,383.0
1,623,383,383.0
1,624,383,383.0
1,625,383,382.9047619047618
1,626,383,383.0476190476188
1,627,383,383.4285714285713
1,628,384,383.6190476190475
1,629,384,383.61904761904754
1,630,383,383.42857142857133
1,631,383,383.047619047619
1,632,383,382.90476190476164
1,633,383,383.095238095238
1,634,383,382.9523809523809
1,635,383,382.57142857142844
1,636,382,382.38095238095235
1,637,382,382.38095238095224
1,638,383,382.57142857142844
1,639,383,382.95238095238074
1,640,383,383.0952380952379
1,641,383,383.095238095238
1,642,383,382.9523809523809
1,643,383,382.57142857142844
1,644,382,382.38095238095235
1,645,382,382.5714285714284
1,646,383,382.4761904761904
1,647,383,382.1904761904761
1,648,381,381.9047619047617
1,649,381,381.3809523809524
1,650,382,381.142857142857
1,651,381,381.2857142857142
1,652,381,381.1428571428571
1,653,381,380.9047619047617
1,654,381,381.0952380952378
1,655,381,380.95238095238085
1,656,381,380.6666666666666
1,657,380,380.33333333333314
1,658,380,380.04761904761887
1,659,380,379.9047619047617
1,660,380,379.99999999999983
1,661,380,379.99999999999983
1,662,380,379.99999999999983
1,663,380,379.99999999999983
1,664,380,380.09523809523813
1,665,380,379.9523809523809
1,666,380,379.6666666666664
1,667,379,379.33333333333314
1,668,379,379.04761904761887
1,669,379,378.90476190476176
1,670,379,378.99999999999983
1,671,379,378.99999999999983
1,672,379,378.99999999999983
1,673,379,379.095238095238
1,674,379,378.952380952381
1,675,379,378.6666666666665
1,676,378,378.3333333333331
1,677,378,378.04761904761887
1,678,378,377.90476190476176
1,679,378,377.90476190476176
1,680,378,378.04761904761887
1,681,378,378.52380952380946
1,682,379,378.57142857142844
1,683,379,378.28571428571416
1,684,377,377.7619047619047
1,685,377,376.99999999999994
1,686,377,376.8571428571426
1,687,377,377.33333333333326
1,688,378,377.6666666666665
1,689,378,378.047619047619
1,690,378,378.04761904761887
1,691,378,377.6666666666665
1,692,377,377.33333333333326
1,693,377,377.047619047619
1,694,377,376.8095238095237
1,695,377,377.04761904761915
1,696,377,377.33333333333326
1,697,378,377.6666666666665
1,698,378,377.95238095238096
1,699,378,378.09523809523796
1,700,378,377.90476190476176
1,701,378,378.04761904761887
1,702,378,378.4285714285712
1,703,379,378.6190476190474
1,704,379,378.6190476190474
1,705,378,378.4285714285712
1,706,378,378.04761904761887
1,707,378,377.90476190476176
1,708,378,377.9999999999999
1,709,378,377.9999999999999
1,710,378,377.9999999999999
1,711,378,377.90476190476176
1,712,378,378.04761904761887
1,713,378,378.33333333333326
1,714,379,378.6666666666666
1,715,379,378.85714285714266
1,716,379,379.14285714285705
1,717,379,379.33333333333314
1,718,380,379.66666666666646
1,719,380,379.85714285714266
1,720,380,380.14285714285705
1,721,380,380.4285714285714
1,722,381,380.6190476190476
1,723,381,380.52380952380946
1,724,380,380.4761904761903
1,725,380,380.47619047619037
1,726,381,380.4285714285712
1,727,381,380.6666666666666
1,728,380,380.7619047619047
1,729,381,380.71428571428555
1,730,381,380.76190476190476
1,731,381,381.142857142857
1,732,381,381.3333333333333
1,733,382,381.6666666666666
1,734,382,381.9523809523809
1,735,382,382.09523809523796
1,736,382,381.9999999999997
1,737,382,381.9999999999997
1,738,382,381.9999999999997
1,739,382,381.9999999999997
1,740,382,381.90476190476176
1,741,382,382.04761904761887
1,742,382,382.42857142857133
1,743,383,382.6190476190475
1,744,383,382.42857142857133
1,745,382,382.5238095238096
1,746,382,382.7142857142856
1,747,384,383.2380952380951
1,748,384,383.9999999999998
1,749,384,384.142857142857
1,750,384,383.57142857142844
1,751,383,383.3809523809522
1,752,383,383.3809523809523
1,753,384,383.57142857142856
1,754,384,383.9523809523808
1,755,384,384.095238095238
1,756,384,383.9999999999999
1,757,384,383.9999999999999
1,758,384,383.9999999999999
1,759,384,383.6190476190475
1,760,384,384.19047619047603
1,761,384,385.238095238095
1,762,388,386.7142857142855
1,763,388,388.1428571428569
1,764,389,389.047619047619
1,765,389,388.97142857142865
1,766,389,389.142857142857
1,767,389,389.0
1,768,389,387.33333333333337
1,769,389,388.6666666666666
1,770,389,389.52380952380935
1,771,389,389.3333333333331
1,772,390,389.6666666666666
1,773,390,389.9523809523809
1,774,390,390.19047619047603
1,775,390,389.9523809523809
1,776,390,389.66666666666646
1,777,389,389.3333333333331
1,778,389,388.9523809523808
1,779,389,388.9523809523806
1,780,389,389.5238095238095
1,781,390,389.57142857142844
1,782,390,389.19047619047626
1,783,388,388.8095238095238
1,784,388,388.42857142857116
1,785,389,388.4761904761904
1,786,389,388.9523809523808
1,787,389,389.0952380952379
1,788,389,389.0952380952381
1,789,389,388.95238095238096
1,790,389,388.57142857142844
1,791,388,388.38095238095224
1,792,388,388.57142857142844
1,793,389,388.4761904761904
1,794,389,389.23809523809524
1,795,387,387.2857142857141
1,796,387,383.76190476190465
1,797,377,380.14285714285705
1,798,377,377.47619047619037
1,799,377,375.2857142857141
1,800,377,377.3809523809523
1,801,377,379.6666666666666
1,802,385,382.33333333333314
1,803,385,384.90476190476176
1,804,385,385.6190476190477
1,805,385,384.19047619047615
1,806,382,382.90476190476187
1,807,382,381.38095238095224
1,808,380,380.4285714285712
1,809,380,380.3333333333332
1,810,381,380.5238095238095
1,811,381,381.3809523809523
1,812,382,381.7142857142856
1,813,382,381.80952380952374
1,814,381,381.3333333333332
1,815,381,380.3809523809523
1,816,379,379.5714285714283
1,817,379,379.0952380952381
1,818,379,378.8095238095236
1,819,379,378.99999999999983
1,820,379,379.095238095238
1,821,379,378.952380952381
1,822,379,378.95238095238085
1,823,378,378.19047619047615
1,824,378,377.1428571428571
1,825,375,375.8571428571427
1,826,375,374.80952380952357
1,827,374,374.0476190476189
1,828,374,373.9523809523808
1,829,374,373.9523809523808
1,830,374,374.42857142857133
1,831,375,374.6190476190476
1,832,375,374.6190476190476
1,833,374,374.4285714285713
1,834,374,374.14285714285717
1,835,374,373.8571428571428
1,836,374,373.66666666666663
1,837,373,373.42857142857144
1,838,373,372.99999999999994
1,839,373,372.57142857142856
1,840,372,372.3333333333332
1,841,372,372.0476190476189
1,842,372,371.9047619047618
1,843,372,371.9999999999999
1,844,372,371.9999999999999
1,845,372,371.9999999999999
1,846,372,371.9999999999999
1,847,372,371.90476190476187
1,848,372,372.0476190476188
1,849,372,372.4285714285713
1,850,373,372.61904761904754
1,851,373,372.6190476190475
1,852,372,372.42857142857133
1,853,372,372.0476190476189
1,854,372,371.9047619047618
1,855,372,371.90476190476187
1,856,372,372.0476190476188
1,857,372,372.3333333333332
1,858,373,372.66666666666663
1,859,373,372.8571428571429
1,860,373,373.14285714285705
1,861,373,373.23809523809507
1,862,374,373.71428571428555
1,863,374,374.28571428571416
1,864,375,374.76190476190465
1,865,375,374.9523809523808
1,866,375,374.8095238095237
1,867,375,375.1428571428571
1,868,375,376.0952380952379
1,869,378,376.95238095238085
1,870,378,377.4285714285713
1,871,377,377.6666666666665
1,872,377,377.2857142857141
1,873,378,377.6190476190475
1,874,378,378.190476190476
1,875,379,378.8095238095237
1,876,379,379.2857142857143
1,877,380,379.76190476190465
1,878,380,379.76190476190476
1,879,380,380.1904761904762
1,880,380,380.66666666666646
1,881,382,381.3333333333332
1,882,382,381.80952380952374
1,883,382,382.142857142857
1,884,382,382.38095238095224
1,885,383,382.9999999999999
1,886,384,383.6190476190475
1,887,384,384.047619047619
1,888,384,384.095238095238
1,889,384,383.90476190476176
1,890,384,384.04761904761875
1,891,384,384.142857142857
1,892,385,384.7619047619046
1,893,385,385.61904761904736
1,894,387,386.42857142857133
1,895,387,386.8095238095237
1,896,387,387.23809523809524
1,897,387,387.23809523809507
1,898,388,387.7142857142855
1,899,388,388.2857142857141
1,900,389,388.76190476190453
1,901,389,388.9523809523808
1,902,389,389.0952380952379
1,903,389,388.9047619047617
1,904,389,389.0476190476189
1,905,389,389.3333333333331
1,906,390,389.6666666666666
1,907,390,389.8571428571428
1,908,390,390.142857142857
1,909,390,390.33333333333326
1,910,391,390.6666666666665
1,911,391,390.95238095238085
1,912,391,391.0952380952379
1,913,391,390.99999999999994
1,914,391,390.99999999999994
1,915,391,390.99999999999994
1,916,391,390.99999999999994
1,917,391,390.99999999999994
1,918,391,390.99999999999994
1,919,391,390.99999999999994
1,920,391,390.90476190476164
1,921,391,391.0476190476189
1,922,391,391.52380952380935
1,923,392,391.5714285714285
1,924,392,391.0952380952381
1,925,390,390.8571428571428
1,926,390,390.8571428571428
1,927,392,391.0952380952381
1,928,392,391.5714285714283
1,929,391,391.6190476190474
1,930,391,390.99999999999994
1,931,391,390.57142857142856
1,932,390,390.33333333333326
1,933,390,390.0476190476192
1,934,390,389.90476190476187
1,935,390,390.095238095238
1,936,390,389.9523809523809
1,937,390,389.66666666666646
1,938,389,389.3333333333331
1,939,389,389.14285714285705
1,940,389,388.8571428571427
1,941,389,388.6666666666666
1,942,388,388.33333333333314
1,943,388,388.14285714285705
1,944,388,387.8571428571428
1,945,388,387.76190476190476
1,946,387,387.38095238095224
1,947,387,386.6666666666667
1,948,386,385.80952380952374
1,949,385,385.4285714285714
1,950,385,385.4761904761903
1,951,386,385.4761904761903
1,952,386,385.2857142857142
1,953,384,384.7619047619046
1,954,384,384.19047619047603
1,955,384,383.7619047619046
1,956,384,383.8571428571427
1,957,383,383.23809523809507
1,958,383,382.57142857142844
1,959,381,381.4761904761903
1,960,381,380.52380952380935
1,961,379,379.4285714285714
1,962,379,378.66666666666663
1,963,378,378.19047619047603
1,964,378,378.57142857142844
1,965,379,378.4761904761904
1,966,379,378.19047619047615
1,967,377,377.8095238095236
1,968,377,377.6190476190474
1,969,378,377.3809523809524
1,970,378,377.3809523809524
1,971,376,376.7142857142855
1,972,376,375.7619047619047
1,973,375,375.142857142857
1,974,375,375.14285714285705
1,975,375,374.8571428571428
1,976,375,374.7619047619046
1,977,374,374.2857142857143
1,978,374,373.7142857142856
1,979,373,373.3333333333332
1,980,373,372.99999999999994
1,981,373,372.57142857142856
1,982,372,372.3333333333332
1,983,372,372.0476190476189
1,984,372,371.9047619047618
1,985,372,372.095238095238
1,986,372,371.9523809523808
1,987,372,371.6666666666665
1,988,371,371.33333333333326
1,989,371,370.9523809523809
1,990,371,370.9523809523809
1,991,371,371.33333333333326
1,992,372,371.66666666666646
1,993,372,371.95238095238074
1,994,372,372.0952380952379
1,995,372,371.90476190476187
1,996,372,372.0476190476188
1,997,372,372.3333333333332
1,998,373,372.76190476190465
1,999,373,372.238095238095
1,1000,373,373.095238095238
1,1001,372,374.66666666666663
1,1002,379,376.71428571428555
1,1003,379,378.6666666666666
1,1004,379,379.61904761904754
1,1005,379,378.8571428571428
1,1006,378,378.2380952380952
1,1007,378,377.3809523809523
1,1008,376,376.38095238095224
1,1009,376,376.19047619047603
1,1010,376,376.47619047619025
1,1011,378,377.3333333333333
1,1012,378,377.99999999999983
1,1013,378,378.14285714285705
1,1014,378,377.57142857142827
1,1015,377,377.3809523809523
1,1016,377,377.3809523809523
1,1017,378,377.57142857142827
1,1018,378,377.8571428571427
1,1019,378,378.14285714285705
1,1020,378,377.95238095238074
1,1021,379,378.62857142857166
1,1022,379,379.99999999999994
1,1023,383,382.7499999999999
1,1024,383,382.71428571428567
1,1025,381,381.7619047619047
1,1026,382,381.8095238095237
1,1027,382,382.85714285714266
1,1028,385,384.04761904761904
1,1029,385,384.4285714285713
1,1030,384,384.6666666666665
1,1031,384,384.2857142857142
1,1032,385,384.61904761904754
1,1033,385,385.190476190476
1,1034,386,385.8095238095238
1,1035,386,386.2857142857142
1,1036,387,386.7619047619046
1,1037,387,386.8571428571427
1,1038,387,387.1428571428571
1,1039,387,387.3333333333332
1,1040,388,387.66666666666646
1,1041,388,387.95238095238085
1,1042,388,388.09523809523785
1,1043,388,387.8095238095236
1,1044,388,388.095238095238
1,1045,388,388.85714285714283
1,1046,390,389.2380952380952
1,1047,390,389.14285714285705
1,1048,388,388.90476190476187
1,1049,388,388.42857142857116
1,1050,389,388.38095238095224
1,1051,389,388.99999999999983
1,1052,389,389.4285714285714
1,1053,390,389.6666666666666
1,1054,390,390.047619047619
1,1055,390,390.04761904761887
1,1056,390,389.66666666666646
1,1057,389,389.3333333333331
1,1058,389,389.0476190476191
1,1059,389,388.9047619047618
1,1060,389,388.9047619047617
1,1061,389,389.0476190476189
1,1062,389,389.4285714285714
1,1063,390,389.6190476190473
1,1064,390,389.6190476190475
1,1065,389,389.4285714285714
1,1066,389,389.14285714285705
1,1067,389,388.8571428571427
1,1068,389,388.7619047619047
1,1069,388,388.2857142857141
1,1070,388,387.71428571428567
1,1071,387,387.23809523809507
1,1072,387,387.23809523809496
1,1073,387,386.7142857142855
1,1074,387,386.3809523809523
1,1075,385,386.19047619047603
1,1076,386,385.66666666666663
1,1077,386,384.9047619047618
1,1078,384,384.8571428571428
1,1079,384,384.95238095238096
1,1080,386,385.04761904761887
1,1081,386,385.142857142857
1,1082,384,384.9047619047618
1,1083,384,384.71428571428555
1,1084,385,384.33333333333314
1,1085,385,383.7619047619046
1,1086,382,383.19047619047615
1,1087,382,383.1904761904761
1,1088,384,382.8571428571427
1,1089,384,382.57142857142844
1,1090,380,381.52380952380935
1,1091,380,380.3809523809523
1,1092,380,379.52380952380923
1,1093,380,379.4285714285712
1,1094,378,378.6190476190475
1,1095,378,377.8571428571427
1,1096,377,377.0952380952379
1,1097,377,376.61904761904765
1,1098,376,376.4761904761903
1,1099,376,376.2857142857143
1,1100,377,375.8095238095238
1,1101,375,375.6666666666665
1,1102,375,375.7142857142857
1,1103,376,375.3809523809522
1,1104,376,375.2857142857141
1,1105,374,374.76190476190465
1,1106,374,374.2857142857141
1,1107,374,373.71428571428555
1,1108,374,373.3333333333333
1,1109,372,372.6666666666666
1,1110,372,372.09523809523785
1,1111,372,371.80952380952374
1,1112,372,372.095238095238
1,1113,372,371.9523809523808
1,1114,372,371.57142857142844
1,1115,371,371.3809523809523
1,1116,371,371.38095238095224
1,1117,372,371.5714285714285
1,1118,372,371.95238095238074
1,1119,372,372.0952380952379
1,1120,372,371.9999999999999
1,1121,372,371.9999999999999
1,1122,372,371.9999999999999
1,1123,372,371.80952380952374
1,1124,372,372.0952380952379
1,1125,372,372.5714285714285
1,1126,374,373.38095238095235
1,1127,374,374.2380952380951
1,1128,375,374.8571428571426
1,1129,375,374.7619047619047
1,1130,375,375.190476190476
1,1131,375,375.7619047619046
1,1132,377,376.2857142857141
1,1133,377,376.4761904761904
1,1134,376,376.5714285714284
1,1135,376,376.3809523809523
1,1136,377,376.57142857142844
1,1137,377,376.8571428571427
1,1138,377,377.14285714285705
1,1139,377,377.33333333333326
1,1140,378,377.6666666666665
1,1141,378,377.8571428571427
1,1142,378,377.9523809523808
1,1143,378,378.42857142857133
1,1144,379,379.4285714285714
1,1145,381,380.2380952380952
1,1146,381,380.47619047619054
1,1147,380,380.6190476190474
1,1148,380,380.5238095238095
1,1149,382,381.33333333333314
1,1150,382,382.57142857142844
1,1151,384,383.5238095238094
1,1152,384,383.9047619047618
1,1153,384,384.19047619047603
1,1154,384,383.8095238095238
1,1155,384,384.0952380952379
1,1156,384,384.6666666666665
1,1157,386,385.3333333333333
1,1158,386,385.80952380952357
1,1159,386,386.2380952380952
1,1160,386,386.2380952380951
1,1161,387,386.7142857142857
1,1162,387,387.2857142857141
1,1163,388,387.76190476190465
1,1164,388,387.95238095238085
1,1165,388,388.09523809523785
1,1166,388,387.9999999999999
1,1167,388,387.90476190476176
1,1168,388,388.04761904761887
1,1169,388,388.33333333333314
1,1170,389,388.6666666666666
1,1171,389,388.9523809523808
1,1172,389,389.0952380952379
1,1173,389,388.9047619047617
1,1174,389,389.0476190476189
1,1175,389,389.3333333333331
1,1176,390,389.6666666666666
1,1177,390,390.047619047619
1,1178,390,390.04761904761887
1,1179,390,389.66666666666646
1,1180,389,389.3333333333331
1,1181,389,388.9523809523808
1,1182,389,388.9523809523806
1,1183,389,389.3333333333331
1,1184,390,389.6666666666666
1,1185,390,389.9523809523809
1,1186,390,390.095238095238
1,1187,390,390.0
1,1188,390,390.095238095238
1,1189,390,389.9523809523809
1,1190,390,389.66666666666646
1,1191,389,389.3333333333331
1,1192,389,389.0476190476191
1,1193,389,388.9047619047618
1,1194,389,389.0952380952381
1,1195,389,388.95238095238096
1,1196,389,388.57142857142844
1,1197,388,388.38095238095224
1,1198,388,388.47619047619025
1,1199,389,388.5238095238096
1,1200,389,388.61904761904754
1,1201,388,388.42857142857133
1,1202,388,388.0476190476189
1,1203,388,387.90476190476176
1,1204,388,387.9999999999999
1,1205,388,389.047619047619
1,1206,388,387.4761904761905
1,1207,388,384.3333333333332
1,1208,377,380.8571428571428
1,1209,377,377.4285714285712
1,1210,377,374.33333333333326
1,1211,375,376.14285714285717
1,1212,375,378.33333333333314
1,1213,385,381.71428571428555
1,1214,385,384.7619047619046
1,1215,386,386.047619047619
1,1216,384,384.57142857142844
1,1217,384,383.95238095238096
1,1218,383,383.095238095238
1,1219,383,382.71428571428544
1,1220,382,382.23809523809507
1,1221,382,382.3333333333333
1,1222,382,381.7619047619047
1,1223,382,380.90476190476187
1,1224,379,380.04761904761887
1,1225,379,379.6666666666666
1,1226,380,379.28571428571416
1,1227,380,379.4761904761904
1,1228,378,378.6666666666666
1,1229,378,377.4285714285714
1,1230,376,376.57142857142844
1,1231,376,376.0476190476189
1,1232,376,375.4761904761903
1,1233,375,375.3333333333332
1,1234,375,375.0476190476189
1,1235,375,374.9047619047617
1,1236,375,375.1904761904761
1,1237,375,374.90476190476176
1,1238,375,374.2380952380951
1,1239,373,373.71428571428567
1,1240,373,373.61904761904754
1,1241,374,373.3809523809523
1,1242,374,373.19047619047603
1,1243,372,372.80952380952385
1,1244,372,372.42857142857116
1,1245,373,372.47619047619025
1,1246,373,372.95238095238085
1,1247,373,373.095238095238
1,1248,373,372.99999999999983
1,1249,373,373.095238095238
1,1250,373,372.95238095238096
1,1251,373,372.6666666666665
1,1252,372,372.3333333333332
1,1253,372,372.0476190476189
1,1254,372,371.9047619047618
1,1255,372,371.90476190476187
1,1256,372,372.0476190476188
1,1257,372,372.4285714285713
1,1258,373,372.61904761904754
1,1259,373,372.2380952380951
1,1260,372,372.6190476190475
1,1261,372,373.3809523809523
1,1262,376,374.5714285714285
1,1263,376,375.7142857142856
1,1264,376,376.42857142857116
1,1265,376,376.33333333333326
1,1266,377,376.6666666666667
1,1267,377,376.9523809523808
1,1268,377,377.095238095238
1,1269,377,376.9999999999999
1,1270,377,376.90476190476187
1,1271,377,377.04761904761915
1,1272,377,377.2380952380951
1,1273,378,377.7142857142856
1,1274,378,378.2857142857143
1,1275,379,378.76190476190465
1,1276,379,378.76190476190465
1,1277,379,379.14285714285734
1,1278,379,379.5142857142856
1,1279,381,380.8999999999999
1,1280,381,381.4761904761903
1,1281,380,380.5714285714285
1,1282,380,380.5238095238094
1,1283,382,381.1904761904761
1,1284,382,381.3809523809523
1,1285,381,381.61904761904754
1,1286,381,381.80952380952374
1,1287,383,382.1904761904761
1,1288,383,382.3809523809523
1,1289,382,382.7142857142856
1,1290,382,382.66666666666663
1,1291,384,382.9047619047618
1,1292,383,383.23809523809507
1,1293,383,383.2380952380952
1,1294,383,382.90476190476164
1,1295,383,382.9047619047618
1,1296,383,383.0476190476188
1,1297,383,383.33333333333326
1,1298,384,383.6666666666665
1,1299,384,383.9523809523808
1,1300,384,384.095238095238
1,1301,384,383.90476190476176
1,1302,384,384.04761904761875
1,1303,384,384.33333333333326
1,1304,385,384.66666666666663
1,1305,385,384.9523809523808
1,1306,385,385.095238095238
1,1307,385,384.9047619047618
1,1308,385,385.1428571428571
1,1309,385,385.28571428571416
1,1310,386,385.3333333333332
1,1311,385,385.2857142857142
1,1312,385,385.0476190476188
1,1313,385,384.95238095238085
1,1314,385,385.42857142857133
1,1315,386,385.6190476190474
1,1316,386,385.52380952380946
1,1317,385,385.47619047619014
1,1318,385,385.47619047619037
1,1319,386,385.5238095238095
1,1320,386,385.61904761904754
1,1321,385,385.42857142857133
1,1322,385,385.0476190476189
1,1323,385,384.9047619047618
1,1324,385,384.9047619047618
1,1325,385,385.0476190476188
1,1326,385,385.42857142857133
1,1327,386,385.6190476190474
1,1328,386,385.61904761904754
1,1329,385,385.42857142857133
1,1330,385,385.0476190476189
1,1331,385,384.9999999999999
1,1332,385,384.9523809523808
1,1333,385,384.6666666666665
1,1334,384,384.3333333333332
1,1335,384,384.142857142857
1,1336,384,383.85714285714266
1,1337,384,383.6666666666664
1,1338,383,383.33333333333314
1,1339,383,383.14285714285717
1,1340,383,382.8571428571428
1,1341,383,382.66666666666646
1,1342,382,382.33333333333314
1,1343,382,382.0476190476189
1,1344,382,381.9047619047618
1,1345,382,381.9999999999997
1,1346,382,381.9999999999997
1,1347,382,381.9999999999997
1,1348,382,381.9999999999997
1,1349,382,382.19047619047603
1,1350,382,381.9047619047618
1,1351,382,381.33333333333326
1,1352,380,380.6666666666667
1,1353,380,380.0952380952379
1,1354,380,379.9047619047618
1,1355,380,379.9523809523809
1,1356,380,379.76190476190476
1,1357,379,379.28571428571405
1,1358,379,378.61904761904754
1,1359,378,378.28571428571416
1,1360,378,378.47619047619037
1,1361,379,378.5238095238094
1,1362,379,378.8095238095236
1,1363,378,378.3333333333332
1,1364,378,377.28571428571405
1,1365,376,376.61904761904754
1,1366,376,376.42857142857133
1,1367,377,376.4761904761904
1,1368,377,376.9523809523808
1,1369,377,377.095238095238
1,1370,377,376.9999999999999
1,1371,377,376.9999999999999
1,1372,377,376.9999999999999
1,1373,377,376.9999999999999
1,1374,377,376.9999999999999
1,1375,377,376.9999999999999
1,1376,377,376.9999999999999
1,1377,377,376.90476190476187
1,1378,377,377.04761904761915
1,1379,377,377.4285714285712
1,1380,378,377.6190476190474
1,1381,378,377.52380952380946
1,1382,377,377.47619047619014
1,1383,377,377.4761904761904
1,1384,378,377.5238095238093
1,1385,378,377.52380952380946
1,1386,377,377.47619047619014
1,1387,377,377.3809523809523
1,1388,378,377.57142857142827
1,1389,378,377.95238095238096
1,1390,378,378.09523809523796
1,1391,378,377.90476190476176
1,1392,378,378.04761904761887
1,1393,378,378.33333333333326
1,1394,379,378.57142857142844
1,1395,379,378.9999999999999
1,1396,379,379.52380952380935
1,1397,380,379.6190476190474
1,1398,380,379.52380952380935
1,1399,379,379.4761904761903
1,1400,379,379.3809523809523
1,1401,380,379.57142857142844
1,1402,380,379.9523809523808
1,1403,380,380.095238095238
1,1404,380,379.90476190476176
1,1405,380,380.047619047619
1,1406,380,380.33333333333326
1,1407,381,380.6666666666666
1,1408,381,380.95238095238096
1,1409,381,380.9999999999999
1,1410,381,381.0476190476189
1,1411,381,381.3333333333333
1,1412,382,381.7619047619047
1,1413,382,381.90476190476176
1,1414,382,381.5714285714284
1,1415,381,381.4285714285714
1,1416,381,381.80952380952374
1,1417,383,382.1904761904761
1,1418,383,382.3809523809523
1,1419,382,382.6190476190475
1,1420,382,382.8095238095237
1,1421,384,383.1904761904761
1,1422,384,383.5714285714285
1,1423,383,383.4285714285712
1,1424,383,383.09523809523796
1,1425,383,383.2380952380952
1,1426,384,383.6666666666665
1,1427,384,383.9523809523808
1,1428,384,384.095238095238
1,1429,384,383.9999999999999
1,1430,384,383.9999999999999
1,1431,384,383.9999999999999
1,1432,384,383.9999999999999
1,1433,384,383.9999999999999
1,1434,384,383.9999999999999
1,1435,384,383.9999999999999
1,1436,384,383.9999999999999
1,1437,384,383.9999999999999
1,1438,384,383.9999999999999
1,1439,384,383.90476190476176
1,1440,384,384.04761904761875
1,1441,384,384.33333333333326
1,1442,385,384.76190476190453
1,1443,385,384.9047619047618
1,1444,385,384.6666666666666
1,1445,384,384.3809523809522
1,1446,384,384.38095238095224
1,1447,385,384.5714285714285
1,1448,385,385.0476190476189
1,1449,385,385.0476190476189
1,1450,385,384.57142857142844
1,1451,384,384.3809523809522
1,1452,384,384.47619047619025
1,1453,385,384.52380952380946
1,1454,385,384.61904761904754
1,1455,384,384.4285714285713
1,1456,384,384.0476190476189
1,1457,384,383.90476190476164
1,1458,384,383.90476190476176
1,1459,384,384.04761904761875
1,1460,384,384.4285714285713
1,1461,385,384.61904761904754
1,1462,385,384.61904761904754
1,1463,384,384.4285714285713
1,1464,384,384.0476190476189
1,1465,384,383.9999999999998
1,1466,384,383.9523809523808
1,1467,384,383.76190476190465
1,1468,383,383.2857142857142
1,1469,383,382.71428571428544
1,1470,382,382.23809523809507
1,1471,382,382.142857142857
1,1472,382,381.8571428571428
1,1473,382,381.6666666666664
1,1474,381,381.33333333333314
1,1475,381,380.95238095238074
1,1476,381,380.95238095238085
1,1477,381,381.4285714285713
1,1478,382,381.6190476190475
1,1479,382,381.7142857142856
1,1480,381,381.38095238095246
1,1481,381,380.71428571428555
1,1482,380,380.2380952380952
1,1483,380,379.9523809523808
1,1484,380,380.1428571428571
1,1485,380,380.2380952380952
1,1486,381,379.9047619047618
1,1487,379,379.66666666666646
1,1488,379,379.6190476190474
1,1489,380,379.4285714285714
1,1490,380,379.61904761904754
1,1491,379,379.4285714285713
1,1492,379,379.14285714285705
1,1493,379,378.85714285714266
1,1494,379,378.6666666666665
1,1495,378,378.3333333333331
1,1496,378,378.04761904761887
1,1497,378,377.90476190476176
1,1498,378,378.09523809523785
1,1499,378,377.9523809523808
1,1500,378,377.6666666666665
1,1501,377,377.33333333333326
1,1502,377,377.047619047619
1,1503,377,376.9047619047618
1,1504,377,376.9999999999999
1,1505,377,376.9999999999999
1,1506,377,376.9999999999999
1,1507,377,377.0952380952381
1,1508,377,376.952380952381
1,1509,377,376.57142857142844
1,1510,376,376.3809523809523
1,1511,376,376.3809523809523
1,1512,377,376.57142857142844
1,1513,377,376.8571428571427
1,1514,377,377.14285714285705
1,1515,377,377.33333333333326
1,1516,378,377.6666666666665
1,1517,378,378.047619047619
1,1518,378,378.04761904761887
1,1519,378,377.57142857142827
1,1520,377,377.3809523809523
1,1521,377,377.3809523809523
1,1522,378,377.57142857142827
1,1523,378,377.95238095238096
1,1524,378,378.09523809523796
1,1525,378,377.9999999999999
1,1526,378,377.90476190476176
1,1527,378,378.04761904761887
1,1528,378,378.33333333333326
1,1529,379,378.6666666666666
1,1530,379,378.76190476190465
1,1531,379,379.19047619047586
1,1532,379,379.7619047619046
1,1533,381,380.25714285714304
1,1534,381,380.68571428571414
1,1535,380,379.9499999999999
1,1536,380,381.85714285714283
1,1537,381,380.76190476190453
1,1538,381,379.8095238095238
1,1539,379,379.8095238095237
1,1540,379,379.42857142857144
1,1541,380,379.47619047619025
1,1542,380,379.9523809523808
1,1543,380,380.095238095238
1,1544,380,379.99999999999983
1,1545,380,379.99999999999983
1,1546,380,379.99999999999983
1,1547,380,379.90476190476176
1,1548,380,380.047619047619
1,1549,380,380.4285714285714
1,1550,381,380.6190476190476
1,1551,381,380.3333333333333
1,1552,380,380.5714285714285
1,1553,380,381.14285714285717
1,1554,383,381.8571428571427
1,1555,383,382.52380952380946
1,1556,382,382.61904761904754
1,1557,382,382.0476190476189
1,1558,382,381.9047619047618
1,1559,382,381.9999999999997
1,1560,382,381.9999999999997
1,1561,382,381.9999999999997
1,1562,382,381.9999999999997
1,1563,382,381.9999999999997
1,1564,382,381.9999999999997
1,1565,382,381.90476190476176
1,1566,382,382.04761904761887
1,1567,382,382.42857142857133
1,1568,383,382.52380952380935
1,1569,383,382.66666666666646
1,1570,382,382.76190476190465
1,1571,383,382.71428571428555
1,1572,383,382.7619047619046
1,1573,383,383.1428571428569
1,1574,383,383.33333333333326
1,1575,384,383.6666666666665
1,1576,384,383.9523809523808
1,1577,384,384.095238095238
1,1578,384,384.09523809523796
1,1579,384,383.9523809523808
1,1580,384,383.57142857142844
1,1581,383,383.3809523809522
1,1582,383,383.3809523809523
1,1583,384,383.57142857142856
1,1584,384,383.9714285714289
1,1585,384,384.14285714285694
1,1586,384,384.00000000000006
2,0,384,386.09523809523796
2,1,384,384.28571428571405
2,2,384,384.095238095238
2,3,384,383.66666666666646
2,4,384,381.57142857142844
2,5,377,379.38095238095235
2,6,377,377.6666666666666
2,7,378,377.0
2,8,378,377.95238095238096
2,9,378,378.09523809523796
2,10,378,377.90476190476176
2,11,378,378.04761904761887
2,12,378,378.4285714285712
2,13,379,378.52380952380935
2,14,379,378.6666666666666
2,15,378,378.7619047619048
2,16,379,378.7142857142856
2,17,379,378.952380952381
2,18,379,379.0476190476189
2,19,379,378.57142857142844
2,20,378,378.3809523809524
2,21,378,378.28571428571416
2,22,379,378.6190476190475
2,23,379,379.38095238095224
2,24,380,379.7142857142855
2,25,380,379.4285714285713
2,26,379,379.52380952380935
2,27,379,379.8095238095237
2,28,381,380.19047619047603
2,29,381,380.5714285714285
2,30,380,380.5238095238094
2,31,380,379.9523809523808
2,32,380,380.047619047619
2,33,380,380.28571428571433
2,34,381,380.04761904761887
2,35,380,380.42857142857133
2,36,380,381.3333333333332
2,37,383,381.8095238095237
2,38,383,381.9999999999997
2,39,381,382.0476190476189
2,40,381,381.8571428571428
2,41,383,382.0952380952381
2,42,383,382.5714285714283
2,43,382,382.2380952380951
2,44,382,382.1904761904761
2,45,382,383.6666666666665
2,46,385,383.61904761904736
2,47,385,382.1904761904761
2,48,377,380.047619047619
2,49,377,377.33333333333326
2,50,377,375.238095238095
2,51,376,376.6666666666667
2,52,376,378.095238095238
2,53,383,380.71428571428555
2,54,383,383.6666666666665
2,55,386,385.66666666666646
2,56,386,385.85714285714283
2,57,386,386.190476190476
2,58,386,386.0476190476189
2,59,386,386.33333333333314
2,60,387,386.6666666666665
2,61,387,386.8571428571427
2,62,387,387.1428571428571
2,63,387,387.3333333333332
2,64,388,387.66666666666646
2,65,388,387.95238095238085
2,66,388,388.09523809523785
2,67,388,387.9999999999999
2,68,388,387.9999999999999
2,69,388,388.0952380952379
2,70,388,387.952380952381
2,71,388,387.76190476190476
2,72,387,387.2857142857141
2,73,387,386.6190476190474
2,74,386,386.2857142857141
2,75,386,386.38095238095224
2,76,387,386.57142857142856
2,77,387,386.8571428571427
2,78,387,387.1428571428571
2,79,387,387.3333333333332
2,80,388,387.66666666666646
2,81,388,387.95238095238085
2,82,388,388.09523809523785
2,83,388,387.9999999999999
2,84,388,387.9999999999999
2,85,388,387.9999999999999
2,86,388,388.0952380952379
2,87,388,387.952380952381
2,88,388,387.66666666666663
2,89,387,387.3333333333332
2,90,387,387.14285714285705
2,91,387,386.8571428571428
2,92,387,386.57142857142856
2,93,386,386.3809523809523
2,94,386,386.4761904761903
2,95,387,386.52380952380935
2,96,387,386.6190476190475
2,97,386,386.4285714285714
2,98,386,386.2380952380952
2,99,386,385.80952380952357
2,100,386,385.23809523809507
2,101,384,384.7142857142856
2,102,384,384.5238095238094
2,103,385,384.4285714285714
2,104,385,384.61904761904754
2,105,384,384.52380952380935
2,106,384,383.9999999999999
2,107,384,383.57142857142844
2,108,383,383.33333333333314
2,109,383,383.047619047619
2,110,383,382.90476190476164
2,111,383,383.095238095238
2,112,383,382.9523809523809
2,113,383,382.8571428571426
2,114,382,382.23809523809524
2,115,382,381.4761904761905
2,116,380,380.52380952380946
2,117,380,379.8571428571428
2,118,379,379.09523809523796
2,119,379,378.61904761904754
2,120,378,378.28571428571416
2,121,378,378.3809523809523
2,122,379,378.5714285714283
2,123,379,379.0476190476189
2,124,379,379.0476190476189
2,125,379,378.6666666666665
2,126,378,378.3333333333331
2,127,378,378.142857142857
2,128,378,377.8571428571427
2,129,378,377.6666666666665
2,130,377,377.33333333333326
2,131,377,377.1428571428571
2,132,377,376.8571428571427
2,133,377,376.66666666666663
2,134,376,376.3333333333333
2,135,376,376.0476190476189
2,136,376,375.99999999999994
2,137,376,375.95238095238085
2,138,376,375.7619047619048
2,139,375,375.2857142857142
2,140,375,374.71428571428567
2,141,374,374.2380952380951
2,142,374,374.04761904761904
2,143,374,373.9047619047618
2,144,374,373.9047619047618
2,145,374,374.04761904761904
2,146,374,374.42857142857133
2,147,375,374.6190476190476
2,148,375,374.6190476190476
2,149,374,374.4285714285713
2,150,374,373.9523809523808
2,151,374,373.9523809523808
2,152,374,374.42857142857133
2,153,375,374.71428571428567
2,154,375,374.5714285714284
2,155,374,373.99999999999983
2,156,373,373.4285714285712
2,157,373,373.3809523809523
2,158,374,373.5238095238094
2,159,374,373.5238095238094
2,160,373,373.4761904761904
2,161,373,373.3809523809523
2,162,374,373.5714285714285
2,163,374,373.9523809523808
2,164,374,374.09523809523813
2,165,374,373.80952380952357
2,166,374,374.095238095238
2,167,374,374.6666666666665
2,168,376,375.33333333333326
2,169,376,375.9047619047619
2,170,376,376.28571428571416
2,171,376,375.95238095238085
2,172,376,375.57142857142844
2,173,375,375.38095238095224
2,174,375,375.2857142857141
2,175,376,375.6190476190475
2,176,376,376.1904761904761
2,177,377,376.80952380952374
2,178,377,377.1904761904759
2,179,378,377.8095238095237
2,180,378,378.38095238095224
2,181,379,378.7142857142855
2,182,379,378.5238095238094
2,183,378,378.4761904761903
2,184,378,378.28571428571416
2,185,379,378.6190476190475
2,186,379,379.1904761904761
2,187,380,379.8095238095238
2,188,380,380.09523809523813
2,189,381,380.8571428571427
2,190,381,381.52380952380935
2,191,383,382.4761904761904
2,192,383,383.23809523809524
2,193,384,383.6666666666665
2,194,384,384.04761904761887
2,195,384,384.9523809523808
2,196,386,385.238095238095
2,197,386,385.04761904761887
2,198,384,384.95238095238085
2,199,384,384.85714285714266
2,200,386,385.095238095238
2,201,386,385.3809523809524
2,202,385,385.6190476190475
2,203,385,385.8095238095236
2,204,387,386.1904761904761
2,205,387,386.4761904761904
2,206,386,386.57142857142856
2,207,386,386.4761904761903
2,208,387,386.52380952380935
2,209,387,386.4285714285715
2,210,386,386.52380952380946
2,211,386,386.7142857142856
2,212,388,387.14285714285705
2,213,388,387.95238095238085
2,214,388,388.5238095238093
2,215,389,388.6666666666666
2,216,389,388.8571428571427
2,217,389,389.1428571428571
2,218,389,389.3333333333331
2,219,390,389.6666666666666
2,220,390,389.9523809523809
2,221,390,390.095238095238
2,222,390,390.0
2,223,390,390.0
2,224,390,390.0
2,225,390,390.0
2,226,390,390.0
2,227,390,390.0
2,228,390,390.0
2,229,390,390.0
2,230,390,390.0
2,231,390,390.0
2,232,390,390.0
2,233,390,390.0
2,234,390,390.0
2,235,390,390.0
2,236,390,390.0
2,237,390,390.095238095238
2,238,390,389.9523809523809
2,239,390,389.66666666666646
2,240,389,389.3333333333331
2,241,389,388.9523809523808
2,242,389,388.9523809523806
2,243,389,389.4285714285714
2,244,390,389.6190476190473
2,245,390,389.6190476190475
2,246,389,389.4285714285714
2,247,389,389.0476190476191
2,248,389,388.99999999999983
2,249,389,388.95238095238096
2,250,389,389.99999999999983
2,251,388,387.6666666666665
2,252,388,383.3809523809522
2,253,374,379.05714285714294
2,254,374,374.4
2,255,374,374.6999999999999
2,256,374,379.6666666666666
2,257,375,375.47619047619025
2,258,375,373.7619047619046
2,259,376,375.28571428571433
2,260,376,376.19047619047615
2,261,376,377.19047619047603
2,262,381,379.61904761904754
2,263,381,382.95238095238085
2,264,387,385.38095238095235
2,265,387,385.9523809523808
2,266,385,386.2857142857141
2,267,385,385.7142857142856
2,268,386,385.3333333333331
2,269,386,385.04761904761887
2,270,383,384.04761904761887
2,271,383,382.8095238095237
2,272,382,382.04761904761887
2,273,382,382.3333333333333
2,274,382,381.7619047619047
2,275,382,380.90476190476187
2,276,379,380.04761904761887
2,277,379,379.6666666666666
2,278,380,379.38095238095224
2,279,380,379.2380952380952
2,280,378,378.33333333333337
2,281,377,377.4761904761903
2,282,377,377.3809523809523
2,283,378,377.47619047619037
2,284,378,377.2857142857142
2,285,376,376.76190476190465
2,286,376,375.9999999999999
2,287,376,375.8571428571428
2,288,376,376.52380952380946
2,289,377,376.57142857142844
2,290,377,376.2857142857142
2,291,375,375.76190476190465
2,292,375,374.99999999999994
2,293,375,374.8571428571428
2,294,375,375.61904761904754
2,295,376,375.52380952380946
2,296,376,374.95238095238085
2,297,373,374.095238095238
2,298,373,373.142857142857
2,299,373,372.7142857142856
2,300,373,372.99999999999983
2,301,373,373.095238095238
2,302,373,372.95238095238096
2,303,373,372.6666666666665
2,304,372,372.3333333333332
2,305,372,372.0476190476189
2,306,372,371.9047619047618
2,307,372,371.9999999999999
2,308,372,371.9999999999999
2,309,372,371.9999999999999
2,310,372,371.9999999999999
2,311,372,371.90476190476187
2,312,372,372.0476190476188
2,313,372,372.3333333333332
2,314,373,372.66666666666663
2,315,373,373.04761904761904
2,316,373,373.04761904761887
2,317,373,372.6666666666665
2,318,372,372.142857142857
2,319,372,372.14285714285705
2,320,372,372.57142857142856
2,321,374,373.33333333333326
2,322,374,373.9047619047618
2,323,374,374.19047619047615
2,324,374,373.80952380952357
2,325,374,374.095238095238
2,326,374,374.4761904761903
2,327,376,375.42857142857133
2,328,376,376.76190476190465
2,329,378,377.4285714285714
2,330,378,376.95238095238085
2,331,376,376.99999999999994
2,332,376,377.19047619047603
2,333,379,377.76190476190465
2,334,379,378.42857142857133
2,335,378,378.66666666666674
2,336,378,378.28571428571416
2,337,379,378.6190476190475
2,338,379,379.1904761904761
2,339,380,379.9047619047617
2,340,380,380.2380952380951
2,341,381,380.2380952380952
2,342,380,380.3809523809524
2,343,380,380.71428571428567
2,344,382,381.2857142857143
2,345,382,382.14285714285705
2,346,383,382.90476190476187
2,347,383,383.19047619047603
2,348,384,383.8095238095235
2,349,384,384.2857142857141
2,350,385,384.76190476190476
2,351,385,384.9523809523808
2,352,385,385.095238095238
2,353,385,384.9047619047618
2,354,385,385.0476190476188
2,355,385,385.2380952380951
2,356,386,385.7142857142857
2,357,386,386.1904761904759
2,358,387,386.8095238095236
2,359,387,387.2857142857141
2,360,388,387.6666666666665
2,361,388,387.9999999999997
2,362,388,388.33333333333314
2,363,389,388.71428571428567
2,364,389,389.3809523809522
2,365,390,389.7142857142855
2,366,390,389.6190476190475
2,367,389,389.4285714285714
2,368,389,389.0476190476191
2,369,389,388.9047619047618
2,370,389,388.9047619047617
2,371,389,389.0476190476189
2,372,389,389.3333333333331
2,373,390,389.6666666666666
2,374,390,389.9523809523809
2,375,390,390.095238095238
2,376,390,390.0
2,377,390,390.0
2,378,390,390.0
2,379,390,390.095238095238
2,380,390,389.9523809523809
2,381,390,389.66666666666646
2,382,389,389.3333333333331
2,383,389,389.0476190476191
2,384,389,388.9047619047618
2,385,389,389.0952380952381
2,386,389,388.95238095238096
2,387,389,388.7619047619047
2,388,388,388.2857142857141
2,389,388,387.71428571428567
2,390,387,387.23809523809507
2,391,387,386.9523809523808
2,392,387,386.95238095238085
2,393,387,387.3333333333332
2,394,388,387.5714285714284
2,395,388,387.9999999999997
2,396,388,388.4285714285713
2,397,389,388.6666666666666
2,398,389,388.8571428571427
2,399,389,389.1428571428571
2,400,389,389.3333333333331
2,401,390,389.6666666666666
2,402,390,389.8571428571428
2,403,390,390.142857142857
2,404,390,390.5238095238093
2,405,391,390.5714285714284
2,406,391,390.28571428571416
2,407,389,389.76190476190465
2,408,389,389.4761904761902
2,409,389,388.6190476190474
2,410,389,387.76190476190476
2,411,385,386.28571428571416
2,412,385,385.2380952380952
2,413,384,383.6666666666665
2,414,384,382.76190476190453
2,415,380,381.76190476190465
2,416,381,380.76190476190453
2,417,381,379.99999999999983
2,418,379,379.71428571428555
2,419,379,378.7619047619046
2,420,378,378.14285714285717
2,421,378,378.238095238095
2,422,378,377.80952380952374
2,423,378,377.4285714285712
2,424,376,376.6190476190475
2,425,376,375.66666666666663
2,426,375,375.19047619047603
2,427,375,375.4761904761905
2,428,376,375.52380952380946
2,429,376,375.6190476190475
2,430,375,375.4285714285712
2,431,375,375.14285714285705
2,432,375,374.8571428571428
2,433,375,374.7619047619046
2,434,374,374.2857142857143
2,435,374,373.61904761904754
2,436,373,373.2857142857144
2,437,373,373.3809523809523
2,438,374,373.5714285714285
2,439,374,374.0476190476189
2,440,374,374.0476190476189
2,441,374,373.66666666666663
2,442,373,373.33333333333326
2,443,373,373.0476190476189
2,444,373,372.9047619047618
2,445,373,372.99999999999983
2,446,373,372.99999999999983
2,447,373,372.99999999999983
2,448,373,372.99999999999983
2,449,373,372.99999999999983
2,450,373,372.99999999999983
2,451,373,372.99999999999983
2,452,373,372.99999999999983
2,453,373,372.90476190476187
2,454,373,373.0476190476189
2,455,373,373.047619047619
2,456,374,373.8095238095238
2,457,374,374.95238095238085
2,458,377,375.9999999999999
2,459,377,376.9047619047617
2,460,377,377.71428571428567
2,461,378,377.8095238095237
2,462,378,377.52380952380935
2,463,377,376.5714285714285
2,464,375,375.8095238095237
2,465,375,375.7619047619046
2,466,377,376.095238095238
2,467,377,376.4761904761904
2,468,376,376.5714285714284
2,469,376,376.4761904761904
2,470,377,376.5238095238094
2,471,377,376.238095238095
2,472,376,376.61904761904736
2,473,376,377.6666666666666
2,474,380,378.42857142857133
2,475,380,378.5238095238094
2,476,377,378.5238095238094
2,477,377,378.0476190476188
2,478,380,378.76190476190465
2,479,380,379.8095238095237
2,480,381,381.1428571428571
2,481,381,382.3809523809523
2,482,385,383.7142857142857
2,483,385,384.19047619047603
2,484,384,385.04761904761887
2,485,384,384.95238095238096
2,486,387,385.0476190476189
2,487,385,385.61904761904736
2,488,385,386.0476190476189
2,489,387,386.14285714285705
2,490,387,386.90476190476176
2,491,387,387.190476190476
2,492,387,387.09523809523796
2,493,387,386.95238095238085
2,494,387,386.57142857142856
2,495,386,386.3809523809523
2,496,386,386.38095238095224
2,497,387,386.57142857142856
2,498,387,386.8571428571427
2,499,387,387.1428571428571
2,500,387,387.23809523809507
2,501,388,387.7142857142855
2,502,388,388.2857142857141
2,503,389,388.76190476190453
2,504,389,388.8571428571427
2,505,389,389.1428571428571
2,506,389,389.4285714285714
2,507,390,389.6190476190473
2,508,390,389.52380952380946
2,509,389,389.5142857142858
2,510,389,389.2857142857142
2,511,390,389.99999999999994
2,512,389,389.4761904761903
2,513,389,389.47619047619037
2,514,390,389.52380952380935
2,515,390,389.52380952380946
2,516,389,389.4761904761903
2,517,389,389.3809523809522
2,518,390,389.57142857142844
2,519,390,389.9523809523809
2,520,390,390.095238095238
2,521,390,390.0
2,522,390,390.0
2,523,390,390.0
2,524,390,390.0
2,525,390,390.095238095238
2,526,390,389.9523809523809
2,527,390,389.66666666666646
2,528,389,389.3333333333331
2,529,389,389.0476190476191
2,530,389,388.9047619047618
2,531,389,389.0952380952381
2,532,389,388.95238095238096
2,533,389,388.6666666666666
2,534,388,388.33333333333314
2,535,388,388.0476190476189
2,536,388,387.8095238095238
2,537,388,388.04761904761887
2,538,388,388.5238095238096
2,539,389,388.57142857142856
2,540,389,388.1904761904762
2,541,387,387.8095238095236
2,542,387,387.71428571428567
2,543,388,387.33333333333326
2,544,388,387.0476190476188
2,545,385,386.0476190476188
2,546,385,384.99999999999983
2,547,384,383.9523809523808
2,548,384,383.47619047619025
2,549,382,382.52380952380946
2,550,382,382.04761904761887
2,551,381,380.9999999999999
2,552,381,379.9523809523809
2,553,378,379.14285714285705
2,554,378,378.38095238095224
2,555,379,377.8095238095236
2,556,377,377.57142857142844
2,557,377,377.0476190476189
2,558,376,376.0476190476189
2,559,376,375.2857142857141
2,560,374,374.61904761904754
2,561,374,374.6190476190475
2,562,375,374.38095238095224
2,563,375,374.2857142857141
2,564,373,373.7619047619047
2,565,373,373.19047619047615
2,566,373,372.7619047619046
2,567,373,372.6666666666665
2,568,372,372.3333333333332
2,569,372,372.0476190476189
2,570,372,371.9047619047618
2,571,372,371.9999999999999
2,572,372,371.9999999999999
2,573,372,372.095238095238
2,574,372,371.9523809523808
2,575,372,371.6666666666665
2,576,371,371.33333333333326
2,577,371,370.9523809523809
2,578,371,370.9523809523809
2,579,371,371.33333333333326
2,580,372,371.66666666666646
2,581,372,371.95238095238074
2,582,372,371.99999999999983
2,583,372,372.0476190476188
2,584,372,372.3333333333332
2,585,373,372.66666666666663
2,586,373,372.95238095238085
2,587,373,373.095238095238
2,588,373,372.90476190476187
2,589,373,373.0476190476189
2,590,373,373.33333333333326
2,591,374,373.66666666666663
2,592,374,373.85714285714283
2,593,374,374.14285714285705
2,594,374,374.23809523809507
2,595,375,374.61904761904736
2,596,375,375.3333333333332
2,597,376,376.0952380952381
2,598,377,376.61904761904754
2,599,377,376.8571428571428
2,600,377,377.1904761904761
2,601,377,377.6666666666665
2,602,379,378.33333333333326
2,603,379,378.9047619047619
2,604,379,379.19047619047603
2,605,379,378.8095238095236
2,606,379,379.09523809523796
2,607,379,379.6666666666666
2,608,381,380.3333333333332
2,609,381,380.9047619047618
2,610,381,381.1904761904761
2,611,381,380.90476190476176
2,612,381,381.0476190476189
2,613,381,381.23809523809507
2,614,382,381.7142857142856
2,615,382,382.1904761904761
2,616,383,382.80952380952374
2,617,383,383.2857142857141
2,618,384,383.57142857142844
2,619,384,384.04761904761887
2,620,384,384.7619047619046
2,621,386,385.3333333333333
2,622,386,385.80952380952357
2,623,386,386.2380952380952
2,624,386,386.2380952380951
2,625,387,386.7142857142857
2,626,387,387.2857142857141
2,627,388,387.76190476190465
2,628,388,387.8571428571428
2,629,388,388.14285714285705
2,630,388,388.33333333333314
2,631,389,388.6666666666666
2,632,389,388.9523809523808
2,633,389,389.0952380952379
2,634,389,388.99999999999983
2,635,389,388.9047619047617
2,636,389,389.0476190476189
2,637,389,389.4285714285714
2,638,390,389.6190476190473
2,639,390,389.52380952380946
2,640,389,389.4761904761903
2,641,389,389.47619047619037
2,642,390,389.52380952380935
2,643,390,389.52380952380946
2,644,389,389.4761904761903
2,645,389,389.3809523809522
2,646,390,389.57142857142844
2,647,390,390.047619047619
2,648,390,390.04761904761887
2,649,390,389.66666666666646
2,650,389,389.3333333333331
2,651,389,389.0476190476191
2,652,389,388.9047619047618
2,653,389,388.99999999999983
2,654,389,388.99999999999983
2,655,389,389.0952380952381
2,656,389,388.95238095238096
2,657,389,388.6666666666666
2,658,388,388.33333333333314
2,659,388,389.2857142857142
2,660,388,387.2857142857142
2,661,388,383.6666666666665
2,662,375,379.3333333333333
2,663,375,375.5238095238093
2,664,375,373.80952380952374
2,665,375,374.4761904761905
2,666,376,375.9047619047618
2,667,376,379.047619047619
2,668,385,383.04761904761875
2,669,387,385.7619047619046
2,670,387,386.5714285714284
2,671,384,385.2857142857142
2,672,384,384.9047619047618
2,673,386,385.0
2,674,386,385.47619047619025
2,675,385,385.57142857142856
2,676,385,385.3809523809523
2,677,386,385.57142857142844
2,678,386,385.95238095238085
2,679,386,386.095238095238
2,680,386,386.3809523809522
2,681,386,385.8095238095236
2,682,386,384.7619047619046
2,683,382,383.3809523809521
2,684,382,381.80952380952374
2,685,381,380.80952380952374
2,686,380,380.28571428571416
2,687,380,379.2857142857142
2,688,378,378.57142857142844
2,689,378,378.0952380952379
2,690,378,377.8095238095237
2,691,378,378.1904761904761
2,692,378,377.90476190476187
2,693,378,377.33333333333326
2,694,376,376.6666666666666
2,695,376,375.9999999999999
2,696,376,375.8571428571428
2,697,376,376.33333333333326
2,698,377,376.6666666666667
2,699,377,377.23809523809507
2,700,377,376.95238095238085
2,701,377,375.8095238095237
2,702,374,375.2857142857141
2,703,374,374.71428571428555
2,704,376,374.3809523809523
2,705,374,374.5714285714284
2,706,374,374.2857142857142
2,707,374,373.80952380952374
2,708,374,373.99999999999994
2,709,374,373.99999999999994
2,710,374,374.09523809523796
2,711,374,373.95238095238096
2,712,374,373.66666666666663
2,713,373,373.33333333333326
2,714,373,373.0476190476189
2,715,373,372.9047619047618
2,716,373,372.99999999999983
2,717,373,372.99999999999983
2,718,373,372.99999999999983
2,719,373,372.99999999999983
2,720,373,372.99999999999983
2,721,373,372.99999999999983
2,722,373,372.99999999999983
2,723,373,372.99999999999983
2,724,373,372.90476190476187
2,725,373,373.0476190476189
2,726,373,373.4285714285714
2,727,374,373.4285714285714
2,728,374,373.71428571428567
2,729,373,374.0952380952379
2,730,375,374.3809523809524
2,731,375,374.71428571428555
2,732,375,375.23809523809507
2,733,375,375.33333333333326
2,734,376,375.6666666666666
2,735,376,375.7619047619047
2,736,376,376.19047619047615
2,737,376,376.76190476190465
2,738,378,377.2857142857141
2,739,378,377.2857142857141
2,740,377,377.6666666666665
2,741,377,378.23809523809524
2,742,380,378.8095238095237
2,743,380,379.09523809523796
2,744,378,378.99999999999983
2,745,378,378.6190476190475
2,746,379,378.38095238095224
2,747,379,377.99999999999983
2,748,377,377.90476190476187
2,749,377,378.0952380952381
2,750,380,378.6190476190476
2,751,380,379.95238095238074
2,752,380,380.8571428571428
2,753,382,381.3809523809523
2,754,382,382.14285714285705
2,755,383,382.90476190476187
2,756,383,383.2857142857141
2,757,384,383.76190476190476
2,758,384,383.8571428571428
2,759,384,384.14285714285694
2,760,384,384.2380952380951
2,761,385,384.7142857142856
2,762,385,385.2857142857142
2,763,386,385.76190476190476
2,764,386,385.8571428571427
2,765,386,386.1428571428573
2,766,386,386.25714285714264
2,767,387,386.95
2,768,387,388.142857142857
2,769,387,387.47619047619037
2,770,388,387.38095238095224
2,771,388,387.95238095238085
2,772,388,388.09523809523785
2,773,388,387.9999999999999
2,774,388,387.9999999999999
2,775,388,387.90476190476176
2,776,388,388.04761904761887
2,777,388,388.33333333333314
2,778,389,388.6666666666666
2,779,389,388.8571428571427
2,780,389,389.1428571428571
2,781,389,389.3333333333331
2,782,390,389.6666666666666
2,783,390,390.047619047619
2,784,390,390.04761904761887
2,785,390,389.66666666666646
2,786,389,389.3333333333331
2,787,389,388.9523809523808
2,788,389,389.047619047619
2,789,389,389.28571428571405
2,790,390,389.33333333333326
2,791,389,389.2857142857142
2,792,389,389.14285714285705
2,793,389,388.9047619047618
2,794,389,388.99999999999983
2,795,389,388.99999999999983
2,796,389,389.0952380952381
2,797,389,388.95238095238096
2,798,389,388.6666666666666
2,799,388,388.33333333333314
2,800,388,388.14285714285705
2,801,388,387.8571428571428
2,802,388,387.76190476190476
2,803,387,387.2857142857141
2,804,387,386.6190476190474
2,805,386,386.2857142857141
2,806,386,386.4761904761903
2,807,387,386.71428571428555
2,808,387,386.52380952380946
2,809,386,385.66666666666646
2,810,384,384.7619047619046
2,811,384,384.4285714285713
2,812,385,384.4285714285714
2,813,385,384.90476190476176
2,814,384,384.2857142857141
2,815,384,383.0476190476189
2,816,381,381.90476190476176
2,817,381,381.0476190476189
2,818,381,380.7619047619047
2,819,381,381.4285714285713
2,820,382,381.6190476190475
2,821,382,381.7142857142856
2,822,381,381.38095238095246
2,823,381,380.80952380952374
2,824,380,380.19047619047603
2,825,380,379.9047619047617
2,826,379,379.14285714285705
2,827,379,378.4761904761905
2,828,377,377.52380952380946
2,829,377,376.66666666666663
2,830,376,376.1904761904762
2,831,376,376.4761904761904
2,832,377,376.7142857142858
2,833,377,376.5238095238094
2,834,376,375.5714285714284
2,835,374,374.8095238095237
2,836,374,374.7619047619047
2,837,376,375.09523809523796
2,838,376,375.5714285714284
2,839,375,375.5238095238094
2,840,375,375.0476190476189
2,841,375,374.9047619047617
2,842,375,375.0952380952379
2,843,375,374.95238095238085
2,844,375,374.6666666666665
2,845,374,374.3333333333332
2,846,374,374.14285714285717
2,847,374,373.8571428571428
2,848,374,373.66666666666663
2,849,373,373.33333333333326
2,850,373,373.0476190476189
2,851,373,372.9047619047618
2,852,373,372.99999999999983
2,853,373,372.99999999999983
2,854,373,372.99999999999983
2,855,373,372.99999999999983
2,856,373,372.99999999999983
2,857,373,372.99999999999983
2,858,373,372.99999999999983
2,859,373,372.90476190476187
2,860,373,373.0476190476189
2,861,373,373.33333333333326
2,862,374,373.66666666666663
2,863,374,373.9523809523808
2,864,374,373.52380952380935
2,865,374,374.28571428571416
2,866,374,375.9999999999999
2,867,380,378.09523809523796
2,868,380,379.6666666666666
2,869,380,380.4285714285714
2,870,379,379.2380952380952
2,871,379,378.6666666666666
2,872,377,377.4285714285714
2,873,377,375.71428571428567
2,874,374,374.99999999999983
2,875,374,375.6666666666665
2,876,378,376.2857142857141
2,877,378,376.9523809523808
2,878,376,377.14285714285705
2,879,376,376.95238095238085
2,880,378,377.047619047619
2,881,378,376.95238095238085
2,882,376,376.99999999999994
2,883,376,377.19047619047603
2,884,379,377.57142857142844
2,885,379,378.6190476190476
2,886,378,379.09523809523796
2,887,380,379.47619047619037
2,888,380,380.38095238095207
2,889,382,381.57142857142844
2,890,382,382.14285714285705
2,891,383,382.90476190476187
2,892,383,383.2857142857141
2,893,384,383.76190476190476
2,894,384,383.9523809523808
2,895,384,384.095238095238
2,896,384,383.90476190476176
2,897,384,384.04761904761875
2,898,384,384.4285714285713
2,899,385,384.61904761904754
2,900,385,384.3333333333333
2,901,384,384.7619047619047
2,902,384,384.95238095238096
2,903,387,385.1428571428568
2,904,385,385.5714285714284
2,905,385,385.6190476190476
2,906,386,385.52380952380935
2,907,386,386.095238095238
2,908,387,386.8571428571428
2,909,387,387.71428571428567
2,910,389,388.38095238095207
2,911,389,388.4761904761903
2,912,388,388.57142857142827
2,913,388,388.47619047619025
2,914,389,388.5238095238096
2,915,389,388.4285714285713
2,916,388,388.5238095238094
2,917,388,388.71428571428567
2,918,390,389.2380952380952
2,919,390,389.99999999999983
2,920,390,390.142857142857
2,921,390,389.57142857142844
2,922,389,389.38095238095224
2,923,389,389.3809523809522
2,924,390,389.57142857142844
2,925,390,389.9523809523809
2,926,390,390.095238095238
2,927,390,390.0
2,928,390,390.0
2,929,390,390.0
2,930,390,390.0
2,931,390,390.0
2,932,390,390.0
2,933,390,390.0
2,934,390,390.0
2,935,390,390.0
2,936,390,390.095238095238
2,937,390,389.9523809523809
2,938,390,389.4761904761902
2,939,389,389.42857142857133
2,940,389,389.90476190476176
2,941,391,390.142857142857
2,942,391,390.2380952380951
2,943,389,389.9523809523809
2,944,389,389.0476190476189
2,945,389,388.3809523809524
2,946,388,388.38095238095224
2,947,388,388.7619047619047
2,948,389,388.3809523809524
2,949,389,387.52380952380935
2,950,385,386.4761904761904
2,951,385,385.71428571428555
2,952,386,385.1904761904761
2,953,386,385.09523809523785
2,954,384,384.8571428571428
2,955,384,385.0476190476189
2,956,386,384.99999999999983
2,957,386,384.61904761904765
2,958,383,384.3333333333332
2,959,383,384.4285714285713
2,960,386,384.5714285714284
2,961,386,384.85714285714266
2,962,383,384.2857142857141
2,963,383,383.23809523809507
2,964,383,382.66666666666646
2,965,383,382.76190476190465
2,966,382,382.4761904761903
2,967,382,381.61904761904754
2,968,381,380.57142857142844
2,969,379,379.7142857142858
2,970,379,379.0952380952381
2,971,379,378.76190476190465
2,972,379,378.8571428571428
2,973,378,378.2380952380952
2,974,378,377.28571428571405
2,975,376,376.61904761904754
2,976,376,376.42857142857133
2,977,377,376.4761904761904
2,978,377,377.0476190476189
2,979,377,377.0476190476189
2,980,377,376.7619047619048
2,981,376,376.2857142857141
2,982,376,375.71428571428555
2,983,375,375.42857142857133
2,984,375,374.95238095238096
2,985,375,374.2380952380952
2,986,373,373.66666666666646
2,987,373,373.19047619047615
2,988,373,372.7619047619046
2,989,373,372.6666666666665
2,990,372,372.3333333333332
2,991,372,372.0476190476189
2,992,372,371.9047619047618
2,993,372,371.9999999999999
2,994,372,371.9999999999999
2,995,372,371.90476190476187
2,996,372,372.0476190476188
2,997,372,372.3333333333332
2,998,373,372.66666666666663
2,999,373,372.95238095238085
2,1000,373,373.095238095238
2,1001,373,373.095238095238
2,1002,373,372.95238095238096
2,1003,373,372.47619047619037
2,1004,372,372.42857142857133
2,1005,372,372.7142857142856
2,1006,374,373.1428571428571
2,1007,374,373.9523809523808
2,1008,374,374.42857142857116
2,1009,375,374.7142857142855
2,1010,375,375.2857142857141
2,1011,376,375.7619047619047
2,1012,376,375.7619047619047
2,1013,376,376.19047619047615
2,1014,376,376.76190476190465
2,1015,378,377.2857142857141
2,1016,378,377.47619047619037
2,1017,377,377.57142857142844
2,1018,377,377.2857142857141
2,1019,378,377.6190476190475
2,1020,378,378.190476190476
2,1021,379,378.77142857142877
2,1022,379,379.2285714285713
2,1023,380,379.9
2,1024,380,383.3333333333332
2,1025,380,380.5238095238095
2,1026,380,379.47619047619037
2,1027,381,380.6190476190476
2,1028,381,380.4285714285713
2,1029,380,380.3333333333332
2,1030,380,380.80952380952357
2,1031,382,381.7142857142856
2,1032,384,383.3333333333332
2,1033,384,384.6666666666665
2,1034,386,385.57142857142856
2,1035,386,386.2380952380953
2,1036,387,386.8571428571427
2,1037,387,386.8571428571427
2,1038,387,387.1428571428571
2,1039,387,387.23809523809507
2,1040,388,387.7142857142855
2,1041,388,388.38095238095224
2,1042,389,388.71428571428555
2,1043,389,388.71428571428567
2,1044,388,388.3809523809524
2,1045,388,387.61904761904736
2,1046,387,387.2857142857142
2,1047,387,387.38095238095235
2,1048,388,387.5714285714284
2,1049,388,387.95238095238085
2,1050,388,388.09523809523785
2,1051,388,387.9999999999999
2,1052,388,387.90476190476176
2,1053,388,388.04761904761887
2,1054,388,388.33333333333314
2,1055,389,388.6666666666666
2,1056,389,388.8571428571427
2,1057,389,389.1428571428571
2,1058,389,389.4285714285714
2,1059,390,389.6190476190473
2,1060,390,389.6190476190475
2,1061,389,389.4285714285714
2,1062,389,389.0476190476191
2,1063,389,388.9047619047618
2,1064,389,389.0952380952381
2,1065,389,388.95238095238096
2,1066,389,388.6666666666666
2,1067,388,388.4285714285713
2,1068,388,387.9999999999999
2,1069,388,388.52380952380923
2,1070,387,386.8571428571427
2,1071,387,383.71428571428544
2,1072,377,380.33333333333326
2,1073,377,377.4285714285714
2,1074,377,374.8571428571427
2,1075,376,376.76190476190465
2,1076,376,378.95238095238085
2,1077,385,382.2380952380951
2,1078,385,384.76190476190453
2,1079,386,385.5238095238095
2,1080,383,383.9523809523808
2,1081,383,383.23809523809524
2,1082,383,382.7142857142856
2,1083,383,383.0
2,1084,383,383.0
2,1085,383,383.095238095238
2,1086,383,382.9523809523809
2,1087,383,382.47619047619037
2,1088,382,382.4285714285714
2,1089,382,383.190476190476
2,1090,384,382.99999999999983
2,1091,384,382.142857142857
2,1092,379,380.9047619047618
2,1093,379,379.57142857142844
2,1094,380,379.19047619047603
2,1095,380,380.2380952380952
2,1096,380,379.95238095238074
2,1097,380,378.90476190476176
2,1098,377,378.2380952380951
2,1099,377,377.3809523809523
2,1100,378,376.8095238095237
2,1101,376,376.57142857142844
2,1102,376,375.9523809523809
2,1103,375,375.09523809523796
2,1104,375,374.71428571428567
2,1105,374,374.2380952380951
2,1106,374,374.14285714285717
2,1107,374,373.8571428571428
2,1108,374,373.57142857142856
2,1109,373,373.38095238095235
2,1110,373,373.47619047619037
2,1111,374,373.5238095238094
2,1112,374,373.6190476190475
2,1113,373,373.42857142857133
2,1114,373,373.14285714285717
2,1115,373,372.85714285714266
2,1116,373,372.57142857142856
2,1117,372,372.3809523809523
2,1118,372,372.3809523809523
2,1119,373,372.5714285714284
2,1120,373,372.8571428571429
2,1121,373,373.23809523809507
2,1122,373,373.28571428571416
2,1123,374,373.3333333333331
2,1124,373,373.28571428571416
2,1125,373,372.95238095238096
2,1126,373,372.99999999999994
2,1127,373,373.66666666666663
2,1128,375,374.33333333333326
2,1129,375,374.90476190476176
2,1130,375,375.19047619047603
2,1131,375,374.8095238095236
2,1132,375,375.0952380952381
2,1133,375,375.5714285714284
2,1134,377,376.38095238095235
2,1135,377,377.33333333333326
2,1136,378,377.80952380952374
2,1137,378,377.33333333333326
2,1138,377,377.5714285714285
2,1139,377,378.047619047619
2,1140,380,378.9047619047618
2,1141,380,379.8571428571428
2,1142,380,380.28571428571416
2,1143,380,379.80952380952374
2,1144,380,380.09523809523796
2,1145,380,380.66666666666646
2,1146,382,381.3333333333332
2,1147,382,381.9047619047618
2,1148,382,382.09523809523796
2,1149,382,382.04761904761887
2,1150,382,382.23809523809507
2,1151,383,382.71428571428555
2,1152,383,383.19047619047603
2,1153,384,383.8095238095235
2,1154,384,384.2857142857141
2,1155,385,384.76190476190476
2,1156,385,384.6666666666665
2,1157,385,385.2380952380952
2,1158,385,386.0952380952381
2,1159,388,386.9523809523808
2,1160,388,387.3333333333332
2,1161,387,387.71428571428567
2,1162,387,387.8095238095236
2,1163,389,388.190476190476
2,1164,389,388.5714285714286
2,1165,388,388.52380952380946
2,1166,388,387.95238095238085
2,1167,388,387.95238095238074
2,1168,388,388.238095238095
2,1169,389,388.71428571428567
2,1170,389,389.2857142857142
2,1171,390,389.76190476190465
2,1172,390,389.9523809523809
2,1173,390,390.095238095238
2,1174,390,390.0
2,1175,390,390.0
2,1176,390,390.0
2,1177,390,390.095238095238
2,1178,390,389.9523809523809
2,1179,390,389.66666666666646
2,1180,389,389.3333333333331
2,1181,389,389.0476190476191
2,1182,389,388.9047619047618
2,1183,389,389.0952380952381
2,1184,389,388.95238095238096
2,1185,389,388.6666666666666
2,1186,388,388.33333333333314
2,1187,388,388.14285714285705
2,1188,388,387.8571428571428
2,1189,388,387.5714285714285
2,1190,387,387.38095238095224
2,1191,387,387.47619047619037
2,1192,388,387.52380952380946
2,1193,388,387.90476190476187
2,1194,387,387.2857142857141
2,1195,387,386.04761904761904
2,1196,384,384.9047619047618
2,1197,384,384.1428571428571
2,1198,384,383.7142857142856
2,1199,384,384.19047619047603
2,1200,384,383.80952380952385
2,1201,384,383.3809523809523
2,1202,382,382.9047619047618
2,1203,383,382.8095238095236
2,1204,383,383.1904761904761
2,1205,384,383.71428571428567
2,1206,384,383.61904761904754
2,1207,383,383.42857142857133
2,1208,383,383.047619047619
2,1209,383,382.90476190476164
2,1210,383,383.095238095238
2,1211,383,382.9523809523809
2,1212,383,382.8571428571426
2,1213,382,382.23809523809524
2,1214,382,381.3809523809523
2,1215,380,380.57142857142844
2,1216,380,380.285714285714
2,1217,380,379.8095238095236
2,1218,380,379.28571428571416
2,1219,378,378.4285714285712
2,1220,377,377.3809523809522
2,1221,377,376.52380952380946
2,1222,376,376.2380952380951
2,1223,376,376.14285714285705
2,1224,376,375.8571428571427
2,1225,376,375.57142857142844
2,1226,375,375.38095238095224
2,1227,375,375.4761904761905
2,1228,376,375.52380952380946
2,1229,376,375.6190476190475
2,1230,375,375.4285714285712
2,1231,375,375.14285714285705
2,1232,375,374.8571428571428
2,1233,375,374.7619047619046
2,1234,374,374.2857142857143
2,1235,374,373.7142857142856
2,1236,373,373.2380952380951
2,1237,373,373.0476190476189
2,1238,373,372.9047619047618
2,1239,373,373.095238095238
2,1240,373,372.95238095238096
2,1241,373,372.6666666666665
2,1242,372,372.3333333333332
2,1243,372,372.0476190476189
2,1244,372,371.9047619047618
2,1245,372,371.9999999999999
2,1246,372,371.9999999999999
2,1247,372,371.9999999999999
2,1248,372,371.90476190476187
2,1249,372,372.0476190476188
2,1250,372,372.4285714285713
2,1251,373,372.61904761904754
2,1252,373,372.5238095238095
2,1253,372,372.47619047619037
2,1254,372,372.2857142857141
2,1255,373,372.6190476190475
2,1256,373,373.2857142857142
2,1257,374,373.76190476190465
2,1258,374,373.9523809523808
2,1259,374,373.99999999999994
2,1260,374,374.04761904761904
2,1261,374,374.23809523809507
2,1262,375,374.7142857142855
2,1263,375,375.190476190476
2,1264,376,375.8095238095238
2,1265,376,376.1904761904761
2,1266,377,376.80952380952374
2,1267,377,377.1904761904759
2,1268,378,377.8095238095237
2,1269,378,378.38095238095224
2,1270,379,378.7142857142855
2,1271,379,378.6190476190474
2,1272,378,378.33333333333314
2,1273,378,378.0952380952379
2,1274,378,378.14285714285705
2,1275,379,378.71428571428555
2,1276,379,379.2857142857143
2,1277,380,379.77142857142877
2,1278,380,379.9714285714284
2,1279,380,379.95
2,1280,381,384.2380952380952
2,1281,381,382.52380952380946
2,1282,384,382.09523809523796
2,1283,384,383.5238095238094
2,1284,383,383.6190476190475
2,1285,383,382.95238095238085
2,1286,383,382.95238095238085
2,1287,383,383.14285714285694
2,1288,384,383.76190476190465
2,1289,384,384.7142857142856
2,1290,386,385.3809523809523
2,1291,386,385.28571428571405
2,1292,385,385.8571428571429
2,1293,385,385.95238095238085
2,1294,388,385.9523809523808
2,1295,386,386.66666666666663
2,1296,386,387.38095238095235
2,1297,389,387.8095238095238
2,1298,389,388.76190476190453
2,1299,389,389.33333333333326
2,1300,389,389.3333333333331
2,1301,390,389.6666666666666
2,1302,390,389.9523809523809
2,1303,390,390.095238095238
2,1304,390,390.0
2,1305,390,390.0
2,1306,390,390.0
2,1307,390,390.0
2,1308,390,390.0
2,1309,390,390.0
2,1310,390,389.9047619047617
2,1311,390,390.047619047619
2,1312,390,390.4285714285714
2,1313,391,390.71428571428555
2,1314,391,390.5714285714284
2,1315,390,390.09523809523796
2,1316,389,389.3809523809522
2,1317,389,389.0476190476189
2,1318,389,388.8571428571427
2,1319,389,388.57142857142844
2,1320,388,388.38095238095224
2,1321,388,388.7619047619047
2,1322,389,388.3809523809524
2,1323,389,387.42857142857133
2,1324,385,386.5238095238094
2,1325,385,386.04761904761904
2,1326,387,385.8571428571427
2,1327,387,386.2380952380951
2,1328,385,385.85714285714283
2,1329,385,385.2857142857142
2,1330,385,384.71428571428567
2,1331,385,384.2380952380952
2,1332,383,383.7142857142856
2,1333,383,383.6190476190475
2,1334,384,383.3809523809523
2,1335,384,383.3809523809523
2,1336,382,382.7142857142856
2,1337,382,381.76190476190465
2,1338,381,381.23809523809507
2,1339,381,380.9999999999999
2,1340,381,380.6666666666667
2,1341,380,380.28571428571416
2,1342,380,379.7142857142856
2,1343,379,379.238095238095
2,1344,379,379.14285714285705
2,1345,379,378.85714285714266
2,1346,379,378.8571428571428
2,1347,378,378.2380952380952
2,1348,378,377.28571428571405
2,1349,376,376.61904761904754
2,1350,376,376.61904761904754
2,1351,377,376.38095238095224
2,1352,377,376.4761904761905
2,1353,375,375.6666666666666
2,1354,375,374.3333333333332
2,1355,373,373.52380952380946
2,1356,373,373.42857142857133
2,1357,374,373.4761904761904
2,1358,374,374.14285714285705
2,1359,374,374.0
2,1360,374,373.23809523809507
2,1361,372,372.71428571428555
2,1362,372,372.5238095238095
2,1363,373,372.4285714285713
2,1364,373,372.6190476190475
2,1365,372,372.42857142857133
2,1366,372,372.0476190476189
2,1367,372,371.9047619047618
2,1368,372,371.9999999999999
2,1369,372,371.90476190476187
2,1370,372,372.0476190476188
2,1371,372,372.4285714285713
2,1372,373,372.61904761904754
2,1373,373,372.5238095238095
2,1374,372,372.47619047619037
2,1375,372,372.47619047619025
2,1376,373,372.5238095238094
2,1377,373,372.5238095238095
2,1378,372,372.47619047619037
2,1379,372,372.3809523809523
2,1380,373,372.5714285714284
2,1381,373,372.8571428571429
2,1382,373,373.14285714285705
2,1383,373,373.23809523809507
2,1384,374,373.71428571428555
2,1385,374,374.1904761904761
2,1386,375,374.8095238095237
2,1387,375,375.0952380952379
2,1388,376,375.7619047619047
2,1389,376,376.6666666666667
2,1390,378,377.85714285714283
2,1391,379,378.5238095238094
2,1392,379,378.71428571428555
2,1393,378,378.4761904761903
2,1394,378,378.28571428571416
2,1395,379,378.6190476190475
2,1396,379,379.2857142857143
2,1397,380,379.76190476190465
2,1398,380,380.0476190476189
2,1399,380,380.047619047619
2,1400,380,379.38095238095235
2,1401,379,379.47619047619037
2,1402,379,380.2380952380951
2,1403,382,380.80952380952374
2,1404,382,381.09523809523796
2,1405,380,380.9999999999999
2,1406,380,380.42857142857144
2,1407,381,380.47619047619037
2,1408,381,380.6666666666666
2,1409,381,381.33333333333314
2,1410,381,381.9523809523808
2,1411,384,382.4761904761903
2,1412,383,383.28571428571416
2,1413,383,383.8095238095238
2,1414,385,384.33333333333326
2,1415,385,385.5714285714284
2,1416,387,386.5238095238095
2,1417,387,386.90476190476176
2,1418,387,387.190476190476
2,1419,387,386.90476190476187
2,1420,387,387.0476190476188
2,1421,387,387.3333333333332
2,1422,388,387.66666666666646
2,1423,388,387.95238095238085
2,1424,388,388.09523809523785
2,1425,388,387.90476190476176
2,1426,388,388.04761904761887
2,1427,388,388.33333333333314
2,1428,389,388.6666666666666
2,1429,389,388.9523809523808
2,1430,389,388.9999999999995
2,1431,389,389.0476190476189
2,1432,389,389.238095238095
2,1433,390,389.7142857142856
2,1434,390,390.3809523809521
2,1435,391,390.71428571428567
2,1436,391,390.5238095238093
2,1437,390,390.4761904761904
2,1438,390,390.3809523809521
2,1439,391,390.5714285714284
2,1440,391,390.95238095238085
2,1441,391,391.0952380952379
2,1442,391,391.09523809523796
2,1443,391,390.9523809523811
2,1444,391,390.6666666666665
2,1445,390,390.33333333333326
2,1446,390,390.0476190476192
2,1447,390,389.90476190476187
2,1448,390,390.095238095238
2,1449,390,389.9523809523809
2,1450,390,389.76190476190465
2,1451,389,389.2857142857142
2,1452,389,388.8095238095238
2,1453,388,388.1904761904762
2,1454,388,387.71428571428567
2,1455,387,387.23809523809507
2,1456,387,387.14285714285705
2,1457,387,386.76190476190465
2,1458,387,386.7142857142856
2,1459,386,386.7619047619047
2,1460,387,386.6666666666667
2,1461,387,386.52380952380935
2,1462,386,386.4285714285714
2,1463,386,386.14285714285705
2,1464,386,385.85714285714283
2,1465,386,385.57142857142856
2,1466,385,385.3809523809523
2,1467,385,385.47619047619037
2,1468,386,385.5238095238095
2,1469,386,385.9047619047617
2,1470,385,385.2857142857142
2,1471,385,384.0476190476189
2,1472,382,382.90476190476187
2,1473,382,382.4285714285714
2,1474,382,381.57142857142856
2,1475,382,380.99999999999983
2,1476,379,379.99999999999983
2,1477,379,379.142857142857
2,1478,379,378.7142857142856
2,1479,379,379.28571428571433
2,1480,379,378.8571428571426
2,1481,379,378.0
2,1482,376,376.99999999999994
2,1483,376,376.0476190476191
2,1484,376,375.7619047619046
2,1485,376,376.0476190476189
2,1486,377,376.8095238095238
2,1487,377,378.52380952380946
2,1488,380,378.8095238095238
2,1489,380,377.7619047619048
2,1490,374,376.33333333333314
2,1491,374,374.8095238095236
2,1492,375,373.99999999999983
2,1493,375,374.2857142857141
2,1494,373,373.7619047619047
2,1495,373,373.00000000000006
2,1496,373,372.8571428571427
2,1497,373,373.33333333333326
2,1498,374,373.66666666666663
2,1499,374,373.9523809523808
2,1500,374,374.09523809523813
2,1501,374,374.09523809523796
2,1502,374,373.95238095238096
2,1503,374,373.66666666666663
2,1504,373,373.33333333333326
2,1505,373,373.0476190476189
2,1506,373,372.99999999999994
2,1507,373,372.95238095238096
2,1508,373,372.57142857142856
2,1509,372,372.3809523809523
2,1510,372,372.1904761904761
2,1511,373,372.6666666666667
2,1512,373,373.7142857142856
2,1513,375,374.38095238095224
2,1514,375,374.38095238095224
2,1515,374,374.61904761904754
2,1516,374,374.8095238095237
2,1517,376,375.19047619047615
2,1518,376,375.2857142857141
2,1519,375,375.6666666666665
2,1520,375,376.33333333333326
2,1521,378,376.76190476190476
2,1522,378,376.47619047619037
2,1523,375,376.4761904761903
2,1524,375,376.57142857142844
2,1525,379,377.33333333333326
2,1526,379,378.19047619047603
2,1527,378,379.047619047619
2,1528,378,378.95238095238085
2,1529,381,378.6666666666667
2,1530,379,379.8095238095236
2,1531,379,381.5714285714284
2,1532,385,382.7142857142856
2,1533,385,384.31428571428575
2,1534,383,384.59999999999985
2,1535,383,382.79999999999995
2,1536,384,386.19047619047603
2,1537,384,385.0476190476189
2,1538,386,384.7142857142856
2,1539,386,385.47619047619025
2,1540,385,385.57142857142856
2,1541,385,385.47619047619037
2,1542,386,385.5238095238095
2,1543,386,385.42857142857133
2,1544,385,385.5238095238094
2,1545,385,385.99999999999983
2,1546,387,386.095238095238
2,1547,387,385.5238095238095
2,1548,384,385.5714285714284
2,1549,384,385.3809523809523
2,1550,388,385.6190476190474
2,1551,386,386.5238095238094
2,1552,386,386.71428571428555
2,1553,387,386.5238095238094
2,1554,387,387.38095238095224
2,1555,388,387.71428571428567
2,1556,388,387.52380952380946
2,1557,387,387.47619047619037
2,1558,387,387.38095238095235
2,1559,388,387.5714285714284
2,1560,388,387.8571428571428
2,1561,388,388.14285714285705
2,1562,388,388.33333333333314
2,1563,389,388.6666666666666
2,1564,389,388.9523809523808
2,1565,389,389.0952380952379
2,1566,389,388.9047619047617
2,1567,389,389.0476190476189
2,1568,389,389.4285714285714
2,1569,390,389.6190476190473
2,1570,390,389.52380952380946
2,1571,389,389.4761904761903
2,1572,389,389.47619047619037
2,1573,390,389.52380952380935
2,1574,390,389.6190476190475
2,1575,389,389.4285714285714
2,1576,389,389.0476190476191
2,1577,389,388.9047619047618
2,1578,389,388.99999999999983
2,1579,389,388.9047619047617
2,1580,389,389.0476190476189
2,1581,389,389.4285714285714
2,1582,390,389.6190476190473
2,1583,390,389.6190476190475
2,1584,389,389.4285714285714
2,1585,389,388.9523809523808
2,1586,389,388.9523809523806
2,1587,389,389.257142857143
2,1588,390,389.62857142857143
2,1589,390,390.1
3,0,389,387.95238095238085
3,1,389,388.95238095238085
3,2,389,390.5238095238095
3,3,389,388.3809523809524
3,4,389,384.8571428571428
3,5,376,380.2380952380952
3,6,376,375.8571428571427
3,7,374,373.47619047619025
3,8,374,374.5238095238095
3,9,375,374.42857142857133
3,10,375,374.6190476190476
3,11,374,374.4285714285713
3,12,374,374.04761904761904
3,13,374,373.8095238095239
3,14,374,374.04761904761904
3,15,374,374.42857142857133
3,16,375,374.6190476190476
3,17,375,374.4285714285712
3,18,374,374.5238095238096
3,19,374,374.71428571428555
3,20,376,375.23809523809507
3,21,376,375.80952380952374
3,22,376,376.2380952380953
3,23,376,376.33333333333326
3,24,377,376.6666666666667
3,25,377,376.9523809523808
3,26,377,377.095238095238
3,27,377,377.0952380952381
3,28,377,376.952380952381
3,29,377,376.57142857142844
3,30,376,376.3809523809523
3,31,376,376.3809523809523
3,32,377,376.57142857142844
3,33,377,376.9523809523808
3,34,377,376.9999999999999
3,35,377,377.04761904761915
3,36,377,377.14285714285705
3,37,378,377.76190476190465
3,38,378,378.52380952380935
3,39,380,379.4761904761904
3,40,380,380.1428571428571
3,41,381,380.9047619047618
3,42,381,381.190476190476
3,43,382,381.8095238095237
3,44,382,382.2857142857143
3,45,383,382.7619047619046
3,46,383,383.04761904761887
3,47,383,383.04761904761887
3,48,383,382.66666666666646
3,49,382,382.33333333333314
3,50,382,382.0476190476189
3,51,382,381.7142857142856
3,52,382,382.09523809523785
3,53,382,382.7619047619046
3,54,384,383.28571428571416
3,55,384,383.4761904761904
3,56,383,383.5714285714284
3,57,383,383.3809523809523
3,58,384,383.57142857142856
3,59,384,383.8571428571428
3,60,384,384.14285714285694
3,61,384,384.2380952380951
3,62,385,384.7142857142856
3,63,385,385.09523809523796
3,64,386,385.8571428571428
3,65,386,386.6190476190474
3,66,388,387.42857142857133
3,67,388,387.7142857142856
3,68,388,388.2857142857143
3,69,388,388.76190476190453
3,70,390,389.28571428571405
3,71,390,389.4761904761903
3,72,389,389.5714285714285
3,73,389,389.47619047619037
3,74,390,389.52380952380935
3,75,390,389.6190476190475
3,76,389,389.4285714285714
3,77,389,389.0476190476191
3,78,389,388.9047619047618
3,79,389,388.9047619047617
3,80,389,389.0476190476189
3,81,389,389.3333333333331
3,82,390,389.6666666666666
3,83,390,389.9523809523809
3,84,390,390.095238095238
3,85,390,390.0
3,86,390,390.0
3,87,390,390.0
3,88,390,390.095238095238
3,89,390,389.9523809523809
3,90,390,389.76190476190465
3,91,389,389.2857142857142
3,92,389,388.71428571428567
3,93,388,388.238095238095
3,94,388,388.2380952380951
3,95,388,387.80952380952374
3,96,388,387.23809523809524
3,97,386,386.90476190476187
3,98,386,386.3333333333332
3,99,387,385.9047619047618
3,100,385,385.5714285714284
3,101,385,384.8571428571428
3,102,384,384.142857142857
3,103,384,384.142857142857
3,104,384,383.85714285714266
3,105,384,383.8571428571427
3,106,383,383.23809523809507
3,107,383,382.47619047619025
3,108,381,381.5238095238095
3,109,381,380.76190476190465
3,110,380,380.1428571428571
3,111,380,380.2380952380951
3,112,380,379.8095238095237
3,113,380,379.33333333333326
3,114,378,378.66666666666646
3,115,378,378.19047619047603
3,116,378,377.7619047619047
3,117,378,377.6666666666665
3,118,377,377.33333333333326
3,119,377,377.1428571428571
3,120,377,376.8571428571427
3,121,377,376.7619047619048
3,122,376,376.2857142857141
3,123,376,375.71428571428555
3,124,375,375.33333333333326
3,125,375,374.99999999999994
3,126,375,374.66666666666646
3,127,374,374.2857142857143
3,128,374,373.61904761904754
3,129,373,373.2857142857144
3,130,373,373.47619047619037
3,131,374,373.5238095238094
3,132,374,373.6190476190475
3,133,373,373.42857142857133
3,134,373,373.14285714285717
3,135,373,372.85714285714266
3,136,373,372.57142857142856
3,137,372,372.3809523809523
3,138,372,372.47619047619025
3,139,373,372.5238095238094
3,140,373,372.5238095238095
3,141,372,372.47619047619037
3,142,372,372.3809523809523
3,143,373,372.5714285714284
3,144,373,373.04761904761904
3,145,373,372.95238095238085
3,146,373,372.7142857142856
3,147,372,372.6666666666665
3,148,373,372.7142857142856
3,149,373,372.95238095238085
3,150,373,373.04761904761887
3,151,373,372.6666666666665
3,152,372,372.3333333333332
3,153,372,371.95238095238085
3,154,372,371.9523809523808
3,155,372,372.3333333333332
3,156,373,372.66666666666663
3,157,373,373.04761904761904
3,158,373,373.04761904761887
3,159,373,372.57142857142856
3,160,372,372.3809523809523
3,161,372,372.1904761904761
3,162,373,372.6666666666667
3,163,373,373.6190476190474
3,164,375,374.3333333333332
3,165,375,374.95238095238085
3,166,375,375.42857142857133
3,167,376,375.7142857142855
3,168,376,376.2857142857143
3,169,377,376.76190476190476
3,170,377,377.0476190476189
3,171,377,377.0476190476189
3,172,377,376.38095238095224
3,173,376,376.4761904761903
3,174,376,377.14285714285705
3,175,379,377.8571428571427
3,176,379,378.5238095238094
3,177,378,378.6190476190474
3,178,378,378.04761904761887
3,179,378,377.90476190476176
3,180,378,377.80952380952374
3,181,378,378.0952380952381
3,182,378,378.76190476190453
3,183,380,379.2857142857142
3,184,380,379.3809523809523
3,185,379,379.6190476190476
3,186,379,379.52380952380935
3,187,381,380.4285714285714
3,188,381,381.52380952380935
3,189,383,381.9999999999999
3,190,382,382.3333333333332
3,191,382,382.8095238095236
3,192,384,383.2857142857142
3,193,384,384.23809523809507
3,194,385,384.85714285714266
3,195,385,384.9523809523808
3,196,385,385.095238095238
3,197,385,384.80952380952374
3,198,385,385.0952380952379
3,199,385,385.8571428571427
3,200,387,386.2380952380951
3,201,387,386.04761904761904
3,202,385,385.95238095238085
3,203,385,385.7619047619046
3,204,387,386.14285714285705
3,205,387,386.90476190476176
3,206,387,387.190476190476
3,207,387,386.9999999999999
3,208,387,386.90476190476187
3,209,387,387.0476190476188
3,210,387,387.42857142857133
3,211,388,387.61904761904736
3,212,388,387.52380952380946
3,213,387,387.47619047619037
3,214,387,387.38095238095235
3,215,388,387.5714285714284
3,216,388,387.8571428571428
3,217,388,388.14285714285705
3,218,388,388.33333333333314
3,219,389,388.6666666666666
3,220,389,388.9523809523808
3,221,389,389.0952380952379
3,222,389,388.9047619047617
3,223,389,389.0476190476189
3,224,389,389.4285714285714
3,225,390,389.6190476190473
3,226,390,389.52380952380946
3,227,389,389.4761904761903
3,228,389,389.3809523809522
3,229,390,389.57142857142844
3,230,390,389.9523809523809
3,231,390,390.095238095238
3,232,390,390.0
3,233,390,390.0
3,234,390,390.0
3,235,390,390.095238095238
3,236,390,389.9523809523809
3,237,390,389.57142857142844
3,238,389,389.38095238095224
3,239,389,389.3809523809522
3,240,390,389.57142857142844
3,241,390,390.047619047619
3,242,390,390.04761904761887
3,243,390,389.66666666666646
3,244,389,389.3333333333331
3,245,389,389.0476190476191
3,246,389,388.9047619047618
3,247,389,389.0952380952381
3,248,389,388.95238095238096
3,249,389,388.6666666666666
3,250,388,388.33333333333314
3,251,388,389.2857142857142
3,252,388,387.2857142857142
3,253,388,384.657142857143
3,254,375,379.8285714285714
3,255,375,373.69999999999976
3,256,375,378.09523809523796
3,257,376,376.7142857142855
3,258,376,377.90476190476176
3,259,385,382.09523809523813
3,260,385,384.76190476190465
3,261,385,385.76190476190465
3,262,385,384.2380952380952
3,263,383,383.7142857142856
3,264,383,383.71428571428544
3,265,384,383.3333333333332
3,266,384,382.8571428571428
3,267,381,382.14285714285694
3,268,381,381.3809523809523
3,269,382,381.4285714285713
3,270,382,382.3809523809523
3,271,383,383.095238095238
3,272,383,382.4285714285713
3,273,382,380.99999999999983
3,274,378,379.4285714285712
3,275,378,378.52380952380946
3,276,379,378.238095238095
3,277,379,378.90476190476187
3,278,378,378.28571428571416
3,279,378,376.9523809523808
3,280,375,375.95238095238085
3,281,375,375.4761904761903
3,282,376,375.38095238095235
3,283,376,376.14285714285694
3,284,376,375.9999999999999
3,285,376,375.23809523809507
3,286,374,374.71428571428567
3,287,374,374.42857142857133
3,288,375,374.4761904761905
3,289,375,375.142857142857
3,290,375,374.99999999999994
3,291,375,374.3333333333332
3,292,373,373.66666666666646
3,293,373,373.095238095238
3,294,373,372.9047619047617
3,295,373,372.95238095238096
3,296,373,372.6666666666665
3,297,372,372.3333333333332
3,298,372,372.0476190476189
3,299,372,371.9047619047618
3,300,372,371.9999999999999
3,301,372,371.9999999999999
3,302,372,371.9999999999999
3,303,372,371.9999999999999
3,304,372,371.9999999999999
3,305,372,371.9999999999999
3,306,372,371.9999999999999
3,307,372,371.9999999999999
3,308,372,371.9999999999999
3,309,372,371.9999999999999
3,310,372,371.90476190476187
3,311,372,372.0476190476188
3,312,372,372.3333333333332
3,313,373,372.4761904761905
3,314,373,373.047619047619
3,315,373,373.85714285714283
3,316,375,374.28571428571416
3,317,375,374.5714285714284
3,318,374,374.5238095238094
3,319,374,373.8571428571427
3,320,374,373.99999999999994
3,321,374,374.6666666666665
3,322,376,375.33333333333326
3,323,376,375.9047619047619
3,324,376,376.1904761904761
3,325,376,376.0952380952381
3,326,376,375.95238095238085
3,327,376,375.2857142857142
3,328,375,375.52380952380946
3,329,375,376.4761904761903
3,330,379,377.52380952380946
3,331,379,378.19047619047603
3,332,378,378.8571428571427
3,333,378,379.047619047619
3,334,381,379.90476190476187
3,335,381,380.8571428571428
3,336,381,381.28571428571416
3,337,381,380.90476190476176
3,338,381,380.85714285714266
3,339,381,381.4285714285714
3,340,382,382.6190476190475
3,341,384,383.14285714285705
3,342,384,382.8095238095237
3,343,381,382.2857142857142
3,344,381,381.80952380952374
3,345,383,382.0476190476189
3,346,383,382.9047619047618
3,347,383,383.1904761904761
3,348,383,382.9047619047618
3,349,383,383.0476190476188
3,350,383,383.238095238095
3,351,384,383.7142857142856
3,352,384,384.1904761904761
3,353,385,384.80952380952374
3,354,385,385.38095238095235
3,355,386,385.71428571428555
3,356,386,385.42857142857133
3,357,385,385.5238095238094
3,358,385,385.7142857142856
3,359,387,386.23809523809507
3,360,387,386.90476190476176
3,361,387,386.99999999999994
3,362,387,387.0952380952379
3,363,387,387.66666666666663
3,364,389,388.33333333333314
3,365,389,388.8095238095236
3,366,389,389.2380952380952
3,367,389,389.4285714285714
3,368,390,389.6190476190473
3,369,390,389.52380952380946
3,370,389,389.4761904761903
3,371,389,389.47619047619037
3,372,390,389.52380952380935
3,373,390,389.52380952380946
3,374,389,389.4761904761903
3,375,389,389.3809523809522
3,376,390,389.57142857142844
3,377,390,389.8571428571428
3,378,390,390.142857142857
3,379,390,390.4285714285714
3,380,391,390.61904761904725
3,381,391,390.6190476190476
3,382,390,390.5238095238095
3,383,390,390.0
3,384,390,389.76190476190465
3,385,389,389.2380952380952
3,386,389,388.3809523809523
3,387,387,387.5714285714285
3,388,387,387.09523809523796
3,389,387,386.80952380952374
3,390,387,386.9999999999999
3,391,387,386.9999999999999
3,392,387,386.90476190476187
3,393,387,387.0476190476188
3,394,387,387.23809523809507
3,395,388,387.7142857142855
3,396,388,388.1904761904762
3,397,389,388.8095238095236
3,398,389,389.1904761904762
3,399,390,389.80952380952374
3,400,390,390.19047619047603
3,401,391,390.8095238095235
3,402,391,391.4761904761903
3,403,392,391.66666666666663
3,404,392,390.99999999999994
3,405,390,390.9047619047618
3,406,390,391.28571428571416
3,407,393,391.71428571428555
3,408,393,392.2857142857143
3,409,391,391.9047619047619
3,410,391,390.6666666666667
3,411,390,390.19047619047603
3,412,390,390.9523809523811
3,413,391,390.3809523809523
3,414,391,388.9047619047618
3,415,385,386.95238095238085
3,416,384,384.5238095238094
3,417,384,383.09523809523796
3,418,382,382.4285714285714
3,419,382,380.9047619047618
3,420,379,379.9047619047617
3,421,379,379.99999999999994
3,422,381,379.9523809523809
3,423,381,380.33333333333326
3,424,379,379.8095238095236
3,425,379,378.7619047619046
3,426,378,378.14285714285717
3,427,378,378.142857142857
3,428,378,377.8571428571427
3,429,378,377.6666666666665
3,430,377,377.33333333333326
3,431,377,377.1428571428571
3,432,377,376.7619047619046
3,433,377,376.71428571428567
3,434,376,376.8571428571427
3,435,377,376.6190476190476
3,436,377,376.19047619047603
3,437,375,375.76190476190465
3,438,375,375.09523809523796
3,439,375,374.8095238095236
3,440,375,374.99999999999983
3,441,375,374.99999999999983
3,442,375,375.0952380952379
3,443,375,374.95238095238085
3,444,375,374.6666666666665
3,445,374,374.3333333333332
3,446,374,374.04761904761904
3,447,374,373.9047619047618
3,448,374,374.09523809523796
3,449,374,373.95238095238096
3,450,374,373.76190476190476
3,451,373,373.2857142857142
3,452,373,372.7142857142856
3,453,372,372.2380952380952
3,454,372,372.0476190476189
3,455,372,371.9047619047618
3,456,372,371.3333333333333
3,457,372,372.33333333333326
3,458,372,374.3333333333332
3,459,379,376.6666666666666
3,460,379,378.6666666666666
3,461,379,380.0476190476188
3,462,379,378.8095238095236
3,463,379,377.95238095238074
3,464,375,376.19047619047603
3,465,375,374.19047619047615
3,466,372,372.6190476190475
3,467,372,372.0476190476189
3,468,372,371.7619047619047
3,469,372,372.3333333333332
3,470,373,372.66666666666663
3,471,373,372.95238095238085
3,472,373,373.095238095238
3,473,373,372.90476190476187
3,474,373,373.0476190476189
3,475,373,373.33333333333326
3,476,374,373.4761904761904
3,477,374,374.04761904761887
3,478,374,374.5714285714285
3,479,376,375.42857142857133
3,480,376,376.4761904761903
3,481,378,377.57142857142844
3,482,378,378.23809523809507
3,483,379,378.85714285714266
3,484,379,378.76190476190465
3,485,379,379.19047619047586
3,486,379,379.7619047619046
3,487,381,380.285714285714
3,488,381,380.4761904761903
3,489,380,380.5714285714284
3,490,380,380.28571428571416
3,491,381,380.6190476190475
3,492,381,381.190476190476
3,493,382,381.8095238095237
3,494,382,382.2857142857143
3,495,383,382.7619047619046
3,496,383,382.76190476190465
3,497,383,383.19047619047603
3,498,383,383.6666666666665
3,499,385,384.14285714285705
3,500,385,385.0
3,501,385,385.85714285714266
3,502,387,386.3333333333332
3,503,387,386.8095238095237
3,504,387,387.23809523809524
3,505,387,387.23809523809507
3,506,388,387.7142857142855
3,507,388,388.2857142857141
3,508,389,388.76190476190453
3,509,389,388.97142857142865
3,510,389,389.142857142857
3,511,389,389.0
3,512,389,387.95238095238085
3,513,389,388.85714285714266
3,514,389,389.33333333333326
3,515,389,389.3333333333331
3,516,390,389.6666666666666
3,517,390,389.9523809523809
3,518,390,390.095238095238
3,519,390,390.0
3,520,390,390.095238095238
3,521,390,389.9523809523809
3,522,390,389.57142857142844
3,523,389,389.38095238095224
3,524,389,389.28571428571405
3,525,390,389.6190476190474
3,526,390,390.3809523809521
3,527,391,390.71428571428567
3,528,391,390.6190476190476
3,529,390,390.4285714285714
3,530,390,390.0476190476192
3,531,390,389.90476190476187
3,532,390,390.0
3,533,390,390.0
3,534,390,390.095238095238
3,535,390,389.9523809523809
3,536,390,389.76190476190465
3,537,389,389.2857142857142
3,538,389,388.71428571428567
3,539,388,388.33333333333326
3,540,388,387.9999999999999
3,541,388,387.47619047619037
3,542,387,387.38095238095224
3,543,387,387.47619047619037
3,544,388,387.52380952380946
3,545,388,387.8095238095236
3,546,387,387.33333333333326
3,547,387,386.3809523809523
3,548,385,385.5714285714285
3,549,385,385.19047619047615
3,550,385,384.7619047619046
3,551,385,384.85714285714266
3,552,384,384.23809523809507
3,553,384,383.47619047619025
3,554,382,382.52380952380946
3,555,382,381.85714285714283
3,556,381,381.2857142857142
3,557,381,380.6190476190476
3,558,380,379.6666666666666
3,559,378,378.6666666666666
3,560,378,377.76190476190465
3,561,377,377.0952380952379
3,562,377,376.8095238095236
3,563,376,376.1904761904761
3,564,376,375.8095238095237
3,565,375,375.19047619047603
3,566,375,374.71428571428567
3,567,374,374.2380952380951
3,568,374,373.9523809523808
3,569,374,373.9523809523808
3,570,374,374.5238095238093
3,571,375,374.5714285714286
3,572,375,374.1904761904761
3,573,373,373.80952380952374
3,574,373,373.52380952380946
3,575,374,373.4285714285713
3,576,374,373.6190476190475
3,577,373,373.42857142857133
3,578,373,373.0476190476189
3,579,373,372.99999999999994
3,580,373,372.95238095238096
3,581,373,372.57142857142856
3,582,372,372.3809523809523
3,583,372,372.3809523809523
3,584,373,372.5714285714284
3,585,373,373.04761904761904
3,586,373,373.04761904761887
3,587,373,372.57142857142856
3,588,372,372.3809523809523
3,589,372,372.47619047619025
3,590,373,372.5238095238094
3,591,373,372.6190476190475
3,592,372,372.42857142857133
3,593,372,371.95238095238085
3,594,372,371.9523809523808
3,595,372,372.4285714285713
3,596,373,372.4285714285714
3,597,373,372.71428571428567
3,598,372,373.1904761904761
3,599,374,373.33333333333326
3,600,374,373.38095238095235
3,601,373,373.5714285714285
3,602,373,373.28571428571416
3,603,374,373.6190476190475
3,604,374,374.28571428571416
3,605,375,374.76190476190465
3,606,375,374.85714285714283
3,607,375,375.14285714285705
3,608,375,375.33333333333326
3,609,376,375.6666666666666
3,610,376,375.95238095238085
3,611,376,376.09523809523796
3,612,376,375.9047619047618
3,613,376,376.0476190476189
3,614,376,376.2380952380951
3,615,377,376.71428571428555
3,616,377,377.1904761904759
3,617,378,377.6190476190475
3,618,378,378.3809523809522
3,619,379,379.23809523809507
3,620,381,380.3809523809522
3,621,381,381.5714285714285
3,622,383,382.5714285714284
3,623,383,383.23809523809524
3,624,384,383.85714285714266
3,625,384,383.6666666666666
3,626,384,384.23809523809507
3,627,384,384.99999999999983
3,628,387,385.99999999999983
3,629,387,386.7619047619046
3,630,387,387.3333333333332
3,631,387,387.3333333333332
3,632,388,387.66666666666646
3,633,388,387.8571428571428
3,634,388,388.14285714285705
3,635,388,388.33333333333314
3,636,389,388.6666666666666
3,637,389,388.8571428571427
3,638,389,389.1428571428571
3,639,389,389.3333333333331
3,640,390,389.6666666666666
3,641,390,390.047619047619
3,642,390,390.04761904761887
3,643,390,389.66666666666646
3,644,389,389.3333333333331
3,645,389,389.0476190476191
3,646,389,388.9047619047618
3,647,389,388.99999999999983
3,648,389,388.9047619047617
3,649,389,389.0476190476189
3,650,389,389.4285714285714
3,651,390,389.6190476190473
3,652,390,389.7142857142856
3,653,389,389.38095238095224
3,654,389,388.71428571428567
3,655,388,388.238095238095
3,656,388,387.95238095238085
3,657,388,387.95238095238074
3,658,388,388.33333333333314
3,659,389,388.6666666666666
3,660,389,388.9523809523808
3,661,389,390.4285714285714
3,662,389,388.2380952380951
3,663,389,384.3809523809522
3,664,375,379.9999999999999
3,665,376,375.38095238095224
3,666,376,375.09523809523796
3,667,376,379.52380952380946
3,668,386,382.61904761904754
3,669,386,385.57142857142856
3,670,385,386.095238095238
3,671,385,383.8095238095237
3,672,381,382.1904761904761
3,673,381,380.6666666666666
3,674,380,380.04761904761887
3,675,380,380.8095238095237
3,676,382,381.1904761904761
3,677,382,381.4761904761904
3,678,381,381.5714285714284
3,679,381,381.5714285714285
3,680,382,381.4761904761904
3,681,382,381.47619047619037
3,682,380,380.3809523809521
3,683,380,379.57142857142856
3,684,378,379.57142857142844
3,685,381,380.047619047619
3,686,381,380.6190476190474
3,687,380,380.4761904761902
3,688,380,379.047619047619
3,689,377,377.9047619047618
3,690,377,377.4285714285714
3,691,377,376.5714285714286
3,692,377,376.09523809523796
3,693,374,374.9523809523808
3,694,374,373.71428571428555
3,695,373,373.09523809523785
3,696,373,373.5714285714285
3,697,374,373.47619047619037
3,698,374,373.2857142857141
3,699,372,372.76190476190465
3,700,372,372.09523809523785
3,701,372,371.7142857142856
3,702,372,372.0476190476188
3,703,372,372.3333333333332
3,704,373,372.66666666666663
3,705,373,372.95238095238085
3,706,373,373.095238095238
3,707,373,373.095238095238
3,708,373,372.95238095238096
3,709,373,372.57142857142856
3,710,372,372.3809523809523
3,711,372,372.3809523809523
3,712,373,372.4761904761905
3,713,373,372.99999999999994
3,714,373,373.42857142857133
3,715,374,373.4761904761904
3,716,374,374.04761904761887
3,717,374,374.76190476190465
3,718,376,375.33333333333326
3,719,376,375.99999999999994
3,720,376,376.14285714285705
3,721,376,375.4761904761903
3,722,375,375.42857142857133
3,723,375,375.8095238095237
3,724,377,376.1904761904761
3,725,377,376.4761904761904
3,726,376,376.5714285714284
3,727,376,376.2857142857141
3,728,377,376.6190476190475
3,729,377,376.9047619047619
3,730,378,377.9523809523808
3,731,378,379.38095238095235
3,732,382,380.7142857142857
3,733,382,381.38095238095224
3,734,381,381.76190476190476
3,735,381,381.28571428571416
3,736,382,381.4285714285712
3,737,382,382.3809523809522
3,738,383,383.6190476190476
3,739,385,384.19047619047603
3,740,385,384.1428571428571
3,741,383,383.9523809523808
3,742,383,383.76190476190465
3,743,385,384.142857142857
3,744,385,384.9047619047618
3,745,385,385.19047619047615
3,746,385,384.9999999999999
3,747,385,384.9999999999999
3,748,385,384.7142857142855
3,749,385,385.14285714285705
3,750,385,385.99999999999994
3,751,388,386.9999999999998
3,752,388,387.7619047619046
3,753,388,388.33333333333314
3,754,388,388.33333333333314
3,755,389,388.5714285714284
3,756,389,388.99999999999983
3,757,389,389.4285714285714
3,758,390,389.6666666666666
3,759,390,389.9523809523809
3,760,390,390.095238095238
3,761,390,390.095238095238
3,762,390,389.9523809523809
3,763,390,389.66666666666646
3,764,389,389.3333333333331
3,765,389,389.0285714285715
3,766,389,388.8571428571428
3,767,389,389.0
3,768,390,388.5714285714286
3,769,390,389.57142857142844
3,770,389,389.7142857142856
3,771,389,389.0476190476191
3,772,389,388.9047619047618
3,773,389,389.0952380952381
3,774,389,388.95238095238096
3,775,389,388.6666666666666
3,776,388,388.33333333333314
3,777,388,387.95238095238085
3,778,388,388.0476190476189
3,779,388,388.2857142857141
3,780,389,388.33333333333326
3,781,388,388.2857142857143
3,782,388,388.14285714285705
3,783,388,387.90476190476176
3,784,388,388.0952380952379
3,785,388,387.952380952381
3,786,388,387.66666666666663
3,787,387,387.3333333333332
3,788,387,387.23809523809496
3,789,387,386.80952380952357
3,790,387,386.4285714285714
3,791,385,385.6190476190475
3,792,385,384.7619047619046
3,793,384,384.142857142857
3,794,384,384.0476190476189
3,795,384,384.19047619047615
3,796,384,383.85714285714266
3,797,384,382.8095238095237
3,798,381,382.09523809523796
3,799,381,381.9999999999999
3,800,383,381.9523809523808
3,801,383,382.23809523809507
3,802,381,381.85714285714283
3,803,381,381.38095238095224
3,804,381,380.66666666666663
3,805,381,379.71428571428555
3,806,378,379.14285714285705
3,807,378,379.3333333333332
3,808,381,379.6190476190475
3,809,381,380.3809523809523
3,810,379,379.8571428571427
3,811,379,378.52380952380935
3,812,377,377.4285714285714
3,813,377,376.8571428571428
3,814,376,376.0952380952379
3,815,376,375.8095238095237
3,816,375,375.2857142857141
3,817,375,374.66666666666646
3,818,374,373.9047619047618
3,819,373,373.2857142857142
3,820,373,373.19047619047615
3,821,373,373.142857142857
3,822,374,372.90476190476187
3,823,372,372.6666666666666
3,824,372,372.5238095238095
3,825,373,372.47619047619025
3,826,373,372.95238095238085
3,827,373,373.095238095238
3,828,373,372.99999999999983
3,829,373,372.99999999999983
3,830,373,373.095238095238
3,831,373,372.95238095238096
3,832,373,372.57142857142856
3,833,372,372.3809523809523
3,834,372,372.47619047619025
3,835,373,372.5238095238094
3,836,373,372.6190476190475
3,837,372,372.42857142857133
3,838,372,372.0476190476189
3,839,372,371.8095238095238
3,840,372,372.0476190476188
3,841,372,372.4285714285713
3,842,373,372.61904761904754
3,843,373,372.6190476190475
3,844,372,372.42857142857133
3,845,372,372.0476190476189
3,846,372,371.9047619047618
3,847,372,371.9999999999999
3,848,372,371.9999999999999
3,849,372,371.90476190476187
3,850,372,372.0476190476188
3,851,372,372.2380952380952
3,852,373,372.7142857142856
3,853,373,373.2857142857142
3,854,374,373.76190476190465
3,855,374,373.9523809523808
3,856,374,374.09523809523813
3,857,374,373.80952380952357
3,858,374,374.095238095238
3,859,374,374.6666666666665
3,860,376,375.33333333333326
3,861,376,375.99999999999994
3,862,376,376.14285714285705
3,863,376,375.57142857142844
3,864,375,375.38095238095224
3,865,375,374.99999999999994
3,866,376,375.7619047619046
3,867,376,377.1904761904761
3,868,380,378.8095238095237
3,869,380,380.1428571428571
3,870,381,381.33333333333326
3,871,381,380.80952380952357
3,872,381,380.0952380952381
3,873,378,378.7142857142856
3,874,378,378.28571428571416
3,875,378,378.8095238095236
3,876,381,379.95238095238074
3,877,381,380.52380952380946
3,878,380,380.61904761904765
3,879,380,379.8571428571428
3,880,380,379.9999999999999
3,881,380,380.5714285714283
3,882,382,381.3809523809523
3,883,382,382.0476190476189
3,884,383,382.95238095238085
3,885,383,383.8095238095238
3,886,385,384.33333333333326
3,887,385,383.9523809523808
3,888,383,383.9999999999999
3,889,383,384.19047619047615
3,890,386,384.7619047619047
3,891,386,385.5238095238094
3,892,385,385.61904761904754
3,893,385,384.8571428571427
3,894,385,384.8095238095237
3,895,385,385.7619047619047
3,896,387,387.0952380952379
3,897,389,388.190476190476
3,898,389,388.76190476190453
3,899,388,388.52380952380946
3,900,388,387.95238095238085
3,901,388,387.95238095238074
3,902,388,388.33333333333314
3,903,389,388.6666666666666
3,904,389,388.8571428571427
3,905,389,389.1428571428571
3,906,389,389.238095238095
3,907,390,389.7142857142856
3,908,390,390.3809523809521
3,909,391,390.71428571428567
3,910,391,390.6190476190476
3,911,390,390.33333333333326
3,912,390,390.095238095238
3,913,390,390.23809523809496
3,914,391,390.6666666666665
3,915,391,390.95238095238085
3,916,391,391.0952380952379
3,917,391,390.99999999999994
3,918,391,390.99999999999994
3,919,391,390.99999999999994
3,920,391,390.99999999999994
3,921,391,391.09523809523796
3,922,391,390.9523809523811
3,923,391,390.4761904761904
3,924,390,390.4285714285714
3,925,390,390.9047619047619
3,926,392,391.14285714285694
3,927,392,391.14285714285705
3,928,390,390.9047619047618
3,929,390,390.5238095238093
3,930,391,390.4285714285714
3,931,391,390.6190476190476
3,932,390,390.4285714285714
3,933,390,390.142857142857
3,934,390,389.8571428571429
3,935,390,389.66666666666646
3,936,389,389.52380952380946
3,937,389,388.9523809523808
3,938,389,388.4285714285713
3,939,387,387.5714285714284
3,940,387,386.1428571428571
3,941,385,385.61904761904754
3,942,385,386.3809523809522
3,943,388,386.66666666666663
3,944,388,386.7619047619046
3,945,385,386.33333333333326
3,946,385,385.7619047619047
3,947,386,385.2380952380952
3,948,386,384.8571428571428
3,949,383,384.142857142857
3,950,383,383.76190476190465
3,951,384,383.2380952380952
3,952,384,382.76190476190453
3,953,381,382.4761904761904
3,954,381,381.6666666666665
3,955,383,381.1428571428569
3,956,380,380.85714285714266
3,957,380,379.9999999999999
3,958,379,379.04761904761887
3,959,379,379.04761904761887
3,960,379,378.90476190476176
3,961,379,379.28571428571433
3,962,379,378.8571428571426
3,963,379,378.0
3,964,376,376.99999999999994
3,965,376,376.2380952380951
3,966,376,375.6666666666666
3,967,376,375.7619047619048
3,968,375,375.2857142857142
3,969,375,374.71428571428567
3,970,374,374.2380952380951
3,971,374,374.14285714285717
3,972,374,373.8571428571428
3,973,374,373.76190476190476
3,974,373,373.2857142857142
3,975,373,372.7142857142856
3,976,372,372.2380952380952
3,977,372,372.0476190476189
3,978,372,371.9047619047618
3,979,372,371.9999999999999
3,980,372,371.9999999999999
3,981,372,371.9999999999999
3,982,372,371.9999999999999
3,983,372,371.9999999999999
3,984,372,371.90476190476187
3,985,372,372.0476190476188
3,986,372,372.3333333333332
3,987,373,372.66666666666663
3,988,373,372.76190476190465
3,989,373,373.19047619047603
3,990,373,373.66666666666663
3,991,375,374.33333333333326
3,992,375,374.7142857142856
3,993,375,375.2857142857141
3,994,375,375.6666666666665
3,995,377,376.2380952380951
3,996,377,376.9523809523808
3,997,377,377.4285714285714
3,998,378,377.7142857142856
3,999,378,378.2857142857143
3,1000,379,378.76190476190465
3,1001,379,378.85714285714266
3,1002,379,379.14285714285705
3,1003,379,379.14285714285705
3,1004,380,379.7619047619047
3,1005,380,380.52380952380946
3,1006,382,381.47619047619037
3,1007,382,382.23809523809507
3,1008,383,382.85714285714266
3,1009,383,382.85714285714266
3,1010,383,383.1428571428569
3,1011,383,383.14285714285694
3,1012,384,383.76190476190465
3,1013,384,384.7142857142856
3,1014,386,385.3809523809523
3,1015,386,385.47619047619025
3,1016,385,385.57142857142856
3,1017,385,385.190476190476
3,1018,386,385.6666666666664
3,1019,386,386.6190476190474
3,1020,388,387.42857142857133
3,1021,388,387.9428571428573
3,1022,388,388.2857142857141
3,1023,388,387.9999999999998
3,1024,388,387.61904761904736
3,1025,389,388.6666666666666
3,1026,389,389.1428571428569
3,1027,389,389.0952380952379
3,1028,389,388.9047619047617
3,1029,389,389.0476190476189
3,1030,389,389.3333333333331
3,1031,390,389.6666666666666
3,1032,390,389.9523809523809
3,1033,390,390.095238095238
3,1034,390,389.9047619047617
3,1035,390,390.047619047619
3,1036,390,390.33333333333326
3,1037,391,390.6666666666665
3,1038,391,390.95238095238085
3,1039,391,391.0952380952379
3,1040,391,391.09523809523796
3,1041,391,390.9523809523811
3,1042,391,390.6666666666665
3,1043,390,390.33333333333326
3,1044,390,390.0476190476192
3,1045,390,389.90476190476187
3,1046,390,390.0
3,1047,390,390.19047619047603
3,1048,390,389.90476190476187
3,1049,390,389.1428571428571
3,1050,388,388.7619047619047
3,1051,388,388.9523809523808
3,1052,390,389.0476190476189
3,1053,390,389.2380952380952
3,1054,388,388.85714285714283
3,1055,388,388.19047619047615
3,1056,388,387.76190476190476
3,1057,388,387.76190476190476
3,1058,387,387.2857142857141
3,1059,387,386.7142857142856
3,1060,386,386.2380952380951
3,1061,386,386.04761904761904
3,1062,386,385.90476190476164
3,1063,386,385.99999999999994
3,1064,386,386.09523809523796
3,1065,386,385.9523809523808
3,1066,386,385.6666666666666
3,1067,385,385.3333333333332
3,1068,385,385.0476190476189
3,1069,385,384.9047619047618
3,1070,385,385.6666666666665
3,1071,385,384.6666666666665
3,1072,385,382.66666666666646
3,1073,378,380.2380952380951
3,1074,378,378.38095238095224
3,1075,378,377.38095238095224
3,1076,379,378.8095238095236
3,1077,379,380.2380952380952
3,1078,382,380.9523809523809
3,1079,382,380.952380952381
3,1080,379,380.2380952380952
3,1081,379,378.8095238095237
3,1082,378,378.047619047619
3,1083,378,378.142857142857
3,1084,378,377.8571428571427
3,1085,378,377.57142857142827
3,1086,377,377.3809523809523
3,1087,377,377.5714285714283
3,1088,378,377.47619047619037
3,1089,378,377.19047619047603
3,1090,376,376.8095238095236
3,1091,376,376.80952380952357
3,1092,377,376.2857142857142
3,1093,377,375.52380952380946
3,1094,373,374.4761904761903
3,1095,373,373.5238095238094
3,1096,374,373.3809523809523
3,1097,374,373.90476190476187
3,1098,374,373.7619047619046
3,1099,373,373.33333333333326
3,1100,373,373.14285714285717
3,1101,373,372.85714285714266
3,1102,373,372.57142857142856
3,1103,372,372.3809523809523
3,1104,372,372.47619047619025
3,1105,373,372.5238095238094
3,1106,373,372.6190476190475
3,1107,372,372.42857142857133
3,1108,372,372.0476190476189
3,1109,372,371.9047619047618
3,1110,372,371.80952380952374
3,1111,372,372.0952380952379
3,1112,372,372.8571428571428
3,1113,374,373.0476190476188
3,1114,374,373.33333333333326
3,1115,372,373.5238095238095
3,1116,374,373.4285714285714
3,1117,374,373.7142857142856
3,1118,374,374.19047619047615
3,1119,374,373.99999999999994
3,1120,374,373.99999999999994
3,1121,374,373.9047619047618
3,1122,374,374.04761904761904
3,1123,374,374.23809523809507
3,1124,375,374.7142857142855
3,1125,375,375.190476190476
3,1126,376,375.8095238095238
3,1127,376,376.1904761904761
3,1128,377,376.80952380952374
3,1129,377,377.1904761904759
3,1130,378,377.8095238095237
3,1131,378,378.190476190476
3,1132,379,378.71428571428555
3,1133,379,379.33333333333314
3,1134,380,379.9999999999999
3,1135,381,380.66666666666663
3,1136,381,381.57142857142844
3,1137,382,381.66666666666663
3,1138,382,380.9999999999999
3,1139,380,380.90476190476176
3,1140,380,381.28571428571416
3,1141,383,381.71428571428555
3,1142,383,381.90476190476187
3,1143,381,382.095238095238
3,1144,381,382.0
3,1145,384,382.85714285714266
3,1146,384,384.19047619047603
3,1147,385,384.9523809523808
3,1148,385,384.7619047619046
3,1149,385,385.19047619047603
3,1150,385,385.66666666666646
3,1151,387,386.3333333333332
3,1152,387,386.71428571428567
3,1153,387,387.2857142857141
3,1154,387,387.66666666666663
3,1155,389,388.33333333333314
3,1156,389,388.8095238095236
3,1157,389,389.2380952380952
3,1158,389,389.238095238095
3,1159,390,389.7142857142856
3,1160,390,390.3809523809521
3,1161,391,390.71428571428567
3,1162,391,390.5238095238093
3,1163,390,390.4761904761904
3,1164,390,390.3809523809521
3,1165,391,390.5714285714284
3,1166,391,391.0476190476188
3,1167,391,390.9523809523808
3,1168,391,390.7142857142855
3,1169,390,390.76190476190465
3,1170,391,390.6666666666665
3,1171,391,390.5238095238094
3,1172,390,390.4285714285714
3,1173,390,390.0476190476192
3,1174,390,389.90476190476187
3,1175,390,390.0
3,1176,390,390.0
3,1177,390,390.095238095238
3,1178,390,389.9523809523809
3,1179,390,389.76190476190465
3,1180,389,389.2857142857142
3,1181,389,388.71428571428567
3,1182,388,388.238095238095
3,1183,388,388.14285714285705
3,1184,388,387.8571428571428
3,1185,388,387.5714285714285
3,1186,387,387.66666666666663
3,1187,387,387.23809523809507
3,1188,388,386.5714285714284
3,1189,385,385.95238095238085
3,1190,385,385.23809523809507
3,1191,385,384.7142857142856
3,1192,385,385.0952380952379
3,1193,385,384.9523809523808
3,1194,385,384.6666666666665
3,1195,384,384.3333333333332
3,1196,384,384.0476190476189
3,1197,384,383.90476190476164
3,1198,384,383.9999999999999
3,1199,384,383.9999999999999
3,1200,384,384.3809523809522
3,1201,384,383.8095238095236
3,1202,384,382.38095238095224
3,1203,380,381.4761904761904
3,1204,380,381.57142857142844
3,1205,383,381.42857142857133
3,1206,383,381.52380952380946
3,1207,379,380.8095238095237
3,1208,379,379.09523809523785
3,1209,379,377.9523809523808
3,1210,377,377.6666666666665
3,1211,377,376.99999999999994
3,1212,377,376.8571428571426
3,1213,377,377.6190476190474
3,1214,378,377.52380952380946
3,1215,378,376.76190476190465
3,1216,375,376.19047619047603
3,1217,375,375.9999999999997
3,1218,377,375.95238095238085
3,1219,377,376.23809523809507
3,1220,375,375.8571428571427
3,1221,375,375.19047619047615
3,1222,375,374.7619047619047
3,1223,375,374.6666666666665
3,1224,374,374.3333333333332
3,1225,374,374.14285714285717
3,1226,374,373.8571428571428
3,1227,374,373.66666666666663
3,1228,373,373.33333333333326
3,1229,373,373.0476190476189
3,1230,373,372.99999999999994
3,1231,373,372.95238095238096
3,1232,373,372.57142857142856
3,1233,372,372.3809523809523
3,1234,372,372.47619047619025
3,1235,373,372.5238095238094
3,1236,373,372.6190476190475
3,1237,372,372.42857142857133
3,1238,372,372.0476190476189
3,1239,372,371.9047619047618
3,1240,372,371.90476190476187
3,1241,372,372.0476190476188
3,1242,372,372.3333333333332
3,1243,373,372.66666666666663
3,1244,373,372.95238095238085
3,1245,373,373.095238095238
3,1246,373,372.99999999999983
3,1247,373,372.99999999999983
3,1248,373,372.8095238095237
3,1249,373,373.095238095238
3,1250,373,373.66666666666663
3,1251,375,374.33333333333326
3,1252,375,374.7142857142856
3,1253,375,375.2857142857141
3,1254,375,375.6666666666665
3,1255,377,376.2380952380951
3,1256,377,376.9523809523808
3,1257,377,377.4285714285714
3,1258,378,377.7142857142856
3,1259,378,378.190476190476
3,1260,379,378.8095238095237
3,1261,379,379.2857142857143
3,1262,380,379.76190476190465
3,1263,380,379.9523809523808
3,1264,380,380.095238095238
3,1265,380,379.99999999999983
3,1266,380,379.99999999999983
3,1267,380,379.90476190476176
3,1268,380,380.047619047619
3,1269,380,380.33333333333326
3,1270,381,380.6666666666666
3,1271,381,380.76190476190465
3,1272,381,381.19047619047603
3,1273,381,381.5714285714284
3,1274,383,382.38095238095235
3,1275,383,384.19047619047603
3,1276,384,383.3809523809523
3,1277,384,381.4000000000001
3,1278,374,377.85714285714266
3,1279,374,372.9999999999998
3,1280,374,377.2380952380951
3,1281,374,376.8095238095237
3,1282,379,379.61904761904754
3,1283,389,385.38095238095235
3,1284,389,388.6666666666666
3,1285,388,389.2857142857142
3,1286,388,388.0476190476189
3,1287,388,387.90476190476176
3,1288,388,387.9999999999999
3,1289,388,387.9999999999999
3,1290,388,387.9999999999999
3,1291,388,387.9999999999999
3,1292,388,387.90476190476176
3,1293,388,388.04761904761887
3,1294,388,388.33333333333314
3,1295,389,388.6666666666666
3,1296,389,388.8571428571427
3,1297,389,389.1428571428571
3,1298,389,389.3333333333331
3,1299,390,389.6666666666666
3,1300,390,389.9523809523809
3,1301,390,390.095238095238
3,1302,390,390.0
3,1303,390,390.0
3,1304,390,390.0
3,1305,390,390.0
3,1306,390,390.0
3,1307,390,390.0
3,1308,390,390.0
3,1309,390,390.0
3,1310,390,390.0
3,1311,390,390.095238095238
3,1312,390,389.9523809523809
3,1313,390,389.66666666666646
3,1314,389,389.3333333333331
3,1315,389,389.2380952380952
3,1316,389,388.8095238095238
3,1317,389,388.33333333333326
3,1318,387,387.6666666666667
3,1319,387,387.1904761904761
3,1320,387,386.7619047619045
3,1321,387,386.76190476190476
3,1322,386,386.28571428571416
3,1323,386,385.9047619047617
3,1324,385,385.14285714285705
3,1325,385,384.19047619047615
3,1326,383,383.95238095238085
3,1327,383,383.61904761904765
3,1328,385,383.047619047619
3,1329,382,382.95238095238085
3,1330,382,382.7619047619046
3,1331,383,382.33333333333314
3,1332,383,382.52380952380946
3,1333,382,382.4761904761904
3,1334,382,382.6666666666665
3,1335,383,382.4285714285714
3,1336,383,381.9523809523809
3,1337,380,381.0952380952379
3,1338,380,380.2380952380952
3,1339,380,379.66666666666646
3,1340,380,379.9523809523808
3,1341,379,379.19047619047615
3,1342,379,377.9523809523808
3,1343,376,376.95238095238096
3,1344,376,376.5714285714286
3,1345,377,376.33333333333326
3,1346,377,376.80952380952374
3,1347,376,376.33333333333326
3,1348,376,375.38095238095224
3,1349,374,374.5714285714284
3,1350,374,374.095238095238
3,1351,374,373.80952380952374
3,1352,374,373.99999999999994
3,1353,374,374.09523809523796
3,1354,374,373.95238095238096
3,1355,374,373.66666666666663
3,1356,373,373.33333333333326
3,1357,373,373.0476190476189
3,1358,373,372.9047619047618
3,1359,373,373.095238095238
3,1360,373,372.95238095238096
3,1361,373,372.6666666666665
3,1362,372,372.3333333333332
3,1363,372,372.0476190476189
3,1364,372,371.9047619047618
3,1365,372,371.9999999999999
3,1366,372,371.9999999999999
3,1367,372,371.9999999999999
3,1368,372,371.9999999999999
3,1369,372,371.9999999999999
3,1370,372,371.71428571428567
3,1371,372,372.1428571428571
3,1372,372,373.095238095238
3,1373,375,373.95238095238074
3,1374,375,374.4285714285713
3,1375,374,374.6666666666665
3,1376,374,374.28571428571416
3,1377,375,374.6190476190475
3,1378,375,375.190476190476
3,1379,376,375.8095238095238
3,1380,376,376.3809523809524
3,1381,377,376.71428571428567
3,1382,377,376.61904761904754
3,1383,376,376.4285714285712
3,1384,376,375.95238095238085
3,1385,376,375.95238095238085
3,1386,376,376.33333333333326
3,1387,377,376.5714285714285
3,1388,377,376.99999999999994
3,1389,377,377.33333333333337
3,1390,378,377.7142857142856
3,1391,378,378.38095238095224
3,1392,379,378.7142857142855
3,1393,379,378.6190476190474
3,1394,378,378.4285714285712
3,1395,378,377.76190476190465
3,1396,378,378.0476190476189
3,1397,378,378.99999999999983
3,1398,381,379.99999999999994
3,1399,381,380.7619047619045
3,1400,381,381.33333333333326
3,1401,381,381.23809523809507
3,1402,382,381.7142857142856
3,1403,382,382.1904761904761
3,1404,383,382.80952380952374
3,1405,383,383.2857142857141
3,1406,384,383.76190476190476
3,1407,384,383.8571428571428
3,1408,384,384.14285714285694
3,1409,384,384.33333333333326
3,1410,385,384.66666666666663
3,1411,385,384.9523809523808
3,1412,385,384.9047619047618
3,1413,385,385.0952380952379
3,1414,385,385.66666666666646
3,1415,387,386.3333333333332
3,1416,387,386.90476190476176
3,1417,387,387.190476190476
3,1418,387,386.80952380952374
3,1419,387,387.0952380952379
3,1420,387,387.5714285714285
3,1421,389,388.3809523809523
3,1422,389,389.14285714285705
3,1423,390,389.9047619047617
3,1424,390,390.3809523809521
3,1425,391,390.71428571428567
3,1426,391,390.6190476190476
3,1427,390,390.5238095238095
3,1428,390,390.0
3,1429,390,389.4761904761905
3,1430,389,389.38095238095224
3,1431,389,389.5714285714286
3,1432,390,389.47619047619037
3,1433,390,389.09523809523796
3,1434,388,388.8571428571427
3,1435,388,388.9523809523808
3,1436,390,389.0476190476189
3,1437,390,389.14285714285705
3,1438,388,388.90476190476187
3,1439,388,388.61904761904754
3,1440,389,388.3809523809524
3,1441,389,388.1904761904762
3,1442,387,387.8095238095236
3,1443,387,387.6190476190475
3,1444,388,387.38095238095224
3,1445,388,387.38095238095224
3,1446,386,386.7142857142855
3,1447,386,385.7619047619046
3,1448,385,385.142857142857
3,1449,385,385.1428571428571
3,1450,385,384.8571428571427
3,1451,385,384.7619047619047
3,1452,384,384.2857142857142
3,1453,384,383.71428571428555
3,1454,383,383.1428571428571
3,1455,383,383.09523809523796
3,1456,383,383.4285714285712
3,1457,384,383.57142857142856
3,1458,384,383.3809523809523
3,1459,382,382.7142857142856
3,1460,382,381.85714285714283
3,1461,381,381.0952380952379
3,1462,381,380.9047619047618
3,1463,380,380.14285714285705
3,1464,380,379.4761904761904
3,1465,378,378.5238095238094
3,1466,378,377.7619047619047
3,1467,377,377.1428571428572
3,1468,377,377.1428571428571
3,1469,377,377.0476190476189
3,1470,377,376.5714285714286
3,1471,376,375.5714285714285
3,1472,374,374.7619047619047
3,1473,374,374.52380952380946
3,1474,375,374.38095238095224
3,1475,375,374.2857142857141
3,1476,373,373.7619047619047
3,1477,373,373.095238095238
3,1478,373,372.80952380952374
3,1479,373,372.99999999999983
3,1480,373,372.52380952380935
3,1481,373,373.23809523809507
3,1482,373,374.6666666666664
3,1483,378,376.3333333333331
3,1484,378,377.7619047619047
3,1485,378,378.9523809523808
3,1486,378,377.7619047619047
3,1487,378,376.4285714285712
3,1488,373,374.6190476190475
3,1489,373,372.80952380952374
3,1490,372,371.904761904762
3,1491,372,372.3809523809523
3,1492,373,372.5714285714284
3,1493,373,372.95238095238085
3,1494,373,373.095238095238
3,1495,373,372.90476190476187
3,1496,373,373.0476190476189
3,1497,373,373.33333333333326
3,1498,374,373.5714285714284
3,1499,374,373.99999999999994
3,1500,374,374.33333333333314
3,1501,375,374.7142857142855
3,1502,375,375.190476190476
3,1503,376,375.8095238095238
3,1504,376,376.1904761904761
3,1505,377,376.80952380952374
3,1506,377,376.9999999999999
3,1507,378,377.90476190476187
3,1508,378,379.04761904761904
3,1509,381,380.04761904761915
3,1510,381,380.3333333333332
3,1511,380,380.71428571428555
3,1512,380,380.5238095238095
3,1513,382,381.33333333333314
3,1514,382,382.7619047619047
3,1515,384,383.3333333333332
3,1516,384,383.28571428571416
3,1517,382,382.99999999999994
3,1518,383,382.85714285714266
3,1519,383,383.4285714285713
3,1520,385,384.4285714285714
3,1521,385,384.9047619047618
3,1522,385,385.19047619047615
3,1523,385,384.80952380952374
3,1524,385,385.0952380952379
3,1525,385,385.57142857142856
3,1526,387,386.3809523809523
3,1527,387,387.23809523809524
3,1528,388,387.8571428571428
3,1529,388,387.8571428571428
3,1530,388,388.14285714285705
3,1531,388,388.33333333333314
3,1532,389,388.6666666666666
3,1533,389,388.97142857142865
3,1534,389,389.142857142857
3,1535,389,389.0
3,1536,389,388.04761904761887
3,1537,389,388.90476190476153
3,1538,389,388.85714285714283
3,1539,388,388.38095238095224
3,1540,388,388.47619047619025
3,1541,389,388.5238095238096
3,1542,389,388.61904761904754
3,1543,388,388.42857142857133
3,1544,388,388.14285714285705
3,1545,388,387.8571428571428
3,1546,388,387.47619047619054
3,1547,387,387.42857142857133
3,1548,387,387.9047619047619
3,1549,389,387.9523809523807
3,1550,389,388.33333333333314
3,1551,387,388.52380952380946
3,1552,389,388.4285714285711
3,1553,389,388.71428571428555
3,1554,389,389.1904761904761
3,1555,389,388.99999999999983
3,1556,389,388.99999999999983
3,1557,389,388.9047619047617
3,1558,389,389.0476190476189
3,1559,389,389.6190476190475
3,1560,390,389.52380952380946
3,1561,390,388.95238095238096
3,1562,387,388.095238095238
3,1563,387,387.23809523809507
3,1564,387,386.66666666666646
3,1565,387,386.6666666666665
3,1566,386,386.33333333333314
3,1567,386,386.14285714285705
3,1568,386,385.85714285714283
3,1569,386,385.4761904761904
3,1570,385,385.42857142857116
3,1571,385,385.7142857142856
3,1572,387,386.23809523809507
3,1573,387,386.90476190476176
3,1574,387,387.0952380952381
3,1575,387,387.0476190476188
3,1576,387,387.42857142857133
3,1577,388,387.61904761904736
3,1578,388,387.7142857142855
3,1579,387,387.38095238095224
3,1580,387,386.6190476190474
3,1581,386,386.2857142857141
3,1582,386,386.4761904761903
3,1583,387,386.52380952380935
3,1584,387,386.7142857142857
3,1585,386,386.38095238095224
3,1586,386,385.6190476190476
3,1587,385,385.22857142857157
3,1588,385,385.28571428571416
3,1589,386,385.9999999999999
