channel,index,raw,filtered
1,0,382,378.04761904761887
1,1,382,381.33333333333314
1,2,382,382.19047619047603
1,3,382,382.47619047619037
1,4,382,385.23809523809496
1,5,392,388.7142857142855
1,6,392,391.95238095238085
1,7,393,393.57142857142844
1,8,393,393.0952380952379
1,9,392,392.19047619047615
1,10,392,390.28571428571416
1,11,387,388.6190476190474
1,12,387,387.8571428571426
1,13,388,387.0476190476189
1,14,388,386.57142857142844
1,15,385,386.76190476190453
1,16,385,386.2380952380951
1,17,389,385.7142857142855
1,18,384,385.5714285714284
1,19,384,384.09523809523796
1,20,384,383.4285714285712
1,21,383,385.7619047619046
1,22,388,385.99999999999983
1,23,388,384.33333333333314
1,24,380,383.47619047619037
1,25,380,382.99999999999983
1,26,387,383.76190476190465
1,27,387,385.3809523809523
1,28,384,385.80952380952374
1,29,384,385.3333333333332
1,30,387,385.6190476190474
1,31,387,386.19047619047615
1,32,385,385.9523809523808
1,33,385,385.2857142857142
1,34,385,384.71428571428567
1,35,385,384.3333333333332
1,36,383,383.57142857142856
1,37,383,383.14285714285705
1,38,383,383.142857142857
1,39,384,383.6666666666665
1,40,384,384.23809523809524
1,41,384,383.95238095238074
1,42,384,382.61904761904754
1,43,381,382.1904761904761
1,44,381,382.57142857142856
1,45,385,383.33333333333314
1,46,385,384.2857142857141
1,47,384,384.80952380952374
1,48,384,384.99999999999994
1,49,386,385.095238095238
1,50,386,385.09523809523796
1,51,383,384.095238095238
1,52,383,382.66666666666663
1,53,381,381.2857142857141
1,54,381,380.3333333333332
1,55,379,379.52380952380935
1,56,379,379.33333333333326
1,57,380,379.5238095238094
1,58,380,380.4761904761904
1,59,381,380.8571428571428
1,60,381,380.1904761904762
1,61,379,378.6190476190475
1,62,377,377.99999999999983
1,63,377,378.76190476190476
1,64,382,380.0476190476189
1,65,382,380.61904761904754
1,66,380,381.38095238095235
1,67,380,382.23809523809524
1,68,385,382.9047619047618
1,69,385,382.9999999999997
1,70,380,382.19047619047603
1,71,380,380.7619047619047
1,72,381,380.09523809523785
1,73,381,380.38095238095224
1,74,379,379.71428571428555
1,75,379,378.66666666666663
1,76,378,378.19047619047603
1,77,378,378.3809523809523
1,78,379,378.5714285714283
1,79,379,378.76190476190465
1,80,379,379.4761904761904
1,81,379,379.5238095238095
1,82,381,379.14285714285694
1,83,378,378.99999999999994
1,84,378,379.28571428571416
1,85,380,378.9047619047619
1,86,380,378.6190476190476
1,87,377,378.33333333333303
1,88,377,378.42857142857133
1,89,380,378.57142857142844
1,90,380,378.57142857142844
1,91,377,378.4285714285712
1,92,377,378.6190476190474
1,93,380,378.47619047619037
1,94,380,377.9047619047618
1,95,375,377.0952380952379
1,96,375,376.52380952380946
1,97,378,376.38095238095224
1,98,378,376.76190476190476
1,99,375,376.33333333333326
1,100,375,375.76190476190465
1,101,376,375.2380952380951
1,102,376,374.6666666666665
1,103,373,374.23809523809507
1,104,373,374.52380952380946
1,105,376,374.14285714285705
1,106,376,374.7142857142856
1,107,372,375.142857142857
1,108,376,374.7619047619046
1,109,376,374.5714285714283
1,110,374,375.142857142857
1,111,374,375.0476190476189
1,112,376,374.99999999999994
1,113,376,374.5238095238094
1,114,373,374.3809523809523
1,115,373,374.57142857142844
1,116,377,375.33333333333326
1,117,377,376.4761904761903
1,118,376,376.71428571428555
1,119,376,376.14285714285705
1,120,376,375.8571428571427
1,121,376,375.6666666666665
1,122,375,375.3333333333332
1,123,375,375.3333333333333
1,124,375,374.7619047619046
1,125,375,373.6190476190475
1,126,372,373.47619047619025
1,127,372,373.3333333333333
1,128,376,373.2857142857142
1,129,373,373.85714285714283
1,130,373,373.85714285714283
1,131,374,373.38095238095224
1,132,374,373.9523809523808
1,133,374,374.09523809523813
1,134,374,374.09523809523796
1,135,374,373.95238095238096
1,136,374,373.76190476190476
1,137,373,373.2857142857142
1,138,373,372.5238095238094
1,139,372,372.33333333333314
1,140,372,372.7142857142856
1,141,374,373.2380952380952
1,142,374,373.9047619047618
1,143,374,374.19047619047615
1,144,374,373.99999999999994
1,145,374,373.99999999999994
1,146,374,373.9047619047618
1,147,374,374.04761904761904
1,148,374,374.42857142857133
1,149,375,374.6190476190476
1,150,375,374.6190476190476
1,151,374,374.5238095238095
1,152,374,373.9999999999998
1,153,374,373.5714285714285
1,154,373,373.33333333333326
1,155,373,373.14285714285717
1,156,373,372.85714285714266
1,157,373,372.6666666666665
1,158,372,372.3333333333332
1,159,372,372.0476190476189
1,160,372,371.9047619047618
1,161,372,371.9999999999999
1,162,372,371.9999999999999
1,163,372,371.9999999999999
1,164,372,371.9999999999999
1,165,372,371.90476190476187
1,166,372,372.14285714285705
1,167,372,372.2857142857142
1,168,373,372.2380952380952
1,169,372,372.3333333333333
1,170,372,372.2857142857143
1,171,373,372.6666666666667
1,172,373,372.66666666666663
1,173,375,374.90476190476176
1,174,375,378.2380952380951
1,175,385,381.8571428571427
1,176,385,384.5238095238094
1,177,385,385.95238095238085
1,178,385,384.9999999999999
1,179,385,384.7142857142855
1,180,385,385.14285714285705
1,181,385,386.0952380952381
1,182,388,386.9523809523808
1,183,388,387.52380952380946
1,184,387,387.61904761904736
1,185,387,386.9523809523808
1,186,387,386.95238095238085
1,187,387,387.3333333333332
1,188,388,387.5714285714284
1,189,388,387.9999999999997
1,190,388,388.5238095238094
1,191,389,388.61904761904736
1,192,389,388.5238095238094
1,193,388,388.4761904761903
1,194,388,388.47619047619025
1,195,389,388.5238095238096
1,196,389,388.61904761904754
1,197,388,388.42857142857133
1,198,388,388.0476190476189
1,199,388,387.90476190476176
1,200,388,388.0952380952379
1,201,388,387.952380952381
1,202,388,387.66666666666663
1,203,387,387.3333333333332
1,204,387,387.14285714285705
1,205,387,386.57142857142844
1,206,387,386.80952380952374
1,207,386,387.8095238095236
1,208,389,387.80952380952357
1,209,389,386.71428571428567
1,210,384,386.14285714285705
1,211,384,385.5714285714284
1,212,388,386.19047619047615
1,213,388,387.80952380952374
1,214,388,388.38095238095224
1,215,388,387.90476190476176
1,216,388,388.04761904761887
1,217,388,388.4285714285713
1,218,389,388.61904761904736
1,219,389,388.8095238095236
1,220,388,388.3333333333333
1,221,388,387.2857142857143
1,222,386,386.6190476190476
1,223,386,386.42857142857133
1,224,387,386.4761904761903
1,225,387,386.95238095238085
1,226,387,387.0952380952379
1,227,387,386.9999999999999
1,228,387,386.9999999999999
1,229,387,386.90476190476187
1,230,387,387.0476190476188
1,231,387,387.42857142857133
1,232,388,387.61904761904736
1,233,388,387.61904761904754
1,234,387,387.4285714285714
1,235,387,388.57142857142856
1,236,387,386.1428571428571
1,237,387,381.76190476190453
1,238,371,376.2857142857141
1,239,371,371.4285714285712
1,240,370,368.8095238095235
1,241,370,370.04761904761887
1,242,370,369.90476190476187
1,243,370,369.90476190476176
1,244,370,370.0476190476189
1,245,370,370.4285714285714
1,246,371,370.6190476190476
1,247,371,370.33333333333326
1,248,370,370.57142857142856
1,249,370,371.14285714285694
1,250,373,371.85714285714283
1,251,373,372.6190476190475
1,252,372,372.5714285714285
1,253,372,371.77142857142877
1,254,371,371.22857142857123
1,255,371,370.90000000000003
1,256,371,370.7142857142856
1,257,371,370.85714285714266
1,258,371,371.09523809523796
1,259,371,370.9999999999999
1,260,371,370.9999999999999
1,261,371,370.9999999999999
1,262,371,370.9999999999999
1,263,371,370.9999999999999
1,264,371,370.9999999999999
1,265,371,370.9999999999999
1,266,371,370.9999999999999
1,267,371,370.9999999999999
1,268,371,371.095238095238
1,269,371,370.95238095238085
1,270,371,370.57142857142844
1,271,370,370.38095238095235
1,272,370,370.47619047619037
1,273,371,370.42857142857133
1,274,371,370.66666666666663
1,275,370,370.8571428571427
1,276,371,370.6666666666666
1,277,371,370.33333333333326
1,278,370,370.5238095238095
1,279,370,370.8095238095238
1,280,372,371.1904761904761
1,281,372,371.5714285714284
1,282,371,371.52380952380923
1,283,371,371.142857142857
1,284,371,370.85714285714266
1,285,371,370.66666666666663
1,286,370,370.3333333333333
1,287,370,369.95238095238096
1,288,370,369.95238095238085
1,289,370,370.3333333333331
1,290,371,370.6666666666665
1,291,371,370.8571428571428
1,292,371,371.14285714285705
1,293,371,371.33333333333326
1,294,372,371.66666666666646
1,295,372,371.95238095238074
1,296,372,372.0952380952379
1,297,372,371.9999999999999
1,298,372,371.90476190476187
1,299,372,372.0476190476188
1,300,372,372.4285714285713
1,301,373,372.61904761904754
1,302,373,372.6190476190475
1,303,372,372.42857142857133
1,304,372,372.0476190476189
1,305,372,371.9047619047618
1,306,372,371.9999999999999
1,307,372,371.9999999999999
1,308,372,371.9999999999999
1,309,372,371.9999999999999
1,310,372,371.9999999999999
1,311,372,371.9999999999999
1,312,372,371.80952380952374
1,313,372,372.0952380952379
1,314,372,372.7619047619046
1,315,374,373.2857142857142
1,316,374,373.57142857142844
1,317,373,373.4285714285714
1,318,373,373.095238095238
1,319,373,373.2380952380951
1,320,374,373.66666666666663
1,321,374,373.9523809523808
1,322,374,374.09523809523813
1,323,374,373.9047619047618
1,324,374,374.04761904761904
1,325,374,374.42857142857133
1,326,375,374.6190476190476
1,327,375,374.5238095238095
1,328,374,374.4761904761905
1,329,374,374.28571428571416
1,330,375,374.6190476190475
1,331,375,375.38095238095224
1,332,376,375.7142857142856
1,333,376,375.52380952380946
1,334,375,375.6666666666666
1,335,375,375.2857142857143
1,336,376,374.7142857142856
1,337,374,374.71428571428567
1,338,374,375.047619047619
1,339,376,375.0476190476189
1,340,376,374.95238095238096
1,341,374,374.99999999999994
1,342,374,375.095238095238
1,343,377,375.8095238095237
1,344,377,376.8571428571429
1,345,377,377.2857142857141
1,346,377,376.9999999999999
1,347,377,376.9999999999999
1,348,377,376.8095238095238
1,349,377,377.0952380952379
1,350,377,377.8571428571427
1,351,379,378.2380952380951
1,352,379,378.2380952380952
1,353,377,377.8571428571427
1,354,377,376.99999999999994
1,355,377,376.8571428571426
1,356,377,377.33333333333326
1,357,378,377.6666666666665
1,358,378,377.95238095238096
1,359,378,378.09523809523796
1,360,378,377.9999999999999
1,361,378,377.80952380952374
1,362,378,378.0952380952381
1,363,378,378.6666666666666
1,364,380,379.33333333333326
1,365,380,379.7142857142857
1,366,380,380.28571428571416
1,367,380,380.76190476190453
1,368,382,381.2857142857141
1,369,382,381.5714285714283
1,370,381,381.52380952380946
1,371,381,381.1428571428572
1,372,381,380.85714285714283
1,373,381,380.47619047619037
1,374,380,380.4285714285713
1,375,380,380.90476190476187
1,376,382,381.14285714285705
1,377,382,381.80952380952374
1,378,380,380.5714285714285
1,379,380,378.0952380952379
1,380,374,375.7142857142856
1,381,374,374.3333333333332
1,382,374,373.19047619047615
1,383,375,374.9523809523808
1,384,375,377.04761904761887
1,385,381,379.047619047619
1,386,381,380.3809523809523
1,387,380,380.90476190476187
1,388,380,380.3333333333333
1,389,380,379.7619047619046
1,390,380,378.71428571428544
1,391,377,378.2380952380952
1,392,377,378.09523809523796
1,393,380,378.19047619047603
1,394,379,379.2857142857141
1,395,379,380.2857142857143
1,396,381,380.09523809523796
1,397,381,379.4285714285714
1,398,378,379.42857142857133
1,399,378,379.9047619047618
1,400,383,380.9999999999998
1,401,383,382.23809523809507
1,402,382,382.9047619047619
1,403,382,382.7142857142856
1,404,384,383.2380952380951
1,405,384,383.9047619047618
1,406,384,384.19047619047603
1,407,384,384.19047619047603
1,408,384,383.9047619047617
1,409,384,383.23809523809507
1,410,382,382.7142857142856
1,411,382,382.4285714285714
1,412,383,382.47619047619025
1,413,383,382.95238095238074
1,414,383,383.0952380952379
1,415,383,383.0
1,416,383,383.0
1,417,383,382.9047619047618
1,418,383,383.0476190476188
1,419,383,383.6190476190475
1,420,384,383.1428571428571
1,421,384,383.14285714285705
1,422,381,383.71428571428567
1,423,385,383.66666666666663
1,424,385,383.23809523809496
1,425,382,383.5238095238094
1,426,382,383.14285714285694
1,427,385,383.7142857142856
1,428,385,384.57142857142844
1,429,385,385.42857142857133
1,430,385,386.28571428571416
1,431,388,386.8571428571428
1,432,388,386.7619047619046
1,433,385,386.33333333333326
1,434,385,385.19047619047615
1,435,386,385.52380952380946
1,436,386,387.0476190476188
1,437,389,388.04761904761904
1,438,389,388.4285714285713
1,439,388,388.7619047619047
1,440,388,388.33333333333326
1,441,389,388.0476190476189
1,442,388,388.38095238095224
1,443,388,388.99999999999983
1,444,390,389.14285714285705
1,445,390,389.0476190476191
1,446,388,388.95238095238096
1,447,388,388.85714285714266
1,448,390,389.0952380952378
1,449,390,389.4761904761903
1,450,389,389.5714285714285
1,451,389,389.47619047619037
1,452,390,389.52380952380935
1,453,390,389.52380952380946
1,454,389,389.4761904761903
1,455,389,389.47619047619037
1,456,390,389.52380952380935
1,457,390,389.3333333333331
1,458,389,389.7619047619045
1,459,389,389.95238095238074
1,460,392,390.04761904761904
1,461,390,390.61904761904754
1,462,390,391.2380952380952
1,463,392,391.0476190476189
1,464,392,390.95238095238085
1,465,390,390.99999999999994
1,466,390,391.28571428571416
1,467,393,391.71428571428555
1,468,393,392.095238095238
1,469,391,391.9999999999999
1,470,391,391.52380952380935
1,471,392,391.42857142857133
1,472,392,391.5238095238093
1,473,391,391.4761904761902
1,474,391,391.47619047619037
1,475,392,391.52380952380946
1,476,392,391.42857142857116
1,477,391,391.5238095238093
1,478,391,391.90476190476187
1,479,393,392.14285714285694
1,480,393,392.238095238095
1,481,391,391.7619047619046
1,482,391,391.14285714285694
1,483,391,391.23809523809507
1,484,392,391.6190476190475
1,485,392,391.6190476190476
1,486,391,391.4285714285714
1,487,391,391.047619047619
1,488,391,390.9047619047619
1,489,391,390.99999999999994
1,490,391,390.99999999999994
1,491,391,390.90476190476164
1,492,391,391.0476190476189
1,493,391,391.42857142857116
1,494,392,391.6190476190475
1,495,392,391.42857142857116
1,496,391,391.5238095238093
1,497,391,391.90476190476187
1,498,393,392.14285714285694
1,499,393,392.047619047619
1,500,391,392.04761904761887
1,501,391,391.71428571428555
1,502,393,391.90476190476176
1,503,392,392.190476190476
1,504,392,391.8095238095236
1,505,391,391.2857142857142
1,506,391,391.38095238095207
1,507,392,391.57142857142844
1,508,392,391.9523809523807
1,509,392,392.1428571428572
1,510,392,391.99999999999983
1,511,392,391.9999999999999
1,512,392,384.28571428571405
1,513,391,390.2380952380951
1,514,391,393.4761904761904
1,515,392,391.57142857142844
1,516,392,391.8571428571427
1,517,392,392.142857142857
1,518,392,392.33333333333314
1,519,393,392.6666666666664
1,520,393,392.85714285714266
1,521,393,393.23809523809507
1,522,393,393.2857142857142
1,523,394,393.3333333333333
1,524,393,393.2857142857144
1,525,393,393.14285714285694
1,526,393,392.9047619047618
1,527,393,393.09523809523796
1,528,393,392.95238095238096
1,529,393,392.6666666666664
1,530,392,392.33333333333326
1,531,392,392.047619047619
1,532,392,391.90476190476187
1,533,392,392.19047619047615
1,534,392,391.90476190476176
1,535,392,391.23809523809524
1,536,390,390.7142857142857
1,537,390,390.61904761904754
1,538,391,390.38095238095224
1,539,391,390.28571428571416
1,540,389,389.76190476190465
1,541,389,389.1904761904761
1,542,389,388.7619047619047
1,543,389,388.57142857142844
1,544,388,388.38095238095224
1,545,388,388.38095238095224
1,546,389,388.57142857142844
1,547,389,388.9523809523808
1,548,389,388.9999999999995
1,549,389,389.0476190476189
1,550,389,389.238095238095
1,551,390,389.7142857142856
1,552,390,390.28571428571416
1,553,391,390.76190476190465
1,554,391,390.95238095238085
1,555,391,391.0952380952379
1,556,391,390.90476190476164
1,557,391,391.0476190476189
1,558,391,391.3333333333332
1,559,392,391.66666666666646
1,560,392,391.8571428571427
1,561,392,392.2380952380951
1,562,392,392.2857142857143
1,563,393,392.2380952380952
1,564,392,392.33333333333314
1,565,392,392.5714285714285
1,566,393,392.52380952380935
1,567,393,392.52380952380923
1,568,392,392.47619047619037
1,569,392,392.2857142857141
1,570,393,392.61904761904754
1,571,393,393.3809523809522
1,572,394,393.7142857142856
1,573,394,393.61904761904765
1,574,393,393.4285714285713
1,575,393,393.0476190476189
1,576,393,392.9047619047618
1,577,393,392.99999999999994
1,578,393,392.99999999999994
1,579,393,392.99999999999994
1,580,393,393.09523809523796
1,581,393,392.95238095238096
1,582,393,394.095238095238
1,583,392,391.6190476190476
1,584,392,387.047619047619
1,585,377,381.9999999999999
1,586,377,377.6666666666665
1,587,377,373.8095238095239
1,588,376,377.0476190476191
1,589,376,381.0476190476188
1,590,391,385.90476190476176
1,591,391,390.28571428571416
1,592,391,392.33333333333326
1,593,391,391.0476190476189
1,594,391,391.3333333333332
1,595,392,391.66666666666646
1,596,392,391.9523809523807
1,597,392,392.09523809523785
1,598,392,392.095238095238
1,599,392,391.95238095238085
1,600,392,391.66666666666663
1,601,391,391.33333333333337
1,602,391,391.2380952380952
1,603,391,390.8095238095237
1,604,391,390.61904761904754
1,605,389,389.5238095238095
1,606,389,387.90476190476176
1,607,386,386.90476190476176
1,608,386,386.9047619047618
1,609,388,387.0
1,610,388,387.47619047619037
1,611,387,387.5714285714283
1,612,387,387.28571428571394
1,613,388,387.61904761904736
1,614,388,388.2857142857141
1,615,389,388.76190476190453
1,616,389,388.8571428571427
1,617,389,389.1428571428571
1,618,389,389.6190476190475
1,619,390,389.4285714285712
1,620,390,388.99999999999983
1,621,387,388.71428571428567
1,622,388,387.6666666666667
1,623,388,386.5714285714284
1,624,385,386.142857142857
1,625,385,385.66666666666646
1,626,386,385.2857142857142
1,627,386,385.1904761904762
1,628,384,384.8095238095236
1,629,384,384.61904761904765
1,630,385,384.38095238095224
1,631,385,383.90476190476164
1,632,383,383.95238095238074
1,633,383,384.61904761904754
1,634,387,385.3809523809524
1,635,387,385.95238095238096
1,636,385,386.1428571428569
1,637,385,385.95238095238096
1,638,387,386.0476190476189
1,639,387,386.04761904761904
1,640,385,385.95238095238085
1,641,385,385.95238095238096
1,642,387,386.0476190476189
1,643,387,386.2380952380951
1,644,385,385.9523809523808
1,645,385,385.04761904761904
1,646,385,384.3809523809523
1,647,384,384.3809523809522
1,648,384,384.57142857142856
1,649,385,384.4761904761903
1,650,385,384.19047619047603
1,651,383,383.80952380952357
1,652,383,383.42857142857133
1,653,384,383.4761904761903
1,654,384,384.04761904761887
1,655,384,384.04761904761887
1,656,384,383.47619047619025
1,657,383,383.4285714285713
1,658,383,383.8095238095237
1,659,385,384.19047619047615
1,660,385,384.6666666666665
1,661,384,384.4761904761903
1,662,384,383.61904761904754
1,663,383,383.28571428571416
1,664,383,383.57142857142856
1,665,384,383.4761904761904
1,666,384,383.2857142857141
1,667,382,382.76190476190453
1,668,382,381.9047619047618
1,669,382,381.9047619047618
1,670,382,382.85714285714266
1,671,384,383.23809523809507
1,672,384,383.2380952380951
1,673,382,382.85714285714266
1,674,382,382.09523809523796
1,675,382,381.9047619047618
1,676,382,381.9523809523809
1,677,382,381.9523809523808
1,678,381,381.19047619047615
1,679,381,379.9523809523809
1,680,378,378.9523809523808
1,681,378,378.38095238095224
1,682,379,378.4285714285713
1,683,379,379.38095238095224
1,684,380,379.7142857142855
1,685,380,379.7142857142858
1,686,379,379.38095238095235
1,687,379,378.90476190476187
1,688,378,378.14285714285705
1,689,378,377.19047619047603
1,690,376,376.8571428571427
1,691,376,376.66666666666663
1,692,378,376.47619047619014
1,693,376,376.57142857142844
1,694,376,376.38095238095235
1,695,376,375.76190476190476
1,696,376,375.6666666666665
1,697,375,375.3333333333332
1,698,375,374.95238095238074
1,699,375,374.95238095238096
1,700,375,375.33333333333326
1,701,376,375.6666666666666
1,702,376,376.0476190476189
1,703,376,376.0476190476189
1,704,376,375.4761904761903
1,705,375,375.42857142857133
1,706,375,375.71428571428567
1,707,377,376.2380952380952
1,708,377,376.99999999999994
1,709,377,377.14285714285705
1,710,377,376.7619047619048
1,711,376,376.19047619047615
1,712,376,375.7619047619047
1,713,375,375.6666666666666
1,714,376,375.6666666666665
1,715,376,375.71428571428567
1,716,375,375.33333333333326
1,717,375,374.28571428571416
1,718,373,373.6190476190474
1,719,373,373.42857142857133
1,720,374,373.4761904761904
1,721,374,374.0476190476189
1,722,374,374.0476190476189
1,723,374,373.76190476190476
1,724,373,373.2857142857142
1,725,373,372.7142857142856
1,726,372,372.2380952380952
1,727,372,372.0476190476189
1,728,372,371.9047619047618
1,729,372,371.9999999999999
1,730,372,371.9999999999999
1,731,372,371.9999999999999
1,732,372,371.90476190476187
1,733,372,372.0476190476188
1,734,372,372.5238095238094
1,735,373,372.57142857142856
1,736,373,372.095238095238
1,737,371,371.85714285714266
1,738,371,371.85714285714283
1,739,373,372.095238095238
1,740,373,372.4761904761904
1,741,372,372.5714285714284
1,742,372,372.3809523809523
1,743,373,372.5714285714284
1,744,373,373.04761904761904
1,745,373,373.04761904761887
1,746,373,372.76190476190476
1,747,372,372.28571428571405
1,748,372,371.7142857142857
1,749,371,371.2380952380951
1,750,371,371.047619047619
1,751,371,370.99999999999994
1,752,371,370.95238095238085
1,753,371,370.57142857142844
1,754,370,370.38095238095235
1,755,370,370.38095238095235
1,756,371,370.5714285714283
1,757,371,370.95238095238074
1,758,371,371.09523809523796
1,759,371,370.90476190476176
1,760,371,371.0476190476189
1,761,371,371.33333333333326
1,762,372,371.66666666666646
1,763,372,371.95238095238074
1,764,372,372.0952380952379
1,765,372,372.0000000000002
1,766,372,371.9999999999999
1,767,372,371.9999999999999
1,768,371,370.7142857142856
1,769,371,370.85714285714266
1,770,371,371.09523809523796
1,771,371,370.9999999999999
1,772,371,371.095238095238
1,773,371,370.95238095238085
1,774,371,370.57142857142844
1,775,370,370.38095238095235
1,776,370,370.38095238095235
1,777,371,370.5714285714283
1,778,371,370.95238095238074
1,779,371,371.09523809523796
1,780,371,370.9999999999999
1,781,371,370.9999999999999
1,782,371,371.095238095238
1,783,371,370.95238095238085
1,784,371,370.66666666666663
1,785,370,370.2380952380952
1,786,370,368.4761904761903
1,787,370,371.0476190476189
1,788,371,376.33333333333314
1,789,388,382.28571428571416
1,790,388,387.4761904761903
1,791,388,389.52380952380935
1,792,388,388.76190476190453
1,793,386,385.95238095238085
1,794,386,381.1904761904761
1,795,371,375.7619047619046
1,796,371,371.1904761904759
1,797,370,369.190476190476
1,798,370,370.61904761904754
1,799,372,370.5714285714285
1,800,370,370.5714285714285
1,801,370,370.2857142857141
1,802,370,369.8095238095237
1,803,370,369.9999999999998
1,804,370,369.9999999999998
1,805,370,369.90476190476176
1,806,370,370.0476190476189
1,807,370,370.2380952380952
1,808,371,370.7142857142855
1,809,371,371.28571428571416
1,810,372,371.76190476190476
1,811,372,372.0476190476189
1,812,372,372.0476190476188
1,813,372,371.4761904761905
1,814,371,371.52380952380946
1,815,371,371.66666666666646
1,816,373,371.8095238095236
1,817,372,372.2857142857141
1,818,372,372.57142857142844
1,819,373,372.5714285714284
1,820,373,373.04761904761904
1,821,373,373.04761904761887
1,822,373,372.57142857142856
1,823,372,372.3809523809523
1,824,372,372.47619047619025
1,825,373,372.5238095238094
1,826,373,372.6190476190475
1,827,372,372.42857142857133
1,828,372,372.14285714285717
1,829,372,371.8571428571427
1,830,372,371.3809523809524
1,831,371,371.47619047619025
1,832,371,372.142857142857
1,833,374,372.8571428571427
1,834,374,373.42857142857133
1,835,373,373.6666666666665
1,836,373,373.5714285714285
1,837,374,373.3809523809522
1,838,374,373.33333333333326
1,839,372,373.095238095238
1,840,373,372.7619047619046
1,841,373,372.76190476190465
1,842,373,373.095238095238
1,843,373,372.99999999999983
1,844,373,372.99999999999983
1,845,373,372.99999999999983
1,846,373,372.99999999999983
1,847,373,372.90476190476187
1,848,373,373.0476190476189
1,849,373,373.52380952380946
1,850,374,373.5714285714285
1,851,374,373.095238095238
1,852,372,372.85714285714266
1,853,372,372.85714285714266
1,854,374,373.095238095238
1,855,374,373.095238095238
1,856,373,373.76190476190453
1,857,373,374.90476190476187
1,858,378,376.14285714285705
1,859,378,377.09523809523785
1,860,376,377.23809523809496
1,861,376,376.0476190476189
1,862,376,375.19047619047603
1,863,375,375.4761904761903
1,864,375,376.33333333333326
1,865,378,376.76190476190476
1,866,378,376.6666666666665
1,867,375,376.38095238095235
1,868,375,375.8095238095238
1,869,377,376.0476190476189
1,870,377,376.99999999999994
1,871,377,377.14285714285705
1,872,377,376.66666666666663
1,873,376,376.3333333333333
1,874,376,375.7619047619046
1,875,376,376.0476190476189
1,876,376,377.19047619047603
1,877,379,377.90476190476187
1,878,379,378.19047619047615
1,879,377,377.9523809523809
1,880,377,376.99999999999994
1,881,377,376.76190476190465
1,882,377,377.3809523809523
1,883,378,377.99999999999983
1,884,379,378.61904761904754
1,885,379,378.8571428571428
1,886,379,379.19047619047586
1,887,379,379.7619047619046
1,888,381,380.285714285714
1,889,381,380.5714285714285
1,890,380,380.5238095238094
1,891,380,379.8571428571428
1,892,380,379.9999999999999
1,893,380,380.5714285714283
1,894,382,381.3809523809523
1,895,382,382.4285714285714
1,896,383,382.76190476190465
1,897,383,382.28571428571416
1,898,381,381.76190476190465
1,899,381,381.09523809523785
1,900,381,380.8095238095237
1,901,381,380.9999999999999
1,902,381,380.90476190476176
1,903,381,381.0476190476189
1,904,381,381.4285714285713
1,905,382,381.6190476190475
1,906,382,381.6190476190475
1,907,381,381.33333333333314
1,908,381,381.2857142857141
1,909,381,381.14285714285694
1,910,382,380.71428571428555
1,911,380,380.76190476190453
1,912,380,381.2857142857141
1,913,383,381.76190476190465
1,914,383,382.3333333333332
1,915,382,382.7142857142856
1,916,382,382.61904761904754
1,917,384,383.2857142857142
1,918,384,384.23809523809507
1,919,385,384.85714285714266
1,920,385,384.9523809523808
1,921,385,385.095238095238
1,922,385,385.0952380952379
1,923,385,384.9523809523808
1,924,385,384.6666666666665
1,925,384,384.3333333333332
1,926,384,383.9523809523808
1,927,384,383.9523809523808
1,928,384,384.33333333333326
1,929,385,384.66666666666663
1,930,385,384.7619047619046
1,931,385,385.19047619047603
1,932,385,385.7619047619045
1,933,387,386.28571428571416
1,934,387,386.3809523809523
1,935,386,386.61904761904736
1,936,386,386.61904761904754
1,937,388,387.2857142857141
1,938,388,388.2380952380952
1,939,389,388.9523809523808
1,940,389,388.9047619047617
1,941,389,388.57142857142844
1,942,388,388.4285714285713
1,943,388,388.9047619047618
1,944,390,389.14285714285705
1,945,390,389.2380952380952
1,946,388,388.85714285714283
1,947,388,388.095238095238
1,948,388,387.8095238095236
1,949,388,387.90476190476176
1,950,388,388.04761904761887
1,951,388,388.5238095238096
1,952,389,388.57142857142856
1,953,389,387.90476190476176
1,954,387,387.95238095238085
1,955,387,388.61904761904736
1,956,391,389.38095238095235
1,957,391,390.04761904761887
1,958,389,390.19047619047603
1,959,389,389.38095238095235
1,960,390,389.047619047619
1,961,389,389.3333333333332
1,962,389,389.4761904761902
1,963,390,389.57142857142844
1,964,390,389.8571428571428
1,965,390,390.142857142857
1,966,390,390.2380952380951
1,967,391,390.7142857142857
1,968,391,391.38095238095224
1,969,392,391.7142857142856
1,970,392,391.6190476190476
1,971,391,391.4285714285714
1,972,391,390.95238095238085
1,973,391,390.9523809523807
1,974,391,391.3333333333332
1,975,392,391.66666666666646
1,976,392,391.8571428571427
1,977,392,392.142857142857
1,978,392,392.33333333333314
1,979,393,392.6666666666664
1,980,393,392.9523809523808
1,981,393,393.09523809523796
1,982,393,393.09523809523796
1,983,393,392.95238095238096
1,984,393,392.6666666666664
1,985,392,392.33333333333326
1,986,392,392.047619047619
1,987,392,391.80952380952357
1,988,392,392.047619047619
1,989,392,392.33333333333314
1,990,393,392.6666666666664
1,991,393,394.76190476190465
1,992,393,392.190476190476
1,993,393,386.66666666666663
1,994,374,380.0476190476189
1,995,374,375.04761904761875
1,996,374,371.66666666666646
1,997,377,376.76190476190465
1,998,377,382.09523809523796
1,999,393,387.9999999999997
1,1000,393,392.5714285714285
1,1001,394,395.19047619047586
1,1002,394,394.04761904761887
1,1003,394,394.04761904761887
1,1004,394,393.66666666666674
1,1005,393,393.3333333333333
1,1006,393,393.0476190476189
1,1007,393,392.9047619047618
1,1008,393,392.99999999999994
1,1009,393,392.99999999999994
1,1010,393,392.99999999999994
1,1011,393,392.99999999999994
1,1012,393,393.09523809523796
1,1013,393,392.95238095238096
1,1014,393,392.6666666666664
1,1015,392,392.33333333333326
1,1016,392,392.047619047619
1,1017,392,391.90476190476187
1,1018,392,391.9999999999999
1,1019,392,391.9999999999999
1,1020,392,391.9999999999999
1,1021,392,392.00000000000017
1,1022,392,391.99999999999983
1,1023,392,391.9999999999999
1,1024,393,385.33333333333337
1,1025,393,391.4761904761902
1,1026,392,394.52380952380935
1,1027,392,392.1428571428571
1,1028,392,391.8571428571427
1,1029,392,391.47619047619037
1,1030,391,391.4285714285712
1,1031,391,391.8095238095238
1,1032,393,392.1904761904761
1,1033,393,392.5714285714285
1,1034,392,392.5238095238094
1,1035,392,392.1428571428571
1,1036,392,391.7619047619046
1,1037,392,391.71428571428555
1,1038,391,391.95238095238085
1,1039,392,391.5714285714285
1,1040,392,390.7619047619048
1,1041,389,390.142857142857
1,1042,389,389.57142857142844
1,1043,390,389.3333333333331
1,1044,390,389.52380952380946
1,1045,389,389.4761904761903
1,1046,389,389.47619047619037
1,1047,390,389.52380952380935
1,1048,390,389.52380952380946
1,1049,389,389.4761904761903
1,1050,389,389.47619047619037
1,1051,390,389.52380952380935
1,1052,390,389.52380952380946
1,1053,389,389.4761904761903
1,1054,389,389.3809523809522
1,1055,390,389.57142857142844
1,1056,390,389.9523809523809
1,1057,390,390.19047619047603
1,1058,390,389.9523809523809
1,1059,390,389.66666666666646
1,1060,389,389.3333333333331
1,1061,389,389.0476190476191
1,1062,389,388.9047619047618
1,1063,389,389.2857142857142
1,1064,389,388.8571428571427
1,1065,389,387.80952380952374
1,1066,386,387.0952380952381
1,1067,386,387.09523809523796
1,1068,388,386.9047619047619
1,1069,388,386.61904761904754
1,1070,385,386.33333333333326
1,1071,385,386.4285714285713
1,1072,388,386.5714285714283
1,1073,388,386.57142857142844
1,1074,385,386.42857142857133
1,1075,385,386.3333333333332
1,1076,388,386.61904761904754
1,1077,388,387.0952380952379
1,1078,386,386.99999999999983
1,1079,386,386.61904761904754
1,1080,387,386.1904761904761
1,1081,387,386.38095238095224
1,1082,385,386.71428571428555
1,1083,387,386.2857142857143
1,1084,387,385.52380952380946
1,1085,384,385.2857142857142
1,1086,384,385.190476190476
1,1087,386,384.85714285714266
1,1088,386,384.47619047619037
1,1089,382,383.57142857142844
1,1090,382,382.61904761904754
1,1091,383,382.23809523809507
1,1092,383,382.42857142857133
1,1093,382,382.5238095238096
1,1094,382,382.9047619047618
1,1095,384,383.142857142857
1,1096,384,383.142857142857
1,1097,382,382.90476190476176
1,1098,382,382.6190476190475
1,1099,383,382.38095238095235
1,1100,383,382.28571428571416
1,1101,381,381.76190476190465
1,1102,381,381.09523809523785
1,1103,381,380.71428571428555
1,1104,381,381.0476190476189
1,1105,381,381.52380952380946
1,1106,382,381.57142857142844
1,1107,382,381.38095238095235
1,1108,380,380.7142857142855
1,1109,380,379.6666666666666
1,1110,379,379.19047619047615
1,1111,379,379.3809523809523
1,1112,380,379.57142857142844
1,1113,380,380.0476190476189
1,1114,380,380.047619047619
1,1115,380,379.57142857142844
1,1116,379,379.38095238095224
1,1117,379,379.47619047619037
1,1118,380,379.52380952380935
1,1119,380,379.7142857142858
1,1120,379,379.38095238095235
1,1121,379,378.71428571428555
1,1122,378,378.238095238095
1,1123,378,378.04761904761887
1,1124,378,378.0952380952381
1,1125,378,377.90476190476187
1,1126,378,377.4285714285712
1,1127,376,376.6190476190475
1,1128,376,375.66666666666663
1,1129,375,375.19047619047603
1,1130,375,375.4761904761905
1,1131,376,375.52380952380946
1,1132,376,375.6190476190475
1,1133,375,375.4285714285712
1,1134,375,375.0476190476189
1,1135,375,374.9047619047617
1,1136,375,374.99999999999983
1,1137,375,374.99999999999983
1,1138,375,375.1904761904761
1,1139,375,374.90476190476176
1,1140,375,374.2380952380951
1,1141,373,373.71428571428567
1,1142,373,373.42857142857133
1,1143,374,373.4761904761904
1,1144,374,374.14285714285705
1,1145,374,374.0
1,1146,374,373.3333333333333
1,1147,372,372.6666666666666
1,1148,372,372.09523809523785
1,1149,372,371.80952380952374
1,1150,372,371.9999999999999
1,1151,372,371.9999999999999
1,1152,372,371.9999999999999
1,1153,372,371.9999999999999
1,1154,372,371.9999999999999
1,1155,372,371.9999999999999
1,1156,372,371.9999999999999
1,1157,372,371.90476190476187
1,1158,372,372.0476190476188
1,1159,372,372.4285714285713
1,1160,373,372.61904761904754
1,1161,373,372.7142857142856
1,1162,372,372.3809523809521
1,1163,372,371.7142857142857
1,1164,371,371.2380952380951
1,1165,371,371.047619047619
1,1166,371,370.90476190476176
1,1167,371,370.9999999999999
1,1168,371,370.9999999999999
1,1169,371,370.9999999999999
1,1170,371,370.9999999999999
1,1171,371,370.9999999999999
1,1172,371,370.9999999999999
1,1173,371,370.9999999999999
1,1174,371,370.90476190476176
1,1175,371,371.0476190476189
1,1176,371,371.42857142857133
1,1177,372,371.6190476190475
1,1178,372,371.52380952380946
1,1179,371,371.4761904761903
1,1180,371,371.38095238095224
1,1181,372,371.5714285714285
1,1182,372,372.0476190476189
1,1183,372,372.0476190476188
1,1184,372,371.57142857142844
1,1185,371,371.3809523809523
1,1186,371,371.38095238095224
1,1187,372,371.5714285714285
1,1188,372,371.95238095238074
1,1189,372,372.0952380952379
1,1190,372,371.9999999999999
1,1191,372,371.9999999999999
1,1192,372,371.9999999999999
1,1193,372,371.9999999999999
1,1194,372,371.9999999999999
1,1195,372,371.9999999999999
1,1196,372,370.9523809523808
1,1197,372,372.5238095238096
1,1198,372,375.6666666666666
1,1199,383,379.33333333333326
1,1200,383,382.47619047619037
1,1201,383,384.99999999999994
1,1202,383,382.5238095238094
1,1203,383,379.76190476190476
1,1204,373,376.28571428571416
1,1205,373,372.76190476190465
1,1206,372,371.57142857142844
1,1207,372,373.6666666666665
1,1208,376,374.4285714285714
1,1209,376,374.7142857142856
1,1210,373,374.42857142857133
1,1211,373,373.4761904761904
1,1212,374,373.38095238095224
1,1213,374,373.9523809523808
1,1214,374,374.2857142857141
1,1215,374,373.9047619047618
1,1216,374,372.9523809523808
1,1217,372,372.85714285714266
1,1218,372,373.52380952380946
1,1219,376,374.42857142857116
1,1220,376,375.38095238095224
1,1221,375,375.7619047619046
1,1222,375,375.2857142857141
1,1223,376,375.6190476190475
1,1224,376,376.3809523809524
1,1225,377,376.71428571428567
1,1226,377,376.52380952380946
1,1227,376,376.4761904761903
1,1228,376,376.3809523809523
1,1229,377,376.57142857142844
1,1230,377,376.9523809523808
1,1231,377,377.095238095238
1,1232,377,376.90476190476187
1,1233,377,377.04761904761915
1,1234,377,377.33333333333326
1,1235,378,377.4761904761903
1,1236,378,378.047619047619
1,1237,378,378.9523809523808
1,1238,380,379.23809523809496
1,1239,380,378.95238095238085
1,1240,378,378.99999999999994
1,1241,378,379.095238095238
1,1242,381,379.8095238095238
1,1243,381,380.7619047619045
1,1244,381,381.33333333333326
1,1245,381,381.52380952380946
1,1246,382,381.57142857142844
1,1247,382,380.9999999999999
1,1248,380,380.90476190476176
1,1249,380,381.3809523809523
1,1250,383,381.6666666666667
1,1251,383,381.7619047619047
1,1252,380,381.3333333333332
1,1253,380,380.3809523809522
1,1254,381,380.42857142857133
1,1255,381,381.2857142857141
1,1256,382,381.76190476190465
1,1257,382,381.85714285714283
1,1258,382,382.0476190476189
1,1259,382,382.38095238095224
1,1260,383,382.9047619047618
1,1261,384,383.6666666666665
1,1262,384,384.6666666666666
1,1263,385,384.61904761904754
1,1264,385,383.7619047619046
1,1265,382,383.19047619047615
1,1266,382,382.9047619047618
1,1267,384,382.9999999999998
1,1268,384,383.4761904761904
1,1269,383,383.5714285714284
1,1270,383,383.4761904761903
1,1271,384,383.52380952380935
1,1272,384,383.33333333333326
1,1273,383,383.57142857142844
1,1274,383,384.2380952380952
1,1275,386,384.80952380952374
1,1276,386,384.90476190476176
1,1277,384,385.17142857142863
1,1278,384,384.82857142857137
1,1279,387,386.94999999999993
1,1280,385,380.190476190476
1,1281,385,385.5714285714284
1,1282,388,388.2380952380952
1,1283,388,386.1428571428569
1,1284,384,385.8095238095236
1,1285,384,385.7142857142856
1,1286,388,386.19047619047603
1,1287,388,386.9523809523809
1,1288,386,387.14285714285694
1,1289,386,387.0476190476189
1,1290,388,386.9999999999998
1,1291,388,386.71428571428555
1,1292,385,386.28571428571416
1,1293,385,385.9047619047617
1,1294,387,385.99999999999994
1,1295,387,386.57142857142856
1,1296,386,386.42857142857133
1,1297,386,386.09523809523796
1,1298,386,386.42857142857144
1,1299,387,386.5714285714285
1,1300,387,386.285714285714
1,1301,385,385.7619047619046
1,1302,385,384.9047619047618
1,1303,385,384.90476190476176
1,1304,385,385.7619047619045
1,1305,387,386.28571428571416
1,1306,387,386.3809523809523
1,1307,386,386.61904761904736
1,1308,386,386.61904761904754
1,1309,388,387.2857142857141
1,1310,388,388.2380952380952
1,1311,389,388.85714285714255
1,1312,389,388.9523809523808
1,1313,389,389.0952380952379
1,1314,389,388.99999999999983
1,1315,389,388.99999999999983
1,1316,389,388.99999999999983
1,1317,389,388.99999999999983
1,1318,389,389.0952380952381
1,1319,389,388.95238095238096
1,1320,389,388.57142857142844
1,1321,388,388.4761904761905
1,1322,388,388.33333333333326
1,1323,389,388.238095238095
1,1324,388,388.2857142857143
1,1325,388,388.14285714285705
1,1326,388,387.90476190476176
1,1327,388,387.8095238095236
1,1328,388,388.095238095238
1,1329,388,388.76190476190453
1,1330,390,389.28571428571405
1,1331,390,389.4761904761903
1,1332,389,389.5714285714285
1,1333,389,389.28571428571405
1,1334,390,389.6190476190474
1,1335,390,390.28571428571416
1,1336,391,390.76190476190465
1,1337,391,390.95238095238085
1,1338,391,391.0952380952379
1,1339,391,390.90476190476164
1,1340,391,391.0476190476189
1,1341,391,391.3333333333332
1,1342,392,391.66666666666646
1,1343,392,391.9523809523807
1,1344,392,392.09523809523785
1,1345,392,391.9999999999999
1,1346,392,391.9999999999999
1,1347,392,391.9999999999999
1,1348,392,391.9999999999999
1,1349,392,391.9999999999999
1,1350,392,391.9047619047617
1,1351,392,392.047619047619
1,1352,392,392.4285714285713
1,1353,393,392.61904761904754
1,1354,393,392.61904761904754
1,1355,392,392.4285714285714
1,1356,392,392.047619047619
1,1357,392,391.90476190476187
1,1358,392,391.9047619047617
1,1359,392,392.047619047619
1,1360,392,392.33333333333314
1,1361,393,392.5714285714284
1,1362,393,393.00000000000006
1,1363,393,393.4285714285711
1,1364,394,393.6666666666666
1,1365,394,393.95238095238057
1,1366,394,394.09523809523796
1,1367,394,393.9999999999999
1,1368,394,393.9999999999999
1,1369,394,393.9999999999999
1,1370,394,393.9999999999999
1,1371,394,393.9999999999999
1,1372,394,393.9999999999999
1,1373,394,393.9999999999999
1,1374,394,393.9999999999999
1,1375,394,393.9999999999999
1,1376,394,393.9999999999999
1,1377,394,393.9999999999999
1,1378,394,393.9999999999999
1,1379,394,393.9999999999999
1,1380,394,394.09523809523796
1,1381,394,393.9523809523809
1,1382,394,393.57142857142844
1,1383,393,393.3809523809522
1,1384,393,393.38095238095235
1,1385,394,393.57142857142844
1,1386,394,394.04761904761887
1,1387,394,394.04761904761887
1,1388,394,393.66666666666674
1,1389,393,393.3333333333333
1,1390,393,393.0476190476189
1,1391,393,392.9047619047618
1,1392,393,393.09523809523796
1,1393,393,392.95238095238096
1,1394,393,392.6666666666664
1,1395,392,392.33333333333326
1,1396,392,392.047619047619
1,1397,392,391.90476190476187
1,1398,392,391.9999999999999
1,1399,392,392.19047619047615
1,1400,392,391.90476190476176
1,1401,392,392.095238095238
1,1402,390,390.28571428571416
1,1403,390,387.4285714285714
1,1404,382,384.3809523809523
1,1405,382,382.42857142857133
1,1406,382,380.71428571428544
1,1407,383,383.0952380952379
1,1408,383,385.8571428571426
1,1409,392,389.14285714285705
1,1410,392,391.90476190476176
1,1411,393,393.52380952380946
1,1412,393,392.9523809523808
1,1413,393,393.09523809523796
1,1414,393,393.09523809523796
1,1415,393,392.95238095238096
1,1416,393,392.5714285714284
1,1417,392,392.38095238095224
1,1418,392,392.57142857142867
1,1419,393,392.47619047619037
1,1420,393,392.28571428571416
1,1421,391,391.7619047619046
1,1422,391,390.99999999999983
1,1423,391,390.8571428571428
1,1424,391,391.3333333333332
1,1425,392,391.5714285714283
1,1426,392,391.9999999999997
1,1427,392,392.5238095238096
1,1428,393,392.61904761904754
1,1429,393,392.61904761904754
1,1430,392,392.4285714285714
1,1431,392,392.1428571428571
1,1432,392,391.8571428571427
1,1433,392,391.5714285714285
1,1434,391,391.38095238095224
1,1435,391,391.38095238095207
1,1436,392,391.57142857142844
1,1437,392,392.04761904761887
1,1438,392,392.047619047619
1,1439,392,391.5714285714285
1,1440,391,391.38095238095224
1,1441,391,391.66666666666646
1,1442,392,391.23809523809524
1,1443,392,391.0476190476188
1,1444,389,390.95238095238085
1,1445,391,390.38095238095224
1,1446,391,389.8571428571427
1,1447,389,389.90476190476187
1,1448,389,389.7142857142855
1,1449,390,389.33333333333326
1,1450,390,388.66666666666674
1,1451,387,388.2380952380953
1,1452,387,388.4285714285713
1,1453,390,388.5714285714286
1,1454,390,388.6666666666666
1,1455,387,388.3809523809523
1,1456,387,388.095238095238
1,1457,389,387.90476190476176
1,1458,389,387.61904761904754
1,1459,386,387.3333333333332
1,1460,386,387.33333333333326
1,1461,389,387.61904761904754
1,1462,389,388.2857142857141
1,1463,387,387.9047619047619
1,1464,387,386.7619047619047
1,1465,386,386.2380952380951
1,1466,386,385.99999999999994
1,1467,386,385.66666666666646
1,1468,385,385.2857142857143
1,1469,385,384.80952380952374
1,1470,384,384.1904761904761
1,1471,384,383.61904761904754
1,1472,383,383.28571428571416
1,1473,383,383.3809523809523
1,1474,384,383.57142857142856
1,1475,384,383.9523809523808
1,1476,384,384.095238095238
1,1477,384,384.19047619047603
1,1478,384,383.9047619047617
1,1479,384,383.142857142857
1,1480,382,382.76190476190465
1,1481,382,382.95238095238085
1,1482,384,382.8571428571427
1,1483,384,383.33333333333337
1,1484,382,383.8095238095237
1,1485,384,383.28571428571416
1,1486,384,382.52380952380946
1,1487,381,382.2857142857142
1,1488,381,382.095238095238
1,1489,383,381.9047619047618
1,1490,383,381.7142857142856
1,1491,380,381.2857142857142
1,1492,380,381.190476190476
1,1493,382,380.8571428571428
1,1494,382,380.28571428571416
1,1495,378,379.6666666666664
1,1496,378,379.47619047619037
1,1497,381,379.4761904761902
1,1498,381,379.8571428571427
1,1499,378,379.2857142857142
1,1500,378,378.2380952380951
1,1501,378,377.6666666666665
1,1502,378,377.57142857142827
1,1503,377,377.3809523809523
1,1504,377,377.5714285714283
1,1505,378,377.2857142857141
1,1506,378,377.3809523809522
1,1507,376,377.52380952380946
1,1508,378,377.38095238095224
1,1509,378,377.2857142857141
1,1510,377,377.57142857142844
1,1511,377,377.6666666666665
1,1512,378,377.4285714285712
1,1513,378,376.76190476190465
1,1514,375,376.19047619047603
1,1515,375,376.09523809523796
1,1516,377,375.9047619047618
1,1517,377,375.90476190476187
1,1518,374,375.19047619047615
1,1519,374,374.14285714285694
1,1520,374,373.7142857142856
1,1521,374,373.99999999999994
1,1522,374,373.99999999999994
1,1523,374,374.190476190476
1,1524,374,373.9047619047618
1,1525,374,373.142857142857
1,1526,372,372.9523809523809
1,1527,372,372.6666666666665
1,1528,374,372.47619047619025
1,1529,372,372.57142857142844
1,1530,372,372.28571428571405
1,1531,372,371.80952380952374
1,1532,372,371.9999999999999
1,1533,372,372.0000000000002
1,1534,372,371.9999999999999
1,1535,372,371.9999999999999
1,1536,372,371.04761904761887
1,1537,371,371.1428571428571
1,1538,371,371.14285714285705
1,1539,371,370.9523809523809
1,1540,371,371.33333333333326
1,1541,372,371.66666666666646
1,1542,372,372.0476190476189
1,1543,372,372.0476190476188
1,1544,372,371.57142857142844
1,1545,371,371.28571428571405
1,1546,371,371.42857142857133
1,1547,372,371.9999999999998
1,1548,373,372.57142857142844
1,1549,373,372.71428571428555
1,1550,372,372.42857142857133
1,1551,372,372.0476190476189
1,1552,372,371.9047619047618
1,1553,372,372.095238095238
1,1554,372,371.9523809523808
1,1555,372,371.76190476190476
1,1556,371,371.28571428571405
1,1557,371,370.61904761904765
1,1558,370,370.2857142857142
1,1559,370,370.38095238095235
1,1560,371,370.5714285714283
1,1561,371,370.8571428571428
1,1562,371,371.14285714285705
1,1563,371,371.42857142857133
1,1564,372,371.6190476190475
1,1565,372,371.61904761904754
1,1566,371,371.42857142857144
1,1567,371,371.047619047619
1,1568,371,370.90476190476176
1,1569,371,371.095238095238
1,1570,371,370.85714285714266
1,1571,371,370.71428571428567
1,1572,370,370.66666666666663
1,1573,371,370.7142857142856
1,1574,371,370.85714285714266
1,1575,371,371.09523809523796
1,1576,371,370.9999999999999
1,1577,371,370.9999999999999
1,1578,371,370.9999999999999
1,1579,371,370.9999999999999
1,1580,371,370.9999999999999
1,1581,371,370.9999999999999
1,1582,371,371.095238095238
1,1583,371,371.0000000000001
1,1584,371,370.74285714285696
1,1585,370,370.04999999999995
2,0,371,371.80952380952374
2,1,371,378.52380952380946
2,2,394,386.42857142857133
2,3,394,392.90476190476176
2,4,394,396.190476190476
2,5,394,394.09523809523796
2,6,394,393.9523809523809
2,7,394,393.66666666666674
2,8,393,393.3333333333333
2,9,393,393.0476190476189
2,10,393,392.9047619047618
2,11,393,392.99999999999994
2,12,393,392.99999999999994
2,13,393,392.99999999999994
2,14,393,392.99999999999994
2,15,393,392.99999999999994
2,16,393,392.99999999999994
2,17,393,392.99999999999994
2,18,393,392.99999999999994
2,19,393,392.99999999999994
2,20,393,392.90476190476176
2,21,393,393.0476190476189
2,22,393,393.4285714285713
2,23,394,393.6190476190475
2,24,394,393.61904761904765
2,25,393,393.4285714285713
2,26,393,392.9523809523808
2,27,393,392.9523809523808
2,28,393,393.4285714285713
2,29,394,393.6190476190475
2,30,394,393.61904761904765
2,31,393,393.4285714285713
2,32,393,392.9523809523808
2,33,393,392.9523809523808
2,34,393,393.33333333333314
2,35,394,393.6666666666666
2,36,394,393.95238095238057
2,37,394,394.1904761904761
2,38,394,393.9523809523809
2,39,394,393.66666666666674
2,40,393,393.3333333333333
2,41,393,393.0476190476189
2,42,393,392.9047619047618
2,43,393,392.99999999999994
2,44,393,392.99999999999994
2,45,393,392.99999999999994
2,46,393,394.3333333333331
2,47,393,392.33333333333314
2,48,393,388.3333333333333
2,49,379,383.8571428571429
2,50,379,379.57142857142844
2,51,379,375.4761904761903
2,52,377,378.4285714285712
2,53,377,382.33333333333314
2,54,393,387.61904761904754
2,55,393,392.5238095238094
2,56,394,394.9523809523808
2,57,393,393.2380952380952
2,58,393,392.90476190476176
2,59,392,392.190476190476
2,60,392,391.7142857142856
2,61,391,391.23809523809507
2,62,391,391.047619047619
2,63,391,390.9047619047619
2,64,391,390.99999999999994
2,65,391,390.99999999999994
2,66,391,390.90476190476164
2,67,391,391.0476190476189
2,68,391,391.23809523809507
2,69,392,391.7142857142857
2,70,392,392.38095238095224
2,71,393,392.7142857142855
2,72,393,392.71428571428555
2,73,392,392.3809523809524
2,74,392,391.7142857142856
2,75,391,391.14285714285694
2,76,391,391.09523809523824
2,77,391,391.14285714285694
2,78,392,391.7142857142857
2,79,392,392.2857142857141
2,80,393,392.76190476190453
2,81,393,393.0476190476189
2,82,393,393.0476190476189
2,83,393,392.5714285714284
2,84,392,392.38095238095224
2,85,392,392.47619047619037
2,86,393,392.52380952380935
2,87,393,392.61904761904754
2,88,392,392.4285714285714
2,89,392,392.047619047619
2,90,392,391.90476190476187
2,91,392,392.095238095238
2,92,392,391.95238095238085
2,93,392,391.76190476190476
2,94,391,391.28571428571416
2,95,391,390.61904761904754
2,96,390,390.28571428571416
2,97,390,390.4761904761904
2,98,391,390.5238095238095
2,99,391,390.6190476190476
2,100,390,390.4285714285714
2,101,390,390.142857142857
2,102,390,389.66666666666674
2,103,390,389.76190476190465
2,104,389,390.190476190476
2,105,391,390.28571428571416
2,106,391,389.95238095238085
2,107,389,389.95238095238074
2,108,389,389.76190476190465
2,109,391,390.142857142857
2,110,391,390.9047619047618
2,111,391,391.19047619047603
2,112,391,390.99999999999994
2,113,391,390.99999999999994
2,114,391,391.09523809523796
2,115,391,390.9523809523811
2,116,391,390.7619047619048
2,117,390,390.28571428571416
2,118,390,389.6190476190475
2,119,389,389.4761904761903
2,120,389,389.2857142857142
2,121,390,388.8095238095238
2,122,388,388.6666666666666
2,123,388,388.5238095238094
2,124,389,388.4761904761904
2,125,389,388.8571428571427
2,126,389,389.1428571428571
2,127,389,389.3333333333331
2,128,390,389.6666666666666
2,129,390,389.8571428571428
2,130,390,390.142857142857
2,131,390,390.2380952380951
2,132,391,390.7142857142857
2,133,391,391.4761904761903
2,134,392,391.66666666666663
2,135,392,391.28571428571433
2,136,390,390.76190476190465
2,137,390,390.1904761904762
2,138,390,389.76190476190465
2,139,390,389.76190476190465
2,140,389,389.2857142857142
2,141,389,388.61904761904754
2,142,388,388.28571428571416
2,143,388,388.38095238095224
2,144,389,388.4761904761903
2,145,389,388.99999999999983
2,146,389,389.52380952380935
2,147,390,389.6190476190473
2,148,390,389.52380952380946
2,149,389,389.4761904761903
2,150,389,389.3809523809522
2,151,390,389.57142857142844
2,152,390,389.9523809523809
2,153,390,390.095238095238
2,154,390,390.0
2,155,390,390.0
2,156,390,390.095238095238
2,157,390,389.9523809523809
2,158,390,389.76190476190465
2,159,389,389.2857142857142
2,160,389,388.71428571428567
2,161,388,388.238095238095
2,162,388,388.0476190476189
2,163,388,388.095238095238
2,164,388,387.9047619047617
2,165,388,387.23809523809524
2,166,386,386.71428571428555
2,167,386,386.42857142857133
2,168,387,386.4761904761903
2,169,387,386.95238095238085
2,170,387,387.0952380952379
2,171,387,386.9999999999999
2,172,387,386.9999999999999
2,173,387,386.9999999999999
2,174,387,386.9999999999999
2,175,387,386.90476190476187
2,176,387,387.0476190476188
2,177,387,387.52380952380963
2,178,388,387.5714285714284
2,179,388,387.2857142857141
2,180,386,386.6666666666665
2,181,386,386.142857142857
2,182,386,386.2380952380951
2,183,387,386.6190476190476
2,184,387,386.5238095238093
2,185,386,386.4761904761903
2,186,386,386.4761904761903
2,187,387,386.52380952380935
2,188,387,386.7142857142857
2,189,386,386.38095238095224
2,190,386,385.71428571428567
2,191,385,385.2380952380951
2,192,385,385.0476190476189
2,193,385,384.9047619047618
2,194,385,385.190476190476
2,195,385,384.90476190476164
2,196,385,384.1428571428571
2,197,383,383.76190476190476
2,198,383,383.8571428571428
2,199,385,384.095238095238
2,200,385,384.5714285714285
2,201,384,384.4285714285713
2,202,384,384.095238095238
2,203,384,384.1428571428569
2,204,385,384.7142857142856
2,205,385,385.190476190476
2,206,386,385.8095238095238
2,207,386,386.2857142857142
2,208,387,386.7619047619046
2,209,387,386.8571428571427
2,210,387,387.1428571428571
2,211,387,387.52380952380963
2,212,388,387.5714285714284
2,213,388,387.38095238095224
2,214,386,386.7142857142855
2,215,386,385.7619047619046
2,216,385,385.142857142857
2,217,385,385.1428571428571
2,218,385,384.8571428571427
2,219,385,384.7619047619047
2,220,384,384.2857142857142
2,221,384,383.71428571428555
2,222,383,383.238095238095
2,223,383,383.047619047619
2,224,383,382.9999999999999
2,225,383,382.9523809523809
2,226,383,382.57142857142844
2,227,382,382.38095238095235
2,228,382,382.47619047619037
2,229,383,382.52380952380946
2,230,383,382.52380952380946
2,231,382,382.4761904761904
2,232,382,382.2857142857143
2,233,383,382.61904761904754
2,234,383,383.19047619047603
2,235,384,383.8095238095235
2,236,384,384.38095238095224
2,237,385,384.71428571428555
2,238,385,384.7142857142856
2,239,384,384.38095238095224
2,240,384,383.61904761904754
2,241,383,383.28571428571416
2,242,383,383.4761904761903
2,243,384,383.52380952380935
2,244,384,383.61904761904754
2,245,383,383.5238095238094
2,246,383,382.9999999999999
2,247,383,382.5714285714284
2,248,382,382.42857142857133
2,249,382,382.0
2,250,382,380.90476190476176
2,251,381,381.66666666666663
2,252,381,383.3809523809523
2,253,388,385.2571428571429
2,254,388,387.8
2,255,388,387.65
2,256,388,382.09523809523785
2,257,388,387.38095238095207
2,258,389,390.3809523809521
2,259,389,388.9523809523808
2,260,389,388.9999999999995
2,261,389,389.7142857142856
2,262,389,388.99999999999983
2,263,390,387.4285714285714
2,264,383,385.2380952380951
2,265,383,383.0
2,266,382,381.7142857142856
2,267,382,382.38095238095224
2,268,383,382.57142857142844
2,269,383,382.95238095238074
2,270,383,383.0952380952379
2,271,383,383.3809523809523
2,272,383,382.8095238095235
2,273,383,381.5714285714284
2,274,379,380.38095238095224
2,275,379,379.8095238095236
2,276,380,379.1428571428571
2,277,380,378.57142857142844
2,278,377,378.2857142857142
2,279,377,378.47619047619037
2,280,381,379.28571428571416
2,281,381,380.85714285714295
2,282,381,381.9047619047618
2,283,382,381.57142857142844
2,284,382,380.9999999999999
2,285,380,380.90476190476176
2,286,380,381.5714285714284
2,287,383,381.5714285714283
2,288,383,380.90476190476176
2,289,378,380.09523809523785
2,290,378,379.4285714285714
2,291,381,379.42857142857144
2,292,381,380.3809523809523
2,293,379,379.8571428571427
2,294,379,378.6190476190475
2,295,377,377.3809523809523
2,296,377,376.33333333333314
2,297,375,375.7142857142856
2,298,375,375.3333333333332
2,299,376,374.5238095238094
2,300,374,374.7619047619047
2,301,374,375.38095238095235
2,302,377,375.71428571428544
2,303,377,376.190476190476
2,304,375,375.95238095238085
2,305,375,374.99999999999994
2,306,375,374.8571428571428
2,307,375,375.33333333333326
2,308,376,375.6666666666666
2,309,376,375.95238095238085
2,310,376,376.09523809523796
2,311,376,376.0952380952381
2,312,376,375.95238095238085
2,313,376,375.6666666666665
2,314,375,375.3333333333332
2,315,375,375.0476190476189
2,316,375,374.9047619047617
2,317,375,375.0952380952379
2,318,375,374.95238095238085
2,319,375,374.6666666666665
2,320,374,374.3333333333332
2,321,374,373.9523809523808
2,322,374,373.9523809523808
2,323,374,374.5238095238093
2,324,375,374.5714285714286
2,325,375,374.1904761904761
2,326,373,373.80952380952374
2,327,373,373.42857142857133
2,328,374,373.6666666666666
2,329,374,373.8571428571427
2,330,374,373.52380952380946
2,331,372,372.6190476190475
2,332,372,371.76190476190465
2,333,371,371.1428571428571
2,334,371,371.047619047619
2,335,371,370.90476190476176
2,336,371,370.9999999999999
2,337,371,370.90476190476176
2,338,371,371.14285714285705
2,339,371,371.28571428571416
2,340,372,371.33333333333314
2,341,371,371.2857142857142
2,342,371,371.142857142857
2,343,371,370.90476190476176
2,344,371,370.90476190476176
2,345,371,371.0476190476189
2,346,371,371.42857142857133
2,347,372,371.6190476190475
2,348,372,371.61904761904754
2,349,371,371.42857142857144
2,350,371,371.047619047619
2,351,371,370.90476190476176
2,352,371,370.90476190476176
2,353,371,371.0476190476189
2,354,371,371.42857142857133
2,355,372,371.6190476190475
2,356,372,371.52380952380946
2,357,371,371.4761904761903
2,358,371,371.4761904761904
2,359,372,371.5238095238094
2,360,372,371.61904761904754
2,361,371,371.42857142857144
2,362,371,371.047619047619
2,363,371,370.90476190476176
2,364,371,370.9999999999999
2,365,371,370.9999999999999
2,366,371,370.9999999999999
2,367,371,370.9999999999999
2,368,371,370.9999999999999
2,369,371,370.9999999999999
2,370,371,370.9999999999999
2,371,371,370.9999999999999
2,372,371,370.9999999999999
2,373,371,370.9999999999999
2,374,371,370.9999999999999
2,375,371,370.9999999999999
2,376,371,370.9999999999999
2,377,371,370.9999999999999
2,378,371,370.9999999999999
2,379,371,370.9999999999999
2,380,371,370.9999999999999
2,381,371,370.9999999999999
2,382,371,370.9999999999999
2,383,371,370.9999999999999
2,384,371,370.9999999999999
2,385,371,371.095238095238
2,386,371,370.95238095238085
2,387,371,370.57142857142844
2,388,370,370.38095238095235
2,389,370,370.38095238095235
2,390,371,370.5714285714283
2,391,371,370.95238095238074
2,392,371,371.0
2,393,371,371.0476190476189
2,394,371,371.42857142857133
2,395,372,371.6190476190475
2,396,372,371.61904761904754
2,397,371,371.42857142857144
2,398,371,371.047619047619
2,399,371,370.90476190476176
2,400,371,370.9999999999999
2,401,371,370.9999999999999
2,402,371,370.90476190476176
2,403,371,371.0476190476189
2,404,371,371.42857142857133
2,405,372,371.6190476190475
2,406,372,371.52380952380946
2,407,371,371.4761904761903
2,408,371,371.28571428571416
2,409,372,371.71428571428567
2,410,372,372.2380952380951
2,411,373,372.42857142857133
2,412,372,372.2857142857142
2,413,372,371.9523809523808
2,414,372,371.99999999999983
2,415,372,372.7619047619046
2,416,374,373.2857142857142
2,417,374,373.47619047619037
2,418,373,373.5714285714285
2,419,373,373.47619047619037
2,420,374,373.5238095238094
2,421,374,373.5238095238094
2,422,373,373.4761904761904
2,423,373,373.47619047619037
2,424,374,373.5238095238094
2,425,374,373.5238095238094
2,426,373,373.4761904761904
2,427,373,373.28571428571416
2,428,374,373.6190476190475
2,429,374,374.28571428571416
2,430,375,374.76190476190465
2,431,375,374.85714285714283
2,432,375,375.14285714285705
2,433,375,375.33333333333326
2,434,376,375.5714285714284
2,435,376,375.9999999999999
2,436,376,376.52380952380946
2,437,377,376.6190476190475
2,438,377,376.61904761904754
2,439,376,376.4285714285712
2,440,376,376.0476190476189
2,441,376,375.9047619047618
2,442,376,375.9999999999999
2,443,376,375.9999999999999
2,444,376,376.0952380952381
2,445,376,375.95238095238085
2,446,376,375.6666666666665
2,447,375,375.3333333333332
2,448,375,375.14285714285705
2,449,375,374.8571428571428
2,450,375,374.57142857142856
2,451,374,374.28571428571416
2,452,374,374.42857142857133
2,453,375,374.90476190476187
2,454,376,375.8095238095237
2,455,376,375.4761904761903
2,456,376,375.66666666666663
2,457,374,376.3333333333333
2,458,379,377.4285714285714
2,459,379,378.8571428571427
2,460,379,379.33333333333326
2,461,379,378.0
2,462,376,377.19047619047603
2,463,376,376.04761904761887
2,464,376,375.04761904761887
2,465,374,374.6666666666666
2,466,374,374.1904761904762
2,467,374,373.7619047619046
2,468,374,373.47619047619037
2,469,373,373.42857142857133
2,470,373,373.8095238095236
2,471,375,374.1904761904761
2,472,375,374.28571428571416
2,473,374,374.6666666666665
2,474,374,375.2380952380951
2,475,377,375.80952380952374
2,476,377,375.80952380952374
2,477,375,376.1428571428571
2,478,375,376.52380952380946
2,479,379,377.4285714285714
2,480,379,378.3809523809523
2,481,378,378.76190476190465
2,482,378,378.095238095238
2,483,379,378.71428571428555
2,484,379,380.047619047619
2,485,382,381.23809523809507
2,486,382,381.42857142857133
2,487,381,380.95238095238074
2,488,379,379.7142857142858
2,489,379,378.99999999999983
2,490,379,378.8095238095236
2,491,379,378.99999999999983
2,492,379,378.99999999999983
2,493,379,378.6190476190475
2,494,379,379.1904761904761
2,495,379,380.2380952380951
2,496,383,381.7142857142856
2,497,383,383.23809523809507
2,498,384,384.0
2,499,384,383.5238095238093
2,500,383,383.47619047619025
2,501,383,383.3809523809523
2,502,384,383.57142857142856
2,503,384,384.04761904761887
2,504,384,384.23809523809524
2,505,384,383.57142857142844
2,506,383,382.47619047619037
2,507,381,381.80952380952374
2,508,381,382.04761904761887
2,509,383,381.97142857142865
2,510,383,381.91428571428565
2,511,379,379.09999999999985
2,512,379,377.14285714285694
2,513,382,380.4285714285713
2,514,382,382.2857142857143
2,515,381,381.66666666666674
2,516,381,381.38095238095235
2,517,382,381.5714285714285
2,518,382,381.76190476190465
2,519,382,382.1904761904761
2,520,382,382.7619047619046
2,521,384,383.28571428571416
2,522,384,383.7619047619046
2,523,383,383.142857142857
2,524,383,382.5238095238094
2,525,381,382.9523809523808
2,526,384,382.90476190476187
2,527,384,382.0476190476191
2,528,380,381.76190476190465
2,529,380,381.38095238095224
2,530,383,381.5238095238095
2,531,383,381.90476190476187
2,532,381,382.095238095238
2,533,381,382.4761904761905
2,534,384,382.6190476190475
2,535,384,382.3333333333333
2,536,380,381.71428571428555
2,537,380,380.9523809523809
2,538,382,380.90476190476187
2,539,382,381.3809523809523
2,540,381,381.61904761904754
2,541,381,381.9999999999998
2,542,383,382.0952380952379
2,543,383,381.52380952380935
2,544,380,381.38095238095246
2,545,380,381.7619047619047
2,546,384,382.23809523809524
2,547,384,382.6190476190475
2,548,381,382.4761904761902
2,549,381,381.9047619047618
2,550,383,381.71428571428567
2,551,383,382.7142857142856
2,552,382,383.5238095238094
2,553,385,384.04761904761887
2,554,385,384.5714285714285
2,555,385,385.38095238095235
2,556,385,385.57142857142856
2,557,387,386.3809523809523
2,558,387,387.23809523809524
2,559,388,387.8571428571428
2,560,388,387.8571428571428
2,561,388,388.14285714285705
2,562,388,388.238095238095
2,563,389,388.71428571428567
2,564,389,389.3809523809522
2,565,390,389.7142857142855
2,566,390,389.4285714285714
2,567,389,389.52380952380935
2,568,389,389.80952380952374
2,569,391,390.190476190476
2,570,391,390.47619047619037
2,571,390,390.66666666666634
2,572,390,390.33333333333326
2,573,391,390.14285714285705
2,574,390,390.33333333333326
2,575,390,390.57142857142844
2,576,391,390.5238095238095
2,577,391,390.6190476190476
2,578,390,390.4285714285714
2,579,390,389.95238095238085
2,580,390,389.95238095238085
2,581,390,390.33333333333326
2,582,391,390.6666666666665
2,583,391,390.95238095238085
2,584,391,391.0952380952379
2,585,391,391.09523809523796
2,586,391,390.9523809523811
2,587,391,390.57142857142844
2,588,390,390.38095238095224
2,589,390,390.4761904761904
2,590,391,390.4285714285714
2,591,391,390.6666666666664
2,592,390,390.8571428571428
2,593,391,390.6666666666665
2,594,391,390.33333333333326
2,595,390,390.5238095238093
2,596,390,390.8095238095238
2,597,392,391.19047619047603
2,598,392,391.47619047619037
2,599,391,391.5714285714285
2,600,391,391.47619047619037
2,601,392,391.52380952380946
2,602,392,391.5238095238093
2,603,391,391.4761904761902
2,604,391,391.38095238095207
2,605,392,391.57142857142844
2,606,392,391.9523809523807
2,607,392,392.09523809523785
2,608,392,392.095238095238
2,609,392,391.95238095238085
2,610,392,391.5714285714285
2,611,391,391.38095238095224
2,612,391,391.38095238095207
2,613,392,391.57142857142844
2,614,392,391.9523809523807
2,615,392,392.09523809523785
2,616,392,391.9999999999999
2,617,392,391.9999999999999
2,618,392,391.9999999999999
2,619,392,391.9999999999999
2,620,392,391.9999999999999
2,621,392,391.9047619047617
2,622,392,392.047619047619
2,623,392,392.33333333333314
2,624,393,392.6666666666664
2,625,393,393.0476190476189
2,626,393,393.0476190476189
2,627,393,392.5714285714284
2,628,392,392.38095238095224
2,629,392,392.3809523809523
2,630,393,392.5714285714285
2,631,393,392.9523809523808
2,632,393,393.09523809523796
2,633,393,392.99999999999994
2,634,393,392.99999999999994
2,635,393,393.09523809523796
2,636,393,392.95238095238096
2,637,393,392.5714285714284
2,638,392,392.47619047619037
2,639,392,392.3333333333333
2,640,393,392.2380952380951
2,641,392,392.2857142857143
2,642,392,392.04761904761887
2,643,392,391.95238095238085
2,644,392,392.4285714285713
2,645,393,392.61904761904754
2,646,393,392.52380952380923
2,647,392,392.47619047619037
2,648,392,392.47619047619037
2,649,393,392.52380952380935
2,650,393,392.61904761904754
2,651,392,392.4285714285714
2,652,392,391.952380952381
2,653,392,391.95238095238085
2,654,392,392.4285714285713
2,655,393,392.52380952380923
2,656,393,392.6666666666666
2,657,392,392.76190476190453
2,658,393,392.8095238095236
2,659,393,392.8095238095237
2,660,393,393.7142857142856
2,661,392,391.8571428571429
2,662,392,388.8095238095237
2,663,382,385.1904761904761
2,664,382,382.047619047619
2,665,381,380.4285714285712
2,666,381,381.5714285714285
2,667,382,381.4761904761904
2,668,382,380.9999999999999
2,669,380,380.90476190476176
2,670,380,380.33333333333314
2,671,383,382.1904761904761
2,672,383,385.6190476190475
2,673,391,388.5714285714284
2,674,391,390.28571428571416
2,675,390,391.0952380952379
2,676,390,389.8571428571426
2,677,390,389.99999999999983
2,678,390,391.04761904761915
2,679,392,391.14285714285694
2,680,392,390.3809523809523
2,681,388,389.6190476190475
2,682,388,388.95238095238085
2,683,390,388.90476190476204
2,684,390,389.4761904761903
2,685,389,389.4761904761902
2,686,389,389.4285714285712
2,687,390,390.09523809523796
2,688,391,390.5238095238093
2,689,391,390.5714285714284
2,690,389,389.66666666666663
2,691,389,388.61904761904754
2,692,387,387.38095238095224
2,693,387,386.1428571428571
2,694,385,385.61904761904754
2,695,385,386.3809523809522
2,696,388,386.66666666666663
2,697,388,386.4761904761903
2,698,385,386.47619047619025
2,699,385,386.7619047619046
2,700,389,387.23809523809524
2,701,389,387.80952380952345
2,702,386,387.38095238095224
2,703,386,385.9523809523809
2,704,386,385.80952380952374
2,705,386,386.7619047619046
2,706,388,387.2857142857141
2,707,388,387.5714285714283
2,708,387,387.6190476190475
2,709,387,386.9999999999999
2,710,387,386.5714285714285
2,711,386,386.33333333333314
2,712,386,386.2380952380952
2,713,386,385.80952380952357
2,714,386,385.23809523809507
2,715,384,384.7142857142856
2,716,384,384.71428571428555
2,717,385,384.33333333333314
2,718,385,383.5714285714284
2,719,382,383.28571428571405
2,720,382,383.85714285714266
2,721,386,384.19047619047615
2,722,386,384.19047619047603
2,723,382,383.8571428571429
2,724,382,383.3809523809523
2,725,385,383.4285714285712
2,726,385,384.2380952380951
2,727,383,384.2857142857142
2,728,384,383.76190476190465
2,729,384,383.7619047619046
2,730,384,384.095238095238
2,731,384,384.09523809523796
2,732,384,383.9523809523808
2,733,384,383.76190476190465
2,734,383,383.2857142857142
2,735,383,382.71428571428544
2,736,382,382.23809523809507
2,737,382,382.0476190476189
2,738,382,381.9047619047618
2,739,382,382.28571428571416
2,740,382,381.85714285714283
2,741,382,380.80952380952374
2,742,379,380.09523809523785
2,743,379,379.90476190476187
2,744,381,379.9999999999999
2,745,381,380.4761904761903
2,746,380,380.5714285714284
2,747,380,380.3809523809523
2,748,381,380.57142857142856
2,749,381,381.04761904761887
2,750,381,381.04761904761887
2,751,381,380.6666666666666
2,752,380,380.33333333333314
2,753,380,380.04761904761887
2,754,380,379.9047619047617
2,755,380,379.99999999999983
2,756,380,379.99999999999983
2,757,380,379.99999999999983
2,758,380,380.1904761904761
2,759,380,379.90476190476187
2,760,380,379.142857142857
2,761,378,378.76190476190465
2,762,378,378.95238095238085
2,763,380,379.04761904761904
2,764,380,379.23809523809507
2,765,378,379.0285714285715
2,766,378,378.0571428571426
2,767,378,378.09999999999997
2,768,378,375.0476190476189
2,769,377,376.8571428571427
2,770,377,377.90476190476176
2,771,377,376.8571428571427
2,772,377,376.4761904761903
2,773,376,376.52380952380946
2,774,376,376.66666666666663
2,775,378,376.99999999999994
2,776,377,377.19047619047615
2,777,377,376.90476190476187
2,778,376,376.2380952380951
2,779,376,376.0476190476189
2,780,376,375.9047619047618
2,781,376,375.9999999999999
2,782,376,375.9999999999999
2,783,376,376.0952380952381
2,784,376,375.95238095238085
2,785,376,375.57142857142844
2,786,375,375.38095238095224
2,787,375,375.5714285714285
2,788,376,375.4761904761905
2,789,376,375.19047619047626
2,790,374,374.8095238095237
2,791,374,374.42857142857133
2,792,375,374.4761904761905
2,793,375,374.85714285714283
2,794,375,375.3333333333332
2,795,375,375.2380952380951
2,796,376,374.90476190476187
2,797,374,374.66666666666663
2,798,374,374.7142857142855
2,799,375,374.38095238095224
2,800,375,374.2857142857141
2,801,373,373.7619047619047
2,802,373,372.90476190476176
2,803,373,372.9047619047617
2,804,373,373.85714285714283
2,805,375,374.2380952380951
2,806,375,374.2380952380951
2,807,373,373.85714285714266
2,808,373,373.00000000000006
2,809,373,372.8571428571427
2,810,373,373.4285714285714
2,811,374,373.6190476190475
2,812,374,373.6190476190475
2,813,373,373.42857142857133
2,814,373,373.14285714285717
2,815,373,372.76190476190476
2,816,373,372.7142857142856
2,817,372,372.76190476190476
2,818,373,372.6666666666666
2,819,373,372.6190476190475
2,820,372,372.3809523809521
2,821,372,371.6190476190477
2,822,371,371.28571428571416
2,823,371,371.38095238095224
2,824,372,371.5714285714285
2,825,372,372.0476190476189
2,826,372,372.0476190476188
2,827,372,371.57142857142844
2,828,371,371.3809523809523
2,829,371,371.38095238095224
2,830,372,371.5714285714285
2,831,372,371.95238095238074
2,832,372,372.0952380952379
2,833,372,371.90476190476187
2,834,372,372.0476190476188
2,835,372,372.3333333333332
2,836,373,372.76190476190465
2,837,373,372.9047619047618
2,838,373,372.6666666666665
2,839,372,372.3809523809523
2,840,372,372.2857142857141
2,841,373,372.6190476190475
2,842,373,373.3809523809523
2,843,374,373.7142857142856
2,844,374,373.6190476190475
2,845,373,373.42857142857133
2,846,373,373.0476190476189
2,847,373,372.9047619047618
2,848,373,373.095238095238
2,849,373,372.95238095238096
2,850,373,372.76190476190476
2,851,372,372.28571428571405
2,852,372,371.6190476190477
2,853,371,371.28571428571416
2,854,371,371.4761904761904
2,855,372,371.5238095238094
2,856,372,371.52380952380946
2,857,371,371.4761904761903
2,858,371,371.38095238095224
2,859,372,371.5714285714285
2,860,372,371.95238095238074
2,861,372,372.28571428571416
2,862,372,371.9047619047618
2,863,372,370.7619047619047
2,864,370,370.95238095238085
2,865,370,370.95238095238074
2,866,376,374.3809523809524
2,867,376,379.71428571428555
2,868,388,384.5714285714285
2,869,388,387.42857142857133
2,870,388,390.76190476190453
2,871,388,387.190476190476
2,872,388,382.2380952380951
2,873,371,376.71428571428555
2,874,371,372.2380952380951
2,875,372,369.99999999999994
2,876,372,371.52380952380946
2,877,371,371.4761904761903
2,878,371,371.38095238095224
2,879,372,371.5714285714285
2,880,372,371.85714285714283
2,881,372,372.142857142857
2,882,372,372.2380952380952
2,883,373,372.7142857142856
2,884,373,373.2857142857142
2,885,374,373.95238095238096
2,886,374,373.8571428571427
2,887,374,373.4285714285714
2,888,372,372.6666666666666
2,889,372,372.0
2,890,372,371.8571428571428
2,891,372,372.3333333333332
2,892,373,372.66666666666663
2,893,373,373.04761904761904
2,894,373,373.04761904761887
2,895,373,372.76190476190476
2,896,372,372.28571428571405
2,897,372,371.6190476190477
2,898,371,371.28571428571416
2,899,371,371.4761904761904
2,900,372,371.5238095238094
2,901,372,371.61904761904754
2,902,371,371.42857142857144
2,903,371,371.047619047619
2,904,371,370.90476190476176
2,905,371,370.7142857142856
2,906,371,371.1428571428571
2,907,371,372.1904761904761
2,908,374,372.6190476190475
2,909,374,373.33333333333326
2,910,372,374.0476190476191
2,911,375,374.04761904761887
2,912,375,374.33333333333326
2,913,374,374.61904761904754
2,914,374,374.33333333333326
2,915,374,373.76190476190476
2,916,374,372.5238095238094
2,917,371,372.23809523809524
2,918,371,373.19047619047603
2,919,376,373.8571428571427
2,920,376,374.14285714285717
2,921,372,373.9523809523808
2,922,372,373.2857142857142
2,923,375,373.57142857142844
2,924,375,374.4285714285713
2,925,374,374.6666666666665
2,926,374,374.57142857142844
2,927,375,374.190476190476
2,928,375,374.42857142857133
2,929,373,374.8571428571427
2,930,376,375.0476190476188
2,931,376,375.2380952380951
2,932,375,375.6666666666665
2,933,375,375.2857142857141
2,934,376,375.6190476190475
2,935,376,376.2857142857143
2,936,377,376.76190476190476
2,937,377,376.8571428571427
2,938,377,377.14285714285705
2,939,377,377.4285714285712
2,940,378,377.6190476190474
2,941,378,377.52380952380946
2,942,377,377.47619047619014
2,943,377,377.5714285714283
2,944,378,377.47619047619037
2,945,378,377.19047619047603
2,946,376,376.8095238095236
2,947,376,376.42857142857133
2,948,377,376.4761904761904
2,949,377,376.9523809523808
2,950,377,377.1904761904762
2,951,377,376.952380952381
2,952,377,376.38095238095224
2,953,376,376.4761904761903
2,954,376,377.14285714285705
2,955,379,377.8571428571427
2,956,379,378.3333333333333
2,957,378,378.7142857142855
2,958,378,378.7142857142857
2,959,380,379.2380952380951
2,960,380,379.7142857142857
2,961,380,380.28571428571416
2,962,380,380.8571428571427
2,963,382,381.238095238095
2,964,382,380.95238095238085
2,965,380,380.9999999999999
2,966,380,381.28571428571416
2,967,383,381.71428571428555
2,968,383,382.09523809523796
2,969,381,381.9999999999999
2,970,381,381.5238095238095
2,971,382,381.14285714285694
2,972,382,381.7619047619047
2,973,381,382.61904761904754
2,974,384,382.9523809523809
2,975,384,382.9047619047618
2,976,382,383.04761904761887
2,977,382,382.85714285714283
2,978,384,383.095238095238
2,979,384,383.3809523809523
2,980,383,383.6190476190474
2,981,383,383.7142857142856
2,982,385,384.2380952380952
2,983,385,384.80952380952374
2,984,385,385.2380952380951
2,985,385,385.42857142857133
2,986,386,385.6190476190474
2,987,386,385.61904761904754
2,988,385,385.42857142857133
2,989,385,385.0476190476189
2,990,385,384.9047619047618
2,991,385,384.9047619047618
2,992,385,385.1428571428571
2,993,385,385.28571428571416
2,994,386,385.04761904761887
2,995,385,385.42857142857133
2,996,385,386.2380952380951
2,997,388,386.8571428571428
2,998,388,387.42857142857133
2,999,387,387.66666666666663
2,1000,387,387.47619047619037
2,1001,388,387.52380952380946
2,1002,388,387.3333333333332
2,1003,387,387.5714285714285
2,1004,387,388.2380952380951
2,1005,390,388.8095238095237
2,1006,390,389.1904761904759
2,1007,388,388.9523809523808
2,1008,388,387.9047619047619
2,1009,388,387.90476190476176
2,1010,388,388.76190476190453
2,1011,390,389.1904761904759
2,1012,390,389.6190476190473
2,1013,389,389.8571428571427
2,1014,390,389.7142857142856
2,1015,390,389.8571428571428
2,1016,390,390.095238095238
2,1017,390,390.0
2,1018,390,390.0
2,1019,390,390.0
2,1020,390,390.0
2,1021,390,390.0000000000001
2,1022,390,389.9999999999999
2,1023,390,389.9999999999999
2,1024,390,383.3333333333332
2,1025,390,388.61904761904754
2,1026,389,391.23809523809507
2,1027,389,388.8571428571427
2,1028,389,388.99999999999983
2,1029,389,389.66666666666634
2,1030,391,390.33333333333326
2,1031,391,390.9047619047618
2,1032,391,391.19047619047603
2,1033,391,390.90476190476164
2,1034,391,391.0476190476189
2,1035,391,391.3333333333332
2,1036,392,391.66666666666646
2,1037,392,391.9523809523807
2,1038,392,391.99999999999983
2,1039,392,392.047619047619
2,1040,392,392.33333333333314
2,1041,393,392.6666666666664
2,1042,393,393.0476190476189
2,1043,393,393.0476190476189
2,1044,393,392.6666666666664
2,1045,392,392.33333333333326
2,1046,392,392.1428571428571
2,1047,392,391.8571428571427
2,1048,392,391.66666666666663
2,1049,391,391.33333333333337
2,1050,391,391.047619047619
2,1051,391,390.9047619047619
2,1052,391,390.99999999999994
2,1053,391,390.99999999999994
2,1054,391,390.90476190476164
2,1055,391,391.0476190476189
2,1056,391,391.3333333333332
2,1057,392,391.66666666666646
2,1058,392,391.9523809523807
2,1059,392,391.99999999999983
2,1060,392,392.047619047619
2,1061,392,392.4285714285713
2,1062,393,392.61904761904754
2,1063,393,392.61904761904754
2,1064,392,392.4285714285714
2,1065,392,391.952380952381
2,1066,392,391.95238095238085
2,1067,392,392.33333333333314
2,1068,393,392.6666666666664
2,1069,393,392.9523809523808
2,1070,393,394.7142857142858
2,1071,393,392.19047619047615
2,1072,393,387.3333333333332
2,1073,376,381.95238095238085
2,1074,376,376.6666666666665
2,1075,376,371.5714285714285
2,1076,373,374.90476190476176
2,1077,373,379.47619047619037
2,1078,392,385.3809523809523
2,1079,392,390.99999999999994
2,1080,392,393.85714285714283
2,1081,392,392.4285714285713
2,1082,393,392.52380952380923
2,1083,393,392.6666666666666
2,1084,392,392.85714285714266
2,1085,393,392.6666666666666
2,1086,393,392.5238095238094
2,1087,392,392.4285714285714
2,1088,392,392.1428571428571
2,1089,392,391.8571428571427
2,1090,392,391.76190476190476
2,1091,391,391.28571428571416
2,1092,391,390.71428571428555
2,1093,390,390.2380952380951
2,1094,390,390.142857142857
2,1095,390,389.8571428571429
2,1096,390,389.76190476190465
2,1097,389,389.2857142857142
2,1098,389,388.5238095238094
2,1099,388,388.333333333333
2,1100,388,388.71428571428567
2,1101,390,389.2380952380952
2,1102,390,389.9047619047617
2,1103,390,390.19047619047603
2,1104,390,389.9047619047617
2,1105,390,390.14285714285717
2,1106,390,390.28571428571416
2,1107,391,390.33333333333326
2,1108,390,390.28571428571433
2,1109,390,390.14285714285717
2,1110,390,389.90476190476187
2,1111,390,390.095238095238
2,1112,390,389.9523809523809
2,1113,390,389.76190476190465
2,1114,389,389.2857142857142
2,1115,389,388.61904761904754
2,1116,388,388.28571428571416
2,1117,388,388.6666666666666
2,1118,389,388.4285714285713
2,1119,389,387.76190476190465
2,1120,386,387.1904761904761
2,1121,386,386.9047619047618
2,1122,388,387.0
2,1123,388,387.47619047619037
2,1124,387,387.66666666666663
2,1125,387,387.33333333333326
2,1126,388,387.23809523809507
2,1127,387,387.2857142857143
2,1128,387,387.1428571428571
2,1129,387,386.9047619047617
2,1130,387,387.2857142857143
2,1131,387,386.8571428571427
2,1132,387,385.8095238095237
2,1133,384,385.095238095238
2,1134,384,384.9047619047618
2,1135,386,385.0
2,1136,386,385.66666666666646
2,1137,385,385.4761904761903
2,1138,385,384.9047619047618
2,1139,384,384.1428571428571
2,1140,384,383.2857142857142
2,1141,382,382.61904761904754
2,1142,382,382.7142857142856
2,1143,383,382.33333333333314
2,1144,383,381.5714285714284
2,1145,380,381.2857142857142
2,1146,380,381.6666666666666
2,1147,384,382.2857142857141
2,1148,384,383.14285714285694
2,1149,382,383.14285714285694
2,1150,382,382.04761904761887
2,1151,382,381.28571428571416
2,1152,381,381.4285714285714
2,1153,381,381.9999999999998
2,1154,383,382.0952380952379
2,1155,383,381.80952380952374
2,1156,380,381.2380952380952
2,1157,380,380.6666666666665
2,1158,381,380.2857142857142
2,1159,381,379.9999999999998
2,1160,379,379.90476190476187
2,1161,379,380.47619047619037
2,1162,382,380.6190476190476
2,1163,382,380.2380952380951
2,1164,378,379.76190476190436
2,1165,378,379.47619047619037
2,1166,381,379.4761904761902
2,1167,381,379.8571428571427
2,1168,378,379.19047619047603
2,1169,378,378.19047619047615
2,1170,378,378.14285714285705
2,1171,379,378.6190476190474
2,1172,379,378.6190476190474
2,1173,378,378.4285714285712
2,1174,378,378.238095238095
2,1175,378,377.80952380952374
2,1176,378,377.33333333333326
2,1177,376,376.6666666666666
2,1178,376,376.19047619047615
2,1179,376,375.76190476190476
2,1180,376,375.7619047619048
2,1181,375,375.2857142857142
2,1182,375,374.61904761904754
2,1183,374,374.2857142857143
2,1184,374,374.47619047619025
2,1185,375,374.5238095238094
2,1186,375,374.6190476190476
2,1187,374,374.33333333333326
2,1188,374,374.0952380952379
2,1189,374,374.23809523809507
2,1190,375,374.66666666666663
2,1191,375,375.142857142857
2,1192,375,374.99999999999994
2,1193,375,374.14285714285705
2,1194,373,373.7619047619046
2,1195,373,373.85714285714266
2,1196,375,374.095238095238
2,1197,375,374.6666666666666
2,1198,374,374.4761904761906
2,1199,374,373.7142857142856
2,1200,373,373.2380952380951
2,1201,373,373.0476190476189
2,1202,373,372.9047619047618
2,1203,373,372.99999999999983
2,1204,373,373.19047619047603
2,1205,373,372.9047619047618
2,1206,373,372.142857142857
2,1207,371,371.76190476190465
2,1208,371,371.85714285714283
2,1209,373,372.095238095238
2,1210,373,372.4761904761904
2,1211,372,372.5714285714284
2,1212,372,372.47619047619025
2,1213,373,372.5238095238094
2,1214,373,372.5238095238095
2,1215,372,372.47619047619037
2,1216,372,372.47619047619025
2,1217,373,372.5238095238094
2,1218,373,372.7142857142856
2,1219,372,372.3809523809521
2,1220,372,371.7142857142857
2,1221,371,371.2380952380951
2,1222,371,370.9523809523809
2,1223,371,370.9523809523809
2,1224,371,371.42857142857133
2,1225,372,371.6190476190475
2,1226,372,371.52380952380946
2,1227,371,371.4761904761903
2,1228,371,371.4761904761904
2,1229,372,371.5238095238094
2,1230,372,371.61904761904754
2,1231,371,371.42857142857144
2,1232,371,371.047619047619
2,1233,371,370.90476190476176
2,1234,371,370.9999999999999
2,1235,371,370.9999999999999
2,1236,371,370.9999999999999
2,1237,371,370.9999999999999
2,1238,371,370.9999999999999
2,1239,371,370.9999999999999
2,1240,371,370.9999999999999
2,1241,371,370.9999999999999
2,1242,371,370.9999999999999
2,1243,371,370.90476190476176
2,1244,371,371.0476190476189
2,1245,371,371.42857142857133
2,1246,372,371.6190476190475
2,1247,372,371.52380952380946
2,1248,371,371.4761904761903
2,1249,371,371.38095238095224
2,1250,372,371.47619047619037
2,1251,372,371.9999999999999
2,1252,372,372.52380952380935
2,1253,373,372.61904761904754
2,1254,373,372.6190476190475
2,1255,372,372.42857142857133
2,1256,372,372.0476190476189
2,1257,372,371.9047619047618
2,1258,372,371.90476190476187
2,1259,372,372.0476190476188
2,1260,372,372.4285714285713
2,1261,373,372.61904761904754
2,1262,373,372.6190476190475
2,1263,372,372.42857142857133
2,1264,372,372.0476190476189
2,1265,372,371.9047619047618
2,1266,372,371.90476190476187
2,1267,372,372.0476190476188
2,1268,372,372.3333333333332
2,1269,373,372.76190476190465
2,1270,373,372.9047619047618
2,1271,373,372.7619047619048
2,1272,372,372.2380952380952
2,1273,372,372.0952380952381
2,1274,372,371.1904761904761
2,1275,373,373.19047619047615
2,1276,373,376.61904761904754
2,1277,384,380.05714285714294
2,1278,384,383.6857142857142
2,1279,384,383.45000000000005
2,1280,383,378.23809523809507
2,1281,383,379.14285714285705
2,1282,373,377.47619047619037
2,1283,373,372.4285714285713
2,1284,371,370.9047619047617
2,1285,371,372.6190476190475
2,1286,375,373.38095238095224
2,1287,375,374.1428571428568
2,1288,373,374.0476190476191
2,1289,373,373.00000000000006
2,1290,373,372.8571428571427
2,1291,373,373.4285714285714
2,1292,374,373.6190476190475
2,1293,374,373.7142857142856
2,1294,373,373.38095238095224
2,1295,373,372.5238095238094
2,1296,372,372.33333333333314
2,1297,372,372.7142857142856
2,1298,374,373.2380952380952
2,1299,374,373.9047619047618
2,1300,374,373.9047619047618
2,1301,374,374.14285714285705
2,1302,374,375.0952380952379
2,1303,377,375.9523809523808
2,1304,377,376.3333333333333
2,1305,376,376.71428571428567
2,1306,376,376.80952380952345
2,1307,378,377.19047619047603
2,1308,378,377.5714285714285
2,1309,377,377.52380952380946
2,1310,377,376.9523809523809
2,1311,377,376.9523809523808
2,1312,377,377.4285714285712
2,1313,378,377.4285714285714
2,1314,378,377.7142857142855
2,1315,377,378.3809523809522
2,1316,379,378.2380952380951
2,1317,379,377.52380952380935
2,1318,376,377.3333333333332
2,1319,376,376.95238095238085
2,1320,379,377.8095238095237
2,1321,379,379.4285714285712
2,1322,381,380.6666666666666
2,1323,381,381.33333333333314
2,1324,382,381.80952380952357
2,1325,382,381.4285714285712
2,1326,381,381.52380952380935
2,1327,381,381.61904761904754
2,1328,383,382.28571428571416
2,1329,383,383.33333333333314
2,1330,384,383.8095238095237
2,1331,384,383.2380952380952
2,1332,383,383.6190476190475
2,1333,383,384.57142857142844
2,1334,387,385.4761904761905
2,1335,387,385.85714285714255
2,1336,385,386.190476190476
2,1337,385,386.095238095238
2,1338,388,386.8095238095236
2,1339,388,387.8571428571427
2,1340,388,388.2857142857141
2,1341,388,388.0952380952379
2,1342,388,387.8571428571427
2,1343,388,387.71428571428567
2,1344,387,387.66666666666663
2,1345,388,387.71428571428567
2,1346,388,387.952380952381
2,1347,388,388.0476190476189
2,1348,388,387.5714285714285
2,1349,387,387.38095238095224
2,1350,387,387.190476190476
2,1351,388,387.66666666666646
2,1352,388,388.7142857142855
2,1353,390,389.38095238095235
2,1354,390,389.4761904761903
2,1355,389,389.5714285714285
2,1356,389,389.3809523809522
2,1357,390,389.57142857142844
2,1358,390,389.8571428571428
2,1359,390,390.142857142857
2,1360,390,390.4285714285714
2,1361,391,390.61904761904725
2,1362,391,390.4285714285714
2,1363,390,390.5238095238093
2,1364,390,390.8095238095238
2,1365,392,391.09523809523796
2,1366,392,391.6190476190475
2,1367,391,391.9523809523809
2,1368,392,391.6666666666666
2,1369,392,391.2380952380952
2,1370,391,391.5714285714285
2,1371,391,392.1428571428571
2,1372,394,392.8571428571425
2,1373,394,393.42857142857144
2,1374,393,393.6666666666666
2,1375,393,393.4761904761903
2,1376,394,393.52380952380935
2,1377,394,393.61904761904765
2,1378,393,393.4285714285713
2,1379,393,393.14285714285705
2,1380,393,392.85714285714283
2,1381,393,392.47619047619037
2,1382,392,392.4285714285713
2,1383,392,392.8095238095238
2,1384,394,393.1904761904761
2,1385,394,393.57142857142827
2,1386,393,393.52380952380946
2,1387,393,393.0476190476189
2,1388,393,392.9047619047618
2,1389,393,392.99999999999994
2,1390,393,392.99999999999994
2,1391,393,392.99999999999994
2,1392,393,392.99999999999994
2,1393,393,392.99999999999994
2,1394,393,392.99999999999994
2,1395,393,392.99999999999994
2,1396,393,392.90476190476176
2,1397,393,393.0476190476189
2,1398,393,393.4285714285713
2,1399,394,393.6190476190475
2,1400,394,393.52380952380935
2,1401,393,393.4761904761903
2,1402,393,393.38095238095235
2,1403,394,393.57142857142844
2,1404,394,394.04761904761887
2,1405,394,394.04761904761887
2,1406,394,393.57142857142844
2,1407,393,393.3809523809522
2,1408,393,393.38095238095235
2,1409,394,393.57142857142844
2,1410,394,393.95238095238057
2,1411,394,394.09523809523796
2,1412,394,393.9999999999999
2,1413,394,393.9999999999999
2,1414,394,393.9999999999999
2,1415,394,393.9999999999999
2,1416,394,393.9999999999999
2,1417,394,393.9999999999999
2,1418,394,393.9999999999999
2,1419,394,393.9999999999999
2,1420,394,393.9999999999999
2,1421,394,393.9999999999999
2,1422,394,393.9999999999999
2,1423,394,394.09523809523796
2,1424,394,393.9523809523809
2,1425,394,393.66666666666674
2,1426,393,393.3333333333333
2,1427,393,393.0476190476189
2,1428,393,392.9047619047618
2,1429,393,392.99999999999994
2,1430,393,392.99999999999994
2,1431,393,392.90476190476176
2,1432,393,393.0476190476189
2,1433,393,393.4285714285713
2,1434,394,393.6190476190475
2,1435,394,393.52380952380935
2,1436,393,393.66666666666663
2,1437,393,393.2857142857142
2,1438,394,392.8095238095238
2,1439,392,392.6666666666666
2,1440,392,392.5238095238094
2,1441,393,392.47619047619037
2,1442,393,392.9523809523808
2,1443,393,393.09523809523796
2,1444,393,392.99999999999994
2,1445,393,392.99999999999994
2,1446,393,392.99999999999994
2,1447,393,392.99999999999994
2,1448,393,393.09523809523796
2,1449,393,392.95238095238096
2,1450,393,392.6666666666664
2,1451,392,392.33333333333326
2,1452,392,392.2380952380952
2,1453,392,391.7142857142857
2,1454,392,391.38095238095246
2,1455,390,391.0952380952381
2,1456,391,390.7142857142857
2,1457,391,390.4285714285712
2,1458,390,390.4285714285714
2,1459,390,390.142857142857
2,1460,390,389.8571428571429
2,1461,390,389.57142857142844
2,1462,389,389.38095238095224
2,1463,389,389.47619047619037
2,1464,390,389.52380952380935
2,1465,390,389.52380952380946
2,1466,389,389.4761904761903
2,1467,389,389.47619047619037
2,1468,390,389.52380952380935
2,1469,390,389.52380952380946
2,1470,389,389.4761904761903
2,1471,389,389.47619047619037
2,1472,390,389.52380952380935
2,1473,390,389.90476190476187
2,1474,389,389.28571428571405
2,1475,389,388.0476190476189
2,1476,386,386.90476190476187
2,1477,386,386.14285714285694
2,1478,386,385.7142857142858
2,1479,386,385.99999999999994
2,1480,386,385.99999999999994
2,1481,386,385.99999999999994
2,1482,386,385.99999999999994
2,1483,386,385.99999999999994
2,1484,386,386.28571428571416
2,1485,386,385.85714285714283
2,1486,386,384.61904761904754
2,1487,383,384.19047619047603
2,1488,383,384.6666666666665
2,1489,387,385.2857142857141
2,1490,387,386.142857142857
2,1491,385,386.0476190476189
2,1492,385,385.19047619047615
2,1493,385,384.7619047619046
2,1494,385,384.2857142857141
2,1495,384,384.5238095238094
2,1496,384,385.66666666666646
2,1497,388,386.4285714285713
2,1498,388,386.71428571428567
2,1499,385,386.4285714285713
2,1500,385,385.7619047619047
2,1501,386,385.2380952380952
2,1502,386,385.04761904761887
2,1503,383,384.1428571428571
2,1504,383,382.7619047619046
2,1505,382,381.7142857142856
2,1506,381,381.3809523809522
2,1507,381,381.14285714285694
2,1508,381,380.8095238095238
2,1509,381,380.4285714285712
2,1510,379,379.6190476190475
2,1511,379,378.5714285714283
2,1512,378,378.23809523809507
2,1513,378,378.9047619047618
2,1514,380,379.142857142857
2,1515,380,379.3333333333333
2,1516,378,378.8095238095238
2,1517,378,377.8571428571427
2,1518,377,377.0952380952379
2,1519,377,376.71428571428567
2,1520,376,376.2380952380951
2,1521,376,376.14285714285705
2,1522,376,375.8571428571427
2,1523,376,375.7619047619048
2,1524,375,375.2857142857142
2,1525,375,374.71428571428567
2,1526,374,374.2380952380951
2,1527,374,374.14285714285717
2,1528,374,373.8571428571428
2,1529,374,373.57142857142856
2,1530,373,373.4761904761903
2,1531,373,373.3333333333333
2,1532,374,373.3333333333333
2,1533,373,373.3428571428572
2,1534,373,372.91428571428565
2,1535,372,372.0999999999998
2,1536,372,370.95238095238096
2,1537,371,371.19047619047615
2,1538,371,371.5714285714284
2,1539,372,371.5714285714285
2,1540,372,371.95238095238074
2,1541,372,372.0952380952379
2,1542,372,371.90476190476187
2,1543,372,372.0476190476188
2,1544,372,372.3333333333332
2,1545,373,372.66666666666663
2,1546,373,373.04761904761904
2,1547,373,373.04761904761887
2,1548,373,372.76190476190476
2,1549,372,372.095238095238
2,1550,372,371.8095238095238
2,1551,371,372.095238095238
2,1552,373,372.28571428571416
2,1553,373,372.0476190476188
2,1554,371,371.90476190476176
2,1555,371,371.52380952380946
2,1556,372,371.4285714285713
2,1557,372,371.61904761904754
2,1558,371,371.42857142857144
2,1559,371,371.047619047619
2,1560,371,370.90476190476176
2,1561,371,370.90476190476176
2,1562,371,371.0476190476189
2,1563,371,371.33333333333326
2,1564,372,371.66666666666646
2,1565,372,372.0476190476189
2,1566,372,372.0476190476188
2,1567,372,371.57142857142844
2,1568,371,371.3809523809523
2,1569,371,371.4761904761904
2,1570,372,371.4285714285712
2,1571,372,371.6666666666666
2,1572,371,371.76190476190465
2,1573,372,371.8095238095237
2,1574,372,371.9047619047618
2,1575,372,371.71428571428544
2,1576,371,371.00000000000006
2,1577,370,370.3809523809523
2,1578,370,369.85714285714283
2,1579,370,369.95238095238085
2,1580,370,370.4285714285714
2,1581,371,370.6190476190476
2,1582,371,370.5238095238095
2,1583,370,370.4761904761903
2,1584,370,370.38095238095235
2,1585,371,370.5714285714283
2,1586,371,371.047619047619
2,1587,371,371.14285714285717
2,1588,371,370.74285714285696
2,1589,370,370.04999999999995
3,0,371,372.95238095238085
3,1,371,369.5714285714285
3,2,371,371.33333333333326
3,3,371,377.4285714285714
3,4,390,383.6190476190476
3,5,390,388.6666666666664
3,6,389,391.1904761904761
3,7,389,389.5714285714286
3,8,390,389.47619047619037
3,9,390,388.99999999999983
3,10,388,388.9047619047617
3,11,388,389.38095238095224
3,12,391,389.57142857142844
3,13,391,389.90476190476187
3,14,388,389.7142857142855
3,15,389,388.76190476190453
3,16,389,388.33333333333314
3,17,388,388.42857142857133
3,18,388,388.0476190476189
3,19,388,387.90476190476176
3,20,388,387.9999999999999
3,21,388,387.9999999999999
3,22,388,388.0952380952379
3,23,388,387.952380952381
3,24,388,387.5714285714285
3,25,387,387.38095238095224
3,26,387,387.38095238095235
3,27,388,387.5714285714284
3,28,388,388.04761904761875
3,29,388,388.0476190476189
3,30,388,387.66666666666663
3,31,387,387.3333333333332
3,32,387,387.047619047619
3,33,387,386.99999999999983
3,34,387,386.95238095238085
3,35,387,386.6666666666665
3,36,386,386.33333333333314
3,37,386,386.2380952380952
3,38,386,385.80952380952357
3,39,386,385.23809523809507
3,40,384,384.7142857142856
3,41,384,384.4285714285713
3,42,385,384.47619047619025
3,43,385,384.9523809523808
3,44,385,384.99999999999983
3,45,385,385.0476190476188
3,46,385,385.2380952380951
3,47,386,385.7142857142857
3,48,386,386.2857142857142
3,49,387,386.7619047619046
3,50,387,387.0476190476188
3,51,387,387.0476190476189
3,52,387,386.76190476190476
3,53,386,386.28571428571416
3,54,386,385.9047619047617
3,55,385,385.14285714285705
3,56,385,384.38095238095224
3,57,383,383.5714285714284
3,58,383,382.99999999999983
3,59,383,383.1428571428569
3,60,383,383.1904761904761
3,61,384,382.47619047619025
3,62,381,382.04761904761887
3,63,381,382.2857142857142
3,64,383,381.8571428571428
3,65,383,381.1904761904761
3,66,379,380.71428571428567
3,67,379,380.90476190476187
3,68,383,381.095238095238
3,69,383,381.1904761904761
3,70,379,380.85714285714283
3,71,379,380.3809523809524
3,72,382,380.5238095238095
3,73,382,381.09523809523796
3,74,380,380.9999999999999
3,75,380,380.5238095238095
3,76,381,380.42857142857133
3,77,381,380.4285714285713
3,78,380,380.5238095238094
3,79,380,380.5238095238095
3,80,382,381.52380952380935
3,81,382,382.4761904761904
3,82,384,382.5714285714283
3,83,382,382.7142857142858
3,84,382,383.5714285714284
3,85,385,383.66666666666663
3,86,385,383.95238095238085
3,87,382,383.23809523809496
3,88,382,381.9999999999999
3,89,381,380.9523809523809
3,90,381,380.3809523809523
3,91,379,379.5714285714283
3,92,379,379.0952380952381
3,93,379,378.8095238095236
3,94,379,379.095238095238
3,95,379,378.952380952381
3,96,379,378.57142857142844
3,97,378,378.3809523809524
3,98,378,378.3809523809523
3,99,379,378.5714285714283
3,100,379,378.76190476190465
3,101,379,379.28571428571433
3,102,379,379.6190476190474
3,103,381,379.99999999999994
3,104,380,380.2380952380952
3,105,380,380.14285714285694
3,106,380,379.95238095238074
3,107,380,380.4285714285714
3,108,381,380.6190476190476
3,109,381,380.6190476190474
3,110,380,380.4285714285713
3,111,380,380.2380952380951
3,112,380,379.8095238095237
3,113,380,379.142857142857
3,114,378,378.76190476190465
3,115,378,379.0476190476188
3,116,380,378.9999999999999
3,117,380,378.5238095238094
3,118,377,378.38095238095224
3,119,377,378.6666666666666
3,120,381,379.2857142857142
3,121,381,379.9523809523809
3,122,379,380.142857142857
3,123,379,379.9523809523809
3,124,381,380.04761904761887
3,125,381,380.14285714285705
3,126,379,379.99999999999983
3,127,379,379.38095238095224
3,128,380,379.2380952380951
3,129,379,379.2380952380952
3,130,379,378.8095238095236
3,131,378,378.238095238095
3,132,378,377.85714285714266
3,133,378,377.99999999999983
3,134,378,378.85714285714266
3,135,380,379.23809523809496
3,136,380,379.14285714285705
3,137,378,378.90476190476176
3,138,378,378.71428571428555
3,139,379,378.33333333333326
3,140,379,377.76190476190453
3,141,376,377.19047619047603
3,142,376,376.8095238095237
3,143,378,377.0476190476189
3,144,378,377.71428571428555
3,145,378,378.4761904761902
3,146,378,378.57142857142844
3,147,380,378.3809523809523
3,148,378,378.7142857142855
3,149,378,379.4761904761904
3,150,381,379.7142857142856
3,151,381,380.1904761904762
3,152,379,379.95238095238085
3,153,379,379.0952380952381
3,154,379,378.8095238095236
3,155,379,379.095238095238
3,156,379,378.952380952381
3,157,379,378.6666666666665
3,158,378,378.3333333333331
3,159,378,378.04761904761887
3,160,378,377.90476190476176
3,161,378,377.9999999999999
3,162,378,377.9999999999999
3,163,378,377.90476190476176
3,164,378,378.04761904761887
3,165,378,378.4285714285712
3,166,379,378.6190476190474
3,167,379,378.5238095238094
3,168,378,378.4761904761903
3,169,378,378.28571428571416
3,170,379,378.6190476190475
3,171,379,379.38095238095224
3,172,380,379.7142857142855
3,173,380,379.52380952380935
3,174,379,379.57142857142844
3,175,379,379.33333333333326
3,176,380,379.33333333333326
3,177,379,379.2380952380952
3,178,379,378.71428571428567
3,179,378,378.28571428571416
3,180,378,378.3809523809523
3,181,379,378.5714285714283
3,182,379,378.85714285714266
3,183,379,379.14285714285705
3,184,379,379.238095238095
3,185,380,379.71428571428555
3,186,380,380.3809523809521
3,187,381,380.71428571428555
3,188,381,380.7142857142857
3,189,380,380.3809523809523
3,190,380,379.7142857142856
3,191,379,379.238095238095
3,192,379,379.14285714285705
3,193,379,378.85714285714266
3,194,379,378.6666666666665
3,195,378,378.3333333333331
3,196,378,378.238095238095
3,197,378,377.71428571428555
3,198,378,377.3809523809523
3,199,376,377.09523809523813
3,200,377,376.71428571428555
3,201,377,376.42857142857133
3,202,376,376.4285714285712
3,203,376,376.14285714285705
3,204,376,375.8571428571427
3,205,376,375.57142857142844
3,206,375,375.38095238095224
3,207,375,375.3809523809523
3,208,376,375.5714285714284
3,209,376,375.95238095238085
3,210,376,376.09523809523796
3,211,376,376.0952380952381
3,212,376,375.95238095238085
3,213,376,375.7619047619048
3,214,375,375.2857142857142
3,215,375,374.80952380952374
3,216,374,374.1904761904761
3,217,374,373.61904761904754
3,218,373,373.2857142857144
3,219,373,373.3809523809523
3,220,374,373.5714285714285
3,221,374,373.9523809523808
3,222,374,374.09523809523813
3,223,374,373.99999999999994
3,224,374,373.99999999999994
3,225,374,373.99999999999994
3,226,374,373.99999999999994
3,227,374,373.99999999999994
3,228,374,373.80952380952357
3,229,374,374.095238095238
3,230,374,374.76190476190465
3,231,376,375.2857142857141
3,232,376,375.5714285714284
3,233,375,375.5238095238094
3,234,375,375.0476190476189
3,235,375,374.9047619047617
3,236,375,375.0952380952379
3,237,375,374.95238095238085
3,238,375,374.6666666666665
3,239,374,374.3333333333332
3,240,374,374.04761904761904
3,241,374,373.9047619047618
3,242,374,373.9047619047618
3,243,374,374.04761904761904
3,244,374,374.3333333333332
3,245,375,374.66666666666663
3,246,375,374.9523809523808
3,247,375,374.99999999999983
3,248,375,375.047619047619
3,249,375,374.9523809523808
3,250,376,375.8571428571428
3,251,376,376.4285714285714
3,252,380,379.19047619047603
3,253,380,382.2000000000001
3,254,389,386.22857142857134
3,255,389,389.90000000000003
3,256,389,386.71428571428567
3,257,390,388.4761904761903
3,258,390,386.0952380952379
3,259,375,380.09523809523813
3,260,375,375.71428571428555
3,261,375,373.5714285714284
3,262,375,375.0952380952379
3,263,375,374.95238095238085
3,264,375,374.57142857142856
3,265,374,374.38095238095224
3,266,374,374.47619047619025
3,267,375,374.5238095238094
3,268,375,374.5238095238095
3,269,374,374.4761904761905
3,270,374,374.38095238095224
3,271,375,374.5714285714285
3,272,375,375.0476190476189
3,273,375,375.04761904761904
3,274,375,374.6666666666665
3,275,374,374.5238095238094
3,276,374,373.9523809523809
3,277,374,373.23809523809507
3,278,372,372.6666666666666
3,279,372,372.09523809523785
3,280,372,371.80952380952374
3,281,372,371.9999999999999
3,282,372,371.9999999999999
3,283,372,371.9999999999999
3,284,372,371.9999999999999
3,285,372,372.095238095238
3,286,372,371.9523809523808
3,287,372,371.6666666666665
3,288,371,371.33333333333326
3,289,371,370.9523809523809
3,290,371,370.9523809523809
3,291,371,371.33333333333326
3,292,372,371.66666666666646
3,293,372,371.95238095238074
3,294,372,372.1904761904761
3,295,372,371.9523809523808
3,296,372,371.57142857142844
3,297,371,371.3809523809523
3,298,371,371.38095238095224
3,299,372,371.5714285714285
3,300,372,372.0476190476189
3,301,372,372.0476190476188
3,302,372,371.6666666666665
3,303,371,371.33333333333326
3,304,371,371.047619047619
3,305,371,370.90476190476176
3,306,371,370.90476190476176
3,307,371,371.0476190476189
3,308,371,371.42857142857133
3,309,372,371.6190476190475
3,310,372,371.61904761904754
3,311,371,371.42857142857144
3,312,371,371.047619047619
3,313,371,370.90476190476176
3,314,371,370.9999999999999
3,315,371,370.9999999999999
3,316,371,370.9999999999999
3,317,371,370.90476190476176
3,318,371,371.0476190476189
3,319,371,371.42857142857133
3,320,372,371.6190476190475
3,321,372,371.52380952380946
3,322,371,371.4761904761903
3,323,371,371.4761904761904
3,324,372,371.5238095238094
3,325,372,371.61904761904754
3,326,371,371.42857142857144
3,327,371,371.047619047619
3,328,371,370.90476190476176
3,329,371,370.9999999999999
3,330,371,370.9999999999999
3,331,371,370.9999999999999
3,332,371,370.9999999999999
3,333,371,370.9999999999999
3,334,371,370.9999999999999
3,335,371,370.9999999999999
3,336,371,370.90476190476176
3,337,371,371.0476190476189
3,338,371,371.5238095238094
3,339,372,371.5714285714285
3,340,372,371.19047619047603
3,341,370,370.8095238095237
3,342,370,370.42857142857133
3,343,371,370.47619047619037
3,344,371,371.047619047619
3,345,371,371.04761904761887
3,346,371,370.66666666666663
3,347,370,370.3333333333333
3,348,370,370.04761904761887
3,349,370,369.90476190476187
3,350,370,369.90476190476176
3,351,370,370.0476190476189
3,352,370,370.3333333333331
3,353,371,370.6666666666665
3,354,371,370.95238095238074
3,355,371,371.09523809523796
3,356,371,370.9999999999999
3,357,371,370.9999999999999
3,358,371,370.9999999999999
3,359,371,371.095238095238
3,360,371,370.95238095238085
3,361,371,370.57142857142844
3,362,370,370.38095238095235
3,363,370,370.38095238095235
3,364,371,370.5714285714283
3,365,371,371.047619047619
3,366,371,371.04761904761887
3,367,371,370.4761904761904
3,368,370,370.42857142857133
3,369,370,370.8095238095238
3,370,372,371.1904761904761
3,371,372,371.5714285714284
3,372,371,371.52380952380923
3,373,371,370.9523809523809
3,374,371,370.9523809523809
3,375,371,371.33333333333326
3,376,372,371.66666666666646
3,377,372,371.95238095238074
3,378,372,372.0952380952379
3,379,372,371.9999999999999
3,380,372,371.9999999999999
3,381,372,371.9999999999999
3,382,372,371.9999999999999
3,383,372,371.9999999999999
3,384,372,371.9999999999999
3,385,372,371.9999999999999
3,386,372,371.9999999999999
3,387,372,371.9999999999999
3,388,372,372.095238095238
3,389,372,371.9523809523808
3,390,372,371.6666666666665
3,391,371,371.33333333333326
3,392,371,371.142857142857
3,393,371,370.85714285714266
3,394,371,370.57142857142844
3,395,370,370.38095238095235
3,396,370,370.38095238095235
3,397,371,370.5714285714283
3,398,371,370.95238095238074
3,399,371,371.09523809523796
3,400,371,370.9999999999999
3,401,371,370.90476190476176
3,402,371,371.0476190476189
3,403,371,371.33333333333326
3,404,372,371.66666666666646
3,405,372,371.95238095238074
3,406,372,372.0952380952379
3,407,372,371.9999999999999
3,408,372,371.9999999999999
3,409,372,371.9999999999999
3,410,372,371.9999999999999
3,411,372,371.9999999999999
3,412,372,371.9999999999999
3,413,372,371.9999999999999
3,414,372,371.9999999999999
3,415,372,371.80952380952374
3,416,372,372.0952380952379
3,417,372,372.7619047619046
3,418,374,373.1904761904761
3,419,374,373.61904761904736
3,420,373,373.85714285714283
3,421,374,373.7142857142856
3,422,374,373.76190476190476
3,423,374,374.14285714285705
3,424,374,374.3333333333332
3,425,375,374.66666666666663
3,426,375,374.85714285714283
3,427,375,375.14285714285705
3,428,375,375.2380952380951
3,429,376,375.7142857142855
3,430,376,376.2857142857143
3,431,377,376.76190476190476
3,432,377,377.0476190476189
3,433,377,377.0476190476189
3,434,377,376.38095238095224
3,435,376,376.4761904761903
3,436,376,377.2380952380952
3,437,379,377.8095238095237
3,438,379,378.0952380952381
3,439,377,377.99999999999983
3,440,377,377.4285714285713
3,441,378,377.4761904761904
3,442,378,377.95238095238096
3,443,378,377.99999999999983
3,444,378,378.04761904761887
3,445,378,378.23809523809507
3,446,379,378.71428571428555
3,447,379,379.38095238095224
3,448,380,379.7142857142855
3,449,380,379.52380952380935
3,450,379,379.4761904761903
3,451,379,379.3809523809523
3,452,380,379.57142857142844
3,453,380,379.9523809523808
3,454,380,379.99999999999983
3,455,380,380.047619047619
3,456,380,380.6190476190475
3,457,381,380.52380952380946
3,458,381,379.95238095238085
3,459,378,379.3809523809523
3,460,378,377.9999999999998
3,461,378,376.2380952380952
3,462,375,376.2380952380953
3,463,375,376.9999999999999
3,464,380,377.9523809523808
3,465,380,378.80952380952374
3,466,378,379.28571428571416
3,467,378,379.2857142857143
3,468,381,379.33333333333326
3,469,381,380.3809523809522
3,470,379,381.5714285714285
3,471,383,381.61904761904754
3,472,383,381.42857142857133
3,473,380,381.4761904761903
3,474,380,381.2857142857143
3,475,382,380.8095238095237
3,476,382,379.7619047619046
3,477,377,379.09523809523813
3,478,377,379.0
3,479,382,379.80952380952374
3,480,382,381.42857142857133
3,481,381,381.8095238095237
3,482,381,380.7619047619047
3,483,381,381.047619047619
3,484,381,382.1904761904759
3,485,384,382.8095238095237
3,486,384,383.23809523809507
3,487,382,383.28571428571416
3,488,383,382.76190476190465
3,489,383,382.66666666666663
3,490,383,383.1428571428569
3,491,383,383.33333333333326
3,492,384,383.6666666666665
3,493,384,383.8571428571428
3,494,384,384.14285714285694
3,495,384,384.33333333333326
3,496,385,384.66666666666663
3,497,385,385.2380952380951
3,498,385,384.9523809523807
3,499,385,383.8095238095237
3,500,382,383.09523809523796
3,501,382,382.8095238095237
3,502,384,383.047619047619
3,503,384,383.8095238095237
3,504,384,384.2380952380952
3,505,384,384.4285714285713
3,506,385,384.61904761904754
3,507,385,384.61904761904754
3,508,384,384.4285714285713
3,509,384,384.02857142857147
3,510,384,383.85714285714266
3,511,384,384.00000000000006
3,512,384,381.5238095238095
3,513,384,382.8095238095235
3,514,382,383.66666666666663
3,515,382,383.0
3,516,385,383.047619047619
3,517,383,383.5714285714283
3,518,383,383.80952380952374
3,519,384,383.4285714285713
3,520,384,383.4285714285713
3,521,383,383.52380952380946
3,522,383,383.9999999999998
3,523,385,384.09523809523785
3,524,385,383.71428571428555
3,525,382,383.28571428571416
3,526,382,382.9999999999999
3,527,384,382.95238095238074
3,528,384,383.142857142857
3,529,382,382.90476190476176
3,530,382,382.52380952380946
3,531,383,382.42857142857133
3,532,383,382.3333333333332
3,533,382,382.5714285714285
3,534,382,383.52380952380923
3,535,385,383.6666666666665
3,536,385,382.90476190476176
3,537,380,382.09523809523773
3,538,380,381.33333333333314
3,539,383,381.4761904761903
3,540,383,382.3333333333332
3,541,382,382.7142857142856
3,542,382,383.0
3,543,384,382.8095238095236
3,544,384,383.0476190476189
3,545,381,383.4761904761904
3,546,384,382.9999999999999
3,547,384,382.3809523809523
3,548,381,382.3809523809522
3,549,381,381.7142857142856
3,550,383,382.09523809523796
3,551,383,383.23809523809524
3,552,384,383.85714285714266
3,553,384,383.76190476190476
3,554,384,384.19047619047603
3,555,384,384.57142857142844
3,556,386,385.38095238095235
3,557,386,386.0476190476189
3,558,387,386.9523809523809
3,559,387,387.52380952380935
3,560,389,388.4761904761903
3,561,389,389.14285714285705
3,562,390,389.9047619047617
3,563,390,390.19047619047603
3,564,391,390.9047619047618
3,565,391,391.23809523809507
3,566,392,391.3333333333332
3,567,391,391.3333333333332
3,568,391,391.4761904761903
3,569,392,391.57142857142844
3,570,392,391.9523809523807
3,571,392,392.09523809523785
3,572,392,391.9999999999999
3,573,392,391.9999999999999
3,574,392,391.9047619047617
3,575,392,392.047619047619
3,576,392,392.33333333333314
3,577,393,392.6666666666664
3,578,393,392.9523809523808
3,579,393,393.09523809523796
3,580,393,392.99999999999994
3,581,393,392.99999999999994
3,582,393,393.09523809523796
3,583,393,392.95238095238096
3,584,393,392.6666666666664
3,585,392,392.33333333333326
3,586,392,392.047619047619
3,587,392,391.90476190476187
3,588,392,391.9047619047617
3,589,392,392.047619047619
3,590,392,392.33333333333314
3,591,393,392.6666666666664
3,592,393,392.9523809523808
3,593,393,393.1904761904761
3,594,393,392.95238095238096
3,595,393,392.6666666666664
3,596,392,392.33333333333326
3,597,392,391.952380952381
3,598,392,391.95238095238085
3,599,392,392.2380952380951
3,600,393,392.71428571428567
3,601,393,393.3809523809522
3,602,394,393.7142857142856
3,603,394,393.61904761904765
3,604,393,393.4285714285713
3,605,393,393.14285714285705
3,606,393,392.85714285714283
3,607,393,392.5714285714284
3,608,392,392.47619047619037
3,609,392,392.3333333333333
3,610,393,392.14285714285694
3,611,392,392.33333333333314
3,612,392,392.5714285714285
3,613,393,392.52380952380935
3,614,393,392.52380952380923
3,615,392,392.47619047619037
3,616,392,392.47619047619037
3,617,393,392.52380952380935
3,618,393,392.52380952380923
3,619,392,392.47619047619037
3,620,392,392.47619047619037
3,621,393,392.52380952380935
3,622,393,392.52380952380923
3,623,392,392.47619047619037
3,624,392,392.47619047619037
3,625,393,392.52380952380935
3,626,393,392.52380952380923
3,627,392,392.47619047619037
3,628,392,392.47619047619037
3,629,393,392.52380952380935
3,630,393,392.61904761904754
3,631,392,392.5238095238094
3,632,392,391.99999999999983
3,633,392,391.5714285714283
3,634,391,391.33333333333337
3,635,391,391.14285714285705
3,636,391,390.8571428571428
3,637,391,390.6666666666665
3,638,390,390.33333333333326
3,639,390,390.0476190476192
3,640,390,389.90476190476187
3,641,390,389.9047619047617
3,642,390,390.047619047619
3,643,390,390.4285714285714
3,644,391,390.61904761904725
3,645,391,390.5238095238093
3,646,390,390.4761904761904
3,647,390,390.3809523809521
3,648,391,390.5714285714284
3,649,391,390.95238095238085
3,650,391,391.0952380952379
3,651,391,390.99999999999994
3,652,391,391.09523809523796
3,653,391,390.9523809523811
3,654,391,390.7619047619048
3,655,390,390.28571428571416
3,656,390,389.80952380952374
3,657,389,389.1904761904761
3,658,389,388.71428571428567
3,659,388,388.238095238095
3,660,388,388.0476190476189
3,661,388,388.3809523809524
3,662,388,387.76190476190476
3,663,388,386.33333333333337
3,664,383,384.85714285714266
3,665,383,383.14285714285705
3,666,383,381.2857142857143
3,667,381,381.95238095238085
3,668,381,382.9999999999999
3,669,387,384.8571428571427
3,670,387,387.047619047619
3,671,388,388.2380952380951
3,672,388,387.95238095238085
3,673,388,388.09523809523785
3,674,388,388.0952380952379
3,675,388,387.8571428571427
3,676,388,387.71428571428567
3,677,387,388.04761904761887
3,678,388,387.52380952380935
3,679,388,386.5238095238094
3,680,384,385.42857142857133
3,681,384,384.2857142857142
3,682,384,383.57142857142856
3,683,384,383.6666666666664
3,684,383,383.33333333333314
3,685,383,383.2380952380951
3,686,383,382.8095238095237
3,687,383,382.2380952380951
3,688,381,381.7142857142856
3,689,381,381.42857142857144
3,690,382,381.47619047619037
3,691,382,381.9523809523809
3,692,382,382.09523809523796
3,693,382,381.71428571428555
3,694,382,382.1428571428571
3,695,382,383.1904761904761
3,696,385,383.90476190476176
3,697,385,384.38095238095224
3,698,383,383.85714285714266
3,699,383,382.2380952380952
3,700,381,381.76190476190465
3,701,381,381.66666666666663
3,702,383,381.5714285714285
3,703,381,381.52380952380923
3,704,381,380.9523809523808
3,705,380,380.1428571428571
3,706,380,380.04761904761887
3,707,380,379.9047619047617
3,708,380,380.09523809523813
3,709,380,379.9523809523809
3,710,380,379.47619047619037
3,711,379,379.42857142857133
3,712,379,379.7142857142856
3,713,381,380.2380952380951
3,714,381,380.9999999999999
3,715,381,381.142857142857
3,716,381,380.6666666666666
3,717,380,380.33333333333314
3,718,380,380.04761904761887
3,719,380,379.9047619047617
3,720,380,379.90476190476176
3,721,380,380.047619047619
3,722,380,380.52380952380935
3,723,381,380.5714285714285
3,724,381,380.2857142857141
3,725,379,379.95238095238085
3,726,379,379.0
3,727,379,378.2380952380951
3,728,377,377.6190476190474
3,729,377,376.76190476190465
3,730,376,376.14285714285705
3,731,376,376.0476190476189
3,732,376,375.9047619047618
3,733,376,376.1904761904761
3,734,376,375.90476190476176
3,735,376,375.142857142857
3,736,374,374.76190476190465
3,737,374,374.8571428571427
3,738,376,375.09523809523796
3,739,376,375.4761904761905
3,740,375,375.7619047619046
3,741,375,375.2857142857143
3,742,376,374.6190476190476
3,743,374,374.7619047619047
3,744,374,375.38095238095235
3,745,377,375.71428571428544
3,746,377,376.190476190476
3,747,375,375.95238095238085
3,748,375,375.2857142857141
3,749,375,374.7142857142855
3,750,375,374.2380952380951
3,751,373,373.71428571428567
3,752,373,373.61904761904754
3,753,374,373.3809523809523
3,754,374,373.19047619047603
3,755,372,372.80952380952385
3,756,372,372.5238095238095
3,757,373,372.4285714285713
3,758,373,372.6190476190475
3,759,372,372.42857142857133
3,760,372,372.0476190476189
3,761,372,371.9047619047618
3,762,372,371.9999999999999
3,763,372,372.095238095238
3,764,372,371.9523809523808
3,765,372,371.7428571428573
3,766,371,371.37142857142845
3,767,371,370.90000000000003
3,768,371,372.9999999999999
3,769,371,371.80952380952374
3,770,372,371.04761904761887
3,771,372,371.61904761904754
3,772,371,371.42857142857144
3,773,371,371.047619047619
3,774,371,370.90476190476176
3,775,371,370.90476190476176
3,776,371,371.0476190476189
3,777,371,371.42857142857133
3,778,372,371.6190476190475
3,779,372,371.52380952380946
3,780,371,371.4761904761903
3,781,371,371.38095238095224
3,782,372,371.6666666666666
3,783,372,371.90476190476187
3,784,372,371.76190476190476
3,785,371,371.33333333333326
3,786,371,371.047619047619
3,787,371,370.90476190476176
3,788,371,370.9999999999999
3,789,371,370.9999999999999
3,790,371,370.9999999999999
3,791,371,370.9999999999999
3,792,371,370.9999999999999
3,793,371,370.9999999999999
3,794,371,370.9999999999999
3,795,371,370.9999999999999
3,796,371,370.9999999999999
3,797,371,370.9999999999999
3,798,371,370.9999999999999
3,799,371,370.9999999999999
3,800,371,370.9999999999999
3,801,371,370.9999999999999
3,802,371,370.90476190476176
3,803,371,371.0476190476189
3,804,371,371.33333333333326
3,805,372,371.66666666666646
3,806,372,371.95238095238074
3,807,372,372.0952380952379
3,808,372,371.9999999999999
3,809,372,371.90476190476187
3,810,372,372.0476190476188
3,811,372,372.4285714285713
3,812,373,372.61904761904754
3,813,373,372.6190476190475
3,814,372,372.42857142857133
3,815,372,372.0476190476189
3,816,372,371.9047619047618
3,817,372,372.095238095238
3,818,372,371.9523809523808
3,819,372,371.6666666666665
3,820,371,371.33333333333326
3,821,371,370.9523809523809
3,822,371,370.9523809523809
3,823,371,371.33333333333326
3,824,372,371.5714285714284
3,825,372,371.9999999999999
3,826,372,372.3333333333331
3,827,373,372.7142857142856
3,828,373,373.3809523809523
3,829,374,373.7142857142856
3,830,374,373.5238095238094
3,831,373,373.4761904761904
3,832,373,373.3809523809523
3,833,374,373.5714285714285
3,834,374,373.9523809523808
3,835,374,374.09523809523813
3,836,374,373.99999999999994
3,837,374,373.99999999999994
3,838,374,374.09523809523796
3,839,374,373.95238095238096
3,840,374,373.76190476190476
3,841,373,373.2857142857142
3,842,373,372.61904761904754
3,843,372,372.19047619047603
3,844,372,372.4285714285712
3,845,373,372.90476190476187
3,846,374,373.6190476190476
3,847,374,373.8571428571428
3,848,374,374.19047619047615
3,849,374,374.76190476190465
3,850,376,375.2857142857141
3,851,376,375.38095238095235
3,852,375,375.6190476190475
3,853,375,375.8095238095237
3,854,377,376.1904761904761
3,855,377,376.4761904761904
3,856,376,376.5714285714284
3,857,376,376.3809523809523
3,858,377,376.57142857142844
3,859,377,377.0476190476189
3,860,377,377.0476190476189
3,861,377,376.7619047619048
3,862,376,376.2857142857141
3,863,376,375.71428571428555
3,864,375,375.0476190476189
3,865,375,375.142857142857
3,866,375,375.5714285714285
3,867,377,376.3333333333332
3,868,377,376.90476190476176
3,869,377,377.190476190476
3,870,377,376.9999999999999
3,871,377,376.8095238095238
3,872,377,377.2857142857143
3,873,377,377.57142857142844
3,874,379,377.4761904761904
3,875,377,377.6666666666665
3,876,377,378.14285714285705
3,877,379,378.0476190476189
3,878,379,378.142857142857
3,879,377,377.9047619047617
3,880,377,377.6190476190474
3,881,378,377.3809523809524
3,882,378,376.99999999999983
3,883,376,376.9047619047617
3,884,376,377.19047619047603
3,885,379,377.76190476190465
3,886,379,378.14285714285705
3,887,378,378.8095238095237
3,888,378,379.38095238095224
3,889,382,380.5714285714284
3,890,382,381.61904761904754
3,891,382,382.4761904761904
3,892,382,382.4761904761905
3,893,384,383.4285714285712
3,894,384,384.57142857142844
3,895,386,385.61904761904754
3,896,386,385.8571428571427
3,897,386,385.9523809523808
3,898,385,385.2857142857143
3,899,385,384.5238095238094
3,900,384,384.3333333333332
3,901,384,384.8095238095236
3,902,386,385.19047619047603
3,903,386,385.57142857142844
3,904,385,385.5238095238094
3,905,385,384.76190476190465
3,906,385,385.04761904761904
3,907,385,386.0952380952381
3,908,388,386.9523809523808
3,909,388,387.3333333333332
3,910,387,387.71428571428567
3,911,387,387.71428571428567
3,912,389,388.2380952380952
3,913,389,388.8095238095236
3,914,389,389.2380952380952
3,915,389,389.5238095238095
3,916,390,389.57142857142844
3,917,390,388.99999999999983
3,918,388,388.9047619047617
3,919,388,389.4761904761903
3,920,391,389.42857142857133
3,921,391,389.6190476190476
3,922,387,389.38095238095224
3,923,389,388.4761904761903
3,924,389,388.095238095238
3,925,388,388.57142857142827
3,926,388,388.47619047619025
3,927,389,388.5238095238096
3,928,389,388.61904761904754
3,929,388,388.42857142857133
3,930,388,387.8571428571428
3,931,388,387.9999999999999
3,932,388,388.85714285714283
3,933,390,389.2380952380952
3,934,390,389.0476190476191
3,935,388,388.95238095238096
3,936,388,388.76190476190453
3,937,390,389.14285714285705
3,938,390,389.7142857142856
3,939,390,390.3809523809523
3,940,390,390.6190476190474
3,941,392,390.90476190476176
3,942,391,391.2857142857142
3,943,391,391.6666666666666
3,944,392,391.52380952380946
3,945,392,391.5238095238093
3,946,391,391.4761904761902
3,947,391,391.5714285714285
3,948,392,391.4761904761903
3,949,392,391.0952380952381
3,950,390,390.8571428571428
3,951,390,390.8571428571428
3,952,392,391.0952380952381
3,953,392,391.5714285714283
3,954,391,391.52380952380946
3,955,391,390.95238095238085
3,956,391,390.9523809523807
3,957,391,391.42857142857116
3,958,392,391.52380952380946
3,959,392,391.6666666666664
3,960,391,391.7619047619046
3,961,392,391.71428571428555
3,962,392,391.952380952381
3,963,392,392.047619047619
3,964,392,391.66666666666663
3,965,391,391.33333333333337
3,966,391,391.047619047619
3,967,391,390.9047619047619
3,968,391,390.99999999999994
3,969,391,390.99999999999994
3,970,391,390.90476190476164
3,971,391,391.0476190476189
3,972,391,391.3333333333332
3,973,392,391.66666666666646
3,974,392,391.9523809523807
3,975,392,391.99999999999983
3,976,392,392.047619047619
3,977,392,392.4285714285713
3,978,393,392.61904761904754
3,979,393,392.61904761904754
3,980,392,392.4285714285714
3,981,392,391.952380952381
3,982,392,391.95238095238085
3,983,392,392.33333333333314
3,984,393,392.6666666666664
3,985,393,392.9523809523808
3,986,393,393.09523809523796
3,987,393,393.09523809523796
3,988,393,392.95238095238096
3,989,393,392.6666666666664
3,990,392,392.33333333333326
3,991,392,391.952380952381
3,992,392,391.95238095238085
3,993,392,392.33333333333314
3,994,393,392.6666666666664
3,995,393,392.9523809523808
3,996,393,393.09523809523796
3,997,393,392.99999999999994
3,998,393,392.99999999999994
3,999,393,392.99999999999994
3,1000,393,392.90476190476176
3,1001,393,393.0476190476189
3,1002,393,393.33333333333314
3,1003,394,393.6666666666666
3,1004,394,394.04761904761887
3,1005,394,394.04761904761887
3,1006,394,393.57142857142844
3,1007,393,393.3809523809522
3,1008,393,393.4761904761903
3,1009,394,393.52380952380935
3,1010,394,393.52380952380935
3,1011,393,393.4761904761903
3,1012,393,393.38095238095235
3,1013,394,393.57142857142844
3,1014,394,394.04761904761887
3,1015,394,394.04761904761887
3,1016,394,393.66666666666674
3,1017,393,393.3333333333333
3,1018,393,393.0476190476189
3,1019,393,392.9047619047618
3,1020,393,392.99999999999994
3,1021,393,393.0000000000001
3,1022,393,392.99999999999983
3,1023,393,393.0000000000001
3,1024,392,386.9523809523808
3,1025,392,391.4761904761902
3,1026,392,393.38095238095235
3,1027,392,391.5714285714285
3,1028,391,391.38095238095224
3,1029,391,391.38095238095207
3,1030,392,391.57142857142844
3,1031,392,391.9523809523807
3,1032,392,392.190476190476
3,1033,392,391.95238095238085
3,1034,392,391.66666666666663
3,1035,391,391.33333333333337
3,1036,391,391.047619047619
3,1037,391,390.9047619047619
3,1038,391,391.09523809523796
3,1039,391,390.9523809523811
3,1040,391,390.6666666666665
3,1041,390,390.33333333333326
3,1042,390,389.95238095238085
3,1043,390,389.95238095238085
3,1044,390,390.33333333333326
3,1045,391,390.6666666666665
3,1046,391,391.0476190476188
3,1047,391,391.04761904761915
3,1048,391,390.7619047619048
3,1049,390,390.28571428571416
3,1050,390,389.7142857142856
3,1051,389,389.2380952380952
3,1052,389,389.14285714285705
3,1053,389,388.7619047619047
3,1054,389,388.71428571428555
3,1055,388,388.85714285714283
3,1056,389,388.6190476190474
3,1057,389,388.2857142857143
3,1058,387,387.71428571428567
3,1059,387,386.7619047619047
3,1060,386,386.14285714285717
3,1061,386,386.04761904761904
3,1062,386,385.90476190476164
3,1063,386,385.90476190476187
3,1064,386,386.0476190476189
3,1065,386,386.33333333333314
3,1066,387,386.6666666666665
3,1067,387,386.95238095238085
3,1068,387,387.0952380952379
3,1069,387,387.1904761904761
3,1070,387,386.90476190476176
3,1071,387,386.2380952380951
3,1072,385,385.71428571428567
3,1073,385,385.4285714285714
3,1074,386,385.4761904761904
3,1075,386,386.2380952380951
3,1076,386,385.9523809523808
3,1077,386,384.7142857142856
3,1078,383,384.1428571428571
3,1079,383,384.142857142857
3,1080,386,384.71428571428567
3,1081,386,385.85714285714283
3,1082,386,386.2857142857141
3,1083,386,386.19047619047615
3,1084,386,385.9047619047618
3,1085,386,385.047619047619
3,1086,384,384.8095238095237
3,1087,384,385.3809523809522
3,1088,387,385.66666666666646
3,1089,387,385.66666666666646
3,1090,384,385.38095238095235
3,1091,384,385.09523809523796
3,1092,386,384.90476190476176
3,1093,386,384.80952380952374
3,1094,383,384.23809523809507
3,1095,383,383.76190476190465
3,1096,384,383.42857142857144
3,1097,384,382.85714285714255
3,1098,381,381.33333333333326
3,1099,379,379.8571428571427
3,1100,379,379.2380952380952
3,1101,380,379.4285714285714
3,1102,380,379.4285714285713
3,1103,379,379.52380952380935
3,1104,379,379.9047619047618
3,1105,381,380.14285714285705
3,1106,381,380.33333333333326
3,1107,379,379.8095238095236
3,1108,379,378.4761904761905
3,1109,378,378.28571428571416
3,1110,378,379.2380952380951
3,1111,381,379.8095238095236
3,1112,381,379.90476190476176
3,1113,379,380.095238095238
3,1114,379,380.47619047619037
3,1115,382,380.4285714285714
3,1116,382,380.6190476190474
3,1117,378,380.5714285714285
3,1118,380,379.3809523809523
3,1119,380,378.5238095238094
3,1120,377,378.19047619047603
3,1121,377,377.23809523809496
3,1122,377,376.6666666666666
3,1123,377,376.66666666666663
3,1124,376,376.3333333333333
3,1125,376,376.14285714285705
3,1126,376,375.8571428571427
3,1127,376,375.57142857142844
3,1128,375,375.38095238095224
3,1129,375,375.2857142857141
3,1130,376,375.6190476190475
3,1131,376,376.5714285714285
3,1132,377,376.6190476190474
3,1133,377,375.76190476190465
3,1134,374,375.190476190476
3,1135,374,375.09523809523796
3,1136,376,374.71428571428555
3,1137,376,374.99999999999983
3,1138,373,375.0476190476189
3,1139,375,374.38095238095224
3,1140,375,373.8571428571427
3,1141,373,373.90476190476176
3,1142,373,373.52380952380946
3,1143,374,373.4285714285713
3,1144,374,373.5238095238094
3,1145,373,373.4761904761904
3,1146,373,373.47619047619037
3,1147,374,373.5238095238094
3,1148,374,373.5238095238094
3,1149,373,373.4761904761904
3,1150,373,373.6666666666665
3,1151,374,373.4285714285714
3,1152,374,372.76190476190476
3,1153,371,372.1904761904761
3,1154,371,371.9999999999999
3,1155,373,371.95238095238085
3,1156,373,372.23809523809524
3,1157,371,371.85714285714266
3,1158,371,371.09523809523785
3,1159,371,370.7142857142856
3,1160,371,371.0476190476189
3,1161,371,371.42857142857133
3,1162,372,371.6190476190475
3,1163,372,371.52380952380946
3,1164,371,371.4761904761903
3,1165,371,371.4761904761904
3,1166,372,371.5238095238094
3,1167,372,371.61904761904754
3,1168,371,371.42857142857144
3,1169,371,371.047619047619
3,1170,371,370.90476190476176
3,1171,371,370.9999999999999
3,1172,371,370.9999999999999
3,1173,371,370.9999999999999
3,1174,371,370.9999999999999
3,1175,371,370.9999999999999
3,1176,371,370.90476190476176
3,1177,371,371.0476190476189
3,1178,371,371.42857142857133
3,1179,372,371.6190476190475
3,1180,372,371.52380952380946
3,1181,371,371.4761904761903
3,1182,371,371.38095238095224
3,1183,372,371.5714285714285
3,1184,372,372.0476190476189
3,1185,372,372.0476190476188
3,1186,372,371.6666666666665
3,1187,371,371.33333333333326
3,1188,371,371.047619047619
3,1189,371,370.90476190476176
3,1190,371,370.90476190476176
3,1191,371,371.0476190476189
3,1192,371,371.33333333333326
3,1193,372,371.66666666666646
3,1194,372,371.95238095238074
3,1195,372,372.0952380952379
3,1196,372,371.80952380952374
3,1197,372,372.2857142857142
3,1198,372,372.57142857142844
3,1199,374,372.4761904761904
3,1200,372,372.6666666666665
3,1201,372,373.04761904761887
3,1202,374,373.095238095238
3,1203,374,373.47619047619037
3,1204,373,373.5714285714285
3,1205,373,373.47619047619037
3,1206,374,373.5238095238094
3,1207,374,373.6190476190475
3,1208,373,373.42857142857133
3,1209,373,373.0476190476189
3,1210,373,372.9047619047618
3,1211,373,372.90476190476187
3,1212,373,373.0476190476189
3,1213,373,373.4285714285714
3,1214,374,373.6190476190475
3,1215,374,373.7142857142856
3,1216,373,373.38095238095224
3,1217,373,372.5238095238094
3,1218,372,372.33333333333314
3,1219,372,372.7142857142856
3,1220,374,373.3333333333332
3,1221,374,373.85714285714283
3,1222,374,373.66666666666663
3,1223,373,373.42857142857133
3,1224,373,373.7142857142857
3,1225,375,374.2380952380952
3,1226,375,374.90476190476176
3,1227,375,375.19047619047603
3,1228,375,374.99999999999983
3,1229,375,374.99999999999983
3,1230,375,374.90476190476187
3,1231,375,375.047619047619
3,1232,375,375.5238095238094
3,1233,376,375.5714285714284
3,1234,376,375.2857142857141
3,1235,374,374.76190476190465
3,1236,374,373.90476190476176
3,1237,374,373.9047619047618
3,1238,374,374.76190476190465
3,1239,376,375.2857142857141
3,1240,376,375.4761904761905
3,1241,375,375.57142857142844
3,1242,375,375.19047619047615
3,1243,376,375.8571428571427
3,1244,376,376.5238095238094
3,1245,378,376.6666666666666
3,1246,376,376.61904761904754
3,1247,376,376.6190476190475
3,1248,377,376.4761904761904
3,1249,377,376.8571428571427
3,1250,377,377.14285714285705
3,1251,377,377.33333333333326
3,1252,378,377.6666666666665
3,1253,378,377.8571428571427
3,1254,378,378.14285714285705
3,1255,378,378.33333333333326
3,1256,379,378.6666666666666
3,1257,379,378.85714285714266
3,1258,379,379.14285714285705
3,1259,379,379.4285714285714
3,1260,380,379.6190476190474
3,1261,380,379.52380952380935
3,1262,379,379.4761904761903
3,1263,379,379.47619047619037
3,1264,380,379.42857142857133
3,1265,380,379.6666666666666
3,1266,379,379.6666666666666
3,1267,380,379.7619047619046
3,1268,380,380.3809523809521
3,1269,381,380.6666666666666
3,1270,381,380.19047619047603
3,1271,379,379.8095238095237
3,1272,379,379.42857142857144
3,1273,380,379.47619047619025
3,1274,380,379.9523809523808
3,1275,380,380.4761904761903
3,1276,380,379.8095238095237
3,1277,380,378.9714285714288
3,1278,376,377.48571428571415
3,1279,376,375.5999999999999
3,1280,376,375.09523809523796
3,1281,375,375.90476190476187
3,1282,375,378.33333333333326
3,1283,384,380.71428571428555
3,1284,384,382.0476190476189
3,1285,380,382.28571428571405
3,1286,380,380.8571428571427
3,1287,382,380.9523809523808
3,1288,382,381.9047619047618
3,1289,382,382.1904761904761
3,1290,382,381.80952380952374
3,1291,382,382.09523809523785
3,1292,382,382.66666666666663
3,1293,384,383.33333333333314
3,1294,384,383.8095238095237
3,1295,384,384.2380952380952
3,1296,384,384.33333333333326
3,1297,385,384.4761904761903
3,1298,385,385.04761904761904
3,1299,385,385.76190476190465
3,1300,387,386.3333333333332
3,1301,387,386.9999999999998
3,1302,387,387.14285714285705
3,1303,387,386.47619047619054
3,1304,386,386.4285714285713
3,1305,386,386.8095238095236
3,1306,388,387.190476190476
3,1307,388,387.7619047619046
3,1308,387,387.4285714285712
3,1309,387,385.99999999999983
3,1310,385,385.76190476190465
3,1311,385,386.52380952380935
3,1312,389,387.52380952380946
3,1313,389,388.4285714285711
3,1314,388,388.09523809523785
3,1315,387,387.52380952380946
3,1316,387,388.238095238095
3,1317,390,388.7619047619047
3,1318,390,388.6666666666666
3,1319,387,388.3809523809523
3,1320,387,387.71428571428567
3,1321,389,388.095238095238
3,1322,389,389.238095238095
3,1323,390,389.8571428571427
3,1324,390,390.14285714285717
3,1325,390,389.99999999999983
3,1326,390,389.1428571428571
3,1327,388,388.7619047619047
3,1328,388,388.6666666666666
3,1329,390,389.1904761904761
3,1330,390,390.33333333333326
3,1331,391,390.8095238095237
3,1332,391,390.6190476190476
3,1333,390,390.4285714285714
3,1334,390,390.0476190476192
3,1335,390,389.90476190476187
3,1336,390,390.0
3,1337,390,390.095238095238
3,1338,390,389.9523809523809
3,1339,390,389.4761904761902
3,1340,389,389.42857142857133
3,1341,389,389.80952380952374
3,1342,391,390.190476190476
3,1343,391,390.3809523809521
3,1344,390,390.61904761904736
3,1345,390,390.8095238095238
3,1346,392,391.19047619047603
3,1347,392,391.47619047619037
3,1348,391,391.5714285714285
3,1349,391,391.38095238095207
3,1350,392,391.57142857142844
3,1351,392,391.9523809523807
3,1352,392,392.09523809523785
3,1353,392,391.9999999999999
3,1354,392,391.9999999999999
3,1355,392,391.9999999999999
3,1356,392,391.9999999999999
3,1357,392,391.9999999999999
3,1358,392,391.9999999999999
3,1359,392,391.9999999999999
3,1360,392,391.9999999999999
3,1361,392,391.9999999999999
3,1362,392,392.095238095238
3,1363,392,391.95238095238085
3,1364,392,391.47619047619037
3,1365,391,391.4285714285712
3,1366,391,391.8095238095238
3,1367,393,392.1904761904761
3,1368,393,392.38095238095224
3,1369,392,392.61904761904736
3,1370,392,392.7142857142855
3,1371,394,393.23809523809507
3,1372,394,393.9047619047617
3,1373,394,394.1904761904759
3,1374,394,393.9999999999999
3,1375,394,393.9999999999999
3,1376,394,393.9999999999999
3,1377,394,393.9999999999999
3,1378,394,393.9999999999999
3,1379,394,393.9999999999999
3,1380,394,393.9999999999999
3,1381,394,393.9999999999999
3,1382,394,393.9999999999999
3,1383,394,393.9999999999999
3,1384,394,393.9999999999999
3,1385,394,393.9999999999999
3,1386,394,393.9999999999999
3,1387,394,393.9999999999999
3,1388,394,393.9999999999999
3,1389,394,394.09523809523796
3,1390,394,393.9523809523809
3,1391,394,393.66666666666674
3,1392,393,393.3333333333333
3,1393,393,393.0476190476189
3,1394,393,392.9047619047618
3,1395,393,393.09523809523796
3,1396,393,392.95238095238096
3,1397,393,392.5714285714284
3,1398,392,392.47619047619037
3,1399,392,392.3333333333333
3,1400,393,392.2380952380951
3,1401,392,392.2857142857143
3,1402,392,392.04761904761887
3,1403,392,391.95238095238085
3,1404,392,392.33333333333314
3,1405,393,392.6666666666664
3,1406,393,393.0476190476189
3,1407,393,393.0476190476189
3,1408,393,392.6666666666664
3,1409,392,392.33333333333326
3,1410,392,392.047619047619
3,1411,392,391.90476190476187
3,1412,392,392.19047619047615
3,1413,392,391.90476190476176
3,1414,392,391.23809523809524
3,1415,390,390.7142857142857
3,1416,390,390.4285714285713
3,1417,391,390.4761904761904
3,1418,391,390.95238095238085
3,1419,391,391.0952380952379
3,1420,391,390.99999999999994
3,1421,391,390.99999999999994
3,1422,391,390.99999999999994
3,1423,391,391.09523809523796
3,1424,391,390.9523809523811
3,1425,391,390.7619047619048
3,1426,390,390.28571428571416
3,1427,390,389.6190476190475
3,1428,389,389.2857142857141
3,1429,389,389.5714285714286
3,1430,390,389.47619047619037
3,1431,390,389.19047619047626
3,1432,388,388.8095238095238
3,1433,388,388.5238095238094
3,1434,389,388.42857142857144
3,1435,389,388.61904761904754
3,1436,388,388.42857142857133
3,1437,388,388.14285714285705
3,1438,388,387.76190476190476
3,1439,388,387.71428571428567
3,1440,387,387.66666666666663
3,1441,388,387.71428571428567
3,1442,388,387.952380952381
3,1443,388,388.0476190476189
3,1444,388,387.76190476190476
3,1445,387,387.2857142857141
3,1446,387,386.6190476190474
3,1447,386,386.2857142857141
3,1448,386,386.6666666666665
3,1449,387,386.42857142857133
3,1450,387,385.76190476190465
3,1451,384,385.19047619047603
3,1452,384,384.9047619047618
3,1453,386,385.0
3,1454,386,385.57142857142844
3,1455,385,385.61904761904736
3,1456,385,384.9999999999999
3,1457,385,384.4761904761905
3,1458,384,384.3809523809522
3,1459,384,384.47619047619025
3,1460,385,384.52380952380946
3,1461,385,384.9999999999999
3,1462,384,384.23809523809507
3,1463,384,382.52380952380935
3,1464,380,381.3333333333332
3,1465,380,381.0476190476189
3,1466,382,380.85714285714266
3,1467,382,381.0476190476189
3,1468,380,380.95238095238074
3,1469,380,380.95238095238085
3,1470,382,381.047619047619
3,1471,382,381.0476190476189
3,1472,380,380.95238095238074
3,1473,380,381.04761904761887
3,1474,382,380.99999999999994
3,1475,382,380.90476190476176
3,1476,379,380.2857142857141
3,1477,379,379.09523809523796
3,1478,379,377.7142857142857
3,1479,378,378.6666666666666
3,1480,378,379.99999999999994
3,1481,385,382.76190476190465
3,1482,385,385.9999999999998
3,1483,389,388.2380952380951
3,1484,389,388.85714285714266
3,1485,389,391.14285714285694
3,1486,390,388.9523809523808
3,1487,390,384.47619047619037
3,1488,375,380.33333333333314
3,1489,375,377.76190476190453
3,1490,380,376.7142857142856
3,1491,380,378.0476190476189
3,1492,376,377.99999999999983
3,1493,376,378.095238095238
3,1494,380,377.6190476190474
3,1495,380,377.99999999999983
3,1496,374,377.99999999999983
3,1497,378,376.8095238095237
3,1498,378,376.14285714285717
3,1499,375,376.42857142857133
3,1500,375,375.5714285714284
3,1501,376,375.3333333333332
3,1502,376,375.6190476190475
3,1503,375,375.4285714285712
3,1504,375,375.23809523809507
3,1505,375,374.8095238095237
3,1506,375,374.3333333333332
3,1507,373,373.66666666666646
3,1508,373,373.19047619047615
3,1509,373,372.7619047619046
3,1510,373,372.76190476190476
3,1511,372,372.28571428571405
3,1512,372,371.6190476190477
3,1513,371,371.28571428571416
3,1514,371,371.38095238095224
3,1515,372,371.5714285714285
3,1516,372,371.95238095238074
3,1517,372,372.0952380952379
3,1518,372,371.9999999999999
3,1519,372,371.9999999999999
3,1520,372,371.9999999999999
3,1521,372,371.90476190476187
3,1522,372,372.0476190476188
3,1523,372,372.3333333333332
3,1524,373,372.66666666666663
3,1525,373,373.14285714285705
3,1526,373,372.99999999999994
3,1527,373,372.23809523809507
3,1528,371,371.7142857142857
3,1529,371,371.52380952380946
3,1530,372,371.4285714285713
3,1531,372,371.61904761904754
3,1532,371,371.42857142857144
3,1533,371,371.02857142857164
3,1534,371,370.85714285714266
3,1535,371,370.9999999999999
3,1536,371,373.7142857142856
3,1537,373,372.6666666666666
3,1538,373,371.9999999999997
3,1539,372,372.5238095238094
3,1540,372,371.8571428571427
3,1541,372,371.99999999999983
3,1542,372,372.7619047619046
3,1543,374,373.2857142857142
3,1544,374,373.57142857142844
3,1545,373,373.52380952380946
3,1546,373,373.14285714285717
3,1547,373,372.85714285714266
3,1548,373,372.57142857142856
3,1549,372,372.3809523809523
3,1550,372,372.47619047619025
3,1551,373,372.5238095238094
3,1552,373,372.6190476190475
3,1553,372,372.42857142857133
3,1554,372,372.0476190476189
3,1555,372,371.8095238095238
3,1556,372,372.0476190476188
3,1557,372,372.2380952380952
3,1558,373,372.7142857142856
3,1559,373,372.9999999999999
3,1560,374,373.9047619047618
3,1561,374,375.2380952380951
3,1562,377,375.9523809523808
3,1563,377,375.4761904761903
3,1564,374,375.4761904761903
3,1565,374,375.8571428571428
3,1566,378,376.1904761904761
3,1567,378,376.19047619047603
3,1568,374,375.8571428571428
3,1569,374,375.38095238095224
3,1570,377,375.5238095238094
3,1571,377,376.190476190476
3,1572,375,376.0476190476189
3,1573,375,375.0476190476189
3,1574,375,374.28571428571416
3,1575,374,374.4285714285714
3,1576,374,374.8095238095237
3,1577,376,375.19047619047615
3,1578,376,375.38095238095235
3,1579,375,375.6190476190475
3,1580,375,375.90476190476187
3,1581,377,376.14285714285705
3,1582,377,375.95238095238085
3,1583,375,375.9999999999999
3,1584,375,376.2857142857143
3,1585,378,376.7142857142855
3,1586,378,377.095238095238
3,1587,376,377.17142857142875
3,1588,376,376.31428571428563
3,1589,377,377.04999999999995
