channel,index,raw,filtered
1,0,354,353.8571428571427
1,1,354,353.8571428571427
1,2,354,353.3333333333331
1,3,352,352.71428571428555
1,4,352,352.42857142857133
1,5,353,352.4761904761903
1,6,353,352.95238095238074
1,7,353,353.095238095238
1,8,353,352.9047619047617
1,9,353,353.14285714285705
1,10,353,353.2857142857141
1,11,354,353.3333333333332
1,12,353,353.2857142857141
1,13,353,353.0476190476188
1,14,353,352.95238095238074
1,15,353,353.33333333333314
1,16,354,353.6666666666665
1,17,354,354.0476190476188
1,18,354,354.0476190476189
1,19,354,353.5714285714284
1,20,353,353.3809523809521
1,21,353,353.4761904761903
1,22,354,353.5238095238093
1,23,354,353.6190476190474
1,24,353,353.42857142857133
1,25,353,353.0476190476188
1,26,353,352.90476190476176
1,27,353,352.9047619047617
1,28,353,353.14285714285705
1,29,353,353.2857142857141
1,30,354,353.3333333333332
1,31,353,353.2857142857141
1,32,353,353.1428571428569
1,33,353,352.90476190476176
1,34,353,352.9047619047617
1,35,353,353.047619047619
1,36,353,353.33333333333314
1,37,354,353.6666666666665
1,38,354,354.0476190476188
1,39,354,354.0476190476189
1,40,354,353.6666666666666
1,41,353,353.33333333333326
1,42,353,353.0476190476188
1,43,353,352.90476190476176
1,44,353,352.9999999999999
1,45,353,352.9999999999999
1,46,353,352.9999999999999
1,47,353,352.9999999999999
1,48,353,352.9999999999999
1,49,353,352.9999999999999
1,50,353,352.9999999999999
1,51,353,352.9047619047617
1,52,353,353.047619047619
1,53,353,353.33333333333314
1,54,354,353.6666666666665
1,55,354,354.0476190476188
1,56,354,354.0476190476189
1,57,354,353.6666666666666
1,58,353,353.33333333333326
1,59,353,353.0476190476188
1,60,353,352.90476190476176
1,61,353,352.9999999999999
1,62,353,352.9999999999999
1,63,353,352.9047619047617
1,64,353,353.047619047619
1,65,353,353.42857142857133
1,66,354,353.5238095238094
1,67,354,353.6666666666665
1,68,353,353.7619047619046
1,69,354,353.71428571428544
1,70,354,353.95238095238074
1,71,354,354.0476190476189
1,72,354,353.5714285714284
1,73,353,353.3809523809521
1,74,353,353.4761904761903
1,75,354,353.5238095238093
1,76,354,353.6190476190474
1,77,353,353.42857142857133
1,78,353,353.0476190476188
1,79,353,352.90476190476176
1,80,353,352.9047619047617
1,81,353,353.047619047619
1,82,353,353.42857142857133
1,83,354,353.6190476190474
1,84,354,353.6190476190474
1,85,353,353.42857142857133
1,86,353,353.0476190476188
1,87,353,352.90476190476176
1,88,353,352.9999999999999
1,89,353,352.9999999999999
1,90,353,352.9999999999999
1,91,353,352.9999999999999
1,92,353,352.9999999999999
1,93,353,352.9999999999999
1,94,353,352.9999999999999
1,95,353,352.9999999999999
1,96,353,352.9999999999999
1,97,353,352.9999999999999
1,98,353,352.9999999999999
1,99,353,352.9999999999999
1,100,353,352.9999999999999
1,101,353,352.9999999999999
1,102,353,352.9999999999999
1,103,353,352.9999999999999
1,104,353,352.9999999999999
1,105,353,352.9999999999999
1,106,353,352.9999999999999
1,107,353,352.9999999999999
1,108,353,352.9999999999999
1,109,353,352.9999999999999
1,110,353,352.9999999999999
1,111,353,352.9999999999999
1,112,353,352.9999999999999
1,113,353,352.9999999999999
1,114,353,352.9047619047617
1,115,353,353.047619047619
1,116,353,353.42857142857133
1,117,354,353.6190476190474
1,118,354,353.5238095238093
1,119,353,353.57142857142844
1,120,353,353.3333333333332
1,121,354,353.2380952380951
1,122,353,353.2857142857141
1,123,353,353.1428571428569
1,124,353,352.90476190476176
1,125,353,352.9047619047617
1,126,353,353.047619047619
1,127,353,353.42857142857133
1,128,354,353.6190476190474
1,129,354,353.5238095238093
1,130,353,353.4761904761903
1,131,353,353.4761904761903
1,132,354,353.5238095238093
1,133,354,353.6190476190474
1,134,353,353.42857142857133
1,135,353,353.0476190476188
1,136,353,352.90476190476176
1,137,353,352.9047619047617
1,138,353,353.047619047619
1,139,353,353.42857142857133
1,140,354,353.5238095238094
1,141,354,353.6666666666665
1,142,353,353.7619047619046
1,143,354,353.71428571428544
1,144,354,353.95238095238074
1,145,354,354.0476190476189
1,146,354,353.5714285714284
1,147,353,353.3809523809521
1,148,353,353.4761904761903
1,149,354,353.5238095238093
1,150,354,353.6190476190474
1,151,353,353.42857142857133
1,152,353,353.0476190476188
1,153,353,352.90476190476176
1,154,353,352.9999999999999
1,155,353,352.9999999999999
1,156,353,352.9999999999999
1,157,353,352.9999999999999
1,158,353,352.9999999999999
1,159,353,352.9999999999999
1,160,353,352.9999999999999
1,161,353,352.9999999999999
1,162,353,352.9999999999999
1,163,353,352.9047619047617
1,164,353,353.047619047619
1,165,353,353.42857142857133
1,166,354,353.6190476190474
1,167,354,353.5238095238093
1,168,353,353.4761904761903
1,169,353,353.4761904761903
1,170,354,353.5238095238093
1,171,354,353.6190476190474
1,172,353,353.42857142857133
1,173,353,353.0476190476188
1,174,353,352.90476190476176
1,175,353,352.9999999999999
1,176,353,352.9999999999999
1,177,353,352.9999999999999
1,178,353,352.9999999999999
1,179,353,352.9047619047617
1,180,353,353.047619047619
1,181,353,353.33333333333314
1,182,354,353.76190476190465
1,183,354,353.9047619047617
1,184,354,353.76190476190465
1,185,353,353.33333333333326
1,186,353,353.0476190476188
1,187,353,352.90476190476176
1,188,353,352.9999999999999
1,189,353,352.9999999999999
1,190,353,352.9047619047617
1,191,353,353.047619047619
1,192,353,353.33333333333314
1,193,354,353.6666666666665
1,194,354,354.0476190476188
1,195,354,354.0476190476189
1,196,354,353.6666666666666
1,197,353,353.33333333333326
1,198,353,353.0476190476188
1,199,353,352.90476190476176
1,200,353,352.9999999999999
1,201,353,352.9999999999999
1,202,353,352.9999999999999
1,203,353,352.9999999999999
1,204,353,352.9999999999999
1,205,353,352.9999999999999
1,206,353,352.9999999999999
1,207,353,352.9999999999999
1,208,353,352.9999999999999
1,209,353,352.9999999999999
1,210,353,352.9999999999999
1,211,353,352.9999999999999
1,212,353,352.9999999999999
1,213,353,352.9047619047617
1,214,353,353.047619047619
1,215,353,353.42857142857133
1,216,354,353.6190476190474
1,217,354,353.6190476190474
1,218,353,353.42857142857133
1,219,353,353.0476190476188
1,220,353,352.90476190476176
1,221,353,352.9999999999999
1,222,353,352.9999999999999
1,223,353,352.9999999999999
1,224,353,352.9999999999999
1,225,353,352.9047619047617
1,226,353,353.047619047619
1,227,353,353.42857142857133
1,228,354,353.6190476190474
1,229,354,353.5238095238093
1,230,353,353.4761904761903
1,231,353,353.38095238095224
1,232,354,353.5714285714284
1,233,354,354.0476190476188
1,234,354,354.0476190476189
1,235,354,353.6666666666666
1,236,353,353.33333333333326
1,237,353,353.0476190476188
1,238,353,352.90476190476176
1,239,353,352.9999999999999
1,240,353,352.9999999999999
1,241,353,352.9999999999999
1,242,353,352.9999999999999
1,243,353,352.9999999999999
1,244,353,352.9047619047617
1,245,353,353.047619047619
1,246,353,353.33333333333314
1,247,354,353.6666666666665
1,248,354,354.0476190476188
1,249,354,354.0476190476189
1,250,354,353.6666666666666
1,251,353,353.2380952380951
1,252,353,353.0952380952379
1,253,353,353.11428571428587
1,254,354,353.6285714285713
1,255,354,354.0999999999999
1,256,354,353.6190476190474
1,257,354,353.6190476190474
1,258,353,353.42857142857133
1,259,353,353.0476190476188
1,260,353,352.90476190476176
1,261,353,352.9999999999999
1,262,353,352.9999999999999
1,263,353,352.9047619047617
1,264,353,353.047619047619
1,265,353,353.33333333333314
1,266,354,353.6666666666665
1,267,354,354.0476190476188
1,268,354,354.0476190476189
1,269,354,353.6666666666666
1,270,353,353.33333333333326
1,271,353,353.0476190476188
1,272,353,352.90476190476176
1,273,353,352.9999999999999
1,274,353,352.9999999999999
1,275,353,352.9047619047617
1,276,353,353.14285714285705
1,277,353,353.2857142857141
1,278,354,353.23809523809496
1,279,353,353.33333333333326
1,280,353,353.57142857142856
1,281,354,353.5238095238093
1,282,354,353.6190476190474
1,283,353,353.42857142857133
1,284,353,353.0476190476188
1,285,353,352.90476190476176
1,286,353,352.9999999999999
1,287,353,352.9999999999999
1,288,353,352.9999999999999
1,289,353,352.9999999999999
1,290,353,352.9047619047617
1,291,353,353.047619047619
1,292,353,353.42857142857133
1,293,354,353.6190476190474
1,294,354,353.6190476190474
1,295,353,353.42857142857133
1,296,353,353.0476190476188
1,297,353,352.90476190476176
1,298,353,352.9999999999999
1,299,353,352.9999999999999
1,300,353,352.9999999999999
1,301,353,352.9999999999999
1,302,353,352.9999999999999
1,303,353,352.9047619047617
1,304,353,353.047619047619
1,305,353,353.42857142857133
1,306,354,353.6190476190474
1,307,354,353.5238095238093
1,308,353,353.4761904761903
1,309,353,353.4761904761903
1,310,354,353.5238095238093
1,311,354,353.6190476190474
1,312,353,353.42857142857133
1,313,353,353.0476190476188
1,314,353,352.90476190476176
1,315,353,352.9999999999999
1,316,353,352.9999999999999
1,317,353,352.9999999999999
1,318,353,352.9999999999999
1,319,353,352.9999999999999
1,320,353,352.9999999999999
1,321,353,352.9999999999999
1,322,353,352.9999999999999
1,323,353,352.9999999999999
1,324,353,352.9047619047617
1,325,353,353.047619047619
1,326,353,353.42857142857133
1,327,354,353.6190476190474
1,328,354,353.6190476190474
1,329,353,353.42857142857133
1,330,353,353.0476190476188
1,331,353,352.90476190476176
1,332,353,352.9999999999999
1,333,353,352.9999999999999
1,334,353,352.9999999999999
1,335,353,352.9047619047617
1,336,353,353.047619047619
1,337,353,353.33333333333314
1,338,354,353.6666666666665
1,339,354,353.95238095238074
1,340,354,354.09523809523785
1,341,354,354.09523809523785
1,342,354,353.95238095238085
1,343,354,353.6666666666666
1,344,353,353.33333333333326
1,345,353,352.95238095238074
1,346,353,352.95238095238074
1,347,353,353.42857142857133
1,348,354,353.6190476190474
1,349,354,353.6190476190474
1,350,353,353.42857142857133
1,351,353,353.0476190476188
1,352,353,352.90476190476176
1,353,353,352.9047619047617
1,354,353,353.047619047619
1,355,353,353.42857142857133
1,356,354,353.6190476190474
1,357,354,353.6190476190474
1,358,353,353.42857142857133
1,359,353,353.0476190476188
1,360,353,352.90476190476176
1,361,353,352.9047619047617
1,362,353,353.047619047619
1,363,353,353.42857142857133
1,364,354,353.6190476190474
1,365,354,353.6190476190474
1,366,353,353.42857142857133
1,367,353,353.0476190476188
1,368,353,352.90476190476176
1,369,353,352.9999999999999
1,370,353,352.9047619047617
1,371,353,353.047619047619
1,372,353,353.42857142857133
1,373,354,353.6190476190474
1,374,354,353.5238095238093
1,375,353,353.4761904761903
1,376,353,353.4761904761903
1,377,354,353.5238095238093
1,378,354,353.6190476190474
1,379,353,353.42857142857133
1,380,353,353.0476190476188
1,381,353,352.90476190476176
1,382,353,352.9047619047617
1,383,353,353.047619047619
1,384,353,353.33333333333314
1,385,354,353.6666666666665
1,386,354,354.0476190476188
1,387,354,354.0476190476189
1,388,354,353.6666666666666
1,389,353,353.33333333333326
1,390,353,353.0476190476188
1,391,353,352.8095238095236
1,392,353,353.047619047619
1,393,353,353.42857142857133
1,394,354,353.6190476190474
1,395,354,353.6190476190474
1,396,353,353.42857142857133
1,397,353,353.0476190476188
1,398,353,352.90476190476176
1,399,353,352.9999999999999
1,400,353,352.9999999999999
1,401,353,352.9999999999999
1,402,353,352.9999999999999
1,403,353,352.9999999999999
1,404,353,352.9999999999999
1,405,353,352.9999999999999
1,406,353,352.9999999999999
1,407,353,352.9047619047617
1,408,353,353.047619047619
1,409,353,353.42857142857133
1,410,354,353.6190476190474
1,411,354,353.6190476190474
1,412,353,353.42857142857133
1,413,353,353.0476190476188
1,414,353,352.90476190476176
1,415,353,352.9999999999999
1,416,353,352.9999999999999
1,417,353,352.9999999999999
1,418,353,352.9999999999999
1,419,353,352.9999999999999
1,420,353,352.9999999999999
1,421,353,352.9999999999999
1,422,353,352.9047619047617
1,423,353,353.047619047619
1,424,353,353.33333333333314
1,425,354,353.6666666666665
1,426,354,354.0476190476188
1,427,354,354.0476190476189
1,428,354,353.6666666666666
1,429,353,353.33333333333326
1,430,353,353.0476190476188
1,431,353,352.90476190476176
1,432,353,352.9999999999999
1,433,353,352.9047619047617
1,434,353,353.047619047619
1,435,353,353.33333333333314
1,436,354,353.6666666666665
1,437,354,354.0476190476188
1,438,354,354.0476190476189
1,439,354,353.6666666666666
1,440,353,353.33333333333326
1,441,353,353.0476190476188
1,442,353,352.90476190476176
1,443,353,352.9999999999999
1,444,353,352.9999999999999
1,445,353,352.9999999999999
1,446,353,352.9999999999999
1,447,353,352.9047619047617
1,448,353,353.047619047619
1,449,353,353.42857142857133
1,450,354,353.6190476190474
1,451,354,353.6190476190474
1,452,353,353.42857142857133
1,453,353,353.0476190476188
1,454,353,352.90476190476176
1,455,353,352.9999999999999
1,456,353,352.9999999999999
1,457,353,352.9999999999999
1,458,353,352.9999999999999
1,459,353,352.9999999999999
1,460,353,352.9999999999999
1,461,353,352.9999999999999
1,462,353,352.9999999999999
1,463,353,352.9999999999999
1,464,353,352.9999999999999
1,465,353,352.9999999999999
1,466,353,352.9047619047617
1,467,353,353.047619047619
1,468,353,353.33333333333314
1,469,354,353.6666666666665
1,470,354,354.0476190476188
1,471,354,354.0476190476189
1,472,354,353.6666666666666
1,473,353,353.33333333333326
1,474,353,353.0476190476188
1,475,353,352.90476190476176
1,476,353,352.9999999999999
1,477,353,352.9999999999999
1,478,353,352.9999999999999
1,479,353,352.9999999999999
1,480,353,352.9999999999999
1,481,353,352.9999999999999
1,482,353,352.9999999999999
1,483,353,352.9999999999999
1,484,353,352.9999999999999
1,485,353,352.9047619047617
1,486,353,353.047619047619
1,487,353,353.42857142857133
1,488,354,353.6190476190474
1,489,354,353.6190476190474
1,490,353,353.42857142857133
1,491,353,353.0476190476188
1,492,353,352.90476190476176
1,493,353,352.9999999999999
1,494,353,352.9999999999999
1,495,353,352.9999999999999
1,496,353,352.9999999999999
1,497,353,352.9999999999999
1,498,353,352.9999999999999
1,499,353,352.9999999999999
1,500,353,352.9999999999999
1,501,353,352.9999999999999
1,502,353,352.9999999999999
1,503,353,352.9999999999999
1,504,353,352.9047619047617
1,505,353,353.047619047619
1,506,353,353.33333333333314
1,507,354,353.6666666666665
1,508,354,353.95238095238074
1,509,354,354.1428571428573
1,510,354,353.99999999999983
1,511,354,353.9999999999999
1,512,354,353.3333333333332
1,513,353,353.2857142857141
1,514,353,353.1428571428569
1,515,353,352.8095238095236
1,516,353,353.047619047619
1,517,353,353.42857142857133
1,518,354,353.6190476190474
1,519,354,353.6190476190474
1,520,353,353.42857142857133
1,521,353,353.0476190476188
1,522,353,352.90476190476176
1,523,353,352.9999999999999
1,524,353,352.9999999999999
1,525,353,352.9999999999999
1,526,353,352.9999999999999
1,527,353,352.9047619047617
1,528,353,353.047619047619
1,529,353,353.33333333333314
1,530,354,353.6666666666665
1,531,354,354.0476190476188
1,532,354,354.0476190476189
1,533,354,353.5714285714284
1,534,353,353.3809523809521
1,535,353,353.4761904761903
1,536,354,353.5238095238093
1,537,354,353.6190476190474
1,538,353,353.42857142857133
1,539,353,353.0476190476188
1,540,353,352.8095238095236
1,541,353,353.047619047619
1,542,353,353.42857142857133
1,543,354,353.6190476190474
1,544,354,353.5238095238093
1,545,353,353.4761904761903
1,546,353,353.4761904761903
1,547,354,353.5238095238093
1,548,354,353.6190476190474
1,549,353,353.42857142857133
1,550,353,353.0476190476188
1,551,353,352.90476190476176
1,552,353,352.9047619047617
1,553,353,353.047619047619
1,554,353,353.42857142857133
1,555,354,353.6190476190474
1,556,354,353.6190476190474
1,557,353,353.42857142857133
1,558,353,353.0476190476188
1,559,353,352.90476190476176
1,560,353,352.9999999999999
1,561,353,352.9999999999999
1,562,353,352.9999999999999
1,563,353,352.9999999999999
1,564,353,352.9999999999999
1,565,353,352.9047619047617
1,566,353,353.047619047619
1,567,353,353.33333333333314
1,568,354,353.6666666666665
1,569,354,353.95238095238074
1,570,354,354.09523809523785
1,571,354,354.09523809523785
1,572,354,353.95238095238085
1,573,354,353.6666666666666
1,574,353,353.33333333333326
1,575,353,353.0476190476188
1,576,353,352.90476190476176
1,577,353,352.9999999999999
1,578,353,352.9999999999999
1,579,353,352.9999999999999
1,580,353,352.9999999999999
1,581,353,352.9047619047617
1,582,353,353.047619047619
1,583,353,353.42857142857133
1,584,354,353.6190476190474
1,585,354,353.6190476190474
1,586,353,353.33333333333314
1,587,353,353.0952380952379
1,588,353,353.2380952380951
1,589,354,353.6666666666665
1,590,354,354.0476190476188
1,591,354,354.0476190476189
1,592,354,353.6666666666666
1,593,353,353.33333333333326
1,594,353,352.95238095238074
1,595,353,352.95238095238074
1,596,353,353.42857142857133
1,597,354,353.6190476190474
1,598,354,353.6190476190474
1,599,353,353.42857142857133
1,600,353,353.0476190476188
1,601,353,352.90476190476176
1,602,353,352.9047619047617
1,603,353,353.047619047619
1,604,353,353.42857142857133
1,605,354,353.6190476190474
1,606,354,353.6190476190474
1,607,353,353.33333333333314
1,608,353,353.0952380952379
1,609,353,353.2380952380951
1,610,354,353.6666666666665
1,611,354,354.0476190476188
1,612,354,354.0476190476189
1,613,354,353.5714285714284
1,614,353,353.3809523809521
1,615,353,353.38095238095224
1,616,354,353.5714285714284
1,617,354,354.0476190476188
1,618,354,354.0476190476189
1,619,354,353.6666666666666
1,620,353,353.33333333333326
1,621,353,353.0476190476188
1,622,353,352.90476190476176
1,623,353,352.9999999999999
1,624,353,352.9999999999999
1,625,353,352.9999999999999
1,626,353,352.9999999999999
1,627,353,352.9999999999999
1,628,353,352.9047619047617
1,629,353,353.047619047619
1,630,353,353.42857142857133
1,631,354,353.6190476190474
1,632,354,353.6190476190474
1,633,353,353.42857142857133
1,634,353,353.0476190476188
1,635,353,352.90476190476176
1,636,353,352.9999999999999
1,637,353,352.9999999999999
1,638,353,352.9999999999999
1,639,353,352.9999999999999
1,640,353,352.9999999999999
1,641,353,352.9999999999999
1,642,353,352.9047619047617
1,643,353,353.047619047619
1,644,353,353.33333333333314
1,645,354,353.6666666666665
1,646,354,354.0476190476188
1,647,354,354.0476190476189
1,648,354,353.6666666666666
1,649,353,353.33333333333326
1,650,353,353.0476190476188
1,651,353,352.8095238095236
1,652,353,353.047619047619
1,653,353,353.33333333333314
1,654,354,353.6666666666665
1,655,354,353.95238095238074
1,656,354,354.09523809523785
1,657,354,354.09523809523785
1,658,354,353.95238095238085
1,659,354,353.6666666666666
1,660,353,353.33333333333326
1,661,353,353.0476190476188
1,662,353,352.90476190476176
1,663,353,352.9999999999999
1,664,353,352.9999999999999
1,665,353,352.9999999999999
1,666,353,352.9999999999999
1,667,353,352.9999999999999
1,668,353,352.9999999999999
1,669,353,352.9047619047617
1,670,353,353.14285714285705
1,671,353,353.2857142857141
1,672,354,353.23809523809496
1,673,353,353.33333333333326
1,674,353,353.4761904761903
1,675,354,353.5714285714284
1,676,354,354.0476190476188
1,677,354,354.0476190476189
1,678,354,353.6666666666666
1,679,353,353.33333333333326
1,680,353,352.95238095238074
1,681,353,352.95238095238074
1,682,353,353.42857142857133
1,683,354,353.6190476190474
1,684,354,353.6190476190474
1,685,353,353.42857142857133
1,686,353,353.0476190476188
1,687,353,352.90476190476176
1,688,353,352.9047619047617
1,689,353,353.047619047619
1,690,353,353.33333333333314
1,691,354,353.76190476190465
1,692,354,353.9047619047617
1,693,354,353.6666666666664
1,694,353,353.3809523809521
1,695,353,353.38095238095224
1,696,354,353.5714285714284
1,697,354,354.0476190476188
1,698,354,354.0476190476189
1,699,354,353.6666666666666
1,700,353,353.33333333333326
1,701,353,353.0476190476188
1,702,353,352.90476190476176
1,703,353,352.9999999999999
1,704,353,352.9999999999999
1,705,353,352.9999999999999
1,706,353,352.9999999999999
1,707,353,352.9999999999999
1,708,353,352.9999999999999
1,709,353,352.9047619047617
1,710,353,353.047619047619
1,711,353,353.42857142857133
1,712,354,353.6190476190474
1,713,354,353.6190476190474
1,714,353,353.42857142857133
1,715,353,352.95238095238074
1,716,353,353.0476190476188
1,717,353,353.2857142857141
1,718,354,353.3333333333332
1,719,353,353.2857142857141
1,720,353,353.1428571428569
1,721,353,352.90476190476176
1,722,353,352.9999999999999
1,723,353,352.9999999999999
1,724,353,352.9047619047617
1,725,353,353.047619047619
1,726,353,353.42857142857133
1,727,354,353.6190476190474
1,728,354,353.5238095238093
1,729,353,353.4761904761903
1,730,353,353.4761904761903
1,731,354,353.5238095238093
1,732,354,353.6190476190474
1,733,353,353.42857142857133
1,734,353,352.95238095238074
1,735,353,352.95238095238074
1,736,353,353.33333333333314
1,737,354,353.6666666666665
1,738,354,353.95238095238074
1,739,354,354.09523809523785
1,740,354,353.99999999999983
1,741,354,353.99999999999983
1,742,354,353.99999999999983
1,743,354,353.99999999999983
1,744,354,353.99999999999983
1,745,354,353.99999999999983
1,746,354,353.99999999999983
1,747,354,353.99999999999983
1,748,354,353.99999999999983
1,749,354,353.99999999999983
1,750,354,353.99999999999983
1,751,354,353.99999999999983
1,752,354,353.99999999999983
1,753,354,353.99999999999983
1,754,354,353.99999999999983
1,755,354,353.99999999999983
1,756,354,353.99999999999983
1,757,354,354.09523809523785
1,758,354,353.95238095238085
1,759,354,353.5714285714284
1,760,353,353.4761904761903
1,761,353,353.3333333333332
1,762,354,353.1428571428569
1,763,353,353.33333333333326
1,764,353,353.4761904761903
1,765,354,353.48571428571455
1,766,354,353.97142857142836
1,767,354,353.9499999999999
1,768,354,353.6666666666665
1,769,354,353.95238095238074
1,770,354,354.1904761904761
1,771,354,353.95238095238085
1,772,354,353.5714285714284
1,773,353,353.3809523809521
1,774,353,353.38095238095224
1,775,354,353.5714285714284
1,776,354,354.0476190476188
1,777,354,354.0476190476189
1,778,354,353.5714285714284
1,779,353,353.3809523809521
1,780,353,353.38095238095224
1,781,354,353.5714285714284
1,782,354,353.95238095238074
1,783,354,354.09523809523785
1,784,354,354.09523809523785
1,785,354,353.8571428571428
1,786,354,353.7142857142855
1,787,353,353.7619047619046
1,788,354,353.6666666666665
1,789,354,353.52380952380935
1,790,353,353.42857142857133
1,791,353,352.95238095238074
1,792,353,352.95238095238074
1,793,353,353.2380952380951
1,794,354,353.7142857142855
1,795,354,354.38095238095224
1,796,355,354.7142857142855
1,797,355,354.6190476190474
1,798,354,354.4285714285714
1,799,354,354.0476190476189
1,800,354,353.9047619047618
1,801,354,353.99999999999983
1,802,354,353.99999999999983
1,803,354,353.99999999999983
1,804,354,353.99999999999983
1,805,354,354.09523809523785
1,806,354,353.95238095238085
1,807,354,353.4761904761903
1,808,353,353.42857142857133
1,809,353,353.8095238095238
1,810,355,354.1904761904759
1,811,355,354.57142857142844
1,812,354,354.5238095238093
1,813,354,354.0476190476189
1,814,354,353.9047619047618
1,815,354,353.99999999999983
1,816,354,354.09523809523785
1,817,354,353.95238095238085
1,818,354,353.6666666666666
1,819,353,353.33333333333326
1,820,353,353.0476190476188
1,821,353,352.90476190476176
1,822,353,352.9999999999999
1,823,353,352.9999999999999
1,824,353,352.9047619047617
1,825,353,353.047619047619
1,826,353,353.33333333333314
1,827,354,353.6666666666665
1,828,354,353.95238095238074
1,829,354,354.1904761904761
1,830,354,353.95238095238085
1,831,354,353.6666666666666
1,832,353,353.33333333333326
1,833,353,352.95238095238074
1,834,353,352.95238095238074
1,835,353,353.42857142857133
1,836,354,353.6190476190474
1,837,354,353.6190476190474
1,838,353,353.42857142857133
1,839,353,353.0476190476188
1,840,353,352.90476190476176
1,841,353,352.9999999999999
1,842,353,352.9999999999999
1,843,353,352.9999999999999
1,844,353,352.9999999999999
1,845,353,352.9047619047617
1,846,353,353.047619047619
1,847,353,353.42857142857133
1,848,354,353.5238095238094
1,849,354,353.6666666666665
1,850,353,353.7619047619046
1,851,354,353.71428571428544
1,852,354,353.8571428571427
1,853,354,354.09523809523785
1,854,354,353.99999999999983
1,855,354,353.99999999999983
1,856,354,354.09523809523785
1,857,354,353.95238095238085
1,858,354,353.6666666666666
1,859,353,353.33333333333326
1,860,353,352.95238095238074
1,861,353,352.95238095238074
1,862,353,353.42857142857133
1,863,354,353.6190476190474
1,864,354,353.6190476190474
1,865,353,353.42857142857133
1,866,353,352.95238095238074
1,867,353,352.95238095238074
1,868,353,353.33333333333314
1,869,354,353.6666666666665
1,870,354,353.95238095238074
1,871,354,354.09523809523785
1,872,354,353.99999999999983
1,873,354,354.09523809523785
1,874,354,353.95238095238085
1,875,354,353.5714285714284
1,876,353,353.3809523809521
1,877,353,353.38095238095224
1,878,354,353.5714285714284
1,879,354,353.95238095238074
1,880,354,354.09523809523785
1,881,354,353.99999999999983
1,882,354,353.99999999999983
1,883,354,354.09523809523785
1,884,354,353.95238095238085
1,885,354,353.5714285714284
1,886,353,353.3809523809521
1,887,353,353.38095238095224
1,888,354,353.5714285714284
1,889,354,354.0476190476188
1,890,354,354.0476190476189
1,891,354,353.5714285714284
1,892,353,353.3809523809521
1,893,353,353.38095238095224
1,894,354,353.6666666666665
1,895,354,353.9047619047617
1,896,354,353.6666666666664
1,897,353,353.3809523809521
1,898,353,353.38095238095224
1,899,354,353.5714285714284
1,900,354,353.95238095238074
1,901,354,354.09523809523785
1,902,354,354.09523809523785
1,903,354,353.95238095238085
1,904,354,353.6666666666666
1,905,353,353.33333333333326
1,906,353,353.0476190476188
1,907,353,352.90476190476176
1,908,353,352.9999999999999
1,909,353,352.9999999999999
1,910,353,352.9999999999999
1,911,353,352.9999999999999
1,912,353,352.9999999999999
1,913,353,352.9999999999999
1,914,353,352.9047619047617
1,915,353,353.14285714285705
1,916,353,353.2857142857141
1,917,354,353.23809523809496
1,918,353,353.33333333333326
1,919,353,353.4761904761903
1,920,354,353.5714285714284
1,921,354,354.0476190476188
1,922,354,354.0476190476189
1,923,354,353.5714285714284
1,924,353,353.3809523809521
1,925,353,353.38095238095224
1,926,354,353.5714285714284
1,927,354,354.0476190476188
1,928,354,354.0476190476189
1,929,354,353.5714285714284
1,930,353,353.3809523809521
1,931,353,353.4761904761903
1,932,354,353.5238095238093
1,933,354,353.5238095238093
1,934,353,353.4761904761903
1,935,353,353.38095238095224
1,936,354,353.5714285714284
1,937,354,353.95238095238074
1,938,354,354.09523809523785
1,939,354,353.99999999999983
1,940,354,354.09523809523785
1,941,354,353.95238095238085
1,942,354,353.5714285714284
1,943,353,353.3809523809521
1,944,353,353.4761904761903
1,945,354,353.5238095238093
1,946,354,353.5238095238093
1,947,353,353.4761904761903
1,948,353,353.38095238095224
1,949,354,353.5714285714284
1,950,354,354.0476190476188
1,951,354,354.0476190476189
1,952,354,353.6666666666666
1,953,353,353.33333333333326
1,954,353,352.95238095238074
1,955,353,352.95238095238074
1,956,353,353.33333333333314
1,957,354,353.6666666666665
1,958,354,353.95238095238074
1,959,354,354.09523809523785
1,960,354,353.99999999999983
1,961,354,353.99999999999983
1,962,354,353.99999999999983
1,963,354,353.99999999999983
1,964,354,353.99999999999983
1,965,354,354.09523809523785
1,966,354,353.95238095238085
1,967,354,353.5714285714284
1,968,353,353.3809523809521
1,969,353,353.38095238095224
1,970,354,353.5714285714284
1,971,354,353.95238095238074
1,972,354,354.09523809523785
1,973,354,353.99999999999983
1,974,354,353.99999999999983
1,975,354,353.99999999999983
1,976,354,353.99999999999983
1,977,354,353.99999999999983
1,978,354,354.09523809523785
1,979,354,353.95238095238085
1,980,354,353.5714285714284
1,981,353,353.3809523809521
1,982,353,353.38095238095224
1,983,354,353.5714285714284
1,984,354,353.95238095238074
1,985,354,354.09523809523785
1,986,354,353.99999999999983
1,987,354,353.99999999999983
1,988,354,353.99999999999983
1,989,354,353.99999999999983
1,990,354,354.09523809523785
1,991,354,353.95238095238085
1,992,354,353.6666666666666
1,993,353,353.33333333333326
1,994,353,352.95238095238074
1,995,353,352.95238095238074
1,996,353,353.42857142857133
1,997,354,353.6190476190474
1,998,354,353.5238095238093
1,999,353,353.4761904761903
1,1000,353,353.38095238095224
1,1001,354,353.5714285714284
1,1002,354,353.95238095238074
1,1003,354,354.09523809523785
1,1004,354,353.99999999999983
1,1005,354,354.09523809523785
1,1006,354,353.95238095238085
1,1007,354,353.5714285714284
1,1008,353,353.3809523809521
1,1009,353,353.38095238095224
1,1010,354,353.5714285714284
1,1011,354,353.95238095238074
1,1012,354,354.09523809523785
1,1013,354,354.09523809523785
1,1014,354,353.95238095238085
1,1015,354,353.6666666666666
1,1016,353,353.33333333333326
1,1017,353,353.0476190476188
1,1018,353,352.90476190476176
1,1019,353,352.9047619047617
1,1020,353,353.047619047619
1,1021,353,353.2571428571431
1,1022,354,353.6285714285713
1,1023,354,354.0999999999999
1,1024,354,353.6666666666665
1,1025,354,353.95238095238074
1,1026,354,354.1904761904761
1,1027,354,353.95238095238085
1,1028,354,353.5714285714284
1,1029,353,353.3809523809521
1,1030,353,353.38095238095224
1,1031,354,353.5714285714284
1,1032,354,353.95238095238074
1,1033,354,354.09523809523785
1,1034,354,353.99999999999983
1,1035,354,353.99999999999983
1,1036,354,353.99999999999983
1,1037,354,353.99999999999983
1,1038,354,354.09523809523785
1,1039,354,353.95238095238085
1,1040,354,353.5714285714284
1,1041,353,353.4761904761903
1,1042,353,353.3333333333332
1,1043,354,353.2380952380951
1,1044,353,353.2857142857141
1,1045,353,353.1428571428569
1,1046,353,352.90476190476176
1,1047,353,352.9047619047617
1,1048,353,353.047619047619
1,1049,353,353.33333333333314
1,1050,354,353.6666666666665
1,1051,354,354.0476190476188
1,1052,354,354.0476190476189
1,1053,354,353.5714285714284
1,1054,353,353.3809523809521
1,1055,353,353.38095238095224
1,1056,354,353.5714285714284
1,1057,354,354.0476190476188
1,1058,354,354.0476190476189
1,1059,354,353.5714285714284
1,1060,353,353.3809523809521
1,1061,353,353.38095238095224
1,1062,354,353.5714285714284
1,1063,354,353.95238095238074
1,1064,354,353.99999999999983
1,1065,354,354.0476190476188
1,1066,354,354.4285714285713
1,1067,355,354.6190476190476
1,1068,355,354.7142857142855
1,1069,354,354.38095238095224
1,1070,354,353.6190476190473
1,1071,353,353.2857142857141
1,1072,353,353.4761904761903
1,1073,354,353.5238095238093
1,1074,354,353.5238095238093
1,1075,353,353.4761904761903
1,1076,353,353.4761904761903
1,1077,354,353.5238095238093
1,1078,354,353.5238095238093
1,1079,353,353.57142857142844
1,1080,353,353.3333333333332
1,1081,354,353.1428571428569
1,1082,353,353.33333333333326
1,1083,353,353.4761904761903
1,1084,354,353.5714285714284
1,1085,354,353.95238095238074
1,1086,354,354.09523809523785
1,1087,354,354.09523809523785
1,1088,354,353.95238095238085
1,1089,354,353.5714285714284
1,1090,353,353.3809523809521
1,1091,353,353.38095238095224
1,1092,354,353.5714285714284
1,1093,354,353.95238095238074
1,1094,354,354.09523809523785
1,1095,354,354.09523809523785
1,1096,354,353.95238095238085
1,1097,354,353.6666666666666
1,1098,353,353.33333333333326
1,1099,353,352.95238095238074
1,1100,353,352.95238095238074
1,1101,353,353.33333333333314
1,1102,354,353.6666666666665
1,1103,354,353.95238095238074
1,1104,354,354.09523809523785
1,1105,354,353.99999999999983
1,1106,354,354.09523809523785
1,1107,354,353.95238095238085
1,1108,354,353.5714285714284
1,1109,353,353.3809523809521
1,1110,353,353.38095238095224
1,1111,354,353.5714285714284
1,1112,354,353.95238095238074
1,1113,354,354.1904761904761
1,1114,354,353.95238095238085
1,1115,354,353.6666666666666
1,1116,353,353.33333333333326
1,1117,353,353.0476190476188
1,1118,353,352.90476190476176
1,1119,353,352.9999999999999
1,1120,353,352.9999999999999
1,1121,353,352.9047619047617
1,1122,353,353.047619047619
1,1123,353,353.42857142857133
1,1124,354,353.6190476190474
1,1125,354,353.6190476190474
1,1126,353,353.42857142857133
1,1127,353,352.95238095238074
1,1128,353,352.95238095238074
1,1129,353,353.33333333333314
1,1130,354,353.76190476190465
1,1131,354,353.9047619047617
1,1132,354,353.6666666666664
1,1133,353,353.3809523809521
1,1134,353,353.38095238095224
1,1135,354,353.5714285714284
1,1136,354,354.0476190476188
1,1137,354,354.0476190476189
1,1138,354,353.6666666666666
1,1139,353,353.33333333333326
1,1140,353,353.0476190476188
1,1141,353,352.90476190476176
1,1142,353,352.9047619047617
1,1143,353,353.047619047619
1,1144,353,353.42857142857133
1,1145,354,353.6190476190474
1,1146,354,353.5238095238093
1,1147,353,353.4761904761903
1,1148,353,353.38095238095224
1,1149,354,353.6666666666665
1,1150,354,353.9047619047617
1,1151,354,353.76190476190465
1,1152,353,353.33333333333326
1,1153,353,352.95238095238074
1,1154,353,352.95238095238074
1,1155,353,353.42857142857133
1,1156,354,353.6190476190474
1,1157,354,353.6190476190474
1,1158,353,353.42857142857133
1,1159,353,352.95238095238074
1,1160,353,352.95238095238074
1,1161,353,353.42857142857133
1,1162,354,353.6190476190474
1,1163,354,353.6190476190474
1,1164,353,353.42857142857133
1,1165,353,352.95238095238074
1,1166,353,352.95238095238074
1,1167,353,353.42857142857133
1,1168,354,353.6190476190474
1,1169,354,353.5238095238093
1,1170,353,353.57142857142844
1,1171,353,353.3333333333332
1,1172,354,353.1428571428569
1,1173,353,353.33333333333326
1,1174,353,353.4761904761903
1,1175,354,353.5714285714284
1,1176,354,354.0476190476188
1,1177,354,354.0476190476189
1,1178,354,353.5714285714284
1,1179,353,353.3809523809521
1,1180,353,353.38095238095224
1,1181,354,353.5714285714284
1,1182,354,353.95238095238074
1,1183,354,354.09523809523785
1,1184,354,353.99999999999983
1,1185,354,353.99999999999983
1,1186,354,353.99999999999983
1,1187,354,353.99999999999983
1,1188,354,353.99999999999983
1,1189,354,353.99999999999983
1,1190,354,353.99999999999983
1,1191,354,353.99999999999983
1,1192,354,353.99999999999983
1,1193,354,353.99999999999983
1,1194,354,353.99999999999983
1,1195,354,353.99999999999983
1,1196,354,353.99999999999983
1,1197,354,353.99999999999983
1,1198,354,353.99999999999983
1,1199,354,354.09523809523785
1,1200,354,353.95238095238085
1,1201,354,353.5714285714284
1,1202,353,353.3809523809521
1,1203,353,353.4761904761903
1,1204,354,353.5238095238093
1,1205,354,353.6190476190474
1,1206,353,353.42857142857133
1,1207,353,352.95238095238074
1,1208,353,352.95238095238074
1,1209,353,353.42857142857133
1,1210,354,353.6190476190474
1,1211,354,353.5238095238093
1,1212,353,353.4761904761903
1,1213,353,353.4761904761903
1,1214,354,353.5238095238093
1,1215,354,353.5238095238093
1,1216,353,353.57142857142844
1,1217,353,353.3333333333332
1,1218,354,353.2380952380951
1,1219,353,353.2857142857141
1,1220,353,353.0476190476188
1,1221,353,352.95238095238074
1,1222,353,353.42857142857133
1,1223,354,353.6190476190474
1,1224,354,353.5238095238093
1,1225,353,353.4761904761903
1,1226,353,353.4761904761903
1,1227,354,353.5238095238093
1,1228,354,353.6190476190474
1,1229,353,353.42857142857133
1,1230,353,352.95238095238074
1,1231,353,352.95238095238074
1,1232,353,353.33333333333314
1,1233,354,353.6666666666665
1,1234,354,353.95238095238074
1,1235,354,354.09523809523785
1,1236,354,354.09523809523785
1,1237,354,353.95238095238085
1,1238,354,353.6666666666666
1,1239,353,353.2380952380951
1,1240,353,353.0952380952379
1,1241,353,353.2380952380951
1,1242,354,353.6666666666665
1,1243,354,353.95238095238074
1,1244,354,354.09523809523785
1,1245,354,353.99999999999983
1,1246,354,353.99999999999983
1,1247,354,353.99999999999983
1,1248,354,353.99999999999983
1,1249,354,354.09523809523785
1,1250,354,353.95238095238085
1,1251,354,353.5714285714284
1,1252,353,353.3809523809521
1,1253,353,353.38095238095224
1,1254,354,353.5714285714284
1,1255,354,354.0476190476188
1,1256,354,354.0476190476189
1,1257,354,353.5714285714284
1,1258,353,353.3809523809521
1,1259,353,353.38095238095224
1,1260,354,353.6666666666665
1,1261,354,353.9047619047617
1,1262,354,353.6666666666664
1,1263,353,353.3809523809521
1,1264,353,353.4761904761903
1,1265,354,353.5238095238093
1,1266,354,353.6190476190474
1,1267,353,353.42857142857133
1,1268,353,352.95238095238074
1,1269,353,352.95238095238074
1,1270,353,353.33333333333314
1,1271,354,353.6666666666665
1,1272,354,354.0476190476188
1,1273,354,354.0476190476189
1,1274,354,353.6666666666666
1,1275,353,353.33333333333326
1,1276,353,352.95238095238074
1,1277,353,352.85714285714295
1,1278,353,353.2571428571428
1,1279,354,353.95
1,1280,354,353.23809523809496
1,1281,353,353.33333333333326
1,1282,353,353.4761904761903
1,1283,354,353.5714285714284
1,1284,354,353.85714285714255
1,1285,354,354.142857142857
1,1286,354,354.4285714285713
1,1287,355,354.6190476190476
1,1288,355,354.6190476190474
1,1289,354,354.4285714285714
1,1290,354,354.0476190476189
1,1291,354,353.9047619047618
1,1292,354,353.99999999999983
1,1293,354,353.99999999999983
1,1294,354,353.99999999999983
1,1295,354,353.99999999999983
1,1296,354,353.99999999999983
1,1297,354,354.09523809523785
1,1298,354,353.95238095238085
1,1299,354,353.5714285714284
1,1300,353,353.3809523809521
1,1301,353,353.38095238095224
1,1302,354,353.5714285714284
1,1303,354,353.95238095238074
1,1304,354,354.09523809523785
1,1305,354,353.99999999999983
1,1306,354,353.99999999999983
1,1307,354,353.99999999999983
1,1308,354,353.99999999999983
1,1309,354,353.99999999999983
1,1310,354,354.09523809523785
1,1311,354,353.95238095238085
1,1312,354,353.5714285714284
1,1313,353,353.3809523809521
1,1314,353,353.4761904761903
1,1315,354,353.5238095238093
1,1316,354,353.6190476190474
1,1317,353,353.42857142857133
1,1318,353,353.0476190476188
1,1319,353,352.90476190476176
1,1320,353,352.9999999999999
1,1321,353,352.9999999999999
1,1322,353,352.9999999999999
1,1323,353,352.9047619047617
1,1324,353,353.047619047619
1,1325,353,353.42857142857133
1,1326,354,353.6190476190474
1,1327,354,353.5238095238093
1,1328,353,353.4761904761903
1,1329,353,353.4761904761903
1,1330,354,353.5238095238093
1,1331,354,353.5238095238093
1,1332,353,353.4761904761903
1,1333,353,353.4761904761903
1,1334,354,353.5238095238093
1,1335,354,353.5238095238093
1,1336,353,353.4761904761903
1,1337,353,353.4761904761903
1,1338,354,353.5238095238093
1,1339,354,353.6190476190474
1,1340,353,353.33333333333314
1,1341,353,353.0952380952379
1,1342,353,353.2380952380951
1,1343,354,353.6666666666665
1,1344,354,354.0476190476188
1,1345,354,354.0476190476189
1,1346,354,353.5714285714284
1,1347,353,353.3809523809521
1,1348,353,353.38095238095224
1,1349,354,353.5714285714284
1,1350,354,354.0476190476188
1,1351,354,354.0476190476189
1,1352,354,353.6666666666666
1,1353,353,353.33333333333326
1,1354,353,352.95238095238074
1,1355,353,352.95238095238074
1,1356,353,353.42857142857133
1,1357,354,353.6190476190474
1,1358,354,353.6190476190474
1,1359,353,353.33333333333314
1,1360,353,353.0952380952379
1,1361,353,353.2380952380951
1,1362,354,353.6666666666665
1,1363,354,353.95238095238074
1,1364,354,354.09523809523785
1,1365,354,353.99999999999983
1,1366,354,353.99999999999983
1,1367,354,353.99999999999983
1,1368,354,353.99999999999983
1,1369,354,353.99999999999983
1,1370,354,353.99999999999983
1,1371,354,353.99999999999983
1,1372,354,353.99999999999983
1,1373,354,354.09523809523785
1,1374,354,353.95238095238085
1,1375,354,353.6666666666666
1,1376,353,353.2380952380951
1,1377,353,353.0952380952379
1,1378,353,353.2380952380951
1,1379,354,353.6666666666665
1,1380,354,353.95238095238074
1,1381,354,354.09523809523785
1,1382,354,353.99999999999983
1,1383,354,353.99999999999983
1,1384,354,354.09523809523785
1,1385,354,353.95238095238085
1,1386,354,353.6666666666666
1,1387,353,353.33333333333326
1,1388,353,352.95238095238074
1,1389,353,352.95238095238074
1,1390,353,353.33333333333314
1,1391,354,353.6666666666665
1,1392,354,354.0476190476188
1,1393,354,354.0476190476189
1,1394,354,353.5714285714284
1,1395,353,353.3809523809521
1,1396,353,353.38095238095224
1,1397,354,353.5714285714284
1,1398,354,353.95238095238074
1,1399,354,354.09523809523785
1,1400,354,353.99999999999983
1,1401,354,353.99999999999983
1,1402,354,353.99999999999983
1,1403,354,354.09523809523785
1,1404,354,353.95238095238085
1,1405,354,353.5714285714284
1,1406,353,353.3809523809521
1,1407,353,353.38095238095224
1,1408,354,353.5714285714284
1,1409,354,354.0476190476188
1,1410,354,354.0476190476189
1,1411,354,353.5714285714284
1,1412,353,353.3809523809521
1,1413,353,353.38095238095224
1,1414,354,353.5714285714284
1,1415,354,353.95238095238074
1,1416,354,354.09523809523785
1,1417,354,353.99999999999983
1,1418,354,353.99999999999983
1,1419,354,353.99999999999983
1,1420,354,353.99999999999983
1,1421,354,353.99999999999983
1,1422,354,353.99999999999983
1,1423,354,353.99999999999983
1,1424,354,354.09523809523785
1,1425,354,353.95238095238085
1,1426,354,353.5714285714284
1,1427,353,353.3809523809521
1,1428,353,353.38095238095224
1,1429,354,353.5714285714284
1,1430,354,353.95238095238074
1,1431,354,354.09523809523785
1,1432,354,354.09523809523785
1,1433,354,353.95238095238085
1,1434,354,353.5714285714284
1,1435,353,353.3809523809521
1,1436,353,353.38095238095224
1,1437,354,353.5714285714284
1,1438,354,354.0476190476188
1,1439,354,354.0476190476189
1,1440,354,353.5714285714284
1,1441,353,353.3809523809521
1,1442,353,353.38095238095224
1,1443,354,353.5714285714284
1,1444,354,353.95238095238074
1,1445,354,354.1904761904761
1,1446,354,353.95238095238085
1,1447,354,353.5714285714284
1,1448,353,353.3809523809521
1,1449,353,353.38095238095224
1,1450,354,353.5714285714284
1,1451,354,354.0476190476188
1,1452,354,354.0476190476189
1,1453,354,353.5714285714284
1,1454,353,353.3809523809521
1,1455,353,353.4761904761903
1,1456,354,353.5238095238093
1,1457,354,353.6190476190474
1,1458,353,353.42857142857133
1,1459,353,352.95238095238074
1,1460,353,352.95238095238074
1,1461,353,353.42857142857133
1,1462,354,353.5238095238094
1,1463,354,353.6666666666665
1,1464,353,353.8571428571428
1,1465,354,353.6666666666665
1,1466,354,353.52380952380935
1,1467,353,353.42857142857133
1,1468,353,353.0476190476188
1,1469,353,352.90476190476176
1,1470,353,352.9999999999999
1,1471,353,352.9999999999999
1,1472,353,352.9999999999999
1,1473,353,352.9999999999999
1,1474,353,352.9047619047617
1,1475,353,353.047619047619
1,1476,353,353.33333333333314
1,1477,354,353.6666666666665
1,1478,354,353.95238095238074
1,1479,354,354.09523809523785
1,1480,354,353.99999999999983
1,1481,354,353.99999999999983
1,1482,354,354.09523809523785
1,1483,354,353.8571428571428
1,1484,354,353.7142857142855
1,1485,353,353.6666666666666
1,1486,354,353.71428571428544
1,1487,354,353.95238095238074
1,1488,354,354.0476190476189
1,1489,354,353.5714285714284
1,1490,353,353.3809523809521
1,1491,353,353.38095238095224
1,1492,354,353.5714285714284
1,1493,354,354.0476190476188
1,1494,354,354.0476190476189
1,1495,354,353.5714285714284
1,1496,353,353.3809523809521
1,1497,353,353.4761904761903
1,1498,354,353.5238095238093
1,1499,354,353.5238095238093
1,1500,353,353.4761904761903
1,1501,353,353.4761904761903
1,1502,354,353.5238095238093
1,1503,354,353.5238095238093
1,1504,353,353.4761904761903
1,1505,353,353.38095238095224
1,1506,354,353.5714285714284
1,1507,354,353.95238095238074
1,1508,354,354.1904761904761
1,1509,354,353.95238095238085
1,1510,354,353.5714285714284
1,1511,353,353.3809523809521
1,1512,353,353.38095238095224
1,1513,354,353.5714285714284
1,1514,354,354.0476190476188
1,1515,354,354.0476190476189
1,1516,354,353.6666666666666
1,1517,353,353.33333333333326
1,1518,353,353.0476190476188
1,1519,353,352.90476190476176
1,1520,353,352.9047619047617
1,1521,353,353.047619047619
1,1522,353,353.33333333333314
1,1523,354,353.76190476190465
1,1524,354,353.9047619047617
1,1525,354,353.76190476190465
1,1526,353,353.33333333333326
1,1527,353,353.0476190476188
1,1528,353,352.90476190476176
1,1529,353,352.9999999999999
1,1530,353,352.9999999999999
1,1531,353,352.9999999999999
1,1532,353,352.9999999999999
1,1533,353,353.0000000000001
1,1534,353,352.99999999999994
1,1535,353,352.9999999999999
1,1536,353,352.9047619047617
1,1537,353,353.047619047619
1,1538,353,353.42857142857133
1,1539,354,353.6190476190474
1,1540,354,353.6190476190474
1,1541,353,353.42857142857133
1,1542,353,352.95238095238074
1,1543,353,352.95238095238074
1,1544,353,353.42857142857133
1,1545,354,353.6190476190474
1,1546,354,353.6190476190474
1,1547,353,353.42857142857133
1,1548,353,353.0476190476188
1,1549,353,352.90476190476176
1,1550,353,352.9047619047617
1,1551,353,353.14285714285705
1,1552,353,353.2857142857141
1,1553,354,353.23809523809496
1,1554,353,353.33333333333326
1,1555,353,353.4761904761903
1,1556,354,353.5714285714284
1,1557,354,354.0476190476188
1,1558,354,354.0476190476189
1,1559,354,353.6666666666666
1,1560,353,353.33333333333326
1,1561,353,352.95238095238074
1,1562,353,352.95238095238074
1,1563,353,353.33333333333314
1,1564,354,353.6666666666665
1,1565,354,354.0476190476188
1,1566,354,354.0476190476189
1,1567,354,353.6666666666666
1,1568,353,353.33333333333326
1,1569,353,352.95238095238074
1,1570,353,352.95238095238074
1,1571,353,353.42857142857133
1,1572,354,353.6190476190474
1,1573,354,353.6190476190474
1,1574,353,353.42857142857133
1,1575,353,353.0476190476188
1,1576,353,352.8095238095236
1,1577,353,353.047619047619
1,1578,353,353.33333333333314
1,1579,354,353.6666666666665
1,1580,354,354.0476190476188
1,1581,354,354.0476190476189
1,1582,354,353.6666666666666
1,1583,353,353.33333333333326
1,1584,353,353.0476190476188
1,1585,353,352.857142857143
1,1586,353,352.99999999999994
1,1587,353,352.9999999999999
2,0,353,353.33333333333326
2,1,353,353.0476190476188
2,2,353,352.8095238095236
2,3,353,353.047619047619
2,4,353,353.33333333333314
2,5,354,353.6666666666665
2,6,354,354.0476190476188
2,7,354,354.0476190476189
2,8,354,353.6666666666666
2,9,353,353.33333333333326
2,10,353,352.95238095238074
2,11,353,352.95238095238074
2,12,353,353.33333333333314
2,13,354,353.76190476190465
2,14,354,353.9047619047617
2,15,354,353.6666666666664
2,16,353,353.3809523809521
2,17,353,353.38095238095224
2,18,354,353.5714285714284
2,19,354,354.0476190476188
2,20,354,354.0476190476189
2,21,354,353.5714285714284
2,22,353,353.3809523809521
2,23,353,353.38095238095224
2,24,354,353.5714285714284
2,25,354,354.0476190476188
2,26,354,354.0476190476189
2,27,354,353.5714285714284
2,28,353,353.3809523809521
2,29,353,353.4761904761903
2,30,354,353.42857142857133
2,31,354,353.6666666666665
2,32,353,353.8571428571428
2,33,354,353.6666666666665
2,34,354,353.42857142857133
2,35,353,353.4761904761903
2,36,353,353.38095238095224
2,37,354,353.5714285714284
2,38,354,354.0476190476188
2,39,354,354.0476190476189
2,40,354,353.6666666666666
2,41,353,353.33333333333326
2,42,353,353.0476190476188
2,43,353,352.8095238095236
2,44,353,353.047619047619
2,45,353,353.42857142857133
2,46,354,353.6190476190474
2,47,354,353.6190476190474
2,48,353,353.42857142857133
2,49,353,353.0476190476188
2,50,353,352.90476190476176
2,51,353,352.9999999999999
2,52,353,352.9999999999999
2,53,353,352.9999999999999
2,54,353,352.9047619047617
2,55,353,353.047619047619
2,56,353,353.33333333333314
2,57,354,353.6666666666665
2,58,354,353.95238095238074
2,59,354,354.1904761904761
2,60,354,353.95238095238085
2,61,354,353.5714285714284
2,62,353,353.3809523809521
2,63,353,353.4761904761903
2,64,354,353.5238095238093
2,65,354,353.6190476190474
2,66,353,353.42857142857133
2,67,353,353.0476190476188
2,68,353,352.90476190476176
2,69,353,352.9999999999999
2,70,353,352.9999999999999
2,71,353,352.9999999999999
2,72,353,352.9999999999999
2,73,353,352.9999999999999
2,74,353,352.9999999999999
2,75,353,352.9047619047617
2,76,353,353.047619047619
2,77,353,353.33333333333314
2,78,354,353.6666666666665
2,79,354,354.0476190476188
2,80,354,353.95238095238085
2,81,354,353.7142857142855
2,82,353,353.6666666666666
2,83,354,353.71428571428544
2,84,354,353.8571428571427
2,85,354,354.09523809523785
2,86,354,353.99999999999983
2,87,354,353.99999999999983
2,88,354,353.99999999999983
2,89,354,353.99999999999983
2,90,354,354.09523809523785
2,91,354,353.95238095238085
2,92,354,353.6666666666666
2,93,353,353.33333333333326
2,94,353,353.0476190476188
2,95,353,352.90476190476176
2,96,353,352.9999999999999
2,97,353,352.9047619047617
2,98,353,353.047619047619
2,99,353,353.33333333333314
2,100,354,353.6666666666665
2,101,354,353.95238095238074
2,102,354,354.09523809523785
2,103,354,353.99999999999983
2,104,354,353.99999999999983
2,105,354,354.09523809523785
2,106,354,353.95238095238085
2,107,354,353.5714285714284
2,108,353,353.3809523809521
2,109,353,353.38095238095224
2,110,354,353.5714285714284
2,111,354,353.95238095238074
2,112,354,354.09523809523785
2,113,354,354.09523809523785
2,114,354,353.95238095238085
2,115,354,353.6666666666666
2,116,353,353.33333333333326
2,117,353,352.95238095238074
2,118,353,353.0476190476188
2,119,353,353.2857142857141
2,120,354,353.23809523809496
2,121,353,353.33333333333326
2,122,353,353.57142857142856
2,123,354,353.5238095238093
2,124,354,353.5238095238093
2,125,353,353.4761904761903
2,126,353,353.38095238095224
2,127,354,353.5714285714284
2,128,354,353.95238095238074
2,129,354,354.09523809523785
2,130,354,353.99999999999983
2,131,354,353.99999999999983
2,132,354,353.99999999999983
2,133,354,353.99999999999983
2,134,354,353.99999999999983
2,135,354,353.99999999999983
2,136,354,353.9047619047617
2,137,354,354.0476190476188
2,138,354,354.4285714285713
2,139,355,354.71428571428567
2,140,355,354.57142857142844
2,141,354,353.99999999999994
2,142,353,353.42857142857116
2,143,353,353.28571428571416
2,144,354,353.5714285714284
2,145,354,353.95238095238074
2,146,354,354.09523809523785
2,147,354,353.99999999999983
2,148,354,353.99999999999983
2,149,354,353.99999999999983
2,150,354,353.99999999999983
2,151,354,354.09523809523785
2,152,354,353.95238095238085
2,153,354,353.6666666666666
2,154,353,353.33333333333326
2,155,353,353.0476190476188
2,156,353,352.90476190476176
2,157,353,352.9047619047617
2,158,353,353.047619047619
2,159,353,353.33333333333314
2,160,354,353.6666666666665
2,161,354,353.95238095238074
2,162,354,354.09523809523785
2,163,354,353.99999999999983
2,164,354,353.99999999999983
2,165,354,353.99999999999983
2,166,354,353.99999999999983
2,167,354,353.99999999999983
2,168,354,353.99999999999983
2,169,354,353.99999999999983
2,170,354,354.09523809523785
2,171,354,353.95238095238085
2,172,354,353.5714285714284
2,173,353,353.3809523809521
2,174,353,353.38095238095224
2,175,354,353.5714285714284
2,176,354,354.0476190476188
2,177,354,354.0476190476189
2,178,354,353.6666666666666
2,179,353,353.33333333333326
2,180,353,352.95238095238074
2,181,353,352.95238095238074
2,182,353,353.33333333333314
2,183,354,353.6666666666665
2,184,354,354.0476190476188
2,185,354,354.0476190476189
2,186,354,353.5714285714284
2,187,353,353.3809523809521
2,188,353,353.38095238095224
2,189,354,353.5714285714284
2,190,354,354.0476190476188
2,191,354,353.95238095238085
2,192,354,353.7142857142855
2,193,353,353.6666666666666
2,194,354,353.71428571428544
2,195,354,353.95238095238074
2,196,354,354.0476190476189
2,197,354,353.5714285714284
2,198,353,353.3809523809521
2,199,353,353.38095238095224
2,200,354,353.5714285714284
2,201,354,353.95238095238074
2,202,354,354.09523809523785
2,203,354,354.09523809523785
2,204,354,353.95238095238085
2,205,354,353.5714285714284
2,206,353,353.3809523809521
2,207,353,353.38095238095224
2,208,354,353.5714285714284
2,209,354,354.0476190476188
2,210,354,354.0476190476189
2,211,354,353.6666666666666
2,212,353,353.2380952380951
2,213,353,353.0952380952379
2,214,353,353.3333333333331
2,215,354,353.6190476190474
2,216,354,353.6190476190474
2,217,353,353.42857142857133
2,218,353,352.95238095238074
2,219,353,352.95238095238074
2,220,353,353.33333333333314
2,221,354,353.6666666666665
2,222,354,354.0476190476188
2,223,354,354.0476190476189
2,224,354,353.5714285714284
2,225,353,353.3809523809521
2,226,353,353.38095238095224
2,227,354,353.5714285714284
2,228,354,353.95238095238074
2,229,354,354.09523809523785
2,230,354,353.99999999999983
2,231,354,353.99999999999983
2,232,354,353.99999999999983
2,233,354,354.09523809523785
2,234,354,353.95238095238085
2,235,354,353.6666666666666
2,236,353,353.33333333333326
2,237,353,352.95238095238074
2,238,353,352.95238095238074
2,239,353,353.33333333333314
2,240,354,353.6666666666665
2,241,354,353.95238095238074
2,242,354,354.09523809523785
2,243,354,353.99999999999983
2,244,354,353.99999999999983
2,245,354,353.99999999999983
2,246,354,353.99999999999983
2,247,354,353.99999999999983
2,248,354,353.99999999999983
2,249,354,353.99999999999983
2,250,354,354.09523809523785
2,251,354,353.95238095238085
2,252,354,353.6666666666666
2,253,353,353.3714285714287
2,254,353,353.0285714285713
2,255,353,353.05
2,256,353,353.33333333333326
2,257,353,352.95238095238074
2,258,353,352.95238095238074
2,259,353,353.33333333333314
2,260,354,353.76190476190465
2,261,354,353.9047619047617
2,262,354,353.6666666666664
2,263,353,353.3809523809521
2,264,353,353.38095238095224
2,265,354,353.5714285714284
2,266,354,353.95238095238074
2,267,354,354.09523809523785
2,268,354,353.99999999999983
2,269,354,353.99999999999983
2,270,354,353.99999999999983
2,271,354,353.99999999999983
2,272,354,353.99999999999983
2,273,354,353.99999999999983
2,274,354,353.99999999999983
2,275,354,353.99999999999983
2,276,354,353.99999999999983
2,277,354,353.99999999999983
2,278,354,353.99999999999983
2,279,354,353.99999999999983
2,280,354,353.99999999999983
2,281,354,353.99999999999983
2,282,354,353.99999999999983
2,283,354,354.09523809523785
2,284,354,353.95238095238085
2,285,354,353.5714285714284
2,286,353,353.3809523809521
2,287,353,353.4761904761903
2,288,354,353.5238095238093
2,289,354,353.5238095238093
2,290,353,353.4761904761903
2,291,353,353.38095238095224
2,292,354,353.5714285714284
2,293,354,353.95238095238074
2,294,354,354.09523809523785
2,295,354,353.99999999999983
2,296,354,353.99999999999983
2,297,354,353.99999999999983
2,298,354,353.99999999999983
2,299,354,354.09523809523785
2,300,354,353.95238095238085
2,301,354,353.6666666666666
2,302,353,353.2380952380951
2,303,353,353.0952380952379
2,304,353,353.2380952380951
2,305,354,353.6666666666665
2,306,354,354.0476190476188
2,307,354,354.0476190476189
2,308,354,353.5714285714284
2,309,353,353.3809523809521
2,310,353,353.38095238095224
2,311,354,353.5714285714284
2,312,354,353.95238095238074
2,313,354,354.09523809523785
2,314,354,354.09523809523785
2,315,354,353.95238095238085
2,316,354,353.6666666666666
2,317,353,353.33333333333326
2,318,353,352.95238095238074
2,319,353,352.95238095238074
2,320,353,353.33333333333314
2,321,354,353.6666666666665
2,322,354,353.95238095238074
2,323,354,354.09523809523785
2,324,354,353.99999999999983
2,325,354,353.99999999999983
2,326,354,353.99999999999983
2,327,354,353.99999999999983
2,328,354,353.99999999999983
2,329,354,354.09523809523785
2,330,354,353.95238095238085
2,331,354,353.5714285714284
2,332,353,353.3809523809521
2,333,353,353.38095238095224
2,334,354,353.5714285714284
2,335,354,354.0476190476188
2,336,354,354.0476190476189
2,337,354,353.5714285714284
2,338,353,353.3809523809521
2,339,353,353.38095238095224
2,340,354,353.5714285714284
2,341,354,353.95238095238074
2,342,354,354.09523809523785
2,343,354,353.99999999999983
2,344,354,354.09523809523785
2,345,354,353.95238095238085
2,346,354,353.5714285714284
2,347,353,353.3809523809521
2,348,353,353.4761904761903
2,349,354,353.5238095238093
2,350,354,353.5238095238093
2,351,353,353.4761904761903
2,352,353,353.4761904761903
2,353,354,353.5238095238093
2,354,354,353.6190476190474
2,355,353,353.42857142857133
2,356,353,352.95238095238074
2,357,353,352.95238095238074
2,358,353,353.33333333333314
2,359,354,353.6666666666665
2,360,354,353.95238095238074
2,361,354,354.09523809523785
2,362,354,353.99999999999983
2,363,354,353.99999999999983
2,364,354,353.99999999999983
2,365,354,353.99999999999983
2,366,354,353.99999999999983
2,367,354,353.99999999999983
2,368,354,353.99999999999983
2,369,354,354.09523809523785
2,370,354,353.95238095238085
2,371,354,353.6666666666666
2,372,353,353.33333333333326
2,373,353,352.95238095238074
2,374,353,352.95238095238074
2,375,353,353.42857142857133
2,376,354,353.6190476190474
2,377,354,353.5238095238093
2,378,353,353.4761904761903
2,379,353,353.38095238095224
2,380,354,353.5714285714284
2,381,354,353.95238095238074
2,382,354,354.1904761904761
2,383,354,353.95238095238085
2,384,354,353.6666666666666
2,385,353,353.33333333333326
2,386,353,352.95238095238074
2,387,353,352.95238095238074
2,388,353,353.42857142857133
2,389,354,353.6190476190474
2,390,354,353.5238095238093
2,391,353,353.4761904761903
2,392,353,353.4761904761903
2,393,354,353.5238095238093
2,394,354,353.5238095238093
2,395,353,353.4761904761903
2,396,353,353.38095238095224
2,397,354,353.5714285714284
2,398,354,353.95238095238074
2,399,354,354.09523809523785
2,400,354,353.99999999999983
2,401,354,353.99999999999983
2,402,354,353.99999999999983
2,403,354,353.99999999999983
2,404,354,353.99999999999983
2,405,354,354.09523809523785
2,406,354,353.95238095238085
2,407,354,353.6666666666666
2,408,353,353.33333333333326
2,409,353,353.0476190476188
2,410,353,352.90476190476176
2,411,353,352.9047619047617
2,412,353,353.047619047619
2,413,353,353.33333333333314
2,414,354,353.6666666666665
2,415,354,354.0476190476188
2,416,354,354.0476190476189
2,417,354,353.5714285714284
2,418,353,353.3809523809521
2,419,353,353.4761904761903
2,420,354,353.42857142857133
2,421,354,353.6666666666665
2,422,353,353.7619047619046
2,423,354,353.71428571428544
2,424,354,353.7619047619046
2,425,354,354.142857142857
2,426,354,354.4285714285713
2,427,355,354.6190476190476
2,428,355,354.6190476190474
2,429,354,354.4285714285714
2,430,354,354.1428571428569
2,431,354,353.8571428571427
2,432,354,353.6666666666666
2,433,353,353.33333333333326
2,434,353,353.0476190476188
2,435,353,352.90476190476176
2,436,353,352.9047619047617
2,437,353,353.047619047619
2,438,353,353.33333333333314
2,439,354,353.6666666666665
2,440,354,353.95238095238074
2,441,354,354.09523809523785
2,442,354,354.09523809523785
2,443,354,353.8571428571428
2,444,354,353.7142857142855
2,445,353,353.6666666666666
2,446,354,353.71428571428544
2,447,354,353.8571428571427
2,448,354,354.09523809523785
2,449,354,353.99999999999983
2,450,354,353.99999999999983
2,451,354,353.99999999999983
2,452,354,353.99999999999983
2,453,354,354.09523809523785
2,454,354,353.95238095238085
2,455,354,353.5714285714284
2,456,353,353.3809523809521
2,457,353,353.38095238095224
2,458,354,353.6666666666665
2,459,354,353.9047619047617
2,460,354,353.6666666666664
2,461,353,353.3809523809521
2,462,353,353.4761904761903
2,463,354,353.5238095238093
2,464,354,353.5238095238093
2,465,353,353.4761904761903
2,466,353,353.38095238095224
2,467,354,353.5714285714284
2,468,354,353.95238095238074
2,469,354,354.09523809523785
2,470,354,353.99999999999983
2,471,354,353.99999999999983
2,472,354,353.99999999999983
2,473,354,353.99999999999983
2,474,354,353.99999999999983
2,475,354,353.99999999999983
2,476,354,353.99999999999983
2,477,354,354.09523809523785
2,478,354,353.95238095238085
2,479,354,353.6666666666666
2,480,353,353.33333333333326
2,481,353,353.0476190476188
2,482,353,352.90476190476176
2,483,353,352.9047619047617
2,484,353,353.047619047619
2,485,353,353.42857142857133
2,486,354,353.6190476190474
2,487,354,353.5238095238093
2,488,353,353.4761904761903
2,489,353,353.38095238095224
2,490,354,353.5714285714284
2,491,354,353.95238095238074
2,492,354,354.09523809523785
2,493,354,353.99999999999983
2,494,354,354.09523809523785
2,495,354,353.95238095238085
2,496,354,353.5714285714284
2,497,353,353.3809523809521
2,498,353,353.38095238095224
2,499,354,353.5714285714284
2,500,354,353.95238095238074
2,501,354,354.09523809523785
2,502,354,354.09523809523785
2,503,354,353.95238095238085
2,504,354,353.5714285714284
2,505,353,353.3809523809521
2,506,353,353.38095238095224
2,507,354,353.5714285714284
2,508,354,354.0476190476188
2,509,354,354.14285714285734
2,510,354,353.742857142857
2,511,353,353.05000000000007
2,512,354,353.95238095238085
2,513,354,353.5714285714284
2,514,353,353.3809523809521
2,515,353,353.38095238095224
2,516,354,353.5714285714284
2,517,354,353.95238095238074
2,518,354,354.09523809523785
2,519,354,354.09523809523785
2,520,354,353.95238095238085
2,521,354,353.5714285714284
2,522,353,353.3809523809521
2,523,353,353.38095238095224
2,524,354,353.5714285714284
2,525,354,353.95238095238074
2,526,354,354.09523809523785
2,527,354,353.99999999999983
2,528,354,354.09523809523785
2,529,354,353.95238095238085
2,530,354,353.6666666666666
2,531,353,353.33333333333326
2,532,353,353.0476190476188
2,533,353,352.90476190476176
2,534,353,352.9999999999999
2,535,353,352.9999999999999
2,536,353,352.9047619047617
2,537,353,353.047619047619
2,538,353,353.33333333333314
2,539,354,353.6666666666665
2,540,354,353.95238095238074
2,541,354,354.09523809523785
2,542,354,353.99999999999983
2,543,354,353.99999999999983
2,544,354,353.99999999999983
2,545,354,353.99999999999983
2,546,354,353.99999999999983
2,547,354,353.99999999999983
2,548,354,354.09523809523785
2,549,354,353.8571428571428
2,550,354,353.7142857142855
2,551,353,353.7619047619046
2,552,354,353.6666666666665
2,553,354,353.42857142857133
2,554,353,353.4761904761903
2,555,353,353.4761904761903
2,556,354,353.5238095238093
2,557,354,353.5238095238093
2,558,353,353.4761904761903
2,559,353,353.38095238095224
2,560,354,353.5714285714284
2,561,354,353.95238095238074
2,562,354,354.09523809523785
2,563,354,353.99999999999983
2,564,354,353.99999999999983
2,565,354,354.09523809523785
2,566,354,353.95238095238085
2,567,354,353.6666666666666
2,568,353,353.33333333333326
2,569,353,353.0476190476188
2,570,353,352.8095238095236
2,571,353,353.047619047619
2,572,353,353.33333333333314
2,573,354,353.6666666666665
2,574,354,353.95238095238074
2,575,354,354.09523809523785
2,576,354,353.99999999999983
2,577,354,353.99999999999983
2,578,354,353.99999999999983
2,579,354,353.99999999999983
2,580,354,353.9047619047617
2,581,354,354.0476190476188
2,582,354,354.4285714285713
2,583,355,354.6190476190476
2,584,355,354.6190476190474
2,585,354,354.4285714285714
2,586,354,354.0476190476189
2,587,354,353.9047619047618
2,588,354,353.99999999999983
2,589,354,353.99999999999983
2,590,354,353.99999999999983
2,591,354,353.99999999999983
2,592,354,353.99999999999983
2,593,354,353.99999999999983
2,594,354,353.99999999999983
2,595,354,353.99999999999983
2,596,354,353.99999999999983
2,597,354,354.09523809523785
2,598,354,353.95238095238085
2,599,354,353.5714285714284
2,600,353,353.3809523809521
2,601,353,353.38095238095224
2,602,354,353.5714285714284
2,603,354,354.0476190476188
2,604,354,354.0476190476189
2,605,354,353.5714285714284
2,606,353,353.3809523809521
2,607,353,353.38095238095224
2,608,354,353.5714285714284
2,609,354,353.95238095238074
2,610,354,354.09523809523785
2,611,354,353.99999999999983
2,612,354,353.99999999999983
2,613,354,353.99999999999983
2,614,354,353.99999999999983
2,615,354,353.99999999999983
2,616,354,354.09523809523785
2,617,354,353.95238095238085
2,618,354,353.5714285714284
2,619,353,353.3809523809521
2,620,353,353.4761904761903
2,621,354,353.5238095238093
2,622,354,353.5238095238093
2,623,353,353.4761904761903
2,624,353,353.38095238095224
2,625,354,353.5714285714284
2,626,354,353.95238095238074
2,627,354,354.09523809523785
2,628,354,354.09523809523785
2,629,354,353.95238095238085
2,630,354,353.5714285714284
2,631,353,353.3809523809521
2,632,353,353.38095238095224
2,633,354,353.6666666666665
2,634,354,353.9047619047617
2,635,354,353.6666666666664
2,636,353,353.3809523809521
2,637,353,353.4761904761903
2,638,354,353.5238095238093
2,639,354,353.6190476190474
2,640,353,353.42857142857133
2,641,353,352.95238095238074
2,642,353,352.95238095238074
2,643,353,353.33333333333314
2,644,354,353.6666666666665
2,645,354,354.0476190476188
2,646,354,354.0476190476189
2,647,354,353.5714285714284
2,648,353,353.3809523809521
2,649,353,353.4761904761903
2,650,354,353.5238095238093
2,651,354,353.6190476190474
2,652,353,353.42857142857133
2,653,353,353.0476190476188
2,654,353,352.90476190476176
2,655,353,352.9047619047617
2,656,353,353.047619047619
2,657,353,353.33333333333314
2,658,354,353.6666666666665
2,659,354,353.95238095238074
2,660,354,354.1904761904761
2,661,354,353.95238095238085
2,662,354,353.6666666666666
2,663,353,353.33333333333326
2,664,353,353.0476190476188
2,665,353,352.90476190476176
2,666,353,352.9047619047617
2,667,353,353.047619047619
2,668,353,353.33333333333314
2,669,354,353.6666666666665
2,670,354,354.0476190476188
2,671,354,354.0476190476189
2,672,354,353.5714285714284
2,673,353,353.3809523809521
2,674,353,353.4761904761903
2,675,354,353.5238095238093
2,676,354,353.6190476190474
2,677,353,353.42857142857133
2,678,353,352.95238095238074
2,679,353,352.95238095238074
2,680,353,353.42857142857133
2,681,354,353.6190476190474
2,682,354,353.5238095238093
2,683,353,353.4761904761903
2,684,353,353.38095238095224
2,685,354,353.5714285714284
2,686,354,353.95238095238074
2,687,354,354.09523809523785
2,688,354,353.99999999999983
2,689,354,353.99999999999983
2,690,354,353.99999999999983
2,691,354,354.09523809523785
2,692,354,353.95238095238085
2,693,354,353.6666666666666
2,694,353,353.33333333333326
2,695,353,352.95238095238074
2,696,353,352.95238095238074
2,697,353,353.33333333333314
2,698,354,353.6666666666665
2,699,354,354.0476190476188
2,700,354,354.0476190476189
2,701,354,353.6666666666666
2,702,353,353.33333333333326
2,703,353,353.0476190476188
2,704,353,352.90476190476176
2,705,353,352.9047619047617
2,706,353,353.047619047619
2,707,353,353.33333333333314
2,708,354,353.6666666666665
2,709,354,353.95238095238074
2,710,354,354.1904761904761
2,711,354,353.95238095238085
2,712,354,353.5714285714284
2,713,353,353.3809523809521
2,714,353,353.4761904761903
2,715,354,353.5238095238093
2,716,354,353.5238095238093
2,717,353,353.4761904761903
2,718,353,353.38095238095224
2,719,354,353.5714285714284
2,720,354,353.95238095238074
2,721,354,354.09523809523785
2,722,354,354.09523809523785
2,723,354,353.95238095238085
2,724,354,353.6666666666666
2,725,353,353.33333333333326
2,726,353,352.95238095238074
2,727,353,352.95238095238074
2,728,353,353.33333333333314
2,729,354,353.6666666666665
2,730,354,354.0476190476188
2,731,354,354.0476190476189
2,732,354,353.5714285714284
2,733,353,353.3809523809521
2,734,353,353.38095238095224
2,735,354,353.5714285714284
2,736,354,353.95238095238074
2,737,354,354.09523809523785
2,738,354,353.99999999999983
2,739,354,353.99999999999983
2,740,354,353.99999999999983
2,741,354,354.09523809523785
2,742,354,353.95238095238085
2,743,354,353.5714285714284
2,744,353,353.3809523809521
2,745,353,353.38095238095224
2,746,354,353.5714285714284
2,747,354,354.0476190476188
2,748,354,354.0476190476189
2,749,354,353.6666666666666
2,750,353,353.33333333333326
2,751,353,353.0476190476188
2,752,353,352.8095238095236
2,753,353,353.047619047619
2,754,353,353.42857142857133
2,755,354,353.6190476190474
2,756,354,353.6190476190474
2,757,353,353.42857142857133
2,758,353,352.95238095238074
2,759,353,352.95238095238074
2,760,353,353.33333333333314
2,761,354,353.6666666666665
2,762,354,354.0476190476188
2,763,354,354.0476190476189
2,764,354,353.5714285714284
2,765,353,353.3714285714287
2,766,353,353.2857142857143
2,767,354,354.0
2,768,354,354.09523809523785
2,769,354,353.95238095238085
2,770,354,353.5714285714284
2,771,353,353.3809523809521
2,772,353,353.38095238095224
2,773,354,353.5714285714284
2,774,354,354.0476190476188
2,775,354,354.0476190476189
2,776,354,353.6666666666666
2,777,353,353.33333333333326
2,778,353,352.95238095238074
2,779,353,352.95238095238074
2,780,353,353.42857142857133
2,781,354,353.5238095238094
2,782,354,353.6666666666665
2,783,353,353.7619047619046
2,784,354,353.71428571428544
2,785,354,353.8571428571427
2,786,354,354.09523809523785
2,787,354,353.99999999999983
2,788,354,353.99999999999983
2,789,354,354.09523809523785
2,790,354,353.95238095238085
2,791,354,353.5714285714284
2,792,353,353.3809523809521
2,793,353,353.4761904761903
2,794,354,353.5238095238093
2,795,354,353.5238095238093
2,796,353,353.4761904761903
2,797,353,353.38095238095224
2,798,354,353.5714285714284
2,799,354,353.95238095238074
2,800,354,354.09523809523785
2,801,354,353.99999999999983
2,802,354,353.99999999999983
2,803,354,353.99999999999983
2,804,354,353.99999999999983
2,805,354,353.99999999999983
2,806,354,353.99999999999983
2,807,354,353.99999999999983
2,808,354,354.09523809523785
2,809,354,353.95238095238085
2,810,354,353.6666666666666
2,811,353,353.33333333333326
2,812,353,353.0476190476188
2,813,353,352.90476190476176
2,814,353,352.9047619047617
2,815,353,353.047619047619
2,816,353,353.33333333333314
2,817,354,353.6666666666665
2,818,354,353.95238095238074
2,819,354,354.09523809523785
2,820,354,354.09523809523785
2,821,354,353.95238095238085
2,822,354,353.5714285714284
2,823,353,353.3809523809521
2,824,353,353.38095238095224
2,825,354,353.5714285714284
2,826,354,353.95238095238074
2,827,354,354.1904761904761
2,828,354,353.95238095238085
2,829,354,353.6666666666666
2,830,353,353.33333333333326
2,831,353,352.95238095238074
2,832,353,352.95238095238074
2,833,353,353.33333333333314
2,834,354,353.6666666666665
2,835,354,354.0476190476188
2,836,354,354.0476190476189
2,837,354,353.5714285714284
2,838,353,353.3809523809521
2,839,353,353.4761904761903
2,840,354,353.5238095238093
2,841,354,353.6190476190474
2,842,353,353.42857142857133
2,843,353,352.95238095238074
2,844,353,352.95238095238074
2,845,353,353.33333333333314
2,846,354,353.6666666666665
2,847,354,353.95238095238074
2,848,354,354.1904761904761
2,849,354,353.95238095238085
2,850,354,353.5714285714284
2,851,353,353.3809523809521
2,852,353,353.4761904761903
2,853,354,353.5238095238093
2,854,354,353.5238095238093
2,855,353,353.4761904761903
2,856,353,353.38095238095224
2,857,354,353.5714285714284
2,858,354,354.0476190476188
2,859,354,354.0476190476189
2,860,354,353.5714285714284
2,861,353,353.3809523809521
2,862,353,353.4761904761903
2,863,354,353.5238095238093
2,864,354,353.6190476190474
2,865,353,353.42857142857133
2,866,353,353.0476190476188
2,867,353,352.90476190476176
2,868,353,352.9999999999999
2,869,353,352.9999999999999
2,870,353,352.9999999999999
2,871,353,352.9999999999999
2,872,353,352.9999999999999
2,873,353,352.9999999999999
2,874,353,352.9999999999999
2,875,353,352.9047619047617
2,876,353,353.047619047619
2,877,353,353.42857142857133
2,878,354,353.6190476190474
2,879,354,353.5238095238093
2,880,353,353.4761904761903
2,881,353,353.38095238095224
2,882,354,353.5714285714284
2,883,354,353.95238095238074
2,884,354,354.09523809523785
2,885,354,353.99999999999983
2,886,354,353.99999999999983
2,887,354,353.99999999999983
2,888,354,353.99999999999983
2,889,354,354.09523809523785
2,890,354,353.95238095238085
2,891,354,353.4761904761903
2,892,353,353.6190476190474
2,893,353,353.61904761904754
2,894,355,353.57142857142844
2,895,353,353.5714285714283
2,896,353,353.1904761904761
2,897,353,352.8571428571427
2,898,353,353.33333333333314
2,899,354,353.6666666666665
2,900,354,354.0476190476188
2,901,354,354.0476190476189
2,902,354,353.6666666666666
2,903,353,353.33333333333326
2,904,353,353.0476190476188
2,905,353,352.90476190476176
2,906,353,352.9047619047617
2,907,353,353.047619047619
2,908,353,353.33333333333314
2,909,354,353.76190476190465
2,910,354,353.9047619047617
2,911,354,353.6666666666664
2,912,353,353.3809523809521
2,913,353,353.38095238095224
2,914,354,353.5714285714284
2,915,354,354.0476190476188
2,916,354,354.0476190476189
2,917,354,353.5714285714284
2,918,353,353.3809523809521
2,919,353,353.4761904761903
2,920,354,353.5238095238093
2,921,354,353.5238095238093
2,922,353,353.4761904761903
2,923,353,353.4761904761903
2,924,354,353.5238095238093
2,925,354,353.5238095238093
2,926,353,353.4761904761903
2,927,353,353.4761904761903
2,928,354,353.5238095238093
2,929,354,353.5238095238093
2,930,353,353.4761904761903
2,931,353,353.38095238095224
2,932,354,353.5714285714284
2,933,354,354.0476190476188
2,934,354,353.95238095238085
2,935,354,353.7142857142855
2,936,353,353.6666666666666
2,937,354,353.71428571428544
2,938,354,353.8571428571427
2,939,354,354.09523809523785
2,940,354,353.99999999999983
2,941,354,353.99999999999983
2,942,354,353.99999999999983
2,943,354,353.99999999999983
2,944,354,353.99999999999983
2,945,354,353.99999999999983
2,946,354,353.99999999999983
2,947,354,353.99999999999983
2,948,354,353.99999999999983
2,949,354,353.99999999999983
2,950,354,354.09523809523785
2,951,354,353.95238095238085
2,952,354,353.6666666666666
2,953,353,353.33333333333326
2,954,353,352.95238095238074
2,955,353,352.95238095238074
2,956,353,353.42857142857133
2,957,354,353.5238095238094
2,958,354,353.6666666666665
2,959,353,353.7619047619046
2,960,354,353.71428571428544
2,961,354,353.95238095238074
2,962,354,354.0476190476189
2,963,354,353.6666666666666
2,964,353,353.33333333333326
2,965,353,353.0476190476188
2,966,353,352.90476190476176
2,967,353,352.9999999999999
2,968,353,352.9999999999999
2,969,353,352.9999999999999
2,970,353,352.9999999999999
2,971,353,352.9047619047617
2,972,353,353.047619047619
2,973,353,353.33333333333314
2,974,354,353.6666666666665
2,975,354,354.0476190476188
2,976,354,353.95238095238085
2,977,354,353.7142857142855
2,978,353,353.6666666666666
2,979,354,353.71428571428544
2,980,354,353.95238095238074
2,981,354,354.0476190476189
2,982,354,353.6666666666666
2,983,353,353.33333333333326
2,984,353,352.95238095238074
2,985,353,352.95238095238074
2,986,353,353.42857142857133
2,987,354,353.6190476190474
2,988,354,353.6190476190474
2,989,353,353.42857142857133
2,990,353,353.0476190476188
2,991,353,352.90476190476176
2,992,353,352.9999999999999
2,993,353,352.9999999999999
2,994,353,352.9999999999999
2,995,353,352.9047619047617
2,996,353,353.047619047619
2,997,353,353.33333333333314
2,998,354,353.6666666666665
2,999,354,353.95238095238074
2,1000,354,354.09523809523785
2,1001,354,353.99999999999983
2,1002,354,353.99999999999983
2,1003,354,354.09523809523785
2,1004,354,353.95238095238085
2,1005,354,353.5714285714284
2,1006,353,353.3809523809521
2,1007,353,353.38095238095224
2,1008,354,353.5714285714284
2,1009,354,353.95238095238074
2,1010,354,354.09523809523785
2,1011,354,354.09523809523785
2,1012,354,353.95238095238085
2,1013,354,353.6666666666666
2,1014,353,353.33333333333326
2,1015,353,352.95238095238074
2,1016,353,352.95238095238074
2,1017,353,353.33333333333314
2,1018,354,353.6666666666665
2,1019,354,353.95238095238074
2,1020,354,354.09523809523785
2,1021,354,354.0000000000001
2,1022,354,353.99999999999983
2,1023,354,353.9999999999999
2,1024,354,353.99999999999983
2,1025,354,353.99999999999983
2,1026,354,353.99999999999983
2,1027,354,353.99999999999983
2,1028,354,353.99999999999983
2,1029,354,353.99999999999983
2,1030,354,353.99999999999983
2,1031,354,353.99999999999983
2,1032,354,353.99999999999983
2,1033,354,353.99999999999983
2,1034,354,353.99999999999983
2,1035,354,353.99999999999983
2,1036,354,353.99999999999983
2,1037,354,353.99999999999983
2,1038,354,353.99999999999983
2,1039,354,353.99999999999983
2,1040,354,353.99999999999983
2,1041,354,354.09523809523785
2,1042,354,353.95238095238085
2,1043,354,353.5714285714284
2,1044,353,353.3809523809521
2,1045,353,353.4761904761903
2,1046,354,353.5238095238093
2,1047,354,353.6190476190474
2,1048,353,353.42857142857133
2,1049,353,352.95238095238074
2,1050,353,352.95238095238074
2,1051,353,353.33333333333314
2,1052,354,353.6666666666665
2,1053,354,353.95238095238074
2,1054,354,354.09523809523785
2,1055,354,354.09523809523785
2,1056,354,353.95238095238085
2,1057,354,353.6666666666666
2,1058,353,353.33333333333326
2,1059,353,352.95238095238074
2,1060,353,352.95238095238074
2,1061,353,353.33333333333314
2,1062,354,353.6666666666665
2,1063,354,354.0476190476188
2,1064,354,353.95238095238085
2,1065,354,353.7142857142855
2,1066,353,353.6666666666666
2,1067,354,353.8095238095236
2,1068,354,353.80952380952374
2,1069,354,353.76190476190465
2,1070,353,353.33333333333326
2,1071,353,353.0476190476188
2,1072,353,352.90476190476176
2,1073,353,352.9999999999999
2,1074,353,352.9999999999999
2,1075,353,352.9999999999999
2,1076,353,352.9047619047617
2,1077,353,353.047619047619
2,1078,353,353.42857142857133
2,1079,354,353.6190476190474
2,1080,354,353.5238095238093
2,1081,353,353.4761904761903
2,1082,353,353.38095238095224
2,1083,354,353.5714285714284
2,1084,354,353.95238095238074
2,1085,354,354.09523809523785
2,1086,354,353.99999999999983
2,1087,354,353.99999999999983
2,1088,354,353.99999999999983
2,1089,354,353.99999999999983
2,1090,354,353.99999999999983
2,1091,354,353.99999999999983
2,1092,354,353.99999999999983
2,1093,354,354.09523809523785
2,1094,354,353.95238095238085
2,1095,354,353.6666666666666
2,1096,353,353.33333333333326
2,1097,353,352.95238095238074
2,1098,353,352.95238095238074
2,1099,353,353.42857142857133
2,1100,354,353.6190476190474
2,1101,354,353.6190476190474
2,1102,353,353.42857142857133
2,1103,353,352.95238095238074
2,1104,353,352.95238095238074
2,1105,353,353.33333333333314
2,1106,354,353.6666666666665
2,1107,354,354.0476190476188
2,1108,354,354.0476190476189
2,1109,354,353.6666666666666
2,1110,353,353.2380952380951
2,1111,353,353.0952380952379
2,1112,353,353.3333333333331
2,1113,354,353.6190476190474
2,1114,354,353.5238095238093
2,1115,353,353.4761904761903
2,1116,353,353.38095238095224
2,1117,354,353.5714285714284
2,1118,354,353.95238095238074
2,1119,354,354.09523809523785
2,1120,354,354.09523809523785
2,1121,354,353.95238095238085
2,1122,354,353.6666666666666
2,1123,353,353.33333333333326
2,1124,353,353.0476190476188
2,1125,353,352.90476190476176
2,1126,353,352.9047619047617
2,1127,353,353.047619047619
2,1128,353,353.42857142857133
2,1129,354,353.5238095238094
2,1130,354,353.6666666666665
2,1131,353,353.8571428571428
2,1132,354,353.6666666666665
2,1133,354,353.42857142857133
2,1134,353,353.4761904761903
2,1135,353,353.38095238095224
2,1136,354,353.5714285714284
2,1137,354,354.0476190476188
2,1138,354,354.0476190476189
2,1139,354,353.5714285714284
2,1140,353,353.3809523809521
2,1141,353,353.38095238095224
2,1142,354,353.5714285714284
2,1143,354,353.95238095238074
2,1144,354,354.09523809523785
2,1145,354,353.99999999999983
2,1146,354,353.99999999999983
2,1147,354,354.09523809523785
2,1148,354,353.95238095238085
2,1149,354,353.6666666666666
2,1150,353,353.33333333333326
2,1151,353,353.0476190476188
2,1152,353,352.90476190476176
2,1153,353,352.9999999999999
2,1154,353,352.9999999999999
2,1155,353,352.9999999999999
2,1156,353,352.9999999999999
2,1157,353,352.9999999999999
2,1158,353,352.9047619047617
2,1159,353,353.047619047619
2,1160,353,353.42857142857133
2,1161,354,353.6190476190474
2,1162,354,353.6190476190474
2,1163,353,353.42857142857133
2,1164,353,352.95238095238074
2,1165,353,352.95238095238074
2,1166,353,353.42857142857133
2,1167,354,353.6190476190474
2,1168,354,353.6190476190474
2,1169,353,353.42857142857133
2,1170,353,352.95238095238074
2,1171,353,353.0476190476188
2,1172,353,353.2857142857141
2,1173,354,353.23809523809496
2,1174,353,353.33333333333326
2,1175,353,353.4761904761903
2,1176,354,353.5714285714284
2,1177,354,353.95238095238074
2,1178,354,354.09523809523785
2,1179,354,354.09523809523785
2,1180,354,353.95238095238085
2,1181,354,353.5714285714284
2,1182,353,353.3809523809521
2,1183,353,353.38095238095224
2,1184,354,353.5714285714284
2,1185,354,353.95238095238074
2,1186,354,354.09523809523785
2,1187,354,353.99999999999983
2,1188,354,353.99999999999983
2,1189,354,354.09523809523785
2,1190,354,353.95238095238085
2,1191,354,353.6666666666666
2,1192,353,353.33333333333326
2,1193,353,353.0476190476188
2,1194,353,352.8095238095236
2,1195,353,353.047619047619
2,1196,353,353.33333333333314
2,1197,354,353.6666666666665
2,1198,354,353.95238095238074
2,1199,354,354.09523809523785
2,1200,354,353.99999999999983
2,1201,354,353.99999999999983
2,1202,354,353.99999999999983
2,1203,354,353.99999999999983
2,1204,354,354.09523809523785
2,1205,354,353.95238095238085
2,1206,354,353.5714285714284
2,1207,353,353.3809523809521
2,1208,353,353.4761904761903
2,1209,354,353.5238095238093
2,1210,354,353.5238095238093
2,1211,353,353.4761904761903
2,1212,353,353.38095238095224
2,1213,354,353.5714285714284
2,1214,354,354.0476190476188
2,1215,354,354.0476190476189
2,1216,354,353.6666666666666
2,1217,353,353.33333333333326
2,1218,353,353.0476190476188
2,1219,353,352.90476190476176
2,1220,353,352.9999999999999
2,1221,353,352.9047619047617
2,1222,353,353.047619047619
2,1223,353,353.33333333333314
2,1224,354,353.6666666666665
2,1225,354,354.0476190476188
2,1226,354,354.0476190476189
2,1227,354,353.6666666666666
2,1228,353,353.33333333333326
2,1229,353,353.0476190476188
2,1230,353,352.90476190476176
2,1231,353,352.9047619047617
2,1232,353,353.047619047619
2,1233,353,353.42857142857133
2,1234,354,353.6190476190474
2,1235,354,353.6190476190474
2,1236,353,353.42857142857133
2,1237,353,353.0476190476188
2,1238,353,352.90476190476176
2,1239,353,352.9047619047617
2,1240,353,353.14285714285705
2,1241,353,353.2857142857141
2,1242,354,353.23809523809496
2,1243,353,353.33333333333326
2,1244,353,353.57142857142856
2,1245,354,353.5238095238093
2,1246,354,353.5238095238093
2,1247,353,353.4761904761903
2,1248,353,353.4761904761903
2,1249,354,353.5238095238093
2,1250,354,353.5238095238093
2,1251,353,353.4761904761903
2,1252,353,353.38095238095224
2,1253,354,353.5714285714284
2,1254,354,353.95238095238074
2,1255,354,354.09523809523785
2,1256,354,354.09523809523785
2,1257,354,353.8571428571428
2,1258,354,353.7142857142855
2,1259,353,353.7619047619046
2,1260,354,353.6666666666665
2,1261,354,353.52380952380935
2,1262,353,353.42857142857133
2,1263,353,352.95238095238074
2,1264,353,352.95238095238074
2,1265,353,353.33333333333314
2,1266,354,353.6666666666665
2,1267,354,354.0476190476188
2,1268,354,354.0476190476189
2,1269,354,353.5714285714284
2,1270,353,353.3809523809521
2,1271,353,353.38095238095224
2,1272,354,353.5714285714284
2,1273,354,353.95238095238074
2,1274,354,354.1904761904761
2,1275,354,353.95238095238085
2,1276,354,353.6666666666666
2,1277,353,353.3714285714287
2,1278,353,353.0285714285713
2,1279,353,353.05
2,1280,353,353.33333333333326
2,1281,353,352.95238095238074
2,1282,353,352.95238095238074
2,1283,353,353.2380952380951
2,1284,354,353.7142857142855
2,1285,354,354.38095238095224
2,1286,355,354.7142857142855
2,1287,355,354.7142857142855
2,1288,354,354.38095238095224
2,1289,354,353.71428571428555
2,1290,353,353.23809523809496
2,1291,353,353.0476190476188
2,1292,353,352.90476190476176
2,1293,353,352.9999999999999
2,1294,353,352.9999999999999
2,1295,353,352.9047619047617
2,1296,353,353.14285714285705
2,1297,353,353.2857142857141
2,1298,354,353.23809523809496
2,1299,353,353.33333333333326
2,1300,353,353.4761904761903
2,1301,354,353.5714285714284
2,1302,354,354.0476190476188
2,1303,354,354.0476190476189
2,1304,354,353.5714285714284
2,1305,353,353.3809523809521
2,1306,353,353.4761904761903
2,1307,354,353.5238095238093
2,1308,354,353.6190476190474
2,1309,353,353.42857142857133
2,1310,353,352.95238095238074
2,1311,353,352.95238095238074
2,1312,353,353.33333333333314
2,1313,354,353.76190476190465
2,1314,354,353.9047619047617
2,1315,354,353.6666666666664
2,1316,353,353.3809523809521
2,1317,353,353.38095238095224
2,1318,354,353.5714285714284
2,1319,354,353.95238095238074
2,1320,354,354.09523809523785
2,1321,354,353.99999999999983
2,1322,354,353.99999999999983
2,1323,354,354.09523809523785
2,1324,354,353.95238095238085
2,1325,354,353.5714285714284
2,1326,353,353.3809523809521
2,1327,353,353.38095238095224
2,1328,354,353.5714285714284
2,1329,354,353.95238095238074
2,1330,354,354.09523809523785
2,1331,354,353.99999999999983
2,1332,354,353.99999999999983
2,1333,354,353.99999999999983
2,1334,354,354.09523809523785
2,1335,354,353.95238095238085
2,1336,354,353.6666666666666
2,1337,353,353.33333333333326
2,1338,353,352.95238095238074
2,1339,353,352.95238095238074
2,1340,353,353.33333333333314
2,1341,354,353.6666666666665
2,1342,354,353.95238095238074
2,1343,354,354.09523809523785
2,1344,354,353.99999999999983
2,1345,354,353.99999999999983
2,1346,354,353.99999999999983
2,1347,354,353.99999999999983
2,1348,354,354.09523809523785
2,1349,354,353.95238095238085
2,1350,354,353.6666666666666
2,1351,353,353.33333333333326
2,1352,353,353.0476190476188
2,1353,353,352.90476190476176
2,1354,353,352.9999999999999
2,1355,353,352.9999999999999
2,1356,353,352.9999999999999
2,1357,353,352.9047619047617
2,1358,353,353.047619047619
2,1359,353,353.33333333333314
2,1360,354,353.6666666666665
2,1361,354,354.0476190476188
2,1362,354,354.0476190476189
2,1363,354,353.6666666666666
2,1364,353,353.33333333333326
2,1365,353,352.95238095238074
2,1366,353,352.95238095238074
2,1367,353,353.33333333333314
2,1368,354,353.6666666666665
2,1369,354,353.95238095238074
2,1370,354,354.09523809523785
2,1371,354,353.99999999999983
2,1372,354,353.99999999999983
2,1373,354,354.09523809523785
2,1374,354,353.95238095238085
2,1375,354,353.5714285714284
2,1376,353,353.3809523809521
2,1377,353,353.38095238095224
2,1378,354,353.5714285714284
2,1379,354,353.95238095238074
2,1380,354,354.09523809523785
2,1381,354,353.99999999999983
2,1382,354,354.09523809523785
2,1383,354,353.95238095238085
2,1384,354,353.5714285714284
2,1385,353,353.3809523809521
2,1386,353,353.4761904761903
2,1387,354,353.5238095238093
2,1388,354,353.5238095238093
2,1389,353,353.4761904761903
2,1390,353,353.4761904761903
2,1391,354,353.5238095238093
2,1392,354,353.5238095238093
2,1393,353,353.4761904761903
2,1394,353,353.4761904761903
2,1395,354,353.5238095238093
2,1396,354,353.5238095238093
2,1397,353,353.4761904761903
2,1398,353,353.4761904761903
2,1399,354,353.5238095238093
2,1400,354,353.6190476190474
2,1401,353,353.42857142857133
2,1402,353,353.0476190476188
2,1403,353,352.8095238095236
2,1404,353,353.047619047619
2,1405,353,353.33333333333314
2,1406,354,353.6666666666665
2,1407,354,353.95238095238074
2,1408,354,354.09523809523785
2,1409,354,353.99999999999983
2,1410,354,353.99999999999983
2,1411,354,353.99999999999983
2,1412,354,353.99999999999983
2,1413,354,354.09523809523785
2,1414,354,353.95238095238085
2,1415,354,353.5714285714284
2,1416,353,353.3809523809521
2,1417,353,353.38095238095224
2,1418,354,353.5714285714284
2,1419,354,353.95238095238074
2,1420,354,354.09523809523785
2,1421,354,353.99999999999983
2,1422,354,354.09523809523785
2,1423,354,353.95238095238085
2,1424,354,353.6666666666666
2,1425,353,353.33333333333326
2,1426,353,353.0476190476188
2,1427,353,352.90476190476176
2,1428,353,352.9999999999999
2,1429,353,352.9999999999999
2,1430,353,352.9047619047617
2,1431,353,353.047619047619
2,1432,353,353.42857142857133
2,1433,354,353.6190476190474
2,1434,354,353.5238095238093
2,1435,353,353.4761904761903
2,1436,353,353.38095238095224
2,1437,354,353.5714285714284
2,1438,354,353.95238095238074
2,1439,354,354.09523809523785
2,1440,354,354.09523809523785
2,1441,354,353.95238095238085
2,1442,354,353.6666666666666
2,1443,353,353.2380952380951
2,1444,353,353.0952380952379
2,1445,353,353.2380952380951
2,1446,354,353.6666666666665
2,1447,354,353.95238095238074
2,1448,354,354.09523809523785
2,1449,354,354.09523809523785
2,1450,354,353.95238095238085
2,1451,354,353.5714285714284
2,1452,353,353.3809523809521
2,1453,353,353.38095238095224
2,1454,354,353.5714285714284
2,1455,354,354.0476190476188
2,1456,354,354.0476190476189
2,1457,354,353.5714285714284
2,1458,353,353.3809523809521
2,1459,353,353.38095238095224
2,1460,354,353.5714285714284
2,1461,354,353.95238095238074
2,1462,354,354.09523809523785
2,1463,354,354.09523809523785
2,1464,354,353.95238095238085
2,1465,354,353.5714285714284
2,1466,353,353.3809523809521
2,1467,353,353.38095238095224
2,1468,354,353.47619047619025
2,1469,354,353.99999999999994
2,1470,354,354.5238095238094
2,1471,355,354.6190476190476
2,1472,355,354.7142857142855
2,1473,354,354.38095238095224
2,1474,354,353.71428571428555
2,1475,353,353.23809523809496
2,1476,353,353.0476190476188
2,1477,353,352.8095238095236
2,1478,353,353.047619047619
2,1479,353,353.5238095238093
2,1480,354,353.5714285714284
2,1481,354,353.28571428571416
2,1482,352,352.6666666666665
2,1483,352,352.14285714285694
2,1484,352,352.0476190476188
2,1485,353,352.71428571428555
2,1486,353,353.2857142857141
2,1487,354,353.76190476190465
2,1488,354,353.95238095238074
2,1489,354,354.09523809523785
2,1490,354,353.99999999999983
2,1491,354,353.99999999999983
2,1492,354,353.99999999999983
2,1493,354,353.99999999999983
2,1494,354,353.99999999999983
2,1495,354,353.99999999999983
2,1496,354,353.99999999999983
2,1497,354,353.99999999999983
2,1498,354,353.99999999999983
2,1499,354,353.99999999999983
2,1500,354,353.99999999999983
2,1501,354,353.99999999999983
2,1502,354,353.99999999999983
2,1503,354,353.99999999999983
2,1504,354,353.99999999999983
2,1505,354,353.99999999999983
2,1506,354,353.99999999999983
2,1507,354,353.99999999999983
2,1508,354,353.99999999999983
2,1509,354,354.09523809523785
2,1510,354,353.8571428571428
2,1511,354,353.7142857142855
2,1512,353,353.6666666666666
2,1513,354,353.71428571428544
2,1514,354,353.95238095238074
2,1515,354,354.0476190476189
2,1516,354,353.6666666666666
2,1517,353,353.33333333333326
2,1518,353,352.95238095238074
2,1519,353,352.95238095238074
2,1520,353,353.33333333333314
2,1521,354,353.6666666666665
2,1522,354,354.0476190476188
2,1523,354,354.0476190476189
2,1524,354,353.5714285714284
2,1525,353,353.3809523809521
2,1526,353,353.38095238095224
2,1527,354,353.5714285714284
2,1528,354,353.95238095238074
2,1529,354,354.09523809523785
2,1530,354,353.99999999999983
2,1531,354,353.99999999999983
2,1532,354,353.99999999999983
2,1533,354,354.0000000000001
2,1534,354,353.99999999999983
2,1535,354,353.9999999999999
2,1536,354,353.99999999999983
2,1537,354,354.09523809523785
2,1538,354,353.95238095238085
2,1539,354,353.6666666666666
2,1540,353,353.33333333333326
2,1541,353,352.95238095238074
2,1542,353,352.95238095238074
2,1543,353,353.33333333333314
2,1544,354,353.6666666666665
2,1545,354,353.95238095238074
2,1546,354,354.09523809523785
2,1547,354,353.99999999999983
2,1548,354,353.99999999999983
2,1549,354,354.09523809523785
2,1550,354,353.95238095238085
2,1551,354,353.5714285714284
2,1552,353,353.3809523809521
2,1553,353,353.38095238095224
2,1554,354,353.5714285714284
2,1555,354,353.95238095238074
2,1556,354,354.09523809523785
2,1557,354,353.99999999999983
2,1558,354,354.09523809523785
2,1559,354,353.95238095238085
2,1560,354,353.6666666666666
2,1561,353,353.33333333333326
2,1562,353,353.0476190476188
2,1563,353,352.90476190476176
2,1564,353,352.9047619047617
2,1565,353,353.047619047619
2,1566,353,353.33333333333314
2,1567,354,353.6666666666665
2,1568,354,354.0476190476188
2,1569,354,354.0476190476189
2,1570,354,353.6666666666666
2,1571,353,353.33333333333326
2,1572,353,352.95238095238074
2,1573,353,352.95238095238074
2,1574,353,353.33333333333314
2,1575,354,353.76190476190465
2,1576,354,353.9047619047617
2,1577,354,353.6666666666664
2,1578,353,353.3809523809521
2,1579,353,353.38095238095224
2,1580,354,353.5714285714284
2,1581,354,353.95238095238074
2,1582,354,354.09523809523785
2,1583,354,353.99999999999983
2,1584,354,353.99999999999983
2,1585,354,353.99999999999983
2,1586,354,353.99999999999983
2,1587,354,353.99999999999983
2,1588,354,354.0000000000001
2,1589,354,353.99999999999983
2,1590,354,353.9999999999999
3,0,354,353.5238095238093
3,1,354,353.5238095238093
3,2,353,353.4761904761903
3,3,353,353.38095238095224
3,4,354,353.5714285714284
3,5,354,354.0476190476188
3,6,354,354.0476190476189
3,7,354,353.5714285714284
3,8,353,353.3809523809521
3,9,353,353.4761904761903
3,10,354,353.5238095238093
3,11,354,353.6190476190474
3,12,353,353.42857142857133
3,13,353,353.0476190476188
3,14,353,352.8095238095236
3,15,353,353.047619047619
3,16,353,353.33333333333314
3,17,354,353.6666666666665
3,18,354,354.0476190476188
3,19,354,354.0476190476189
3,20,354,353.5714285714284
3,21,353,353.3809523809521
3,22,353,353.38095238095224
3,23,354,353.5714285714284
3,24,354,353.95238095238074
3,25,354,354.09523809523785
3,26,354,353.99999999999983
3,27,354,353.99999999999983
3,28,354,353.99999999999983
3,29,354,353.99999999999983
3,30,354,353.99999999999983
3,31,354,353.99999999999983
3,32,354,353.99999999999983
3,33,354,354.09523809523785
3,34,354,353.95238095238085
3,35,354,353.5714285714284
3,36,353,353.3809523809521
3,37,353,353.4761904761903
3,38,354,353.5238095238093
3,39,354,353.6190476190474
3,40,353,353.42857142857133
3,41,353,352.95238095238074
3,42,353,352.95238095238074
3,43,353,353.33333333333314
3,44,354,353.6666666666665
3,45,354,354.0476190476188
3,46,354,354.0476190476189
3,47,354,353.6666666666666
3,48,353,353.33333333333326
3,49,353,353.0476190476188
3,50,353,352.90476190476176
3,51,353,352.9999999999999
3,52,353,352.9999999999999
3,53,353,352.9999999999999
3,54,353,352.9047619047617
3,55,353,353.047619047619
3,56,353,353.33333333333314
3,57,354,353.6666666666665
3,58,354,353.95238095238074
3,59,354,354.09523809523785
3,60,354,353.99999999999983
3,61,354,353.99999999999983
3,62,354,353.99999999999983
3,63,354,353.99999999999983
3,64,354,353.99999999999983
3,65,354,353.99999999999983
3,66,354,353.99999999999983
3,67,354,353.99999999999983
3,68,354,353.99999999999983
3,69,354,354.09523809523785
3,70,354,353.95238095238085
3,71,354,353.6666666666666
3,72,353,353.33333333333326
3,73,353,352.95238095238074
3,74,353,352.95238095238074
3,75,353,353.33333333333314
3,76,354,353.6666666666665
3,77,354,354.0476190476188
3,78,354,354.0476190476189
3,79,354,353.5714285714284
3,80,353,353.4761904761903
3,81,353,353.3333333333332
3,82,354,353.1428571428569
3,83,353,353.33333333333326
3,84,353,353.57142857142856
3,85,354,353.5238095238093
3,86,354,353.5238095238093
3,87,353,353.4761904761903
3,88,353,353.38095238095224
3,89,354,353.5714285714284
3,90,354,354.0476190476188
3,91,354,354.0476190476189
3,92,354,353.6666666666666
3,93,353,353.33333333333326
3,94,353,352.95238095238074
3,95,353,352.95238095238074
3,96,353,353.33333333333314
3,97,354,353.6666666666665
3,98,354,353.95238095238074
3,99,354,354.09523809523785
3,100,354,353.99999999999983
3,101,354,353.99999999999983
3,102,354,353.99999999999983
3,103,354,353.99999999999983
3,104,354,353.99999999999983
3,105,354,353.99999999999983
3,106,354,353.99999999999983
3,107,354,354.09523809523785
3,108,354,353.95238095238085
3,109,354,353.5714285714284
3,110,353,353.3809523809521
3,111,353,353.4761904761903
3,112,354,353.5238095238093
3,113,354,353.6190476190474
3,114,353,353.42857142857133
3,115,353,353.0476190476188
3,116,353,352.90476190476176
3,117,353,352.9999999999999
3,118,353,352.9999999999999
3,119,353,352.9999999999999
3,120,353,352.9999999999999
3,121,353,352.9999999999999
3,122,353,352.9999999999999
3,123,353,352.9999999999999
3,124,353,352.9047619047617
3,125,353,353.047619047619
3,126,353,353.33333333333314
3,127,354,353.6666666666665
3,128,354,353.95238095238074
3,129,354,354.09523809523785
3,130,354,354.09523809523785
3,131,354,353.95238095238085
3,132,354,353.5714285714284
3,133,353,353.3809523809521
3,134,353,353.38095238095224
3,135,354,353.5714285714284
3,136,354,354.0476190476188
3,137,354,354.0476190476189
3,138,354,353.5714285714284
3,139,353,353.3809523809521
3,140,353,353.38095238095224
3,141,354,353.5714285714284
3,142,354,353.95238095238074
3,143,354,354.1904761904761
3,144,354,353.95238095238085
3,145,354,353.6666666666666
3,146,353,353.33333333333326
3,147,353,352.95238095238074
3,148,353,352.95238095238074
3,149,353,353.33333333333314
3,150,354,353.6666666666665
3,151,354,353.95238095238074
3,152,354,354.09523809523785
3,153,354,354.09523809523785
3,154,354,353.95238095238085
3,155,354,353.5714285714284
3,156,353,353.3809523809521
3,157,353,353.38095238095224
3,158,354,353.5714285714284
3,159,354,353.95238095238074
3,160,354,354.1904761904761
3,161,354,353.95238095238085
3,162,354,353.6666666666666
3,163,353,353.33333333333326
3,164,353,352.95238095238074
3,165,353,352.95238095238074
3,166,353,353.33333333333314
3,167,354,353.6666666666665
3,168,354,353.95238095238074
3,169,354,354.09523809523785
3,170,354,354.09523809523785
3,171,354,353.95238095238085
3,172,354,353.5714285714284
3,173,353,353.3809523809521
3,174,353,353.38095238095224
3,175,354,353.5714285714284
3,176,354,353.95238095238074
3,177,354,354.09523809523785
3,178,354,353.99999999999983
3,179,354,353.99999999999983
3,180,354,353.99999999999983
3,181,354,353.99999999999983
3,182,354,353.99999999999983
3,183,354,353.99999999999983
3,184,354,353.99999999999983
3,185,354,353.99999999999983
3,186,354,353.99999999999983
3,187,354,353.99999999999983
3,188,354,353.99999999999983
3,189,354,354.09523809523785
3,190,354,353.95238095238085
3,191,354,353.5714285714284
3,192,353,353.3809523809521
3,193,353,353.38095238095224
3,194,354,353.5714285714284
3,195,354,354.0476190476188
3,196,354,354.0476190476189
3,197,354,353.6666666666666
3,198,353,353.33333333333326
3,199,353,353.0476190476188
3,200,353,352.8095238095236
3,201,353,353.047619047619
3,202,353,353.33333333333314
3,203,354,353.6666666666665
3,204,354,353.95238095238074
3,205,354,354.09523809523785
3,206,354,353.99999999999983
3,207,354,353.99999999999983
3,208,354,353.99999999999983
3,209,354,353.99999999999983
3,210,354,354.09523809523785
3,211,354,353.95238095238085
3,212,354,353.6666666666666
3,213,353,353.33333333333326
3,214,353,352.95238095238074
3,215,353,352.95238095238074
3,216,353,353.33333333333314
3,217,354,353.76190476190465
3,218,354,353.9047619047617
3,219,354,353.6666666666664
3,220,353,353.3809523809521
3,221,353,353.38095238095224
3,222,354,353.5714285714284
3,223,354,354.0476190476188
3,224,354,354.0476190476189
3,225,354,353.5714285714284
3,226,353,353.3809523809521
3,227,353,353.38095238095224
3,228,354,353.5714285714284
3,229,354,353.95238095238074
3,230,354,354.09523809523785
3,231,354,353.99999999999983
3,232,354,353.99999999999983
3,233,354,353.99999999999983
3,234,354,353.99999999999983
3,235,354,354.09523809523785
3,236,354,353.8571428571428
3,237,354,353.7142857142855
3,238,353,353.6666666666666
3,239,354,353.71428571428544
3,240,354,353.8571428571427
3,241,354,354.09523809523785
3,242,354,354.09523809523785
3,243,354,353.95238095238085
3,244,354,353.6666666666666
3,245,353,353.33333333333326
3,246,353,352.95238095238074
3,247,353,352.95238095238074
3,248,353,353.33333333333314
3,249,354,353.6666666666665
3,250,354,353.95238095238074
3,251,354,354.09523809523785
3,252,354,354.09523809523785
3,253,354,354.00000000000017
3,254,354,353.742857142857
3,255,353,353.05000000000007
3,256,353,352.90476190476176
3,257,353,352.9047619047617
3,258,353,353.047619047619
3,259,353,353.42857142857133
3,260,354,353.6190476190474
3,261,354,353.6190476190474
3,262,353,353.42857142857133
3,263,353,352.95238095238074
3,264,353,352.95238095238074
3,265,353,353.33333333333314
3,266,354,353.6666666666665
3,267,354,353.95238095238074
3,268,354,354.09523809523785
3,269,354,353.99999999999983
3,270,354,353.99999999999983
3,271,354,353.99999999999983
3,272,354,353.99999999999983
3,273,354,353.99999999999983
3,274,354,353.99999999999983
3,275,354,353.99999999999983
3,276,354,354.09523809523785
3,277,354,353.95238095238085
3,278,354,353.5714285714284
3,279,353,353.3809523809521
3,280,353,353.4761904761903
3,281,354,353.5238095238093
3,282,354,353.5238095238093
3,283,353,353.57142857142844
3,284,353,353.3333333333332
3,285,354,353.2380952380951
3,286,353,353.2857142857141
3,287,353,353.1428571428569
3,288,353,352.90476190476176
3,289,353,352.9047619047617
3,290,353,353.047619047619
3,291,353,353.33333333333314
3,292,354,353.6666666666665
3,293,354,353.95238095238074
3,294,354,354.09523809523785
3,295,354,354.09523809523785
3,296,354,353.95238095238085
3,297,354,353.5714285714284
3,298,353,353.3809523809521
3,299,353,353.4761904761903
3,300,354,353.5238095238093
3,301,354,353.5238095238093
3,302,353,353.4761904761903
3,303,353,353.38095238095224
3,304,354,353.6666666666665
3,305,354,353.9047619047617
3,306,354,353.6666666666664
3,307,353,353.3809523809521
3,308,353,353.4761904761903
3,309,354,353.5238095238093
3,310,354,353.6190476190474
3,311,353,353.42857142857133
3,312,353,353.0476190476188
3,313,353,352.90476190476176
3,314,353,352.9999999999999
3,315,353,352.9999999999999
3,316,353,352.9999999999999
3,317,353,352.9999999999999
3,318,353,352.9047619047617
3,319,353,353.047619047619
3,320,353,353.42857142857133
3,321,354,353.6190476190474
3,322,354,353.5238095238093
3,323,353,353.4761904761903
3,324,353,353.38095238095224
3,325,354,353.5714285714284
3,326,354,353.95238095238074
3,327,354,354.09523809523785
3,328,354,353.99999999999983
3,329,354,353.99999999999983
3,330,354,353.99999999999983
3,331,354,354.09523809523785
3,332,354,353.95238095238085
3,333,354,353.6666666666666
3,334,353,353.33333333333326
3,335,353,352.95238095238074
3,336,353,352.95238095238074
3,337,353,353.33333333333314
3,338,354,353.6666666666665
3,339,354,354.0476190476188
3,340,354,354.0476190476189
3,341,354,353.6666666666666
3,342,353,353.33333333333326
3,343,353,352.95238095238074
3,344,353,352.95238095238074
3,345,353,353.42857142857133
3,346,354,353.6190476190474
3,347,354,353.6190476190474
3,348,353,353.42857142857133
3,349,353,353.0476190476188
3,350,353,352.90476190476176
3,351,353,352.9999999999999
3,352,353,352.9999999999999
3,353,353,352.9999999999999
3,354,353,352.9999999999999
3,355,353,352.9999999999999
3,356,353,352.9999999999999
3,357,353,352.9999999999999
3,358,353,352.9047619047617
3,359,353,353.047619047619
3,360,353,353.33333333333314
3,361,354,353.6666666666665
3,362,354,354.0476190476188
3,363,354,354.0476190476189
3,364,354,353.5714285714284
3,365,353,353.3809523809521
3,366,353,353.38095238095224
3,367,354,353.5714285714284
3,368,354,353.95238095238074
3,369,354,354.09523809523785
3,370,354,353.99999999999983
3,371,354,353.99999999999983
3,372,354,353.99999999999983
3,373,354,354.09523809523785
3,374,354,353.95238095238085
3,375,354,353.5714285714284
3,376,353,353.3809523809521
3,377,353,353.4761904761903
3,378,354,353.5238095238093
3,379,354,353.5238095238093
3,380,353,353.4761904761903
3,381,353,353.4761904761903
3,382,354,353.5238095238093
3,383,354,353.6190476190474
3,384,353,353.42857142857133
3,385,353,352.85714285714266
3,386,353,352.99999999999994
3,387,353,353.76190476190476
3,388,355,354.2857142857143
3,389,355,354.6666666666665
3,390,354,354.4761904761903
3,391,354,353.6190476190473
3,392,353,353.2857142857141
3,393,353,353.38095238095224
3,394,354,353.6666666666665
3,395,354,353.9047619047617
3,396,354,353.6666666666664
3,397,353,353.3809523809521
3,398,353,353.38095238095224
3,399,354,353.5714285714284
3,400,354,354.0476190476188
3,401,354,354.0476190476189
3,402,354,353.6666666666666
3,403,353,353.33333333333326
3,404,353,352.95238095238074
3,405,353,352.95238095238074
3,406,353,353.33333333333314
3,407,354,353.6666666666665
3,408,354,353.95238095238074
3,409,354,354.09523809523785
3,410,354,354.09523809523785
3,411,354,353.95238095238085
3,412,354,353.6666666666666
3,413,353,353.2380952380951
3,414,353,353.0952380952379
3,415,353,353.3333333333331
3,416,354,353.6190476190474
3,417,354,353.6190476190474
3,418,353,353.42857142857133
3,419,353,353.0476190476188
3,420,353,352.90476190476176
3,421,353,352.9047619047617
3,422,353,353.047619047619
3,423,353,353.33333333333314
3,424,354,353.6666666666665
3,425,354,353.95238095238074
3,426,354,354.09523809523785
3,427,354,353.99999999999983
3,428,354,353.99999999999983
3,429,354,354.09523809523785
3,430,354,353.95238095238085
3,431,354,353.5714285714284
3,432,353,353.3809523809521
3,433,353,353.4761904761903
3,434,354,353.5238095238093
3,435,354,353.5238095238093
3,436,353,353.57142857142844
3,437,353,353.3333333333332
3,438,354,353.2380952380951
3,439,353,353.2857142857141
3,440,353,353.0476190476188
3,441,353,352.95238095238074
3,442,353,353.42857142857133
3,443,354,353.6190476190474
3,444,354,353.5238095238093
3,445,353,353.4761904761903
3,446,353,353.38095238095224
3,447,354,353.5714285714284
3,448,354,353.95238095238074
3,449,354,354.09523809523785
3,450,354,353.99999999999983
3,451,354,353.99999999999983
3,452,354,353.99999999999983
3,453,354,353.99999999999983
3,454,354,353.99999999999983
3,455,354,353.99999999999983
3,456,354,354.09523809523785
3,457,354,353.95238095238085
3,458,354,353.6666666666666
3,459,353,353.33333333333326
3,460,353,353.0476190476188
3,461,353,352.90476190476176
3,462,353,352.9999999999999
3,463,353,352.9999999999999
3,464,353,352.9999999999999
3,465,353,352.9999999999999
3,466,353,352.9999999999999
3,467,353,352.9999999999999
3,468,353,352.9999999999999
3,469,353,352.9047619047617
3,470,353,353.047619047619
3,471,353,353.42857142857133
3,472,354,353.6190476190474
3,473,354,353.6190476190474
3,474,353,353.42857142857133
3,475,353,352.95238095238074
3,476,353,352.95238095238074
3,477,353,353.33333333333314
3,478,354,353.6666666666665
3,479,354,353.95238095238074
3,480,354,354.1904761904761
3,481,354,353.95238095238085
3,482,354,353.6666666666666
3,483,353,353.33333333333326
3,484,353,352.95238095238074
3,485,353,352.95238095238074
3,486,353,353.42857142857133
3,487,354,353.6190476190474
3,488,354,353.5238095238093
3,489,353,353.4761904761903
3,490,353,353.38095238095224
3,491,354,353.5714285714284
3,492,354,353.95238095238074
3,493,354,354.09523809523785
3,494,354,353.99999999999983
3,495,354,353.99999999999983
3,496,354,353.99999999999983
3,497,354,353.99999999999983
3,498,354,353.99999999999983
3,499,354,354.09523809523785
3,500,354,353.95238095238085
3,501,354,353.5714285714284
3,502,353,353.3809523809521
3,503,353,353.4761904761903
3,504,354,353.5238095238093
3,505,354,353.5238095238093
3,506,353,353.4761904761903
3,507,353,353.38095238095224
3,508,354,353.5714285714284
3,509,354,353.9714285714287
3,510,354,354.1428571428571
3,511,354,353.9999999999999
3,512,354,353.5714285714284
3,513,354,353.95238095238074
3,514,354,354.09523809523785
3,515,354,354.09523809523785
3,516,354,353.95238095238085
3,517,354,353.6666666666666
3,518,353,353.33333333333326
3,519,353,353.0476190476188
3,520,353,352.90476190476176
3,521,353,352.9047619047617
3,522,353,353.047619047619
3,523,353,353.33333333333314
3,524,354,353.76190476190465
3,525,354,353.9047619047617
3,526,354,353.6666666666664
3,527,353,353.3809523809521
3,528,353,353.4761904761903
3,529,354,353.5238095238093
3,530,354,353.5238095238093
3,531,353,353.4761904761903
3,532,353,353.4761904761903
3,533,354,353.5238095238093
3,534,354,353.5238095238093
3,535,353,353.4761904761903
3,536,353,353.4761904761903
3,537,354,353.5238095238093
3,538,354,353.5238095238093
3,539,353,353.4761904761903
3,540,353,353.38095238095224
3,541,354,353.5714285714284
3,542,354,353.95238095238074
3,543,354,354.09523809523785
3,544,354,353.99999999999983
3,545,354,353.99999999999983
3,546,354,353.99999999999983
3,547,354,353.99999999999983
3,548,354,353.99999999999983
3,549,354,353.99999999999983
3,550,354,353.99999999999983
3,551,354,353.99999999999983
3,552,354,353.99999999999983
3,553,354,353.99999999999983
3,554,354,353.99999999999983
3,555,354,354.09523809523785
3,556,354,353.95238095238085
3,557,354,353.6666666666666
3,558,353,353.33333333333326
3,559,353,352.95238095238074
3,560,353,352.95238095238074
3,561,353,353.33333333333314
3,562,354,353.76190476190465
3,563,354,353.9047619047617
3,564,354,353.76190476190465
3,565,353,353.33333333333326
3,566,353,352.95238095238074
3,567,353,352.95238095238074
3,568,353,353.33333333333314
3,569,354,353.6666666666665
3,570,354,353.95238095238074
3,571,354,354.09523809523785
3,572,354,353.99999999999983
3,573,354,353.99999999999983
3,574,354,353.99999999999983
3,575,354,353.99999999999983
3,576,354,354.09523809523785
3,577,354,353.95238095238085
3,578,354,353.6666666666666
3,579,353,353.33333333333326
3,580,353,353.0476190476188
3,581,353,352.8095238095236
3,582,353,353.047619047619
3,583,353,353.33333333333314
3,584,354,353.6666666666665
3,585,354,353.95238095238074
3,586,354,354.09523809523785
3,587,354,354.09523809523785
3,588,354,353.95238095238085
3,589,354,353.5714285714284
3,590,353,353.3809523809521
3,591,353,353.38095238095224
3,592,354,353.5714285714284
3,593,354,353.95238095238074
3,594,354,354.09523809523785
3,595,354,353.99999999999983
3,596,354,354.09523809523785
3,597,354,353.95238095238085
3,598,354,353.6666666666666
3,599,353,353.33333333333326
3,600,353,353.0476190476188
3,601,353,352.90476190476176
3,602,353,352.9047619047617
3,603,353,353.047619047619
3,604,353,353.42857142857133
3,605,354,353.6190476190474
3,606,354,353.6190476190474
3,607,353,353.42857142857133
3,608,353,353.0476190476188
3,609,353,352.90476190476176
3,610,353,352.9047619047617
3,611,353,353.047619047619
3,612,353,353.42857142857133
3,613,354,353.6190476190474
3,614,354,353.5238095238093
3,615,353,353.4761904761903
3,616,353,353.38095238095224
3,617,354,353.5714285714284
3,618,354,354.0476190476188
3,619,354,354.0476190476189
3,620,354,353.6666666666666
3,621,353,353.33333333333326
3,622,353,353.0476190476188
3,623,353,352.8095238095236
3,624,353,353.047619047619
3,625,353,353.42857142857133
3,626,354,353.6190476190474
3,627,354,353.5238095238093
3,628,353,353.4761904761903
3,629,353,353.38095238095224
3,630,354,353.5714285714284
3,631,354,353.95238095238074
3,632,354,354.09523809523785
3,633,354,353.99999999999983
3,634,354,353.99999999999983
3,635,354,354.09523809523785
3,636,354,353.95238095238085
3,637,354,353.6666666666666
3,638,353,353.33333333333326
3,639,353,352.95238095238074
3,640,353,352.95238095238074
3,641,353,353.33333333333314
3,642,354,353.6666666666665
3,643,354,353.95238095238074
3,644,354,354.09523809523785
3,645,354,353.99999999999983
3,646,354,353.99999999999983
3,647,354,353.99999999999983
3,648,354,354.09523809523785
3,649,354,353.95238095238085
3,650,354,353.6666666666666
3,651,353,353.33333333333326
3,652,353,353.0476190476188
3,653,353,352.90476190476176
3,654,353,352.9999999999999
3,655,353,352.9999999999999
3,656,353,352.9047619047617
3,657,353,353.047619047619
3,658,353,353.33333333333314
3,659,354,353.6666666666665
3,660,354,353.95238095238074
3,661,354,354.1904761904761
3,662,354,353.95238095238085
3,663,354,353.6666666666666
3,664,353,353.33333333333326
3,665,353,353.0476190476188
3,666,353,352.90476190476176
3,667,353,352.9047619047617
3,668,353,353.047619047619
3,669,353,353.33333333333314
3,670,354,353.6666666666665
3,671,354,353.95238095238074
3,672,354,354.1904761904761
3,673,354,353.95238095238085
3,674,354,353.6666666666666
3,675,353,353.33333333333326
3,676,353,353.0476190476188
3,677,353,352.90476190476176
3,678,353,352.9047619047617
3,679,353,353.047619047619
3,680,353,353.42857142857133
3,681,354,353.6190476190474
3,682,354,353.5238095238093
3,683,353,353.4761904761903
3,684,353,353.38095238095224
3,685,354,353.5714285714284
3,686,354,353.95238095238074
3,687,354,354.09523809523785
3,688,354,353.99999999999983
3,689,354,353.99999999999983
3,690,354,353.99999999999983
3,691,354,354.09523809523785
3,692,354,353.95238095238085
3,693,354,353.6666666666666
3,694,353,353.33333333333326
3,695,353,352.95238095238074
3,696,353,352.95238095238074
3,697,353,353.33333333333314
3,698,354,353.6666666666665
3,699,354,354.0476190476188
3,700,354,354.0476190476189
3,701,354,353.5714285714284
3,702,353,353.3809523809521
3,703,353,353.38095238095224
3,704,354,353.5714285714284
3,705,354,353.95238095238074
3,706,354,354.09523809523785
3,707,354,353.99999999999983
3,708,354,353.99999999999983
3,709,354,354.09523809523785
3,710,354,353.95238095238085
3,711,354,353.6666666666666
3,712,353,353.33333333333326
3,713,353,353.0476190476188
3,714,353,352.90476190476176
3,715,353,352.9999999999999
3,716,353,352.9047619047617
3,717,353,353.047619047619
3,718,353,353.33333333333314
3,719,354,353.6666666666665
3,720,354,353.95238095238074
3,721,354,354.09523809523785
3,722,354,353.99999999999983
3,723,354,353.99999999999983
3,724,354,354.09523809523785
3,725,354,353.95238095238085
3,726,354,353.5714285714284
3,727,353,353.3809523809521
3,728,353,353.4761904761903
3,729,354,353.5238095238093
3,730,354,353.5238095238093
3,731,353,353.4761904761903
3,732,353,353.38095238095224
3,733,354,353.5714285714284
3,734,354,353.95238095238074
3,735,354,354.09523809523785
3,736,354,353.99999999999983
3,737,354,354.09523809523785
3,738,354,353.95238095238085
3,739,354,353.6666666666666
3,740,353,353.33333333333326
3,741,353,352.95238095238074
3,742,353,352.95238095238074
3,743,353,353.33333333333314
3,744,354,353.6666666666665
3,745,354,354.0476190476188
3,746,354,354.0476190476189
3,747,354,353.5714285714284
3,748,353,353.3809523809521
3,749,353,353.38095238095224
3,750,354,353.5714285714284
3,751,354,354.0476190476188
3,752,354,354.0476190476189
3,753,354,353.6666666666666
3,754,353,353.33333333333326
3,755,353,352.95238095238074
3,756,353,352.95238095238074
3,757,353,353.33333333333314
3,758,354,353.76190476190465
3,759,354,353.9047619047617
3,760,354,353.6666666666664
3,761,353,353.3809523809521
3,762,353,353.4761904761903
3,763,354,353.5238095238093
3,764,354,353.5238095238093
3,765,353,353.51428571428585
3,766,353,353.2857142857143
3,767,354,354.0
3,768,354,353.5714285714284
3,769,354,353.95238095238074
3,770,354,354.09523809523785
3,771,354,353.99999999999983
3,772,354,354.09523809523785
3,773,354,353.95238095238085
3,774,354,353.5714285714284
3,775,353,353.3809523809521
3,776,353,353.38095238095224
3,777,354,353.5714285714284
3,778,354,353.95238095238074
3,779,354,354.09523809523785
3,780,354,353.99999999999983
3,781,354,353.99999999999983
3,782,354,353.99999999999983
3,783,354,354.09523809523785
3,784,354,353.95238095238085
3,785,354,353.5714285714284
3,786,353,353.3809523809521
3,787,353,353.38095238095224
3,788,354,353.5714285714284
3,789,354,353.95238095238074
3,790,354,354.09523809523785
3,791,354,353.99999999999983
3,792,354,353.99999999999983
3,793,354,353.99999999999983
3,794,354,353.99999999999983
3,795,354,353.99999999999983
3,796,354,353.99999999999983
3,797,354,354.09523809523785
3,798,354,353.95238095238085
3,799,354,353.6666666666666
3,800,353,353.33333333333326
3,801,353,353.0476190476188
3,802,353,352.8095238095236
3,803,353,353.047619047619
3,804,353,353.42857142857133
3,805,354,353.6190476190474
3,806,354,353.5238095238093
3,807,353,353.4761904761903
3,808,353,353.38095238095224
3,809,354,353.5714285714284
3,810,354,354.0476190476188
3,811,354,354.0476190476189
3,812,354,353.6666666666666
3,813,353,353.33333333333326
3,814,353,353.0476190476188
3,815,353,352.90476190476176
3,816,353,352.9999999999999
3,817,353,352.9999999999999
3,818,353,352.9999999999999
3,819,353,352.9999999999999
3,820,353,352.9999999999999
3,821,353,352.9999999999999
3,822,353,352.9047619047617
3,823,353,353.047619047619
3,824,353,353.33333333333314
3,825,354,353.6666666666665
3,826,354,353.95238095238074
3,827,354,354.09523809523785
3,828,354,354.09523809523785
3,829,354,353.95238095238085
3,830,354,353.6666666666666
3,831,353,353.2380952380951
3,832,353,353.0952380952379
3,833,353,353.2380952380951
3,834,354,353.6666666666665
3,835,354,354.0476190476188
3,836,354,354.0476190476189
3,837,354,353.5714285714284
3,838,353,353.3809523809521
3,839,353,353.4761904761903
3,840,354,353.5238095238093
3,841,354,353.6190476190474
3,842,353,353.42857142857133
3,843,353,353.0476190476188
3,844,353,352.90476190476176
3,845,353,352.9047619047617
3,846,353,353.047619047619
3,847,353,353.2380952380951
3,848,354,353.7142857142855
3,849,354,354.4761904761902
3,850,355,354.6666666666666
3,851,355,354.28571428571416
3,852,353,353.7619047619047
3,853,353,352.99999999999994
3,854,353,352.8571428571427
3,855,353,353.33333333333314
3,856,354,353.6666666666665
3,857,354,353.95238095238074
3,858,354,354.1904761904761
3,859,354,353.95238095238085
3,860,354,353.6666666666666
3,861,353,353.33333333333326
3,862,353,353.0476190476188
3,863,353,352.90476190476176
3,864,353,352.9999999999999
3,865,353,352.9999999999999
3,866,353,352.9047619047617
3,867,353,353.047619047619
3,868,353,353.33333333333314
3,869,354,353.76190476190465
3,870,354,353.9047619047617
3,871,354,353.76190476190465
3,872,353,353.33333333333326
3,873,353,352.95238095238074
3,874,353,352.95238095238074
3,875,353,353.42857142857133
3,876,354,353.6190476190474
3,877,354,353.6190476190474
3,878,353,353.42857142857133
3,879,353,353.0476190476188
3,880,353,352.8095238095236
3,881,353,353.047619047619
3,882,353,353.42857142857133
3,883,354,353.6190476190474
3,884,354,353.6190476190474
3,885,353,353.42857142857133
3,886,353,352.95238095238074
3,887,353,352.95238095238074
3,888,353,353.33333333333314
3,889,354,353.6666666666665
3,890,354,353.95238095238074
3,891,354,354.09523809523785
3,892,354,353.99999999999983
3,893,354,353.99999999999983
3,894,354,354.09523809523785
3,895,354,353.95238095238085
3,896,354,353.6666666666666
3,897,353,353.33333333333326
3,898,353,353.0476190476188
3,899,353,352.90476190476176
3,900,353,352.9999999999999
3,901,353,352.9999999999999
3,902,353,352.9999999999999
3,903,353,352.9047619047617
3,904,353,353.047619047619
3,905,353,353.42857142857133
3,906,354,353.6190476190474
3,907,354,353.5238095238093
3,908,353,353.4761904761903
3,909,353,353.4761904761903
3,910,354,353.5238095238093
3,911,354,353.6190476190474
3,912,353,353.42857142857133
3,913,353,352.95238095238074
3,914,353,352.95238095238074
3,915,353,353.33333333333314
3,916,354,353.6666666666665
3,917,354,353.95238095238074
3,918,354,354.09523809523785
3,919,354,353.99999999999983
3,920,354,353.99999999999983
3,921,354,353.99999999999983
3,922,354,353.99999999999983
3,923,354,353.99999999999983
3,924,354,353.99999999999983
3,925,354,353.99999999999983
3,926,354,353.99999999999983
3,927,354,353.99999999999983
3,928,354,354.09523809523785
3,929,354,353.95238095238085
3,930,354,353.5714285714284
3,931,353,353.3809523809521
3,932,353,353.38095238095224
3,933,354,353.5714285714284
3,934,354,353.95238095238074
3,935,354,354.09523809523785
3,936,354,354.09523809523785
3,937,354,353.95238095238085
3,938,354,353.6666666666666
3,939,353,353.33333333333326
3,940,353,352.95238095238074
3,941,353,352.95238095238074
3,942,353,353.42857142857133
3,943,354,353.5238095238094
3,944,354,353.6666666666665
3,945,353,353.7619047619046
3,946,354,353.71428571428544
3,947,354,353.95238095238074
3,948,354,354.0476190476189
3,949,354,353.5714285714284
3,950,353,353.3809523809521
3,951,353,353.4761904761903
3,952,354,353.5238095238093
3,953,354,353.5238095238093
3,954,353,353.4761904761903
3,955,353,353.38095238095224
3,956,354,353.5714285714284
3,957,354,354.0476190476188
3,958,354,354.0476190476189
3,959,354,353.5714285714284
3,960,353,353.3809523809521
3,961,353,353.4761904761903
3,962,354,353.42857142857133
3,963,354,353.6666666666665
3,964,353,353.7619047619046
3,965,354,353.71428571428544
3,966,354,353.8571428571427
3,967,354,354.09523809523785
3,968,354,353.99999999999983
3,969,354,353.99999999999983
3,970,354,354.09523809523785
3,971,354,353.95238095238085
3,972,354,353.5714285714284
3,973,353,353.3809523809521
3,974,353,353.38095238095224
3,975,354,353.5714285714284
3,976,354,353.95238095238074
3,977,354,354.09523809523785
3,978,354,353.99999999999983
3,979,354,353.99999999999983
3,980,354,353.99999999999983
3,981,354,353.99999999999983
3,982,354,354.09523809523785
3,983,354,353.8571428571428
3,984,354,353.7142857142855
3,985,353,353.6666666666666
3,986,354,353.71428571428544
3,987,354,353.7619047619046
3,988,354,354.142857142857
3,989,354,354.4285714285713
3,990,355,354.6190476190476
3,991,355,354.6190476190474
3,992,354,354.4285714285714
3,993,354,354.0476190476189
3,994,354,353.9047619047618
3,995,354,353.99999999999983
3,996,354,353.99999999999983
3,997,354,353.99999999999983
3,998,354,353.99999999999983
3,999,354,353.99999999999983
3,1000,354,353.99999999999983
3,1001,354,353.99999999999983
3,1002,354,353.99999999999983
3,1003,354,353.99999999999983
3,1004,354,353.99999999999983
3,1005,354,353.99999999999983
3,1006,354,353.99999999999983
3,1007,354,353.99999999999983
3,1008,354,354.09523809523785
3,1009,354,353.95238095238085
3,1010,354,353.6666666666666
3,1011,353,353.33333333333326
3,1012,353,352.95238095238074
3,1013,353,352.95238095238074
3,1014,353,353.33333333333314
3,1015,354,353.6666666666665
3,1016,354,353.95238095238074
3,1017,354,354.09523809523785
3,1018,354,353.99999999999983
3,1019,354,353.99999999999983
3,1020,354,354.09523809523785
3,1021,354,354.00000000000017
3,1022,354,353.742857142857
3,1023,353,353.05000000000007
3,1024,354,353.5238095238093
3,1025,354,353.5238095238093
3,1026,353,353.4761904761903
3,1027,353,353.38095238095224
3,1028,354,353.5714285714284
3,1029,354,354.0476190476188
3,1030,354,354.0476190476189
3,1031,354,353.6666666666666
3,1032,353,353.33333333333326
3,1033,353,353.0476190476188
3,1034,353,352.90476190476176
3,1035,353,352.9999999999999
3,1036,353,352.9999999999999
3,1037,353,352.9047619047617
3,1038,353,353.047619047619
3,1039,353,353.33333333333314
3,1040,354,353.6666666666665
3,1041,354,354.0476190476188
3,1042,354,354.0476190476189
3,1043,354,353.6666666666666
3,1044,353,353.33333333333326
3,1045,353,352.95238095238074
3,1046,353,352.95238095238074
3,1047,353,353.33333333333314
3,1048,354,353.6666666666665
3,1049,354,353.95238095238074
3,1050,354,354.1904761904761
3,1051,354,353.95238095238085
3,1052,354,353.6666666666666
3,1053,353,353.33333333333326
3,1054,353,353.0476190476188
3,1055,353,352.90476190476176
3,1056,353,352.9047619047617
3,1057,353,353.047619047619
3,1058,353,353.42857142857133
3,1059,354,353.6190476190474
3,1060,354,353.6190476190474
3,1061,353,353.42857142857133
3,1062,353,352.95238095238074
3,1063,353,352.95238095238074
3,1064,353,353.33333333333314
3,1065,354,353.6666666666665
3,1066,354,353.95238095238074
3,1067,354,354.09523809523785
3,1068,354,353.99999999999983
3,1069,354,353.99999999999983
3,1070,354,354.09523809523785
3,1071,354,353.95238095238085
3,1072,354,353.6666666666666
3,1073,353,353.33333333333326
3,1074,353,353.0476190476188
3,1075,353,352.90476190476176
3,1076,353,352.9999999999999
3,1077,353,352.9999999999999
3,1078,353,352.9047619047617
3,1079,353,353.047619047619
3,1080,353,353.42857142857133
3,1081,354,353.6190476190474
3,1082,354,353.6190476190474
3,1083,353,353.42857142857133
3,1084,353,352.95238095238074
3,1085,353,352.95238095238074
3,1086,353,353.33333333333314
3,1087,354,353.6666666666665
3,1088,354,354.0476190476188
3,1089,354,354.0476190476189
3,1090,354,353.5714285714284
3,1091,353,353.4761904761903
3,1092,353,353.3333333333332
3,1093,354,353.1428571428569
3,1094,353,353.33333333333326
3,1095,353,353.4761904761903
3,1096,354,353.5714285714284
3,1097,354,354.0476190476188
3,1098,354,354.0476190476189
3,1099,354,353.6666666666666
3,1100,353,353.33333333333326
3,1101,353,353.0476190476188
3,1102,353,352.90476190476176
3,1103,353,352.9047619047617
3,1104,353,353.047619047619
3,1105,353,353.33333333333314
3,1106,354,353.6666666666665
3,1107,354,354.0476190476188
3,1108,354,354.0476190476189
3,1109,354,353.5714285714284
3,1110,353,353.3809523809521
3,1111,353,353.38095238095224
3,1112,354,353.5714285714284
3,1113,354,353.95238095238074
3,1114,354,354.09523809523785
3,1115,354,353.99999999999983
3,1116,354,353.99999999999983
3,1117,354,353.99999999999983
3,1118,354,353.99999999999983
3,1119,354,353.99999999999983
3,1120,354,354.09523809523785
3,1121,354,353.95238095238085
3,1122,354,353.6666666666666
3,1123,353,353.33333333333326
3,1124,353,352.95238095238074
3,1125,353,352.95238095238074
3,1126,353,353.42857142857133
3,1127,354,353.6190476190474
3,1128,354,353.6190476190474
3,1129,353,353.42857142857133
3,1130,353,352.95238095238074
3,1131,353,352.95238095238074
3,1132,353,353.42857142857133
3,1133,354,353.6190476190474
3,1134,354,353.5238095238093
3,1135,353,353.4761904761903
3,1136,353,353.38095238095224
3,1137,354,353.6666666666665
3,1138,354,353.9047619047617
3,1139,354,353.76190476190465
3,1140,353,353.33333333333326
3,1141,353,352.95238095238074
3,1142,353,352.95238095238074
3,1143,353,353.33333333333314
3,1144,354,353.6666666666665
3,1145,354,353.95238095238074
3,1146,354,354.09523809523785
3,1147,354,353.99999999999983
3,1148,354,353.99999999999983
3,1149,354,353.99999999999983
3,1150,354,353.99999999999983
3,1151,354,353.99999999999983
3,1152,354,353.99999999999983
3,1153,354,353.99999999999983
3,1154,354,353.99999999999983
3,1155,354,353.99999999999983
3,1156,354,354.09523809523785
3,1157,354,353.95238095238085
3,1158,354,353.6666666666666
3,1159,353,353.33333333333326
3,1160,353,352.95238095238074
3,1161,353,352.95238095238074
3,1162,353,353.33333333333314
3,1163,354,353.6666666666665
3,1164,354,353.95238095238074
3,1165,354,354.09523809523785
3,1166,354,353.99999999999983
3,1167,354,353.99999999999983
3,1168,354,353.99999999999983
3,1169,354,353.99999999999983
3,1170,354,354.09523809523785
3,1171,354,353.95238095238085
3,1172,354,353.5714285714284
3,1173,353,353.3809523809521
3,1174,353,353.4761904761903
3,1175,354,353.5238095238093
3,1176,354,353.5238095238093
3,1177,353,353.4761904761903
3,1178,353,353.4761904761903
3,1179,354,353.5238095238093
3,1180,354,353.6190476190474
3,1181,353,353.33333333333314
3,1182,353,353.0952380952379
3,1183,353,353.3333333333331
3,1184,354,353.6190476190474
3,1185,354,353.5238095238093
3,1186,353,353.4761904761903
3,1187,353,353.38095238095224
3,1188,354,353.5714285714284
3,1189,354,353.95238095238074
3,1190,354,354.09523809523785
3,1191,354,353.99999999999983
3,1192,354,353.99999999999983
3,1193,354,354.09523809523785
3,1194,354,353.95238095238085
3,1195,354,353.6666666666666
3,1196,353,353.33333333333326
3,1197,353,353.0476190476188
3,1198,353,352.90476190476176
3,1199,353,352.9047619047617
3,1200,353,353.047619047619
3,1201,353,353.33333333333314
3,1202,354,353.76190476190465
3,1203,354,353.9047619047617
3,1204,354,353.6666666666664
3,1205,353,353.3809523809521
3,1206,353,353.38095238095224
3,1207,354,353.5714285714284
3,1208,354,353.95238095238074
3,1209,354,354.09523809523785
3,1210,354,354.09523809523785
3,1211,354,353.95238095238085
3,1212,354,353.6666666666666
3,1213,353,353.33333333333326
3,1214,353,353.0476190476188
3,1215,353,352.90476190476176
3,1216,353,352.9999999999999
3,1217,353,352.9047619047617
3,1218,353,353.047619047619
3,1219,353,353.42857142857133
3,1220,354,353.6190476190474
3,1221,354,353.6190476190474
3,1222,353,353.42857142857133
3,1223,353,352.95238095238074
3,1224,353,352.95238095238074
3,1225,353,353.33333333333314
3,1226,354,353.6666666666665
3,1227,354,353.95238095238074
3,1228,354,354.09523809523785
3,1229,354,353.99999999999983
3,1230,354,353.99999999999983
3,1231,354,353.99999999999983
3,1232,354,353.99999999999983
3,1233,354,353.99999999999983
3,1234,354,353.99999999999983
3,1235,354,354.09523809523785
3,1236,354,353.95238095238085
3,1237,354,353.6666666666666
3,1238,353,353.2380952380951
3,1239,353,353.0952380952379
3,1240,353,353.3333333333331
3,1241,354,353.6190476190474
3,1242,354,353.42857142857133
3,1243,353,353.52380952380935
3,1244,353,353.8095238095238
3,1245,355,354.1904761904759
3,1246,355,354.57142857142844
3,1247,354,354.5238095238093
3,1248,354,354.0476190476189
3,1249,354,353.9047619047618
3,1250,354,354.09523809523785
3,1251,354,353.95238095238085
3,1252,354,353.6666666666666
3,1253,353,353.33333333333326
3,1254,353,352.95238095238074
3,1255,353,352.95238095238074
3,1256,353,353.33333333333314
3,1257,354,353.6666666666665
3,1258,354,353.95238095238074
3,1259,354,354.09523809523785
3,1260,354,353.99999999999983
3,1261,354,353.99999999999983
3,1262,354,353.99999999999983
3,1263,354,354.09523809523785
3,1264,354,353.95238095238085
3,1265,354,353.5714285714284
3,1266,353,353.3809523809521
3,1267,353,353.38095238095224
3,1268,354,353.5714285714284
3,1269,354,353.95238095238074
3,1270,354,354.09523809523785
3,1271,354,353.99999999999983
3,1272,354,353.99999999999983
3,1273,354,353.99999999999983
3,1274,354,353.99999999999983
3,1275,354,353.99999999999983
3,1276,354,354.09523809523785
3,1277,354,354.00000000000017
3,1278,354,353.742857142857
3,1279,353,353.05000000000007
3,1280,353,352.90476190476176
3,1281,353,352.9047619047617
3,1282,353,353.047619047619
3,1283,353,353.42857142857133
3,1284,354,353.6190476190474
3,1285,354,353.6190476190474
3,1286,353,353.33333333333314
3,1287,353,353.0952380952379
3,1288,353,353.2380952380951
3,1289,354,353.6666666666665
3,1290,354,353.95238095238074
3,1291,354,354.09523809523785
3,1292,354,354.09523809523785
3,1293,354,353.95238095238085
3,1294,354,353.5714285714284
3,1295,353,353.3809523809521
3,1296,353,353.4761904761903
3,1297,354,353.5238095238093
3,1298,354,353.6190476190474
3,1299,353,353.42857142857133
3,1300,353,353.0476190476188
3,1301,353,352.90476190476176
3,1302,353,352.9047619047617
3,1303,353,353.047619047619
3,1304,353,353.33333333333314
3,1305,354,353.6666666666665
3,1306,354,353.95238095238074
3,1307,354,354.09523809523785
3,1308,354,353.99999999999983
3,1309,354,354.09523809523785
3,1310,354,353.95238095238085
3,1311,354,353.6666666666666
3,1312,353,353.33333333333326
3,1313,353,352.95238095238074
3,1314,353,352.95238095238074
3,1315,353,353.33333333333314
3,1316,354,353.6666666666665
3,1317,354,353.95238095238074
3,1318,354,354.09523809523785
3,1319,354,354.09523809523785
3,1320,354,353.95238095238085
3,1321,354,353.5714285714284
3,1322,353,353.3809523809521
3,1323,353,353.38095238095224
3,1324,354,353.6666666666665
3,1325,354,353.9047619047617
3,1326,354,353.6666666666664
3,1327,353,353.3809523809521
3,1328,353,353.38095238095224
3,1329,354,353.5714285714284
3,1330,354,353.95238095238074
3,1331,354,354.09523809523785
3,1332,354,353.99999999999983
3,1333,354,353.99999999999983
3,1334,354,354.09523809523785
3,1335,354,353.95238095238085
3,1336,354,353.5714285714284
3,1337,353,353.3809523809521
3,1338,353,353.4761904761903
3,1339,354,353.5238095238093
3,1340,354,353.6190476190474
3,1341,353,353.42857142857133
3,1342,353,353.0476190476188
3,1343,353,352.90476190476176
3,1344,353,352.9047619047617
3,1345,353,353.047619047619
3,1346,353,353.33333333333314
3,1347,354,353.6666666666665
3,1348,354,353.95238095238074
3,1349,354,354.09523809523785
3,1350,354,353.99999999999983
3,1351,354,353.99999999999983
3,1352,354,353.99999999999983
3,1353,354,353.99999999999983
3,1354,354,353.99999999999983
3,1355,354,354.09523809523785
3,1356,354,353.95238095238085
3,1357,354,353.5714285714284
3,1358,353,353.3809523809521
3,1359,353,353.4761904761903
3,1360,354,353.5238095238093
3,1361,354,353.6190476190474
3,1362,353,353.42857142857133
3,1363,353,352.95238095238074
3,1364,353,352.95238095238074
3,1365,353,353.33333333333314
3,1366,354,353.6666666666665
3,1367,354,353.95238095238074
3,1368,354,354.09523809523785
3,1369,354,353.99999999999983
3,1370,354,353.99999999999983
3,1371,354,353.99999999999983
3,1372,354,354.09523809523785
3,1373,354,353.95238095238085
3,1374,354,353.6666666666666
3,1375,353,353.33333333333326
3,1376,353,352.95238095238074
3,1377,353,352.95238095238074
3,1378,353,353.33333333333314
3,1379,354,353.6666666666665
3,1380,354,353.95238095238074
3,1381,354,354.09523809523785
3,1382,354,353.99999999999983
3,1383,354,353.99999999999983
3,1384,354,353.99999999999983
3,1385,354,353.99999999999983
3,1386,354,353.99999999999983
3,1387,354,353.99999999999983
3,1388,354,353.99999999999983
3,1389,354,354.09523809523785
3,1390,354,353.95238095238085
3,1391,354,353.5714285714284
3,1392,353,353.3809523809521
3,1393,353,353.4761904761903
3,1394,354,353.5238095238093
3,1395,354,353.6190476190474
3,1396,353,353.42857142857133
3,1397,353,352.95238095238074
3,1398,353,352.95238095238074
3,1399,353,353.42857142857133
3,1400,354,353.6190476190474
3,1401,354,353.5238095238093
3,1402,353,353.4761904761903
3,1403,353,353.38095238095224
3,1404,354,353.5714285714284
3,1405,354,353.95238095238074
3,1406,354,354.09523809523785
3,1407,354,353.99999999999983
3,1408,354,353.99999999999983
3,1409,354,354.09523809523785
3,1410,354,353.95238095238085
3,1411,354,353.6666666666666
3,1412,353,353.33333333333326
3,1413,353,353.0476190476188
3,1414,353,352.90476190476176
3,1415,353,352.9999999999999
3,1416,353,352.9999999999999
3,1417,353,352.8095238095236
3,1418,353,353.19047619047603
3,1419,353,353.6190476190475
3,1420,355,353.9999999999999
3,1421,354,354.23809523809496
3,1422,354,354.2380952380951
3,1423,354,353.9047619047618
3,1424,354,353.99999999999983
3,1425,354,353.99999999999983
3,1426,354,353.99999999999983
3,1427,354,353.99999999999983
3,1428,354,353.99999999999983
3,1429,354,353.99999999999983
3,1430,354,354.09523809523785
3,1431,354,353.95238095238085
3,1432,354,353.5714285714284
3,1433,353,353.3809523809521
3,1434,353,353.38095238095224
3,1435,354,353.5714285714284
3,1436,354,353.95238095238074
3,1437,354,354.1904761904761
3,1438,354,353.95238095238085
3,1439,354,353.6666666666666
3,1440,353,353.33333333333326
3,1441,353,353.0476190476188
3,1442,353,352.90476190476176
3,1443,353,352.9047619047617
3,1444,353,353.047619047619
3,1445,353,353.42857142857133
3,1446,354,353.6190476190474
3,1447,354,353.5238095238093
3,1448,353,353.4761904761903
3,1449,353,353.4761904761903
3,1450,354,353.5238095238093
3,1451,354,353.6190476190474
3,1452,353,353.42857142857133
3,1453,353,353.0476190476188
3,1454,353,352.90476190476176
3,1455,353,352.9999999999999
3,1456,353,352.9047619047617
3,1457,353,353.047619047619
3,1458,353,353.42857142857133
3,1459,354,353.6190476190474
3,1460,354,353.5238095238093
3,1461,353,353.4761904761903
3,1462,353,353.4761904761903
3,1463,354,353.5238095238093
3,1464,354,353.6190476190474
3,1465,353,353.42857142857133
3,1466,353,352.95238095238074
3,1467,353,352.95238095238074
3,1468,353,353.42857142857133
3,1469,354,353.6190476190474
3,1470,354,353.6190476190474
3,1471,353,353.42857142857133
3,1472,353,352.95238095238074
3,1473,353,352.95238095238074
3,1474,353,353.33333333333314
3,1475,354,353.76190476190465
3,1476,354,353.9047619047617
3,1477,354,353.76190476190465
3,1478,353,353.2380952380951
3,1479,353,353.0952380952379
3,1480,353,353.3333333333331
3,1481,354,353.6190476190474
3,1482,354,353.6190476190474
3,1483,353,353.42857142857133
3,1484,353,353.0476190476188
3,1485,353,352.8095238095236
3,1486,353,353.047619047619
3,1487,353,353.42857142857133
3,1488,354,353.6190476190474
3,1489,354,353.5238095238093
3,1490,353,353.4761904761903
3,1491,353,353.38095238095224
3,1492,354,353.5714285714284
3,1493,354,353.95238095238074
3,1494,354,354.09523809523785
3,1495,354,353.99999999999983
3,1496,354,353.99999999999983
3,1497,354,353.99999999999983
3,1498,354,353.99999999999983
3,1499,354,353.99999999999983
3,1500,354,353.99999999999983
3,1501,354,353.99999999999983
3,1502,354,353.99999999999983
3,1503,354,354.09523809523785
3,1504,354,353.95238095238085
3,1505,354,353.6666666666666
3,1506,353,353.2380952380951
3,1507,353,353.0952380952379
3,1508,353,353.2380952380951
3,1509,354,353.6666666666665
3,1510,354,354.0476190476188
3,1511,354,354.0476190476189
3,1512,354,353.6666666666666
3,1513,353,353.33333333333326
3,1514,353,352.95238095238074
3,1515,353,352.95238095238074
3,1516,353,353.33333333333314
3,1517,354,353.6666666666665
3,1518,354,353.95238095238074
3,1519,354,354.09523809523785
3,1520,354,354.09523809523785
3,1521,354,353.95238095238085
3,1522,354,353.6666666666666
3,1523,353,353.33333333333326
3,1524,353,353.0476190476188
3,1525,353,352.90476190476176
3,1526,353,352.9047619047617
3,1527,353,353.047619047619
3,1528,353,353.42857142857133
3,1529,354,353.5238095238094
3,1530,354,353.6666666666665
3,1531,353,353.8571428571428
3,1532,354,353.6666666666665
3,1533,354,353.5714285714287
3,1534,353,353.5142857142856
3,1535,353,352.8999999999999
3,1536,354,353.5238095238093
3,1537,354,353.5238095238093
3,1538,353,353.4761904761903
3,1539,353,353.4761904761903
3,1540,354,353.5238095238093
3,1541,354,353.5238095238093
3,1542,353,353.4761904761903
3,1543,353,353.38095238095224
3,1544,354,353.5714285714284
3,1545,354,354.0476190476188
3,1546,354,354.0476190476189
3,1547,354,353.5714285714284
3,1548,353,353.3809523809521
3,1549,353,353.38095238095224
3,1550,354,353.5714285714284
3,1551,354,354.0476190476188
3,1552,354,354.0476190476189
3,1553,354,353.6666666666666
3,1554,353,353.33333333333326
3,1555,353,352.95238095238074
3,1556,353,353.0476190476188
3,1557,353,353.2857142857141
3,1558,354,353.3333333333332
3,1559,353,353.2857142857141
3,1560,353,353.1428571428569
3,1561,353,352.90476190476176
3,1562,353,352.9047619047617
3,1563,353,353.047619047619
3,1564,353,353.42857142857133
3,1565,354,353.6190476190474
3,1566,354,353.5238095238093
3,1567,353,353.4761904761903
3,1568,353,353.38095238095224
3,1569,354,353.5714285714284
3,1570,354,353.95238095238074
3,1571,354,354.09523809523785
3,1572,354,354.09523809523785
3,1573,354,353.95238095238085
3,1574,354,353.5714285714284
3,1575,353,353.3809523809521
3,1576,353,353.38095238095224
3,1577,354,353.5714285714284
3,1578,354,354.0476190476188
3,1579,354,353.95238095238085
3,1580,354,353.7142857142855
3,1581,353,353.6666666666666
3,1582,354,353.71428571428544
3,1583,354,353.8571428571427
3,1584,354,354.09523809523785
3,1585,354,354.09523809523785
3,1586,354,353.95238095238085
3,1587,354,353.7428571428572
3,1588,353,353.3714285714283
3,1589,353,352.8999999999999
