channel,index,raw,filtered
1,0,381,382.50950226244356
1,1,381,382.2579185520363
1,2,381,382.2579185520363
1,3,381,382.43891402714945
1,4,384,382.80090497737564
1,5,384,383.4850678733033
1,6,385,384.0941176470589
1,7,385,384.49592760181
1,8,385,384.8135746606336
1,9,385,384.9547511312218
1,10,385,384.89230769230784
1,11,385,384.59909502262445
1,12,383,384.3927601809956
1,13,383,384.1909502262444
1,14,386,384.1936651583712
1,15,384,384.2009049773757
1,16,384,384.15113122171954
1,17,384,384.18280542986446
1,18,384,384.43710407239837
1,19,385,384.65520361990957
1,20,385,384.50769230769254
1,21,384,384.26515837104085
1,22,384,384.2633484162896
1,23,385,384.1610859728508
1,24,385,384.0904977375567
1,25,383,384.0425339366517
1,26,383,384.00814479638024
1,27,384,384.04615384615397
1,28,384,384.2153846153848
1,29,385,384.36832579185534
1,30,385,384.55746606334844
1,31,385,384.83257918552056
1,32,385,385.2434389140273
1,33,385,385.4950226244345
1,34,386,385.6923076923078
1,35,386,385.86696832579196
1,36,386,386.05067873303176
1,37,386,386.4162895927603
1,38,387,386.7366515837105
1,39,387,386.99366515837113
1,40,387,387.0280542986426
1,41,387,387.08054298642554
1,42,388,388.17104072398195
1,43,388,388.51945701357477
1,44,387,388.2162895927603
1,45,387,387.4226244343893
1,46,387,386.2380090497739
1,47,389,383.7122171945703
1,48,389,381.76561085972855
1,49,376,380.4506787330317
1,50,376,379.75837104072394
1,51,376,379.6180995475114
1,52,375,379.8914027149322
1,53,375,380.63981900452495
1,54,389,381.8542986425341
1,55,389,383.8027149321268
1,56,388,386.2823529411766
1,57,388,387.63167420814494
1,58,388,388.65067873303167
1,59,388,389.22171945701376
1,60,388,389.0886877828055
1,61,388,388.1954751131222
1,62,388,388.35384615384623
1,63,389,388.5755656108599
1,64,389,388.7221719457015
1,65,389,388.85520361990956
1,66,389,389.0361990950227
1,67,389,389.1266968325792
1,68,389,389.05610859728523
1,69,389,388.9538461538463
1,70,389,388.81085972850695
1,71,389,388.75656108597303
1,72,389,388.7203619909503
1,73,388,388.70226244343905
1,74,388,388.7728506787333
1,75,389,388.8027149321268
1,76,389,388.8009049773757
1,77,389,388.77647058823544
1,78,389,388.73846153846176
1,79,389,388.69592760181
1,80,389,388.65791855203634
1,81,388,388.49502262443445
1,82,388,388.2778280542987
1,83,388,388.2859728506789
1,84,388,388.1990950226245
1,85,388,387.9737556561087
1,86,388,387.76651583710424
1,87,388,387.5954751131222
1,88,388,387.4787330316743
1,89,388,387.36651583710415
1,90,386,387.20904977375585
1,91,386,387.0244343891403
1,92,387,386.83076923076925
1,93,387,386.64615384615394
1,94,387,386.5592760180996
1,95,387,386.45882352941186
1,96,386,386.3719457013575
1,97,386,386.3257918552037
1,98,386,386.0000000000001
1,99,386,385.67420814479647
1,100,386,385.62805429864267
1,101,385,385.5411764705884
1,102,385,385.44072398190053
1,103,385,385.3538461538463
1,104,385,385.16923076923104
1,105,386,384.9755656108599
1,106,386,384.86153846153854
1,107,384,384.7158371040724
1,108,384,384.63619909502285
1,109,384,384.3819004524888
1,110,384,384.0506787330317
1,111,384,383.6696832579187
1,112,384,383.26606334841637
1,113,383,383.00542986425353
1,114,383,382.9945701357467
1,115,382,382.7339366515838
1,116,382,382.40090497737566
1,117,382,381.96108597285075
1,118,382,381.5800904977376
1,119,382,381.35565610859743
1,120,382,381.18552036199105
1,121,380,380.8968325791855
1,122,380,380.71674208144805
1,123,380,380.59547511312223
1,124,381,380.4832579185523
1,125,381,380.32760180995484
1,126,380,380.2760180995477
1,127,380,380.47873303167427
1,128,381,380.68597285067887
1,129,381,380.5773755656111
1,130,380,380.4325791855205
1,131,380,380.3221719457015
1,132,381,380.25520361990965
1,133,381,380.1791855203622
1,134,379,379.97375565610866
1,135,379,379.71855203619924
1,136,380,379.56108597285095
1,137,380,379.44886877828066
1,138,379,379.2615384615385
1,139,379,379.07873303167423
1,140,379,379.04796380090517
1,141,379,379.11674208144814
1,142,379,379.0262443438915
1,143,379,378.91764705882366
1,144,379,378.929411764706
1,145,379,379.0000000000001
1,146,379,379.0000000000001
1,147,379,379.0000000000001
1,148,379,378.92941176470606
1,149,379,378.9176470588236
1,150,379,379.0262443438916
1,151,379,379.116742081448
1,152,379,379.11855203619916
1,153,379,379.1610859728508
1,154,379,379.30588235294147
1,155,380,379.4144796380092
1,156,380,379.34570135746617
1,157,379,379.358371040724
1,158,379,379.43438914027166
1,159,380,379.55565610859736
1,160,380,379.6334841628961
1,161,379,379.84977375565626
1,162,379,380.047963800905
1,163,381,380.3484162895928
1,164,381,380.6714932126699
1,165,381,380.72850678733045
1,166,381,380.8307692307694
1,167,382,381.22171945701365
1,168,381,381.54479638009053
1,169,381,381.51131221719464
1,170,381,381.43257918552047
1,171,381,381.54932126696843
1,172,383,381.702262443439
1,173,383,381.8733031674209
1,174,381,382.04434389140283
1,175,381,382.335746606335
1,176,383,382.5294117647059
1,177,383,382.6072398190045
1,178,383,382.68054298642545
1,179,383,382.7221719457015
1,180,383,382.98190045248873
1,181,383,383.16832579185524
1,182,383,383.254298642534
1,183,383,383.406334841629
1,184,384,383.6561085972852
1,185,384,383.97375565610866
1,186,384,384.3321266968327
1,187,384,384.70407239819014
1,188,386,385.0624434389141
1,189,386,385.3800904977376
1,190,385,385.5592760180997
1,191,386,385.702262443439
1,192,386,385.98190045248884
1,193,386,386.17104072398206
1,194,386,386.1104072398191
1,195,386,386.04072398190056
1,196,386,386.27330316742086
1,197,387,386.51945701357477
1,198,387,386.5610859728508
1,199,386,386.7185520361992
1,200,386,386.83257918552044
1,201,388,387.01447963800916
1,202,388,387.30769230769243
1,203,387,387.5556561085973
1,204,387,387.6696832579188
1,205,388,387.97013574660645
1,206,388,388.2389140271495
1,207,389,388.25791855203624
1,208,389,388.20904977375574
1,209,388,388.412669683258
1,210,388,388.5891402714933
1,211,389,388.5294117647059
1,212,388,388.42443438914034
1,213,388,388.46515837104084
1,214,389,388.4425339366517
1,215,389,388.49502262443445
1,216,388,388.5610859728509
1,217,388,388.44072398190053
1,218,389,388.3339366515838
1,219,389,388.44072398190065
1,220,388,388.42262443438926
1,221,388,388.35022624434407
1,222,388,388.36199095022636
1,223,388,388.39638009049787
1,224,389,388.39457013574673
1,225,389,388.2977375565612
1,226,388,388.2533936651585
1,227,388,388.2090497737558
1,228,388,388.1149321266971
1,229,388,387.9212669683258
1,230,388,387.716742081448
1,231,387,387.39004524886894
1,232,387,387.1067873303168
1,233,387,386.8325791855205
1,234,387,386.46515837104073
1,235,386,386.10226244343903
1,236,386,385.77104072398197
1,237,385,385.49864253393685
1,238,385,385.4533936651585
1,239,385,385.2651583710408
1,240,385,384.97013574660645
1,241,385,384.73393665158375
1,242,385,384.58371040723995
1,243,385,384.4081447963802
1,244,385,384.2959276018102
1,245,383,384.12669683257934
1,246,383,384.2624434389141
1,247,384,384.19457013574674
1,248,384,383.9683257918553
1,249,384,383.8507374977961
1,250,384,383.71528471528455
1,251,384,383.43190143190145
1,252,384,382.63869463869486
1,253,380,381.5356643356643
1,254,380,380.42424242424164
1,255,380,379.69696969696975
1,256,380,382.82895927601817
1,257,380,382.3221719457015
1,258,383,382.06244343891416
1,259,383,382.0588235294118
1,260,383,382.19095022624447
1,261,383,382.6180995475114
1,262,382,382.9610859728507
1,263,382,383.3176470588236
1,264,384,383.1610859728508
1,265,384,382.76470588235316
1,266,383,382.5348416289593
1,267,383,382.41900452488693
1,268,381,382.1764705882354
1,269,381,381.8434389140273
1,270,381,381.31764705882364
1,271,381,380.62624434389147
1,272,381,380.2733031674209
1,273,381,380.0244343891403
1,274,379,379.78642533936664
1,275,379,379.66606334841634
1,276,379,379.4932126696833
1,277,379,379.29773755656106
1,278,380,379.0361990950227
1,279,379,378.86515837104076
1,280,379,378.80271493212683
1,281,379,378.86696832579196
1,282,379,378.79909502262456
1,283,378,378.74027149321284
1,284,378,378.7610859728509
1,285,379,378.7321266968327
1,286,379,378.8009049773757
1,287,379,378.77647058823544
1,288,379,378.59728506787343
1,289,379,378.53122171945716
1,290,379,378.7104072398191
1,291,378,378.7285067873304
1,292,378,378.5855203619911
1,293,378,378.54932126696843
1,294,378,378.47873303167427
1,295,380,378.5031674208146
1,296,380,378.61357466063356
1,297,378,378.80090497737575
1,298,378,378.91493212669695
1,299,379,379.1375565610861
1,300,379,379.3737556561087
1,301,380,379.59638009049786
1,302,380,379.7782805429866
1,303,380,380.16923076923086
1,304,380,380.6190045248869
1,305,382,380.841628959276
1,306,381,380.95113122171966
1,307,381,380.9882352941177
1,308,381,380.9936651583712
1,309,381,381.0787330316743
1,310,381,381.1547511312219
1,311,381,381.0624434389141
1,312,381,381.04253393665175
1,313,381,381.33574660633496
1,314,382,381.64434389140274
1,315,382,381.9411764705884
1,316,382,382.3285067873304
1,317,382,382.7701357466065
1,318,384,383.2298642533937
1,319,384,383.6714932126697
1,320,384,384.0588235294118
1,321,384,384.35565610859743
1,322,385,384.5936651583711
1,323,385,384.80452488687797
1,324,385,384.9520361990951
1,325,385,385.0000000000001
1,326,385,385.18914027149333
1,327,385,385.3601809954752
1,328,385,385.4244343891404
1,329,386,385.4932126696833
1,330,386,385.67782805429874
1,331,386,385.8895927601811
1,332,386,386.039819004525
1,333,386,386.23981900452503
1,334,386,386.4624434389142
1,335,387,386.6805429864254
1,336,387,386.8669683257919
1,337,387,387.13303167420815
1,338,387,387.4606334841629
1,339,388,387.56108597285083
1,340,388,387.6841628959277
1,341,388,387.873303167421
1,342,388,387.97194570135764
1,343,388,388.1004524886879
1,344,388,388.1791855203621
1,345,387,388.1285067873304
1,346,389,388.06877828054303
1,347,389,388.1909502262444
1,348,388,388.28597285067895
1,349,388,388.3538461538463
1,350,388,388.39457013574673
1,351,388,388.33755656108616
1,352,389,388.31221719457034
1,353,389,388.2416289592761
1,354,388,388.3257918552037
1,355,388,388.43257918552047
1,356,388,388.4325791855205
1,357,388,388.39638009049787
1,358,389,388.3239819004526
1,359,389,388.28597285067895
1,360,388,388.2914027149323
1,361,388,388.217194570136
1,362,388,388.07239819004536
1,363,388,387.998190045249
1,364,388,387.93574660633493
1,365,388,387.76470588235304
1,366,387,387.571040723982
1,367,387,387.4407239819005
1,368,388,387.32398190045257
1,369,388,387.1710407239821
1,370,387,387.00000000000017
1,371,386,386.8289592760182
1,372,386,386.74660633484166
1,373,387,386.64162895927615
1,374,387,386.4027149321268
1,375,386,386.11855203619916
1,376,386,386.0868778280544
1,377,386,386.00542986425353
1,378,386,385.7809954751133
1,379,385,385.3819004524888
1,380,385,384.9058823529412
1,381,385,384.5185520361992
1,382,385,384.25610859728516
1,383,383,383.9574660633485
1,384,383,383.6000000000002
1,385,383,383.2289592760182
1,386,383,382.889592760181
1,387,383,382.4886877828056
1,388,383,382.13303167420827
1,389,382,381.85882352941184
1,390,381,381.70226244343905
1,391,381,381.4226244343893
1,392,381,381.1791855203621
1,393,381,380.99004524886874
1,394,381,380.87330316742083
1,395,381,380.91764705882366
1,396,381,381.01176470588246
1,397,381,381.0443438914028
1,398,381,380.9656108597287
1,399,381,380.9257918552037
1,400,381,380.804524886878
1,401,381,380.6199095022626
1,402,380,380.39004524886883
1,403,380,380.13303167420815
1,404,380,379.8669683257919
1,405,380,379.60995475113134
1,406,379,379.3800904977377
1,407,379,379.1954751131223
1,408,379,379.0742081447965
1,409,379,379.0343891402716
1,410,379,378.9556561085974
1,411,379,378.91764705882366
1,412,379,378.929411764706
1,413,379,379.0000000000001
1,414,379,378.92941176470606
1,415,379,378.9176470588236
1,416,379,379.0262443438916
1,417,379,379.116742081448
1,418,379,379.11855203619916
1,419,379,379.1610859728508
1,420,379,379.23529411764713
1,421,380,379.3321266968327
1,422,380,379.4425339366517
1,423,379,379.55746606334856
1,424,379,379.66787330316754
1,425,380,379.7647058823531
1,426,380,379.7683257918554
1,427,380,379.79909502262444
1,428,380,379.83891402714937
1,429,380,380.0081447963803
1,430,380,380.22714932126706
1,431,380,380.34841628959293
1,432,380,380.42443438914034
1,433,381,380.5049773755657
1,434,381,380.639819004525
1,435,381,380.810859728507
1,436,381,381.0000000000001
1,437,381,381.11855203619933
1,438,381,381.2778280542987
1,439,381,381.45067873303185
1,440,382,381.60995475113134
1,441,382,381.79638009049785
1,442,382,382.0506787330319
1,443,382,382.2751131221722
1,444,383,382.5719457013576
1,445,383,382.90497737556575
1,446,383,383.23800904977395
1,447,383,383.53484162895944
1,448,384,383.89773755656114
1,449,384,384.2289592760182
1,450,385,384.50135746606344
1,451,385,384.68778280543
1,452,385,385.5348416289594
1,453,385,385.78914027149335
1,454,385,385.5140271493214
1,455,385,384.8434389140272
1,456,385,383.8497737556562
1,457,385,381.7674208144797
1,458,385,380.23981900452503
1,459,376,379.1167420814479
1,460,376,378.51855203619925
1,461,376,378.49773755656116
1,462,375,378.8361990950226
1,463,375,379.654298642534
1,464,386,380.93393665158385
1,465,386,382.6570135746606
1,466,387,384.7348416289594
1,467,387,386.03257918552055
1,468,386,387.14751131221726
1,469,387,387.84162895927614
1,470,387,387.8769230769232
1,471,387,387.2153846153846
1,472,387,387.20090497737556
1,473,388,387.1773755656111
1,474,388,387.3357466063349
1,475,387,387.4669683257919
1,476,387,387.36199095022636
1,477,387,387.35022624434396
1,478,387,387.4226244343892
1,479,388,387.44072398190053
1,480,388,387.404524886878
1,481,387,387.38190045248876
1,482,387,387.4407239819005
1,483,388,387.44253393665167
1,484,388,387.4488687782806
1,485,387,387.521266968326
1,486,387,387.521266968326
1,487,387,387.5167420814481
1,488,388,387.5755656108598
1,489,388,387.55927601809964
1,490,388,387.5294117647061
1,491,388,387.61538461538464
1,492,387,387.74660633484166
1,493,387,387.85520361990956
1,494,388,387.873303167421
1,495,388,387.87149321266986
1,496,388,387.85882352941184
1,497,388,387.85339366515853
1,498,388,387.7438914027151
1,499,388,387.62805429864267
1,500,387,387.26515837104085
1,501,387,386.75294117647064
1,502,386,386.25701357466073
1,503,386,385.8135746606336
1,504,385,385.329411764706
1,505,385,384.85238291120623
1,506,384,384.4565434565433
1,507,384,384.119769119769
1,508,384,383.87062937062956
1,509,384,383.59463869463883
1,510,383,383.378787878787
1,511,383,382.89393939393926
1,512,384,384.1122171945701
1,513,384,383.86787330316747
1,514,383,383.8144796380092
1,515,383,383.7610859728508
1,516,385,383.79638009049785
1,517,385,383.80904977375576
1,518,382,383.7583710407241
1,519,384,383.6036199095023
1,520,384,383.3719457013576
1,521,383,383.0904977375567
1,522,383,382.7185520361993
1,523,382,382.2153846153847
1,524,382,381.8850678733033
1,525,381,381.6316742081449
1,526,381,381.0850678733032
1,527,381,380.7520361990951
1,528,381,380.52760180995483
1,529,380,380.3095022624436
1,530,380,380.2660633484164
1,531,380,380.0859728506789
1,532,380,379.9963800904977
1,533,380,379.94751131221733
1,534,380,379.8895927601812
1,535,380,379.9113122171948
1,536,380,379.90135746606336
1,537,379,379.67782805429874
1,538,380,379.4588235294119
1,539,380,379.32398190045257
1,540,379,379.1529411764706
1,541,379,378.89321266968335
1,542,378,378.6923076923078
1,543,378,378.6298642533938
1,544,379,378.5855203619911
1,545,379,378.43891402714945
1,546,378,378.40814479638027
1,547,378,378.44072398190065
1,548,379,378.4162895927602
1,549,379,378.3438914027149
1,550,378,378.22352941176484
1,551,378,378.1167420814481
1,552,378,378.1529411764708
1,553,378,378.2615384615385
1,554,378,378.23348416289605
1,555,378,378.2597285067874
1,556,379,378.53122171945705
1,557,379,378.8389140271495
1,558,379,378.97375565610866
1,559,379,379.12669683257934
1,560,379,379.20904977375574
1,561,380,379.33212669683263
1,562,380,379.4687782805431
1,563,379,379.59185520361996
1,564,379,379.8832579185521
1,565,380,380.12488687782815
1,566,380,380.1665158371042
1,567,381,380.25791855203636
1,568,381,380.3013574660635
1,569,381,380.5375565610861
1,570,381,380.86877828054315
1,571,380,380.9882352941177
1,572,380,381.1891402714934
1,573,382,381.5556561085974
1,574,382,381.9719457013575
1,575,383,382.6018099547512
1,576,383,383.2090497737557
1,577,383,383.69592760181
1,578,385,384.1647058823531
1,579,385,384.44072398190065
1,580,385,384.54932126696843
1,581,385,384.65158371040735
1,582,384,384.7085972850681
1,583,384,384.8226244343893
1,584,385,384.89592760181023
1,585,385,384.9013574660635
1,586,385,385.08868778280555
1,587,385,385.2371040723983
1,588,386,385.466968325792
1,589,386,385.76018099547514
1,590,386,385.96018099547524
1,591,386,386.110407239819
1,592,386,386.3221719457014
1,593,386,386.5067873303169
1,594,387,386.64615384615394
1,595,387,386.72217194570146
1,596,387,386.7846153846155
1,597,387,386.88325791855215
1,598,387,387.00000000000006
1,599,387,387.1167420814481
1,600,387,387.28597285067883
1,601,387,387.3601809954753
1,602,387,387.39819004524895
1,603,388,387.45882352941186
1,604,388,387.53303167420825
1,605,388,387.61176470588236
1,606,388,387.756561085973
1,607,387,387.82895927601817
1,608,387,387.7583710407241
1,609,388,387.67420814479647
1,610,388,387.56742081447976
1,611,388,387.5674208144797
1,612,388,387.6036199095024
1,613,387,387.6760180995476
1,614,387,387.7140271493214
1,615,388,387.77918552036203
1,616,388,387.7945701357467
1,617,388,387.81900452488696
1,618,388,387.9113122171947
1,619,388,388.1330316742084
1,620,388,388.34570135746617
1,621,389,388.3402714932127
1,622,388,388.30769230769243
1,623,388,388.36832579185534
1,624,389,388.4425339366516
1,625,389,388.6624434389141
1,626,388,388.7601809954753
1,627,388,388.74479638009063
1,628,389,388.6253393665159
1,629,389,388.6199095022626
1,630,389,388.54932126696843
1,631,389,388.2434389140273
1,632,387,387.80633484162905
1,633,387,387.34208144796395
1,634,387,386.8190045248871
1,635,387,386.20542986425346
1,636,386,385.7466063348418
1,637,384,385.2877828054301
1,638,384,384.88325791855215
1,639,385,384.58733031674217
1,640,385,384.17737556561093
1,641,384,383.83076923076936
1,642,384,383.5837104072399
1,643,383,383.47239819004545
1,644,383,383.39457013574673
1,645,383,383.171040723982
1,646,383,382.9520361990951
1,647,383,382.88506787330317
1,648,383,382.84705882352944
1,649,383,382.91764705882366
1,650,383,383.0380090497739
1,651,383,383.07873303167435
1,652,383,383.11040723981915
1,653,383,383.1330316742082
1,654,383,383.2171945701358
1,655,384,383.23348416289593
1,656,383,383.19095022624447
1,657,383,383.09864253393675
1,658,383,382.96561085972866
1,659,383,382.8009049773756
1,660,383,382.61357466063356
1,661,382,382.41266968325806
1,662,382,382.2072398190046
1,663,382,382.1447963800906
1,664,382,382.03438914027174
1,665,382,382.0968325791857
1,666,382,382.0823529411766
1,667,382,382.0180995475115
1,668,382,381.9312217194571
1,669,382,381.7104072398191
1,670,382,381.44434389140287
1,671,382,381.1511312217196
1,672,380,380.8488687782806
1,673,380,380.62624434389147
1,674,380,380.3719457013576
1,675,380,380.11312217194586
1,676,380,379.8769230769232
1,677,380,379.69049773755665
1,678,380,379.51040723981924
1,679,380,379.4932126696834
1,680,379,379.3800904977376
1,681,379,379.3122171945702
1,682,379,379.2895927601811
1,683,379,379.3122171945702
1,684,379,379.3800904977376
1,685,380,379.4932126696833
1,686,380,379.65158371040724
1,687,380,379.8552036199097
1,688,380,380.0361990950228
1,689,380,380.1266968325794
1,690,380,380.1266968325794
1,691,380,380.0361990950228
1,692,380,379.7846153846155
1,693,380,379.639819004525
1,694,380,379.53122171945716
1,695,379,379.45882352941186
1,696,379,379.4932126696834
1,697,379,379.5049773755657
1,698,379,379.5031674208145
1,699,380,379.4968325791857
1,700,380,379.42443438914034
1,701,380,379.35384615384623
1,702,380,379.41447963800925
1,703,379,379.4588235294118
1,704,379,379.5393665158372
1,705,379,379.6380090497739
1,706,379,379.73665158371045
1,707,380,379.8850678733033
1,708,381,380.1330316742082
1,709,381,380.3918552036201
1,710,381,380.7728506787331
1,711,381,381.03981900452493
1,712,381,381.35656108597294
1,713,381,381.6778280542987
1,714,382,381.95837104072416
1,715,382,382.29140271493213
1,716,383,382.70859728506804
1,717,383,383.1122171945703
1,718,384,383.4751131221721
1,719,384,383.69954751131223
1,720,384,383.88778280543
1,721,384,384.07420814479656
1,722,384,384.23167420814485
1,723,384,384.2714932126699
1,724,384,384.31402714932136
1,725,384,384.20904977375574
1,726,385,384.1447963800906
1,727,385,384.17104072398206
1,728,384,384.26968325791876
1,729,384,384.4226244343893
1,730,384,384.61176470588236
1,731,384,384.8190045248871
1,732,385,384.95565610859734
1,733,386,385.1330316742082
1,734,386,385.53303167420825
1,735,386,385.93755656108596
1,736,386,386.1990950226244
1,737,386,386.3701357466064
1,738,386,386.36199095022636
1,739,387,386.28597285067883
1,740,387,386.3239819004526
1,741,386,386.3963800904978
1,742,386,386.3619909502263
1,743,386,386.35022624434396
1,744,386,386.35203619909527
1,745,387,386.28778280543
1,746,387,386.2778280542987
1,747,386,386.4425339366517
1,748,386,386.702262443439
1,749,387,386.9095022624436
1,750,387,387.1167420814481
1,751,387,387.3058823529412
1,752,388,387.45882352941186
1,753,388,387.69592760181007
1,754,388,387.9375565610862
1,755,388,388.1067873303169
1,756,388,388.1266968325793
1,757,388,388.1266968325793
1,758,388,388.0361990950227
1,759,388,387.85520361990956
1,760,388,387.72217194570135
1,761,388,387.56414174061194
1,762,387,387.3706293706294
1,763,387,387.15617715617697
1,764,387,386.9592074592078
1,765,387,386.85104895104905
1,766,387,386.9090909090901
1,767,387,387.03030303030295
1,768,388,386.35656108597294
1,769,388,386.68778280543006
1,770,387,387.04434389140283
1,771,387,387.3375565610861
1,772,388,387.6199095022626
1,773,388,387.74389140271506
1,774,387,387.5619909502263
1,775,387,387.12669683257934
1,776,387,386.9737556561087
1,777,387,386.83891402714954
1,778,387,386.7429864253395
1,779,386,386.5067873303169
1,780,386,386.3665158371042
1,781,386,386.15837104072403
1,782,386,385.7891402714933
1,783,386,385.3656108597287
1,784,386,384.99457013574664
1,785,384,384.58280542986444
1,786,384,384.1755656108598
1,787,383,383.75022624434405
1,788,383,383.2841628959275
1,789,383,382.8226244343892
1,790,383,382.41085972850686
1,791,382,382.0941176470588
1,792,382,381.91764705882366
1,793,382,381.7203619909503
1,794,381,381.5411764705883
1,795,381,381.2778280542988
1,796,381,381.0280542986426
1,797,381,380.81900452488696
1,798,381,380.6778280542988
1,799,381,380.49321266968343
1,800,380,380.3538461538464
1,801,380,380.27782805429877
1,802,380,380.1447963800906
1,803,380,380.0343891402715
1,804,380,379.95565610859734
1,805,380,379.9882352941178
1,806,380,380.01176470588246
1,807,380,379.9737556561086
1,808,380,379.88325791855215
1,809,380,379.88144796380107
1,810,380,379.8389140271495
1,811,380,379.7647058823531
1,812,379,379.7384615384617
1,813,379,379.63981900452495
1,814,380,379.5574660633484
1,815,380,379.38009049773774
1,816,379,379.1348416289594
1,817,379,378.8488687782806
1,818,379,378.4787330316744
1,819,378,378.18099547511326
1,820,378,377.90588235294126
1,821,377,377.60361990950236
1,822,377,377.3601809954752
1,823,377,377.2615384615385
1,824,377,377.1167420814482
1,825,378,377.1348416289594
1,826,378,377.31583710407244
1,827,377,377.521266968326
1,828,377,377.7420814479639
1,829,378,377.96018099547524
1,830,378,378.1484162895929
1,831,379,378.4090497737559
1,832,379,378.70588235294133
1,833,379,379.1411764705883
1,834,379,379.61719457013584
1,835,380,379.756561085973
1,836,380,379.98190045248884
1,837,381,380.43891402714945
1,838,381,380.87330316742083
1,839,381,381.3782805429865
1,840,381,381.84705882352955
1,841,381,382.1728506787331
1,842,384,382.44886877828066
1,843,384,382.7683257918554
1,844,383,383.0244343891404
1,845,383,383.31945701357483
1,846,383,383.55565610859725
1,847,383,383.70588235294133
1,848,384,383.74298642533955
1,849,384,383.63981900452507
1,850,384,383.78461538461545
1,851,384,383.9656108597286
1,852,384,384.04434389140283
1,853,384,384.0823529411765
1,854,384,384.0705882352942
1,855,384,384.0705882352942
1,856,384,384.0823529411765
1,857,384,384.04434389140283
1,858,384,383.9656108597286
1,859,384,383.92579185520367
1,860,384,383.80452488687797
1,861,384,384.04343891402715
1,862,383,383.88416289592766
1,863,383,383.3990950226246
1,864,383,382.73122171945715
1,865,383,381.82352941176475
1,866,382,380.33393665158377
1,867,382,379.1203619909503
1,868,376,378.0687782805431
1,869,376,377.46515837104084
1,870,376,377.0389140271494
1,871,375,377.1194570135747
1,872,375,377.6886877828055
1,873,381,378.72850678733045
1,874,381,380.01176470588246
1,875,383,381.71131221719463
1,876,383,382.8895927601811
1,877,385,384.00904977375575
1,878,385,384.9701357466065
1,879,385,385.5348416289594
1,880,385,385.5945701357467
1,881,386,386.0009049773757
1,882,386,386.266968325792
1,883,387,386.60633484162906
1,884,387,386.8325791855204
1,885,387,387.24796380090504
1,886,387,387.55475113122185
1,887,388,387.7348416289593
1,888,388,387.7701357466064
1,889,388,387.7104072398191
1,890,388,387.6054298642535
1,891,388,387.5755656108598
1,892,387,387.54117647058825
1,893,387,387.56380090497754
1,894,387,387.5049773755657
1,895,387,387.43257918552047
1,896,388,387.4144796380092
1,897,388,387.45067873303174
1,898,388,387.5411764705883
1,899,388,387.68597285067875
1,900,387,387.74660633484166
1,901,387,387.78461538461556
1,902,388,387.7909502262445
1,903,388,387.756561085973
1,904,388,387.88144796380107
1,905,388,387.96561085972854
1,906,388,388.01809954751127
1,907,388,388.04796380090517
1,908,388,387.9257918552038
1,909,388,387.72217194570135
1,910,388,387.5755656108598
1,911,387,387.4244343891405
1,912,387,387.2778280542988
1,913,387,387.14479638009055
1,914,387,387.03438914027157
1,915,387,386.95565610859745
1,916,387,386.98823529411766
1,917,387,387.01176470588246
1,918,387,386.97375565610866
1,919,387,386.88325791855215
1,920,387,386.9520361990952
1,921,387,386.921266968326
1,922,387,386.73846153846165
1,923,386,386.5511312217197
1,924,386,386.36832579185534
1,925,387,386.1990950226245
1,926,387,386.05248868778307
1,927,385,386.07873303167423
1,928,385,386.0280542986426
1,929,386,385.8570135746606
1,930,386,385.7221719457016
1,931,386,385.57375565610874
1,932,386,385.36199095022636
1,933,386,385.2434389140273
1,934,384,385.1746606334842
1,935,384,384.9764705882354
1,936,385,384.6696832579187
1,937,385,384.41085972850703
1,938,384,384.15656108597295
1,939,384,383.9339366515838
1,940,384,383.7701357466064
1,941,384,383.7628959276019
1,942,383,383.5330316742083
1,943,383,383.23981900452503
1,944,383,383.03981900452493
1,945,383,382.819004524887
1,946,383,382.6660633484164
1,947,383,382.531221719457
1,948,382,382.50316742081475
1,949,382,382.4705882352942
1,950,382,382.32217194570154
1,951,382,382.1466063348418
1,952,383,381.9619909502263
1,953,382,381.78642533936664
1,954,382,381.63800904977387
1,955,381,381.5348416289594
1,956,381,381.4271493212671
1,957,381,381.2651583710409
1,958,381,381.066968325792
1,959,381,380.8506787330318
1,960,381,380.7728506787332
1,961,381,380.65158371040735
1,962,381,380.5755656108597
1,963,380,380.49502262443457
1,964,380,380.36018099547516
1,965,380,380.18914027149344
1,966,380,380.0000000000001
1,967,380,379.81085972850695
1,968,380,379.63981900452495
1,969,380,379.50497737556566
1,970,379,379.42443438914034
1,971,379,379.27782805429865
1,972,379,379.14479638009055
1,973,379,379.0343891402716
1,974,379,378.9556561085974
1,975,379,378.91764705882366
1,976,379,378.929411764706
1,977,379,378.92941176470606
1,978,379,378.9176470588236
1,979,379,378.95565610859734
1,980,379,379.03438914027157
1,981,379,379.2153846153848
1,982,379,379.3601809954752
1,983,379,379.398190045249
1,984,380,379.4588235294119
1,985,380,379.5330316742082
1,986,380,379.6117647058825
1,987,380,379.68597285067875
1,988,379,379.67601809954755
1,989,379,379.702262443439
1,990,380,379.8171945701359
1,991,380,379.87330316742094
1,992,380,379.929411764706
1,993,380,380.04434389140283
1,994,380,380.20904977375574
1,995,381,380.4144796380092
1,996,381,380.44253393665167
1,997,380,380.47511312217205
1,998,380,380.6235294117649
1,999,381,380.7990950226245
1,1000,381,381.05429864253415
1,1001,381,381.2416289592761
1,1002,381,381.281447963801
1,1003,382,381.4325791855206
1,1004,382,381.6153846153848
1,1005,382,381.68235294117653
1,1006,382,381.68597285067875
1,1007,381,381.7466063348418
1,1008,381,381.71402714932134
1,1009,382,381.7085972850681
1,1010,382,381.64162895927615
1,1011,382,381.7628959276019
1,1012,382,381.9837104072399
1,1013,382,382.2153846153848
1,1014,382,382.5692307692309
1,1015,383,382.80904977375576
1,1016,383,383.09864253393675
1,1017,384,383.5090791561377
1,1018,384,383.9600399600398
1,1019,384,384.40792540792535
1,1020,385,384.8041958041961
1,1021,385,385.1662004662005
1,1022,386,385.67676767676693
1,1023,386,386.1515151515151
1,1024,386,385.3665158371041
1,1025,386,385.47873303167444
1,1026,386,385.6660633484164
1,1027,386,385.7782805429866
1,1028,386,385.935746606335
1,1029,386,386.12036199095036
1,1030,386,386.17556561085985
1,1031,386,386.1447963800906
1,1032,386,386.2072398190047
1,1033,386,386.34208144796395
1,1034,387,386.53122171945705
1,1035,387,386.756561085973
1,1036,387,387.00000000000006
1,1037,387,387.24343891402725
1,1038,387,387.46877828054306
1,1039,388,387.65791855203634
1,1040,388,387.72217194570135
1,1041,388,387.7728506787332
1,1042,388,387.92126696832577
1,1043,388,388.0787330316743
1,1044,388,388.22714932126706
1,1045,388,388.3484162895929
1,1046,388,388.4950226244345
1,1047,389,388.6579185520362
1,1048,389,388.7665158371041
1,1049,389,388.82081447963816
1,1050,389,388.75022624434405
1,1051,389,388.6841628959276
1,1052,389,388.6841628959276
1,1053,388,388.6117647058825
1,1054,388,388.46696832579204
1,1055,388,388.38823529411775
1,1056,388,388.3140271493214
1,1057,389,388.2533936651585
1,1058,389,388.2153846153848
1,1059,388,388.2090497737557
1,1060,388,388.24343891402725
1,1061,388,388.1891402714934
1,1062,388,388.116742081448
1,1063,388,388.02624434389156
1,1064,388,387.98823529411777
1,1065,388,388.01176470588234
1,1066,388,388.60904977375577
1,1067,388,388.62443438914045
1,1068,388,388.20995475113136
1,1069,388,387.3764705882354
1,1070,388,386.3348416289594
1,1071,387,384.7339366515838
1,1072,387,383.4226244343892
1,1073,379,382.34841628959293
1,1074,379,381.6588235294119
1,1075,379,381.50407239819015
1,1076,380,381.63438914027154
1,1077,380,382.0769230769232
1,1078,386,382.85882352941195
1,1079,386,383.8687782805431
1,1080,387,385.26606334841637
1,1081,387,385.83167420814493
1,1082,385,386.0850678733033
1,1083,385,385.9809954751133
1,1084,385,385.68325791855204
1,1085,385,384.95565610859745
1,1086,385,384.60180995475133
1,1087,384,384.2253393665158
1,1088,384,383.99185520362
1,1089,384,383.8669683257919
1,1090,384,383.6099547511313
1,1091,383,383.38009049773774
1,1092,383,383.2660633484164
1,1093,383,383.1565610859729
1,1094,383,383.0081447963802
1,1095,383,382.83891402714937
1,1096,383,382.7285067873304
1,1097,383,382.68597285067887
1,1098,383,382.72036199095027
1,1099,382,382.77285067873316
1,1100,382,382.7846153846155
1,1101,383,382.76470588235304
1,1102,383,382.7221719457014
1,1103,383,382.8072398190047
1,1104,383,382.77013574660646
1,1105,383,382.5674208144797
1,1106,382,382.35565610859743
1,1107,382,382.08506787330316
1,1108,382,381.7058823529413
1,1109,382,381.3040723981901
1,1110,380,380.96561085972866
1,1111,380,380.779185520362
1,1112,381,380.633484162896
1,1113,381,380.55565610859736
1,1114,380,380.43438914027155
1,1115,380,380.35837104072414
1,1116,381,380.3457013574663
1,1117,381,380.4144796380092
1,1118,380,380.30588235294135
1,1119,380,380.2316742081449
1,1120,380,380.20090497737567
1,1121,380,380.1610859728508
1,1122,380,379.9918552036199
1,1123,380,379.7728506787331
1,1124,380,379.65158371040724
1,1125,380,379.5755656108599
1,1126,379,379.42443438914034
1,1127,379,379.27782805429865
1,1128,379,379.14479638009055
1,1129,379,379.0343891402716
1,1130,379,378.9556561085974
1,1131,379,378.91764705882366
1,1132,379,378.929411764706
1,1133,379,379.0000000000001
1,1134,379,379.0000000000001
1,1135,379,379.0000000000001
1,1136,379,379.0000000000001
1,1137,379,379.0000000000001
1,1138,379,379.0000000000001
1,1139,379,379.0000000000001
1,1140,379,379.0000000000001
1,1141,379,379.0000000000001
1,1142,379,379.0000000000001
1,1143,379,379.0000000000001
1,1144,379,379.0000000000001
1,1145,379,379.0000000000001
1,1146,379,379.0000000000001
1,1147,379,378.92941176470606
1,1148,379,378.9176470588236
1,1149,379,378.95565610859734
1,1150,379,379.03438914027157
1,1151,379,379.1447963800906
1,1152,379,379.2778280542988
1,1153,379,379.42443438914046
1,1154,380,379.5755656108599
1,1155,380,379.65158371040724
1,1156,380,379.77285067873316
1,1157,380,379.9212669683258
1,1158,380,380.0787330316744
1,1159,380,380.156561085973
1,1160,380,380.26606334841654
1,1161,380,380.3800904977376
1,1162,381,380.6099547511313
1,1163,381,380.93755656108596
1,1164,381,381.14479638009067
1,1165,381,381.3520361990951
1,1166,382,381.5411764705883
1,1167,382,381.694117647059
1,1168,382,381.7927601809956
1,1169,382,381.819004524887
1,1170,381,381.89321266968335
1,1171,382,381.93574660633504
1,1172,382,381.9375565610861
1,1173,382,381.8895927601811
1,1174,382,381.92126696832594
1,1175,382,381.9619909502264
1,1176,382,382.01176470588246
1,1177,382,382.0705882352943
1,1178,382,381.85882352941184
1,1179,382,381.83529411764727
1,1180,382,381.98190045248873
1,1181,382,382.1511312217196
1,1182,382,382.33393665158377
1,1183,382,382.52126696832585
1,1184,382,382.633484162896
1,1185,384,382.79095022624455
1,1186,384,382.9049773755657
1,1187,383,383.08687782805447
1,1188,383,383.38009049773774
1,1189,383,383.6280542986427
1,1190,383,383.7420814479639
1,1191,384,383.7628959276019
1,1192,384,383.79276018099563
1,1193,385,384.1429864253395
1,1194,385,384.5248868778281
1,1195,384,384.7203619909502
1,1196,384,384.91131221719473
1,1197,385,385.0705882352943
1,1198,386,385.171040723982
1,1199,386,385.3239819004526
1,1200,385,385.4407239819006
1,1201,385,385.6416289592761
1,1202,386,385.8470588235295
1,1203,386,385.9095022624436
1,1204,386,385.881447963801
1,1205,386,385.81266968325804
1,1206,386,385.89140271493216
1,1207,386,386.0380090497739
1,1208,386,386.10497737556574
1,1209,386,386.1447963800906
1,1210,386,386.27782805429877
1,1211,386,386.4244343891404
1,1212,387,386.5755656108599
1,1213,387,386.72217194570146
1,1214,387,386.8552036199096
1,1215,387,386.96561085972854
1,1216,387,387.04434389140283
1,1217,387,387.0823529411765
1,1218,387,387.0705882352942
1,1219,387,387.0000000000001
1,1220,387,387.0000000000001
1,1221,387,387.0000000000001
1,1222,387,386.92941176470606
1,1223,387,386.9176470588237
1,1224,387,387.02624434389156
1,1225,387,387.1167420814481
1,1226,387,387.1891402714934
1,1227,387,387.2434389140273
1,1228,387,387.27963800904996
1,1229,388,387.2977375565611
1,1230,388,387.22714932126706
1,1231,387,387.1972850678734
1,1232,387,387.26968325791864
1,1233,387,387.3058823529413
1,1234,387,387.30588235294135
1,1235,387,387.34027149321275
1,1236,387,387.27963800904996
1,1237,388,387.2714932126699
1,1238,388,387.26334841628966
1,1239,387,387.1348416289594
1,1240,387,386.9656108597285
1,1241,387,386.7647058823531
1,1242,386,386.5411764705883
1,1243,386,386.37466063348427
1,1244,386,386.14479638009055
1,1245,386,386.00814479638024
1,1246,386,385.92126696832594
1,1247,386,385.8434389140273
1,1248,386,385.7339366515838
1,1249,386,385.6199095022626
1,1250,385,385.39004524886883
1,1251,385,385.1330316742082
1,1252,385,384.8669683257919
1,1253,385,384.6805429864254
1,1254,384,384.46244343891414
1,1255,384,384.2398190045249
1,1256,384,384.03981900452504
1,1257,384,383.88959276018096
1,1258,384,383.67782805429874
1,1259,384,383.4932126696834
1,1260,383,383.4244343891403
1,1261,383,383.3601809954753
1,1262,383,383.18914027149333
1,1263,383,383.0
1,1264,383,382.88144796380107
1,1265,383,382.7221719457014
1,1266,383,382.5493212669685
1,1267,382,382.39004524886883
1,1268,382,382.13303167420815
1,1269,382,381.866968325792
1,1270,382,381.6099547511313
1,1271,381,381.45067873303174
1,1272,381,381.27782805429877
1,1273,381,381.1550802139035
1,1274,381,381.0699300699299
1,1275,381,380.9783549783548
1,1276,381,380.9300699300702
1,1277,381,380.82191142191147
1,1278,380,380.3888888888882
1,1279,380,379.8636363636362
1,1280,380,382.0642533936653
1,1281,380,381.31040723981914
1,1282,380,380.7040723981902
1,1283,381,380.2904977375568
1,1284,381,379.985520361991
1,1285,379,379.8434389140272
1,1286,380,379.78009049773766
1,1287,380,379.98190045248873
1,1288,380,379.81085972850684
1,1289,380,379.4968325791856
1,1290,379,379.1873303167423
1,1291,379,379.02986425339367
1,1292,379,378.9719457013575
1,1293,379,378.7547511312218
1,1294,378,378.65791855203634
1,1295,378,378.6904977375567
1,1296,379,378.7321266968327
1,1297,379,378.7303167420814
1,1298,379,378.69411764705893
1,1299,379,378.7647058823529
1,1300,379,378.8126696832581
1,1301,379,378.77647058823544
1,1302,378,378.7266968325793
1,1303,378,378.59547511312235
1,1304,379,378.45067873303185
1,1305,379,378.36018099547516
1,1306,378,378.3239819004526
1,1307,378,378.34208144796395
1,1308,379,378.41447963800925
1,1309,378,378.54117647058837
1,1310,378,378.51312217194584
1,1311,379,378.5212669683259
1,1312,379,378.68597285067887
1,1313,379,378.92760180995487
1,1314,379,379.0986425339367
1,1315,379,379.2515837104074
1,1316,379,379.50678733031697
1,1317,380,379.64615384615394
1,1318,380,379.7221719457015
1,1319,380,379.8552036199097
1,1320,380,379.8950226244345
1,1321,380,379.9619909502264
1,1322,380,379.9674208144797
1,1323,380,380.0226244343893
1,1324,380,380.10045248868784
1,1325,380,380.3122171945703
1,1326,380,380.49864253393685
1,1327,381,380.771040723982
1,1328,381,381.1022624434391
1,1329,382,381.46515837104084
1,1330,382,381.83257918552044
1,1331,382,382.17737556561104
1,1332,382,382.47239819004534
1,1333,383,382.69049773755665
1,1334,383,382.80452488687797
1,1335,383,382.9257918552037
1,1336,383,382.96561085972866
1,1337,383,383.04434389140283
1,1338,383,383.0823529411765
1,1339,383,383.0
1,1340,383,382.91764705882366
1,1341,383,382.95565610859745
1,1342,383,383.03438914027157
1,1343,383,383.07420814479644
1,1344,383,383.1954751131223
1,1345,383,383.38009049773774
1,1346,384,383.60995475113134
1,1347,384,383.79638009049785
1,1348,384,384.05067873303176
1,1349,384,384.34570135746617
1,1350,385,384.58371040723995
1,1351,385,384.866968325792
1,1352,385,385.2298642533937
1,1353,385,385.50678733031685
1,1354,386,385.73846153846165
1,1355,386,385.96561085972866
1,1356,386,386.16108597285074
1,1357,387,386.29773755656123
1,1358,387,386.55746606334856
1,1359,386,386.72217194570146
1,1360,386,386.7828054298644
1,1361,387,386.7303167420816
1,1362,387,386.6235294117648
1,1363,387,386.5212669683259
1,1364,387,386.41447963800914
1,1365,386,386.4325791855204
1,1366,386,386.5049773755657
1,1367,386,386.4932126696835
1,1368,386,386.529411764706
1,1369,387,386.5429864253395
1,1370,387,386.6018099547512
1,1371,387,386.7058823529413
1,1372,387,386.8552036199097
1,1373,387,386.9113122171946
1,1374,387,386.935746606335
1,1375,386,386.99004524886897
1,1376,387,386.935746606335
1,1377,387,386.9113122171946
1,1378,387,386.8552036199097
1,1379,387,386.77647058823527
1,1380,387,386.6841628959277
1,1381,387,386.5873303167423
1,1382,386,386.49502262443445
1,1383,386,386.34841628959293
1,1384,386,386.22714932126706
1,1385,386,386.07873303167423
1,1386,386,385.92126696832594
1,1387,386,385.7728506787331
1,1388,386,385.65158371040735
1,1389,386,385.57556561085977
1,1390,385,385.49502262443445
1,1391,385,385.3601809954753
1,1392,385,385.2597285067873
1,1393,385,385.08235294117645
1,1394,385,384.8552036199096
1,1395,385,384.6054298642535
1,1396,385,384.2895927601811
1,1397,384,384.0642533936653
1,1398,384,383.8796380090498
1,1399,383,383.68597285067887
1,1400,383,383.50135746606344
1,1401,383,383.3438914027151
1,1402,383,383.23167420814485
1,1403,384,383.18280542986423
1,1404,384,383.35656108597294
1,1405,383,383.3737556561088
1,1406,383,383.33212669683274
1,1407,383,383.1203619909503
1,1408,383,382.82714932126703
1,1409,383,382.4705882352944
1,1410,383,382.0687782805431
1,1411,381,381.77828054298647
1,1412,381,381.55565610859736
1,1413,381,381.3601809954753
1,1414,381,381.1511312217195
1,1415,381,380.9556561085974
1,1416,381,380.80090497737564
1,1417,381,380.7140271493214
1,1418,381,380.72217194570146
1,1419,381,380.50497737556583
1,1420,380,380.34208144796395
1,1421,380,380.3040723981901
1,1422,380,380.2615384615385
1,1423,380,380.2235294117648
1,1424,380,380.19909502262453
1,1425,380,380.26787330316745
1,1426,381,380.3095022624436
1,1427,381,380.3420814479639
1,1428,380,380.24524886877845
1,1429,380,380.09864253393675
1,1430,380,379.9113122171946
1,1431,380,379.69230769230774
1,1432,379,379.4506787330318
1,1433,379,379.1954751131223
1,1434,379,379.0742081447965
1,1435,379,379.0343891402716
1,1436,379,378.9556561085974
1,1437,379,378.91764705882366
1,1438,379,378.929411764706
1,1439,379,379.0000000000001
1,1440,379,379.07058823529417
1,1441,379,379.08235294117657
1,1442,379,378.9737556561088
1,1443,379,378.88325791855215
1,1444,379,378.81085972850695
1,1445,379,378.756561085973
1,1446,379,378.72036199095027
1,1447,378,378.702262443439
1,1448,378,378.702262443439
1,1449,379,378.7203619909504
1,1450,379,378.756561085973
1,1451,379,378.8108597285068
1,1452,379,378.8832579185521
1,1453,379,378.9737556561087
1,1454,379,379.0823529411766
1,1455,379,379.07058823529417
1,1456,379,379.0000000000001
1,1457,379,379.0000000000001
1,1458,379,379.0000000000001
1,1459,379,378.92941176470606
1,1460,379,378.9176470588236
1,1461,379,378.95565610859734
1,1462,379,379.03438914027157
1,1463,379,379.1447963800906
1,1464,379,379.2778280542988
1,1465,379,379.42443438914046
1,1466,380,379.5755656108599
1,1467,380,379.65158371040724
1,1468,380,379.77285067873316
1,1469,380,379.9918552036201
1,1470,380,380.16108597285074
1,1471,380,380.20090497737567
1,1472,380,380.23167420814497
1,1473,380,380.23529411764713
1,1474,381,380.3321266968327
1,1475,381,380.79547511312234
1,1476,380,380.9692307692309
1,1477,380,380.88959276018113
1,1478,381,380.59276018099564
1,1479,381,380.1149321266969
1,1480,381,379.06877828054314
1,1481,381,378.266968325792
1,1482,376,377.82986425339385
1,1483,376,377.67782805429874
1,1484,376,377.5927601809956
1,1485,376,377.756561085973
1,1486,376,378.3511312217195
1,1487,382,379.15837104072403
1,1488,382,380.0280542986426
1,1489,382,381.2099547511313
1,1490,382,381.9846153846155
1,1491,383,382.63257918552046
1,1492,383,382.9402714932128
1,1493,382,383.0941176470589
1,1494,382,383.07420814479644
1,1495,384,383.49140271493235
1,1496,384,383.8244343891403
1,1497,384,384.17556561085985
1,1498,384,384.579185520362
1,1499,386,385.00814479638024
1,1500,386,385.3031674208146
1,1501,385,385.43710407239814
1,1502,385,385.44434389140287
1,1503,386,385.5656108597287
1,1504,386,385.6416289592761
1,1505,385,385.654298642534
1,1506,385,385.58552036199114
1,1507,386,385.69411764705904
1,1508,386,385.8389140271495
1,1509,386,385.81085972850695
1,1510,386,385.8009049773756
1,1511,386,386.0000000000001
1,1512,386,386.19909502262453
1,1513,386,386.18914027149333
1,1514,386,386.16108597285074
1,1515,386,386.2352941176472
1,1516,387,386.33212669683274
1,1517,387,386.4425339366517
1,1518,386,386.5574660633485
1,1519,386,386.73846153846165
1,1520,387,386.8470588235296
1,1521,387,386.8126696832581
1,1522,387,386.7647058823531
1,1523,387,386.694117647059
1,1524,387,386.80090497737564
1,1525,387,386.8850678733032
1,1526,386,386.74660633484183
1,1527,386,386.5855203619911
1,1528,387,386.53122171945716
1,1529,387,386.4934477287415
1,1530,387,386.4975024975023
1,1531,386,386.5453435453434
1,1532,386,386.59090909090935
1,1533,387,386.4997668997669
1,1534,387,386.6767676767667
1,1535,387,387.1666666666664
1,1536,387,385.473303167421
1,1537,386,385.6597285067874
1,1538,386,386.0144796380091
1,1539,386,386.3194570135747
1,1540,386,386.56561085972845
1,1541,387,386.7438914027152
1,1542,387,386.7067873303169
1,1543,387,386.5067873303169
1,1544,387,386.6117647058825
1,1545,386,386.5511312217196
1,1546,386,386.3339366515838
1,1547,386,386.0986425339367
1,1548,386,385.84524886877847
1,1549,386,385.7122171945703
1,1550,386,385.6380090497738
1,1551,385,385.63167420814506
1,1552,385,385.7022624434389
1,1553,386,385.7203619909504
1,1554,386,385.756561085973
1,1555,386,385.8108597285068
1,1556,386,385.8832579185521
1,1557,386,385.97375565610866
1,1558,386,386.0823529411765
1,1559,386,386.0705882352942
1,1560,386,386.00000000000006
1,1561,386,386.0705882352942
1,1562,386,386.08235294117657
1,1563,386,386.0443438914028
1,1564,386,385.96561085972866
1,1565,386,385.85520361990956
1,1566,386,385.7221719457014
1,1567,386,385.57556561085977
1,1568,385,385.49502262443445
1,1569,385,385.3601809954753
1,1570,385,385.1185520361992
1,1571,385,384.9176470588237
1,1572,385,384.8371040723983
1,1573,385,384.7565610859729
1,1574,385,384.62352941176476
1,1575,384,384.58552036199103
1,1576,384,384.51312217194584
1,1577,385,384.4769230769232
1,1578,385,384.54751131221735
1,1579,384,384.59547511312235
1,1580,384,384.68507962625597
1,1581,385,384.80319680319667
1,1582,385,384.8487068487069
1,1583,385,384.8403263403264
1,1584,385,384.89254079254096
1,1585,384,384.56060606060515
1,1586,384,383.83333333333326
2,0,385,383.83529411764715
2,1,385,383.92488687782804
2,2,385,384.1013574660634
2,3,385,384.2262443438915
2,4,385,384.1674208144797
2,5,382,383.9248868778281
2,6,382,383.63076923076926
2,7,384,383.1466063348418
2,8,384,382.88778280542994
2,9,382,382.59909502262457
2,10,382,382.4371040723982
2,11,383,382.41990950226256
2,12,383,382.56561085972857
2,13,382,382.4769230769232
2,14,382,382.35656108597306
2,15,382,382.47239819004534
2,16,383,382.6923076923078
2,17,383,382.6778280542987
2,18,383,382.6904977375567
2,19,383,382.85067873303177
2,20,383,383.07873303167435
2,21,383,383.1565610859729
2,22,383,383.2660633484164
2,23,383,383.4506787330319
2,24,384,383.6923076923078
2,25,384,383.8407239819006
2,26,384,384.0162895927603
2,27,384,384.20090497737567
2,28,385,384.37647058823546
2,29,385,384.45429864253407
2,30,384,384.5457013574661
2,31,384,384.6235294117647
2,32,385,384.8696832579187
2,33,385,385.0660633484164
2,34,385,385.2036199095023
2,35,385,385.273303167421
2,36,386,385.3339366515838
2,37,386,385.44434389140287
2,38,386,385.3864253393666
2,39,385,385.3420814479638
2,40,385,385.4932126696833
2,41,385,385.6217194570136
2,42,385,385.5773755656109
2,43,386,385.60995475113134
2,44,386,385.8307692307693
2,45,387,386.1511312217195
2,46,387,386.55294117647065
2,47,386,386.8796380090499
2,48,386,387.10407239819017
2,49,388,387.3285067873305
2,50,388,387.5873303167421
2,51,388,387.85339366515853
2,52,388,387.96742081447974
2,53,388,388.2497737556561
2,54,388,388.48235294117654
2,55,389,388.4470588235295
2,56,389,388.32579185520376
2,57,388,388.43891402714945
2,58,388,388.50678733031697
2,59,389,388.529411764706
2,60,388,388.50678733031697
2,61,388,388.3683257918554
2,62,389,388.2434389140273
2,63,389,388.2615384615386
2,64,388,388.35203619909515
2,65,388,388.37647058823546
2,66,388,388.39638009049776
2,67,388,388.5411764705883
2,68,389,388.6018099547512
2,69,389,388.7104072398191
2,70,389,388.86696832579196
2,71,389,389.00995475113143
2,72,389,389.0805429864256
2,73,389,389.01990950226246
2,74,389,388.76651583710424
2,75,389,388.45882352941175
2,76,388,388.2352941176472
2,77,388,388.0343891402715
2,78,388,387.86515837104076
2,79,387,387.73665158371045
2,80,387,387.72850678733045
2,81,388,387.7203619909504
2,82,388,387.80090497737575
2,83,388,387.85882352941184
2,84,388,388.0651583710408
2,85,388,387.99095022624437
2,86,388,387.76108597285076
2,87,387,387.16199095022625
2,88,387,386.31855203619915
2,89,386,385.4235294117649
2,90,386,384.46968325791863
2,91,382,383.1674208144798
2,92,382,382.22714932126695
2,93,381,381.73755656108597
2,94,381,381.5873303167422
2,95,381,381.6651583710409
2,96,381,382.0597285067874
2,97,381,382.65067873303184
2,98,386,383.6588235294119
2,99,386,384.2805429864255
2,100,385,384.78914027149335
2,101,385,385.03710407239834
2,102,385,385.2180995475114
2,103,385,385.0552036199096
2,104,385,384.4778280542987
2,105,383,383.61538461538464
2,106,383,383.2217194570137
2,107,383,382.85067873303177
2,108,383,382.40904977375584
2,109,381,382.0036199095023
2,110,381,381.74117647058836
2,111,382,381.5285067873305
2,112,382,381.3402714932128
2,113,381,381.0742081447965
2,114,381,380.88959276018113
2,115,381,380.80452488687797
2,116,381,380.90769230769234
2,117,380,380.8108597285069
2,118,380,380.6642533936653
2,119,381,380.6153846153846
2,120,381,380.6117647058825
2,121,381,380.462443438914
2,122,381,380.3764705882354
2,123,380,380.49502262443445
2,124,380,380.5592760180997
2,125,380,380.51945701357477
2,126,380,380.3257918552037
2,127,380,380.0642533936653
2,128,381,379.82081447963805
2,129,381,379.61357466063356
2,130,379,379.460633484163
2,131,379,379.24162895927617
2,132,378,379.0361990950227
2,133,378,378.8533936651584
2,134,379,378.702262443439
2,135,379,378.59185520361996
2,136,379,378.6696832579186
2,137,379,378.8832579185521
2,138,379,378.9031674208145
2,139,379,379.00000000000017
2,140,379,379.0262443438915
2,141,379,379.03438914027157
2,142,379,379.0742081447965
2,143,379,379.19547511312226
2,144,379,379.3095022624436
2,145,380,379.5276018099549
2,146,380,379.82262443438924
2,147,380,380.16742081447967
2,148,380,380.53484162895927
2,149,381,380.8977375565611
2,150,381,381.2289592760182
2,151,382,381.50135746606344
2,152,382,381.617194570136
2,153,382,381.8171945701359
2,154,382,381.9330316742082
2,155,382,382.06696832579195
2,156,382,382.1828054298644
2,157,382,382.38280542986433
2,158,382,382.63981900452507
2,159,383,382.935746606335
2,160,383,383.19095022624447
2,161,384,383.39638009049776
2,162,384,383.5429864253395
2,163,384,383.62171945701357
2,164,384,383.62352941176476
2,165,383,383.46877828054306
2,166,383,383.2778280542987
2,167,383,383.0298642533937
2,168,383,382.9040723981902
2,169,383,383.01176470588246
2,170,383,383.2642533936652
2,171,383,383.64343891402723
2,172,384,384.1312217194572
2,173,384,384.5004524886879
2,174,386,384.92398190045253
2,175,386,385.29502262443447
2,176,386,385.7067873303168
2,177,386,386.1140271493214
2,178,386,386.47149321266977
2,179,386,386.73393665158375
2,180,387,386.9945701357468
2,181,387,387.1466063348418
2,182,388,387.4307692307693
2,183,388,387.68778280543
2,184,388,387.82895927601817
2,185,388,387.9656108597286
2,186,388,388.14117647058833
2,187,388,388.1990950226246
2,188,388,388.2597285067874
2,189,388,388.24343891402725
2,190,388,388.20904977375557
2,191,389,388.2153846153848
2,192,389,388.2533936651585
2,193,388,388.3140271493214
2,194,388,388.4588235294118
2,195,388,388.5493212669684
2,196,388,388.5855203619911
2,197,389,388.56742081447976
2,198,389,388.4950226244345
2,199,389,388.50678733031697
2,200,389,388.54117647058837
2,201,388,388.4687782805431
2,202,388,388.3601809954751
2,203,388,388.2153846153847
2,204,388,388.03438914027157
2,205,388,387.9556561085974
2,206,388,387.91764705882366
2,207,388,387.929411764706
2,208,388,388.0000000000001
2,209,388,388.07058823529417
2,210,388,388.08235294117657
2,211,388,388.0443438914028
2,212,388,387.96561085972854
2,213,388,387.92579185520367
2,214,388,387.8045248868779
2,215,388,387.6199095022625
2,216,387,387.39004524886894
2,217,387,387.13303167420815
2,218,387,386.8669683257919
2,219,387,386.6805429864254
2,220,386,386.46244343891414
2,221,386,386.31040723981914
2,222,386,386.1221719457015
2,223,386,385.93393665158374
2,224,386,385.7140271493213
2,225,386,385.4307692307693
2,226,385,385.19095022624435
2,227,385,384.9013574660634
2,228,384,384.4687782805431
2,229,384,384.0000000000001
2,230,384,383.6018099547512
2,231,383,383.1809954751132
2,232,383,382.7828054298645
2,233,382,382.45248868778293
2,234,382,382.0968325791856
2,235,382,381.82262443438924
2,236,382,381.5276018099549
2,237,381,381.3095022624436
2,238,381,381.19547511312226
2,239,381,381.0742081447965
2,240,381,381.1049773755658
2,241,381,380.9674208144798
2,242,381,380.8796380090499
2,243,381,380.92126696832577
2,244,381,380.9719457013576
2,245,381,380.9113122171947
2,246,381,380.81900452488696
2,247,380,380.70407239819025
2,248,381,380.57556561085977
2,249,381,380.43562320032885
2,250,380,380.28871128871117
2,251,380,380.1502941502941
2,252,380,380.03379953379965
2,253,380,379.92937062937057
2,254,380,379.82828282828206
2,255,380,380.03030303030295
2,256,380,380.6877828054299
2,257,380,380.1574660633486
2,258,379,379.6316742081448
2,259,379,379.2760180995476
2,260,379,379.0561085972852
2,261,379,378.8696832579186
2,262,379,378.7438914027151
2,263,379,378.83529411764715
2,264,379,378.9556561085974
2,265,379,379.116742081448
2,266,379,379.18914027149333
2,267,379,379.2434389140273
2,268,379,379.20904977375574
2,269,380,379.2153846153847
2,270,380,379.32398190045257
2,271,379,379.39638009049776
2,272,379,379.3619909502264
2,273,379,379.350226244344
2,274,379,379.35203619909515
2,275,380,379.35837104072414
2,276,380,379.2895927601811
2,277,379,379.4045248868778
2,278,379,379.6941176470589
2,279,380,379.88144796380107
2,280,380,380.02805429864276
2,281,380,380.12488687782815
2,282,380,380.1628959276019
2,283,381,380.27149321266984
2,284,381,380.3800904977377
2,285,380,380.4208144796382
2,286,380,380.3257918552037
2,287,380,380.23348416289605
2,288,380,380.01176470588246
2,289,380,379.79909502262456
2,290,380,379.8072398190046
2,291,380,379.7864253393666
2,292,379,379.702262443439
2,293,379,379.4524886877828
2,294,379,379.1348416289593
2,295,380,378.4235294117648
2,296,380,377.99276018099556
2,297,377,377.7538461538462
2,298,377,377.8180995475115
2,299,377,378.1583710407241
2,300,377,378.6090497737557
2,301,377,379.20452488687783
2,302,382,379.9085972850679
2,303,382,380.75294117647076
2,304,383,381.76923076923094
2,305,383,382.5058823529413
2,306,383,383.11131221719467
2,307,383,383.4515837104074
2,308,383,383.5927601809956
2,309,383,383.4624434389141
2,310,384,383.68054298642545
2,311,384,383.8669683257919
2,312,384,384.06244343891416
2,313,384,384.30769230769243
2,314,385,384.57556561085977
2,315,385,384.8389140271494
2,316,385,385.0705882352942
2,317,385,385.2434389140273
2,318,385,385.46877828054306
2,319,386,385.6579185520363
2,320,386,385.7221719457014
2,321,386,385.77285067873316
2,322,386,385.99185520362
2,323,386,386.1610859728508
2,324,386,386.2009049773758
2,325,386,386.23167420814485
2,326,386,386.2352941176472
2,327,387,386.33212669683274
2,328,387,386.3719457013575
2,329,386,386.475113122172
2,330,386,386.6235294117648
2,331,387,386.7990950226246
2,332,387,386.91312217194576
2,333,387,387.07692307692315
2,334,387,387.3339366515838
2,335,388,387.66606334841646
2,336,388,387.9936651583712
2,337,388,388.16923076923075
2,338,388,388.24524886877845
2,339,389,388.3420814479639
2,340,389,388.3800904977376
2,341,388,388.3502262443439
2,342,388,388.24343891402725
2,343,388,388.25972850678744
2,344,388,388.1990950226245
2,345,388,388.0705882352942
2,346,388,387.8832579185521
2,347,388,387.7846153846155
2,348,388,387.72217194570135
2,349,388,387.5755656108598
2,350,387,387.4244343891405
2,351,387,387.2778280542988
2,352,387,387.14479638009055
2,353,387,387.03438914027157
2,354,387,386.95565610859745
2,355,387,386.84705882352955
2,356,387,386.9176470588237
2,357,387,387.0380090497738
2,358,387,387.0787330316743
2,359,387,387.1104072398191
2,360,387,387.1330316742082
2,361,387,387.1466063348418
2,362,388,387.15113122171954
2,363,387,387.1466063348417
2,364,387,387.1330316742082
2,365,387,387.1104072398191
2,366,387,387.2199095022626
2,367,387,387.2027149321268
2,368,387,387.0769230769232
2,369,387,386.8606334841629
2,370,387,386.63981900452495
2,371,387,386.3619909502263
2,372,387,386.17737556561093
2,373,385,385.9656108597286
2,374,385,385.7447963800906
2,375,385,385.5330316742083
2,376,385,385.419004524887
2,377,386,385.22081447963814
2,378,386,385.0950226244345
2,379,385,385.13031674208156
2,380,385,385.21538461538466
2,381,385,385.10045248868784
2,382,385,384.93574660633504
2,383,384,384.80090497737564
2,384,385,384.5755656108598
2,385,385,384.4162895927603
2,386,384,384.2796380090498
2,387,384,384.12488687782815
2,388,384,383.91131221719473
2,389,384,383.6660633484164
2,390,383,383.41628959276017
2,391,383,383.0506787330318
2,392,383,382.7963800904979
2,393,383,382.60995475113134
2,394,382,382.38009049773774
2,395,382,382.1954751131223
2,396,382,382.0742081447965
2,397,382,381.9638009049775
2,398,382,381.8733031674209
2,399,382,381.943891402715
2,400,382,382.04615384615386
2,401,382,382.1891402714934
2,402,382,382.2434389140273
2,403,382,382.27963800904985
2,404,383,382.2977375565613
2,405,383,382.2977375565612
2,406,382,382.35022624434396
2,407,382,382.32579185520376
2,408,382,382.23348416289605
2,409,382,382.0823529411766
2,410,382,381.9520361990952
2,411,382,381.7221719457015
2,412,382,381.54932126696855
2,413,381,381.39004524886894
2,414,381,381.1330316742083
2,415,381,380.86696832579196
2,416,381,380.6099547511314
2,417,380,380.3800904977376
2,418,380,380.1954751131222
2,419,380,380.0742081447965
2,420,380,380.1049773755658
2,421,380,380.0380090497738
2,422,380,379.9619909502263
2,423,380,379.82443438914044
2,424,380,379.7728506787331
2,425,380,379.74841628959285
2,426,380,379.69230769230774
2,427,379,379.61357466063356
2,428,379,379.5212669683259
2,429,379,379.35384615384635
2,430,380,379.2497737556562
2,431,380,379.2796380090499
2,432,379,379.3140271493214
2,433,379,379.36199095022647
2,434,379,379.43257918552047
2,435,379,379.39638009049787
2,436,380,379.32398190045257
2,437,380,379.1447963800906
2,438,379,379.1266968325794
2,439,379,379.2696832579186
2,440,379,379.30588235294124
2,441,379,379.3058823529413
2,442,379,379.2696832579187
2,443,379,379.19728506787334
2,444,380,379.2271493212671
2,445,380,379.2977375565611
2,446,379,379.1384615384617
2,447,379,379.0787330316743
2,448,379,379.10045248868784
2,449,379,379.18552036199094
2,450,379,379.31583710407256
2,451,379,379.473303167421
2,452,379,379.7782805429866
2,453,381,380.15113122171954
2,454,381,380.3737556561088
2,455,381,380.62805429864255
2,456,381,380.9574660633485
2,457,381,381.20542986425346
2,458,381,381.2832579185522
2,459,381,381.37285067873324
2,460,381,381.3176470588236
2,461,382,381.3058823529413
2,462,382,381.3257918552037
2,463,381,381.3683257918553
2,464,381,381.42443438914034
2,465,382,381.4850678733033
2,466,381,381.5411764705884
2,467,381,381.5131221719458
2,468,382,381.52126696832596
2,469,382,381.68597285067887
2,470,382,381.92760180995487
2,471,382,382.0986425339367
2,472,382,382.2515837104073
2,473,382,382.50678733031685
2,474,383,382.64615384615394
2,475,383,382.5809954751131
2,476,383,382.6904977375567
2,477,383,383.0180995475115
2,478,383,383.2778280542988
2,479,383,383.460633484163
2,480,383,383.55746606334844
2,481,383,383.5592760180996
2,482,385,383.5954751131223
2,483,385,383.5248868778283
2,484,383,383.406334841629
2,485,383,383.3601809954753
2,486,383,383.36832579185534
2,487,383,383.41266968325795
2,488,383,383.47511312217205
2,489,383,383.53755656108603
2,490,384,383.858823529412
2,491,385,384.2977375565612
2,492,385,384.57737556561096
2,493,385,384.750226244344
2,494,385,384.92760180995487
2,495,385,385.85882352941195
2,496,385,386.09321266968334
2,497,385,385.7031674208147
2,498,385,384.8995475113123
2,499,385,383.8316742081448
2,500,386,381.74298642533944
2,501,386,380.1475113122173
2,502,375,378.89502262443455
2,503,375,378.2352941176473
2,504,375,378.21176470588244
2,505,375,378.2908855850029
2,506,375,379.5304695304694
2,507,386,382.3061383061381
2,508,386,386.0594405594407
2,509,388,388.07808857808857
2,510,388,389.0050505050496
2,511,387,386.2575757575756
2,512,387,385.1393665158372
2,513,387,385.91493212669695
2,514,387,386.61809954751135
2,515,388,387.3330316742082
2,516,388,387.943891402715
2,517,388,388.26696832579205
2,518,388,388.31855203619926
2,519,388,388.0443438914029
2,520,388,388.0823529411767
2,521,388,388.14117647058845
2,522,388,388.08235294117657
2,523,388,387.9737556561087
2,524,388,387.88325791855215
2,525,388,387.81085972850684
2,526,388,387.7565610859731
2,527,388,387.79095022624443
2,528,387,387.71402714932145
2,529,387,387.66425339366526
2,530,388,387.64162895927615
2,531,388,387.64615384615405
2,532,388,387.7484162895929
2,533,388,387.819004524887
2,534,387,387.79638009049785
2,535,388,387.81900452488696
2,536,388,387.8190045248871
2,537,388,387.72850678733045
2,538,388,387.7565610859731
2,539,387,387.7122171945702
2,540,387,387.6135746606335
2,541,388,387.4787330316743
2,542,388,387.25791855203636
2,543,387,387.039819004525
2,544,387,386.78099547511323
2,545,386,386.50859728506794
2,546,386,386.39095022624446
2,547,386,385.98733031674226
2,548,386,385.5339366515839
2,549,385,385.2669683257918
2,550,385,385.0226244343892
2,551,385,384.77828054298647
2,552,385,384.51131221719464
2,553,383,384.12850678733037
2,554,384,383.73665158371045
2,555,384,383.37194570135756
2,556,383,383.0705882352943
2,557,383,382.80090497737564
2,558,382,382.53122171945716
2,559,382,382.2977375565613
2,560,382,382.1366515837105
2,561,382,381.8072398190047
2,562,382,381.6072398190047
2,563,382,381.5638009049775
2,564,381,381.43619909502274
2,565,381,381.3221719457015
2,566,381,381.1104072398191
2,567,381,380.9601809954752
2,568,381,380.76018099547514
2,569,381,380.46696832579204
2,570,380,380.3076923076924
2,571,380,380.171040723982
2,572,380,379.87511312217214
2,573,380,379.6380090497738
2,574,379,379.5393665158373
2,575,379,379.45882352941186
2,576,380,379.343891402715
2,577,379,379.342081447964
2,578,379,379.32398190045257
2,579,380,379.3601809954752
2,580,380,379.5212669683259
2,581,379,379.67782805429874
2,582,379,379.62986425339375
2,583,380,379.577375565611
2,584,380,379.7203619909503
2,585,380,379.7203619909503
2,586,380,379.64796380090513
2,587,379,379.64162895927603
2,588,379,379.6398190045249
2,589,380,379.4425339366516
2,590,380,379.24977375565624
2,591,379,379.2615384615387
2,592,379,379.27782805429877
2,593,379,379.23710407239827
2,594,379,379.27782805429877
2,595,379,379.19095022624435
2,596,380,379.16742081447967
2,597,380,379.3276018099549
2,598,379,379.59185520361996
2,599,379,379.81266968325804
2,600,380,380.04253393665175
2,601,380,380.2633484162897
2,602,381,380.45701357466083
2,603,381,380.6054298642535
2,604,381,380.8289592760181
2,605,381,381.0479638009051
2,606,381,381.11493212669694
2,607,381,381.0823529411767
2,608,381,381.07058823529417
2,609,381,380.9294117647059
2,610,381,380.91764705882366
2,611,381,380.9556561085974
2,612,381,380.96380090497746
2,613,381,381.06244343891404
2,614,381,381.23348416289605
2,615,381,381.45882352941186
2,616,382,381.72036199095015
2,617,382,382.0000000000001
2,618,382,382.20904977375574
2,619,383,382.458823529412
2,620,383,382.65158371040735
2,621,383,382.889592760181
2,622,383,383.20723981900466
2,623,383,383.43891402714945
2,624,383,383.55475113122185
2,625,384,383.72488687782817
2,626,384,383.9131221719459
2,627,385,384.22171945701376
2,628,385,384.55294117647065
2,629,384,384.87963800904987
2,630,384,385.1040723981901
2,631,386,385.32850678733047
2,632,386,385.51674208144806
2,633,386,385.77104072398214
2,634,386,385.9936651583711
2,635,386,386.29592760181004
2,636,386,386.5891402714933
2,637,387,386.716742081448
2,638,387,386.72217194570146
2,639,387,386.8552036199096
2,640,387,386.96561085972854
2,641,387,387.04434389140283
2,642,387,387.0823529411765
2,643,387,387.0705882352942
2,644,387,387.0000000000001
2,645,387,387.0000000000001
2,646,387,387.0000000000001
2,647,387,387.0000000000001
2,648,387,387.0000000000001
2,649,387,387.0000000000001
2,650,387,387.0000000000001
2,651,387,386.92941176470606
2,652,387,386.9176470588237
2,653,387,386.95565610859745
2,654,387,387.03438914027146
2,655,387,387.1447963800906
2,656,387,387.27782805429877
2,657,387,387.42443438914034
2,658,388,387.5755656108598
2,659,388,387.72217194570146
2,660,388,387.85520361990956
2,661,388,387.96561085972866
2,662,388,387.9737556561087
2,663,388,388.00000000000017
2,664,388,388.0968325791856
2,665,388,388.11674208144797
2,666,388,388.1891402714934
2,667,388,388.24343891402725
2,668,388,388.27963800904996
2,669,389,388.2977375565611
2,670,389,388.2977375565611
2,671,388,388.27963800904996
2,672,388,388.3140271493214
2,673,388,388.34208144796384
2,674,388,388.24343891402725
2,675,388,388.1067873303168
2,676,388,387.8208144796382
2,677,388,387.5511312217196
2,678,388,387.2633484162897
2,679,387,386.92579185520367
2,680,386,386.5067873303169
2,681,386,386.04253393665164
2,682,385,385.56923076923084
2,683,385,385.123076923077
2,684,385,384.74027149321284
2,685,385,384.45701357466083
2,686,384,384.30950226244363
2,687,384,384.2660633484164
2,688,384,384.1565610859729
2,689,384,384.0081447963801
2,690,384,383.8389140271494
2,691,384,383.7990950226246
2,692,384,383.8389140271493
2,693,384,383.8470588235295
2,694,383,383.7828054298644
2,695,383,383.6054298642536
2,696,384,383.34208144796395
2,697,384,383.01990950226264
2,698,383,382.7366515837105
2,699,382,382.39004524886883
2,700,382,381.94570135746625
2,701,381,381.56923076923096
2,702,381,381.14932126696846
2,703,381,380.77466063348425
2,704,381,380.6018099547512
2,705,380,380.7285067873304
2,706,380,380.7846153846155
2,707,381,380.73846153846165
2,708,381,380.6877828054299
2,709,381,380.52126696832585
2,710,381,380.32760180995484
2,711,381,380.0542986425341
2,712,379,379.84886877828075
2,713,379,379.5819004524888
2,714,379,379.32398190045257
2,715,379,379.21357466063364
2,716,379,379.18914027149333
2,717,379,379.1185520361991
2,718,380,379.26968325791864
2,719,380,379.7040723981902
2,720,380,380.00633484162904
2,721,380,380.22895927601814
2,722,380,380.4832579185521
2,723,380,380.8126696832581
2,724,382,381.060633484163
2,725,382,381.20904977375574
2,726,381,381.37828054298654
2,727,381,381.4886877828056
2,728,382,381.6018099547513
2,729,382,381.5791855203621
2,730,381,381.2796380090499
2,731,381,380.9619909502263
2,732,381,380.9556561085974
2,733,381,380.9900452488688
2,734,381,380.8651583710409
2,735,380,380.78099547511323
2,736,380,380.866968325792
2,737,382,381.05248868778295
2,738,382,381.0579185520362
2,739,381,381.20361990950244
2,740,381,381.4624434389141
2,741,382,381.80723981900474
2,742,382,382.0696832579187
2,743,382,382.34298642533946
2,744,382,382.7846153846155
2,745,384,383.35837104072414
2,746,384,383.83438914027164
2,747,384,384.18552036199094
2,748,384,384.44615384615395
2,749,386,384.7185520361993
2,750,386,384.90497737556564
2,751,384,384.9076923076924
2,752,384,384.8289592760183
2,753,385,384.9095022624437
2,754,385,384.9900452488689
2,755,385,385.05248868778295
2,756,385,385.0787330316743
2,757,385,385.1864253393666
2,758,386,385.49321266968326
2,759,386,385.7040723981902
2,760,386,385.92398190045253
2,761,386,386.20520655814755
2,762,386,386.5094905094903
2,763,386,386.8320568320568
2,764,388,387.20979020979024
2,765,388,387.77668997668997
2,766,388,388.1515151515144
2,767,388,387.90909090909076
2,768,388,385.57013574660647
2,769,388,386.35927601809965
2,770,388,386.9782805429866
2,771,388,387.6407239819005
2,772,388,388.22171945701376
2,773,388,388.5285067873304
2,774,388,388.56832579185533
2,775,388,388.2778280542988
2,776,388,388.3538461538463
2,777,389,388.4932126696833
2,778,389,388.74841628959285
2,779,389,388.9719457013576
2,780,389,389.22533936651587
2,781,389,389.37013574660654
2,782,389,389.47692307692324
2,783,390,389.41628959276034
2,784,390,389.1972850678734
2,785,389,388.96742081447974
2,786,389,388.74479638009063
2,787,388,388.41809954751136
2,788,388,388.01447963800916
2,789,387,387.702262443439
2,790,387,387.2497737556562
2,791,387,386.84072398190057
2,792,387,386.4588235294119
2,793,386,386.0199095022626
2,794,386,385.63981900452507
2,795,386,385.15475113122176
2,796,384,384.80090497737564
2,797,384,384.5375565610861
2,798,384,384.3239819004527
2,799,384,384.18733031674213
2,800,384,384.15475113122193
2,801,384,384.11493212669694
2,802,385,384.15656108597295
2,803,385,384.2977375565611
2,804,384,384.2796380090498
2,805,384,384.2434389140272
2,806,384,384.1891402714934
2,807,384,384.1167420814481
2,808,384,384.0262443438915
2,809,384,383.9176470588236
2,810,384,383.92941176470606
2,811,384,384.0705882352942
2,812,384,384.0823529411765
2,813,384,384.04434389140283
2,814,384,384.0361990950229
2,815,384,383.937556561086
2,816,384,383.7665158371041
2,817,384,383.5411764705883
2,818,383,383.27963800904996
2,819,383,383.00000000000006
2,820,383,382.79095022624443
2,821,382,382.54117647058837
2,822,382,382.41900452488704
2,823,382,382.1927601809955
2,824,382,381.83710407239835
2,825,382,381.52669683257926
2,826,382,381.1592760180998
2,827,381,380.9737556561088
2,828,381,380.7384615384617
2,829,379,380.2895927601811
2,830,379,379.86334841628974
2,831,380,379.41628959276034
2,832,380,379.10497737556574
2,833,380,378.9475113122173
2,834,378,378.96199095022627
2,835,378,379.0280542986427
2,836,379,379.225339366516
2,837,379,379.35656108597294
2,838,380,379.42443438914034
2,839,380,379.49683257918565
2,840,380,379.6416289592761
2,841,380,379.8588235294119
2,842,380,379.8714932126698
2,843,380,379.80271493212683
2,844,379,379.7728506787331
2,845,379,379.702262443439
2,846,380,379.7203619909503
2,847,380,379.7565610859729
2,848,380,379.8108597285069
2,849,380,379.88325791855215
2,850,380,379.9737556561086
2,851,380,380.0823529411766
2,852,380,380.0705882352943
2,853,380,380.00000000000006
2,854,380,380.00000000000006
2,855,380,380.00000000000006
2,856,380,379.9294117647061
2,857,380,379.91764705882366
2,858,380,380.02624434389156
2,859,380,380.1167420814481
2,860,380,380.1891402714933
2,861,380,380.24343891402725
2,862,380,380.2796380090499
2,863,381,380.29773755656123
2,864,381,380.3683257918552
2,865,380,380.36199095022636
2,866,380,380.28778280542997
2,867,380,380.1547511312218
2,868,380,379.9013574660633
2,869,380,379.6660633484164
2,870,380,379.4488687782806
2,871,379,379.3882352941178
2,872,379,379.42262443438926
2,873,379,379.3520361990951
2,874,379,379.37647058823535
2,875,380,379.48687782805433
2,876,380,379.67420814479647
2,877,380,379.85882352941195
2,878,380,380.1610859728508
2,879,380,380.35384615384635
2,880,381,380.6099547511313
2,881,381,380.8226244343892
2,882,381,381.0850678733033
2,883,381,381.41990950226256
2,884,382,381.84977375565626
2,885,382,382.25882352941187
2,886,383,382.73122171945715
2,887,383,383.21266968325796
2,888,384,383.7873303167422
2,889,384,384.33936651583724
2,890,385,384.8235294117648
2,891,385,385.1239819004525
2,892,386,385.46334841628965
2,893,386,385.7963800904979
2,894,386,386.08687782805447
2,895,386,386.23710407239827
2,896,386,386.28778280542997
2,897,386,386.2796380090499
2,898,387,386.3239819004526
2,899,387,386.33212669683263
2,900,386,386.3538461538463
2,901,386,386.4389140271494
2,902,386,386.5692307692308
2,903,387,386.7972850678734
2,904,387,386.9755656108599
2,905,387,387.87149321266975
2,906,387,388.1909502262444
2,907,388,387.96289592760195
2,908,388,387.0778280542987
2,909,388,385.8262443438915
2,910,387,383.5131221719458
2,911,387,381.7819004524888
2,912,376,380.5529411764706
2,913,376,379.8171945701359
2,914,376,379.5656108597287
2,915,377,379.92760180995487
2,916,377,380.83257918552044
2,917,388,382.2099547511314
2,918,388,384.05067873303176
2,919,388,386.47782805429875
2,920,388,387.82081447963805
2,921,388,388.8180995475114
2,922,388,389.2316742081448
2,923,388,389.10045248868784
2,924,389,388.2633484162897
2,925,389,388.2235294117647
2,926,388,388.0841628959277
2,927,388,387.8633484162897
2,928,387,387.57918552036205
2,929,387,387.24977375565624
2,930,387,386.8932126696833
2,931,387,386.5276018099549
2,932,386,386.3095022624435
2,933,386,386.1954751131223
2,934,386,386.07420814479656
2,935,386,386.0343891402716
2,936,386,385.95565610859734
2,937,386,385.9176470588236
2,938,386,385.92941176470606
2,939,386,386.00000000000006
2,940,386,385.9294117647059
2,941,386,385.91764705882366
2,942,386,386.09683257918556
2,943,386,386.1990950226245
2,944,386,386.3040723981902
2,945,386,386.2914027149322
2,946,386,386.1791855203621
2,947,387,385.98552036199106
2,948,387,385.79909502262456
2,949,385,385.50859728506805
2,950,385,385.1411764705883
2,951,384,384.72398190045254
2,952,384,384.28416289592775
2,953,384,383.84886877828075
2,954,384,383.44524886877844
2,955,383,383.23891402714946
2,956,383,383.2660633484164
2,957,383,383.22714932126706
2,958,383,383.1610859728508
2,959,383,382.8950226244345
2,960,383,382.6561085972852
2,961,383,382.5330316742082
2,962,383,382.41447963800914
2,963,382,382.2597285067874
2,964,381,382.02805429864264
2,965,381,381.74660633484183
2,966,382,381.44253393665167
2,967,382,381.2135746606336
2,968,381,380.9574660633485
2,969,381,380.639819004525
2,970,380,380.4262443438914
2,971,380,380.27601809954757
2,972,380,380.00995475113143
2,973,380,379.7167420814481
2,974,379,379.55294117647065
2,975,379,379.4751131221721
2,976,380,379.3719457013575
2,977,380,379.33212669683274
2,978,379,379.23529411764713
2,979,379,379.16108597285086
2,980,379,379.11855203619916
2,981,379,379.11674208144814
2,982,379,378.9556561085974
2,983,379,378.83529411764715
2,984,379,378.9556561085974
2,985,379,379.116742081448
2,986,379,379.18914027149333
2,987,379,379.2434389140273
2,988,379,379.27963800904996
2,989,380,379.29773755656123
2,990,380,379.2271493212671
2,991,379,379.19728506787334
2,992,379,379.1285067873305
2,993,379,379.14117647058833
2,994,379,379.28778280543
2,995,379,379.4208144796381
2,996,379,379.460633484163
2,997,380,379.66606334841634
2,998,380,379.9574660633485
2,999,381,380.1873303167422
2,1000,381,380.33755656108616
2,1001,380,380.59004524886893
2,1002,380,380.78823529411767
2,1003,381,380.8434389140273
2,1004,381,380.866968325792
2,1005,381,380.97013574660645
2,1006,381,381.06425339366524
2,1007,382,381.26968325791876
2,1008,381,381.50678733031685
2,1009,381,381.55746606334856
2,1010,382,381.60361990950236
2,1011,382,381.68597285067887
2,1012,382,381.8452488687784
2,1013,382,382.05429864253404
2,1014,382,382.28597285067883
2,1015,382,382.6515837104073
2,1016,383,382.9239819004526
2,1017,383,383.1903978374565
2,1018,384,383.55444555444535
2,1019,384,383.8918858918858
2,1020,384,384.11538461538487
2,1021,384,384.13776223776233
2,1022,384,384.01010101010024
2,1023,384,383.9696969696967
2,1024,384,383.3683257918553
2,1025,384,383.78280542986437
2,1026,384,384.1972850678734
2,1027,385,384.71402714932134
2,1028,385,385.23529411764713
2,1029,386,385.59547511312223
2,1030,386,385.8289592760182
2,1031,386,385.89954751131245
2,1032,386,385.9773755656109
2,1033,386,386.03257918552055
2,1034,386,385.96742081447974
2,1035,386,386.02262443438934
2,1036,386,386.1710407239819
2,1037,386,386.39457013574685
2,1038,386,386.5429864253395
2,1039,387,386.7366515837105
2,1040,387,386.9574660633485
2,1041,388,387.1873303167421
2,1042,388,387.4081447963802
2,1043,387,387.6018099547513
2,1044,387,387.7502262443439
2,1045,388,387.83529411764715
2,1046,388,387.8389140271495
2,1047,388,387.881447963801
2,1048,388,387.883257918552
2,1049,388,387.9737556561087
2,1050,388,388.0823529411767
2,1051,388,388.00000000000017
2,1052,388,387.9176470588237
2,1053,388,387.9556561085974
2,1054,388,388.03438914027157
2,1055,388,388.2153846153847
2,1056,388,388.3601809954752
2,1057,388,388.4687782805431
2,1058,389,388.54117647058837
2,1059,389,388.577375565611
2,1060,389,388.5773755656109
2,1061,389,388.54117647058837
2,1062,388,388.4687782805431
2,1063,388,388.3601809954751
2,1064,388,388.2153846153847
2,1065,388,388.03438914027157
2,1066,388,388.02624434389156
2,1067,388,388.00000000000017
2,1068,388,387.9737556561087
2,1069,388,387.96561085972854
2,1070,388,387.7846153846155
2,1071,388,387.639819004525
2,1072,388,387.6018099547512
2,1073,387,387.5411764705884
2,1074,387,387.3963800904978
2,1075,387,387.30588235294135
2,1076,387,387.3402714932129
2,1077,388,387.37013574660654
2,1078,388,387.4751131221721
2,1079,387,387.53484162895927
2,1080,387,387.56742081447976
2,1081,388,387.452488687783
2,1082,388,387.2696832579187
2,1083,387,387.0280542986426
2,1084,387,386.7366515837105
2,1085,386,386.54298642533945
2,1086,386,386.46515837104084
2,1087,386,386.2533936651585
2,1088,386,385.9963800904979
2,1089,386,385.8506787330317
2,1090,386,385.7728506787331
2,1091,386,385.65158371040735
2,1092,386,385.57556561085977
2,1093,385,385.49502262443445
2,1094,385,385.3601809954753
2,1095,385,385.18914027149333
2,1096,385,385.0000000000001
2,1097,385,384.9520361990951
2,1098,385,384.80452488687786
2,1099,385,384.5936651583712
2,1100,384,384.3556561085974
2,1101,384,383.9882352941178
2,1102,384,383.58914027149336
2,1103,384,383.18552036199105
2,1104,382,382.80452488687797
2,1105,382,382.47330316742097
2,1106,382,382.219004524887
2,1107,382,382.0687782805431
2,1108,382,381.98190045248884
2,1109,382,381.9176470588235
2,1110,382,381.9031674208146
2,1111,382,381.96561085972866
2,1112,382,381.8552036199097
2,1113,382,381.72217194570146
2,1114,382,381.5755656108598
2,1115,381,381.49502262443445
2,1116,381,381.3601809954753
2,1117,381,381.18914027149333
2,1118,381,381.0000000000001
2,1119,381,380.81085972850695
2,1120,381,380.639819004525
2,1121,381,380.5049773755657
2,1122,380,380.49502262443457
2,1123,380,380.36018099547516
2,1124,380,380.18914027149344
2,1125,380,380.0000000000001
2,1126,380,379.81085972850695
2,1127,380,379.63981900452495
2,1128,380,379.50497737556566
2,1129,379,379.42443438914034
2,1130,379,379.34841628959293
2,1131,379,379.2271493212671
2,1132,379,378.93755656108607
2,1133,379,378.75656108597303
2,1134,379,378.7547511312219
2,1135,379,378.80271493212683
2,1136,379,378.83891402714954
2,1137,378,378.9339366515839
2,1138,378,379.0199095022626
2,1139,380,379.09683257918556
2,1140,380,379.164705882353
2,1141,379,379.22352941176484
2,1142,379,379.27330316742086
2,1143,380,379.3140271493214
2,1144,379,379.3457013574661
2,1145,379,379.22986425339377
2,1146,379,379.0280542986427
2,1147,379,379.00814479638024
2,1148,379,379.03800904977385
2,1149,379,378.9882352941177
2,1150,379,378.929411764706
2,1151,379,378.92941176470606
2,1152,379,378.9176470588236
2,1153,379,378.95565610859734
2,1154,379,379.03438914027157
2,1155,379,379.1447963800906
2,1156,379,379.2072398190047
2,1157,379,379.342081447964
2,1158,380,379.6018099547512
2,1159,380,379.8389140271494
2,1160,380,379.9737556561087
2,1161,380,380.1266968325793
2,1162,380,380.2796380090499
2,1163,381,380.4144796380092
2,1164,381,380.51312217194584
2,1165,380,380.5574660633485
2,1166,380,380.7384615384617
2,1167,381,380.8470588235296
2,1168,381,380.74208144796387
2,1169,381,380.6823529411766
2,1170,381,380.57918552036216
2,1171,381,380.68235294117653
2,1172,381,381.04434389140283
2,1173,380,381.2497737556563
2,1174,380,381.21900452488694
2,1175,382,381.3402714932128
2,1176,382,381.5248868778281
2,1177,383,381.75475113122184
2,1178,383,382.01176470588246
2,1179,381,382.2778280542988
2,1180,381,382.5348416289594
2,1181,383,382.6262443438915
2,1182,383,382.59547511312235
2,1183,383,382.6923076923078
2,1184,383,382.7665158371042
2,1185,383,382.8769230769233
2,1186,383,383.0823529411766
2,1187,383,383.09683257918556
2,1188,383,383.03438914027157
2,1189,383,383.14479638009055
2,1190,383,383.2778280542987
2,1191,383,383.3538461538463
2,1192,384,383.4932126696835
2,1193,384,383.74841628959285
2,1194,384,383.9719457013575
2,1195,384,384.0135746606336
2,1196,384,384.123076923077
2,1197,384,384.34389140271503
2,1198,385,384.5194570135747
2,1199,385,384.5610859728508
2,1200,384,384.71855203619924
2,1201,384,384.9031674208146
2,1202,386,385.0968325791857
2,1203,386,385.3520361990952
2,1204,385,385.3800904977377
2,1205,385,385.4307692307694
2,1206,386,385.6859728506788
2,1207,386,385.9276018099548
2,1208,386,385.937556561086
2,1209,386,385.89773755656114
2,1210,385,386.1285067873304
2,1211,387,386.35022624434384
2,1212,387,386.35384615384623
2,1213,386,386.33031674208144
2,1214,386,386.40000000000015
2,1215,387,386.4832579185521
2,1216,387,386.5710407239819
2,1217,386,386.654298642534
2,1218,386,386.58552036199114
2,1219,387,386.6941176470588
2,1220,387,386.8389140271494
2,1221,387,386.881447963801
2,1222,387,386.88325791855215
2,1223,387,386.9737556561087
2,1224,387,387.0823529411765
2,1225,387,387.0705882352942
2,1226,387,387.0000000000001
2,1227,387,387.0000000000001
2,1228,387,387.0000000000001
2,1229,387,387.0705882352942
2,1230,387,387.0823529411767
2,1231,387,387.04434389140295
2,1232,387,386.9656108597286
2,1233,387,386.7846153846156
2,1234,387,386.63981900452495
2,1235,387,386.53122171945716
2,1236,386,386.458823529412
2,1237,386,386.4226244343893
2,1238,386,386.4226244343893
2,1239,386,386.529411764706
2,1240,387,386.61357466063356
2,1241,387,386.6841628959278
2,1242,387,386.75022624434393
2,1243,387,386.75022624434393
2,1244,387,386.6841628959276
2,1245,387,386.61357466063373
2,1246,386,386.5294117647061
2,1247,386,386.4226244343893
2,1248,386,386.4932126696833
2,1249,386,386.5411764705883
2,1250,387,386.5049773755657
2,1251,387,386.5230769230769
2,1252,387,386.6660633484164
2,1253,387,386.804524886878
2,1254,387,386.80904977375576
2,1255,386,386.75022624434393
2,1256,386,386.69864253393655
2,1257,387,386.5248868778281
2,1258,387,386.30588235294124
2,1259,386,386.11855203619916
2,1260,386,386.04253393665175
2,1261,386,385.95746606334853
2,1262,386,385.95203619909523
2,1263,385,385.7764705882354
2,1264,385,385.5194570135748
2,1265,386,385.3375565610861
2,1266,386,385.1873303167422
2,1267,385,384.9574660633484
2,1268,385,384.7366515837106
2,1269,384,384.5429864253395
2,1270,384,384.3945701357468
2,1271,384,384.17104072398195
2,1272,384,383.9520361990952
2,1273,384,383.90756302520987
2,1274,384,383.95604395604386
2,1275,384,384.0146520146519
2,1276,384,384.00000000000045
2,1277,384,384.0000000000001
2,1278,384,383.9999999999991
2,1279,384,383.9999999999999
2,1280,384,383.233484162896
2,1281,384,383.3257918552038
2,1282,384,383.35022624434396
2,1283,384,383.50678733031685
2,1284,383,383.5954751131222
2,1285,383,383.48687782805445
2,1286,383,383.2515837104074
2,1287,383,382.8895927601811
2,1288,383,382.6778280542987
2,1289,383,382.49321266968326
2,1290,382,382.3538461538463
2,1291,382,382.2778280542989
2,1292,382,382.1447963800906
2,1293,382,382.03438914027174
2,1294,382,381.95565610859745
2,1295,382,381.9176470588237
2,1296,382,381.929411764706
2,1297,382,382.0000000000002
2,1298,382,382.0000000000002
2,1299,382,382.0000000000002
2,1300,382,382.0705882352942
2,1301,382,382.0823529411765
2,1302,382,382.0443438914028
2,1303,382,381.96561085972866
2,1304,382,381.9257918552037
2,1305,382,381.804524886878
2,1306,382,381.6199095022626
2,1307,381,381.39004524886894
2,1308,381,381.1330316742083
2,1309,381,380.86696832579196
2,1310,381,380.6099547511314
2,1311,380,380.3800904977376
2,1312,380,380.1954751131222
2,1313,380,380.0742081447965
2,1314,380,380.0343891402715
2,1315,380,379.95565610859734
2,1316,380,379.91764705882366
2,1317,380,379.929411764706
2,1318,380,380.00000000000006
2,1319,380,380.00000000000006
2,1320,380,380.00000000000006
2,1321,380,380.07058823529417
2,1322,380,380.08235294117674
2,1323,380,380.0443438914028
2,1324,380,379.9656108597286
2,1325,380,379.8552036199097
2,1326,380,379.7221719457015
2,1327,380,379.64615384615394
2,1328,379,379.5067873303169
2,1329,379,379.3221719457015
2,1330,379,379.1104072398192
2,1331,379,378.8895927601811
2,1332,379,378.6778280542988
2,1333,379,378.4226244343892
2,1334,378,378.2714932126698
2,1335,378,378.23348416289605
2,1336,378,378.1791855203622
2,1337,378,378.1791855203621
2,1338,378,378.23348416289605
2,1339,378,378.3420814479639
2,1340,379,378.5049773755657
2,1341,379,378.7221719457014
2,1342,379,378.92579185520367
2,1343,379,379.04796380090517
2,1344,379,379.08868778280555
2,1345,379,379.04796380090505
2,1346,379,378.9257918552035
2,1347,379,378.7221719457014
2,1348,379,378.50497737556566
2,1349,378,378.3420814479639
2,1350,378,378.30407239819016
2,1351,378,378.2615384615385
2,1352,378,378.1529411764706
2,1353,378,378.1167420814481
2,1354,378,378.1529411764706
2,1355,379,378.2615384615385
2,1356,379,378.4425339366517
2,1357,378,378.5574660633485
2,1358,378,378.5972850678733
2,1359,379,378.68235294117653
2,1360,379,378.79457013574665
2,1361,379,378.91583710407247
2,1362,379,379.02805429864264
2,1363,379,379.2515837104074
2,1364,379,379.50678733031697
2,1365,380,379.57556561085994
2,1366,380,379.639819004525
2,1367,380,379.74027149321273
2,1368,380,379.91764705882366
2,1369,380,380.1447963800906
2,1370,380,380.3945701357468
2,1371,380,380.7104072398192
2,1372,381,380.93574660633493
2,1373,381,381.1909502262444
2,1374,382,381.3963800904978
2,1375,382,381.4723981900453
2,1376,382,381.5393665158373
2,1377,382,381.5791855203621
2,1378,381,381.5737556561087
2,1379,381,381.50497737556566
2,1380,381,381.5638009049775
2,1381,381,381.54117647058837
2,1382,382,381.43438914027155
2,1383,382,381.4407239819005
2,1384,382,381.6217194570136
2,1385,382,381.83891402714937
2,1386,382,381.8832579185522
2,1387,381,381.9457013574661
2,1388,381,382.0081447963802
2,1389,383,382.05248868778284
2,1390,383,382.1285067873304
2,1391,382,382.28597285067883
2,1392,382,382.50678733031674
2,1393,383,382.77285067873316
2,1394,383,383.06606334841644
2,1395,383,383.2298642533937
2,1396,383,383.2371040723983
2,1397,384,383.4669683257919
2,1398,384,383.76018099547525
2,1399,384,383.9601809954753
2,1400,384,384.03981900452504
2,1401,384,384.31040723981914
2,1402,384,384.5447963800906
2,1403,385,384.65429864253406
2,1404,385,384.7502262443441
2,1405,385,385.01447963800916
2,1406,385,385.2289592760182
2,1407,386,385.3140271493213
2,1408,385,385.39004524886883
2,1409,385,385.5095022624435
2,1410,386,385.5248868778282
2,1411,386,385.42443438914046
2,1412,385,385.39638009049787
2,1413,385,385.4932126696834
2,1414,386,385.5674208144796
2,1415,386,385.7484162895929
2,1416,385,385.8271493212672
2,1417,385,385.79457013574677
2,1418,387,385.98009049773765
2,1419,387,386.1746606334843
2,1420,386,386.1692307692309
2,1421,386,386.1547511312218
2,1422,386,386.3221719457014
2,1423,386,386.4624434389142
2,1424,387,386.36651583710426
2,1425,386,386.22533936651587
2,1426,386,386.36832579185534
2,1427,387,386.52488687782807
2,1428,387,386.5656108597286
2,1429,386,386.56108597285083
2,1430,386,386.51131221719464
2,1431,387,386.4162895927603
2,1432,387,386.2733031674209
2,1433,386,386.1411764705882
2,1434,386,386.1429864253395
2,1435,386,386.26968325791864
2,1436,386,386.45067873303174
2,1437,386,386.5475113122173
2,1438,386,386.62171945701357
2,1439,388,386.80271493212683
2,1440,388,387.0199095022626
2,1441,387,387.1348416289594
2,1442,387,387.20904977375574
2,1443,387,387.23348416289605
2,1444,387,387.2696832579187
2,1445,387,387.1791855203622
2,1446,387,386.9619909502264
2,1447,387,386.8950226244345
2,1448,387,386.8552036199096
2,1449,387,386.72217194570146
2,1450,387,386.5755656108598
2,1451,386,386.42443438914034
2,1452,386,386.27782805429877
2,1453,386,386.14479638009055
2,1454,386,386.0343891402716
2,1455,386,385.95565610859734
2,1456,386,385.9176470588236
2,1457,386,386.0000000000001
2,1458,386,386.08235294117657
2,1459,386,386.0443438914028
2,1460,386,385.96561085972866
2,1461,386,385.85520361990956
2,1462,386,385.7221719457014
2,1463,386,385.57556561085977
2,1464,385,385.4244343891404
2,1465,385,385.2778280542987
2,1466,385,385.14479638009067
2,1467,385,385.1049773755657
2,1468,385,385.0380090497739
2,1469,385,384.9619909502264
2,1470,385,384.89502262443443
2,1471,385,384.8552036199095
2,1472,385,384.7927601809956
2,1473,385,384.6579185520362
2,1474,384,384.4687782805432
2,1475,384,384.2434389140272
2,1476,384,384.00000000000017
2,1477,384,383.756561085973
2,1478,384,383.6018099547513
2,1479,383,383.4244343891404
2,1480,383,383.25158371040743
2,1481,383,383.1104072398192
2,1482,383,382.8895927601811
2,1483,383,382.6778280542987
2,1484,383,382.5638009049774
2,1485,382,382.4361990950228
2,1486,382,382.25158371040726
2,1487,382,382.0280542986427
2,1488,382,381.91583710407247
2,1489,382,381.79457013574677
2,1490,382,381.68235294117665
2,1491,381,381.59728506787343
2,1492,381,381.55746606334856
2,1493,382,381.51312217194584
2,1494,382,381.4144796380092
2,1495,381,381.2796380090499
2,1496,381,381.1266968325792
2,1497,381,380.97375565610866
2,1498,381,380.8389140271494
2,1499,381,380.6018099547513
2,1500,380,380.342081447964
2,1501,380,380.2778280542988
2,1502,380,380.227149321267
2,1503,380,380.07873303167435
2,1504,380,379.921266968326
2,1505,380,379.7728506787331
2,1506,380,379.65158371040724
2,1507,380,379.5755656108599
2,1508,379,379.42443438914034
2,1509,379,379.27782805429865
2,1510,379,379.14479638009055
2,1511,379,379.0343891402716
2,1512,379,378.9556561085974
2,1513,379,378.91764705882366
2,1514,379,379.0
2,1515,379,379.08235294117657
2,1516,379,379.04434389140283
2,1517,379,378.8950226244345
2,1518,379,378.7728506787332
2,1519,379,378.6778280542988
2,1520,379,378.6099547511314
2,1521,378,378.56923076923084
2,1522,378,378.55565610859736
2,1523,378,378.5692307692308
2,1524,379,378.6099547511312
2,1525,379,378.6778280542987
2,1526,379,378.7728506787332
2,1527,379,378.89502262443455
2,1528,379,379.0443438914028
2,1529,379,379.0652876535228
2,1530,379,379.0219780219778
2,1531,379,378.9999999999998
2,1532,379,379.0000000000002
2,1533,379,379.00000000000006
2,1534,379,378.99999999999915
2,1535,379,378.99999999999983
2,1536,379,380.74389140271506
2,1537,380,380.35294117647067
2,1538,380,380.1004524886879
2,1539,380,380.00452488687796
2,1540,380,380.0217194570137
2,1541,380,379.97013574660656
2,1542,380,380.0678733031676
2,1543,381,380.3239819004526
2,1544,381,380.3321266968327
2,1545,380,380.4244343891404
2,1546,380,380.5212669683259
2,1547,380,380.61357466063356
2,1548,381,380.69230769230785
2,1549,381,380.6778280542988
2,1550,381,380.69049773755665
2,1551,381,380.92126696832594
2,1552,381,381.16108597285074
2,1553,381,381.20090497737567
2,1554,381,381.23167420814485
2,1555,381,381.2352941176473
2,1556,382,381.33212669683274
2,1557,382,381.4425339366518
2,1558,381,381.55746606334856
2,1559,381,381.73846153846165
2,1560,382,381.77647058823544
2,1561,382,381.80090497737564
2,1562,382,381.8027149321268
2,1563,382,381.8434389140273
2,1564,382,381.85248868778285
2,1565,382,381.89773755656114
2,1566,381,381.9113122171948
2,1567,382,381.8253393665159
2,1568,382,381.7782805429865
2,1569,382,381.708597285068
2,1570,381,381.55475113122185
2,1571,382,381.4552036199097
2,1572,382,381.3393665158372
2,1573,381,381.3366515837104
2,1574,381,381.29954751131237
2,1575,381,381.41900452488704
2,1576,381,381.68597285067887
2,1577,382,381.96199095022644
2,1578,382,382.0380090497739
2,1579,383,382.2434389140273
2,1580,383,382.56923076923096
2,1581,383,382.7384615384617
2,1582,383,382.8126696832581
2,1583,382,382.770817417876
2,1584,382,382.6303696303694
2,1585,383,382.4868464868464
2,1586,383,382.43822843822863
2,1587,382,382.3892773892775
2,1588,382,382.25252525252444
2,1589,382,381.7727272727273
3,0,381,384.44253393665167
3,1,381,383.7511312217195
3,2,381,382.5167420814481
3,3,381,382.19004524886896
3,4,384,382.0217194570137
3,5,384,382.10950226244364
3,6,382,382.3511312217195
3,7,382,382.92126696832577
3,8,383,383.0343891402716
3,9,383,382.9755656108598
3,10,383,382.60361990950236
3,11,383,382.1773755656109
3,12,382,382.164705882353
3,13,382,382.23348416289605
3,14,382,382.05429864253404
3,15,381,381.89773755656114
3,16,381,381.9638009049775
3,17,383,382.0524886877829
3,18,383,382.1022624434391
3,19,382,382.2515837104073
3,20,382,382.5031674208145
3,21,383,382.65972850678736
3,22,383,382.6597285067875
3,23,382,382.50316742081446
3,24,382,382.32217194570165
3,25,383,382.2552036199096
3,26,383,382.2497737556563
3,27,381,382.0561085972851
3,28,381,381.69230769230774
3,29,382,381.4443438914028
3,30,382,381.3303167420815
3,31,381,381.1004524886879
3,32,381,380.8434389140273
3,33,380,380.7864253393667
3,34,380,380.756561085973
3,35,381,380.5131221719458
3,36,381,380.2153846153849
3,37,380,380.0199095022626
3,38,380,379.88325791855203
3,39,380,379.62352941176476
3,40,379,379.4588235294118
3,41,379,379.3303167420816
3,42,379,379.17918552036224
3,43,379,379.15294117647073
3,44,379,379.1990950226245
3,45,379,379.12669683257934
3,46,380,379.14479638009067
3,47,380,379.2533936651585
3,48,379,379.3140271493215
3,49,379,379.4588235294119
3,50,379,379.54932126696843
3,51,379,379.5149321266969
3,52,380,379.48506787330325
3,53,380,379.4506787330318
3,54,380,379.54117647058837
3,55,380,379.75656108597303
3,56,379,379.8289592760183
3,57,379,379.8289592760182
3,58,380,379.75656108597303
3,59,380,379.61176470588236
3,60,380,379.4624434389141
3,61,380,379.37647058823535
3,62,379,379.42443438914034
3,63,379,379.4769230769232
3,64,379,379.3339366515839
3,65,379,379.1954751131223
3,66,379,379.1203619909504
3,67,380,379.16742081447967
3,68,380,379.3276018099549
3,69,379,379.59185520361996
3,70,379,379.6714932126698
3,71,380,379.8778280542988
3,72,380,380.1746606334843
3,73,381,380.4552036199095
3,74,381,380.81266968325804
3,75,381,381.3402714932128
3,76,381,381.93122171945714
3,77,383,382.48144796380103
3,78,383,382.88687782805437
3,79,383,383.10859728506796
3,80,384,383.30769230769243
3,81,384,383.64796380090513
3,82,384,383.8932126696834
3,83,384,384.0162895927602
3,84,383,383.99004524886885
3,85,383,384.0642533936653
3,86,385,384.0886877828055
3,87,385,383.98371040724
3,88,384,384.0081447963803
3,89,384,384.1529411764707
3,90,384,384.2796380090498
3,91,384,384.31764705882364
3,92,384,384.25791855203636
3,93,384,384.1529411764707
3,94,385,384.1909502262444
3,95,385,384.36018099547516
3,96,384,384.5131221719458
3,97,384,384.70226244343905
3,98,385,384.90950226244354
3,99,385,385.11674208144814
3,100,385,385.30588235294135
3,101,386,385.4588235294119
3,102,386,385.7665158371042
3,103,386,386.0199095022626
3,104,386,385.9393665158372
3,105,386,385.84524886877847
3,106,386,385.8488687782806
3,107,386,385.8615384615386
3,108,386,385.79457013574665
3,109,385,385.89773755656125
3,110,385,386.0823529411767
3,111,387,386.3303167420815
3,112,387,386.55294117647065
3,113,387,386.86153846153854
3,114,387,387.22895927601826
3,115,388,387.69864253393683
3,116,388,388.1140271493214
3,117,388,388.31855203619915
3,118,388,388.35565610859743
3,119,389,388.47511312217205
3,120,389,388.5266968325793
3,121,389,388.5013574660635
3,122,388,388.3900452488689
3,123,388,388.3221719457014
3,124,388,388.2271493212671
3,125,388,388.1049773755657
3,126,388,387.9556561085974
3,127,388,387.91764705882366
3,128,388,387.929411764706
3,129,388,388.0000000000001
3,130,388,388.0000000000001
3,131,388,388.07058823529417
3,132,388,388.08235294117657
3,133,388,388.0443438914028
3,134,388,387.96561085972854
3,135,388,387.85520361990956
3,136,388,387.72217194570135
3,137,388,387.5049773755657
3,138,387,387.34208144796384
3,139,387,387.86877828054304
3,140,387,387.9203619909503
3,141,387,387.5782805429866
3,142,387,386.8533936651585
3,143,387,385.95656108597296
3,144,388,384.46606334841636
3,145,388,383.36018099547516
3,146,379,382.5800904977377
3,147,379,382.0669683257919
3,148,379,381.82986425339374
3,149,380,381.87782805429873
3,150,380,382.2199095022627
3,151,387,382.8651583710408
3,152,387,384.03167420814486
3,153,386,385.537556561086
3,154,386,386.23438914027173
3,155,386,386.5737556561087
3,156,386,386.6515837104073
3,157,386,386.3022624434391
3,158,386,385.43710407239814
3,159,385,385.00723981900467
3,160,385,384.5638009049775
3,161,384,384.0841628959278
3,162,384,383.5457013574662
3,163,382,382.99366515837113
3,164,382,382.47330316742097
3,165,382,382.0298642533939
3,166,382,381.708597285068
3,167,382,381.48687782805445
3,168,381,381.34208144796395
3,169,381,381.18099547511326
3,170,381,381.1104072398191
3,171,381,380.74841628959285
3,172,381,380.51312217194584
3,173,381,380.47511312217205
3,174,380,380.50497737556566
3,175,380,380.6117647058825
3,176,380,380.66606334841634
3,177,380,380.8796380090499
3,178,382,380.99366515837113
3,179,382,381.02624434389145
3,180,381,380.9954751131223
3,181,381,380.9194570135749
3,182,381,380.6072398190047
3,183,381,380.2678733031675
3,184,379,379.9013574660635
3,185,379,379.5076923076925
3,186,379,379.36380090497755
3,187,379,379.3466063348418
3,188,379,379.40633484162896
3,189,380,379.4932126696834
3,190,380,379.5547511312219
3,191,380,379.73846153846165
3,192,380,379.77647058823544
3,193,380,379.80090497737564
3,194,380,379.80271493212683
3,195,379,379.702262443439
3,196,379,379.6199095022625
3,197,380,379.6760180995476
3,198,380,379.79095022624443
3,199,380,379.8850678733032
3,200,380,380.0787330316743
3,201,380,380.42443438914034
3,202,381,380.77466063348425
3,203,381,380.98190045248884
3,204,381,381.09864253393675
3,205,381,381.1746606334843
3,206,382,381.2597285067875
3,207,382,381.335746606335
3,208,381,381.38461538461553
3,209,381,381.3882352941178
3,210,381,381.46696832579204
3,211,381,381.4705882352943
3,212,382,381.5194570135748
3,213,382,381.59547511312235
3,214,382,381.819004524887
3,215,382,381.9692307692308
3,216,382,382.15746606334847
3,217,382,382.4180995475114
3,218,383,382.7149321266969
3,219,383,383.01176470588257
3,220,383,383.41085972850686
3,221,383,383.81447963800923
3,222,385,384.12488687782815
3,223,385,384.44434389140287
3,224,385,384.66606334841646
3,225,385,384.88325791855215
3,226,385,385.18914027149333
3,227,385,385.47692307692313
3,228,385,385.639819004525
3,229,386,385.77104072398186
3,230,386,386.10226244343903
3,231,387,386.4651583710408
3,232,387,386.8325791855204
3,233,387,387.17737556561104
3,234,387,387.4723981900453
3,235,388,387.69049773755677
3,236,388,387.8045248868779
3,237,388,387.9257918552039
3,238,388,387.96561085972866
3,239,388,388.0443438914029
3,240,388,388.0823529411767
3,241,388,388.0705882352942
3,242,388,388.07058823529417
3,243,388,388.08235294117657
3,244,388,387.9737556561087
3,245,388,387.88325791855215
3,246,388,387.81085972850684
3,247,388,387.7565610859731
3,248,388,387.7203619909502
3,249,387,387.6654521948638
3,250,387,387.63736263736257
3,251,388,387.66433566433545
3,252,388,387.77855477855496
3,253,388,387.982983682984
3,254,388,388.14646464646376
3,255,388,387.8484848484847
3,256,388,388.2515837104073
3,257,388,388.2533936651585
3,258,388,387.5085972850679
3,259,388,387.51131221719464
3,260,387,387.3556561085973
3,261,387,386.98009049773765
3,262,386,386.523076923077
3,263,386,386.12307692307706
3,264,386,385.92760180995487
3,265,386,385.7547511312218
3,266,385,385.63167420814494
3,267,385,385.5855203619911
3,268,386,385.57556561085994
3,269,386,385.5610859728507
3,270,386,385.4307692307693
3,271,385,385.273303167421
3,272,385,385.177375565611
3,273,385,385.0316742081449
3,274,385,384.79547511312234
3,275,384,384.4280542986426
3,276,384,384.1656108597287
3,277,384,383.8443438914028
3,278,384,383.50950226244356
3,279,383,383.06787330316746
3,280,383,382.6968325791857
3,281,382,382.30316742081465
3,282,382,382.0027149321268
3,283,381,381.57285067873306
3,284,381,381.0588235294118
3,285,381,380.7058823529412
3,286,381,380.4208144796381
3,287,380,380.1104072398191
3,288,380,379.881447963801
3,289,379,379.5610859728508
3,290,379,379.3764705882354
3,291,380,379.2778280542988
3,292,379,379.2153846153847
3,293,379,379.2072398190046
3,294,379,379.2714932126697
3,295,379,379.2877828054299
3,296,380,379.3357466063349
3,297,380,379.28597285067883
3,298,379,379.20904977375574
3,299,379,379.3140271493214
3,300,379,379.2714932126697
3,301,379,379.09049773755675
3,302,379,378.9095022624434
3,303,379,378.7285067873304
3,304,379,378.6859728506788
3,305,379,378.72036199095027
3,306,378,378.702262443439
3,307,378,378.702262443439
3,308,379,378.7203619909504
3,309,379,378.756561085973
3,310,379,378.8108597285068
3,311,379,378.8832579185521
3,312,379,378.9737556561087
3,313,379,379.0823529411766
3,314,379,379.0000000000001
3,315,379,378.9176470588236
3,316,379,378.88506787330317
3,317,379,378.9520361990952
3,318,379,379.10045248868784
3,319,379,379.3122171945702
3,320,379,379.56923076923096
3,321,380,379.8533936651585
3,322,380,380.07601809954764
3,323,381,380.3484162895928
3,324,381,380.5728506787331
3,325,381,380.85158371040745
3,326,381,381.00723981900467
3,327,381,381.2624434389141
3,328,381,381.5628959276019
3,329,382,381.9927601809955
3,330,382,382.43619909502274
3,331,383,382.9158371040726
3,332,383,383.4542986425341
3,333,385,384.00633484162915
3,334,385,384.52669683257926
3,335,385,384.89954751131233
3,336,385,385.20904977375574
3,337,385,385.53936651583723
3,338,386,385.7746606334843
3,339,386,386.00814479638024
3,340,386,386.1330316742083
3,341,386,386.39004524886883
3,342,387,386.61990950226254
3,343,387,386.8045248868779
3,344,387,387.702262443439
3,345,387,387.8714932126698
3,346,387,387.5321266968326
3,347,387,386.70407239819014
3,348,387,385.47782805429875
3,349,387,383.0968325791855
3,350,387,381.34298642533946
3,351,376,380.13665158371043
3,352,376,379.46877828054306
3,353,376,379.3303167420816
3,354,376,379.71221719457026
3,355,376,380.6054298642535
3,356,388,381.93031674208163
3,357,388,383.8072398190046
3,358,388,386.21809954751143
3,359,388,387.6217194570137
3,360,388,388.74751131221734
3,361,388,389.3484162895929
3,362,388,389.24524886877833
3,363,389,388.4588235294118
3,364,389,388.60361990950236
3,365,389,388.694117647059
3,366,389,388.80090497737575
3,367,388,388.7945701357468
3,368,388,388.68416289592767
3,369,389,388.47873303167444
3,370,389,388.3285067873304
3,371,388,388.1221719457014
3,372,388,387.6841628959277
3,373,387,387.30950226244363
3,374,387,387.01628959276036
3,375,387,386.6841628959277
3,376,387,386.39276018099554
3,377,385,386.36018099547516
3,378,385,386.40452488687794
3,379,387,386.34389140271503
3,380,387,386.39638009049776
3,381,387,386.57375565610874
3,382,387,386.68778280543006
3,383,387,386.75656108597303
3,384,386,386.79819004524893
3,385,386,386.62443438914033
3,386,387,386.2470588235296
3,387,387,386.0226244343893
3,388,385,385.70769230769235
3,389,385,385.26787330316745
3,390,385,384.86877828054315
3,391,385,384.6081447963801
3,392,384,384.24524886877845
3,393,384,383.8778280542987
3,394,383,383.6714932126697
3,395,383,383.5918552036201
3,396,384,383.46877828054306
3,397,384,383.3321266968327
3,398,383,383.27963800904985
3,399,383,383.20904977375574
3,400,383,383.0180995475114
3,401,383,382.8045248868779
3,402,383,382.4570135746608
3,403,382,382.06425339366535
3,404,382,381.8533936651584
3,405,381,381.6515837104073
3,406,381,381.356561085973
3,407,381,381.06606334841644
3,408,381,380.8072398190046
3,409,381,380.6072398190046
3,410,381,380.4226244343893
3,411,380,380.27149321266984
3,412,380,380.3040723981901
3,413,380,380.2615384615385
3,414,380,380.2235294117648
3,415,380,380.19909502262453
3,416,380,380.26787330316745
3,417,381,380.3095022624436
3,418,381,380.3420814479639
3,419,380,380.24524886877845
3,420,380,380.09864253393675
3,421,380,379.8407239819006
3,422,380,379.60995475113134
3,423,379,379.47692307692313
3,424,379,379.3122171945702
3,425,379,379.2633484162897
3,426,379,379.27782805429877
3,427,379,379.23529411764713
3,428,380,379.2153846153847
3,429,380,379.1565610859729
3,430,379,379.19728506787334
3,431,379,379.2696832579186
3,432,379,379.30588235294124
3,433,379,379.23529411764713
3,434,379,379.18733031674225
3,435,379,379.15294117647073
3,436,380,379.2615384615385
3,437,380,379.4425339366517
3,438,379,379.55746606334856
3,439,379,379.66787330316754
3,440,380,379.6941176470589
3,441,380,379.7565610859729
3,442,380,379.83710407239835
3,443,380,379.9176470588236
3,444,380,380.1185520361992
3,445,380,380.3601809954752
3,446,380,380.4950226244344
3,447,381,380.5755656108597
3,448,381,380.65158371040735
3,449,381,380.7728506787331
3,450,381,380.8506787330318
3,451,381,380.99638009049784
3,452,381,381.1828054298644
3,453,381,381.3828054298644
3,454,381,381.49864253393685
3,455,382,381.7710407239821
3,456,382,382.1022624434391
3,457,383,382.53574660633495
3,458,383,382.9149321266969
3,459,383,383.15113122171965
3,460,383,383.3556561085973
3,461,384,383.5013574660635
3,462,384,383.56108597285083
3,463,384,383.646153846154
3,464,383,383.6678733031675
3,465,383,383.67601809954755
3,466,384,383.7203619909503
3,467,384,383.71221719457026
3,468,384,383.76289592760196
3,469,384,383.98371040724
3,470,384,384.28597285067883
3,471,384,384.58099547511335
3,472,385,384.84162895927614
3,473,385,385.1728506787332
3,474,386,385.54751131221735
3,475,386,385.80633484162905
3,476,386,386.0606334841629
3,477,386,386.35384615384623
3,478,387,386.52941176470597
3,479,387,386.4986425339368
3,480,386,386.5113122171947
3,481,386,386.4787330316743
3,482,387,386.52126696832585
3,483,387,386.5592760180996
3,484,386,386.58371040723995
3,485,386,386.58552036199114
3,486,387,386.62352941176493
3,487,387,386.756561085973
3,488,387,386.83710407239835
3,489,387,386.9176470588237
3,490,387,387.11855203619916
3,491,387,387.3601809954753
3,492,387,387.4950226244345
3,493,388,387.5755656108598
3,494,388,387.65158371040735
3,495,388,387.7728506787332
3,496,388,387.92126696832577
3,497,388,388.0787330316743
3,498,388,388.2977375565612
3,499,388,388.43076923076933
3,500,388,388.4687782805431
3,501,389,388.47058823529426
3,502,389,388.49502262443445
3,503,389,388.533031674208
3,504,389,388.57556561085977
3,505,388,388.55215372862415
3,506,388,388.47952047952026
3,507,388,388.4104784104784
3,508,389,388.5314685314688
3,509,389,388.78857808857805
3,510,389,389.08585858585775
3,511,389,388.8939393939393
3,512,389,388.6624434389141
3,513,389,388.9574660633484
3,514,389,388.5149321266969
3,515,389,388.6696832579187
3,516,388,388.75656108597303
3,517,388,388.7484162895928
3,518,389,388.6180995475114
3,519,389,388.54751131221735
3,520,388,388.5954751131223
3,521,388,388.6298642533938
3,522,389,388.6597285067874
3,523,389,388.69411764705893
3,524,389,388.6742081447965
3,525,389,388.54117647058837
3,526,388,388.44253393665167
3,527,388,388.32579185520365
3,528,388,388.07058823529417
3,529,388,387.7565610859731
3,530,388,387.53122171945705
3,531,387,387.34208144796384
3,532,387,387.2778280542988
3,533,387,387.22714932126706
3,534,387,387.1493212669685
3,535,387,387.00361990950245
3,536,387,386.88778280542994
3,537,387,386.6995475113123
3,538,387,386.404524886878
3,539,386,386.02986425339384
3,540,386,385.73484162895943
3,541,385,385.4081447963801
3,542,385,385.00633484162915
3,543,384,384.82714932126703
3,544,384,384.6298642533938
3,545,385,384.4506787330318
3,546,385,384.3257918552037
3,547,384,384.1529411764706
3,548,384,384.2416289592762
3,549,385,384.09230769230777
3,550,383,383.8914027149322
3,551,383,383.4162895927603
3,552,383,382.7122171945702
3,553,383,382.09230769230777
3,554,383,381.5312217194571
3,555,380,380.93574660633493
3,556,380,380.412669683258
3,557,379,380.1366515837105
3,558,379,379.8760180995476
3,559,380,379.6696832579187
3,560,380,379.5538461538463
3,561,380,379.5647058823531
3,562,380,379.73846153846165
3,563,380,379.69592760181007
3,564,380,379.58733031674205
3,565,379,379.41266968325795
3,566,379,379.23348416289605
3,567,379,379.1791855203622
3,568,379,379.17918552036207
3,569,379,379.23348416289593
3,570,379,379.3420814479639
3,571,380,379.50497737556566
3,572,380,379.7221719457015
3,573,380,379.8552036199097
3,574,380,380.0361990950228
3,575,380,380.1266968325794
3,576,380,380.1266968325794
3,577,380,380.0361990950228
3,578,380,379.8552036199097
3,579,380,379.65158371040746
3,580,380,379.4932126696834
3,581,379,379.45067873303174
3,582,379,379.3945701357468
3,583,379,379.19276018099566
3,584,379,379.11312217194575
3,585,379,379.2877828054299
3,586,380,379.44886877828066
3,587,380,379.3936651583712
3,588,379,379.5194570135747
3,589,379,379.7402714932128
3,590,381,379.9701357466065
3,591,381,380.12036199095024
3,592,379,380.302262443439
3,593,379,380.4180995475114
3,594,382,380.7085972850679
3,595,382,381.07601809954747
3,596,381,381.3547511312218
3,597,381,381.5791855203621
3,598,382,381.91945701357474
3,599,382,382.3457013574663
3,600,383,382.5538461538463
3,601,383,382.639819004525
3,602,383,383.04434389140283
3,603,383,383.40814479638016
3,604,383,383.4425339366517
3,605,384,383.45882352941175
3,606,384,383.62986425339375
3,607,384,383.72850678733045
3,608,384,383.8045248868779
3,609,383,383.9076923076925
3,610,383,384.01990950226264
3,611,385,384.123076923077
3,612,385,384.05791855203637
3,613,384,384.2036199095023
3,614,384,384.46244343891414
3,615,385,384.8778280542987
3,616,385,385.2932126696834
3,617,385,385.481447963801
3,618,385,385.6153846153847
3,619,387,385.93574660633493
3,620,387,386.28325791855224
3,621,387,386.43076923076944
3,622,386,386.55113122171963
3,623,386,386.81719457013594
3,624,387,387.0018099547512
3,625,387,387.0162895927603
3,626,387,386.9719457013576
3,627,387,387.11855203619916
3,628,388,387.30588235294135
3,629,388,387.454298642534
3,630,387,387.54570135746616
3,631,387,387.694117647059
3,632,388,387.88144796380095
3,633,388,388.02805429864264
3,634,388,388.12488687782815
3,635,388,388.1628959276019
3,636,389,388.2714932126697
3,637,389,388.4506787330318
3,638,388,388.4325791855204
3,639,388,388.28778280542986
3,640,388,388.15475113122176
3,641,388,387.97194570135764
3,642,388,387.74841628959285
3,643,388,387.4932126696833
3,644,387,387.42443438914034
3,645,387,387.3601809954751
3,646,387,387.18914027149333
3,647,387,387.00000000000006
3,648,387,386.8108597285069
3,649,387,386.63981900452495
3,650,387,386.4343891402716
3,651,386,386.34208144796395
3,652,386,386.30407239819016
3,653,386,386.2615384615386
3,654,386,386.22352941176484
3,655,386,386.19909502262453
3,656,386,386.1266968325794
3,657,387,386.21538461538466
3,658,387,386.3357466063349
3,659,386,386.28778280542997
3,660,386,386.2714932126698
3,661,386,386.3484162895929
3,662,386,386.3800904977377
3,663,387,386.3665158371042
3,664,386,386.30769230769243
3,665,386,386.41266968325795
3,666,387,386.4904977375567
3,667,387,386.4208144796382
3,668,386,386.2832579185521
3,669,386,386.0868778280544
3,670,386,385.84072398190057
3,671,386,385.7628959276019
3,672,385,385.6742081447966
3,673,385,385.40452488687794
3,674,385,385.26968325791864
3,675,385,384.98552036199106
3,676,385,384.4769230769232
3,677,385,383.86877828054304
3,678,384,383.2153846153847
3,679,382,382.5710407239821
3,680,382,381.8515837104073
3,681,380,381.17285067873314
3,682,380,380.5800904977376
3,683,380,380.1185520361992
3,684,380,379.83348416289607
3,685,380,379.7701357466065
3,686,380,379.8352941176472
3,687,380,379.8588235294119
3,688,380,380.00000000000006
3,689,380,380.00000000000006
3,690,380,380.07058823529417
3,691,380,380.0117647058824
3,692,380,379.9619909502264
3,693,380,379.99185520362005
3,694,380,379.9719457013575
3,695,380,379.8407239819006
3,696,380,379.73665158371057
3,697,379,379.6597285067875
3,698,380,379.60995475113134
3,699,380,379.6579185520362
3,700,379,379.6742081447966
3,701,379,379.5972850678734
3,702,380,379.5656108597287
3,703,380,379.5791855203621
3,704,380,379.63800904977376
3,705,380,379.5330316742082
3,706,379,379.59366515837127
3,707,379,379.81085972850684
3,708,380,379.90769230769246
3,709,380,379.87511312217214
3,710,380,379.9719457013576
3,711,380,380.047963800905
3,712,381,380.22352941176484
3,713,381,380.48054298642546
3,714,380,380.6624434389142
3,715,380,380.7420814479639
3,716,381,380.9601809954752
3,717,381,381.0778280542987
3,718,382,381.3972850678734
3,719,382,381.743891402715
3,720,382,382.14932126696846
3,721,382,382.64524886877837
3,722,383,383.0570135746607
3,723,383,383.40995475113124
3,724,385,383.72669683257925
3,725,384,384.0298642533937
3,726,384,384.48325791855217
3,727,385,384.8506787330318
3,728,385,385.03438914027157
3,729,385,385.1366515837106
3,730,385,385.18914027149333
3,731,386,385.2235294117648
3,732,386,385.48054298642546
3,733,385,385.6624434389141
3,734,385,385.8832579185521
3,735,386,386.1248868778282
3,736,386,386.2371040723983
3,737,387,386.34027149321275
3,738,387,386.41628959276034
3,739,387,386.58552036199114
3,740,387,386.7683257918554
3,741,386,386.8171945701358
3,742,386,386.7846153846155
3,743,387,386.7203619909503
3,744,387,386.67420814479647
3,745,387,386.83710407239823
3,746,387,387.00000000000006
3,747,387,387.162895927602
3,748,387,387.32579185520376
3,749,387,387.35022624434407
3,750,388,387.2977375565611
3,751,388,387.2977375565611
3,752,387,387.2796380090499
3,753,387,387.24343891402725
3,754,387,388.0361990950227
3,755,387,388.1049773755658
3,756,387,387.5583710407241
3,757,387,386.36380090497755
3,758,387,385.0271493212671
3,759,387,382.80090497737575
3,760,387,381.06968325791865
3,761,375,379.02391725921126
3,762,375,377.05294705294693
3,763,375,375.6891996891996
3,764,377,375.81818181818204
3,765,377,378.523076923077
3,766,388,383.9949494949487
3,767,388,388.6818181818182
3,768,389,388.52760180995483
3,769,389,388.76832579185526
3,770,388,388.219004524887
3,771,388,388.4144796380092
3,772,388,388.5511312217195
3,773,389,388.6018099547512
3,774,389,388.53936651583734
3,775,388,388.475113122172
3,776,388,388.59728506787343
3,777,389,388.764705882353
3,778,389,388.8389140271493
3,779,389,388.881447963801
3,780,389,389.02443438914037
3,781,389,389.1384615384617
3,782,389,389.100452488688
3,783,389,388.9900452488689
3,784,389,388.7484162895928
3,785,389,388.5230769230769
3,786,389,388.2615384615385
3,787,387,388.0524886877829
3,788,387,387.7846153846155
3,789,388,387.41447963800914
3,790,387,387.0986425339368
3,791,387,386.9963800904979
3,792,387,386.8669683257919
3,793,387,386.67601809954766
3,794,386,386.58914027149336
3,795,386,386.427149321267
3,796,387,386.2108597285068
3,797,387,386.09683257918556
3,798,385,385.90316742081455
3,799,385,385.71855203619924
3,800,386,385.5610859728508
3,801,386,385.44886877828054
3,802,385,385.2615384615386
3,803,385,385.0787330316743
3,804,385,385.1185520361992
3,805,385,385.19909502262453
3,806,385,385.0705882352942
3,807,385,384.8832579185522
3,808,385,384.8552036199095
3,809,385,384.80452488687797
3,810,385,384.47873303167427
3,811,384,384.225339366516
3,812,384,384.1855203619911
3,813,384,384.1004524886879
3,814,384,384.0588235294118
3,815,383,383.9493212669685
3,816,383,383.86968325791855
3,817,385,383.71764705882356
3,818,385,383.60000000000014
3,819,383,383.28506787330326
3,820,383,382.87963800905
3,821,382,382.4199095022626
3,822,382,382.012669683258
3,823,381,381.42624434389154
3,824,381,380.69683257918575
3,825,380,380.2669683257919
3,826,380,380.1113122171948
3,827,380,379.86877828054304
3,828,380,379.78733031674216
3,829,379,379.564705882353
3,830,379,379.43710407239826
3,831,380,379.2932126696834
3,832,380,379.22171945701365
3,833,379,379.10226244343903
3,834,379,379.0144796380091
3,835,378,378.8968325791856
3,836,379,378.88778280543
3,837,379,378.91945701357474
3,838,379,378.92398190045253
3,839,379,379.03981900452504
3,840,379,379.2054298642534
3,841,379,379.2208144796381
3,842,380,379.285972850679
3,843,380,379.18280542986446
3,844,379,379.23167420814485
3,845,379,379.343891402715
3,846,379,379.50135746606344
3,847,379,379.6859728506788
3,848,380,379.87963800904987
3,849,380,380.06425339366535
3,850,381,380.3601809954752
3,851,381,380.6877828054299
3,852,381,380.9701357466065
3,853,381,381.1303167420816
3,854,381,381.0886877828055
3,855,381,380.9656108597287
3,856,381,380.88144796380107
3,857,381,380.7565610859729
3,858,381,380.7203619909504
3,859,380,380.702262443439
3,860,380,380.7728506787331
3,861,381,380.80271493212683
3,862,381,380.7303167420815
3,863,381,380.69411764705893
3,864,381,380.76470588235304
3,865,381,380.81266968325804
3,866,381,380.84705882352955
3,867,380,380.7384615384617
3,868,380,380.5574660633485
3,869,381,380.44253393665167
3,870,381,380.33212669683263
3,871,380,380.2352941176471
3,872,380,380.16108597285086
3,873,380,380.04796380090505
3,874,380,380.0343891402715
3,875,380,379.9113122171946
3,876,380,379.86968325791867
3,877,380,379.9592760180997
3,878,380,380.2298642533938
3,879,380,380.45429864253407
3,880,381,380.8054298642534
3,881,381,381.17647058823536
3,882,382,381.660633484163
3,883,382,382.212669683258
3,884,383,382.7873303167422
3,885,383,383.3393665158373
3,886,384,383.8235294117648
3,887,384,384.05339366515847
3,888,385,384.3809954751133
3,889,385,384.7520361990951
3,890,385,385.12126696832604
3,891,385,385.31131221719477
3,892,385,385.6244343891404
3,893,385,385.82443438914044
3,894,387,385.9520361990952
3,895,387,386.04796380090505
3,896,386,386.22352941176484
3,897,386,386.39004524886894
3,898,387,386.529411764706
3,899,386,386.6235294117648
3,900,386,386.654298642534
3,901,387,386.60361990950247
3,902,387,386.6597285067873
3,903,387,386.8108597285069
3,904,387,386.98009049773765
3,905,387,387.09049773755663
3,906,387,387.20090497737567
3,907,387,387.2316742081449
3,908,387,387.3058823529411
3,909,388,387.4144796380091
3,910,388,387.41628959276034
3,911,387,387.4407239819005
3,912,387,387.4787330316744
3,913,388,387.52126696832573
3,914,388,387.5592760180997
3,915,387,387.58371040724006
3,916,387,387.5855203619911
3,917,388,387.6941176470589
3,918,388,387.8389140271495
3,919,388,387.881447963801
3,920,388,387.883257918552
3,921,388,388.0443438914028
3,922,388,388.164705882353
3,923,388,388.1149321266969
3,924,388,387.96561085972854
3,925,388,387.85520361990956
3,926,388,387.72217194570135
3,927,388,387.5755656108598
3,928,387,387.4244343891405
3,929,387,387.20723981900466
3,930,387,387.0624434389141
3,931,387,387.06063348416296
3,932,387,387.07239819004536
3,933,387,387.1067873303168
3,934,387,387.17285067873314
3,935,387,387.35022624434396
3,936,388,387.30950226244363
3,937,388,387.2597285067875
3,938,387,387.2714932126698
3,939,387,387.21538461538466
3,940,387,387.02986425339384
3,941,387,386.8533936651584
3,942,386,386.756561085973
3,943,387,386.60995475113134
3,944,387,386.6316742081449
3,945,386,386.639819004525
3,946,386,386.52307692307704
3,947,387,386.3701357466065
3,948,387,386.19909502262453
3,949,386,386.02805429864264
3,950,386,385.8072398190046
3,951,385,385.62533936651596
3,952,385,385.43891402714945
3,953,385,385.13665158371055
3,954,385,384.8072398190046
3,955,385,384.6072398190046
3,956,385,384.49321266968326
3,957,384,384.35384615384635
3,958,384,384.48959276018115
3,959,384,384.39185520362
3,960,384,384.16742081447984
3,961,384,383.7819004524888
3,962,384,383.40090497737566
3,963,384,383.0515837104074
3,964,384,382.7610859728509
3,965,381,382.4180995475115
3,966,381,382.1113122171947
3,967,381,381.85882352941184
3,968,382,381.67873303167426
3,969,382,381.5891402714935
3,970,382,381.6081447963802
3,971,382,381.8244343891403
3,972,382,382.12669683257934
3,973,382,382.1972850678734
3,974,382,382.11855203619916
3,975,382,381.8995475113123
3,976,382,381.6877828054301
3,977,382,381.4307692307693
3,978,381,381.14660633484175
3,979,381,380.8533936651586
3,980,380,380.5692307692309
3,981,380,380.31221719457034
3,982,380,380.100452488688
3,983,380,379.95203619909523
3,984,380,379.88506787330334
3,985,380,379.91764705882366
3,986,380,379.929411764706
3,987,380,380.00000000000006
3,988,380,380.07058823529417
3,989,380,380.08235294117674
3,990,380,380.0443438914028
3,991,380,379.9656108597286
3,992,380,379.8552036199097
3,993,380,379.7221719457015
3,994,380,379.5755656108599
3,995,379,379.42443438914034
3,996,379,379.27782805429865
3,997,379,379.14479638009055
3,998,379,379.0343891402716
3,999,379,378.9556561085974
3,1000,379,378.91764705882366
3,1001,379,378.929411764706
3,1002,379,379.0000000000001
3,1003,379,379.0000000000001
3,1004,379,379.0000000000001
3,1005,379,379.0000000000001
3,1006,379,378.92941176470606
3,1007,379,378.9176470588236
3,1008,379,378.95565610859734
3,1009,379,379.03438914027157
3,1010,379,379.1447963800906
3,1011,379,379.2778280542988
3,1012,379,379.42443438914046
3,1013,380,379.50497737556566
3,1014,380,379.639819004525
3,1015,380,379.81085972850695
3,1016,380,380.0000000000001
3,1017,380,380.15437503672774
3,1018,380,380.27672327672315
3,1019,380,380.3910533910531
3,1020,381,380.63286713286743
3,1021,381,380.88834498834507
3,1022,381,381.07575757575677
3,1023,381,380.9545454545455
3,1024,382,384.22895927601814
3,1025,382,383.31674208144807
3,1026,380,381.7457013574661
3,1027,380,381.1140271493213
3,1028,381,380.68144796380096
3,1029,381,380.48416289592774
3,1030,381,380.5583710407241
3,1031,381,381.0787330316744
3,1032,381,381.32760180995496
3,1033,382,381.6579185520364
3,1034,382,381.72217194570146
3,1035,382,381.7728506787331
3,1036,382,381.78009049773766
3,1037,382,381.9140271493215
3,1038,382,382.20904977375574
3,1039,382,382.4995475113124
3,1040,382,382.68778280543
3,1041,383,383.0144796380091
3,1042,383,383.3819004524888
3,1043,385,383.7628959276019
3,1044,385,384.1303167420816
3,1045,384,384.4570135746608
3,1046,384,384.7158371040725
3,1047,385,384.8796380090499
3,1048,385,384.9212669683258
3,1049,385,384.881447963801
3,1050,385,384.8009049773757
3,1051,385,384.929411764706
3,1052,385,385.1167420814481
3,1053,385,385.14479638009055
3,1054,385,385.1954751131222
3,1055,385,385.38009049773774
3,1056,386,385.6099547511313
3,1057,386,385.79638009049785
3,1058,386,386.05067873303176
3,1059,386,386.4162895927603
3,1060,387,386.7366515837105
3,1061,387,386.99366515837113
3,1062,387,387.169230769231
3,1063,387,387.24524886877833
3,1064,388,387.34208144796395
3,1065,388,387.38009049773774
3,1066,387,387.2796380090499
3,1067,387,387.1610859728508
3,1068,387,387.21538461538466
3,1069,387,387.23348416289605
3,1070,387,387.2153846153848
3,1071,387,387.16108597285074
3,1072,387,387.1384615384617
3,1073,388,387.2153846153848
3,1074,388,387.25339366515846
3,1075,387,387.3140271493213
3,1076,387,387.38823529411775
3,1077,387,387.46696832579187
3,1078,387,387.5411764705883
3,1079,388,387.6018099547512
3,1080,388,387.6398190045249
3,1081,388,387.7846153846155
3,1082,388,387.96561085972866
3,1083,388,388.0443438914029
3,1084,388,388.1529411764706
3,1085,388,388.1529411764708
3,1086,388,388.0443438914028
3,1087,388,387.8950226244345
3,1088,388,387.7728506787332
3,1089,388,387.7484162895928
3,1090,388,387.69230769230774
3,1091,387,387.6135746606336
3,1092,387,387.52126696832585
3,1093,387,387.4244343891405
3,1094,388,387.33212669683274
3,1095,388,387.32398190045257
3,1096,387,387.2796380090499
3,1097,387,387.2877828054299
3,1098,387,387.2371040723983
3,1099,387,387.0162895927603
3,1100,387,386.7140271493214
3,1101,387,386.34841628959293
3,1102,386,386.0760180995475
3,1103,386,385.8533936651585
3,1104,385,385.639819004525
3,1105,385,385.3945701357468
3,1106,385,385.07420814479656
3,1107,385,384.8352941176472
3,1108,385,384.7665158371042
3,1109,385,384.7565610859729
3,1110,385,384.69411764705893
3,1111,384,384.6678733031674
3,1112,384,384.5574660633486
3,1113,385,384.44253393665167
3,1114,385,384.4027149321268
3,1115,384,384.3176470588236
3,1116,384,384.2054298642535
3,1117,384,384.0841628959278
3,1118,384,383.9719457013576
3,1119,384,383.7484162895929
3,1120,384,383.5638009049774
3,1121,383,383.43619909502274
3,1122,383,383.39276018099565
3,1123,383,383.19276018099555
3,1124,383,382.9339366515839
3,1125,383,382.6434389140273
3,1126,383,382.34841628959293
3,1127,382,382.0760180995477
3,1128,382,381.8533936651585
3,1129,381,381.5692307692309
3,1130,381,381.3122171945704
3,1131,381,381.10045248868795
3,1132,381,380.9520361990952
3,1133,381,380.8850678733033
3,1134,381,380.91764705882366
3,1135,381,380.929411764706
3,1136,381,381.0000000000001
3,1137,381,381.0000000000001
3,1138,381,381.0000000000001
3,1139,381,381.0705882352942
3,1140,381,381.0823529411766
3,1141,381,380.97375565610866
3,1142,381,380.8832579185522
3,1143,381,380.88144796380107
3,1144,381,380.90950226244354
3,1145,381,380.84705882352955
3,1146,380,380.6416289592762
3,1147,380,380.4407239819006
3,1148,381,380.32398190045257
3,1149,381,380.171040723982
3,1150,380,379.92941176470595
3,1151,379,379.7466063348418
3,1152,379,379.631674208145
3,1153,380,379.5936651583711
3,1154,380,379.5031674208147
3,1155,379,379.43076923076933
3,1156,379,379.58552036199103
3,1157,380,379.7764705882353
3,1158,380,379.81266968325804
3,1159,380,379.7647058823531
3,1160,380,379.6941176470589
3,1161,380,379.80090497737564
3,1162,380,379.8850678733033
3,1163,379,379.8171945701359
3,1164,379,379.6678733031676
3,1165,380,379.57556561085994
3,1166,380,379.4787330316743
3,1167,380,379.3158371040725
3,1168,379,379.22533936651587
3,1169,379,379.2778280542988
3,1170,379,379.34389140271503
3,1171,379,379.29411764705884
3,1172,379,379.1990950226245
3,1173,379,379.19728506787334
3,1174,380,379.2271493212671
3,1175,380,379.2977375565611
3,1176,379,379.2796380090499
3,1177,379,379.2434389140273
3,1178,379,379.18914027149333
3,1179,379,379.11674208144814
3,1180,379,378.9556561085974
3,1181,379,378.83529411764715
3,1182,379,378.9556561085974
3,1183,379,379.116742081448
3,1184,379,379.11855203619916
3,1185,379,379.1610859728508
3,1186,379,379.23529411764713
3,1187,380,379.3321266968327
3,1188,380,379.4425339366517
3,1189,379,379.55746606334856
3,1190,379,379.7384615384617
3,1191,380,379.8470588235296
3,1192,380,379.81266968325804
3,1193,380,379.7647058823531
3,1194,380,379.6941176470589
3,1195,380,379.7303167420815
3,1196,380,379.80271493212683
3,1197,379,379.702262443439
3,1198,379,379.6199095022625
3,1199,380,379.7466063348417
3,1200,380,379.87330316742094
3,1201,380,379.85882352941195
3,1202,380,379.9619909502263
3,1203,380,380.164705882353
3,1204,381,380.44886877828066
3,1205,381,380.5873303167422
3,1206,380,380.75294117647076
3,1207,380,381.04796380090505
3,1208,382,381.37466063348427
3,1209,382,381.7058823529413
3,1210,382,382.01447963800916
3,1211,382,382.2733031674209
3,1212,383,382.59366515837115
3,1213,383,382.8868778280544
3,1214,383,382.9963800904979
3,1215,383,382.89502262443443
3,1216,383,382.9619909502263
3,1217,383,382.96742081447974
3,1218,383,383.0226244343892
3,1219,383,383.100452488688
3,1220,383,383.3122171945703
3,1221,383,383.5692307692309
3,1222,384,383.78280542986425
3,1223,384,384.06425339366524
3,1224,385,384.38642533936667
3,1225,385,384.7221719457015
3,1226,385,385.04434389140283
3,1227,385,385.32579185520376
3,1228,385,385.5393665158372
3,1229,386,385.6579185520363
3,1230,386,385.7221719457014
3,1231,386,385.77285067873316
3,1232,386,385.921266968326
3,1233,386,386.07873303167423
3,1234,386,386.22714932126723
3,1235,386,386.34841628959293
3,1236,386,386.4244343891404
3,1237,387,386.5755656108599
3,1238,387,386.65158371040735
3,1239,387,386.77285067873316
3,1240,387,386.99185520362
3,1241,387,387.1610859728508
3,1242,387,387.2714932126697
3,1243,387,387.3140271493214
3,1244,387,387.27963800904996
3,1245,388,387.2977375565611
3,1246,388,387.2977375565611
3,1247,387,387.2796380090499
3,1248,387,387.24343891402725
3,1249,387,387.18914027149333
3,1250,387,387.116742081448
3,1251,387,387.02624434389145
3,1252,387,386.91764705882366
3,1253,387,386.92941176470595
3,1254,387,387.0000000000001
3,1255,387,387.0000000000001
3,1256,387,387.0000000000001
3,1257,387,387.0705882352942
3,1258,387,387.0823529411767
3,1259,387,386.9031674208146
3,1260,387,386.942081447964
3,1261,387,386.9312217194572
3,1262,387,386.87963800905
3,1263,387,386.7963800904979
3,1264,386,386.69049773755665
3,1265,386,386.5710407239819
3,1266,388,386.51764705882357
3,1267,386,386.40995475113124
3,1268,386,386.3366515837104
3,1269,386,386.1864253393666
3,1270,386,385.9864253393665
3,1271,386,385.7638009049774
3,1272,386,385.4778280542988
3,1273,385,385.121701827584
3,1274,385,384.87812187812176
3,1275,384,384.4880674880675
3,1276,384,384.10256410256426
3,1277,384,383.7979020979022
3,1278,384,383.5909090909084
3,1279,383,383.13636363636357
3,1280,383,385.32579185520376
3,1281,383,384.7429864253394
3,1282,383,383.5447963800905
3,1283,383,383.18190045248883
3,1284,383,382.9755656108598
3,1285,383,382.8941176470588
3,1286,383,382.8443438914029
3,1287,383,383.0099547511313
3,1288,383,382.8208144796381
3,1289,383,382.577375565611
3,1290,383,382.2977375565611
3,1291,382,382.00000000000006
3,1292,381,381.70226244343905
3,1293,381,381.4932126696835
3,1294,381,381.2615384615386
3,1295,381,381.03438914027157
3,1296,381,380.8389140271495
3,1297,381,380.7728506787332
3,1298,381,380.7339366515838
3,1299,381,380.5493212669684
3,1300,380,380.3076923076924
3,1301,380,380.15927601809966
3,1302,380,379.9837104072399
3,1303,380,379.79909502262444
3,1304,379,379.62352941176493
3,1305,379,379.4751131221721
3,1306,380,379.44253393665167
3,1307,380,379.41447963800914
3,1308,379,379.20904977375574
3,1309,379,379.0443438914028
3,1310,379,378.9294117647059
3,1311,379,378.8733031674209
3,1312,379,378.8171945701359
3,1313,378,378.70226244343894
3,1314,378,378.6054298642535
3,1315,379,378.60361990950236
3,1316,379,378.63800904977387
3,1317,379,378.6497737556562
3,1318,379,378.6479638009051
3,1319,378,378.6416289592762
3,1320,378,378.639819004525
3,1321,379,378.5131221719459
3,1322,379,378.2615384615385
3,1323,378,378.1529411764706
3,1324,378,378.1873303167422
3,1325,378,378.23529411764713
3,1326,378,378.30588235294135
3,1327,378,378.19909502262453
3,1328,378,378.114932126697
3,1329,379,378.18280542986435
3,1330,379,378.33212669683274
3,1331,378,378.42443438914046
3,1332,378,378.5212669683259
3,1333,378,378.5429864253394
3,1334,379,378.6099547511312
3,1335,379,378.7746606334842
3,1336,379,378.8895927601811
3,1337,379,379.0841628959277
3,1338,379,379.28778280542997
3,1339,379,379.2914027149322
3,1340,380,379.285972850679
3,1341,380,379.2533936651585
3,1342,379,379.3140271493215
3,1343,379,379.38823529411775
3,1344,379,379.46696832579204
3,1345,379,379.4705882352942
3,1346,380,379.5194570135747
3,1347,380,379.59547511312235
3,1348,380,379.81900452488696
3,1349,380,380.11040723981904
3,1350,380,380.3221719457015
3,1351,380,380.50678733031685
3,1352,381,380.64615384615394
3,1353,381,380.65158371040735
3,1354,381,380.702262443439
3,1355,381,380.8389140271495
3,1356,381,381.03438914027157
3,1357,381,381.26153846153863
3,1358,381,381.4932126696834
3,1359,381,381.70226244343917
3,1360,382,382.0000000000001
3,1361,383,382.2977375565611
3,1362,383,382.5773755656109
3,1363,383,382.82081447963805
3,1364,383,382.93936651583726
3,1365,383,383.04434389140283
3,1366,383,383.03800904977396
3,1367,383,383.0226244343892
3,1368,383,383.87692307692316
3,1369,383,384.2180995475114
3,1370,383,384.05701357466074
3,1371,384,383.404524886878
3,1372,384,382.47149321266977
3,1373,385,380.6950226244344
3,1374,385,379.3122171945702
3,1375,374,378.2434389140273
3,1376,374,377.60904977375577
3,1377,374,377.32036199095023
3,1378,375,377.4886877828056
3,1379,375,378.2959276018101
3,1380,384,379.5239819004526
3,1381,384,381.23167420814497
3,1382,385,383.47782805429887
3,1383,385,384.7303167420815
3,1384,386,385.5864253393666
3,1385,386,386.06696832579195
3,1386,385,386.19276018099566
3,1387,385,385.7846153846156
3,1388,386,385.98009049773765
3,1389,386,386.1167420814482
3,1390,386,386.3058823529412
3,1391,387,386.4588235294119
3,1392,387,386.69592760181007
3,1393,387,386.93755656108607
3,1394,387,387.0361990950228
3,1395,387,387.04434389140283
3,1396,387,387.0823529411765
3,1397,387,387.0705882352942
3,1398,387,387.0000000000001
3,1399,387,387.0000000000001
3,1400,387,387.0000000000001
3,1401,387,387.0000000000001
3,1402,387,387.0000000000001
3,1403,387,387.0000000000001
3,1404,387,387.0000000000001
3,1405,387,387.0000000000001
3,1406,387,387.0000000000001
3,1407,387,387.0000000000001
3,1408,387,387.0000000000001
3,1409,387,387.0000000000001
3,1410,387,387.0000000000001
3,1411,387,387.0000000000001
3,1412,387,387.0000000000001
3,1413,387,387.0705882352942
3,1414,387,387.0823529411767
3,1415,387,387.11493212669694
3,1416,387,387.047963800905
3,1417,387,386.8289592760183
3,1418,387,386.60542986425344
3,1419,387,386.4570135746608
3,1420,386,386.26334841628966
3,1421,386,386.04253393665164
3,1422,385,385.8126696832581
3,1423,385,385.6624434389141
3,1424,386,385.4099547511313
3,1425,386,385.21176470588256
3,1426,385,385.0859728506788
3,1427,385,385.0506787330318
3,1428,385,385.0561085972853
3,1429,385,385.05248868778284
3,1430,384,384.84886877828075
3,1431,385,384.65429864253394
3,1432,385,384.6778280542988
3,1433,385,384.7285067873306
3,1434,385,384.68597285067875
3,1435,384,384.62986425339375
3,1436,384,384.7104072398191
3,1437,385,384.67782805429874
3,1438,385,384.350226244344
3,1439,384,384.0841628959277
3,1440,384,383.89773755656114
3,1441,384,383.6796380090499
3,1442,384,383.38642533936655
3,1443,382,383.03619909502277
3,1444,382,382.77918552036215
3,1445,383,382.633484162896
3,1446,383,382.5556561085975
3,1447,382,382.4343891402716
3,1448,382,382.3583710407241
3,1449,383,382.41628959276034
3,1450,383,382.4968325791857
3,1451,382,382.35022624434396
3,1452,382,382.12669683257934
3,1453,382,381.97375565610866
3,1454,382,381.83891402714937
3,1455,382,381.6723981900454
3,1456,381,381.42443438914034
3,1457,381,381.2515837104073
3,1458,381,381.1104072398191
3,1459,381,380.9601809954752
3,1460,381,380.76018099547514
3,1461,381,380.5375565610862
3,1462,380,380.3194570135748
3,1463,380,380.06244343891416
3,1464,380,379.7846153846156
3,1465,380,379.6361990950228
3,1466,379,379.4968325791856
3,1467,379,379.3140271493215
3,1468,379,379.23529411764713
3,1469,379,379.2696832579186
3,1470,380,379.2877828054299
3,1471,380,379.43076923076933
3,1472,379,379.5692307692309
3,1473,379,379.7122171945702
3,1474,380,379.65972850678736
3,1475,380,379.6117647058824
3,1476,380,379.6298642533937
3,1477,380,379.57556561085994
3,1478,379,379.58733031674217
3,1479,379,379.60361990950236
3,1480,379,379.49502262443445
3,1481,380,379.33212669683263
3,1482,380,379.1828054298644
3,1483,379,379.11493212669706
3,1484,379,379.1990950226245
3,1485,379,379.30588235294124
3,1486,379,379.3058823529413
3,1487,379,379.2696832579187
3,1488,379,379.12669683257934
3,1489,380,379.14479638009067
3,1490,380,379.32398190045257
3,1491,379,379.39638009049776
3,1492,379,379.43257918552047
3,1493,379,379.43257918552047
3,1494,379,379.32579185520365
3,1495,380,379.2416289592761
3,1496,380,379.24162895927617
3,1497,379,379.2552036199096
3,1498,379,379.350226244344
3,1499,379,379.3882352941177
3,1500,379,379.4307692307693
3,1501,380,379.4687782805431
3,1502,380,379.4932126696834
3,1503,379,379.56289592760197
3,1504,380,379.73665158371057
3,1505,380,379.8669683257919
3,1506,380,380.00633484162904
3,1507,380,380.13665158371055
3,1508,380,380.239819004525
3,1509,380,380.4361990950228
3,1510,381,380.64615384615394
3,1511,381,380.72217194570146
3,1512,381,380.8552036199096
3,1513,381,380.96561085972866
3,1514,381,381.044343891403
3,1515,381,381.01176470588246
3,1516,381,380.98823529411766
3,1517,381,380.9556561085974
3,1518,381,381.0343891402717
3,1519,381,381.1447963800908
3,1520,381,381.2778280542987
3,1521,381,381.42443438914034
3,1522,382,381.5755656108599
3,1523,382,381.72217194570146
3,1524,382,381.78461538461556
3,1525,382,381.88325791855215
3,1526,382,382.0000000000001
3,1527,382,382.1167420814481
3,1528,382,382.2153846153847
3,1529,382,382.2676735029673
3,1530,382,382.4345654345653
3,1531,383,382.6449106449105
3,1532,383,382.8799533799537
3,1533,383,383.08275058275063
3,1534,383,383.13636363636266
3,1535,383,382.90909090909076
3,1536,383,385.3963800904978
3,1537,383,384.7547511312218
3,1538,383,383.5067873303168
3,1539,383,383.03257918552043
3,1540,383,382.7122171945702
3,1541,383,382.56380090497754
3,1542,383,382.6054298642535
3,1543,382,382.99366515837113
3,1544,383,383.1312217194572
3,1545,383,383.29140271493225
3,1546,384,383.46515837104084
3,1547,384,383.5728506787331
3,1548,384,383.7348416289594
3,1549,384,383.93303167420834
3,1550,384,384.1493212669684
3,1551,384,384.2271493212671
3,1552,384,384.3484162895929
3,1553,384,384.42443438914034
3,1554,385,384.5755656108599
3,1555,385,384.7221719457015
3,1556,385,384.8552036199095
3,1557,385,384.9656108597286
3,1558,385,385.04434389140283
3,1559,385,385.08235294117657
3,1560,385,385.0705882352942
3,1561,385,385.0000000000001
3,1562,385,384.92941176470606
3,1563,385,384.91764705882355
3,1564,385,384.95565610859734
3,1565,385,385.03438914027157
3,1566,385,385.1447963800906
3,1567,385,385.2778280542987
3,1568,385,385.4244343891405
3,1569,386,385.57556561085977
3,1570,386,385.72217194570135
3,1571,386,385.9257918552037
3,1572,386,386.0479638009051
3,1573,386,386.7945701357467
3,1574,386,386.8714932126698
3,1575,386,386.3692307692309
3,1576,386,385.3782805429865
3,1577,386,384.1276018099548
3,1578,385,381.86968325791867
3,1579,385,380.12760180995485
3,1580,375,378.90135746606336
3,1581,375,378.1909502262444
3,1582,375,377.9257918552037
3,1583,375,377.98178292295927
3,1584,375,379.208791208791
3,1585,386,381.77400377400375
3,1586,386,385.1550116550117
3,1587,386,386.9298368298368
3,1588,386,387.78282828282755
3,1589,387,385.89393939393926
