channel,index,raw,filtered
1,0,388,390.22352941176484
1,1,388,388.82081447963816
1,2,388,387.2054298642536
1,3,388,385.37194570135756
1,4,381,383.71493212669697
1,5,381,382.4226244343893
1,6,382,381.48325791855217
1,7,382,381.02352941176486
1,8,379,380.3393665158371
1,9,379,379.92669683257935
1,10,381,379.78733031674216
1,11,381,380.12307692307706
1,12,380,380.1692307692308
1,13,380,380.16108597285074
1,14,380,380.1140271493214
1,15,380,380.24343891402725
1,16,380,380.2841628959277
1,17,381,380.171040723982
1,18,381,380.1104072398191
1,19,379,380.108597285068
1,20,379,380.03619909502277
1,21,381,379.96380090497746
1,22,381,379.9619909502264
1,23,379,379.90135746606353
1,24,379,379.7203619909502
1,25,380,379.69592760181
1,26,380,379.69592760181007
1,27,380,379.58190045248875
1,28,380,379.406334841629
1,29,379,379.5574660633484
1,30,379,379.8850678733033
1,31,380,380.03257918552043
1,32,380,380.24343891402725
1,33,381,380.33755656108605
1,34,381,380.7348416289593
1,35,382,381.4425339366517
1,36,382,382.2678733031675
1,37,382,382.8769230769232
1,38,383,383.5357466063349
1,39,383,384.23076923076934
1,40,387,384.94841628959284
1,41,387,385.604524886878
1,42,386,386.31493212669704
1,43,386,387.12760180995485
1,44,388,387.89049773755664
1,45,388,388.45158371040736
1,46,389,388.99728506787346
1,47,389,389.44615384615383
1,48,391,390.1411764705883
1,49,391,390.76380090497753
1,50,391,391.1393665158372
1,51,391,391.2226244343893
1,52,392,391.4452488687784
1,53,392,391.5004524886878
1,54,391,391.358371040724
1,55,391,391.18914027149333
1,56,391,391.2334841628961
1,57,391,391.33212669683263
1,58,392,391.53755656108603
1,59,391,391.70226244343917
1,60,391,392.0968325791856
1,61,393,392.39185520361997
1,62,393,392.60814479638015
1,63,393,392.5665158371042
1,64,393,392.364705882353
1,65,392,391.90045248868796
1,66,392,391.4895927601811
1,67,390,390.70950226244355
1,68,390,389.8262443438915
1,69,388,388.91221719457025
1,70,388,388.1285067873305
1,71,387,387.1067873303168
1,72,387,386.0941176470589
1,73,385,385.2018099547511
1,74,385,384.3411764705884
1,75,383,383.2823529411765
1,76,383,382.3954751131224
1,77,380,381.49411764705894
1,78,381,380.79185520362006
1,79,381,380.2226244343893
1,80,379,379.92036199095025
1,81,379,379.67149321266965
1,82,380,379.6624434389142
1,83,380,379.5909502262444
1,84,380,379.75475113122184
1,85,380,379.68597285067875
1,86,380,379.85520361990956
1,87,380,380.1122171945703
1,88,380,380.1592760180996
1,89,380,380.3601809954753
1,90,381,380.79909502262456
1,91,381,381.36018099547516
1,92,382,381.78642533936676
1,93,382,382.4208144796381
1,94,383,383.0497737556562
1,95,385,383.85972850678723
1,96,385,384.68959276018103
1,97,385,385.5782805429866
1,98,385,386.5647058823531
1,99,388,387.48778280543
1,100,388,388.3248868778281
1,101,390,389.0533936651585
1,102,390,389.7212669683259
1,103,391,390.4533936651585
1,104,391,391.04524886877834
1,105,391,391.43348416289604
1,106,391,391.625339366516
1,107,392,391.8434389140273
1,108,392,391.8488687782807
1,109,392,391.89140271493227
1,110,392,391.750226244344
1,111,392,391.6841628959277
1,112,392,391.61357466063356
1,113,391,391.60000000000014
1,114,391,391.50497737556583
1,115,391,391.74932126696854
1,116,391,391.75384615384627
1,117,392,391.6343891402715
1,118,392,391.306787330317
1,119,392,390.96651583710417
1,120,391,390.4796380090498
1,121,391,389.6506787330318
1,122,387,388.76380090497753
1,123,387,387.6325791855205
1,124,386,386.48868778280564
1,125,386,385.30226244343896
1,126,384,384.12036199095036
1,127,383,383.0606334841631
1,128,383,382.17285067873314
1,129,381,381.50678733031685
1,130,381,380.5556561085975
1,131,379,379.8126696832581
1,132,379,379.0705882352941
1,133,379,378.72217194570146
1,134,379,378.4651583710408
1,135,378,378.45882352941186
1,136,378,378.78280542986425
1,137,379,379.1692307692308
1,138,379,379.750226244344
1,139,381,380.239819004525
1,140,381,380.5402714932128
1,141,382,381.01266968325797
1,142,382,381.67330316742095
1,143,382,381.91764705882366
1,144,382,382.27963800904973
1,145,382,382.87782805429873
1,146,382,383.43076923076933
1,147,385,383.93122171945697
1,148,385,384.5719457013576
1,149,384,385.4805429864255
1,150,388,386.38461538461553
1,151,388,387.07963800904986
1,152,387,387.76108597285076
1,153,387,388.34751131221725
1,154,390,388.75746606334855
1,155,390,389.25429864253397
1,156,389,389.7013574660635
1,157,389,389.9674208144797
1,158,391,390.4751131221722
1,159,391,390.91493212669695
1,160,391,391.1212669683259
1,161,391,391.1990950226246
1,162,392,391.4687782805431
1,163,392,391.58914027149336
1,164,391,391.64253393665166
1,165,391,391.31131221719465
1,166,391,390.8289592760183
1,167,391,390.22895927601814
1,168,390,389.75927601809974
1,169,389,389.0678733031675
1,170,389,388.28597285067883
1,171,386,387.54479638009053
1,172,386,386.9809954751132
1,173,387,386.3312217194571
1,174,387,385.7475113122174
1,175,384,385.1819004524888
1,176,384,384.65701357466077
1,177,385,384.0570135746607
1,178,385,383.6045248868779
1,179,382,382.8361990950227
1,180,382,381.95656108597296
1,181,381,381.3674208144798
1,182,381,380.93212669683277
1,183,380,380.09592760181
1,184,380,379.50407239819015
1,185,379,379.31312217194585
1,186,379,379.47963800904984
1,187,380,379.4742081447964
1,188,379,379.7674208144797
1,189,379,380.1321266968327
1,190,382,380.7411764705883
1,191,382,381.2787330316742
1,192,382,382.02895927601816
1,193,382,382.7194570135748
1,194,384,383.4778280542987
1,195,384,384.21990950226274
1,196,385,384.9230769230771
1,197,385,385.55837104072424
1,198,387,386.44162895927616
1,199,387,387.14751131221726
1,200,388,387.8624434389141
1,201,388,388.4959276018102
1,202,390,389.3049773755658
1,203,390,389.94660633484176
1,204,390,390.4959276018101
1,205,390,390.82805429864266
1,206,392,391.1656108597286
1,207,392,391.3312217194571
1,208,392,391.4977375565612
1,209,391,391.4380090497738
1,210,391,391.48144796380103
1,211,391,391.3574660633485
1,212,391,391.1457013574662
1,213,391,390.72579185520385
1,214,391,390.4633484162896
1,215,390,390.1239819004526
1,216,390,389.8941176470589
1,217,389,389.4217194570138
1,218,389,388.902262443439
1,219,388,388.26063348416307
1,220,388,387.7013574660634
1,221,387,387.0289592760182
1,222,387,386.4660633484164
1,223,385,385.6968325791857
1,224,385,384.8823529411766
1,225,384,383.9746606334843
1,226,384,383.1257918552037
1,227,382,382.27873303167434
1,228,382,381.5764705882354
1,229,380,380.88235294117646
1,230,380,380.4597285067874
1,231,380,380.01538461538473
1,232,380,379.8561085972852
1,233,380,379.80000000000007
1,234,380,380.0651583710408
1,235,380,380.31312217194585
1,236,381,380.8054298642534
1,237,381,381.1058823529413
1,238,382,381.57828054298653
1,239,382,382.0977375565612
1,240,383,382.7393665158373
1,241,383,383.2986425339368
1,242,384,383.971040723982
1,243,384,384.67511312217204
1,244,386,385.4678733031675
1,245,386,386.1357466063349
1,246,387,386.7330316742083
1,247,387,387.3755656108597
1,248,389,388.1113122171948
1,249,389,388.7066462948814
1,250,389,389.27272727272714
1,251,389,389.8481518481518
1,252,390,390.4067599067601
1,253,392,391.0533799533799
1,254,392,391.70202020201947
1,255,392,392.10606060606045
1,256,391,392.81266968325804
1,257,392,392.4570135746608
1,258,392,392.1266968325792
1,259,392,391.7285067873305
1,260,392,391.3782805429865
1,261,391,390.99185520362
1,262,391,390.76470588235304
1,263,390,390.49230769230786
1,264,390,389.9022624434389
1,265,389,389.260633484163
1,266,389,388.7013574660634
1,267,388,388.02895927601816
1,268,388,387.3954751131223
1,269,386,386.6144796380092
1,270,386,385.90859728506797
1,271,385,385.0914027149323
1,272,385,384.3855203619911
1,273,383,383.604524886878
1,274,383,382.9004524886878
1,275,382,382.2162895927603
1,276,382,381.69502262443456
1,277,381,381.1321266968328
1,278,381,380.72307692307703
1,279,380,380.31312217194585
1,280,380,380.14751131221726
1,281,380,379.985520361991
1,282,380,379.9864253393667
1,283,380,379.81809954751134
1,284,380,379.9484162895929
1,285,380,380.07963800904986
1,286,381,380.5140271493214
1,287,381,380.99728506787335
1,288,381,381.6751131221721
1,289,381,382.41357466063357
1,290,384,383.27873303167445
1,291,384,384.0570135746608
1,292,386,384.9348416289594
1,293,386,385.75113122171956
1,294,387,386.612669683258
1,295,387,387.48778280542996
1,296,388,388.27692307692314
1,297,388,388.8805429864255
1,298,390,389.5438914027151
1,299,390,390.11221719457023
1,300,391,390.8515837104073
1,301,392,391.4280542986426
1,302,392,391.9963800904979
1,303,392,392.3113122171946
1,304,392,392.47511312217205
1,305,393,392.39004524886883
1,306,393,392.37647058823535
1,307,392,392.1547511312218
1,308,392,392.075113122172
1,309,391,391.8262443438916
1,310,391,391.38280542986433
1,311,391,390.79004524886875
1,312,391,390.2343891402717
1,313,390,389.64072398190063
1,314,390,388.6579185520363
1,315,387,387.86696832579196
1,316,387,387.356561085973
1,317,387,387.0769230769233
1,318,387,386.9782805429865
1,319,385,387.64343891402734
1,320,385,388.05520361990955
1,321,390,388.2361990950228
1,322,390,388.20904977375574
1,323,390,387.64886877828064
1,324,389,386.8307692307694
1,325,389,385.8180995475115
1,326,381,384.6742081447964
1,327,381,383.2561085972852
1,328,380,381.62081447963817
1,329,380,380.37375565610876
1,330,380,379.52036199095033
1,331,380,378.9303167420815
1,332,380,378.9348416289593
1,333,380,379.508597285068
1,334,379,379.8479638009052
1,335,379,380.3312217194571
1,336,381,381.03348416289606
1,337,381,381.95294117647063
1,338,384,383.0171945701358
1,339,384,384.15384615384625
1,340,386,385.1493212669684
1,341,386,386.1900452488688
1,342,388,387.1176470588236
1,343,388,387.77375565610873
1,344,388,388.2036199095024
1,345,388,388.45248868778305
1,346,388,388.84524886877836
1,347,390,389.10678733031676
1,348,390,389.3800904977376
1,349,389,389.6081447963802
1,350,389,390.01357466063354
1,351,391,390.41900452488693
1,352,391,390.7882352941178
1,353,391,391.08506787330333
1,354,391,391.2733031674209
1,355,392,391.59366515837104
1,356,392,391.95746606334853
1,357,392,392.0787330316743
1,358,392,392.00995475113143
1,359,392,392.0099547511314
1,360,392,392.0787330316743
1,361,392,391.9574660633486
1,362,392,391.66425339366526
1,363,391,391.4968325791856
1,364,391,391.1529411764707
1,365,391,390.748416289593
1,366,391,390.1990950226245
1,367,389,389.62986425339375
1,368,389,388.96561085972854
1,369,389,388.4814479638011
1,370,387,387.85248868778285
1,371,387,387.10135746606346
1,372,386,386.2506787330318
1,373,386,385.39095022624446
1,374,385,384.612669683258
1,375,385,383.8000000000001
1,376,382,383.03710407239834
1,377,382,382.40542986425345
1,378,381,381.70950226244355
1,379,381,381.2244343891403
1,380,381,380.60452488687804
1,381,381,380.24253393665174
1,382,380,380.1158371040725
1,383,380,380.20180995475124
1,384,380,379.98914027149345
1,385,380,379.96651583710434
1,386,379,379.99547511312227
1,387,381,380.13755656108617
1,388,381,380.2425339366517
1,389,380,380.56018099547526
1,390,380,380.92488687782816
1,391,382,381.371040723982
1,392,382,381.72126696832595
1,393,382,382.19819004524896
1,394,382,382.4678733031675
1,395,384,383.07330316742105
1,396,384,383.7393665158372
1,397,384,384.39366515837105
1,398,384,384.8841628959277
1,399,386,385.6651583710409
1,400,386,386.44343891402724
1,401,388,387.26696832579194
1,402,388,388.04524886877846
1,403,389,388.894117647059
1,404,389,389.729411764706
1,405,391,390.54027149321274
1,406,391,391.11583710407245
1,407,392,391.660633484163
1,408,392,391.979185520362
1,409,392,392.2941176470589
1,410,393,392.42805429864256
1,411,393,392.48325791855206
1,412,392,392.36199095022636
1,413,392,392.4552036199096
1,414,392,392.3538461538462
1,415,392,392.2760180995477
1,416,392,392.039819004525
1,417,392,391.81357466063355
1,418,392,391.5040723981902
1,419,392,391.23619909502276
1,420,390,390.66696832579186
1,421,390,389.9303167420815
1,422,389,389.16018099547523
1,423,389,388.29049773755656
1,424,387,387.46425339366533
1,425,387,386.62443438914033
1,426,385,385.9936651583712
1,427,385,385.3945701357467
1,428,385,384.64977375565616
1,429,384,383.98190045248896
1,430,384,383.404524886878
1,431,383,382.9312217194572
1,432,383,382.3665158371042
1,433,381,381.91493212669695
1,434,381,381.3628959276019
1,435,381,380.89683257918557
1,436,381,380.5619909502264
1,437,380,380.26515837104085
1,438,380,380.0425339366517
1,439,380,379.9212669683259
1,440,380,379.9900452488689
1,441,380,379.9900452488689
1,442,380,379.9212669683258
1,443,380,380.04253393665175
1,444,380,380.19457013574674
1,445,381,380.4090497737557
1,446,381,380.84072398190057
1,447,381,381.36470588235306
1,448,381,382.0561085972852
1,449,383,382.71040723981906
1,450,383,383.52307692307704
1,451,385,384.34208144796384
1,452,386,385.2153846153847
1,453,386,386.12036199095024
1,454,387,387.0343891402716
1,455,387,387.7963800904978
1,456,389,388.4452488687784
1,457,389,389.1583710407241
1,458,390,389.7131221719458
1,459,390,390.3049773755658
1,460,391,390.8678733031675
1,461,391,391.20633484162903
1,462,392,391.53393665158376
1,463,392,391.7963800904979
1,464,392,392.08687782805447
1,465,392,392.2371040723984
1,466,392,392.3583710407241
1,467,392,392.3619909502263
1,468,393,392.4389140271495
1,469,393,392.3800904977377
1,470,392,392.3945701357466
1,471,392,392.29140271493236
1,472,392,392.1592760180996
1,473,392,391.88687782805437
1,474,392,391.71312217194577
1,475,391,391.27692307692314
1,476,391,390.841628959276
1,477,390,390.27058823529404
1,478,390,389.7095022624435
1,479,389,388.9040723981902
1,480,389,388.0153846153848
1,481,386,387.00452488687796
1,482,386,386.0416289592762
1,483,385,384.9583710407241
1,484,385,383.92488687782816
1,485,382,382.902262443439
1,486,382,382.12217194570155
1,487,381,381.33665158371053
1,488,381,380.8361990950227
1,489,380,380.35746606334857
1,490,380,380.0371040723983
1,491,380,379.729411764706
1,492,380,379.6886877828055
1,493,379,379.4742081447966
1,494,380,379.4452488687784
1,495,380,379.47239819004534
1,496,379,379.6262443438915
1,497,379,379.62714932126704
1,498,380,379.7954751131224
1,499,380,380.03348416289606
1,500,381,380.4434389140273
1,501,381,380.78009049773766
1,502,381,381.3366515837105
1,503,381,381.92669683257924
1,504,383,382.4959276018101
1,505,383,383.0340247987305
1,506,384,383.65734265734244
1,507,384,384.31335331335316
1,508,385,384.89277389277413
1,509,385,385.2825174825176
1,510,386,385.6161616161608
1,511,386,386.06060606060606
1,512,387,390.57013574660635
1,513,388,390.02805429864276
1,514,388,389.6144796380091
1,515,390,389.47692307692324
1,516,390,389.62443438914033
1,517,391,390.06606334841644
1,518,391,390.81085972850684
1,519,392,391.93846153846164
1,520,392,392.3592760180997
1,521,393,392.66063348416304
1,522,393,392.73574660633494
1,523,393,392.8253393665159
1,524,393,392.7701357466064
1,525,393,392.6904977375567
1,526,392,392.5773755656109
1,527,392,392.43076923076944
1,528,392,392.40090497737566
1,529,392,392.2470588235295
1,530,392,392.0144796380091
1,531,392,391.6190045248869
1,532,392,391.39728506787355
1,533,391,390.88597285067874
1,534,391,390.1076923076924
1,535,388,389.0850678733033
1,536,388,388.0497737556562
1,537,387,386.83348416289607
1,538,387,385.5447963800907
1,539,383,384.2923076923077
1,540,383,383.25520361990965
1,541,382,382.2742081447965
1,542,382,381.4579185520364
1,543,380,380.6995475113123
1,544,380,380.15384615384625
1,545,380,379.7638009049774
1,546,380,379.6723981900454
1,547,379,379.46877828054306
1,548,379,379.34208144796395
1,549,380,379.1285067873304
1,550,379,379.06425339366524
1,551,379,378.89954751131233
1,552,379,378.78461538461545
1,553,379,378.6579185520364
1,554,378,378.6579185520364
1,555,378,378.646153846154
1,556,379,378.68416289592767
1,557,379,378.68959276018114
1,558,379,378.8416289592761
1,559,379,379.1746606334843
1,560,380,379.65248868778286
1,561,380,379.8859728506788
1,562,380,380.41809954751136
1,563,380,381.0995475113124
1,564,383,381.77556561085976
1,565,383,382.6914027149323
1,566,383,383.6769230769233
1,567,383,384.76199095022633
1,568,388,385.9764705882354
1,569,387,387.15022624434397
1,570,387,388.11312217194575
1,571,390,388.8950226244345
1,572,390,389.73212669683267
1,573,391,390.460633484163
1,574,391,390.9900452488688
1,575,391,391.22986425339377
1,576,391,391.7819004524889
1,577,392,392.1095022624434
1,578,392,392.29954751131237
1,579,393,392.58371040723995
1,580,393,392.73212669683267
1,581,393,392.8651583710409
1,582,393,392.97375565610866
1,583,393,392.9194570135748
1,584,393,392.77285067873316
1,585,392,392.5429864253394
1,586,392,392.3185520361993
1,587,392,391.9972850678734
1,588,392,391.6244343891404
1,589,391,391.11583710407257
1,590,391,390.666968325792
1,591,390,390.0733031674209
1,592,390,389.4072398190046
1,593,388,388.7438914027151
1,594,388,387.9583710407241
1,595,387,387.2733031674209
1,596,387,386.5113122171947
1,597,385,385.70407239818996
1,598,385,384.8832579185522
1,599,385,384.0805429864255
1,600,383,383.32760180995496
1,601,383,382.58823529411774
1,602,381,381.8262443438915
1,603,381,381.00271493212676
1,604,380,380.2787330316742
1,605,380,379.39728506787344
1,606,379,378.7013574660635
1,607,379,378.18371040723997
1,608,377,377.7601809954752
1,609,377,377.46696832579204
1,610,377,377.1809954751134
1,611,377,377.3022624434391
1,612,378,377.53303167420825
1,613,378,378.1755656108598
1,614,379,378.90497737556564
1,615,379,379.99638009049795
1,616,381,381.02986425339384
1,617,383,382.1855203619911
1,618,383,383.2226244343893
1,619,385,384.3004524886878
1,620,385,385.4398190045251
1,621,387,386.46153846153857
1,622,387,387.32488687782825
1,623,388,387.9891402714932
1,624,388,388.5520361990952
1,625,390,389.1882352941177
1,626,390,389.60452488687787
1,627,390,390.12579185520383
1,628,390,390.5384615384616
1,629,391,391.04705882352954
1,630,391,391.4561085972852
1,631,392,391.77918552036215
1,632,392,392.0298642533938
1,633,393,392.5013574660635
1,634,393,392.8868778280544
1,635,393,393.08868778280555
1,636,393,393.20904977375574
1,637,393,393.42081447963807
1,638,394,393.4968325791857
1,639,394,393.6280542986427
1,640,393,393.6054298642534
1,641,393,393.6380090497738
1,642,394,393.5348416289593
1,643,394,393.52579185520375
1,644,393,393.2407239819005
1,645,393,392.86606334841645
1,646,392,392.3266968325793
1,647,392,391.8361990950227
1,648,391,390.9402714932128
1,649,391,389.8705882352943
1,650,388,388.7266968325793
1,651,388,387.68778280542995
1,652,386,386.535746606335
1,653,386,385.329411764706
1,654,383,384.1276018099548
1,655,383,382.98914027149334
1,656,382,381.90226244343916
1,657,382,381.0552036199096
1,658,380,380.150226244344
1,659,379,379.4895927601811
1,660,379,378.88687782805437
1,661,378,378.55565610859736
1,662,378,378.08235294117657
1,663,378,377.8533936651584
1,664,378,377.7665158371042
1,665,378,377.9194570135747
1,666,378,377.92126696832594
1,667,378,378.04253393665164
1,668,378,378.3357466063349
1,669,379,378.6443438914028
1,670,379,378.8705882352941
1,671,379,379.2461538461539
1,672,379,379.65520361990974
1,673,381,380.1819004524889
1,674,381,380.6307692307693
1,675,381,381.20633484162903
1,676,381,381.76561085972855
1,677,383,382.5040723981902
1,678,383,382.9963800904978
1,679,384,383.6171945701358
1,680,384,384.3873303167421
1,681,386,385.39547511312225
1,682,386,386.53031674208154
1,683,387,387.612669683258
1,684,387,388.66334841628964
1,685,391,389.8416289592761
1,686,392,390.9067873303169
1,687,392,391.89773755656114
1,688,393,392.65339366515855
1,689,393,393.36018099547533
1,690,394,393.80452488687797
1,691,394,394.05248868778295
1,692,394,393.97013574660645
1,693,394,394.04796380090517
1,694,394,394.114932126697
1,695,394,394.22352941176473
1,696,394,394.164705882353
1,697,394,394.006334841629
1,698,394,394.0986425339367
1,699,394,393.99185520362
1,700,394,393.7927601809956
1,701,394,393.40814479638027
1,702,392,392.88325791855215
1,703,393,392.26334841628966
1,704,393,391.8054298642534
1,705,390,391.16651583710416
1,706,390,390.41900452488704
1,707,389,389.63529411764716
1,708,389,389.09954751131227
1,709,389,388.4959276018102
1,710,389,387.6470588235295
1,711,386,386.91402714932144
1,712,386,386.5285067873304
1,713,386,385.77737556561084
1,714,386,384.8923076923078
1,715,383,383.95475113122177
1,716,383,383.3194570135748
1,717,383,382.6
1,718,383,382.0253393665159
1,719,380,381.3411764705884
1,720,380,380.69321266968336
1,721,381,380.15384615384625
1,722,381,379.8660633484164
1,723,378,379.35746606334857
1,724,379,378.3294117647059
1,725,379,377.8714932126698
1,726,378,377.9656108597286
1,727,378,378.24886877828067
1,728,378,378.75837104072394
1,729,377,379.5963800904979
1,730,377,380.6651583710408
1,731,385,381.5221719457015
1,732,385,382.46334841628976
1,733,385,383.3728506787332
1,734,384,384.06696832579206
1,735,384,384.56199095022646
1,736,384,384.4506787330318
1,737,384,384.116742081448
1,738,384,383.6515837104073
1,739,384,383.9746606334843
1,740,384,384.6054298642535
1,741,384,385.56018099547515
1,742,384,386.51674208144806
1,743,389,387.27963800904996
1,744,390,388.1828054298644
1,745,390,389.0742081447965
1,746,391,390.0018099547513
1,747,391,390.8751131221721
1,748,390,391.6036199095024
1,749,390,392.0968325791857
1,750,393,392.26425339366523
1,751,393,392.70769230769247
1,752,394,393.1674208144797
1,753,394,393.53665158371047
1,754,394,393.91764705882366
1,755,394,394.21266968325807
1,756,394,394.2561085972852
1,757,394,394.22352941176473
1,758,394,394.235294117647
1,759,394,394.08868778280555
1,760,394,393.9312217194571
1,761,394,393.7752835399893
1,762,394,393.5344655344654
1,763,394,393.18858918858916
1,764,392,392.73426573426593
1,765,392,392.22331002331015
1,766,392,391.8484848484841
1,767,392,392.09090909090907
1,768,390,391.2615384615386
1,769,389,390.1547511312218
1,770,389,389.2805429864255
1,771,388,388.20271493212687
1,772,388,386.9683257918554
1,773,385,385.8244343891404
1,774,385,385.23257918552054
1,775,385,384.654298642534
1,776,385,383.5484162895929
1,777,381,382.43529411764723
1,778,381,381.5466063348418
1,779,382,380.77556561085987
1,780,382,380.15384615384625
1,781,377,379.2950226244345
1,782,377,378.61266968325805
1,783,379,378.17013574660655
1,784,379,378.03076923076947
1,785,378,377.5628959276018
1,786,377,377.3348416289594
1,787,377,377.42352941176483
1,788,378,377.9058823529414
1,789,378,378.02805429864264
1,790,378,378.2361990950227
1,791,378,378.47963800904984
1,792,380,379.10769230769233
1,793,380,379.91855203619923
1,794,381,380.77194570135765
1,795,381,381.5158371040725
1,796,382,382.46606334841636
1,797,382,383.39095022624446
1,798,386,384.1176470588237
1,799,386,384.9348416289593
1,800,386,385.9927601809957
1,801,386,387.04162895927607
1,802,388,388.0407239819005
1,803,388,388.9493212669685
1,804,389,389.72669683257925
1,805,392,390.3321266968327
1,806,392,391.2108597285069
1,807,392,392.0081447963801
1,808,392,392.5809954751132
1,809,393,392.9864253393667
1,810,393,393.49049773755667
1,811,394,393.7592760180996
1,812,394,393.9475113122173
1,813,394,394.2253393665159
1,814,394,394.3719457013577
1,815,395,394.3782805429866
1,816,395,394.30588235294135
1,817,394,394.1547511312218
1,818,394,393.93393665158385
1,819,393,393.66153846153856
1,820,393,393.36470588235306
1,821,393,393.22352941176484
1,822,393,392.75656108597303
1,823,392,392.24524886877833
1,824,392,391.571040723982
1,825,391,390.8977375565612
1,826,391,389.98914027149334
1,827,390,388.8153846153848
1,828,386,387.5466063348418
1,829,386,386.4235294117648
1,830,385,385.28687782805434
1,831,385,384.18642533936656
1,832,382,383.17194570135763
1,833,382,382.29321266968344
1,834,382,381.60000000000014
1,835,382,381.1420814479639
1,836,380,380.41538461538477
1,837,380,379.7837104072399
1,838,379,379.1900452488688
1,839,379,378.7067873303169
1,840,378,377.979185520362
1,841,378,377.51402714932135
1,842,377,377.329411764706
1,843,377,377.4434389140273
1,844,377,377.4561085972852
1,845,377,377.76742081447964
1,846,378,378.07963800904986
1,847,380,378.6950226244345
1,848,380,379.35927601809965
1,849,380,380.21809954751143
1,850,380,380.92850678733043
1,851,382,381.7475113122172
1,852,382,382.37285067873313
1,853,384,383.1022624434389
1,854,384,383.8859728506789
1,855,385,384.9511312217196
1,856,385,386.05701357466063
1,857,387,387.10407239819
1,858,387,387.85158371040745
1,859,390,388.73574660633494
1,860,390,389.51583710407255
1,861,391,390.36923076923085
1,862,391,391.0027149321268
1,863,391,391.6027149321269
1,864,391,392.0171945701359
1,865,393,392.5122171945702
1,866,393,392.7538461538463
1,867,393,393.10316742081466
1,868,393,393.321266968326
1,869,394,393.5194570135747
1,870,394,393.6090497737557
1,871,394,393.64253393665166
1,872,393,393.47239819004534
1,873,393,393.50769230769237
1,874,393,393.3574660633485
1,875,393,393.1900452488689
1,876,393,392.7737556561086
1,877,393,392.433484162896
1,878,392,391.89411764705886
1,879,392,391.36923076923097
1,880,390,390.5339366515838
1,881,390,389.61085972850697
1,882,388,388.55203619909514
1,883,388,387.5891402714934
1,884,386,386.6950226244345
1,885,386,385.71945701357475
1,886,384,384.7212669683259
1,887,384,383.7592760180997
1,888,383,382.68325791855216
1,889,383,381.74298642533944
1,890,381,380.77013574660646
1,891,379,379.9963800904979
1,892,379,379.23529411764713
1,893,378,378.70045248868786
1,894,378,378.116742081448
1,895,378,377.8090497737557
1,896,378,377.61357466063356
1,897,378,377.7665158371042
1,898,378,377.9475113122173
1,899,378,378.1592760180996
1,900,378,378.5248868778281
1,901,379,378.88778280542994
1,902,379,379.15022624434397
1,903,380,379.5438914027151
1,904,380,379.95294117647063
1,905,381,380.2497737556562
1,906,381,380.7683257918552
1,907,381,381.2859728506789
1,908,381,381.9800904977376
1,909,383,382.819004524887
1,910,383,383.771040723982
1,911,384,384.8045248868779
1,912,387,385.88778280543005
1,913,387,386.9891402714933
1,914,389,388.0769230769232
1,915,389,388.91040723981916
1,916,390,389.64886877828053
1,917,390,390.4515837104072
1,918,391,391.07782805429866
1,919,391,391.49592760181014
1,920,392,392.08959276018106
1,921,392,392.64524886877837
1,922,394,393.23800904977384
1,923,394,393.68144796380096
1,924,394,394.13936651583725
1,925,394,394.37556561085984
1,926,395,394.50135746606344
1,927,395,394.5692307692309
1,928,394,394.4407239819005
1,929,394,394.26606334841637
1,930,394,393.9429864253394
1,931,393,393.3846153846154
1,932,393,392.5746606334843
1,933,393,391.6968325791857
1,934,391,391.2171945701358
1,935,391,390.6018099547511
1,936,388,390.01447963800916
1,937,388,389.21900452488694
1,938,388,388.32398190045257
1,939,389,387.2995475113122
1,940,389,386.45701357466066
1,941,385,385.6371040723983
1,942,385,384.75113122171956
1,943,382,384.0515837104074
1,944,382,382.97285067873315
1,945,382,381.75565610859746
1,946,382,380.6289592760182
1,947,380,379.7511312217196
1,948,380,379.2805429864255
1,949,379,378.75384615384627
1,950,377,378.5076923076924
1,951,377,378.039819004525
1,952,378,377.84796380090506
1,953,378,377.94117647058823
1,954,379,378.3285067873304
1,955,379,378.6009049773757
1,956,379,379.1493212669685
1,957,379,379.73755656108614
1,958,381,380.2524886877829
1,959,381,380.56018099547526
1,960,381,381.1239819004526
1,961,381,381.79185520361995
1,962,383,382.40904977375584
1,963,383,383.22081447963814
1,964,384,384.198190045249
1,965,384,385.1122171945703
1,966,387,386.00814479638024
1,967,387,386.9312217194571
1,968,387,387.7203619909503
1,969,390,388.4144796380092
1,970,390,389.12036199095024
1,971,389,389.74479638009063
1,972,389,390.26515837104085
1,973,391,390.65882352941196
1,974,391,391.2506787330318
1,975,392,391.76561085972855
1,976,392,392.1402714932128
1,977,393,392.7266968325793
1,978,393,393.2769230769231
1,979,394,393.6162895927603
1,980,394,393.8407239819005
1,981,394,394.052488687783
1,982,394,394.0923076923078
1,983,394,394.29230769230776
1,984,394,394.1846153846155
1,985,394,393.85520361990956
1,986,394,393.39004524886894
1,987,393,393.2280542986426
1,988,393,392.8081447963802
1,989,393,392.1936651583713
1,990,390,391.4479638009051
1,991,390,390.846153846154
1,992,391,390.06334841628967
1,993,391,389.260633484163
1,994,387,388.3990950226244
1,995,387,387.5104072398192
1,996,387,386.6262443438915
1,997,387,385.98733031674215
1,998,384,385.019004524887
1,999,384,384.02352941176486
1,1000,383,383.2298642533938
1,1001,383,382.8081447963802
1,1002,382,382.0452488687784
1,1003,382,381.30497737556567
1,1004,380,380.59819004524894
1,1005,380,380.13574660633503
1,1006,380,379.71583710407253
1,1007,380,379.3366515837106
1,1008,378,378.7819004524888
1,1009,378,378.4352941176472
1,1010,378,378.1239819004527
1,1011,379,378.07511312217207
1,1012,379,377.81809954751145
1,1013,377,377.8823529411766
1,1014,377,378.1701357466065
1,1015,379,378.78371040723994
1,1016,379,379.2687782805431
1,1017,380,379.9399424105306
1,1018,380,380.85814185814166
1,1019,383,381.9882339882338
1,1020,383,382.9137529137532
1,1021,384,383.80186480186455
1,1022,384,384.85858585858506
1,1023,386,385.651515151515
1,1024,386,389.94479638009074
1,1025,387,389.26515837104085
1,1026,387,388.798190045249
1,1027,389,388.5004524886878
1,1028,389,388.52850678733046
1,1029,389,388.7592760180997
1,1030,391,389.46968325791863
1,1031,391,390.6597285067875
1,1032,391,391.2217194570137
1,1033,391,391.85701357466075
1,1034,392,392.30226244343896
1,1035,392,392.6389140271495
1,1036,394,392.94841628959296
1,1037,394,393.31764705882364
1,1038,394,393.7104072398192
1,1039,394,393.96742081447974
1,1040,393,394.0705882352942
1,1041,393,394.07239819004536
1,1042,395,393.96380090497746
1,1043,395,393.7447963800907
1,1044,393,393.56289592760197
1,1045,393,393.4452488687785
1,1046,393,393.23076923076934
1,1047,393,392.83529411764715
1,1048,392,392.24524886877845
1,1049,392,391.4470588235295
1,1050,391,390.8425339366517
1,1051,391,390.23348416289605
1,1052,389,389.6361990950228
1,1053,388,388.86696832579196
1,1054,388,388.15746606334847
1,1055,387,387.3393665158372
1,1056,387,386.52398190045255
1,1057,386,385.6226244343892
1,1058,386,384.61447963800913
1,1059,383,383.67873303167437
1,1060,383,382.64705882352956
1,1061,381,381.612669683258
1,1062,381,380.7276018099549
1,1063,379,379.9348416289593
1,1064,379,379.377375565611
1,1065,379,378.9185520361991
1,1066,379,378.8217194570137
1,1067,379,378.6552036199096
1,1068,379,378.78733031674227
1,1069,379,378.88868778280556
1,1070,379,379.22986425339377
1,1071,379,379.5248868778282
1,1072,380,379.88778280543005
1,1073,380,380.0796380090498
1,1074,381,380.46153846153845
1,1075,381,380.90859728506797
1,1076,382,381.4959276018102
1,1077,382,382.0190045248869
1,1078,382,382.6733031674209
1,1079,382,383.23619909502276
1,1080,385,384.02352941176486
1,1081,385,384.80361990950234
1,1082,386,385.75384615384627
1,1083,386,386.71312217194577
1,1084,388,387.58823529411785
1,1085,388,388.4859728506789
1,1086,390,389.3067873303169
1,1087,390,389.9511312217196
1,1088,391,390.7348416289594
1,1089,391,391.37375565610864
1,1090,391,391.8633484162897
1,1091,393,392.1990950226246
1,1092,393,392.65610859728514
1,1093,393,392.90950226244365
1,1094,393,393.19095022624447
1,1095,393,393.33212669683263
1,1096,393,393.4443438914028
1,1097,394,393.4389140271493
1,1098,394,393.4389140271494
1,1099,393,393.44434389140275
1,1100,393,393.33212669683263
1,1101,393,393.1203619909504
1,1102,393,392.8977375565612
1,1103,393,392.55294117647077
1,1104,393,392.18371040724
1,1105,391,391.8262443438916
1,1106,391,391.5963800904979
1,1107,391,391.14208144796396
1,1108,391,390.5882352941178
1,1109,390,390.1303167420816
1,1110,390,389.56380090497754
1,1111,389,389.10226244343903
1,1112,389,388.5592760180996
1,1113,387,387.67782805429874
1,1114,387,386.80090497737575
1,1115,387,386.20361990950244
1,1116,385,385.5610859728508
1,1117,385,384.89592760181006
1,1118,383,384.23076923076934
1,1119,383,383.5882352941178
1,1120,384,382.9909502262446
1,1121,384,382.18190045248883
1,1122,381,381.50407239819015
1,1123,381,381.09140271493226
1,1124,380,380.60090497737565
1,1125,380,380.15746606334847
1,1126,379,379.5972850678735
1,1127,379,379.2180995475114
1,1128,380,379.10588235294136
1,1129,380,379.3466063348416
1,1130,379,379.54298642533945
1,1131,379,379.7565610859731
1,1132,380,380.0986425339368
1,1133,381,380.81538461538474
1,1134,381,381.343891402715
1,1135,382,381.6660633484164
1,1136,382,382.0316742081449
1,1137,382,382.28144796380104
1,1138,384,382.38823529411775
1,1139,384,382.3158371040726
1,1140,381,382.2959276018101
1,1141,381,382.2895927601812
1,1142,382,382.3285067873304
1,1143,382,382.37375565610876
1,1144,383,382.58642533936666
1,1145,383,382.85067873303177
1,1146,384,383.52760180995494
1,1147,384,384.43981900452485
1,1148,385,385.1357466063349
1,1149,385,385.7638009049775
1,1150,387,386.32850678733047
1,1151,387,386.8343891402715
1,1152,388,387.427149321267
1,1153,388,387.8524886877829
1,1154,388,388.1330316742083
1,1155,388,388.2914027149322
1,1156,388,388.49140271493224
1,1157,389,388.49683257918565
1,1158,389,388.4868778280544
1,1159,388,388.4407239819006
1,1160,388,388.47873303167444
1,1161,389,388.52126696832585
1,1162,389,388.55927601809947
1,1163,388,388.58371040724
1,1164,388,388.5855203619911
1,1165,389,388.69411764705893
1,1166,389,388.8389140271493
1,1167,389,388.881447963801
1,1168,389,388.9538461538463
1,1169,389,389.0561085972852
1,1170,389,389.12669683257917
1,1171,389,389.10678733031676
1,1172,389,388.93755656108607
1,1173,389,388.69592760181
1,1174,389,388.45882352941175
1,1175,388,388.3764705882354
1,1176,388,388.19909502262465
1,1177,388,388.0244343891404
1,1178,387,387.75022624434393
1,1179,387,387.4832579185521
1,1180,388,387.13031674208156
1,1181,388,386.66606334841646
1,1182,386,386.26515837104085
1,1183,386,385.89592760181006
1,1184,385,385.52669683257926
1,1185,385,385.1936651583711
1,1186,384,384.7945701357467
1,1187,384,384.49773755656116
1,1188,385,384.33936651583724
1,1189,385,384.22352941176473
1,1190,384,384.0479638009051
1,1191,384,383.9719457013575
1,1192,384,383.8751131221721
1,1193,384,383.83710407239823
1,1194,383,383.7285067873304
1,1195,383,383.6199095022625
1,1196,384,383.5791855203621
1,1197,384,383.6742081447965
1,1198,384,383.7665158371042
1,1199,384,383.9176470588238
1,1200,384,384.1185520361992
1,1201,384,384.36018099547516
1,1202,384,384.42443438914046
1,1203,385,384.4932126696834
1,1204,385,384.60723981900463
1,1205,385,384.80723981900456
1,1206,385,385.13665158371055
1,1207,385,385.43891402714945
1,1208,385,385.62533936651596
1,1209,386,385.8072398190047
1,1210,386,385.8868778280544
1,1211,387,386.1049773755657
1,1212,387,386.3638009049775
1,1213,386,386.6361990950228
1,1214,386,386.89502262443455
1,1215,387,387.04253393665175
1,1216,387,387.18099547511326
1,1217,388,387.412669683258
1,1218,388,387.63981900452507
1,1219,388,387.9737556561087
1,1220,388,388.32579185520365
1,1221,388,388.5393665158373
1,1222,389,388.6579185520362
1,1223,389,388.7927601809956
1,1224,389,388.85520361990956
1,1225,389,389.0361990950227
1,1226,389,389.1266968325792
1,1227,389,389.05610859728523
1,1228,389,388.9538461538463
1,1229,389,388.881447963801
1,1230,389,388.8389140271494
1,1231,389,388.76470588235304
1,1232,388,388.6678733031675
1,1233,388,388.62805429864267
1,1234,389,388.5248868778282
1,1235,389,388.3764705882354
1,1236,388,388.20090497737567
1,1237,388,388.01628959276024
1,1238,388,387.8407239819005
1,1239,388,387.7628959276019
1,1240,387,387.5330316742082
1,1241,387,387.7339366515838
1,1242,387,387.6162895927602
1,1243,387,387.27058823529416
1,1244,387,386.51945701357477
1,1245,387,385.2416289592761
1,1246,386,384.04524886877834
1,1247,386,382.98461538461544
1,1248,379,381.97556561085975
1,1249,379,380.99276018099556
1,1250,378,380.34027149321287
1,1251,378,379.9040723981902
1,1252,382,379.9701357466065
1,1253,382,380.5475113122173
1,1254,382,381.5067873303169
1,1255,382,382.7067873303168
1,1256,384,383.56651583710425
1,1257,384,384.3484162895929
1,1258,386,385.08235294117657
1,1259,386,385.6506787330318
1,1260,386,386.6190045248869
1,1261,386,387.6144796380092
1,1262,389,388.47601809954756
1,1263,389,389.2425339366518
1,1264,391,390.02081447963815
1,1265,391,390.7176470588236
1,1266,392,391.44886877828066
1,1267,392,392.1303167420816
1,1268,392,392.68054298642545
1,1269,393,393.01809954751144
1,1270,393,393.54751131221735
1,1271,394,393.87330316742083
1,1272,394,394.227149321267
1,1273,395,394.54022448140086
1,1274,395,394.79720279720266
1,1275,395,394.8570318570317
1,1276,395,394.76107226107246
1,1277,394,394.4165501165503
1,1278,394,394.09595959595873
1,1279,394,393.9848484848485
1,1280,394,393.03438914027174
1,1281,392,392.87149321266986
1,1282,392,392.5592760180996
1,1283,392,392.21357466063364
1,1284,391,391.75022624434405
1,1285,391,391.4352941176472
1,1286,392,390.9348416289594
1,1287,392,390.3303167420815
1,1288,389,389.7031674208146
1,1289,389,388.99909502262454
1,1290,388,388.16380090497745
1,1291,388,387.4199095022626
1,1292,385,386.4515837104073
1,1293,385,385.4904977375566
1,1294,385,384.6361990950228
1,1295,385,383.99728506787346
1,1296,383,383.1375565610861
1,1297,383,382.35927601809965
1,1298,381,381.61447963800924
1,1299,381,381.0552036199096
1,1300,380,380.34751131221725
1,1301,380,379.7574660633485
1,1302,379,379.3393665158372
1,1303,379,379.00633484162915
1,1304,379,378.86515837104093
1,1305,379,378.94570135746613
1,1306,379,378.7158371040724
1,1307,379,378.8434389140273
1,1308,379,379.233484162896
1,1309,379,379.7909502262445
1,1310,381,380.0678733031676
1,1311,380,380.61628959276027
1,1312,380,381.4343891402716
1,1313,384,382.32036199095035
1,1314,384,383.06968325791865
1,1315,383,383.8778280542988
1,1316,383,384.66334841628975
1,1317,387,385.34479638009066
1,1318,387,385.9764705882354
1,1319,386,386.4742081447964
1,1320,386,386.81809954751134
1,1321,388,387.4714932126699
1,1322,388,388.0271493212671
1,1323,388,388.3511312217195
1,1324,388,388.5710407239819
1,1325,390,389.08868778280555
1,1326,390,389.7058823529413
1,1327,390,390.2298642533937
1,1328,390,390.66787330316754
1,1329,391,391.16289592760194
1,1330,392,391.65791855203634
1,1331,392,392.1692307692308
1,1332,393,392.5131221719458
1,1333,393,392.8506787330317
1,1334,393,393.1429864253394
1,1335,393,393.3538461538463
1,1336,394,393.6588235294118
1,1337,394,393.77194570135754
1,1338,393,393.7610859728507
1,1339,393,393.564705882353
1,1340,394,393.33031674208155
1,1341,394,393.00542986425353
1,1342,394,392.67873303167437
1,1343,391,392.2389140271495
1,1344,391,392.1339366515839
1,1345,391,391.8117647058824
1,1346,391,391.2769230769232
1,1347,391,390.53393665158376
1,1348,391,390.0054298642535
1,1349,390,389.3140271493214
1,1350,390,388.5683257918554
1,1351,386,387.4615384615385
1,1352,386,386.42805429864273
1,1353,385,385.2199095022625
1,1354,385,384.0660633484164
1,1355,382,383.0570135746607
1,1356,382,382.2832579185522
1,1357,382,381.8380090497738
1,1358,382,381.6144796380092
1,1359,380,381.08778280543
1,1360,381,380.7330316742083
1,1361,381,380.5366515837104
1,1362,381,380.48506787330325
1,1363,381,380.0760180995477
1,1364,379,379.80723981900456
1,1365,379,379.75837104072406
1,1366,380,379.8090497737557
1,1367,380,379.5592760180996
1,1368,379,379.5475113122174
1,1369,379,379.55294117647054
1,1370,381,379.82533936651595
1,1371,381,380.2669683257918
1,1372,380,380.49140271493224
1,1373,380,380.97375565610866
1,1374,382,381.8416289592762
1,1375,382,382.8226244343892
1,1376,384,383.5031674208146
1,1377,384,384.2696832579186
1,1378,385,385.29954751131237
1,1379,388,386.3701357466065
1,1380,388,387.0497737556562
1,1381,387,387.7067873303169
1,1382,387,388.64162895927615
1,1383,390,389.35475113122175
1,1384,390,389.90045248868785
1,1385,390,390.3330316742082
1,1386,390,390.70950226244355
1,1387,393,391.3022624434391
1,1388,393,391.78371040723994
1,1389,391,392.0995475113123
1,1390,391,392.3276018099549
1,1391,393,392.69049773755654
1,1392,393,392.9493212669684
1,1393,393,393.07692307692315
1,1394,393,392.97556561085986
1,1395,394,393.16289592760194
1,1396,394,393.5592760180997
1,1397,393,393.61990950226254
1,1398,393,393.47692307692324
1,1399,393,393.5393665158372
1,1400,393,393.4162895927603
1,1401,394,393.20542986425346
1,1402,394,392.8045248868778
1,1403,392,392.5294117647061
1,1404,392,392.0959276018101
1,1405,392,391.49954751131236
1,1406,390,390.7357466063348
1,1407,390,390.00904977375575
1,1408,389,389.1239819004526
1,1409,389,388.37104072398193
1,1410,387,387.6407239819006
1,1411,387,386.89683257918557
1,1412,386,386.1031674208146
1,1413,386,385.4298642533937
1,1414,384,384.5701357466064
1,1415,384,383.8262443438916
1,1416,383,383.0208144796381
1,1417,383,382.3149321266969
1,1418,381,381.52217194570136
1,1419,381,380.85610859728513
1,1420,380,380.1095022624436
1,1421,380,379.6751131221721
1,1422,379,379.39185520361997
1,1423,379,379.2986425339367
1,1424,379,379.15203619909516
1,1425,379,379.308597285068
1,1426,379,379.57104072398187
1,1427,381,379.94208144796403
1,1428,381,380.0009049773757
1,1429,380,380.3266968325793
1,1430,380,380.80633484162905
1,1431,382,381.32669683257933
1,1432,382,381.7013574660634
1,1433,381,382.14389140271504
1,1434,381,382.4497737556563
1,1435,385,383.09140271493226
1,1436,385,383.723076923077
1,1437,384,384.4018099547513
1,1438,384,385.0371040723983
1,1439,386,385.87420814479646
1,1440,386,386.81990950226253
1,1441,388,387.57466063348414
1,1442,388,388.23891402714946
1,1443,390,389.25791855203636
1,1444,390,390.27692307692314
1,1445,391,391.01447963800916
1,1446,392,391.58914027149336
1,1447,392,392.18733031674225
1,1448,393,392.5954751131222
1,1449,393,393.08868778280555
1,1450,393,393.34208144796395
1,1451,393,393.5873303167421
1,1452,394,393.65610859728525
1,1453,394,393.8009049773758
1,1454,394,393.812669683258
1,1455,394,393.62986425339375
1,1456,393,393.4000000000002
1,1457,393,393.2117647058825
1,1458,393,392.82443438914027
1,1459,393,392.2742081447965
1,1460,391,391.735746606335
1,1461,391,391.254298642534
1,1462,391,390.8162895927603
1,1463,391,390.34660633484174
1,1464,389,389.98190045248884
1,1465,389,389.4588235294118
1,1466,389,388.92941176470595
1,1467,389,388.3457013574661
1,1468,388,387.59185520362
1,1469,387,386.7520361990951
1,1470,387,386.0488687782806
1,1471,384,385.3049773755657
1,1472,384,384.4135746606335
1,1473,383,383.4678733031675
1,1474,383,382.48778280542996
1,1475,382,381.69321266968336
1,1476,382,381.0977375565612
1,1477,380,380.57647058823534
1,1478,380,380.20180995475124
1,1479,379,379.7601809954751
1,1480,379,379.49954751131236
1,1481,380,379.3176470588236
1,1482,380,379.17104072398195
1,1483,379,379.2072398190046
1,1484,379,379.4262443438915
1,1485,380,379.6805429864254
1,1486,380,379.9429864253395
1,1487,380,380.2361990950227
1,1488,380,380.7058823529413
1,1489,382,381.2153846153847
1,1490,382,382.02805429864264
1,1491,383,382.92398190045265
1,1492,383,383.8832579185522
1,1493,385,384.74208144796387
1,1494,386,385.7366515837104
1,1495,386,386.7583710407241
1,1496,389,387.6986425339368
1,1497,389,388.5846153846154
1,1498,389,389.4434389140272
1,1499,389,390.3049773755658
1,1500,392,390.99909502262454
1,1501,392,391.7031674208146
1,1502,392,392.33303167420826
1,1503,392,392.7457013574663
1,1504,394,393.2841628959277
1,1505,394,393.69140271493205
1,1506,394,393.92217194570145
1,1507,394,393.93122171945714
1,1508,394,394.0886877828056
1,1509,394,394.1647058823531
1,1510,394,394.2823529411766
1,1511,394,394.164705882353
1,1512,394,394.08868778280555
1,1513,394,393.9312217194571
1,1514,394,393.85158371040734
1,1515,394,393.6090497737557
1,1516,394,393.3104072398192
1,1517,392,392.86244343891417
1,1518,392,392.5221719457014
1,1519,392,391.9466063348417
1,1520,392,391.27873303167434
1,1521,390,390.4615384615387
1,1522,390,389.929411764706
1,1523,389,389.1167420814481
1,1524,389,388.150226244344
1,1525,386,386.87963800904987
1,1526,386,385.69592760181
1,1527,385,384.4488687782807
1,1528,385,383.26515837104085
1,1529,380,381.9552212493386
1,1530,380,380.7732267732266
1,1531,380,379.76146076146074
1,1532,380,378.81235431235444
1,1533,378,378.4032634032634
1,1534,378,378.26262626262536
1,1535,378,377.54545454545445
1,1536,378,384.3484162895928
1,1537,378,382.00271493212676
1,1538,377,379.8923076923078
1,1539,377,377.950226244344
1,1540,377,376.70950226244355
1,1541,377,376.2171945701358
1,1542,379,376.72036199095044
1,1543,379,378.1158371040725
1,1544,378,378.6850678733033
1,1545,378,379.49411764705894
1,1546,381,380.3411764705884
1,1547,381,381.2244343891404
1,1548,382,382.21266968325807
1,1549,382,382.9746606334843
1,1550,385,383.66244343891407
1,1551,385,384.22805429864275
1,1552,385,384.2760180995477
1,1553,385,384.2108597285069
1,1554,385,384.2959276018102
1,1555,383,384.39457013574673
1,1556,383,384.5113122171947
1,1557,384,384.65067873303184
1,1558,384,385.09411764705885
1,1559,387,385.72307692307703
1,1560,387,386.42171945701364
1,1561,388,387.1330316742082
1,1562,388,388.0615384615387
1,1563,389,388.99909502262454
1,1564,389,389.7375565610861
1,1565,390,390.20180995475124
1,1566,390,390.5167420814481
1,1567,391,391.01628959276024
1,1568,393,391.4343891402716
1,1569,393,391.7846153846155
1,1570,391,392.0805429864255
1,1571,391,392.40633484162896
1,1572,393,392.646153846154
1,1573,393,392.8932126696833
1,1574,393,393.04072398190056
1,1575,393,393.19095022624447
1,1576,394,393.5230769230771
1,1577,394,393.8868778280544
1,1578,394,393.9838984544865
1,1579,394,394.006993006993
1,1580,394,394.05394605394605
1,1581,394,394.0000000000002
1,1582,394,393.9104895104896
1,1583,394,393.99999999999915
1,1584,394,394.0
2,0,394,387.6226244343893
2,1,394,389.010859728507
2,2,394,389.66606334841634
2,3,394,389.5701357466064
2,4,394,388.7049773755657
2,5,380,387.052488687783
2,6,380,384.59457013574666
2,7,379,381.4515837104073
2,8,379,379.6886877828056
2,9,379,378.5122171945702
2,10,379,377.91945701357474
2,11,379,378.0461538461539
2,12,379,379.02805429864264
2,13,379,379.06244343891416
2,14,379,379.1466063348418
2,15,380,379.15113122171954
2,16,379,379.1466063348417
2,17,379,379.0624434389141
2,18,379,379.02805429864264
2,19,379,379.03438914027157
2,20,379,379.0723981900454
2,21,379,379.1330316742083
2,22,379,379.2072398190046
2,23,379,379.42443438914046
2,24,380,379.5755656108599
2,25,380,379.65158371040724
2,26,380,379.77285067873316
2,27,380,379.8506787330318
2,28,380,379.9963800904979
2,29,380,380.041628959276
2,30,380,380.2180995475114
2,31,380,380.55113122171963
2,32,381,380.8633484162897
2,33,381,381.31583710407244
2,34,382,381.86334841628974
2,35,382,382.46063348416294
2,36,384,382.9918552036201
2,37,384,383.54117647058837
2,38,383,383.98371040724
2,39,385,384.39457013574673
2,40,385,384.77828054298647
2,41,385,385.13936651583725
2,42,385,385.41176470588243
2,43,386,385.72941176470596
2,44,386,386.2262443438915
2,45,387,386.8361990950227
2,46,387,387.28687782805446
2,47,388,387.9828054298643
2,48,388,388.71945701357475
2,49,390,389.433484162896
2,50,390,390.06153846153853
2,51,391,390.6787330316742
2,52,391,391.1601809954754
2,53,392,391.5900452488688
2,54,392,391.85248868778297
2,55,392,392.0407239819005
2,56,392,392.0479638009051
2,57,392,392.11493212669694
2,58,392,392.08235294117657
2,59,392,392.0705882352942
2,60,392,391.99999999999994
2,61,392,391.99999999999994
2,62,392,391.99999999999994
2,63,392,391.99999999999994
2,64,392,391.99999999999994
2,65,392,392.0705882352943
2,66,392,392.0823529411765
2,67,392,392.32669683257933
2,68,392,392.29502262443447
2,69,392,392.10316742081466
2,70,392,391.6669683257918
2,71,392,391.1819004524887
2,72,391,390.4434389140273
2,73,391,389.66515837104083
2,74,387,388.73122171945715
2,75,387,387.6027149321268
2,76,386,386.3791855203621
2,77,386,385.16018099547523
2,78,384,384.11583710407257
2,79,384,383.2162895927604
2,80,382,382.4316742081449
2,81,381,381.9321266968327
2,82,381,381.3339366515838
2,83,381,380.8533936651584
2,84,381,380.3538461538463
2,85,380,380.0986425339368
2,86,380,379.86515837104076
2,87,380,379.83076923076936
2,88,380,379.68416289592767
2,89,379,379.5755656108599
2,90,379,379.5755656108598
2,91,380,379.6841628959278
2,92,380,379.76018099547514
2,93,380,379.8533936651585
2,94,380,380.1366515837106
2,95,381,380.36199095022636
2,96,381,380.881447963801
2,97,381,381.42262443438926
2,98,381,382.1131221719458
2,99,383,382.86877828054315
2,100,384,383.8054298642535
2,101,384,384.83257918552056
2,102,387,385.85972850678746
2,103,387,386.8642533936652
2,104,388,387.8235294117647
2,105,388,388.64705882352956
2,106,390,389.24434389140276
2,107,390,389.660633484163
2,108,390,390.07963800904986
2,109,390,390.3493212669684
2,110,391,390.80361990950234
2,111,391,391.2470588235295
2,112,391,391.7049773755657
2,113,391,391.9411764705883
2,114,393,392.27601809954757
2,115,393,392.4298642533937
2,116,393,392.473303167421
2,117,393,392.27692307692314
2,118,392,392.2
2,119,391,391.80180995475126
2,120,391,391.1276018099549
2,121,390,390.22262443438916
2,122,390,389.5502262443441
2,123,389,388.7737556561088
2,124,389,388.11583710407245
2,125,386,387.3990950226245
2,126,386,386.6552036199095
2,127,386,385.77737556561095
2,128,386,385.06787330316746
2,129,384,384.2199095022625
2,130,384,383.4036199095024
2,131,382,382.5800904977376
2,132,382,382.0515837104073
2,133,381,381.16380090497745
2,134,381,380.3393665158372
2,135,379,379.65067873303184
2,136,379,379.17013574660643
2,137,379,378.6226244343892
2,138,379,378.3330316742082
2,139,377,377.9285067873303
2,140,378,377.8361990950228
2,141,378,377.78552036199113
2,142,378,378.10588235294125
2,143,378,378.36108597285084
2,144,379,378.914932126697
2,145,379,379.50135746606344
2,146,381,380.45429864253407
2,147,381,381.3447963800906
2,148,383,382.4823529411766
2,149,383,383.5556561085975
2,150,385,384.7239819004526
2,151,385,385.86968325791867
2,152,388,386.8723981900454
2,153,388,387.8117647058824
2,154,389,388.83800904977386
2,155,389,389.7013574660635
2,156,391,390.5701357466065
2,157,391,391.212669683258
2,158,391,391.8153846153848
2,159,393,392.1647058823532
2,160,393,392.6742081447965
2,161,393,392.95746606334853
2,162,393,393.116742081448
2,163,393,393.05429864253404
2,164,393,393.0199095022626
2,165,393,393.004524886878
2,166,393,392.7402714932128
2,167,392,392.72488687782817
2,168,392,392.45610859728515
2,169,392,391.9882352941177
2,170,392,391.3049773755658
2,171,392,390.5900452488689
2,172,390,390.0298642533937
2,173,390,389.4108597285069
2,174,387,389.0081447963802
2,175,387,388.35837104072397
2,176,387,387.7547511312218
2,177,388,387.0199095022626
2,178,388,386.3945701357468
2,179,386,385.7194570135748
2,180,386,384.90588235294126
2,181,383,384.06515837104087
2,182,383,382.8904977375567
2,183,381,381.60452488687787
2,184,381,380.4180995475114
2,185,379,379.3303167420816
2,186,379,378.7402714932128
2,187,378,378.35475113122186
2,188,378,378.4805429864254
2,189,378,378.65882352941185
2,190,379,379.23076923076934
2,191,379,379.6986425339368
2,192,382,380.564705882353
2,193,382,381.49773755656116
2,194,383,382.56651583710413
2,195,383,383.5601809954752
2,196,384,384.46787330316755
2,197,384,385.1375565610861
2,198,387,385.61447963800924
2,199,387,386.00542986425353
2,200,387,386.48506787330325
2,201,387,387.02805429864264
2,202,387,387.6823529411765
2,203,387,388.29592760181004
2,204,388,388.8552036199096
2,205,390,389.34660633484174
2,206,390,390.1040723981902
2,207,392,390.86153846153854
2,208,392,391.4941176470589
2,209,392,392.0769230769232
2,210,392,392.6171945701358
2,211,393,392.92217194570145
2,212,393,393.14660633484186
2,213,393,393.32217194570154
2,214,393,393.4307692307693
2,215,394,393.4723981900453
2,216,394,393.3945701357468
2,217,393,393.0859728506789
2,218,393,392.8561085972852
2,219,392,392.3529411764707
2,220,392,391.36651583710415
2,221,390,390.7104072398191
2,222,390,389.78280542986437
2,223,389,388.7420814479639
2,224,389,387.74660633484166
2,225,385,387.0307692307694
2,226,385,386.2289592760182
2,227,388,385.3203619909503
2,228,383,384.4841628959278
2,229,383,383.6932126696834
2,230,384,382.92036199095037
2,231,384,382.06515837104075
2,232,380,381.4271493212671
2,233,380,380.5429864253394
2,234,380,379.7493212669686
2,235,380,379.4452488687783
2,236,378,378.93755656108607
2,237,378,378.6063348416292
2,238,379,378.61719457013584
2,239,379,378.79457013574677
2,240,379,378.8090497737557
2,241,379,379.0542986425341
2,242,380,379.36199095022636
2,243,380,379.9638009049775
2,244,380,380.6081447963802
2,245,380,381.2434389140272
2,246,382,381.6714932126698
2,247,383,382.2941176470589
2,248,383,383.10045248868795
2,249,385,383.8215314097666
2,250,385,384.5684315684314
2,251,384,385.17637917637916
2,252,384,385.65617715617736
2,253,388,386.3825174825176
2,254,388,387.1363636363628
2,255,387,387.621212121212
2,256,387,384.5113122171946
2,257,391,386.72579185520374
2,258,391,388.77013574660646
2,259,391,390.6289592760182
2,260,391,392.14841628959283
2,261,393,393.2452488687784
2,262,393,393.63619909502285
2,263,393,393.314932126697
2,264,393,393.321266968326
2,265,394,393.59004524886893
2,266,394,393.6914027149322
2,267,394,393.7574660633485
2,268,393,393.52036199095033
2,269,393,393.3366515837104
2,270,393,392.9628959276019
2,271,393,392.6470588235295
2,272,392,392.0371040723983
2,273,392,391.26425339366523
2,274,390,390.4597285067875
2,275,390,389.8986425339367
2,276,389,389.11764705882376
2,277,389,388.26877828054296
2,278,386,387.43348416289604
2,279,386,386.9755656108598
2,280,387,386.3203619909503
2,281,387,385.57647058823534
2,282,384,384.8461538461539
2,283,384,384.0932126696833
2,284,384,383.3493212669685
2,285,384,382.64615384615394
2,286,380,381.66787330316754
2,287,380,380.6986425339368
2,288,381,379.8081447963802
2,289,379,379.26606334841654
2,290,379,378.7909502262444
2,291,378,378.50135746606344
2,292,378,378.23076923076934
2,293,378,378.412669683258
2,294,378,378.58190045248875
2,295,380,378.87330316742083
2,296,380,378.99276018099556
2,297,379,379.36923076923097
2,298,379,380.21266968325807
2,299,382,381.0533936651586
2,300,382,381.4751131221721
2,301,381,382.3321266968327
2,302,381,383.24796380090504
2,303,387,384.1176470588236
2,304,387,385.2361990950227
2,305,385,386.4180995475114
2,306,385,387.4778280542988
2,307,391,388.5719457013575
2,308,389,389.6570135746607
2,309,389,390.5565610859729
2,310,393,391.09411764705897
2,311,393,391.9212669683259
2,312,392,392.6895927601811
2,313,392,393.0588235294119
2,314,394,393.0886877828056
2,315,394,393.59909502262445
2,316,393,393.7330316742083
2,317,393,393.59547511312223
2,318,394,393.70407239819014
2,319,394,394.20000000000016
2,320,394,394.1683257918553
2,321,394,393.4425339366516
2,322,393,392.8624434389141
2,323,393,392.8787330316743
2,324,393,392.13303167420827
2,325,393,391.1746606334842
2,326,387,390.4877828054301
2,327,387,389.556561085973
2,328,391,388.34841628959293
2,329,391,387.23076923076945
2,330,383,386.43800904977394
2,331,386,385.604524886878
2,332,386,384.98914027149334
2,333,382,384.45067873303185
2,334,382,383.29411764705895
2,335,384,382.0244343891403
2,336,384,381.27692307692314
2,337,380,380.8868778280543
2,338,380,379.8642533936652
2,339,378,379.2343891402717
2,340,378,378.646153846154
2,341,378,378.0063348416291
2,342,378,377.7475113122173
2,343,378,377.8968325791857
2,344,378,377.8642533936653
2,345,378,378.04705882352954
2,346,378,379.02624434389156
2,347,381,379.8235294117648
2,348,381,379.9882352941179
2,349,379,380.5990950226246
2,350,379,381.42714932126705
2,351,386,382.17013574660643
2,352,386,383.1257918552037
2,353,381,383.964705882353
2,354,381,384.95746606334853
2,355,389,386.5158371040725
2,356,388,388.0515837104074
2,357,388,389.0470588235294
2,358,391,389.78461538461556
2,359,391,391.0977375565611
2,360,394,392.4199095022626
2,361,394,392.98642533936663
2,362,392,393.03257918552043
2,363,392,393.54841628959286
2,364,394,393.78552036199113
2,365,394,393.7601809954752
2,366,394,393.833484162896
2,367,394,393.7665158371042
2,368,394,394.0886877828054
2,369,394,394.32941176470604
2,370,394,394.2298642533939
2,371,394,394.2135746606335
2,372,394,394.03981900452504
2,373,394,393.5511312217195
2,374,394,392.931221719457
2,375,392,392.3665158371042
2,376,392,391.6434389140273
2,377,392,391.10769230769245
2,378,388,390.3049773755657
2,379,388,389.4054298642535
2,380,389,388.3791855203621
2,381,389,387.47601809954773
2,382,387,386.5457013574661
2,383,387,385.43800904977394
2,384,383,384.4027149321269
2,385,383,383.7601809954752
2,386,382,382.6769230769233
2,387,382,381.3936651583712
2,388,380,380.40723981900464
2,389,380,379.73755656108614
2,390,380,379.1981900452489
2,391,380,379.0027149321267
2,392,377,378.6696832579187
2,393,377,378.2352941176472
2,394,379,378.1149321266969
2,395,379,378.5819004524888
2,396,379,378.9619909502264
2,397,379,379.11402714932143
2,398,379,379.5556561085974
2,399,379,380.32126696832586
2,400,383,380.8298642533938
2,401,383,381.027149321267
2,402,380,381.38280542986433
2,403,380,381.95113122171955
2,404,384,382.5800904977376
2,405,384,383.31764705882375
2,406,383,383.8615384615386
2,407,383,384.5095022624436
2,408,386,385.7683257918553
2,409,388,387.1447963800907
2,410,388,387.8687782805431
2,411,389,388.5701357466064
2,412,389,389.8081447963802
2,413,392,390.94208144796386
2,414,392,391.68144796380096
2,415,391,392.13574660633486
2,416,391,392.69140271493217
2,417,395,393.2117647058824
2,418,395,393.4398190045251
2,419,393,393.598190045249
2,420,393,393.6416289592762
2,421,394,393.88144796380095
2,422,394,393.96742081447974
2,423,393,393.76108597285076
2,424,393,393.3239819004525
2,425,394,393.34208144796395
2,426,394,393.30135746606345
2,427,393,393.0407239819005
2,428,392,392.5990950226246
2,429,392,392.29230769230776
2,430,392,391.8361990950228
2,431,392,391.29683257918566
2,432,390,390.5402714932128
2,433,390,389.777375565611
2,434,389,389.01900452488695
2,435,389,388.4199095022625
2,436,387,387.5963800904979
2,437,387,386.78009049773766
2,438,385,385.9321266968328
2,439,385,385.2932126696833
2,440,385,384.4271493212671
2,441,385,383.5746606334843
2,442,382,382.7674208144798
2,443,382,382.03710407239834
2,444,381,381.20633484162903
2,445,381,380.4977375565612
2,446,379,379.5746606334842
2,447,379,378.9004524886879
2,448,379,378.5203619909502
2,449,378,378.47963800904995
2,450,378,378.19638009049794
2,451,378,378.28868778280554
2,452,378,378.67963800904994
2,453,380,379.29230769230776
2,454,380,379.48778280543
2,455,380,380.02714932126713
2,456,380,380.908597285068
2,457,383,381.79185520361995
2,458,383,382.4633484162897
2,459,382,383.2389140271494
2,460,382,384.01900452488695
2,461,387,384.98099547511333
2,462,387,385.76108597285076
2,463,386,386.5366515837106
2,464,386,387.20814479638017
2,465,389,388.09140271493214
2,466,389,388.7610859728509
2,467,389,389.26515837104097
2,468,389,389.5746606334842
2,469,391,390.2117647058825
2,470,391,390.89864253393677
2,471,391,391.43348416289604
2,472,391,391.8144796380091
2,473,393,392.4552036199097
2,474,393,392.96923076923093
2,475,393,393.46153846153857
2,476,394,393.6371040723984
2,477,394,393.754751131222
2,478,394,393.67330316742095
2,479,394,393.5339366515838
2,480,393,393.0778280542988
2,481,393,392.6
2,482,391,391.9954751131224
2,483,391,391.44162895927616
2,484,391,390.9954751131222
2,485,391,390.39095022624434
2,486,389,389.85067873303177
2,487,389,389.19728506787345
2,488,389,388.53303167420825
2,489,389,387.7601809954753
2,490,387,386.78099547511323
2,491,385,385.69773755656104
2,492,385,384.6805429864254
2,493,383,383.69954751131235
2,494,383,382.6570135746608
2,495,381,381.6552036199096
2,496,381,380.7936651583712
2,497,380,380.1719457013575
2,498,380,379.6832579185522
2,499,379,379.143891402715
2,500,379,378.69683257918564
2,501,378,378.26696832579194
2,502,378,378.04072398190056
2,503,378,377.7864253393667
2,504,378,377.6018099547512
2,505,377,377.480578245284
2,506,377,377.4835164835163
2,507,378,377.56543456543466
2,508,378,377.69463869463885
2,509,378,378.0025641025641
2,510,378,378.42929292929233
2,511,379,378.74242424242414
2,512,379,378.48506787330336
2,513,379,379.1366515837105
2,514,379,380.03257918552043
2,515,382,380.94117647058835
2,516,382,382.03076923076935
2,517,382,383.1221719457015
2,518,385,384.23619909502276
2,519,385,385.25248868778294
2,520,387,386.3891402714934
2,521,387,387.38733031674224
2,522,389,388.25882352941187
2,523,389,389.22171945701376
2,524,390,390.094117647059
2,525,390,390.6968325791855
2,526,392,391.4660633484163
2,527,392,392.17013574660643
2,528,393,392.7954751131223
2,529,393,393.26696832579194
2,530,394,393.78914027149347
2,531,394,394.1665158371042
2,532,395,394.5538461538463
2,533,395,394.70588235294133
2,534,394,394.9339366515838
2,535,395,394.94932126696835
2,536,395,395.0932126696834
2,537,395,394.90678733031694
2,538,395,394.5556561085973
2,539,394,394.0054298642536
2,540,394,393.6425339366518
2,541,393,393.0533936651584
2,542,393,392.2425339366516
2,543,390,391.3529411764707
2,544,390,390.46606334841636
2,545,390,389.5339366515839
2,546,390,388.7176470588237
2,547,387,387.839819004525
2,548,387,387.20271493212687
2,549,386,386.4995475113123
2,550,386,385.971040723982
2,551,385,385.1719457013577
2,552,385,384.5366515837105
2,553,384,383.8877828054301
2,554,384,383.3248868778282
2,555,382,382.60271493212684
2,556,382,381.87601809954765
2,557,381,381.08778280543
2,558,381,380.3809954751132
2,559,379,379.6895927601811
2,560,379,379.1475113122174
2,561,379,378.6796380090499
2,562,378,378.41085972850686
2,563,378,377.9773755656111
2,564,378,377.8153846153847
2,565,378,377.73393665158375
2,566,378,377.94208144796403
2,567,378,378.09230769230794
2,568,378,378.43710407239837
2,569,378,378.7375565610861
2,570,380,379.2162895927603
2,571,380,379.80995475113144
2,572,381,380.5846153846155
2,573,381,381.3266968325792
2,574,382,382.2226244343893
2,575,382,383.1819004524888
2,576,385,384.1140271493214
2,577,385,385.1402714932128
2,578,386,386.05882352941194
2,579,386,386.68325791855216
2,580,388,387.177375565611
2,581,388,387.3049773755657
2,582,388,386.5420814479639
2,583,388,385.96470588235303
2,584,385,385.8886877828055
2,585,385,386.0298642533938
2,586,385,386.5248868778281
2,587,384,387.1104072398191
2,588,384,388.0090497737558
2,589,393,389.1140271493215
2,590,393,390.2597285067874
2,591,393,391.48959276018115
2,592,393,392.23167420814497
2,593,392,392.8642533936653
2,594,392,392.95384615384626
2,595,392,392.4850678733033
2,596,391,391.2425339366518
2,597,391,390.6045248868778
2,598,390,389.74932126696837
2,599,390,388.69683257918564
2,600,387,387.66696832579197
2,601,387,386.8144796380092
2,602,385,385.89411764705886
2,603,385,385.00542986425353
2,604,383,384.1095022624436
2,605,383,383.43800904977377
2,606,384,382.81357466063344
2,607,384,382.53846153846166
2,608,381,381.88778280543005
2,609,381,381.4135746606335
2,610,381,381.04343891402726
2,611,381,380.7049773755658
2,612,380,380.25520361990965
2,613,380,379.7511312217197
2,614,378,379.3149321266971
2,615,380,379.06877828054314
2,616,380,378.7221719457015
2,617,378,378.3846153846155
2,618,378,377.80995475113133
2,619,377,377.5520361990951
2,620,377,377.6135746606336
2,621,378,377.7972850678734
2,622,378,377.62352941176476
2,623,377,377.88959276018113
2,624,377,378.50678733031685
2,625,381,379.0506787330318
2,626,381,379.4235294117647
2,627,379,379.8479638009051
2,628,379,380.33122171945723
2,629,382,380.9484162895929
2,630,382,381.5746606334844
2,631,381,381.80542986425354
2,632,381,382.0361990950227
2,633,384,382.80090497737564
2,634,384,383.6334841628961
2,635,384,383.929411764706
2,636,384,384.2841628959277
2,637,384,385.08416289592776
2,638,387,385.9158371040724
2,639,387,386.3656108597286
2,640,386,386.8199095022625
2,641,386,387.66515837104083
2,642,390,388.48778280543
2,643,390,389.08325791855214
2,644,389,389.6470588235294
2,645,389,390.0977375565613
2,646,392,390.7692307692309
2,647,392,391.3954751131223
2,648,391,391.78371040723994
2,649,391,391.9411764705883
2,650,393,392.35837104072397
2,651,393,392.72579185520374
2,652,393,392.8778280542987
2,653,393,392.8488687782807
2,654,393,393.08868778280555
2,655,393,393.2470588235295
2,656,393,393.18552036199105
2,657,393,392.96561085972866
2,658,393,392.99638009049784
2,659,393,392.88687782805437
2,660,393,392.7348416289594
2,661,392,392.43800904977394
2,662,392,392.1031674208145
2,663,392,391.6371040723983
2,664,392,391.22624434389155
2,665,390,390.65701357466065
2,666,390,390.0633484162898
2,667,389,389.3791855203621
2,668,389,388.8886877828055
2,669,388,388.1375565610861
2,670,388,387.28687782805434
2,671,386,386.42714932126717
2,672,386,385.64886877828064
2,673,385,384.90678733031683
2,674,385,384.15565610859744
2,675,382,383.3475113122173
2,676,382,382.6343891402716
2,677,382,381.9592760180997
2,678,382,381.46515837104084
2,679,382,380.94751131221733
2,680,380,380.6018099547512
2,681,380,380.3438914027151
2,682,380,380.2895927601811
2,683,380,380.06877828054314
2,684,380,379.91131221719473
2,685,380,379.6941176470589
2,686,380,379.69411764705904
2,687,380,379.9113122171948
2,688,380,380.06877828054314
2,689,380,380.28959276018116
2,690,380,380.4850678733033
2,691,380,380.76651583710424
2,692,382,380.9656108597287
2,693,382,381.3140271493214
2,694,382,381.69592760181007
2,695,382,382.1954751131223
2,696,382,382.61719457013584
2,697,383,383.16561085972864
2,698,383,383.62714932126715
2,699,385,384.18823529411776
2,700,385,384.96470588235303
2,701,386,385.8723981900454
2,702,386,386.7592760180996
2,703,388,387.6733031674209
2,704,388,388.4533936651584
2,705,390,389.2769230769232
2,706,390,389.9828054298643
2,707,391,390.75746606334855
2,708,391,391.3873303167423
2,709,392,391.9384615384618
2,710,392,392.27692307692325
2,711,393,392.6162895927602
2,712,393,392.7701357466064
2,713,393,392.97013574660645
2,714,393,393.04796380090494
2,715,393,393.2561085972853
2,716,393,393.2470588235295
2,717,393,393.1592760180997
2,718,393,392.93122171945697
2,719,393,392.7809954751133
2,720,393,392.5266968325794
2,721,393,392.26606334841637
2,722,391,391.8968325791857
2,723,391,391.5257918552037
2,724,391,391.05972850678745
2,725,391,390.68506787330335
2,726,390,390.1882352941178
2,727,390,389.63257918552046
2,728,389,389.08144796380105
2,729,389,388.8099547511313
2,730,388,388.28687782805457
2,731,388,387.5963800904978
2,732,386,386.96108597285075
2,733,386,386.2036199095024
2,734,386,385.21447963800915
2,735,386,384.28416289592764
2,736,383,383.4968325791856
2,737,382,382.7366515837107
2,738,382,381.95565610859745
2,739,380,381.3058823529413
2,740,380,380.5212669683259
2,741,381,379.935746606335
2,742,381,379.60361990950236
2,743,379,379.5791855203621
2,744,379,379.4307692307692
2,745,379,379.3882352941178
2,746,379,379.39004524886894
2,747,380,379.4271493212671
2,748,380,379.5429864253395
2,749,380,379.83710407239835
2,750,380,380.4705882352943
2,751,381,381.12126696832587
2,752,381,381.866968325792
2,753,383,382.5031674208146
2,754,383,383.225339366516
2,755,384,384.01990950226264
2,756,386,384.873303167421
2,757,386,385.6334841628961
2,758,386,386.3484162895929
2,759,386,387.0660633484164
2,760,388,387.6343891402716
2,761,388,388.23829112064396
2,762,389,388.7562437562436
2,763,389,389.3456543456542
2,764,390,389.82284382284405
2,765,390,390.01491841491855
2,766,390,390.0050505050497
2,767,390,389.9242424242424
2,768,392,386.0579185520363
2,769,392,388.39004524886883
2,770,393,390.5846153846155
2,771,393,392.3674208144798
2,772,393,393.6733031674209
2,773,393,394.2371040723983
2,774,393,393.93212669683277
2,775,393,392.7701357466064
2,776,393,392.6425339366517
2,777,392,392.31131221719477
2,778,392,391.94208144796403
2,779,391,391.57104072398204
2,780,391,391.1049773755657
2,781,391,390.5185520361992
2,782,391,389.9864253393666
2,783,389,389.54479638009053
2,784,389,389.22986425339377
2,785,389,389.0805429864254
2,786,388,388.93574660633493
2,787,388,388.63167420814483
2,788,389,388.404524886878
2,789,389,388.42262443438926
2,790,389,388.5248868778281
2,791,389,388.35022624434396
2,792,387,388.07601809954764
2,793,387,387.73846153846176
2,794,388,387.2352941176471
2,795,388,386.66425339366526
2,796,386,386.2615384615385
2,797,385,385.8633484162898
2,798,385,385.514932126697
2,799,385,385.2615384615386
2,800,385,384.94208144796386
2,801,385,384.5954751131223
2,802,385,384.39638009049787
2,803,384,384.3194570135748
2,804,384,384.13303167420827
2,805,384,383.8669683257919
2,806,384,383.6099547511313
2,807,383,383.38009049773774
2,808,383,383.1248868778282
2,809,383,382.9918552036201
2,810,383,382.9194570135748
2,811,383,382.9076923076925
2,812,383,383.0180995475115
2,813,383,383.2416289592761
2,814,383,383.5692307692309
2,815,384,383.78280542986425
2,816,384,384.06425339366524
2,817,385,384.31583710407244
2,818,385,384.6398190045251
2,819,385,385.00000000000017
2,820,385,385.3601809954753
2,821,385,385.68416289592784
2,822,386,385.935746606335
2,823,386,386.0760180995477
2,824,387,386.2660633484164
2,825,387,386.6696832579187
2,826,387,387.0506787330318
2,827,387,387.31131221719465
2,828,387,387.5538461538463
2,829,387,387.742081447964
2,830,389,387.97828054298645
2,831,389,388.09411764705897
2,832,388,388.3303167420815
2,833,388,388.6597285067874
2,834,389,388.9257918552037
2,835,389,389.11040723981904
2,836,389,389.19547511312226
2,837,389,389.1628959276019
2,838,390,389.2714932126697
2,839,390,389.38009049773757
2,840,389,389.42081447963807
2,841,389,389.3257918552037
2,842,389,389.233484162896
2,843,389,389.0823529411766
2,844,389,388.881447963801
2,845,389,388.63981900452507
2,846,389,388.646153846154
2,847,388,388.5891402714933
2,848,388,388.3665158371042
2,849,388,388.07601809954764
2,850,388,387.81538461538474
2,851,388,387.48235294117654
2,852,388,387.1837104072399
2,853,386,386.75565610859735
2,854,386,386.37285067873313
2,855,386,386.00361990950233
2,856,386,385.6162895927603
2,857,385,385.24705882352947
2,858,385,384.93212669683265
2,859,384,384.7076923076924
2,860,385,384.60995475113134
2,861,385,384.46877828054306
2,862,384,384.3140271493215
2,863,384,384.10226244343903
2,864,384,383.9900452488689
2,865,384,383.7864253393666
2,866,384,383.7004524886879
2,867,384,383.66425339366515
2,868,383,383.74841628959285
2,869,383,383.8208144796381
2,870,384,383.881447963801
2,871,384,383.92126696832594
2,872,385,384.06063348416296
2,873,385,384.28144796380104
2,874,384,384.56561085972857
2,875,384,384.89502262443443
2,876,385,385.11312217194575
2,877,385,385.1221719457014
2,878,386,385.2923076923079
2,879,386,385.5167420814481
2,880,386,385.89773755656125
2,881,386,386.3375565610861
2,882,386,386.67058823529425
2,883,386,386.9312217194571
2,884,388,387.1511312217196
2,885,388,387.36199095022636
2,886,388,387.66606334841646
2,887,388,387.96561085972866
2,888,388,388.23348416289605
2,889,388,388.6542986425341
2,890,388,388.81266968325804
2,891,389,388.99095022624454
2,892,389,388.94841628959284
2,893,389,388.4570135746607
2,894,389,387.82986425339374
2,895,389,387.4561085972851
2,896,386,386.7248868778281
2,897,386,385.5764705882353
2,898,382,384.3511312217195
2,899,382,383.39185520362
2,900,384,382.4416289592762
2,901,384,381.59095022624433
2,902,379,380.9303167420815
2,903,379,380.550226244344
2,904,381,380.0552036199097
2,905,381,379.84977375565626
2,906,379,379.43438914027155
2,907,379,379.1095022624436
2,908,379,379.0995475113123
2,909,379,379.4289592760183
2,910,379,379.4325791855204
2,911,380,379.44524886877844
2,912,380,379.5140271493214
2,913,380,379.88597285067885
2,914,380,380.2570135746608
2,915,381,380.723076923077
2,916,381,381.09773755656124
2,917,381,381.59457013574684
2,918,381,382.07963800904986
2,919,384,382.7574660633486
2,920,384,383.28235294117655
2,921,384,383.979185520362
2,922,384,384.6162895927604
2,923,386,385.4298642533938
2,924,386,386.37918552036206
2,925,387,387.28506787330326
2,926,387,388.1683257918553
2,927,390,389.3266968325793
2,928,390,390.45791855203635
2,929,392,391.4714932126699
2,930,393,392.27692307692325
2,931,393,393.1312217194571
2,932,394,393.6914027149321
2,933,394,394.1031674208146
2,934,394,394.11221719457023
2,935,394,394.0180995475114
2,936,394,393.72036199095044
2,937,394,393.5393665158372
2,938,393,393.3339366515838
2,939,393,393.0425339366518
2,940,392,392.81266968325804
2,941,392,392.73303167420835
2,942,393,392.56289592760197
2,943,393,392.55022624434395
2,944,392,392.3429864253394
2,945,392,392.1457013574661
2,946,392,391.7656108597286
2,947,392,391.08687782805447
2,948,390,390.1321266968327
2,949,390,388.9239819004526
2,950,387,387.7619909502264
2,951,387,386.54570135746616
2,952,385,385.3158371040725
2,953,383,384.1131221719457
2,954,383,383.046153846154
2,955,382,382.22352941176484
2,956,382,381.54751131221735
2,957,381,381.1203619909503
2,958,381,380.6262443438914
2,959,380,380.3493212669685
2,960,380,380.0850678733034
2,961,380,379.7520361990952
2,962,380,379.45701357466066
2,963,379,379.227149321267
2,964,379,379.1511312217196
2,965,379,379.03800904977396
2,966,379,379.0968325791856
2,967,379,379.1185520361991
2,968,379,379.294117647059
2,969,380,379.39366515837116
2,970,380,379.7873303167421
2,971,380,380.22081447963814
2,972,381,380.83981900452494
2,973,381,381.3692307692308
2,974,382,382.1339366515838
2,975,382,382.9728506787332
2,976,385,383.92488687782816
2,977,385,384.9583710407241
2,978,386,386.0416289592761
2,979,386,387.0751131221722
2,980,389,388.097737556561
2,981,389,388.8072398190047
2,982,390,389.51040723981913
2,983,390,390.1076923076924
2,984,391,390.785520361991
2,985,391,391.2687782805431
2,986,391,391.63257918552057
2,987,391,392.0343891402715
2,988,393,392.31764705882364
2,989,393,392.27963800904996
2,990,392,391.92669683257924
2,991,392,391.46515837104084
2,992,392,390.8923076923079
2,993,392,390.6171945701358
2,994,388,390.2425339366517
2,995,388,389.78642533936664
2,996,388,389.5438914027151
2,997,390,389.5511312217196
2,998,390,389.4470588235295
2,999,392,389.3475113122173
2,1000,389,389.2977375565612
2,1001,389,389.48416289592774
2,1002,389,389.1393665158372
2,1003,389,388.7140271493214
2,1004,387,387.9764705882354
2,1005,387,387.31945701357483
2,1006,387,386.5357466063349
2,1007,387,386.0452488687783
2,1008,385,385.252488687783
2,1009,385,384.5122171945702
2,1010,383,383.7674208144798
2,1011,383,383.09954751131227
2,1012,382,382.3131221719458
2,1013,382,381.612669683258
2,1014,381,381.0615384615386
2,1015,381,380.7936651583712
2,1016,380,380.32488687782813
2,1017,380,380.10336722101414
2,1018,380,379.86613386613374
2,1019,380,379.7364857364855
2,1020,380,379.7435897435901
2,1021,380,379.7827505827506
2,1022,379,380.03535353535267
2,1023,381,380.651515151515
2,1024,381,379.10226244343903
2,1025,380,379.7547511312218
2,1026,380,380.52488687782807
2,1027,382,381.3402714932128
2,1028,382,381.9167420814481
2,1029,382,382.57013574660635
2,1030,382,383.05972850678745
2,1031,385,383.68325791855216
2,1032,385,384.7475113122172
2,1033,385,385.6914027149322
2,1034,385,386.2923076923077
2,1035,388,387.0633484162897
2,1036,388,387.902262443439
2,1037,390,388.63891402714944
2,1038,390,389.30316742081453
2,1039,389,390.27239819004535
2,1040,389,391.1239819004527
2,1041,392,391.714932126697
2,1042,393,392.1022624434389
2,1043,393,392.61990950226254
2,1044,394,393.00180995475125
2,1045,394,393.54117647058837
2,1046,393,393.93122171945714
2,1047,393,394.00633484162904
2,1048,394,393.8009049773757
2,1049,394,393.764705882353
2,1050,394,393.68597285067887
2,1051,394,393.50316742081463
2,1052,393,393.43438914027155
2,1053,393,393.2977375565612
2,1054,393,393.26425339366523
2,1055,393,392.90497737556564
2,1056,392,392.4126696832581
2,1057,392,391.7800904977377
2,1058,392,391.21176470588244
2,1059,391,390.51221719457016
2,1060,391,389.69502262443456
2,1061,387,388.77375565610873
2,1062,387,387.90045248868796
2,1063,387,387.027149321267
2,1064,387,386.24705882352947
2,1065,385,385.45339366515856
2,1066,385,384.81628959276026
2,1067,384,384.1674208144797
2,1068,384,383.6769230769232
2,1069,383,382.89049773755664
2,1070,383,382.2244343891404
2,1071,381,381.61266968325793
2,1072,381,381.0570135746607
2,1073,380,380.4823529411766
2,1074,380,380.1457013574662
2,1075,380,379.82443438914044
2,1076,380,379.63438914027154
2,1077,379,379.41176470588243
2,1078,379,379.39276018099554
2,1079,380,379.1864253393667
2,1080,380,379.20180995475124
2,1081,379,379.29140271493225
2,1082,379,379.5076923076925
2,1083,379,379.6208144796381
2,1084,380,380.0009049773757
2,1085,380,380.46425339366533
2,1086,382,381.0271493212671
2,1087,382,381.56199095022635
2,1088,382,382.3411764705883
2,1089,382,383.15384615384636
2,1090,385,383.9891402714934
2,1091,385,384.69502262443456
2,1092,385,385.4579185520364
2,1093,385,386.0552036199095
2,1094,388,386.81176470588247
2,1095,388,387.37285067873313
2,1096,388,387.92488687782827
2,1097,388,388.30678733031687
2,1098,389,388.97285067873315
2,1099,389,389.6389140271495
2,1100,390,390.2325791855205
2,1101,390,390.6814479638011
2,1102,392,391.32850678733047
2,1103,392,391.8461538461539
2,1104,393,392.3185520361992
2,1105,393,392.6914027149322
2,1106,393,393.0488687782806
2,1107,393,393.27511312217206
2,1108,393,393.4633484162897
2,1109,393,393.5067873303167
2,1110,394,393.78733031674216
2,1111,394,393.88687782805425
2,1112,394,393.9438914027151
2,1113,394,393.8968325791856
2,1114,394,393.89592760181006
2,1115,394,393.69140271493234
2,1116,394,393.3809954751133
2,1117,392,392.86244343891417
2,1118,392,392.45158371040736
2,1119,392,391.86425339366525
2,1120,392,391.3049773755657
2,1121,390,390.5782805429866
2,1122,390,389.90678733031694
2,1123,389,389.1131221719457
2,1124,389,388.4380090497739
2,1125,387,387.51583710407255
2,1126,387,386.4579185520363
2,1127,385,385.51402714932135
2,1128,385,384.5339366515838
2,1129,383,383.3674208144798
2,1130,383,382.26425339366523
2,1131,381,381.19457013574663
2,1132,380,380.3285067873304
2,1133,380,379.48868778280564
2,1134,378,378.8977375565612
2,1135,378,378.2895927601811
2,1136,378,377.998190045249
2,1137,378,377.80090497737564
2,1138,378,377.875113122172
2,1139,378,377.8389140271494
2,1140,378,377.97194570135764
2,1141,378,378.26515837104074
2,1142,379,378.56199095022635
2,1143,379,378.8262443438916
2,1144,379,379.1393665158372
2,1145,379,379.7058823529412
2,1146,381,380.2416289592761
2,1147,381,381.0624434389141
2,1148,382,381.9981900452491
2,1149,382,383.0787330316743
2,1150,384,384.2633484162897
2,1151,386,385.51131221719476
2,1152,386,386.5728506787331
2,1153,389,387.598190045249
2,1154,389,388.8081447963802
2,1155,390,389.82352941176487
2,1156,390,390.5420814479638
2,1157,391,391.06153846153853
2,1158,391,391.5502262443441
2,1159,393,392.0533936651584
2,1160,393,392.28687782805446
2,1161,392,392.72307692307703
2,1162,392,393.09592760181005
2,1163,394,393.4895927601811
2,1164,394,393.85882352941184
2,1165,394,394.1674208144797
2,1166,394,394.3882352941177
2,1167,395,394.64162895927615
2,1168,395,394.78642533936664
2,1169,395,394.6841628959277
2,1170,395,394.53755656108615
2,1171,394,394.35565610859743
2,1172,394,394.0244343891404
2,1173,393,393.71221719457026
2,1174,393,393.18733031674225
2,1175,393,392.70407239819014
2,1176,393,392.11674208144814
2,1177,391,391.7710407239821
2,1178,391,391.212669683258
2,1179,391,390.4027149321268
2,1180,389,389.50226244343907
2,1181,389,388.7457013574661
2,1182,388,387.76742081447964
2,1183,388,386.6144796380092
2,1184,384,385.5339366515839
2,1185,384,384.49864253393673
2,1186,384,383.481447963801
2,1187,384,382.66153846153844
2,1188,380,381.7411764705883
2,1189,380,380.89049773755664
2,1190,381,380.2000000000001
2,1191,381,379.2570135746608
2,1192,379,378.6244343891404
2,1193,379,378.5574660633485
2,1194,378,379.0995475113124
2,1195,378,380.09411764705885
2,1196,379,381.4633484162897
2,1197,379,382.52941176470597
2,1198,387,383.2280542986427
2,1199,387,383.8950226244345
2,1200,387,384.2443438914028
2,1201,386,384.39004524886883
2,1202,386,383.8135746606337
2,1203,379,383.1963800904979
2,1204,379,382.5954751131224
2,1205,382,381.8678733031676
2,1206,382,381.76651583710424
2,1207,382,382.2443438914029
2,1208,382,383.1945701357467
2,1209,387,384.5719457013575
2,1210,387,386.2515837104074
2,1211,387,387.46877828054306
2,1212,387,388.5819004524888
2,1213,391,389.8705882352943
2,1214,391,391.01447963800916
2,1215,392,391.90497737556575
2,1216,392,392.4334841628961
2,1217,394,393.18371040723997
2,1218,394,393.73936651583716
2,1219,394,393.9665158371041
2,1220,394,393.93122171945714
2,1221,394,394.1149321266969
2,1222,394,394.1990950226245
2,1223,394,394.2859728506788
2,1224,394,394.2778280542987
2,1225,394,394.56561085972857
2,1226,395,394.74027149321284
2,1227,395,394.74027149321273
2,1228,395,394.70407239819014
2,1229,395,394.7728506787331
2,1230,395,394.68778280543006
2,1231,395,394.5375565610862
2,1232,393,394.42262443438915
2,1233,393,393.98190045248884
2,1234,394,393.40814479638016
2,1235,394,392.6941176470589
2,1236,392,392.04434389140283
2,1237,392,391.26334841628983
2,1238,391,390.57375565610874
2,1239,388,389.7981900452489
2,1240,388,388.9004524886879
2,1241,388,387.8443438914028
2,1242,388,387.00904977375575
2,1243,386,386.1737556561087
2,1244,386,385.18823529411776
2,1245,384,384.3022624434391
2,1246,384,383.69773755656126
2,1247,382,382.74117647058847
2,1248,382,381.67330316742095
2,1249,380,380.723076923077
2,1250,380,379.9809954751133
2,1251,380,379.2606334841631
2,1252,380,378.8461538461539
2,1253,377,378.3330316742082
2,1254,377,378.05520361990955
2,1255,378,377.860633484163
2,1256,378,377.7972850678735
2,1257,378,377.4217194570138
2,1258,378,377.29049773755673
2,1259,377,377.4742081447965
2,1260,378,377.8434389140274
2,1261,378,377.70950226244355
2,1262,377,377.78371040724
2,1263,377,378.0796380090499
2,1264,380,378.61085972850685
2,1265,380,379.11131221719467
2,1266,379,379.9149321266968
2,1267,379,380.66063348416304
2,1268,383,381.7257918552037
2,1269,383,382.7990950226245
2,1270,384,383.9013574660635
2,1271,384,384.83529411764704
2,1272,387,386.219004524887
2,1273,387,387.5170123993651
2,1274,389,388.5874125874124
2,1275,389,389.71284271284264
2,1276,391,390.738927738928
2,1277,391,391.5566433566434
2,1278,393,392.03030303030226
2,1279,392,392.22727272727263
2,1280,392,386.5846153846155
2,1281,394,389.1511312217195
2,1282,394,391.598190045249
2,1283,394,393.633484162896
2,1284,394,395.0325791855204
2,1285,395,395.77104072398214
2,1286,395,395.7565610859729
2,1287,395,394.83529411764715
2,1288,395,394.7303167420816
2,1289,394,394.71221719457026
2,1290,394,394.7104072398191
2,1291,395,394.59547511312235
2,1292,395,394.44705882352946
2,1293,394,394.2832579185522
2,1294,394,394.1312217194572
2,1295,394,394.0298642533937
2,1296,394,393.756561085973
2,1297,393,393.2977375565611
2,1298,393,392.639819004525
2,1299,392,392.1167420814481
2,1300,392,391.46244343891414
2,1301,391,390.69049773755665
2,1302,389,389.8144796380092
2,1303,389,389.19819004524896
2,1304,388,388.40542986425356
2,1305,388,387.4859728506788
2,1306,386,386.48959276018115
2,1307,386,385.4660633484163
2,1308,385,384.4651583710409
2,1309,385,383.5366515837106
2,1310,381,382.4533936651585
2,1311,381,381.59728506787354
2,1312,380,380.6705882352942
2,1313,380,379.8524886877829
2,1314,379,378.90407239819024
2,1315,379,378.1864253393667
2,1316,378,377.5013574660635
2,1317,378,377.2506787330318
2,1318,376,377.0054298642535
2,1319,376,376.93665158371056
2,1320,376,376.8624434389141
2,1321,377,377.0009049773757
2,1322,377,377.081447963801
2,1323,379,377.433484162896
2,1324,379,377.6886877828055
2,1325,378,378.2787330316744
2,1326,378,378.8018099547512
2,1327,379,379.4561085972852
2,1328,379,379.9484162895929
2,1329,381,380.7239819004526
2,1330,381,381.54208144796394
2,1331,384,382.70950226244344
2,1332,384,383.78280542986437
2,1333,385,384.9212669683258
2,1334,385,386.0687782805432
2,1335,388,387.2371040723983
2,1336,388,388.16742081447967
2,1337,389,389.14841628959283
2,1338,389,389.93031674208163
2,1339,392,390.81990950226253
2,1340,392,391.45339366515844
2,1341,392,392.01719457013587
2,1342,392,392.35927601809976
2,1343,393,392.74298642533944
2,1344,393,393.0316742081449
2,1345,393,393.3004524886879
2,1346,393,393.4244343891403
2,1347,394,393.764705882353
2,1348,394,394.0823529411765
2,1349,394,394.42081447963824
2,1350,395,394.6235294117648
2,1351,395,394.810859728507
2,1352,395,394.90316742081455
2,1353,395,395.1031674208145
2,1354,395,395.01357466063365
2,1355,395,394.79095022624443
2,1356,394,394.39185520361997
2,1357,394,393.98461538461555
2,1358,394,393.4760180995476
2,1359,394,392.84977375565626
2,1360,391,392.16018099547523
2,1361,391,391.74389140271506
2,1362,391,391.13755656108606
2,1363,391,390.4316742081449
2,1364,389,389.57828054298653
2,1365,389,388.94117647058835
2,1366,389,388.21357466063364
2,1367,389,387.6452488687784
2,1368,385,386.81176470588247
2,1369,385,385.7656108597287
2,1370,385,384.6244343891404
2,1371,385,383.50588235294134
2,1372,382,382.32126696832586
2,1373,382,381.1819004524887
2,1374,380,380.19638009049794
2,1375,378,379.4733031674209
2,1376,378,378.5674208144798
2,1377,378,377.83348416289607
2,1378,378,377.34389140271503
2,1379,377,377.171040723982
2,1380,377,376.9013574660635
2,1381,377,376.92126696832594
2,1382,377,376.91945701357486
2,1383,377,376.90769230769246
2,1384,377,376.80633484162905
2,1385,377,376.8533936651586
2,1386,377,377.2714932126698
2,1387,378,377.72669683257925
2,1388,378,378.4850678733033
2,1389,379,379.2533936651585
2,1390,379,380.3384615384617
2,1391,382,381.5610859728507
2,1392,384,382.942081447964
2,1393,384,384.3638009049775
2,1394,386,385.5674208144797
2,1395,386,386.83257918552044
2,1396,389,388.52669683257926
2,1397,389,389.6262443438915
2,1398,390,390.0153846153847
2,1399,390,389.99366515837113
2,1400,390,389.73755656108614
2,1401,392,388.32036199095035
2,1402,392,387.43348416289604
2,1403,384,386.9158371040725
2,1404,384,386.96289592760195
2,1405,384,387.308597285068
2,1406,385,387.96651583710417
2,1407,385,388.9502262443439
2,1408,396,390.3466063348418
2,1409,396,392.1194570135748
2,1410,395,394.18009049773764
2,1411,395,395.2733031674209
2,1412,395,396.0235294117648
2,1413,396,396.09049773755675
2,1414,396,395.69049773755677
2,1415,394,394.439819004525
2,1416,394,393.89592760181006
2,1417,393,393.21628959276023
2,1418,393,392.4760180995477
2,1419,391,391.550226244344
2,1420,391,390.4497737556563
2,1421,389,389.5239819004527
2,1422,389,389.0660633484164
2,1423,388,388.36289592760187
2,1424,388,387.58461538461546
2,1425,386,386.8217194570138
2,1426,386,386.50859728506794
2,1427,387,385.9321266968327
2,1428,387,385.2624434389141
2,1429,383,384.6633484162898
2,1430,383,383.96018099547524
2,1431,384,383.1140271493214
2,1432,384,382.28597285067895
2,1433,380,381.219004524887
2,1434,380,380.2561085972852
2,1435,381,379.59909502262445
2,1436,378,379.24977375565624
2,1437,378,378.7266968325793
2,1438,378,378.34841628959276
2,1439,378,378.1484162895929
2,1440,379,378.3601809954752
2,1441,379,378.5276018099549
2,1442,379,378.79457013574665
2,1443,379,379.08778280543004
2,1444,379,379.31855203619915
2,1445,379,379.6533936651585
2,1446,381,380.0470588235295
2,1447,381,380.2425339366517
2,1448,380,380.72126696832595
2,1449,380,381.41990950226256
2,1450,383,381.79276018099563
2,1451,383,382.43257918552047
2,1452,383,383.16923076923086
2,1453,383,384.0325791855204
2,1454,386,385.0497737556562
2,1455,386,386.24796380090504
2,1456,385,387.3800904977377
2,1457,390,388.3990950226245
2,1458,390,389.4615384615385
2,1459,391,390.52398190045255
2,1460,391,391.47782805429875
2,1461,393,392.21447963800915
2,1462,393,393.0407239819006
2,1463,393,393.66334841628975
2,1464,393,393.86244343891406
2,1465,395,394.3104072398191
2,1466,395,394.6090497737557
2,1467,395,394.85158371040734
2,1468,395,394.93122171945714
2,1469,395,395.22986425339377
2,1470,395,395.3294117647059
2,1471,395,395.30045248868794
2,1472,395,395.01357466063365
2,1473,395,394.8959276018102
2,1474,395,394.5746606334842
2,1475,395,394.1656108597286
2,1476,393,393.58461538461546
2,1477,393,393.0271493212671
2,1478,392,392.2886877828055
2,1479,392,391.51221719457027
2,1480,390,390.6407239819006
2,1481,390,389.9674208144798
2,1482,389,389.18552036199105
2,1483,389,388.47420814479653
2,1484,387,387.5357466063349
2,1485,387,386.752036199095
2,1486,386,385.82533936651595
2,1487,386,385.00542986425353
2,1488,383,383.9945701357467
2,1489,383,383.17466063348417
2,1490,382,382.24796380090515
2,1491,382,381.2524886877829
2,1492,380,380.27873303167434
2,1493,380,379.61085972850685
2,1494,379,379.1239819004526
2,1495,379,378.831674208145
2,1496,377,378.40000000000015
2,1497,377,378.0950226244346
2,1498,379,377.6914027149322
2,1499,379,377.5638009049774
2,1500,378,377.46244343891425
2,1501,377,377.5375565610861
2,1502,377,377.5185520361991
2,1503,377,377.7348416289592
2,1504,377,377.75022624434405
2,1505,379,377.92850678733043
2,1506,379,378.20995475113136
2,1507,379,378.9348416289595
2,1508,379,379.962895927602
2,1509,381,381.01538461538473
2,1510,381,381.8696832579187
2,1511,383,382.8325791855205
2,1512,383,383.79547511312234
2,1513,387,384.714932126697
2,1514,387,385.7475113122172
2,1515,386,386.70497737556565
2,1516,386,387.59909502262457
2,1517,389,388.58009049773773
2,1518,389,389.39819004524907
2,1519,389,390.0805429864254
2,1520,392,390.65429864253406
2,1521,392,391.56470588235305
2,1522,393,392.45701357466083
2,1523,393,393.12036199095036
2,1524,393,393.543891402715
2,1525,393,394.06153846153865
2,1526,395,394.40723981900464
2,1527,395,394.5266968325793
2,1528,395,394.78099547511334
2,1529,395,394.96098019627397
2,1530,395,395.08791208791195
2,1531,395,395.04129204129197
2,1532,395,394.8881118881122
2,1533,395,395.0000000000001
2,1534,395,394.99999999999903
2,1535,395,394.99999999999994
2,1536,395,386.87330316742094
2,1537,395,388.9746606334843
2,1538,393,390.56651583710413
2,1539,391,391.67873303167437
2,1540,391,392.41447963800914
2,1541,391,392.2769230769231
2,1542,391,391.1846153846154
2,1543,388,389.1945701357467
2,1544,388,388.7294117647059
2,1545,389,388.2823529411766
2,1546,389,387.61447963800913
2,1547,386,386.8099547511312
2,1548,386,386.143891402715
2,1549,386,385.55022624434395
2,1550,386,385.10135746606346
2,1551,383,384.45429864253407
2,1552,383,384.00723981900467
2,1553,384,383.68506787330324
2,1554,384,383.48959276018115
2,1555,383,383.14841628959283
2,1556,383,382.7891402714933
2,1557,383,382.39547511312236
2,1558,383,382.1511312217196
2,1559,381,381.75656108597303
2,1560,381,381.3122171945704
2,1561,381,380.98371040724004
2,1562,380,380.73665158371045
2,1563,380,380.5393665158372
2,1564,381,380.36018099547516
2,1565,381,380.23529411764713
2,1566,380,380.20090497737567
2,1567,380,380.1574660633486
2,1568,380,380.00542986425353
2,1569,380,379.7809954751133
2,1570,379,379.3819004524888
2,1571,379,378.90588235294143
2,1572,379,378.51855203619925
2,1573,379,378.11493212669694
2,1574,377,377.7221719457014
2,1575,377,377.4995475113124
2,1576,377,377.335746606335
2,1577,377,377.25791855203636
2,1578,377,377.1547511312219
2,1579,377,377.11493212669706
2,1580,378,377.15656108597295
2,1581,378,377.29773755656123
2,1582,377,377.2090497737558
2,1583,377,377.13351354527805
2,1584,377,377.00899100899085
2,1585,377,376.8590298590297
2,1586,377,376.785547785548
2,1587,377,377.03076923076935
2,1588,377,377.3636363636355
2,1589,378,377.8939393939394
3,0,377,379.95022624434404
3,1,377,381.6407239819006
3,2,377,383.68235294117653
3,3,392,385.81900452488696
3,4,392,387.9330316742083
3,5,392,389.90678733031683
3,6,392,391.5520361990951
3,7,393,392.8805429864255
3,8,393,393.62986425339375
3,9,392,393.46696832579204
3,10,392,392.39457013574673
3,11,392,392.5656108597286
3,12,392,392.5330316742082
3,13,393,392.39457013574673
3,14,393,392.0479638009051
3,15,391,391.6678733031675
3,16,392,391.2995475113123
3,17,392,390.7203619909503
3,18,389,390.04615384615397
3,19,389,388.89864253393677
3,20,388,388.24072398190054
3,21,388,387.9429864253396
3,22,388,387.95294117647074
3,23,387,388.0117647058824
3,24,387,388.5402714932128
3,25,387,389.21809954751143
3,26,393,389.79819004524893
3,27,391,390.233484162896
3,28,391,390.5447963800906
3,29,391,390.55294117647065
3,30,391,390.3556561085974
3,31,389,389.7122171945703
3,32,389,388.7203619909503
3,33,387,387.40723981900464
3,34,387,386.70135746606337
3,35,385,385.854298642534
3,36,385,385.1502262443441
3,37,384,384.53212669683273
3,38,384,384.22262443438933
3,39,384,383.83800904977386
3,40,384,383.4714932126698
3,41,383,383.00723981900455
3,42,383,382.52941176470597
3,43,382,381.9131221719458
3,44,382,381.23348416289605
3,45,380,380.3538461538462
3,46,379,379.53755656108603
3,47,379,378.83891402714937
3,48,378,378.3122171945702
3,49,378,377.8733031674209
3,50,377,377.63800904977387
3,51,377,377.5131221719457
3,52,378,377.60542986425344
3,53,378,377.6036199095024
3,54,378,377.6579185520362
3,55,378,377.83891402714937
3,56,378,378.00814479638024
3,57,378,378.29773755656123
3,58,378,378.3601809954753
3,59,378,378.3864253393667
3,60,379,378.4262443438915
3,61,379,378.52941176470597
3,62,379,378.46606334841647
3,63,379,378.6063348416291
3,64,378,378.6932126696833
3,65,379,379.0696832579186
3,66,379,379.4515837104073
3,67,380,380.1547511312218
3,68,380,381.0063348416291
3,69,383,382.23348416289593
3,70,383,383.6479638009051
3,71,386,385.2615384615385
3,72,386,386.7384615384617
3,73,389,388.281447963801
3,74,389,389.75475113122184
3,75,392,391.03167420814475
3,76,392,391.92398190045265
3,77,393,392.7294117647061
3,78,393,393.1457013574662
3,79,394,393.4977375565612
3,80,394,393.58099547511324
3,81,393,393.6886877828055
3,82,393,393.45248868778276
3,83,393,393.26968325791876
3,84,393,392.93755656108607
3,85,393,392.74479638009046
3,86,393,392.38009049773774
3,87,392,392.08868778280555
3,88,391,391.71583710407253
3,89,391,391.3185520361992
3,90,391,390.7538461538462
3,91,391,390.22624434389155
3,92,389,389.54027149321274
3,93,389,388.9185520361992
3,94,388,388.18371040723986
3,95,388,387.43800904977394
3,96,386,386.4452488687785
3,97,386,385.44615384615406
3,98,384,384.41085972850703
3,99,384,383.51855203619925
3,100,382,382.4009049773756
3,101,382,381.4280542986427
3,102,380,380.4814479638011
3,103,380,379.84253393665176
3,104,379,379.2361990950228
3,105,379,378.98733031674215
3,106,378,378.652488687783
3,107,379,378.7882352941177
3,108,379,379.1176470588236
3,109,380,379.7638009049774
3,110,380,380.2904977375567
3,111,381,381.06153846153853
3,112,381,381.67239819004544
3,113,384,382.51855203619914
3,114,384,383.371040723982
3,115,384,384.3393665158371
3,116,384,385.05067873303176
3,117,386,385.94117647058835
3,118,386,386.7610859728509
3,119,389,387.59909502262457
3,120,389,388.40542986425356
3,121,389,389.47782805429875
3,122,389,390.51402714932135
3,123,392,391.4941176470589
3,124,392,392.198190045249
3,125,393,392.75113122171945
3,126,394,393.0778280542988
3,127,394,393.5212669683259
3,128,394,393.82443438914044
3,129,394,394.01266968325797
3,130,393,393.91131221719456
3,131,393,394.04072398190056
3,132,394,393.92126696832605
3,133,394,393.771040723982
3,134,394,393.5466063348417
3,135,394,393.2841628959277
3,136,393,392.89049773755664
3,137,393,392.6932126696834
3,138,391,392.08144796380105
3,139,391,391.1981900452489
3,140,390,390.25429864253397
3,141,390,389.47239819004534
3,142,389,388.68687782805443
3,143,389,387.7475113122174
3,144,385,386.78371040724
3,145,385,385.72488687782817
3,146,385,384.4298642533938
3,147,385,383.1574660633485
3,148,382,381.8162895927603
3,149,380,380.71493212669697
3,150,380,379.8144796380092
3,151,378,379.27601809954757
3,152,378,378.56561085972857
3,153,378,378.14932126696834
3,154,378,378.00180995475125
3,155,379,378.2977375565613
3,156,379,378.5873303167423
3,157,379,378.943891402715
3,158,379,379.4199095022625
3,159,380,379.8497737556562
3,160,380,380.1882352941177
3,161,381,380.6488687782806
3,162,381,381.0271493212671
3,163,382,381.51583710407255
3,164,382,382.2307692307692
3,165,383,382.94027149321283
3,166,383,383.8126696832579
3,167,385,384.80723981900456
3,168,385,385.88325791855215
3,169,387,387.0000000000001
3,170,389,388.1167420814481
3,171,389,389.2633484162898
3,172,391,390.26968325791864
3,173,391,391.1040723981901
3,174,392,391.73484162895943
3,175,392,392.33936651583724
3,176,393,392.6950226244345
3,177,393,393.1384615384617
3,178,393,393.48325791855234
3,179,393,393.6316742081449
3,180,394,393.70407239819014
3,181,394,393.7710407239821
3,182,394,393.58280542986444
3,183,394,393.1049773755657
3,184,392,392.72398190045266
3,185,392,392.02624434389156
3,186,391,391.15475113122193
3,187,391,390.0524886877829
3,188,388,389.08054298642554
3,189,388,388.00000000000017
3,190,388,387.131221719457
3,191,385,386.1945701357468
3,192,385,385.0488687782806
3,193,384,383.9529411764707
3,194,384,382.9565610859729
3,195,382,382.1095022624437
3,196,382,381.1140271493214
3,197,379,380.2723981900454
3,198,379,379.6751131221721
3,199,379,378.9972850678734
3,200,379,378.5140271493214
3,201,378,378.150226244344
3,202,378,377.81900452488696
3,203,378,377.68597285067887
3,204,378,377.83076923076925
3,205,378,377.83529411764715
3,206,378,378.14298642533953
3,207,378,378.6380090497738
3,208,378,379.4045248868779
3,209,381,380.0380090497739
3,210,381,380.93393665158385
3,211,382,381.7900452488689
3,212,384,382.90407239819024
3,213,384,384.0877828054299
3,214,385,385.3529411764707
3,215,385,386.5728506787331
3,216,388,387.6914027149322
3,217,388,388.86787330316747
3,218,391,390.15294117647056
3,219,391,390.94751131221733
3,220,392,391.42171945701364
3,221,392,391.3457013574662
3,222,392,390.9692307692309
3,223,391,389.70950226244355
3,224,391,388.8696832579187
3,225,386,388.2542986425341
3,226,386,388.0950226244346
3,227,386,388.30316742081453
3,228,387,388.7402714932128
3,229,387,389.41538461538477
3,230,394,390.2081447963802
3,231,394,391.2099547511315
3,232,393,392.11221719457023
3,233,393,392.25882352941187
3,234,391,391.9936651583712
3,235,391,391.5900452488689
3,236,390,390.58914027149325
3,237,390,389.0859728506788
3,238,387,388.21809954751143
3,239,387,387.32307692307705
3,240,387,386.300452488688
3,241,387,385.4497737556562
3,242,383,384.7257918552036
3,243,384,384.0832579185522
3,244,384,383.4036199095024
3,245,382,382.9683257918553
3,246,382,382.57556561085977
3,247,383,382.2235294117648
3,248,383,382.04615384615386
3,249,381,382.03096903096883
3,250,381,381.7672327672326
3,251,382,381.5548895548895
3,252,382,381.08041958041997
3,253,380,380.58671328671335
3,254,380,380.08585858585775
3,255,379,378.74242424242414
3,256,379,379.2868778280544
3,257,380,379.52398190045267
3,258,380,380.03981900452493
3,259,381,380.29773755656123
3,260,381,380.8995475113123
3,261,381,381.96651583710417
3,262,381,383.0199095022626
3,263,385,383.71402714932145
3,264,385,384.5031674208145
3,265,384,385.49683257918565
3,266,389,386.40452488687794
3,267,389,387.1420814479639
3,268,386,387.82533936651583
3,269,386,388.3638009049775
3,270,390,388.66696832579197
3,271,390,389.0570135746608
3,272,389,389.45610859728527
3,273,389,389.6533936651585
3,274,391,390.3303167420815
3,275,391,391.1683257918553
3,276,391,391.58642533936666
3,277,391,391.7420814479639
3,278,393,392.13484162895946
3,279,393,392.53484162895927
3,280,393,392.6561085972851
3,281,393,392.69230769230785
3,282,392,392.6434389140273
3,283,392,392.598190045249
3,284,392,392.18642533936656
3,285,392,391.45339366515844
3,286,391,390.721266968326
3,287,391,389.91221719457025
3,288,389,389.30135746606356
3,289,389,388.5638009049774
3,290,386,387.72217194570146
3,291,386,386.79909502262444
3,292,386,385.88506787330317
3,293,386,385.0705882352942
3,294,386,384.37828054298654
3,295,383,383.83076923076936
3,296,383,383.31221719457017
3,297,382,382.90678733031683
3,298,382,382.2805429864254
3,299,382,381.69954751131223
3,300,382,381.28868778280554
3,301,381,380.97285067873315
3,302,381,380.67420814479647
3,303,380,380.2995475113123
3,304,380,379.9375565610861
3,305,380,379.7266968325793
3,306,380,379.7285067873304
3,307,379,379.6515837104073
3,308,379,380.0045248868781
3,309,381,380.60361990950236
3,310,381,381.46515837104084
3,311,383,382.32579185520376
3,312,383,383.32217194570154
3,313,383,384.3113122171947
3,314,387,385.350226244344
3,315,387,386.14841628959294
3,316,387,386.81538461538474
3,317,387,387.45791855203635
3,318,388,387.98280542986436
3,319,388,388.50588235294134
3,320,389,388.9429864253395
3,321,389,389.14208144796385
3,322,390,389.70497737556565
3,323,390,390.29502262443447
3,324,391,390.8579185520363
3,325,391,391.40995475113135
3,326,392,391.9058823529413
3,327,392,392.2389140271495
3,328,393,392.5113122171947
3,329,393,392.69592760181007
3,330,393,392.77466063348425
3,331,393,392.7384615384617
3,332,392,392.7990950226246
3,333,392,392.50678733031685
3,334,392,392.0361990950227
3,335,392,391.3619909502264
3,336,391,390.87963800905
3,337,391,390.18461538461554
3,338,390,389.3583710407242
3,339,387,388.4823529411765
3,340,387,387.71131221719475
3,341,387,386.8000000000001
3,342,387,385.847963800905
3,343,384,384.9547511312218
3,344,384,384.1520361990951
3,345,384,383.4714932126699
3,346,384,382.87420814479657
3,347,381,382.10588235294125
3,348,381,381.5122171945702
3,349,381,380.88597285067885
3,350,381,380.5583710407241
3,351,380,380.0977375565612
3,352,380,379.8723981900454
3,353,380,379.7592760180997
3,354,380,380.0352941176472
3,355,379,380.2144796380091
3,356,381,380.6108597285069
3,357,381,381.04705882352954
3,358,382,381.74570135746615
3,359,382,382.5140271493214
3,360,384,383.3592760180996
3,361,384,384.0063348416289
3,362,385,384.78009049773766
3,363,385,385.5221719457014
3,364,387,386.3511312217195
3,365,387,386.9122171945702
3,366,387,387.5303167420816
3,367,387,387.9828054298643
3,368,390,388.5945701357467
3,369,390,389.15203619909505
3,370,389,389.72126696832595
3,371,389,390.0977375565612
3,372,391,390.6244343891404
3,373,391,391.1058823529413
3,374,392,391.558371040724
3,375,392,391.79819004524904
3,376,392,392.19547511312226
3,377,392,392.52036199095045
3,378,393,392.6868778280545
3,379,393,392.6090497737557
3,380,393,392.61628959276027
3,381,392,392.4380090497738
3,382,392,392.4334841628961
3,383,392,392.16199095022637
3,384,392,391.6687782805431
3,385,391,390.9990950226246
3,386,391,390.54841628959286
3,387,390,389.91221719457036
3,388,390,389.1719457013575
3,389,387,388.2705882352942
3,390,387,387.4923076923078
3,391,387,386.6506787330318
3,392,387,385.8361990950227
3,393,384,385.1420814479639
3,394,384,384.4615384615386
3,395,384,383.6850678733034
3,396,384,383.1031674208146
3,397,382,382.4524886877829
3,398,382,381.86968325791855
3,399,382,381.4180995475114
3,400,380,381.16108597285086
3,401,380,380.7466063348418
3,402,381,380.42262443438915
3,403,381,380.15475113122193
3,404,380,380.1085972850679
3,405,380,379.9638009049775
3,406,380,380.0
3,407,380,380.0760180995476
3,408,380,380.17375565610865
3,409,380,380.3276018099548
3,410,381,380.7692307692309
3,411,381,381.321266968326
3,412,382,381.93846153846164
3,413,382,382.4253393665159
3,414,384,383.11583710407245
3,415,384,383.92850678733043
3,416,385,384.6407239819006
3,417,385,385.42986425339376
3,418,386,386.2642533936653
3,419,386,387.1122171945702
3,420,389,388.01266968325797
3,421,389,388.73393665158375
3,422,389,389.59185520361996
3,423,391,390.71674208144805
3,424,391,391.5185520361993
3,425,392,391.8995475113123
3,426,392,391.9004524886879
3,427,392,391.56199095022646
3,428,393,390.99004524886885
3,429,393,390.49049773755667
3,430,388,390.1683257918553
3,431,388,390.14660633484175
3,432,388,390.025339366516
3,433,389,389.96108597285075
3,434,389,389.91040723981916
3,435,393,390.04162895927607
3,436,393,390.2615384615386
3,437,391,390.6244343891404
3,438,389,390.36289592760187
3,439,389,390.20090497737567
3,440,389,389.5095022624436
3,441,389,388.41990950226256
3,442,387,387.0633484162897
3,443,387,386.1981900452489
3,444,386,385.38280542986433
3,445,386,384.3873303167423
3,446,381,383.30497737556567
3,447,381,382.4199095022626
3,448,382,381.67511312217204
3,449,382,381.15203619909516
3,450,380,380.6552036199096
3,451,380,380.4597285067874
3,452,381,380.2904977375567
3,453,381,380.41085972850686
3,454,380,380.18280542986446
3,455,380,379.9683257918552
3,456,380,379.8443438914028
3,457,380,379.88778280543005
3,458,379,379.90135746606353
3,459,380,379.88778280542994
3,460,380,379.63257918552046
3,461,380,379.7212669683259
3,462,380,379.97918552036225
3,463,381,380.4316742081449
3,464,381,380.7511312217196
3,465,380,381.4099547511313
3,466,380,382.25882352941187
3,467,385,383.2868778280545
3,468,385,384.1393665158373
3,469,385,385.13212669683264
3,470,385,386.1656108597286
3,471,389,387.2787330316744
3,472,389,388.23981900452503
3,473,388,388.9493212669684
3,474,388,389.4398190045249
3,475,391,390.09502262443453
3,476,391,390.63710407239824
3,477,391,391.00271493212676
3,478,391,391.1285067873305
3,479,392,391.5049773755658
3,480,392,391.8226244343892
3,481,391,391.9864253393665
3,482,392,391.9013574660634
3,483,392,392.0262443438915
3,484,392,392.0199095022626
3,485,392,391.9619909502264
3,486,392,391.7321266968326
3,487,392,391.55746606334856
3,488,391,391.26515837104074
3,489,391,390.89411764705903
3,490,390,390.4217194570137
3,491,390,389.97285067873315
3,492,389,389.3429864253396
3,493,389,388.67511312217215
3,494,388,387.9828054298643
3,495,388,387.21809954751143
3,496,386,386.40361990950237
3,497,386,385.56199095022646
3,498,384,384.7158371040725
3,499,384,383.8877828054301
3,500,383,383.10045248868784
3,501,382,382.3764705882354
3,502,382,381.66787330316754
3,503,381,381.1266968325792
3,504,381,380.48687782805445
3,505,380,380.0473056355408
3,506,380,379.5854145854145
3,507,379,379.2216672216672
3,508,379,378.9347319347321
3,509,379,378.92657342657344
3,510,379,379.15656565656485
3,511,380,379.92424242424244
3,512,380,379.6796380090499
3,513,380,380.07692307692315
3,514,380,380.6778280542988
3,515,382,381.3484162895929
3,516,382,382.1547511312219
3,517,383,383.0244343891404
3,518,383,383.8850678733032
3,519,385,384.5936651583712
3,520,386,385.3457013574661
3,521,386,385.92760180995487
3,522,387,386.3963800904978
3,523,387,386.8063348416291
3,524,387,387.21176470588256
3,525,387,387.7402714932128
3,526,388,388.11945701357484
3,527,388,388.4217194570138
3,528,389,388.8579185520364
3,529,389,389.23257918552054
3,530,391,389.7592760180996
3,531,391,390.3131221719458
3,532,390,390.8398190045251
3,533,390,391.2850678733032
3,534,392,391.7330316742083
3,535,392,392.06787330316763
3,536,393,392.3828054298643
3,537,393,392.571040723982
3,538,393,392.87330316742083
3,539,393,393.20090497737567
3,540,393,393.4090497737558
3,541,393,393.29140271493213
3,542,393,393.1954751131223
3,543,393,392.86877828054304
3,544,393,392.61809954751135
3,545,393,392.150226244344
3,546,392,391.5900452488689
3,547,390,390.8624434389141
3,548,390,390.1719457013577
3,549,389,389.32307692307705
3,550,389,388.4678733031676
3,551,387,387.55837104072407
3,552,387,386.89683257918557
3,553,386,386.185520361991
3,554,386,385.4036199095025
3,555,384,384.45339366515844
3,556,384,383.56651583710425
3,557,383,382.69502262443444
3,558,383,381.9909502262444
3,559,380,381.329411764706
3,560,380,380.7855203619911
3,561,380,380.2932126696834
3,562,380,379.9864253393667
3,563,380,379.58099547511324
3,564,380,379.39276018099554
3,565,380,379.2488687782806
3,566,379,379.3764705882354
3,567,379,379.37828054298654
3,568,379,379.4570135746608
3,569,379,379.46244343891414
3,570,380,379.64434389140285
3,571,380,379.9049773755658
3,572,381,380.3466063348417
3,573,381,380.79185520362
3,574,381,381.3248868778282
3,575,381,381.8823529411766
3,576,383,382.53031674208165
3,577,383,383.05520361990966
3,578,384,383.7819004524889
3,579,384,384.48778280543
3,580,386,385.3592760180996
3,581,386,386.24434389140276
3,582,387,386.9909502262444
3,583,387,387.6470588235295
3,584,389,388.3990950226244
3,585,389,389.033484162896
3,586,390,389.5457013574661
3,587,390,389.93122171945726
3,588,390,390.4651583710408
3,589,391,390.82262443438924
3,590,391,391.16742081447984
3,591,391,391.2633484162897
3,592,391,391.4307692307693
3,593,392,391.3900452488689
3,594,392,391.4208144796382
3,595,391,391.20271493212687
3,596,391,390.762895927602
3,597,390,390.33755656108605
3,598,390,389.7628959276018
3,599,389,389.08416289592776
3,600,389,388.3466063348416
3,601,387,387.875113122172
3,602,387,387.39457013574673
3,603,387,386.7683257918554
3,604,386,386.25972850678755
3,605,386,385.8552036199097
3,606,386,385.5411764705883
3,607,386,385.3746606334843
3,608,384,385.212669683258
3,609,384,384.91221719457025
3,610,385,384.53031674208154
3,611,385,384.19185520362004
3,612,384,383.68325791855216
3,613,384,383.129411764706
3,614,382,382.58461538461546
3,615,382,382.1031674208146
3,616,381,381.46244343891414
3,617,381,380.83981900452494
3,618,380,380.198190045249
3,619,380,379.9004524886879
3,620,380,379.82624434389146
3,621,380,380.05520361990966
3,622,380,380.17828054298656
3,623,380,380.58642533936666
3,624,380,381.1140271493214
3,625,383,381.7954751131223
3,626,383,382.45610859728515
3,627,383,383.33303167420826
3,628,383,383.99276018099556
3,629,385,384.41719457013585
3,630,385,384.5176470588236
3,631,385,384.40542986425345
3,632,385,383.55927601809964
3,633,385,383.273303167421
3,634,382,383.20180995475124
3,635,382,383.4108597285069
3,636,382,383.8986425339368
3,637,383,384.74027149321273
3,638,383,385.6787330316743
3,639,390,386.79819004524904
3,640,390,387.9737556561087
3,641,391,389.2805429864254
3,642,391,390.1692307692308
3,643,390,390.89049773755676
3,644,390,391.34479638009054
3,645,391,391.571040723982
3,646,391,391.47873303167427
3,647,392,391.81719457013594
3,648,392,392.07420814479644
3,649,393,392.4407239819005
3,650,393,392.70769230769235
3,651,393,392.8778280542989
3,652,393,392.7538461538463
3,653,392,392.69502262443444
3,654,392,392.260633484163
3,655,392,391.6343891402715
3,656,391,390.80000000000007
3,657,391,390.02081447963815
3,658,389,389.1601809954752
3,659,389,388.2904977375567
3,660,386,387.4841628959278
3,661,386,386.8162895927603
3,662,386,386.16199095022637
3,663,386,385.6027149321268
3,664,385,385.2226244343892
3,665,385,384.9058823529412
3,666,385,384.53665158371047
3,667,385,384.19909502262453
3,668,383,383.62986425339375
3,669,383,382.9656108597286
3,670,383,382.19909502262453
3,671,381,381.52307692307704
3,672,381,380.9239819004527
3,673,380,380.3882352941177
3,674,380,379.8289592760182
3,675,379,379.5592760180996
3,676,379,379.3384615384617
3,677,380,379.3257918552037
3,678,380,379.4687782805431
3,679,379,379.63800904977387
3,680,379,379.89502262443455
3,681,381,380.2217194570137
3,682,381,380.59095022624456
3,683,381,380.9665158371041
3,684,381,381.30316742081465
3,685,382,381.82352941176487
3,686,382,382.2000000000001
3,687,383,382.63710407239824
3,688,383,383.1239819004526
3,689,384,383.71493212669697
3,690,384,384.46425339366533
3,691,385,385.29049773755673
3,692,385,386.1122171945703
3,693,388,386.84524886877836
3,694,388,387.60542986425344
3,695,388,388.3701357466064
3,696,390,389.11674208144814
3,697,390,389.89321266968335
3,698,390,390.54751131221735
3,699,390,391.1366515837106
3,700,392,391.51764705882374
3,701,392,392.0334841628961
3,702,393,392.427149321267
3,703,393,392.5828054298644
3,704,393,392.8615384615386
3,705,393,393.156561085973
3,706,393,393.302262443439
3,707,393,393.34208144796384
3,708,393,393.46696832579204
3,709,393,393.40633484162896
3,710,394,393.37828054298654
3,711,394,393.2009049773757
3,712,393,393.0425339366516
3,713,393,392.6714932126699
3,714,392,392.1330316742082
3,715,391,391.4723981900452
3,716,391,390.94660633484176
3,717,390,390.212669683258
3,718,390,389.55203619909514
3,719,388,388.8461538461539
3,720,388,388.18823529411776
3,721,388,387.47149321266977
3,722,388,386.72760180995493
3,723,385,385.8497737556562
3,724,385,385.14027149321277
3,725,384,384.2923076923078
3,726,384,383.4760180995477
3,727,382,382.5140271493214
3,728,382,381.77013574660646
3,729,381,381.06696832579195
3,730,381,380.50407239819015
3,731,379,379.69502262443456
3,732,379,379.0533936651585
3,733,379,378.43348416289604
3,734,379,378.0895927601812
3,735,377,377.6488687782807
3,736,377,377.53846153846155
3,737,377,377.4877828054299
3,738,378,377.82624434389146
3,739,378,378.18823529411776
3,740,379,378.8081447963802
3,741,379,379.42895927601825
3,742,381,380.3936651583711
3,743,381,381.3529411764706
3,744,383,382.2162895927604
3,745,383,383.1520361990952
3,746,384,384.19004524886884
3,747,384,385.16018099547523
3,748,387,385.8895927601811
3,749,387,386.6054298642535
3,750,387,387.53755656108603
3,751,389,388.3158371040724
3,752,389,389.05610859728523
3,753,389,389.67420814479647
3,754,389,390.156561085973
3,755,392,390.48959276018104
3,756,392,390.93665158371056
3,757,391,391.36108597285073
3,758,391,391.6995475113124
3,759,392,392.1656108597286
3,760,392,392.5022624434391
3,761,393,392.7697596521123
3,762,393,393.084915084915
3,763,394,393.5805305805305
3,764,394,393.8974358974359
3,765,394,394.1125874125875
3,766,394,394.4090909090901
3,767,395,394.8636363636363
3,768,395,387.6841628959278
3,769,394,389.66696832579186
3,770,394,391.53303167420825
3,771,393,392.90588235294126
3,772,393,393.8271493212671
3,773,392,394.07963800904986
3,774,392,393.323076923077
3,775,392,391.6352941176473
3,776,392,390.9095022624435
3,777,390,390.0479638009051
3,778,390,389.08235294117657
3,779,388,388.1149321266969
3,780,386,387.0479638009051
3,781,386,385.9927601809957
3,782,384,384.86063348416303
3,783,384,383.83981900452505
3,784,383,382.9185520361993
3,785,383,382.0171945701359
3,786,381,381.2561085972851
3,787,381,380.4760180995476
3,788,379,379.6407239819006
3,789,379,378.9022624434391
3,790,378,378.1945701357466
3,791,378,377.64253393665166
3,792,377,377.29140271493225
3,793,377,377.17737556561093
3,794,377,377.18914027149344
3,795,377,377.4769230769232
3,796,378,377.5610859728507
3,797,378,377.9619909502262
3,798,379,378.50497737556583
3,799,379,379.2153846153847
3,800,380,379.8389140271495
3,801,380,380.521266968326
3,802,380,381.0579185520362
3,803,383,381.64434389140274
3,804,383,382.1963800904978
3,805,383,382.8298642533938
3,806,383,383.4515837104074
3,807,384,384.1683257918553
3,808,384,384.87782805429873
3,809,386,385.6778280542988
3,810,386,386.3185520361992
3,811,388,387.36561085972863
3,812,388,388.5076923076924
3,813,390,389.6452488687784
3,814,390,390.67873303167437
3,815,392,391.64705882352956
3,816,392,392.31855203619915
3,817,394,393.00904977375575
3,818,394,393.56651583710413
3,819,394,394.05701357466074
3,820,394,394.2850678733033
3,821,394,394.61447963800924
3,822,394,394.60904977375577
3,823,395,394.598190045249
3,824,395,394.3113122171947
3,825,394,394.10497737556574
3,826,394,393.735746606335
3,827,394,393.3809954751133
3,828,392,392.8180995475115
3,829,392,392.10135746606346
3,830,391,391.35565610859743
3,831,391,390.6443438914028
3,832,390,389.82805429864254
3,833,390,389.09954751131227
3,834,388,388.6452488687783
3,835,388,388.38099547511337
3,836,388,388.2253393665161
3,837,387,388.0968325791856
3,838,387,388.47601809954773
3,839,389,388.4434389140272
3,840,389,388.0488687782806
3,841,388,387.3420814479639
3,842,388,386.16380090497745
3,843,386,384.75475113122184
3,844,386,383.1438914027151
3,845,378,381.3511312217196
3,846,378,379.6579185520363
3,847,377,378.3429864253395
3,848,377,377.4850678733033
3,849,377,377.02714932126713
3,850,377,377.11221719457023
3,851,378,377.32398190045274
3,852,379,378.24615384615396
3,853,379,378.58642533936666
3,854,380,379.2524886877828
3,855,380,379.89230769230767
3,856,380,380.7538461538463
3,857,380,381.5963800904979
3,858,383,382.5791855203621
3,859,383,383.65248868778303
3,860,386,384.90497737556564
3,861,386,386.0868778280544
3,862,388,387.3574660633486
3,863,388,388.39638009049787
3,864,390,389.35384615384623
3,865,390,390.10316742081454
3,866,391,390.9330316742082
3,867,391,391.5321266968327
3,868,392,392.21628959276023
3,869,392,392.70135746606354
3,870,394,393.19185520362004
3,871,394,393.49230769230786
3,872,394,393.75475113122184
3,873,394,393.93122171945714
3,874,394,394.25610859728516
3,875,394,394.36380090497744
3,876,394,394.3746606334842
3,877,394,394.2090497737557
3,878,394,394.2054298642536
3,879,395,394.10226244343903
3,880,395,393.9882352941177
3,881,393,393.75203619909513
3,882,393,393.70316742081457
3,883,393,393.3511312217196
3,884,393,392.8298642533936
3,885,392,392.07330316742093
3,886,392,391.22443438914036
3,887,391,390.6470588235295
3,888,391,389.84343891402733
3,889,387,388.66334841628975
3,890,387,387.356561085973
3,891,386,386.24343891402737
3,892,386,385.0443438914029
3,893,385,383.68597285067887
3,894,381,382.49502262443434
3,895,381,381.52126696832596
3,896,381,380.8144796380091
3,897,381,380.00904977375575
3,898,378,379.3393665158371
3,899,378,378.6868778280545
3,900,379,378.3330316742082
3,901,379,378.2117647058825
3,902,378,377.9031674208146
3,903,378,377.646153846154
3,904,377,377.59728506787343
3,905,377,377.7040723981902
3,906,378,377.69864253393683
3,907,378,377.4923076923078
3,908,378,377.7230769230771
3,909,378,378.34570135746606
3,910,379,379.0470588235296
3,911,379,379.7113122171947
3,912,380,380.2723981900453
3,913,380,380.9873303167422
3,914,384,381.69230769230774
3,915,384,382.6235294117649
3,916,383,383.6018099547512
3,917,383,384.647963800905
3,918,385,385.7122171945702
3,919,387,386.74479638009063
3,920,387,387.62533936651596
3,921,390,388.433484162896
3,922,390,389.59638009049786
3,923,391,390.74117647058836
3,924,391,391.56832579185533
3,925,392,392.1782805429866
3,926,392,392.7393665158373
3,927,394,393.29683257918566
3,928,394,393.6371040723983
3,929,394,394.10316742081454
3,930,394,394.508597285068
3,931,395,394.81719457013594
3,932,395,395.0018099547512
3,933,395,395.0443438914028
3,934,395,394.8651583710408
3,935,395,394.87330316742083
3,936,395,394.6778280542988
3,937,394,394.30588235294124
3,938,394,393.78461538461556
3,939,393,393.4914027149323
3,940,393,393.00361990950245
3,941,393,392.52579185520375
3,942,391,391.8624434389141
3,943,391,391.23619909502276
3,944,391,390.4696832579186
3,945,391,389.6651583710409
3,946,388,388.72488687782817
3,947,388,387.68959276018103
3,948,386,386.6000000000001
3,949,386,385.70588235294133
3,950,384,384.5800904977377
3,951,384,383.5429864253395
3,952,382,382.5737556561087
3,953,382,381.8606334841631
3,954,381,380.9058823529413
3,955,381,380.150226244344
3,956,379,379.4778280542987
3,957,379,378.97285067873315
3,958,378,378.3692307692309
3,959,378,378.0009049773758
3,960,377,377.5040723981901
3,961,378,377.31493212669704
3,962,378,377.2425339366516
3,963,377,377.49592760181
3,964,377,377.65701357466077
3,965,378,378.10769230769245
3,966,378,378.60271493212684
3,967,380,379.2968325791856
3,968,380,379.8561085972852
3,969,381,380.68506787330324
3,970,381,381.6407239819005
3,971,383,382.5122171945703
3,972,383,383.1475113122174
3,973,384,383.86244343891417
3,974,384,384.3547511312218
3,975,386,385.06968325791865
3,976,386,385.7049773755658
3,977,386,386.29683257918566
3,978,386,386.9429864253396
3,979,388,387.7411764705884
3,980,388,388.58914027149325
3,981,390,389.5257918552037
3,982,390,390.3900452488689
3,983,391,391.3683257918553
3,984,393,392.24705882352947
3,985,393,392.9538461538463
3,986,394,393.41628959276034
3,987,394,393.8389140271493
3,988,394,394.0262443438916
3,989,394,394.2714932126698
3,990,394,394.2678733031675
3,991,394,394.1266968325793
3,992,394,394.03619909502277
3,993,394,393.9257918552037
3,994,394,393.80452488687797
3,995,394,393.6904977375566
3,996,393,393.4723981900453
3,997,393,393.31855203619915
3,998,393,392.99728506787335
3,999,393,392.6244343891404
3,1000,392,392.1158371040726
3,1001,392,391.66696832579197
3,1002,391,391.07330316742093
3,1003,391,390.5484162895928
3,1004,389,389.9085972850679
3,1005,389,389.0470588235294
3,1006,388,388.20452488687783
3,1007,388,387.22171945701365
3,1008,386,386.1484162895929
3,1009,386,385.0343891402716
3,1010,384,383.92941176470606
3,1011,382,382.8832579185522
3,1012,382,381.7366515837106
3,1013,380,380.7303167420815
3,1014,380,379.82533936651595
3,1015,379,379.18280542986435
3,1016,379,378.61628959276027
3,1017,378,378.329846623964
3,1018,378,378.107892107892
3,1019,378,377.9947829947829
3,1020,378,377.8986013986016
3,1021,378,377.9897435897436
3,1022,378,378.01010101010024
3,1023,378,377.9393939393939
3,1024,378,378.3601809954753
3,1025,378,378.3601809954752
3,1026,378,378.6180995475115
3,1027,379,378.94751131221733
3,1028,379,379.5619909502264
3,1029,380,380.25701357466085
3,1030,382,381.22805429864263
3,1031,382,382.252488687783
3,1032,384,383.36923076923085
3,1033,384,384.46968325791863
3,1034,386,385.57466063348426
3,1035,386,386.7755656108598
3,1036,388,387.76380090497753
3,1037,388,388.93122171945714
3,1038,390,389.7466063348418
3,1039,390,390.0416289592762
3,1040,391,390.0660633484164
3,1041,391,389.66968325791873
3,1042,390,388.4144796380091
3,1043,390,387.46244343891414
3,1044,385,387.0090497737558
3,1045,385,386.8497737556563
3,1046,385,387.2687782805431
3,1047,385,387.950226244344
3,1048,385,389.0669683257919
3,1049,395,390.4624434389141
3,1050,395,391.8506787330318
3,1051,395,393.42533936651597
3,1052,395,394.2171945701358
3,1053,394,394.8162895927602
3,1054,394,394.6597285067875
3,1055,393,393.73846153846154
3,1056,392,392.0434389140272
3,1057,392,390.9502262443439
3,1058,390,389.8343891402716
3,1059,390,388.9185520361992
3,1060,386,388.0253393665159
3,1061,386,387.04524886877846
3,1062,386,386.2687782805432
3,1063,386,385.78009049773766
3,1064,386,385.32488687782813
3,1065,386,385.1257918552037
3,1066,384,384.85791855203627
3,1067,384,384.94660633484176
3,1068,385,384.5221719457015
3,1069,385,383.78914027149335
3,1070,383,383.0696832579186
3,1071,383,382.62081447963817
3,1072,382,382.0995475113123
3,1073,382,381.5076923076923
3,1074,379,380.84072398190057
3,1075,379,380.1556561085975
3,1076,381,379.64524886877837
3,1077,381,379.3022624434391
3,1078,378,378.8425339366517
3,1079,378,378.58190045248875
3,1080,379,378.4180995475114
3,1081,378,378.4488687782806
3,1082,378,378.0742081447965
3,1083,378,377.8941176470589
3,1084,378,378.08778280543
3,1085,379,378.6343891402715
3,1086,379,378.8886877828056
3,1087,379,379.4054298642535
3,1088,379,380.1095022624436
3,1089,382,380.9873303167422
3,1090,382,382.01900452488695
3,1091,383,383.1140271493213
3,1092,383,384.0407239819006
3,1093,386,385.10588235294125
3,1094,386,386.13936651583737
3,1095,388,386.9004524886879
3,1096,388,387.5484162895928
3,1097,388,388.3809954751132
3,1098,388,389.09592760181005
3,1099,390,389.67058823529425
3,1100,390,390.0823529411767
3,1101,390,390.6561085972851
3,1102,392,391.11674208144814
3,1103,392,391.53665158371047
3,1104,392,391.9882352941178
3,1105,392,392.4787330316743
3,1106,393,392.81538461538474
3,1107,393,393.150226244344
3,1108,393,393.4352941176472
3,1109,393,393.6959276018102
3,1110,395,394.0343891402715
3,1111,395,394.36199095022624
3,1112,394,394.5312217194571
3,1113,394,394.53303167420836
3,1114,395,394.5674208144797
3,1115,395,394.4343891402716
3,1116,394,394.2135746606336
3,1117,394,393.7846153846154
3,1118,393,393.44253393665167
3,1119,393,393.0823529411766
3,1120,393,392.74298642533944
3,1121,392,392.2633484162898
3,1122,392,391.96832579185525
3,1123,391,391.58280542986444
3,1124,391,391.11131221719467
3,1125,391,390.5583710407241
3,1126,391,389.9285067873304
3,1127,389,389.2262443438915
3,1128,389,388.806334841629
3,1129,387,388.0850678733033
3,1130,387,387.3737556561088
3,1131,386,386.3746606334844
3,1132,386,385.33755656108616
3,1133,385,384.2416289592761
3,1134,385,383.204524886878
3,1135,381,382.06696832579195
3,1136,381,381.06968325791865
3,1137,379,380.03529411764714
3,1138,379,379.25701357466073
3,1139,378,378.4778280542988
3,1140,378,377.979185520362
3,1141,378,377.6244343891402
3,1142,378,377.6769230769231
3,1143,378,377.5665158371041
3,1144,378,377.72307692307703
3,1145,377,377.8081447963801
3,1146,378,378.08325791855214
3,1147,378,378.2506787330318
3,1148,379,378.61266968325805
3,1149,379,378.9828054298643
3,1150,380,379.57466063348437
3,1151,380,380.254298642534
3,1152,381,381.0877828054301
3,1153,381,381.65248868778286
3,1154,383,382.46425339366516
3,1155,383,383.3529411764707
3,1156,385,384.3574660633485
3,1157,385,385.10497737556574
3,1158,386,386.0316742081448
3,1159,386,386.8877828054299
3,1160,389,387.8325791855205
3,1161,389,388.68687782805443
3,1162,389,389.61900452488703
3,1163,389,390.3266968325794
3,1164,392,391.0552036199097
3,1165,392,391.7113122171947
3,1166,393,392.3429864253394
3,1167,393,392.79819004524904
3,1168,393,393.48144796380103
3,1169,393,393.9972850678734
3,1170,394,394.3004524886879
3,1171,395,394.3457013574662
3,1172,395,394.5737556561087
3,1173,395,394.62533936651596
3,1174,395,394.6298642533937
3,1175,394,394.51674208144806
3,1176,394,394.4271493212671
3,1177,394,394.102262443439
3,1178,394,393.83981900452505
3,1179,393,393.4760180995476
3,1180,393,392.99457013574664
3,1181,393,392.4497737556563
3,1182,393,392.10769230769245
3,1183,391,391.4959276018101
3,1184,391,390.7574660633485
3,1185,389,390.10588235294125
3,1186,389,389.3547511312218
3,1187,389,388.4561085972851
3,1188,389,387.5619909502263
3,1189,386,386.9656108597285
3,1190,386,386.3601809954753
3,1191,386,385.64796380090496
3,1192,384,384.9312217194572
3,1193,384,384.1737556561088
3,1194,384,383.3393665158373
3,1195,384,382.5276018099549
3,1196,381,381.8380090497739
3,1197,381,381.0253393665159
3,1198,380,380.2443438914029
3,1199,380,379.5058823529414
3,1200,378,378.74389140271506
3,1201,378,378.08325791855214
3,1202,378,377.70769230769235
3,1203,378,377.59185520362007
3,1204,377,377.4950226244346
3,1205,377,377.63800904977376
3,1206,378,377.6796380090499
3,1207,378,378.0787330316744
3,1208,379,378.460633484163
3,1209,379,379.0506787330318
3,1210,380,379.5828054298645
3,1211,380,380.3909502262445
3,1212,380,381.2552036199095
3,1213,383,382.15565610859744
3,1214,383,382.8579185520364
3,1215,384,383.72760180995476
3,1216,384,384.9266968325793
3,1217,387,386.0171945701359
3,1218,387,386.8352941176472
3,1219,387,387.6171945701359
3,1220,387,388.2542986425342
3,1221,391,389.05339366515847
3,1222,391,389.7212669683259
3,1223,389,390.31493212669693
3,1224,389,390.6208144796381
3,1225,392,391.11131221719467
3,1226,392,391.4497737556563
3,1227,392,391.7113122171947
3,1228,392,391.90316742081455
3,1229,392,392.3864253393667
3,1230,392,392.86063348416303
3,1231,393,393.0307692307693
3,1232,393,393.0018099547512
3,1233,394,393.0823529411766
3,1234,394,393.1809954751133
3,1235,393,393.42081447963807
3,1236,393,393.52488687782807
3,1237,393,393.4932126696833
3,1238,393,393.3257918552037
3,1239,393,393.1610859728508
3,1240,394,393.0787330316742
3,1241,394,392.96742081447974
3,1242,392,392.7221719457014
3,1243,392,392.3701357466065
3,1244,392,392.0000000000001
3,1245,392,391.700452488688
3,1246,392,391.3601809954751
3,1247,390,391.2886877828056
3,1248,390,391.1339366515838
3,1249,391,391.0389140271494
3,1250,391,390.54027149321274
3,1251,391,389.99276018099556
3,1252,390,389.1393665158372
3,1253,390,388.20000000000016
3,1254,386,387.5384615384616
3,1255,386,386.4416289592761
3,1256,384,385.150226244344
3,1257,384,383.90226244343904
3,1258,382,382.6651583710408
3,1259,383,381.6769230769232
3,1260,383,380.89864253393677
3,1261,379,380.49140271493224
3,1262,379,379.921266968326
3,1263,379,379.6542986425342
3,1264,379,379.38823529411775
3,1265,380,379.42081447963795
3,1266,380,379.56380090497754
3,1267,380,379.9674208144797
3,1268,380,380.4380090497738
3,1269,381,380.69864253393683
3,1270,381,380.9954751131222
3,1271,382,381.2923076923079
3,1272,382,381.27058823529416
3,1273,381,381.4884527237467
3,1274,381,381.6833166833166
3,1275,383,381.89432789432783
3,1276,383,382.32284382284416
3,1277,383,383.05454545454546
3,1278,383,384.4141414141405
3,1279,387,386.33333333333326
3,1280,385,383.5266968325794
3,1281,385,385.0325791855204
3,1282,390,386.55656108597293
3,1283,390,387.84886877828063
3,1284,388,389.0597285067874
3,1285,388,390.0624434389141
3,1286,391,390.73031674208164
3,1287,391,390.9366515837105
3,1288,391,391.385520361991
3,1289,391,391.5809954751133
3,1290,393,392.1429864253395
3,1291,393,392.69140271493217
3,1292,393,392.92217194570145
3,1293,393,392.93122171945714
3,1294,393,393.08868778280555
3,1295,393,393.1647058823531
3,1296,393,393.28235294117667
3,1297,393,393.1647058823531
3,1298,393,393.0180995475114
3,1299,393,392.84886877828063
3,1300,393,392.94841628959284
3,1301,393,392.80814479638013
3,1302,393,392.3321266968327
3,1303,391,391.82443438914044
3,1304,391,391.52398190045255
3,1305,392,391.0696832579186
3,1306,392,390.5158371040725
3,1307,388,389.91674208144815
3,1308,388,389.5384615384616
3,1309,390,389.0470588235295
3,1310,390,388.52398190045255
3,1311,387,387.7737556561087
3,1312,387,387.21266968325796
3,1313,387,386.58371040723983
3,1314,387,386.04524886877834
3,1315,384,385.27511312217206
3,1316,384,384.35113122171964
3,1317,384,383.62262443438925
3,1318,384,383.0389140271495
3,1319,381,382.2751131221721
3,1320,382,381.60633484162895
3,1321,382,381.1665158371042
3,1322,380,380.8895927601812
3,1323,380,380.4325791855206
3,1324,380,380.0524886877829
3,1325,380,379.79457013574677
3,1326,380,379.7040723981902
3,1327,380,379.3402714932128
3,1328,379,379.2009049773757
3,1329,379,379.16289592760194
3,1330,379,379.0968325791856
3,1331,379,378.9936651583712
3,1332,379,379.1031674208146
3,1333,379,379.25701357466073
3,1334,380,379.6868778280544
3,1335,380,380.3475113122173
3,1336,381,381.0552036199097
3,1337,381,381.6144796380093
3,1338,383,382.28868778280554
3,1339,383,383.1257918552038
3,1340,385,383.8941176470589
3,1341,385,384.76199095022645
3,1342,385,385.6886877828056
3,1343,385,386.63348416289597
3,1344,388,387.5556561085973
3,1345,389,388.4144796380092
3,1346,389,389.3782805429865
3,1347,391,390.2153846153846
3,1348,391,391.0416289592761
3,1349,392,391.7728506787331
3,1350,392,392.39819004524895
3,1351,393,392.70678733031684
3,1352,393,393.0416289592761
3,1353,393,393.2841628959277
3,1354,393,393.25701357466073
3,1355,394,393.4714932126698
3,1356,394,393.5004524886879
3,1357,393,393.473303167421
3,1358,393,393.31945701357466
3,1359,393,393.2479638009051
3,1360,393,393.0678733031674
3,1361,394,392.8678733031676
3,1362,392,392.5366515837106
3,1363,392,392.3104072398191
3,1364,392,392.0253393665158
3,1365,392,391.8000000000001
3,1366,391,391.3529411764706
3,1367,391,390.74751131221734
3,1368,390,390.0470588235295
3,1369,390,389.59457013574666
3,1370,389,388.85610859728513
3,1371,389,388.04524886877846
3,1372,386,387.2343891402715
3,1373,386,386.7076923076925
3,1374,386,386.0108597285069
3,1375,386,385.3049773755657
3,1376,384,384.5420814479639
3,1377,384,384.0153846153847
3,1378,384,383.4090497737558
3,1379,384,382.8841628959278
3,1380,381,382.1158371040726
3,1381,381,381.4497737556562
3,1382,381,380.81990950226253
3,1383,381,380.2280542986426
3,1384,379,379.4579185520363
3,1385,379,378.9547511312218
3,1386,379,378.81628959276026
3,1387,379,378.9402714932128
3,1388,378,378.80633484162905
3,1389,378,378.89411764705886
3,1390,379,379.12398190045263
3,1391,381,379.6162895927603
3,1392,381,379.93484162895953
3,1393,380,380.44343891402724
3,1394,380,381.0171945701358
3,1395,382,381.7312217194571
3,1396,382,382.24253393665174
3,1397,383,382.80814479638013
3,1398,383,383.33484162895934
3,1399,385,384.20633484162903
3,1400,385,385.2000000000001
3,1401,386,385.9547511312218
3,1402,386,386.70950226244355
3,1403,388,387.6325791855204
3,1404,388,388.49230769230775
3,1405,390,389.1954751131223
3,1406,390,389.8488687782807
3,1407,390,390.62986425339375
3,1408,392,391.31583710407244
3,1409,392,391.96380090497746
3,1410,392,392.4307692307694
3,1411,392,392.9212669683259
3,1412,394,393.239819004525
3,1413,394,393.6090497737557
3,1414,394,393.85158371040734
3,1415,394,393.93122171945714
3,1416,394,394.0886877828056
3,1417,394,394.30588235294135
3,1418,394,394.30588235294124
3,1419,394,394.01809954751144
3,1420,394,393.84886877828063
3,1421,394,393.87782805429873
3,1422,394,393.72579185520374
3,1423,394,393.49954751131236
3,1424,392,393.24705882352947
3,1425,392,392.75475113122184
3,1426,393,392.22714932126706
3,1427,393,391.4687782805431
3,1428,390,390.702262443439
3,1429,390,389.750226244344
3,1430,389,388.7828054298643
3,1431,387,387.77013574660646
3,1432,387,386.6144796380092
3,1433,385,385.4180995475114
3,1434,385,384.4895927601811
3,1435,383,383.7375565610861
3,1436,383,382.9348416289594
3,1437,382,382.25429864253397
3,1438,382,381.6570135746607
3,1439,381,381.027149321267
3,1440,381,380.5782805429866
3,1441,380,380.10588235294136
3,1442,380,379.6642533936652
3,1443,379,379.28959276018105
3,1444,379,379.1411764705883
3,1445,379,379.0986425339367
3,1446,379,379.24162895927617
3,1447,379,379.44072398190065
3,1448,379,379.7665158371041
3,1449,381,380.0099547511314
3,1450,381,380.36199095022636
3,1451,381,380.5248868778282
3,1452,381,380.80090497737564
3,1453,381,381.0036199095024
3,1454,381,381.3466063348419
3,1455,381,381.69592760181
3,1456,382,382.1176470588236
3,1457,382,382.7457013574662
3,1458,384,383.5140271493214
3,1459,384,384.0769230769233
3,1460,386,384.8886877828055
3,1461,386,385.92036199095037
3,1462,387,386.9429864253395
3,1463,387,387.65429864253406
3,1464,388,388.49049773755667
3,1465,388,389.27239819004535
3,1466,392,390.16832579185535
3,1467,392,391.0171945701359
3,1468,391,391.8760180995477
3,1469,391,392.4696832579187
3,1470,394,393.07330316742093
3,1471,394,393.4235294117648
3,1472,394,393.6751131221721
3,1473,394,393.5828054298644
3,1474,393,393.7348416289594
3,1475,393,393.71945701357475
3,1476,394,393.40723981900476
3,1477,393,392.86877828054304
3,1478,393,392.4488687782806
3,1479,392,392.0923076923078
3,1480,392,392.02895927601816
3,1481,391,391.88868778280556
3,1482,391,391.6488687782807
3,1483,391,391.2868778280543
3,1484,391,391.0570135746608
3,1485,392,390.675113122172
3,1486,392,390.4778280542987
3,1487,389,389.9927601809955
3,1488,389,389.43348416289604
3,1489,388,388.604524886878
3,1490,388,387.6488687782807
3,1491,387,386.6389140271494
3,1492,387,385.7882352941178
3,1493,384,385.04886877828056
3,1494,384,384.52036199095033
3,1495,383,383.75746606334855
3,1496,383,383.0533936651586
3,1497,383,382.3511312217195
3,1498,383,381.79366515837114
3,1499,381,381.3149321266968
3,1500,381,381.04886877828056
3,1501,380,380.6434389140271
3,1502,380,380.34660633484174
3,1503,380,380.0561085972852
3,1504,380,379.8696832579186
3,1505,380,379.74389140271506
3,1506,380,379.8352941176472
3,1507,380,379.743891402715
3,1508,380,379.86968325791867
3,1509,380,380.1266968325792
3,1510,380,380.42895927601825
3,1511,380,380.617194570136
3,1512,381,380.93212669683265
3,1513,381,381.1963800904978
3,1514,383,381.6325791855206
3,1515,383,382.0452488687783
3,1516,382,382.63891402714944
3,1517,382,383.3411764705884
3,1518,384,383.8678733031676
3,1519,384,384.5348416289594
3,1520,386,385.4515837104075
3,1521,386,386.3276018099549
3,1522,388,387.21719457013586
3,1523,388,388.1746606334843
3,1524,388,388.9095022624435
3,1525,391,389.5312217194571
3,1526,391,390.14660633484175
3,1527,390,390.6624434389141
3,1528,390,391.1945701357468
3,1529,392,391.6097431979782
3,1530,392,392.09490509490496
3,1531,393,392.55744255744236
3,1532,393,393.3391608391611
3,1533,394,393.9850815850816
3,1534,394,394.2929292929284
3,1535,395,394.99999999999994
3,1536,395,388.1348416289594
3,1537,395,390.35927601809965
3,1538,395,392.37375565610864
3,1539,394,393.9927601809957
3,1540,394,394.9692307692309
3,1541,394,395.1945701357467
3,1542,394,394.56018099547526
3,1543,393,393.09864253393687
3,1544,393,392.65791855203634
3,1545,392,392.16289592760205
3,1546,391,391.6678733031675
3,1547,391,391.2298642533938
3,1548,391,390.70588235294144
3,1549,391,390.1592760180996
3,1550,389,389.6533936651585
3,1551,389,389.254298642534
3,1552,389,388.82805429864266
3,1553,389,388.2380090497738
3,1554,387,387.6090497737557
3,1555,387,387.12760180995485
3,1556,387,386.7095022624436
3,1557,387,386.3384615384616
3,1558,385,385.9212669683258
3,1559,385,385.6968325791857
3,1560,386,385.5628959276018
3,1561,386,385.5556561085975
3,1562,385,385.57556561085994
3,1563,385,385.52307692307704
3,1564,386,385.5755656108598
3,1565,386,385.5104072398192
3,1566,385,385.1049773755657
3,1567,385,384.5366515837105
3,1568,385,384.12126696832587
3,1569,383,383.5746606334843
3,1570,383,382.82171945701367
3,1571,381,381.9873303167422
3,1572,381,381.2642533936653
3,1573,381,380.6452488687783
3,1574,381,380.0552036199097
3,1575,379,379.619004524887
3,1576,379,379.3909502262445
3,1577,379,379.14841628959283
3,1578,379,379.068778280543
3,1579,379,378.9113122171947
3,1580,379,378.83529411764715
3,1581,379,378.85882352941184
3,1582,379,379.0000000000001
3,1583,379,378.99999999999983
3,1584,379,378.9999999999998
3,1585,379,378.9999999999998
3,1586,379,379.0000000000002
3,1587,379,379.00000000000006
3,1588,379,378.99999999999915
3,1589,379,378.99999999999983
