channel,index,raw,filtered
1,0,385,386.1909502262445
1,1,385,385.71855203619924
1,2,385,385.3864253393666
1,3,385,385.2036199095023
1,4,385,385.1791855203621
1,5,385,385.32217194570154
1,6,386,385.6416289592762
1,7,386,386.2171945701359
1,8,387,386.4425339366517
1,9,387,386.64977375565627
1,10,387,386.82081447963805
1,11,387,387.0081447963801
1,12,387,387.06425339366524
1,13,387,386.9800904977377
1,14,386,386.8850678733032
1,15,387,386.70859728506804
1,16,387,386.6597285067874
1,17,387,386.5475113122172
1,18,386,386.39004524886883
1,19,386,386.2054298642534
1,20,386,386.0117647058824
1,21,386,385.827149321267
1,22,386,385.53122171945716
1,23,385,385.3420814479638
1,24,385,385.2778280542987
1,25,385,385.22714932126706
1,26,385,385.07873303167435
1,27,385,384.9212669683259
1,28,385,384.7728506787331
1,29,385,384.65158371040724
1,30,385,384.5755656108598
1,31,384,384.4244343891403
1,32,384,384.2778280542987
1,33,384,384.1447963800906
1,34,384,384.246153846154
1,35,384,384.4144796380092
1,36,384,384.2977375565612
1,37,384,383.9592760180996
1,38,384,383.46244343891414
1,39,384,382.73212669683267
1,40,384,381.3990950226246
1,41,381,380.4235294117649
1,42,378,379.72579185520374
1,43,378,379.4262443438915
1,44,378,379.57737556561085
1,45,378,380.0316742081449
1,46,378,380.7095022624435
1,47,385,381.7312217194571
1,48,385,383.00814479638024
1,49,386,384.23619909502264
1,50,386,385.22805429864275
1,51,385,385.9846153846154
1,52,385,386.362895927602
1,53,386,386.41990950226256
1,54,386,386.07420814479656
1,55,387,386.2841628959277
1,56,387,386.40814479638027
1,57,386,386.5755656108598
1,58,386,386.71583710407253
1,59,387,386.7610859728509
1,60,387,386.6434389140272
1,61,387,386.43076923076933
1,62,386,386.19095022624447
1,63,386,386.1330316742083
1,64,386,386.0660633484163
1,65,386,385.9402714932128
1,66,385,385.70588235294133
1,67,385,385.5194570135748
1,68,386,385.3375565610861
1,69,386,385.1873303167422
1,70,385,384.9574660633484
1,71,385,384.7366515837106
1,72,384,384.5429864253395
1,73,384,384.3945701357468
1,74,384,384.17104072398195
1,75,384,383.88144796380107
1,76,384,383.7321266968328
1,77,384,383.79095022624443
1,78,384,383.9194570135748
1,79,384,384.17918552036207
1,80,384,384.35203619909515
1,81,384,384.61990950226254
1,82,385,385.02624434389156
1,83,386,385.4144796380092
1,84,386,385.69592760181
1,85,386,385.9819004524888
1,86,386,386.24524886877845
1,87,387,386.45882352941186
1,88,387,386.66606334841634
1,89,386,386.7104072398191
1,90,386,386.7122171945702
1,91,387,386.7303167420816
1,92,387,386.76470588235304
1,93,387,386.6859728506789
1,94,387,386.50316742081463
1,95,386,386.36380090497755
1,96,386,386.21538461538466
1,97,386,386.0081447963802
1,98,386,385.69230769230785
1,99,385,385.3538461538461
1,100,385,385.07873303167423
1,101,385,384.8850678733033
1,102,385,384.79095022624443
1,103,385,384.74660633484166
1,104,384,384.7022624434391
1,105,384,384.60542986425344
1,106,385,384.6036199095023
1,107,385,384.49683257918565
1,108,385,384.4850678733034
1,109,385,384.55927601809964
1,110,384,384.7104072398191
1,111,384,384.929411764706
1,112,385,385.068778280543
1,113,385,385.11040723981927
1,114,386,385.3746606334842
1,115,386,385.64343891402723
1,116,386,385.90769230769246
1,117,386,386.15837104072403
1,118,386,386.24796380090515
1,119,386,386.2289592760182
1,120,387,386.2217194570137
1,121,386,386.1466063348417
1,122,386,386.2036199095023
1,123,386,386.1927601809958
1,124,386,386.12307692307706
1,125,386,386.0036199095022
1,126,386,385.8434389140272
1,127,386,385.65158371040735
1,128,386,385.57556561085977
1,129,385,385.4244343891404
1,130,385,385.34841628959276
1,131,385,385.22714932126706
1,132,385,384.93755656108607
1,133,385,384.756561085973
1,134,385,384.6841628959277
1,135,385,384.7909502262445
1,136,385,384.94751131221733
1,137,384,384.9538461538463
1,138,384,385.0099547511313
1,139,386,385.1067873303168
1,140,386,385.2352941176471
1,141,386,385.3864253393666
1,142,385,385.55113122171963
1,143,385,385.7203619909504
1,144,386,385.88506787330317
1,145,386,385.8977375565612
1,146,386,385.8108597285068
1,147,386,385.9538461538463
1,148,386,386.0561085972852
1,149,386,386.0561085972852
1,150,386,385.95384615384626
1,151,386,385.88144796380107
1,152,386,385.83891402714954
1,153,386,385.7647058823529
1,154,385,385.6678733031674
1,155,385,385.62805429864267
1,156,386,385.5248868778283
1,157,386,385.3058823529413
1,158,385,385.11855203619905
1,159,385,384.9719457013575
1,160,385,384.875113122172
1,161,385,384.8371040723983
1,162,384,384.7285067873305
1,163,384,384.61990950226243
1,164,385,384.64977375565616
1,165,385,384.7565610859729
1,166,385,384.7402714932127
1,167,385,384.8009049773757
1,168,385,384.929411764706
1,169,385,385.1167420814481
1,170,385,385.14479638009055
1,171,385,385.1954751131222
1,172,385,385.38009049773774
1,173,386,385.6099547511313
1,174,386,385.937556561086
1,175,386,386.2153846153848
1,176,386,386.43438914027155
1,177,387,386.656108597285
1,178,387,386.742081447964
1,179,387,386.6923076923078
1,180,387,386.5067873303169
1,181,386,386.3239819004526
1,182,386,386.08235294117657
1,183,386,385.79095022624443
1,184,385,385.45882352941186
1,185,385,385.3040723981902
1,186,385,385.14479638009067
1,187,385,385.0081447963801
1,188,385,384.9212669683259
1,189,385,384.7022624434391
1,190,385,384.56923076923084
1,191,385,384.460633484163
1,192,384,384.3764705882354
1,193,384,384.44886877828066
1,194,384,384.5393665158371
1,195,384,384.57737556561096
1,196,385,384.6923076923078
1,197,385,384.87511312217197
1,198,386,385.1167420814481
1,199,386,385.337556561086
1,200,385,385.5194570135747
1,201,385,385.77647058823544
1,202,386,385.95203619909523
1,203,386,386.02805429864253
1,204,386,386.1248868778282
1,205,386,386.0923076923078
1,206,387,386.18914027149333
1,207,387,386.40633484162896
1,208,386,386.4669683257919
1,209,386,386.50316742081463
1,210,386,386.5149321266969
1,211,386,386.4407239819006
1,212,387,386.28959276018116
1,213,387,386.21176470588244
1,214,386,386.09592760181
1,215,386,385.83710407239835
1,216,385,385.4624434389142
1,217,385,385.060633484163
1,218,385,384.6497737556562
1,219,385,384.24796380090515
1,220,383,383.9411764705883
1,221,383,383.8153846153847
1,222,384,383.750226244344
1,223,384,383.82533936651595
1,224,384,383.8407239819006
1,225,384,383.9963800904978
1,226,384,384.212669683258
1,227,385,384.60995475113134
1,228,385,384.8932126696834
1,229,385,385.1674208144796
1,230,385,385.53484162895944
1,231,386,385.89773755656114
1,232,386,386.2995475113125
1,233,387,386.5837104072399
1,234,387,386.7321266968327
1,235,387,386.8651583710408
1,236,387,386.90316742081467
1,237,387,386.8371040723983
1,238,387,386.72850678733045
1,239,386,386.577375565611
1,240,386,386.3927601809955
1,241,386,386.1927601809956
1,242,386,385.93393665158374
1,243,386,385.64343891402723
1,244,386,385.3484162895928
1,245,385,385.1466063348417
1,246,385,384.9357466063349
1,247,384,384.5429864253395
1,248,384,384.1954751131223
1,249,384,383.87400834459635
1,250,384,383.63936063936046
1,251,384,383.5226995226994
1,252,383,383.4370629370632
1,253,383,383.46876456876447
1,254,384,383.53535353535284
1,255,384,384.181818181818
1,256,384,385.8488687782807
1,257,384,385.3040723981902
1,258,384,384.93574660633504
1,259,384,384.75294117647076
1,260,386,384.7647058823529
1,261,386,384.9800904977377
1,262,385,385.4081447963802
1,263,385,386.0579185520363
1,264,387,386.45520361990975
1,265,387,386.7257918552038
1,266,387,386.9221719457015
1,267,387,386.8968325791857
1,268,387,386.91764705882366
1,269,387,386.852488687783
1,270,387,386.57194570135755
1,271,386,386.14660633484175
1,272,386,385.9239819004526
1,273,385,385.65158371040735
1,274,385,385.42714932126705
1,275,385,385.14841628959283
1,276,385,384.7809954751131
1,277,385,384.49049773755655
1,278,385,384.30407239819016
1,279,384,384.11040723981904
1,280,384,383.9981900452489
1,281,383,383.70588235294133
1,282,383,383.5719457013577
1,283,384,383.5873303167422
1,284,384,383.7429864253395
1,285,384,383.9592760180998
1,286,384,384.3565610859729
1,287,384,384.7782805429865
1,288,386,385.2678733031675
1,289,386,385.5891402714933
1,290,386,385.9058823529413
1,291,386,386.3819004524888
1,292,387,386.7809954751131
1,293,387,387.0760180995475
1,294,387,387.23981900452503
1,295,387,387.24524886877833
1,296,388,387.34208144796395
1,297,388,387.45067873303185
1,298,387,387.5031674208146
1,299,387,387.37013574660654
1,300,387,387.19909502262465
1,301,387,386.93755656108607
1,302,387,386.67420814479647
1,303,387,386.29773755656123
1,304,386,385.9737556561088
1,305,385,385.6678733031676
1,306,385,385.2778280542987
1,307,385,384.9013574660634
1,308,385,384.63619909502273
1,309,384,384.3800904977377
1,310,384,384.0986425339367
1,311,384,383.9574660633484
1,312,384,383.8452488687783
1,313,384,383.71221719457026
1,314,384,383.56742081447976
1,315,383,383.5493212669684
1,316,383,383.6579185520363
1,317,384,383.61357466063373
1,318,384,383.7366515837106
1,319,384,384.0000000000001
1,320,384,384.37647058823535
1,321,385,384.83891402714926
1,322,385,385.3601809954753
1,323,385,385.77466063348425
1,324,387,386.1167420814481
1,325,387,386.4886877828056
1,326,387,386.7927601809956
1,327,387,387.0723981900454
1,328,387,387.171040723982
1,329,387,387.2796380090499
1,330,387,387.18914027149333
1,331,387,386.8995475113124
1,332,387,386.68778280543
1,333,387,386.5013574660635
1,334,386,386.2289592760182
1,335,386,385.8977375565612
1,336,385,385.53484162895944
1,337,385,385.1674208144797
1,338,385,384.8226244343893
1,339,385,384.52760180995494
1,340,384,384.30950226244363
1,341,384,384.19547511312237
1,342,384,384.00361990950233
1,343,384,383.9520361990952
1,344,384,383.8407239819006
1,345,384,383.86968325791867
1,346,384,384.0298642533936
1,347,384,384.31221719457034
1,348,384,384.4986425339369
1,349,385,384.771040723982
1,350,385,385.0316742081448
1,351,386,385.38280542986433
1,352,386,385.85882352941184
1,353,386,386.2941176470589
1,354,386,386.6615384615386
1,355,387,386.9339366515839
1,356,387,387.1547511312218
1,357,388,387.30588235294124
1,358,388,387.3076923076923
1,359,387,387.36018099547516
1,360,387,387.2633484162896
1,361,387,387.0262443438914
1,362,387,386.6579185520364
1,363,386,386.37647058823535
1,364,386,386.00000000000017
1,365,386,385.69411764705893
1,366,385,385.42443438914046
1,367,385,385.0886877828055
1,368,385,384.78461538461556
1,369,385,384.53936651583723
1,370,384,384.3800904977377
1,371,384,384.12488687782826
1,372,384,383.99185520362005
1,373,384,383.91945701357486
1,374,384,383.9076923076925
1,375,384,383.9475113122172
1,376,384,384.1592760180997
1,377,384,384.52488687782807
1,378,385,384.8171945701359
1,379,385,385.2090497737558
1,380,386,385.6642533936653
1,381,386,386.14660633484175
1,382,387,386.61990950226254
1,383,387,387.04796380090505
1,384,387,387.4651583710408
1,385,388,387.70588235294133
1,386,388,387.95203619909523
1,387,388,387.985520361991
1,388,388,387.9357466063349
1,389,388,387.73212669683267
1,390,388,387.58371040723995
1,391,387,387.29954751131237
1,392,387,386.89773755656114
1,393,386,386.53484162895944
1,394,386,386.23800904977384
1,395,386,385.90497737556564
1,396,386,385.57194570135755
1,397,385,385.27511312217206
1,398,385,385.05067873303176
1,399,385,384.7257918552037
1,400,385,384.52760180995483
1,401,384,384.3357466063351
1,402,384,384.22986425339377
1,403,384,384.219004524887
1,404,384,384.31221719457017
1,405,384,384.3095022624435
1,406,385,384.4108597285069
1,407,385,384.5366515837106
1,408,385,384.80723981900456
1,409,385,385.0660633484163
1,410,385,385.3565610859728
1,411,385,385.58099547511324
1,412,386,385.8416289592762
1,413,386,386.1728506787332
1,414,387,386.5475113122173
1,415,387,386.8769230769232
1,416,387,387.1429864253395
1,417,387,387.32760180995484
1,418,388,387.41266968325795
1,419,388,387.38009049773774
1,420,387,387.42081447963807
1,421,387,387.32579185520376
1,422,387,387.3040723981902
1,423,387,387.164705882353
1,424,387,386.92579185520367
1,425,387,386.60542986425344
1,426,387,386.43076923076933
1,427,386,386.2289592760182
1,428,386,385.96832579185525
1,429,385,385.61719457013584
1,430,385,385.2117647058825
1,431,385,384.7882352941179
1,432,385,384.38280542986445
1,433,384,384.03167420814486
1,434,384,383.70045248868803
1,435,383,383.4162895927602
1,436,383,383.19728506787334
1,437,383,383.05248868778284
1,438,383,383.05248868778295
1,439,383,383.1266968325794
1,440,383,383.404524886878
1,441,384,383.73846153846165
1,442,384,384.11040723981904
1,443,385,384.4932126696834
1,444,385,385.13303167420827
1,445,385,385.60542986425355
1,446,386,385.8307692307693
1,447,386,385.929411764706
1,448,386,385.8832579185522
1,449,387,385.7420814479639
1,450,387,385.5556561085974
1,451,384,385.65610859728514
1,452,384,385.5755656108597
1,453,385,384.97918552036214
1,454,385,384.6705882352942
1,455,385,384.5610859728508
1,456,386,384.77375565610873
1,457,386,385.1701357466066
1,458,383,385.8298642533938
1,459,383,386.08778280543
1,460,388,386.2262443438916
1,461,388,386.25429864253414
1,462,388,386.1900452488689
1,463,386,385.9221719457014
1,464,386,385.6868778280544
1,465,384,385.32036199095035
1,466,384,384.52307692307704
1,467,383,383.39547511312236
1,468,383,382.6570135746607
1,469,382,382.027149321267
1,470,382,381.57828054298653
1,471,381,381.10588235294125
1,472,381,380.6642533936652
1,473,380,380.28959276018105
1,474,380,380.14117647058833
1,475,380,380.0986425339368
1,476,380,380.1004524886879
1,477,380,380.2760180995476
1,478,380,380.6072398190046
1,479,382,380.9963800904977
1,480,382,381.6072398190047
1,481,382,382.114932126697
1,482,382,382.7945701357467
1,483,384,383.5031674208145
1,484,384,384.29773755656123
1,485,385,385.0968325791857
1,486,386,385.81900452488713
1,487,386,386.73031674208164
1,488,388,387.4968325791857
1,489,388,388.13484162895935
1,490,389,388.46063348416305
1,491,389,388.84705882352955
1,492,389,388.86696832579185
1,493,389,388.64977375565627
1,494,388,388.404524886878
1,495,388,387.81085972850695
1,496,387,387.31402714932136
1,497,387,386.5592760180997
1,498,385,385.8190045248871
1,499,385,384.9656108597287
1,500,385,384.0805429864255
1,501,383,383.2452488687785
1,502,383,382.4027149321268
1,503,381,381.69592760180996
1,504,381,381.05882352941194
1,505,380,380.54762884174636
1,506,380,380.10089910089886
1,507,380,379.94083694083685
1,508,380,379.89860139860156
1,509,380,380.0792540792541
1,510,380,380.0101010101001
1,511,380,379.9393939393939
1,512,381,385.35475113122186
1,513,383,385.2416289592761
1,514,383,385.22986425339366
1,515,387,385.44886877828066
1,516,387,386.03076923076924
1,517,388,386.7076923076925
1,518,388,387.4886877828056
1,519,388,388.3828054298644
1,520,388,388.42986425339376
1,521,389,388.34660633484185
1,522,389,387.8850678733032
1,523,387,387.69230769230785
1,524,387,387.5475113122173
1,525,387,387.45067873303174
1,526,387,387.4108597285069
1,527,387,387.30769230769243
1,528,387,387.22986425339377
1,529,388,387.13393665158384
1,530,388,387.1149321266969
1,531,387,386.9936651583711
1,532,387,386.79095022624443
1,533,386,386.52488687782807
1,534,386,386.2135746606335
1,535,385,385.8045248868779
1,536,386,385.4452488687784
1,537,386,385.28325791855207
1,538,385,385.26606334841654
1,539,385,385.27330316742086
1,540,385,385.3846153846156
1,541,385,385.40000000000015
1,542,386,385.51945701357477
1,543,386,385.59547511312223
1,544,386,385.8190045248871
1,545,386,386.039819004525
1,546,386,386.23981900452503
1,547,386,386.4624434389142
1,548,387,386.6805429864254
1,549,387,386.9375565610861
1,550,387,387.2153846153848
1,551,387,387.43438914027166
1,552,388,387.5855203619911
1,553,388,387.6597285067873
1,554,388,387.71855203619924
1,555,388,387.6235294117648
1,556,387,387.58371040724
1,557,387,387.40814479638016
1,558,387,387.18552036199105
1,559,387,386.8045248868779
1,560,387,386.43076923076933
1,561,386,386.0298642533938
1,562,386,385.70859728506804
1,563,385,385.37375565610876
1,564,385,384.93212669683265
1,565,384,384.49049773755667
1,566,384,384.0144796380092
1,567,384,383.66968325791873
1,568,384,383.4832579185521
1,569,383,383.34389140271503
1,570,383,383.2696832579187
1,571,383,383.2696832579187
1,572,383,383.41447963800914
1,573,384,383.5656108597286
1,574,384,383.7140271493214
1,575,384,383.9800904977377
1,576,384,384.34570135746617
1,577,385,384.65429864253406
1,578,385,384.87873303167424
1,579,385,385.1212669683259
1,580,385,385.3457013574663
1,581,386,385.5837104072399
1,582,386,385.86696832579196
1,583,386,386.15927601809966
1,584,386,386.4244343891404
1,585,387,386.8352941176472
1,586,387,387.1647058823531
1,587,387,387.39457013574673
1,588,388,387.50678733031685
1,589,388,387.6217194570137
1,590,388,387.6597285067875
1,591,388,387.68235294117653
1,592,387,387.55113122171963
1,593,387,387.47511312217193
1,594,387,387.2633484162897
1,595,387,386.93393665158385
1,596,387,386.6434389140273
1,597,387,386.41900452488693
1,598,386,386.15837104072403
1,599,386,385.8977375565612
1,600,385,385.46425339366533
1,601,385,385.0850678733033
1,602,385,384.8488687782805
1,603,385,384.6443438914029
1,604,384,384.4280542986426
1,605,384,384.3565610859729
1,606,384,384.23891402714935
1,607,385,384.2841628959277
1,608,385,384.35384615384623
1,609,384,384.50950226244356
1,610,384,384.67149321266976
1,611,385,384.96018099547524
1,612,385,385.14841628959283
1,613,386,385.4090497737558
1,614,386,385.70588235294133
1,615,386,386.1411764705883
1,616,386,386.61719457013584
1,617,387,386.9683257918554
1,618,387,387.2289592760182
1,619,388,387.6425339366517
1,620,388,387.8524886877829
1,621,388,387.98823529411777
1,622,388,387.97918552036197
1,623,388,387.8959276018102
1,624,388,387.60904977375577
1,625,388,387.3366515837104
1,626,386,386.8968325791856
1,627,386,386.45520361990964
1,628,386,385.977375565611
1,629,386,385.5701357466064
1,630,385,385.14027149321277
1,631,385,384.66244343891407
1,632,384,384.31131221719465
1,633,384,384.0524886877829
1,634,384,383.7746606334842
1,635,384,383.6986425339367
1,636,383,383.5628959276019
1,637,383,383.6443438914029
1,638,384,383.80452488687797
1,639,384,384.10497737556574
1,640,385,384.398190045249
1,641,385,384.7366515837105
1,642,384,385.031674208145
1,643,386,385.3945701357468
1,644,386,385.7303167420816
1,645,386,385.94389140271505
1,646,386,386.1466063348418
1,647,386,386.2497737556562
1,648,386,386.3737556561088
1,649,387,386.50950226244356
1,650,387,386.3800904977377
1,651,386,386.3239819004525
1,652,386,386.20904977375574
1,653,386,386.0443438914028
1,654,386,385.8389140271495
1,655,386,385.6723981900454
1,656,385,385.42443438914023
1,657,385,385.2515837104073
1,658,385,385.1104072398192
1,659,385,384.81900452488696
1,660,385,384.5954751131224
1,661,385,384.3076923076925
1,662,384,384.2235294117648
1,663,384,384.26334841628966
1,664,384,384.4090497737558
1,665,384,384.7040723981901
1,666,385,385.12126696832587
1,667,385,385.5628959276018
1,668,387,386.13122171945713
1,669,387,386.79004524886903
1,670,388,387.364705882353
1,671,388,387.8805429864254
1,672,388,388.2923076923078
1,673,388,388.5547511312218
1,674,389,388.8316742081449
1,675,389,388.8868778280544
1,676,389,389.04072398190067
1,677,389,389.0135746606335
1,678,389,389.0144796380092
1,679,389,388.85248868778297
1,680,389,388.6162895927602
1,681,388,388.19457013574674
1,682,388,387.75294117647076
1,683,387,387.25701357466073
1,684,387,386.8135746606336
1,685,386,386.329411764706
1,686,386,385.84977375565614
1,687,385,385.41990950226256
1,688,385,385.1556561085973
1,689,385,384.8343891402717
1,690,385,384.5719457013576
1,691,384,384.20452488687795
1,692,384,383.9683257918554
1,693,384,383.752036199095
1,694,384,383.64434389140297
1,695,383,383.38371040723996
1,696,383,383.30859728506795
1,697,383,383.40995475113135
1,698,384,383.67873303167437
1,699,384,383.89683257918557
1,700,384,384.2461538461539
1,701,384,384.6995475113123
1,702,386,385.2298642533938
1,703,386,385.6714932126699
1,704,386,386.05882352941177
1,705,386,386.3556561085974
1,706,387,386.66425339366526
1,707,387,386.95746606334865
1,708,387,387.0787330316743
1,709,387,387.0099547511313
1,710,387,387.0099547511314
1,711,387,387.0081447963801
1,712,387,386.87511312217214
1,713,387,386.61990950226254
1,714,386,386.39004524886883
1,715,386,386.1330316742083
1,716,386,385.8669683257919
1,717,386,385.6099547511314
1,718,385,385.3800904977377
1,719,385,385.1954751131223
1,720,385,385.00361990950245
1,721,385,384.9520361990951
1,722,385,384.9113122171947
1,723,385,384.9520361990951
1,724,385,385.0036199095024
1,725,385,385.1954751131222
1,726,385,385.38009049773774
1,727,386,385.6099547511313
1,728,386,385.866968325792
1,729,386,386.1330316742083
1,730,386,386.3194570135747
1,731,387,386.5375565610861
1,732,387,386.7601809954752
1,733,387,386.9601809954751
1,734,387,387.18099547511326
1,735,387,387.4045248868779
1,736,387,387.5511312217196
1,737,388,387.6117647058825
1,738,388,387.57737556561096
1,739,388,387.71855203619924
1,740,388,387.70588235294133
1,741,387,387.55746606334867
1,742,387,387.2914027149322
1,743,387,386.92579185520367
1,744,387,386.47873303167427
1,745,387,386.10678733031693
1,746,385,385.7665158371042
1,747,385,385.48506787330325
1,748,385,385.289592760181
1,749,385,385.13936651583725
1,750,385,384.9936651583712
1,751,385,384.8090497737558
1,752,385,384.74208144796387
1,753,385,384.74027149321284
1,754,385,384.67420814479647
1,755,385,384.6054298642535
1,756,384,384.65429864253406
1,757,384,384.8027149321269
1,758,385,385.0325791855205
1,759,385,385.32579185520376
1,760,386,385.6642533936652
1,761,386,386.1056002820705
1,762,387,386.57642357642345
1,763,387,386.9125319125319
1,764,387,387.0594405594409
1,765,387,387.1377622377622
1,766,387,387.0101010101002
1,767,387,386.969696969697
1,768,387,387.6135746606336
1,769,387,387.52126696832585
1,770,387,387.4950226244344
1,771,388,387.4144796380091
1,772,388,387.29773755656123
1,773,387,387.162895927602
1,774,387,387.0986425339368
1,775,387,386.9936651583712
1,776,387,386.6660633484164
1,777,386,386.33393665158377
1,778,386,386.07692307692326
1,779,386,385.9131221719459
1,780,386,385.7990950226245
1,781,385,385.6235294117649
1,782,385,385.47511312217193
1,783,386,385.3719457013575
1,784,386,385.3321266968327
1,785,385,385.1647058823531
1,786,385,385.0787330316743
1,787,385,385.00361990950245
1,788,385,385.068778280543
1,789,385,385.1972850678734
1,790,385,385.3122171945702
1,791,385,385.4018099547513
1,792,386,385.654298642534
1,793,386,385.9837104072399
1,794,387,386.3040723981901
1,795,387,386.52669683257926
1,796,386,386.76289592760185
1,797,386,387.0561085972851
1,798,388,387.24977375565624
1,799,388,387.32579185520365
1,800,387,387.404524886878
1,801,387,387.4063348416291
1,802,388,387.46063348416305
1,803,388,387.5674208144797
1,804,387,387.4588235294119
1,805,387,387.27601809954774
1,806,387,387.09592760181016
1,807,387,386.9339366515837
1,808,387,386.74027149321273
1,809,387,386.46515837104084
1,810,386,386.2651583710408
1,811,386,386.09683257918556
1,812,385,385.9194570135748
1,813,386,385.6923076923079
1,814,386,385.3719457013576
1,815,385,385.1149321266969
1,816,385,384.93936651583726
1,817,385,384.8633484162898
1,818,385,384.7665158371042
1,819,384,384.7285067873305
1,820,384,384.61990950226243
1,821,385,384.64977375565616
1,822,385,384.6859728506788
1,823,385,384.72850678733033
1,824,385,384.83891402714937
1,825,385,385.00814479638024
1,826,385,385.2271493212671
1,827,385,385.27782805429877
1,828,385,385.3420814479639
1,829,386,385.46063348416294
1,830,386,385.67420814479664
1,831,386,385.95565610859745
1,832,386,386.27782805429865
1,833,386,386.6841628959277
1,834,387,387.0180995475114
1,835,387,387.33212669683274
1,836,388,387.47873303167427
1,837,388,387.5873303167423
1,838,388,387.5873303167422
1,839,388,387.54932126696843
1,840,387,387.3438914027151
1,841,387,386.98009049773776
1,842,386,386.60542986425344
1,843,386,386.23800904977384
1,844,386,385.90497737556564
1,845,386,385.57194570135755
1,846,385,385.27511312217206
1,847,385,385.05067873303176
1,848,385,384.79638009049785
1,849,385,384.6099547511313
1,850,384,384.3800904977377
1,851,384,384.19547511312237
1,852,384,384.00361990950233
1,853,384,383.9520361990952
1,854,384,384.4054298642535
1,855,384,384.5285067873305
1,856,384,384.3846153846154
1,857,384,383.89592760181006
1,858,384,383.24615384615396
1,859,385,382.04796380090517
1,860,385,381.24343891402714
1,861,378,380.80542986425354
1,862,378,380.7067873303168
1,863,378,380.92036199095037
1,864,380,381.41900452488704
1,865,380,382.24615384615385
1,866,387,383.24524886877845
1,867,387,384.5366515837106
1,868,387,386.0407239819006
1,869,387,386.708597285068
1,870,387,387.0914027149323
1,871,387,387.2488687782807
1,872,386,387.1176470588236
1,873,386,386.4407239819006
1,874,386,386.2714932126698
1,875,386,386.1954751131222
1,876,387,386.0923076923078
1,877,387,385.98009049773776
1,878,385,385.8769230769232
1,879,385,385.8009049773757
1,880,386,385.63167420814494
1,881,386,385.44886877828054
1,882,385,385.2615384615386
1,883,385,385.0787330316743
1,884,385,384.9773755656109
1,885,385,385.0343891402717
1,886,385,385.05248868778284
1,887,385,385.03438914027157
1,888,385,385.04796380090505
1,889,385,385.16108597285074
1,890,385,385.1647058823531
1,891,386,385.2497737556562
1,892,386,385.39819004524907
1,893,385,385.59185520362
1,894,385,385.8126696832581
1,895,386,386.04253393665175
1,896,386,386.1927601809956
1,897,387,386.3746606334843
1,898,387,386.6316742081449
1,899,387,386.94570135746613
1,900,387,387.3076923076924
1,901,387,387.4407239819006
1,902,387,387.406334841629
1,903,388,387.40452488687794
1,904,388,387.23529411764713
1,905,387,387.11674208144814
1,906,387,386.8669683257919
1,907,386,386.4425339366516
1,908,386,386.0000000000001
1,909,386,385.55746606334856
1,910,385,385.13303167420827
1,911,385,384.88325791855215
1,912,384,384.7647058823531
1,913,384,384.66606334841646
1,914,385,384.6760180995476
1,915,385,384.67420814479635
1,916,385,384.74027149321273
1,917,385,384.8126696832581
1,918,385,384.8914027149322
1,919,385,385.0380090497739
1,920,385,385.1049773755657
1,921,385,385.1447963800906
1,922,385,385.2778280542987
1,923,385,385.4244343891405
1,924,386,385.5049773755657
1,925,386,385.63981900452507
1,926,386,385.81085972850684
1,927,386,386.0000000000001
1,928,386,386.11855203619916
1,929,386,386.2778280542987
1,930,386,386.52126696832585
1,931,387,386.6923076923078
1,932,387,386.8407239819005
1,933,387,387.0162895927603
1,934,387,387.34208144796395
1,935,388,387.5411764705883
1,936,388,387.61357466063356
1,937,387,387.5592760180996
1,938,387,387.3782805429865
1,939,388,387.20904977375574
1,940,388,386.99004524886897
1,941,386,386.80090497737564
1,942,386,386.5212669683259
1,943,386,386.3782805429865
1,944,386,386.1990950226245
1,945,386,385.88144796380107
1,946,386,385.523076923077
1,947,386,385.21900452488694
1,948,385,385.0642533936653
1,949,385,384.8090497737559
1,950,384,384.60361990950247
1,951,384,384.38642533936667
1,952,384,384.2959276018101
1,953,384,384.2615384615386
1,954,385,384.41266968325806
1,955,385,384.74027149321273
1,956,385,385.0968325791857
1,957,385,385.4642533936654
1,958,386,385.81538461538474
1,959,386,386.1846153846155
1,960,387,386.53574660633495
1,961,387,386.8325791855204
1,962,387,387.24796380090504
1,963,387,387.55475113122185
1,964,388,387.7348416289593
1,965,388,387.7701357466064
1,966,388,387.85158371040745
1,967,388,387.7701357466064
1,968,388,387.6642533936654
1,969,387,387.4723981900453
1,970,387,387.27420814479643
1,971,387,386.94932126696847
1,972,387,386.654298642534
1,973,386,386.34570135746617
1,974,386,386.1212669683258
1,975,386,385.8787330316744
1,976,386,385.58371040723983
1,977,385,385.26334841628955
1,978,385,385.0063348416291
1,979,385,384.8307692307693
1,980,385,384.75475113122184
1,981,384,384.6579185520363
1,982,384,384.5493212669684
1,983,385,384.56742081447965
1,984,385,384.71221719457026
1,985,385,384.7746606334843
1,986,385,384.94570135746625
1,987,385,385.2778280542987
1,988,385,385.62352941176476
1,989,386,385.69411764705904
1,990,386,385.8009049773757
1,991,386,386.0461538461539
1,992,387,386.3321266968326
1,993,387,386.70226244343894
1,994,386,387.0000000000001
1,995,386,387.20723981900454
1,996,388,387.3058823529413
1,997,388,387.4868778280544
1,998,388,387.54117647058837
1,999,388,387.39819004524895
1,1000,387,387.32579185520376
1,1001,387,387.32398190045257
1,1002,387,387.1248868778282
1,1003,387,386.7990950226246
1,1004,386,386.6235294117648
1,1005,386,386.4751131221721
1,1006,387,386.4425339366517
1,1007,387,386.41447963800914
1,1008,386,386.27963800904996
1,1009,386,386.12669683257934
1,1010,386,386.0443438914028
1,1011,386,385.9212669683258
1,1012,386,385.5755656108598
1,1013,385,385.22533936651587
1,1014,385,384.9475113122172
1,1015,385,384.819004524887
1,1016,385,384.7104072398191
1,1017,384,384.61050713991864
1,1018,384,384.64435564435547
1,1019,385,384.8418248418247
1,1020,385,385.1188811188814
1,1021,386,385.57668997669003
1,1022,386,386.0404040404032
1,1023,386,385.9242424242423
1,1024,386,387.5529411764707
1,1025,388,387.4289592760182
1,1026,388,387.3095022624435
1,1027,387,387.2036199095024
1,1028,387,387.12036199095024
1,1029,387,387.0687782805432
1,1030,387,387.0579185520363
1,1031,387,387.09683257918573
1,1032,387,386.91764705882366
1,1033,387,387.0705882352943
1,1034,387,387.164705882353
1,1035,387,387.08868778280555
1,1036,387,386.9312217194572
1,1037,387,386.63981900452495
1,1038,387,386.3619909502263
1,1039,387,386.17737556561093
1,1040,385,385.9656108597286
1,1041,385,385.7447963800906
1,1042,385,385.5330316742083
1,1043,385,385.3484162895929
1,1044,386,385.20904977375574
1,1045,386,385.1330316742083
1,1046,385,385.1384615384616
1,1047,385,385.2434389140273
1,1048,385,385.11855203619916
1,1049,385,385.0343891402717
1,1050,385,384.98190045248873
1,1051,385,384.9520361990951
1,1052,385,385.0036199095024
1,1053,385,385.1954751131222
1,1054,385,385.3095022624436
1,1055,386,385.5276018099549
1,1056,386,385.82262443438924
1,1057,386,386.2380090497738
1,1058,386,386.61719457013595
1,1059,387,387.0126696832579
1,1060,387,387.27692307692325
1,1061,388,387.40090497737566
1,1062,388,387.30497737556584
1,1063,388,387.24796380090515
1,1064,387,387.1502262443439
1,1065,387,387.0027149321269
1,1066,386,386.8669683257919
1,1067,386,386.74298642533944
1,1068,386,386.639819004525
1,1069,387,386.5755656108598
1,1070,387,386.5067873303169
1,1071,387,386.46063348416305
1,1072,387,386.32579185520376
1,1073,386,386.1909502262445
1,1074,386,385.9357466063349
1,1075,385,385.63981900452507
1,1076,385,385.3122171945703
1,1077,385,385.1004524886879
1,1078,385,384.9520361990951
1,1079,385,384.8144796380091
1,1080,385,384.83529411764704
1,1081,385,384.8850678733033
1,1082,385,385.03438914027157
1,1083,385,385.0742081447965
1,1084,385,385.1954751131222
1,1085,385,385.45067873303185
1,1086,386,385.6923076923078
1,1087,386,385.8407239819006
1,1088,386,386.01628959276036
1,1089,386,386.1303167420815
1,1090,387,386.29411764705895
1,1091,387,386.4805429864254
1,1092,386,386.66244343891424
1,1093,386,386.88325791855226
1,1094,387,387.1248868778282
1,1095,387,387.3076923076923
1,1096,388,387.42262443438915
1,1097,388,387.53122171945716
1,1098,388,387.6334841628961
1,1099,388,387.6678733031676
1,1100,387,387.5049773755658
1,1101,387,387.21538461538466
1,1102,387,386.9375565610861
1,1103,387,386.6099547511314
1,1104,386,386.45067873303174
1,1105,386,386.27782805429865
1,1106,386,386.1185520361993
1,1107,386,386.00000000000006
1,1108,386,385.81085972850684
1,1109,386,385.639819004525
1,1110,386,385.50497737556566
1,1111,385,385.4244343891404
1,1112,385,385.2072398190046
1,1113,385,385.06244343891404
1,1114,385,384.9900452488688
1,1115,385,384.99004524886885
1,1116,385,385.0624434389142
1,1117,385,385.20723981900466
1,1118,385,385.3538461538462
1,1119,386,385.4932126696833
1,1120,386,385.60723981900463
1,1121,386,385.8072398190046
1,1122,386,386.06606334841644
1,1123,386,386.35656108597294
1,1124,386,386.6515837104073
1,1125,387,386.9239819004527
1,1126,387,387.1466063348418
1,1127,388,387.5013574660633
1,1128,388,387.77013574660646
1,1129,388,387.94389140271494
1,1130,388,388.01357466063365
1,1131,388,388.04072398190056
1,1132,388,387.88687782805437
1,1133,388,387.7610859728508
1,1134,387,387.4723981900453
1,1135,387,387.177375565611
1,1136,387,386.8325791855205
1,1137,387,386.46515837104073
1,1138,386,386.10226244343903
1,1139,386,385.77104072398197
1,1140,385,385.49864253393685
1,1141,385,385.3122171945703
1,1142,385,385.0298642533938
1,1143,385,384.86968325791867
1,1144,385,384.8407239819005
1,1145,385,384.9520361990951
1,1146,385,384.93303167420817
1,1147,385,385.11312217194586
1,1148,385,385.40633484162913
1,1149,386,385.72669683257925
1,1150,386,385.98552036199095
1,1151,386,386.2941176470589
1,1152,386,386.62533936651596
1,1153,388,386.9520361990951
1,1154,388,387.2470588235295
1,1155,387,387.4832579185522
1,1156,387,387.633484162896
1,1157,388,387.80904977375576
1,1158,388,387.9212669683259
1,1159,388,387.9520361990951
1,1160,388,387.9538461538463
1,1161,388,388.0561085972851
1,1162,388,388.1266968325793
1,1163,388,388.0361990950227
1,1164,388,387.85520361990956
1,1165,388,387.72217194570135
1,1166,388,387.71674208144805
1,1167,387,387.58914027149325
1,1168,387,387.36651583710426
1,1169,387,387.0760180995476
1,1170,387,386.74479638009063
1,1171,387,386.4000000000002
1,1172,387,386.06877828054314
1,1173,385,385.7782805429865
1,1174,385,385.55565610859736
1,1175,385,385.3601809954752
1,1176,385,385.1511312217196
1,1177,385,384.8850678733033
1,1178,385,384.7185520361992
1,1179,385,384.66968325791873
1,1180,385,384.75656108597315
1,1181,385,384.5791855203621
1,1182,384,384.53755656108603
1,1183,384,384.6135746606335
1,1184,385,384.7891402714934
1,1185,385,385.0461538461539
1,1186,385,385.36651583710426
1,1187,385,385.66153846153856
1,1188,387,386.0425339366518
1,1189,387,386.5529411764707
1,1190,387,386.8977375565613
1,1191,387,387.12036199095024
1,1192,387,387.33212669683274
1,1193,387,387.44434389140287
1,1194,388,387.5095022624435
1,1195,388,387.38009049773774
1,1196,387,387.32398190045257
1,1197,387,387.20904977375574
1,1198,387,387.1149321266969
1,1199,387,386.9212669683258
1,1200,387,386.6461538461539
1,1201,386,386.30769230769243
1,1202,386,386.0624434389141
1,1203,386,385.8669683257919
1,1204,386,385.6099547511314
1,1205,385,385.3800904977377
1,1206,385,385.26606334841637
1,1207,385,385.1565610859729
1,1208,385,385.07873303167435
1,1209,385,384.9212669683259
1,1210,385,384.7728506787331
1,1211,385,384.65158371040724
1,1212,385,384.5755656108598
1,1213,384,384.4244343891403
1,1214,384,384.2072398190047
1,1215,384,384.0624434389142
1,1216,384,383.91945701357486
1,1217,384,383.9076923076925
1,1218,384,383.9475113122172
1,1219,384,384.1592760180997
1,1220,384,384.52488687782807
1,1221,385,384.88778280542994
1,1222,385,385.22081447963814
1,1223,386,385.6262443438914
1,1224,386,386.06787330316746
1,1225,387,386.5095022624435
1,1226,387,386.91493212669695
1,1227,387,387.24796380090504
1,1228,387,387.4723981900453
1,1229,388,387.69049773755677
1,1230,388,387.8045248868779
1,1231,388,387.9963800904978
1,1232,388,388.04796380090517
1,1233,388,388.08868778280555
1,1234,388,388.04796380090517
1,1235,388,387.99638009049784
1,1236,388,387.8045248868779
1,1237,388,387.6199095022625
1,1238,387,387.39004524886894
1,1239,387,387.2036199095025
1,1240,387,386.94932126696847
1,1241,387,386.654298642534
1,1242,386,386.34570135746617
1,1243,386,386.05067873303176
1,1244,386,385.7963800904978
1,1245,386,385.6099547511314
1,1246,385,385.3800904977377
1,1247,385,385.1954751131223
1,1248,385,385.07420814479644
1,1249,385,385.03438914027157
1,1250,385,384.95565610859734
1,1251,385,384.91764705882366
1,1252,385,384.7882352941177
1,1253,385,384.83529411764704
1,1254,385,384.8407239819005
1,1255,385,384.9864253393667
1,1256,385,385.17466063348417
1,1257,385,385.50769230769237
1,1258,385,385.9493212669684
1,1259,387,386.46334841628976
1,1260,387,387.08416289592765
1,1261,388,387.64615384615394
1,1262,388,388.12217194570144
1,1263,389,388.4850678733032
1,1264,389,388.63710407239824
1,1265,389,388.6805429864254
1,1266,389,388.579185520362
1,1267,388,388.64434389140285
1,1268,388,388.58733031674217
1,1269,388,388.6787330316743
1,1270,388,388.5891402714933
1,1271,389,388.54570135746616
1,1272,389,388.3755656108597
1,1273,389,388.26062173120977
1,1274,388,387.989010989011
1,1275,388,387.43101343101347
1,1276,386,386.6235431235431
1,1277,386,385.71724941724943
1,1278,385,385.14646464646376
1,1279,385,384.98484848484856
1,1280,385,385.9873303167422
1,1281,385,385.3909502262445
1,1282,385,384.9212669683258
1,1283,384,384.5963800904978
1,1284,384,384.36380090497744
1,1285,384,384.3710407239821
1,1286,384,384.55656108597293
1,1287,386,385.0588235294119
1,1288,386,385.5330316742082
1,1289,386,386.03438914027157
1,1290,386,386.47420814479653
1,1291,387,386.825339366516
1,1292,387,387.1221719457016
1,1293,388,387.3285067873304
1,1294,388,387.3375565610861
1,1295,387,387.51945701357477
1,1296,387,387.7764705882353
1,1297,388,387.9520361990951
1,1298,388,388.0986425339368
1,1299,388,388.20723981900466
1,1300,388,388.13665158371055
1,1301,389,388.3665158371042
1,1302,389,388.4380090497739
1,1303,388,388.239819004525
1,1304,388,387.86063348416303
1,1305,387,387.52760180995483
1,1306,387,387.0678733031675
1,1307,388,386.51764705882357
1,1308,385,385.9131221719458
1,1309,385,385.35837104072414
1,1310,385,384.9574660633485
1,1311,385,384.67873303167426
1,1312,384,384.4904977375566
1,1313,384,384.14932126696846
1,1314,384,384.01176470588234
1,1315,384,384.2253393665159
1,1316,385,384.32217194570154
1,1317,385,384.4343891402716
1,1318,384,384.6117647058824
1,1319,384,384.9656108597286
1,1320,386,385.33031674208166
1,1321,386,385.7402714932126
1,1322,386,386.15927601809966
1,1323,386,386.5511312217195
1,1324,387,387.01809954751144
1,1325,388,387.46244343891414
1,1326,388,387.7185520361992
1,1327,388,387.8208144796381
1,1328,388,388.0099547511313
1,1329,388,388.1266968325792
1,1330,388,388.22352941176484
1,1331,388,388.1529411764708
1,1332,388,388.11493212669694
1,1333,388,388.0479638009051
1,1334,388,387.89954751131233
1,1335,388,387.68778280542995
1,1336,388,387.43076923076944
1,1337,387,387.14660633484175
1,1338,387,386.9239819004526
1,1339,386,386.6515837104074
1,1340,386,386.356561085973
1,1341,386,386.06606334841644
1,1342,386,385.8072398190046
1,1343,386,385.6778280542988
1,1344,386,385.5755656108598
1,1345,385,385.32760180995484
1,1346,385,385.1610859728507
1,1347,385,384.8850678733033
1,1348,385,384.7085972850681
1,1349,385,384.5610859728507
1,1350,384,384.5719457013576
1,1351,384,384.6615384615386
1,1352,385,384.95022624434404
1,1353,385,385.28144796380104
1,1354,386,385.6986425339368
1,1355,386,386.17466063348434
1,1356,387,386.68235294117665
1,1357,387,387.12398190045263
1,1358,388,387.4633484162897
1,1359,388,387.72579185520374
1,1360,388,388.075113122172
1,1361,388,388.27511312217206
1,1362,388,388.5076923076924
1,1363,388,388.5547511312218
1,1364,389,388.545701357466
1,1365,389,388.4099547511313
1,1366,389,388.35656108597294
1,1367,388,388.19457013574663
1,1368,388,388.01266968325814
1,1369,387,387.69954751131223
1,1370,387,387.35294117647067
1,1371,387,386.87058823529424
1,1372,387,386.42714932126705
1,1373,386,385.9972850678734
1,1374,386,385.6262443438914
1,1375,385,385.22081447963814
1,1376,385,384.88778280542994
1,1377,384,384.52488687782824
1,1378,384,384.15927601809966
1,1379,384,383.94751131221733
1,1380,384,383.8371040723984
1,1381,384,383.8371040723984
1,1382,384,383.9475113122172
1,1383,384,384.1592760180997
1,1384,384,384.52488687782807
1,1385,385,384.8171945701359
1,1386,385,385.2090497737558
1,1387,386,385.5936651583711
1,1388,386,386.06425339366524
1,1389,387,386.64615384615394
1,1390,387,387.164705882353
1,1391,387,387.58371040724
1,1392,388,387.866968325792
1,1393,388,388.1167420814481
1,1394,389,388.23529411764713
1,1395,389,388.475113122172
1,1396,388,388.4886877828055
1,1397,388,388.4144796380092
1,1398,388,388.1909502262444
1,1399,388,387.89773755656125
1,1400,388,387.55294117647077
1,1401,388,387.11312217194586
1,1402,386,386.743891402715
1,1403,386,386.481447963801
1,1404,386,386.09411764705897
1,1405,386,385.6886877828056
1,1406,385,385.30135746606345
1,1407,385,384.9683257918552
1,1408,385,384.72579185520374
1,1409,385,384.6099547511313
1,1410,384,384.30950226244346
1,1411,384,384.1131221719459
1,1412,384,383.9592760180997
1,1413,384,383.9864253393665
1,1414,384,383.9855203619911
1,1415,384,384.1475113122174
1,1416,384,384.3837104072399
1,1417,385,384.8054298642535
1,1418,385,385.2470588235296
1,1419,386,385.74298642533944
1,1420,386,386.25701357466073
1,1421,387,386.75294117647076
1,1422,387,387.1945701357466
1,1423,388,387.5457013574662
1,1424,388,387.77013574660646
1,1425,388,388.04072398190056
1,1426,388,388.13031674208156
1,1427,388,388.2298642533939
1,1428,388,388.13031674208156
1,1429,388,387.9701357466064
1,1430,388,387.68778280542995
1,1431,388,387.43076923076944
1,1432,387,387.14660633484175
1,1433,387,386.9239819004526
1,1434,386,386.6515837104074
1,1435,386,386.4271493212671
1,1436,386,386.14841628959283
1,1437,386,385.8515837104073
1,1438,386,385.5728506787332
1,1439,386,385.3484162895928
1,1440,385,385.0760180995476
1,1441,385,384.85339366515853
1,1442,384,384.5692307692308
1,1443,384,384.2416289592761
1,1444,384,384.01809954751144
1,1445,384,383.8371040723984
1,1446,384,383.8371040723984
1,1447,384,384.01809954751144
1,1448,384,384.171040723982
1,1449,384,384.48687782805433
1,1450,385,384.73846153846165
1,1451,385,385.09864253393675
1,1452,386,385.53122171945716
1,1453,386,386.0000000000002
1,1454,386,386.468778280543
1,1455,387,386.9013574660635
1,1456,387,387.2615384615385
1,1457,388,387.51312217194584
1,1458,388,387.68778280542995
1,1459,388,387.81719457013594
1,1460,388,388.07420814479633
1,1461,388,388.23167420814485
1,1462,388,388.3420814479639
1,1463,388,388.3963800904978
1,1464,388,388.3945701357468
1,1465,389,388.34570135746617
1,1466,389,388.19728506787334
1,1467,388,387.96742081447974
1,1468,388,387.8153846153847
1,1469,387,387.5004524886878
1,1470,387,387.0588235294119
1,1471,386,386.52669683257926
1,1472,386,385.9402714932128
1,1473,386,385.47420814479653
1,1474,386,385.10316742081466
1,1475,384,384.5927601809957
1,1476,384,384.30859728506795
1,1477,384,384.20090497737567
1,1478,384,384.2199095022627
1,1479,384,384.1040723981903
1,1480,384,384.19185520362
1,1481,384,384.4742081447966
1,1482,386,384.94208144796386
1,1483,386,385.23891402714946
1,1484,385,385.6081447963803
1,1485,385,385.9429864253395
1,1486,387,386.33665158371053
1,1487,387,386.8144796380092
1,1488,387,387.20180995475124
1,1489,387,387.462443438914
1,1490,388,387.83710407239835
1,1491,388,388.1665158371042
1,1492,389,388.29411764705895
1,1493,389,388.33393665158377
1,1494,388,388.406334841629
1,1495,388,388.2995475113123
1,1496,388,388.14298642533936
1,1497,388,388.068778280543
1,1498,388,387.9475113122174
1,1499,388,387.7266968325793
1,1500,387,387.6334841628961
1,1501,387,387.49502262443445
1,1502,388,387.27963800904996
1,1503,388,386.9556561085974
1,1504,386,386.55927601809964
1,1505,386,386.12669683257934
1,1506,386,385.69411764705904
1,1507,385,385.29773755656123
1,1508,385,384.76470588235287
1,1509,384,384.3221719457014
1,1510,384,384.12669683257934
1,1511,384,384.13484162895946
1,1512,384,384.0262443438915
1,1513,384,384.0805429864255
1,1514,384,384.2271493212671
1,1515,385,384.45701357466066
1,1516,385,384.8226244343893
1,1517,385,385.1674208144796
1,1518,385,385.4642533936654
1,1519,386,385.81538461538474
1,1520,386,386.1846153846155
1,1521,387,386.53574660633495
1,1522,387,386.8325791855204
1,1523,387,387.1067873303168
1,1524,387,387.3900452488689
1,1525,388,387.71674208144816
1,1526,388,387.9212669683258
1,1527,388,388.11493212669694
1,1528,388,388.2090497737558
1,1529,388,388.3655168361049
1,1530,389,388.4405594405593
1,1531,389,388.42346542346536
1,1532,388,388.40792540792563
1,1533,388,388.2606060606062
1,1534,388,388.01515151515065
1,1535,388,388.01515151515144
1,1536,387,387.2289592760181
1,1537,387,386.89773755656114
1,1538,386,386.53484162895944
1,1539,386,386.23800904977384
1,1540,386,385.90497737556564
1,1541,386,385.57194570135755
1,1542,385,385.27511312217206
1,1543,385,385.05067873303176
1,1544,385,384.79638009049785
1,1545,385,384.6099547511313
1,1546,384,384.3800904977377
1,1547,384,384.19547511312237
1,1548,384,384.07420814479656
1,1549,384,384.0343891402715
1,1550,384,383.95565610859734
1,1551,384,383.9176470588236
1,1552,384,383.85882352941184
1,1553,384,383.91764705882366
1,1554,384,383.95565610859734
1,1555,384,384.03438914027157
1,1556,384,384.1447963800907
1,1557,384,384.2778280542988
1,1558,384,384.42443438914034
1,1559,385,384.5755656108599
1,1560,385,384.6515837104074
1,1561,385,384.7728506787331
1,1562,385,384.85067873303177
1,1563,385,384.9963800904978
1,1564,385,385.1828054298643
1,1565,385,385.3828054298644
1,1566,385,385.56923076923084
1,1567,386,385.8533936651585
1,1568,386,386.1466063348418
1,1569,387,386.3601809954753
1,1570,387,386.6054298642535
1,1571,387,386.8552036199097
1,1572,387,387.0823529411766
1,1573,387,387.25972850678744
1,1574,387,387.3601809954753
1,1575,387,387.4950226244345
1,1576,388,387.5755656108598
1,1577,388,387.72217194570146
1,1578,388,387.85520361990956
1,1579,388,387.98049009813695
1,1580,388,388.0439560439559
1,1581,388,388.02064602064587
1,1582,388,387.9440559440562
1,1583,388,388.00000000000006
1,1584,388,387.99999999999915
1,1585,388,388.0
2,0,387,387.5547511312219
2,1,387,387.34027149321275
2,2,387,387.07601809954764
2,3,387,386.7710407239821
2,4,387,386.43438914027166
2,5,387,386.2841628959277
2,6,385,386.13846153846157
2,7,385,386.0244343891404
2,8,386,385.83076923076936
2,9,386,385.64615384615394
2,10,386,385.48868778280547
2,11,386,385.3764705882354
2,12,385,385.3276018099548
2,13,385,385.3601809954752
2,14,385,385.1447963800906
2,15,385,384.9520361990951
2,16,385,384.9819004524887
2,17,385,385.03438914027157
2,18,385,385.1185520361992
2,19,385,385.2434389140273
2,20,385,385.2796380090499
2,21,386,385.2977375565612
2,22,386,385.36832579185517
2,23,385,385.3619909502263
2,24,385,385.28778280542997
2,25,385,385.1547511312217
2,26,385,384.97194570135764
2,27,385,384.7484162895929
2,28,385,384.49321266968326
2,29,384,384.35384615384635
2,30,384,384.2778280542987
2,31,384,384.2153846153848
2,32,384,384.1167420814481
2,33,384,383.8588235294119
2,34,384,383.7185520361991
2,35,384,383.69592760181007
2,36,384,383.79095022624443
2,37,384,383.8651583710407
2,38,383,383.9800904977377
2,39,383,384.12669683257934
2,40,385,384.2959276018101
2,41,385,384.4081447963802
2,42,385,384.58371040723995
2,43,385,384.8045248868779
2,44,385,385.0524886877829
2,45,385,385.23891402714946
2,46,385,385.3366515837104
2,47,385,385.45067873303185
2,48,386,385.6923076923078
2,49,386,385.8407239819006
2,50,386,386.01628959276036
2,51,386,386.20090497737567
2,52,387,386.37647058823546
2,53,387,386.5248868778281
2,54,386,386.6280542986427
2,55,386,386.66787330316765
2,56,387,386.7647058823531
2,57,387,386.9095022624436
2,58,387,386.89321266968346
2,59,387,386.8452488687784
2,60,387,386.89502262443455
2,61,387,386.9719457013576
2,62,387,387.07873303167435
2,63,387,387.0180995475114
2,64,386,386.9375565610861
2,65,387,386.7846153846155
2,66,387,386.64796380090513
2,67,387,386.41628959276034
2,68,387,386.18733031674225
2,69,385,385.8588235294119
2,70,385,385.3963800904978
2,71,385,384.9656108597287
2,72,385,384.3846153846156
2,73,384,384.0099547511313
2,74,384,383.7891402714933
2,75,383,383.7402714932128
2,76,383,383.88144796380107
2,77,384,384.0244343891404
2,78,384,384.1809954751133
2,79,385,384.3601809954751
2,80,385,384.4298642533937
2,81,385,384.51945701357477
2,82,385,384.54027149321274
2,83,385,384.5945701357466
2,84,384,384.7782805429864
2,85,384,385.05520361990955
2,86,384,385.32760180995484
2,87,386,385.77737556561095
2,88,386,386.1864253393666
2,89,388,386.5457013574661
2,90,388,386.8461538461539
2,91,387,387.07873303167435
2,92,387,387.09592760181016
2,93,387,387.0914027149322
2,94,386,386.7882352941178
2,95,386,386.39276018099554
2,96,386,385.9113122171946
2,97,386,385.771040723982
2,98,386,385.5990950226245
2,99,386,385.30226244343896
2,100,384,384.98733031674215
2,101,384,384.69049773755665
2,102,385,384.3095022624436
2,103,385,383.80090497737564
2,104,383,383.45067873303185
2,105,383,383.2678733031675
2,106,383,383.2615384615385
2,107,383,383.37013574660637
2,108,383,383.4552036199096
2,109,383,383.6398190045251
2,110,385,383.9737556561087
2,111,385,384.50678733031685
2,112,385,384.94389140271505
2,113,385,385.3900452488689
2,114,386,385.7384615384617
2,115,386,386.08235294117657
2,116,386,386.44705882352963
2,117,387,386.6579185520362
2,118,387,387.0262443438914
2,119,387,387.2633484162896
2,120,387,387.43076923076933
2,121,388,387.3900452488689
2,122,388,387.2796380090499
2,123,387,387.0380090497738
2,124,387,386.67420814479647
2,125,386,386.3357466063349
2,126,386,386.0407239819005
2,127,385,385.67782805429874
2,128,385,385.27420814479643
2,129,385,384.9954751131222
2,130,385,384.8072398190046
2,131,385,384.6072398190046
2,132,385,384.49321266968326
2,133,384,384.35384615384635
2,134,384,384.2778280542987
2,135,384,384.07420814479656
2,136,384,383.9520361990952
2,137,384,383.8407239819006
2,138,384,383.86968325791867
2,139,384,383.9592760180997
2,140,384,384.22986425339377
2,141,384,384.52488687782807
2,142,385,384.88778280542994
2,143,385,385.2914027149323
2,144,386,385.708597285068
2,145,386,386.1122171945702
2,146,387,386.47511312217205
2,147,387,386.77013574660646
2,148,387,386.97013574660645
2,149,387,386.97737556561094
2,150,387,387.10316742081466
2,151,387,387.1203619909503
2,152,387,387.29049773755673
2,153,387,387.275113122172
2,154,387,387.22171945701365
2,155,387,387.0778280542987
2,156,388,386.93212669683277
2,157,387,386.6733031674209
2,158,387,386.32850678733047
2,159,385,385.92488687782816
2,160,385,385.489592760181
2,161,385,385.0497737556563
2,162,385,384.6325791855205
2,163,384,384.26515837104085
2,164,384,384.0425339366517
2,165,384,383.92126696832594
2,166,384,383.91945701357486
2,167,384,383.9076923076925
2,168,384,384.08868778280555
2,169,384,384.32398190045257
2,170,384,384.54298642533945
2,171,385,384.7366515837105
2,172,385,384.8868778280544
2,173,386,385.10497737556574
2,174,386,385.3638009049775
2,175,385,385.6361990950228
2,176,385,385.8950226244345
2,177,386,386.1131221719458
2,178,386,386.26334841628966
2,179,387,386.5276018099549
2,180,387,386.68778280543
2,181,387,386.8733031674209
2,182,387,387.0135746606336
2,183,387,387.0407239819005
2,184,387,386.8868778280543
2,185,387,386.6904977375567
2,186,386,386.39004524886883
2,187,386,386.2036199095024
2,188,386,385.9493212669684
2,189,386,385.65429864253406
2,190,385,385.34570135746617
2,191,385,385.1212669683259
2,192,385,384.87873303167424
2,193,385,384.65429864253406
2,194,384,384.34570135746617
2,195,384,383.90950226244365
2,196,384,383.6316742081449
2,197,384,383.5212669683259
2,198,383,383.4488687782806
2,199,383,383.4144796380093
2,200,383,383.54751131221735
2,201,383,383.83891402714937
2,202,385,384.07058823529417
2,203,385,384.4244343891404
2,204,385,384.8733031674209
2,205,385,385.3900452488689
2,206,386,385.87963800904987
2,207,386,386.2470588235294
2,208,386,386.3945701357468
2,209,387,386.42443438914034
2,210,387,386.64796380090513
2,211,387,386.7764705882355
2,212,387,386.80090497737564
2,213,386,386.7122171945702
2,214,386,386.7104072398192
2,215,387,386.59547511312235
2,216,387,386.37647058823535
2,217,386,386.2714932126698
2,218,386,386.0986425339367
2,219,386,385.95565610859745
2,220,386,385.7402714932128
2,221,385,385.2796380090499
2,222,385,384.80090497737564
2,223,385,384.46063348416294
2,224,384,384.21538461538483
2,225,384,383.88325791855215
2,226,383,383.68235294117665
2,227,383,383.55113122171946
2,228,384,383.62805429864267
2,229,384,383.7746606334843
2,230,384,384.0524886877829
2,231,384,384.4524886877829
2,232,385,384.8271493212671
2,233,385,385.1583710407241
2,234,386,385.41900452488704
2,235,386,385.6434389140273
2,236,386,385.93393665158385
2,237,386,386.19276018099566
2,238,386,386.39276018099554
2,239,386,386.5067873303169
2,240,387,386.7167420814481
2,241,387,386.8045248868779
2,242,387,386.97013574660645
2,243,387,387.01357466063354
2,244,387,386.94389140271505
2,245,387,386.77013574660646
2,246,387,386.5719457013576
2,247,386,386.2289592760182
2,248,386,385.8977375565612
2,249,385,385.52764882176626
2,250,385,385.1448551448551
2,251,385,384.80264180264163
2,252,385,384.55827505827517
2,253,384,384.3960372960374
2,254,384,384.1161616161608
2,255,384,383.8636363636363
2,256,384,385.3393665158373
2,257,383,384.8217194570136
2,258,383,384.4262443438915
2,259,384,384.16199095022637
2,260,384,384.03800904977385
2,261,385,384.1312217194572
2,262,385,384.5185520361992
2,263,385,385.2090497737558
2,264,386,385.6579185520363
2,265,386,385.91131221719456
2,266,386,386.13303167420827
2,267,386,386.48687782805445
2,268,387,386.7366515837105
2,269,387,386.99366515837113
2,270,387,387.169230769231
2,271,387,387.3158371040725
2,272,388,387.4244343891404
2,273,388,387.49502262443457
2,274,387,387.39819004524907
2,275,387,387.21357466063364
2,276,387,386.95927601809956
2,277,387,386.59185520362
2,278,386,386.13846153846157
2,279,386,385.6262443438914
2,280,385,385.22081447963814
2,281,385,385.1701357466065
2,282,384,384.85429864253405
2,283,384,384.40723981900464
2,284,384,383.8923076923078
2,285,384,383.3728506787332
2,286,384,382.2796380090499
2,287,384,381.64343891402723
2,288,380,381.31674208144807
2,289,380,381.3520361990952
2,290,380,381.5927601809955
2,291,380,382.08235294117657
2,292,380,382.86425339366525
2,293,387,383.78190045248874
2,294,387,384.8171945701359
2,295,387,385.9520361990952
2,296,387,386.543891402715
2,297,387,386.95022624434404
2,298,387,387.2488687782807
2,299,386,387.1176470588236
2,300,386,386.5113122171947
2,301,386,386.35384615384623
2,302,386,386.1692307692309
2,303,387,385.9755656108599
2,304,387,385.7909502262443
2,305,385,385.63348416289597
2,306,385,385.59185520362
2,307,385,385.4162895927602
2,308,385,385.1248868778282
2,309,385,384.8651583710408
2,310,385,384.6461538461539
2,311,385,384.54479638009065
2,312,385,384.6380090497739
2,313,384,384.65791855203634
2,314,384,384.73665158371057
2,315,385,384.7945701357467
2,316,385,384.952036199095
2,317,385,385.19095022624447
2,318,386,385.4932126696834
2,319,386,385.8407239819006
2,320,386,386.21538461538466
2,321,386,386.4606334841631
2,322,387,386.61990950226254
2,323,387,386.8045248868779
2,324,387,386.92579185520367
2,325,387,387.0361990950228
2,326,387,387.1266968325793
2,327,387,387.1266968325793
2,328,387,387.03619909502265
2,329,387,386.8552036199096
2,330,387,386.7927601809955
2,331,387,386.6579185520362
2,332,386,386.5393665158372
2,333,386,386.32579185520376
2,334,386,386.0443438914028
2,335,386,385.7221719457014
2,336,386,385.3158371040725
2,337,385,384.98190045248873
2,338,385,384.73846153846154
2,339,384,384.60361990950247
2,340,384,384.38642533936667
2,341,384,384.2959276018101
2,342,384,384.3321266968327
2,343,385,384.4950226244345
2,344,385,384.7846153846155
2,345,385,385.0624434389141
2,346,385,385.3194570135748
2,347,386,385.53755656108615
2,348,386,385.76018099547514
2,349,386,385.96018099547524
2,350,386,386.110407239819
2,351,386,386.3927601809957
2,352,386,386.58914027149325
2,353,387,386.6904977375567
2,354,387,386.68778280543
2,355,387,386.63981900452495
2,356,387,386.60542986425344
2,357,387,386.64615384615394
2,358,386,386.6235294117648
2,359,386,386.60814479638026
2,360,386,386.47058823529426
2,361,386,386.3583710407241
2,362,387,386.2190045248869
2,363,387,386.0705882352942
2,364,386,385.931221719457
2,365,386,385.81900452488696
2,366,385,385.68416289592784
2,367,385,385.4769230769232
2,368,385,385.14479638009055
2,369,385,384.8352941176472
2,370,385,384.6959276018102
2,371,385,384.67420814479647
2,372,385,384.64977375565616
2,373,384,384.70226244343905
2,374,384,384.63167420814494
2,375,385,384.6380090497738
2,376,385,384.71221719457026
2,377,385,384.8452488687784
2,378,385,385.02805429864253
2,379,385,385.2515837104073
2,380,385,385.4361990950227
2,381,386,385.5638009049775
2,382,386,385.67782805429874
2,383,386,385.8895927601811
2,384,386,386.18099547511326
2,385,386,386.404524886878
2,386,386,386.55113122171946
2,387,387,386.6117647058825
2,388,387,386.5773755656109
2,389,387,386.64796380090513
2,390,387,386.62352941176476
2,391,386,386.51312217194595
2,392,386,386.3257918552037
2,393,386,386.0705882352942
2,394,386,385.75656108597286
2,395,386,385.6018099547512
2,396,385,385.42443438914023
2,397,385,385.1809954751132
2,398,385,385.02805429864264
2,399,385,384.84524886877836
2,400,385,384.7122171945703
2,401,385,384.6380090497739
2,402,384,384.63167420814483
2,403,384,384.63167420814494
2,404,385,384.6380090497738
2,405,385,384.71221719457026
2,406,385,384.8452488687784
2,407,385,384.95746606334865
2,408,385,385.2398190045249
2,409,385,385.5447963800906
2,410,386,385.65429864253406
2,411,386,385.750226244344
2,412,386,385.943891402715
2,413,386,386.1466063348418
2,414,387,386.34027149321275
2,415,386,386.50678733031697
2,416,386,386.6280542986426
2,417,387,386.6859728506788
2,418,387,386.8714932126698
2,419,387,386.9755656108599
2,420,387,386.9981900452489
2,421,387,386.9393665158372
2,422,387,386.93755656108607
2,423,387,386.7927601809955
2,424,387,386.646153846154
2,425,386,386.5067873303169
2,426,386,386.3927601809955
2,427,386,386.1927601809956
2,428,386,385.93393665158374
2,429,386,385.64343891402723
2,430,386,385.2778280542987
2,431,385,384.9936651583712
2,432,385,384.8090497737559
2,433,384,384.60361990950247
2,434,384,384.4570135746609
2,435,384,384.3076923076925
2,436,384,384.29411764705895
2,437,385,384.4162895927604
2,438,385,384.67420814479647
2,439,385,384.8588235294118
2,440,385,385.16108597285074
2,441,385,385.4950226244345
2,442,386,385.7746606334843
2,443,386,385.9113122171946
2,444,386,386.01628959276036
2,445,386,386.20090497737567
2,446,387,386.37647058823546
2,447,387,386.5248868778281
2,448,386,386.6280542986427
2,449,386,386.73846153846165
2,450,387,386.8470588235296
2,451,387,386.8832579185522
2,452,387,386.9176470588236
2,453,387,386.8208144796381
2,454,387,386.74027149321273
2,455,387,386.62352941176476
2,456,386,386.35022624434396
2,457,386,386.0000000000001
2,458,386,385.7203619909504
2,459,385,385.45882352941186
2,460,385,385.233484162896
2,461,385,385.06244343891404
2,462,385,384.96380090497746
2,463,385,384.95565610859734
2,464,385,384.8470588235295
2,465,385,384.84705882352944
2,466,385,384.95565610859734
2,467,385,385.03438914027157
2,468,385,385.1447963800906
2,469,385,385.20723981900466
2,470,385,385.3420814479639
2,471,386,385.53122171945716
2,472,386,385.7565610859729
2,473,386,386.00000000000006
2,474,386,386.2434389140273
2,475,386,386.5393665158372
2,476,387,386.74027149321273
2,477,387,386.7665158371041
2,478,387,386.73846153846165
2,479,387,386.7764705882355
2,480,387,386.80090497737564
2,481,387,386.873303167421
2,482,386,386.8552036199096
2,483,386,386.74660633484183
2,484,387,386.6859728506789
2,485,387,386.6117647058824
2,486,387,386.53303167420825
2,487,387,386.529411764706
2,488,386,386.4805429864255
2,489,386,386.40452488687794
2,490,386,386.3221719457015
2,491,386,386.05429864253415
2,492,386,385.69592760181
2,493,386,385.3420814479639
2,494,385,384.8787330316743
2,495,385,384.59185520361996
2,496,385,384.3520361990952
2,497,383,384.1592760180997
2,498,383,384.1429864253394
2,499,384,384.2235294117649
2,500,384,384.5212669683259
2,501,386,385.08868778280544
2,502,386,385.63981900452495
2,503,386,386.2271493212672
2,504,387,386.8325791855204
2,505,387,387.2124933889639
2,506,388,387.4095904095903
2,507,388,387.4568764568765
2,508,387,387.4825174825178
2,509,387,387.24941724941743
2,510,387,386.93434343434257
2,511,387,387.0151515151515
2,512,387,387.3900452488689
2,513,387,387.3927601809956
2,514,387,387.3095022624435
2,515,387,387.21990950226257
2,516,387,387.00361990950245
2,517,387,386.81719457013594
2,518,387,386.61719457013584
2,519,387,386.43076923076944
2,520,386,386.2171945701358
2,521,386,385.9357466063349
2,522,385,385.54298642533945
2,523,385,385.1954751131222
2,524,385,384.9113122171947
2,525,385,384.708597285068
2,526,385,384.53484162895944
2,527,384,384.53755656108603
2,528,384,384.5873303167421
2,529,385,384.75475113122184
2,530,385,384.83076923076936
2,531,385,385.00633484162915
2,532,385,385.3339366515839
2,533,386,385.6660633484164
2,534,386,385.9230769230769
2,535,386,386.0868778280544
2,536,386,386.2714932126698
2,537,387,386.45882352941186
2,538,387,386.639819004525
2,539,386,386.60542986425355
2,540,386,386.4850678733033
2,541,387,386.4787330316743
2,542,387,386.38642533936655
2,543,386,386.2171945701358
2,544,386,385.98009049773776
2,545,385,385.8226244343893
2,546,386,385.6923076923079
2,547,386,385.5393665158371
2,548,385,385.3140271493215
2,549,385,385.1022624434391
2,550,385,384.9900452488689
2,551,385,384.9276018099548
2,552,385,384.8651583710408
2,553,385,384.6823529411767
2,554,384,384.5972850678734
2,555,384,384.5574660633486
2,556,385,384.44253393665167
2,557,385,384.19095022624447
2,558,384,384.14117647058833
2,559,384,384.1547511312218
2,560,384,384.16108597285086
2,561,384,384.28959276018116
2,562,384,384.3927601809955
2,563,384,384.5230769230771
2,564,386,384.73031674208164
2,565,385,385.0642533936653
2,566,385,385.36832579185534
2,567,386,385.68597285067887
2,568,386,385.9900452488689
2,569,386,386.2533936651585
2,570,386,386.44886877828066
2,571,387,386.54932126696843
2,572,387,386.8045248868779
2,573,387,386.92579185520367
2,574,387,387.0361990950228
2,575,387,387.1266968325793
2,576,387,387.0561085972852
2,577,387,386.95384615384614
2,578,387,386.9520361990952
2,579,387,386.921266968326
2,580,387,386.8090497737558
2,581,386,386.63348416289614
2,582,386,386.412669683258
2,583,387,386.16470588235296
2,584,387,385.9076923076924
2,585,385,385.7303167420816
2,586,385,385.5212669683259
2,587,385,385.23710407239827
2,588,385,385.03438914027157
2,589,385,384.7927601809956
2,590,385,384.59185520362
2,591,385,384.50859728506794
2,592,384,384.61990950226254
2,593,384,384.58733031674217
2,594,385,384.67239819004544
2,595,385,384.8570135746607
2,596,385,385.123076923077
2,597,385,385.452488687783
2,598,386,385.82714932126714
2,599,386,386.2289592760182
2,600,387,386.43076923076933
2,601,387,386.6054298642535
2,602,387,386.92579185520367
2,603,387,387.164705882353
2,604,387,387.3040723981902
2,605,387,387.32579185520376
2,606,387,387.35022624434407
2,607,388,387.2977375565611
2,608,388,387.36832579185534
2,609,387,387.36199095022636
2,610,387,387.28778280542997
2,611,387,387.1547511312218
2,612,387,386.9719457013576
2,613,387,386.74841628959297
2,614,387,386.5638009049775
2,615,386,386.43619909502274
2,616,386,386.32217194570137
2,617,386,386.110407239819
2,618,386,385.8895927601811
2,619,386,385.60723981900463
2,620,386,385.4108597285069
2,621,385,385.3095022624436
2,622,385,385.3122171945702
2,623,385,385.2895927601811
2,624,385,385.3122171945701
2,625,385,385.3095022624436
2,626,386,385.4108597285067
2,627,386,385.53665158371047
2,628,386,385.8072398190046
2,629,386,386.06606334841644
2,630,386,386.35656108597294
2,631,386,386.58099547511324
2,632,387,386.8416289592762
2,633,387,387.172850678733
2,634,388,387.54751131221735
2,635,388,387.806334841629
2,636,388,388.06063348416296
2,637,388,388.4244343891404
2,638,389,388.61176470588236
2,639,389,388.61357466063356
2,640,388,388.6298642533938
2,641,388,388.46063348416305
2,642,389,388.3239819004526
2,643,389,388.03800904977385
2,644,387,387.6298642533939
2,645,387,387.1266968325792
2,646,387,386.694117647059
2,647,386,386.2977375565612
2,648,386,385.83529411764715
2,649,385,385.40452488687805
2,650,385,385.100452488688
2,651,385,385.01809954751144
2,652,385,384.9076923076924
2,653,385,384.91945701357486
2,654,385,384.99185520362
2,655,385,385.1248868778282
2,656,385,385.38009049773774
2,657,386,385.6099547511313
2,658,386,385.866968325792
2,659,386,386.1330316742083
2,660,386,386.3194570135747
2,661,387,386.5375565610861
2,662,387,386.6895927601812
2,663,387,386.94841628959296
2,664,387,387.14841628959306
2,665,387,387.40090497737566
2,666,387,387.6171945701358
2,667,388,387.77918552036203
2,668,388,387.86877828054315
2,669,389,388.07692307692315
2,670,388,388.19457013574674
2,671,388,388.29230769230776
2,672,388,388.24072398190066
2,673,388,388.04886877828073
2,674,388,387.72579185520374
2,675,388,387.48959276018104
2,676,387,387.15837104072403
2,677,387,386.89773755656114
2,678,386,386.53484162895944
2,679,386,386.23800904977384
2,680,386,385.90497737556564
2,681,386,385.57194570135755
2,682,385,385.20452488687795
2,683,385,384.96832579185525
2,684,385,384.75203619909513
2,685,385,384.64434389140274
2,686,384,384.4542986425339
2,687,384,384.39095022624446
2,688,384,384.45429864253407
2,689,385,384.5737556561088
2,690,385,384.7402714932128
2,691,385,385.42986425339376
2,692,385,385.8479638009051
2,693,386,386.0307692307693
2,694,386,385.7348416289594
2,695,386,385.31674208144796
2,696,387,384.4325791855205
2,697,387,383.8769230769232
2,698,381,383.62262443438914
2,699,381,383.5131221719457
2,700,381,383.53031674208154
2,701,383,383.79457013574677
2,702,383,384.2968325791857
2,703,388,384.8986425339367
2,704,388,385.8090497737558
2,705,387,386.83710407239835
2,706,387,387.1701357466065
2,707,387,387.19547511312237
2,708,387,386.8769230769232
2,709,386,386.5257918552037
2,710,386,385.8533936651585
2,711,385,385.47239819004534
2,712,385,385.1954751131222
2,713,385,384.8407239819005
2,714,385,384.6262443438915
2,715,385,384.5610859728507
2,716,384,384.654298642534
2,717,384,384.7764705882354
2,718,385,384.99819004524886
2,719,385,385.1809954751132
2,720,386,385.3864253393666
2,721,386,385.5348416289593
2,722,386,385.7466063348417
2,723,386,386.00361990950233
2,724,386,386.1493212669685
2,725,386,386.15656108597295
2,726,386,386.26606334841654
2,727,386,386.38009049773774
2,728,387,386.60995475113134
2,729,387,386.8669683257919
2,730,387,387.13303167420815
2,731,387,387.39004524886883
2,732,388,387.69049773755677
2,733,388,387.8868778280544
2,734,388,387.9701357466064
2,735,388,387.9312217194571
2,736,388,387.8995475113124
2,737,388,387.80452488687797
2,738,388,387.71674208144805
2,739,387,387.5067873303169
2,740,387,387.3927601809956
2,741,387,387.1927601809956
2,742,387,386.93393665158385
2,743,387,386.6434389140273
2,744,387,386.34841628959293
2,745,386,386.0760180995475
2,746,386,385.8533936651585
2,747,385,385.56923076923084
2,748,385,385.3122171945703
2,749,385,385.1004524886879
2,750,385,384.881447963801
2,751,385,384.80271493212695
2,752,385,384.87330316742094
2,753,385,384.89321266968335
2,754,385,385.0624434389143
2,755,385,385.1628959276018
2,756,385,385.37647058823535
2,757,386,385.6760180995476
2,758,386,386.0343891402716
2,759,386,386.4950226244345
2,760,387,386.90135746606336
2,761,387,387.3209731445024
2,762,388,387.6753246753246
2,763,388,387.90953490953467
2,764,388,388.04545454545473
2,765,388,387.8701631701632
2,766,387,387.3989898989891
2,767,387,386.83333333333326
2,768,387,387.47239819004545
2,769,387,387.2959276018101
2,770,387,387.2515837104074
2,771,387,387.0805429864254
2,772,387,386.80090497737564
2,773,387,386.5692307692309
2,774,386,386.34208144796406
2,775,386,386.1466063348418
2,776,387,385.87149321266975
2,777,385,385.60542986425355
2,778,385,385.36651583710426
2,779,385,385.1728506787331
2,780,385,384.9719457013576
2,781,385,384.9113122171948
2,782,385,384.8615384615386
2,783,385,384.89321266968335
2,784,385,385.1447963800906
2,785,385,385.2778280542987
2,786,385,385.4244343891405
2,787,386,385.57556561085977
2,788,386,385.72217194570135
2,789,386,385.8552036199097
2,790,386,385.8950226244345
2,791,386,385.9619909502263
2,792,386,386.0380090497739
2,793,386,386.10497737556574
2,794,386,386.1447963800906
2,795,386,386.1366515837106
2,796,386,386.2597285067875
2,797,387,386.4868778280545
2,798,387,386.79095022624455
2,799,387,387.21538461538483
2,800,387,387.6036199095024
2,801,387,387.937556561086
2,802,389,388.19909502262453
2,803,389,388.4407239819005
2,804,389,388.514932126697
2,805,389,388.5511312217195
2,806,388,388.4787330316743
2,807,388,388.4389140271495
2,808,388,388.1728506787332
2,809,388,387.76923076923083
2,810,387,387.39366515837105
2,811,387,386.95022624434404
2,812,387,386.4841628959276
2,813,387,386.0407239819005
2,814,385,385.52669683257926
2,815,385,385.04886877828056
2,816,384,384.6434389140273
2,817,384,384.3466063348417
2,818,384,384.0561085972852
2,819,384,383.86968325791867
2,820,384,383.6733031674209
2,821,384,383.75294117647076
2,822,384,383.8407239819006
2,823,384,384.0687782805431
2,824,384,384.21900452488694
2,825,384,384.4733031674209
2,826,384,384.80452488687797
2,827,386,385.18552036199117
2,828,386,385.51855203619914
2,829,386,385.9058823529413
2,830,386,386.31131221719477
2,831,387,386.6986425339368
2,832,387,387.0316742081449
2,833,387,387.34479638009054
2,834,387,387.47239819004534
2,835,388,387.5936651583711
2,836,388,387.68778280542995
2,837,388,387.7366515837106
2,838,388,387.72217194570146
2,839,388,387.9058823529413
2,840,387,387.94932126696847
2,841,387,387.93212669683277
2,842,388,387.73393665158386
2,843,388,387.5819004524888
2,844,388,387.3031674208147
2,845,388,386.93393665158385
2,846,386,386.51040723981913
2,847,386,386.06877828054314
2,848,385,385.5067873303168
2,849,385,384.9221719457015
2,850,384,384.48054298642546
2,851,384,384.14751131221726
2,852,384,383.88868778280556
2,853,384,383.86968325791867
2,854,384,383.8407239819006
2,855,384,383.9520361990952
2,856,384,384.00361990950245
2,857,384,384.19547511312226
2,858,384,384.3800904977376
2,859,385,384.6099547511313
2,860,385,384.7257918552037
2,861,385,384.9683257918553
2,862,385,385.3719457013576
2,863,386,385.77104072398197
2,864,386,386.0678733031675
2,865,386,386.36470588235306
2,866,386,386.6959276018101
2,867,388,387.0343891402716
2,868,388,387.2914027149322
2,869,387,387.44886877828066
2,870,387,387.5592760180997
2,871,388,387.6135746606337
2,872,388,387.6117647058825
2,873,387,387.4244343891404
2,874,387,387.06063348416296
2,875,387,386.8769230769232
2,876,387,386.6298642533937
2,877,386,386.2171945701359
2,878,386,385.73665158371057
2,879,385,385.28325791855207
2,880,385,384.9520361990951
2,881,385,384.7728506787331
2,882,384,384.5755656108598
2,883,384,384.3257918552037
2,884,384,384.1891402714933
2,885,384,383.9837104072399
2,886,385,383.92760180995487
2,887,385,383.89140271493216
2,888,383,383.94570135746625
2,889,383,383.9493212669684
2,890,384,384.0226244343892
2,891,384,384.2090497737558
2,892,385,384.48144796380103
2,893,385,384.812669683258
2,894,385,385.24343891402725
2,895,385,385.8850678733033
2,896,387,386.30407239819016
2,897,387,386.5348416289594
2,898,387,386.80904977375576
2,899,387,387.01990950226246
2,900,387,387.2696832579186
2,901,388,387.46063348416305
2,902,387,387.5656108597287
2,903,387,387.62805429864267
2,904,388,387.76832579185526
2,905,388,387.8452488687784
2,906,388,387.92941176470595
2,907,388,387.8914027149323
2,908,388,387.88144796380095
2,909,388,387.7882352941178
2,910,387,387.43891402714956
2,911,387,387.0018099547513
2,912,387,386.5131221719458
2,913,386,385.8769230769232
2,914,386,385.2678733031675
2,915,384,384.6515837104074
2,916,384,384.19366515837123
2,917,384,383.85067873303166
2,918,383,383.64072398190063
2,919,383,383.64343891402723
2,920,384,383.8678733031675
2,921,384,384.1140271493215
2,922,385,384.5819004524888
2,923,385,384.985520361991
2,924,386,385.43891402714956
2,925,386,385.91493212669695
2,926,386,386.24796380090515
2,927,386,386.40180995475123
2,928,387,386.60814479638015
2,929,387,386.83076923076925
2,930,387,387.04253393665175
2,931,387,387.1547511312219
2,932,387,387.28778280542997
2,933,387,387.3619909502264
2,934,388,387.4389140271495
2,935,388,387.38009049773774
2,936,387,387.39457013574673
2,937,387,387.2914027149322
2,938,387,387.0886877828055
2,939,387,386.8045248868779
2,940,387,386.5276018099549
2,941,386,386.14660633484186
2,942,386,385.89773755656125
2,943,385,385.61719457013584
2,944,385,385.14117647058833
2,945,385,384.7058823529413
2,946,385,384.26787330316756
2,947,384,383.98371040724
2,948,384,383.8714932126698
2,949,383,383.8108597285069
2,950,383,383.81085972850684
2,951,384,383.87149321266975
2,952,384,383.98371040723987
2,953,385,384.26787330316756
2,954,385,384.6352941176471
2,955,385,385.05882352941194
2,956,385,385.6434389140273
2,957,386,385.94389140271505
2,958,386,386.2533936651584
2,959,387,386.72669683257925
2,960,387,387.1185520361991
2,961,388,387.5312217194572
2,962,388,387.8669683257919
2,963,387,388.1692307692309
2,964,389,388.281447963801
2,965,389,388.39457013574685
2,966,388,388.2995475113123
2,967,388,388.1348416289593
2,968,388,387.8389140271494
2,969,388,387.6298642533939
2,970,387,387.32579185520376
2,971,387,386.8153846153848
2,972,386,386.4642533936651
2,973,386,386.16742081447967
2,974,386,385.8932126696834
2,975,386,385.6099547511312
2,976,385,385.28325791855207
2,977,385,385.07873303167423
2,978,385,384.8850678733033
2,979,385,384.79095022624443
2,980,385,384.6054298642535
2,981,384,384.53755656108603
2,982,384,384.51674208144817
2,983,385,384.67239819004544
2,984,385,384.8570135746607
2,985,385,385.123076923077
2,986,385,385.3819004524888
2,987,386,385.74479638009063
2,988,386,386.1846153846155
2,989,387,386.53574660633495
2,990,387,386.7619909502264
2,991,387,387.0950226244344
2,992,387,387.4986425339368
2,993,388,387.8072398190047
2,994,388,387.9936651583712
2,995,388,388.239819004525
2,996,388,388.32760180995484
2,997,389,388.45701357466066
2,998,389,388.4280542986426
2,999,388,388.2497737556562
2,1000,388,387.93122171945714
2,1001,388,387.69049773755665
2,1002,387,387.3457013574661
2,1003,387,386.9945701357467
2,1004,386,386.5348416289594
2,1005,386,386.1411764705883
2,1006,386,385.78823529411767
2,1007,386,385.3828054298644
2,1008,385,385.03167420814486
2,1009,385,384.84162895927614
2,1010,384,384.5809954751132
2,1011,384,384.2859728506788
2,1012,384,383.98371040724
2,1013,384,383.69230769230785
2,1014,384,383.55927601809964
2,1015,384,383.523076923077
2,1016,383,383.58371040723983
2,1017,383,383.70511841100057
2,1018,384,383.8601398601396
2,1019,384,384.16916416916393
2,1020,385,384.668997668998
2,1021,385,385.31608391608376
2,1022,386,385.85858585858495
2,1023,386,386.06060606060606
2,1024,386,387.3701357466065
2,1025,386,387.44886877828066
2,1026,388,387.5230769230771
2,1027,388,387.58371040724006
2,1028,388,387.69230769230774
2,1029,388,387.8488687782807
2,1030,388,388.06244343891416
2,1031,388,388.21266968325807
2,1032,388,388.1113122171947
2,1033,388,387.77013574660646
2,1034,388,387.5457013574662
2,1035,387,387.1945701357467
2,1036,387,386.75294117647064
2,1037,386,386.25701357466073
2,1038,386,385.7429864253395
2,1039,385,385.24705882352947
2,1040,385,384.8054298642534
2,1041,384,384.45429864253407
2,1042,384,384.2298642533937
2,1043,384,383.9592760180998
2,1044,384,383.86968325791867
2,1045,384,383.8407239819006
2,1046,384,383.9520361990952
2,1047,384,384.00361990950245
2,1048,384,384.19547511312226
2,1049,384,384.3095022624435
2,1050,385,384.52760180995494
2,1051,385,384.8226244343893
2,1052,385,385.1674208144796
2,1053,385,385.4642533936654
2,1054,386,385.81538461538474
2,1055,386,386.1846153846155
2,1056,387,386.53574660633495
2,1057,387,386.7619909502264
2,1058,387,387.0950226244344
2,1059,387,387.4986425339368
2,1060,388,387.8072398190047
2,1061,388,388.0642533936651
2,1062,388,388.32217194570154
2,1063,388,388.3719457013575
2,1064,389,388.35203619909504
2,1065,389,388.2009049773756
2,1066,388,387.9981900452489
2,1067,388,387.6235294117649
2,1068,387,387.3040723981902
2,1069,386,386.8669683257919
2,1070,386,386.27782805429877
2,1071,386,385.7022624434388
2,1072,386,385.3764705882353
2,1073,385,385.13665158371055
2,1074,385,384.819004524887
2,1075,384,384.6597285067874
2,1076,384,384.5475113122173
2,1077,385,384.3619909502263
2,1078,385,384.3122171945701
2,1079,384,384.3276018099549
2,1080,384,384.5375565610861
2,1081,385,384.6533936651585
2,1082,385,384.9864253393666
2,1083,385,385.3619909502263
2,1084,386,385.8054298642534
2,1085,386,386.48054298642546
2,1086,387,387.1511312217196
2,1087,387,387.65158371040735
2,1088,389,388.01628959276024
2,1089,389,388.3475113122173
2,1090,389,388.5475113122173
2,1091,389,388.5891402714933
2,1092,388,388.5837104072399
2,1093,388,388.5131221719459
2,1094,388,388.3683257918554
2,1095,388,388.07873303167435
2,1096,388,387.99185520362005
2,1097,388,387.85520361990956
2,1098,388,387.6959276018099
2,1099,388,387.61176470588254
2,1100,387,387.3619909502263
2,1101,387,387.11493212669694
2,1102,387,386.7683257918554
2,1103,386,386.3583710407241
2,1104,386,385.99185520362
2,1105,386,385.57556561085977
2,1106,385,385.08416289592776
2,1107,385,384.69230769230785
2,1108,384,384.2271493212671
2,1109,384,383.91583710407247
2,1110,384,383.70588235294133
2,1111,383,383.60633484162906
2,1112,383,383.6171945701359
2,1113,384,383.86787330316747
2,1114,384,384.14027149321277
2,1115,385,384.6162895927603
2,1116,385,385.13031674208156
2,1117,386,385.71674208144805
2,1118,386,386.3393665158372
2,1119,387,386.8235294117648
2,1120,387,387.1945701357466
2,1121,388,387.6162895927603
2,1122,388,387.85248868778297
2,1123,388,388.0144796380092
2,1124,388,388.01357466063365
2,1125,388,388.04072398190056
2,1126,388,387.88687782805437
2,1127,388,387.69049773755665
2,1128,387,387.39004524886894
2,1129,387,387.2036199095025
2,1130,387,386.94932126696847
2,1131,387,386.654298642534
2,1132,386,386.34570135746617
2,1133,386,386.1212669683258
2,1134,386,385.8787330316744
2,1135,386,385.65429864253406
2,1136,385,385.34570135746617
2,1137,385,385.05067873303176
2,1138,385,384.79638009049785
2,1139,385,384.6099547511313
2,1140,384,384.3800904977377
2,1141,384,384.19547511312237
2,1142,384,383.93303167420834
2,1143,384,383.86968325791867
2,1144,384,383.866968325792
2,1145,384,383.98642533936663
2,1146,384,384.148416289593
2,1147,384,384.4733031674209
2,1148,384,384.80452488687797
2,1149,386,385.18552036199117
2,1150,386,385.44796380090514
2,1151,386,385.82352941176475
2,1152,386,386.3375565610861
2,1153,387,386.8153846153848
2,1154,387,387.220814479638
2,1155,387,387.5176470588237
2,1156,387,387.74027149321273
2,1157,389,388.00000000000006
2,1158,389,388.1466063348418
2,1159,388,388.17104072398206
2,1160,388,388.13484162895935
2,1161,388,388.03800904977385
2,1162,388,387.88959276018113
2,1163,387,387.639819004525
2,1164,387,387.177375565611
2,1165,387,386.80633484162917
2,1166,387,386.4307692307692
2,1167,386,385.9574660633485
2,1168,386,385.49321266968326
2,1169,385,385.14479638009067
2,1170,384,384.81900452488696
2,1171,384,384.35203619909504
2,1172,384,383.9800904977377
2,1173,384,383.7303167420816
2,1174,384,383.62986425339375
2,1175,384,383.5674208144797
2,1176,383,383.6316742081449
2,1177,383,383.56108597285083
2,1178,384,383.55565610859736
2,1179,384,383.5972850678733
2,1180,384,383.7972850678734
2,1181,384,384.1285067873305
2,1182,384,384.5638009049774
2,1183,384,385.0054298642535
2,1184,386,385.4171945701359
2,1185,386,385.82443438914044
2,1186,387,386.32036199095035
2,1187,387,386.79819004524893
2,1188,387,387.2923076923078
2,1189,387,387.6371040723984
2,1190,388,387.8054298642537
2,1191,388,387.7701357466064
2,1192,388,387.85158371040745
2,1193,388,387.7701357466064
2,1194,388,387.6642533936654
2,1195,387,387.4723981900453
2,1196,387,387.27420814479643
2,1197,387,386.94932126696847
2,1198,387,386.654298642534
2,1199,386,386.34570135746617
2,1200,386,386.05067873303176
2,1201,386,385.7963800904978
2,1202,386,385.68054298642534
2,1203,385,385.4624434389141
2,1204,385,385.239819004525
2,1205,385,385.03981900452504
2,1206,385,384.88959276018113
2,1207,385,384.67782805429874
2,1208,385,384.4226244343893
2,1209,384,384.2714932126699
2,1210,384,384.2334841628961
2,1211,384,384.1085972850681
2,1212,384,384.09683257918573
2,1213,384,384.1891402714933
2,1214,384,384.37647058823546
2,1215,385,384.5791855203621
2,1216,385,384.91764705882366
2,1217,385,385.23529411764713
2,1218,386,385.57556561085977
2,1219,386,385.8407239819006
2,1220,386,386.13303167420827
2,1221,386,386.34570135746606
2,1222,387,386.57194570135766
2,1223,387,386.9049773755657
2,1224,387,387.2380090497739
2,1225,387,387.60542986425344
2,1226,388,387.9800904977377
2,1227,388,388.4144796380092
2,1228,389,388.6316742081449
2,1229,389,388.6316742081449
2,1230,389,388.5529411764707
2,1231,389,388.4045248868778
2,1232,388,388.0660633484163
2,1233,388,387.5556561085973
2,1234,386,387.0298642533937
2,1235,386,386.44524886877844
2,1236,386,386.0380090497739
2,1237,386,385.64434389140274
2,1238,385,385.3095022624436
2,1239,385,385.07873303167423
2,1240,385,384.85882352941184
2,1241,385,384.756561085973
2,1242,385,384.460633484163
2,1243,384,384.25972850678744
2,1244,384,384.16289592760205
2,1245,384,384.17918552036207
2,1246,384,384.1085972850681
2,1247,384,384.15113122171954
2,1248,384,384.2271493212671
2,1249,385,384.45701357466066
2,1250,385,384.75203619909513
2,1251,385,385.0850678733034
2,1252,385,385.49049773755655
2,1253,386,385.86153846153866
2,1254,386,386.29140271493225
2,1255,387,386.7348416289594
2,1256,387,387.14660633484175
2,1257,388,387.61990950226254
2,1258,388,388.0479638009051
2,1259,388,388.46515837104084
2,1260,389,388.7058823529412
2,1261,389,388.9520361990951
2,1262,389,388.98552036199095
2,1263,389,388.93574660633493
2,1264,389,388.73212669683267
2,1265,389,388.5837104072399
2,1266,388,388.2995475113124
2,1267,388,388.0389140271494
2,1268,387,387.69954751131235
2,1269,387,387.2561085972851
2,1270,387,386.75384615384615
2,1271,387,386.2380090497738
2,1272,386,385.75384615384627
2,1273,386,385.30845624963246
2,1274,384,384.7942057942058
2,1275,384,384.264291264291
2,1276,384,383.8438228438232
2,1277,384,383.7132867132868
2,1278,384,383.8989898989891
2,1279,384,384.06060606060606
2,1280,384,385.6533936651584
2,1281,384,385.3348416289594
2,1282,384,384.94298642533954
2,1283,384,384.7457013574662
2,1284,385,384.73393665158375
2,1285,386,385.0371040723983
2,1286,386,385.5846153846156
2,1287,386,386.37647058823535
2,1288,386,386.8588235294119
2,1289,388,387.27782805429877
2,1290,388,387.6678733031676
2,1291,388,387.86334841628974
2,1292,388,387.9755656108598
2,1293,388,388.12488687782815
2,1294,388,388.102262443439
2,1295,388,387.90769230769246
2,1296,388,387.5411764705884
2,1297,387,387.27963800904996
2,1298,387,387.0
2,1299,387,386.7909502262444
2,1300,386,386.5411764705885
2,1301,386,386.2072398190046
2,1302,386,385.9457013574662
2,1303,386,385.8452488687784
2,1304,386,385.79457013574665
2,1305,386,385.8941176470589
2,1306,385,385.8443438914028
2,1307,385,385.69049773755665
2,1308,386,385.48054298642546
2,1309,386,385.06244343891404
2,1310,385,384.06696832579195
2,1311,385,383.32488687782796
2,1312,382,382.8361990950227
2,1313,382,382.60090497737565
2,1314,382,382.40995475113135
2,1315,380,382.45429864253396
2,1316,380,382.85429864253393
2,1317,386,383.5303167420815
2,1318,386,384.2642533936653
2,1319,386,385.23800904977384
2,1320,386,386.0796380090499
2,1321,387,386.8171945701359
2,1322,387,387.3348416289594
2,1323,387,387.43981900452496
2,1324,387,387.20090497737556
2,1325,388,387.3764705882354
2,1326,388,387.66606334841634
2,1327,387,387.7927601809957
2,1328,387,387.7565610859729
2,1329,388,387.69592760181
2,1330,388,387.54932126696843
2,1331,388,387.3963800904978
2,1332,388,387.116742081448
2,1333,386,386.8669683257919
2,1334,386,386.6036199095023
2,1335,386,386.2153846153846
2,1336,386,385.7909502262444
2,1337,386,385.48687782805433
2,1338,385,385.2597285067874
2,1339,385,385.1366515837105
2,1340,385,385.14479638009067
2,1341,385,385.03438914027157
2,1342,385,384.95565610859734
2,1343,385,384.8470588235295
2,1344,385,384.84705882352944
2,1345,385,385.02624434389145
2,1346,385,385.1167420814481
2,1347,385,385.04796380090505
2,1348,385,385.0787330316743
2,1349,385,385.19095022624447
2,1350,386,385.3665158371042
2,1351,386,385.58733031674217
2,1352,385,385.83529411764715
2,1353,385,386.0923076923078
2,1354,387,386.34027149321275
2,1355,387,386.56108597285083
2,1356,387,386.7366515837105
2,1357,387,386.8488687782807
2,1358,387,386.9475113122174
2,1359,387,387.08235294117657
2,1360,387,387.16742081447967
2,1361,387,387.1167420814481
2,1362,387,387.1891402714934
2,1363,387,387.2434389140273
2,1364,387,387.42081447963795
2,1365,388,387.462443438914
2,1366,388,387.31583710407256
2,1367,387,387.12850678733054
2,1368,387,386.98009049773765
2,1369,387,386.75022624434393
2,1370,387,386.4570135746608
2,1371,385,386.1185520361993
2,1372,385,385.7529411764707
2,1373,386,385.51674208144806
2,1374,386,385.3665158371043
2,1375,385,385.19095022624447
2,1376,385,385.0787330316743
2,1377,385,384.9773755656109
2,1378,385,385.0343891402717
2,1379,385,384.98190045248873
2,1380,385,384.9520361990951
2,1381,385,385.0742081447965
2,1382,385,385.2778280542987
2,1383,385,385.4244343891405
2,1384,386,385.57556561085977
2,1385,386,385.6515837104074
2,1386,386,385.77285067873316
2,1387,386,385.8506787330317
2,1388,386,385.9963800904977
2,1389,386,386.1828054298644
2,1390,386,386.3828054298644
2,1391,386,386.639819004525
2,1392,387,386.935746606335
2,1393,387,387.19095022624447
2,1394,388,387.3963800904979
2,1395,388,387.5429864253394
2,1396,388,387.6923076923078
2,1397,388,387.70588235294133
2,1398,387,387.58371040724
2,1399,387,387.32579185520376
2,1400,387,387.14117647058833
2,1401,387,386.83891402714937
2,1402,387,386.5755656108598
2,1403,386,386.30769230769243
2,1404,386,386.13303167420827
2,1405,386,385.9493212669684
2,1406,386,385.58371040723983
2,1407,385,385.26334841628955
2,1408,385,385.0063348416291
2,1409,385,384.8307692307693
2,1410,385,384.75475113122184
2,1411,384,384.6579185520363
2,1412,384,384.61990950226243
2,1413,385,384.5791855203621
2,1414,385,384.67420814479635
2,1415,385,384.76651583710424
2,1416,385,384.91764705882366
2,1417,385,385.04796380090505
2,1418,385,385.27782805429877
2,1419,385,385.3800904977377
2,1420,386,385.5276018099549
2,1421,386,385.82262443438924
2,1422,386,386.1674208144797
2,1423,386,386.60542986425344
2,1424,387,386.9800904977376
2,1425,387,387.2027149321269
2,1426,388,387.38461538461553
2,1427,388,387.5692307692309
2,1428,388,387.73846153846165
2,1429,388,387.8832579185521
2,1430,387,387.8651583710408
2,1431,387,387.75475113122184
2,1432,388,387.5610859728508
2,1433,388,387.2316742081449
2,1434,387,386.9230769230771
2,1435,387,386.59185520362
2,1436,386,386.26515837104074
2,1437,386,385.9701357466064
2,1438,385,385.59547511312223
2,1439,385,385.2298642533937
2,1440,385,385.0298642533938
2,1441,385,384.9520361990951
2,1442,385,384.8144796380091
2,1443,385,384.83529411764704
2,1444,385,384.95565610859734
2,1445,385,385.1167420814481
2,1446,385,385.11855203619916
2,1447,385,385.16108597285074
2,1448,385,385.1647058823531
2,1449,386,385.2497737556562
2,1450,386,385.39819004524907
2,1451,385,385.59185520362
2,1452,385,385.8126696832581
2,1453,386,386.04253393665175
2,1454,386,386.1927601809956
2,1455,387,386.4452488687784
2,1456,387,386.6434389140273
2,1457,387,386.83710407239823
2,1458,387,387.07601809954747
2,1459,387,387.2742081447965
2,1460,387,387.3457013574661
2,1461,388,387.3402714932127
2,1462,387,387.3076923076924
2,1463,387,387.5095022624436
2,1464,388,387.60723981900463
2,1465,388,387.6099547511312
2,1466,387,387.52669683257926
2,1467,387,387.36651583710426
2,1468,388,387.1384615384616
2,1469,388,387.06063348416296
2,1470,386,386.8126696832581
2,1471,386,386.48325791855206
2,1472,386,386.2289592760182
2,1473,386,386.006334841629
2,1474,386,385.70407239819014
2,1475,386,385.4108597285069
2,1476,385,385.2832579185523
2,1477,385,385.2072398190046
2,1478,385,385.06244343891404
2,1479,385,384.9900452488688
2,1480,385,384.91945701357486
2,1481,385,384.9800904977376
2,1482,385,385.1628959276018
2,1483,385,385.45882352941186
2,1484,386,385.7203619909504
2,1485,386,386.00000000000006
2,1486,386,386.2796380090499
2,1487,387,386.54117647058825
2,1488,387,386.6959276018101
2,1489,387,386.8552036199097
2,1490,387,387.06244343891416
2,1491,387,387.1610859728508
2,1492,387,387.20090497737567
2,1493,387,387.2316742081449
2,1494,387,387.3058823529411
2,1495,388,387.4144796380091
2,1496,388,387.5574660633485
2,1497,387,387.60542986425344
2,1498,387,387.56742081447976
2,1499,388,387.452488687783
2,1500,388,387.2696832579187
2,1501,387,387.0280542986426
2,1502,387,386.7366515837105
2,1503,386,386.61357466063356
2,1504,386,386.4769230769232
2,1505,386,386.21538461538466
2,1506,386,385.91764705882366
2,1507,386,385.74027149321273
2,1508,386,385.639819004525
2,1509,386,385.50497737556566
2,1510,385,385.84796380090506
2,1511,385,385.7719457013576
2,1512,385,385.41085972850686
2,1513,385,384.82805429864266
2,1514,385,383.9457013574661
2,1515,385,383.08597285067884
2,1516,385,381.8
2,1517,379,381.03891402714953
2,1518,379,380.71674208144793
2,1519,379,380.6769230769231
2,1520,379,381.0307692307694
2,1521,381,381.8217194570136
2,1522,381,382.89321266968346
2,1523,388,384.15656108597295
2,1524,388,385.7230769230769
2,1525,387,386.80542986425354
2,1526,388,387.6162895927603
2,1527,388,388.0832579185522
2,1528,387,388.13393665158384
2,1529,387,387.86037491919825
2,1530,388,387.47152847152825
2,1531,388,387.4253524253522
2,1532,387,387.27738927738955
2,1533,387,387.27179487179507
2,1534,387,387.09595959595873
2,1535,387,387.0151515151515
2,1536,386,386.8144796380092
2,1537,386,386.67058823529425
2,1538,386,386.454298642534
2,1539,386,386.18371040723997
2,1540,386,385.87692307692316
2,1541,386,385.69049773755665
2,1542,386,385.5809954751132
2,1543,386,385.57556561085977
2,1544,385,385.3538461538463
2,1545,385,385.1954751131222
2,1546,385,385.10045248868784
2,1547,385,385.068778280543
2,1548,385,385.10045248868784
2,1549,385,385.1954751131222
2,1550,385,385.3538461538461
2,1551,386,385.57556561085977
2,1552,386,385.72217194570135
2,1553,386,385.8552036199097
2,1554,386,385.8950226244345
2,1555,386,385.9619909502263
2,1556,386,386.0380090497739
2,1557,386,386.10497737556574
2,1558,386,386.1447963800906
2,1559,386,386.27782805429877
2,1560,386,386.4244343891404
2,1561,387,386.5755656108599
2,1562,387,386.72217194570146
2,1563,387,386.8552036199096
2,1564,387,386.8950226244345
2,1565,387,386.9619909502263
2,1566,387,387.0380090497738
2,1567,387,387.1049773755657
2,1568,387,387.2153846153846
2,1569,387,387.3601809954753
2,1570,387,387.32760180995484
2,1571,388,387.4470588235296
2,1572,388,387.57104072398204
2,1573,388,387.6199095022626
2,1574,388,387.7140271493213
2,1575,387,387.9058823529413
2,1576,387,388.0479638009051
2,1577,389,388.20180995475124
2,1578,388,388.2289592760182
2,1579,388,388.26787330316745
2,1580,389,388.2570135746607
2,1581,389,388.13484162895935
2,1582,388,388.03981900452493
2,1583,388,387.833484162896
2,1584,387,387.493388963977
2,1585,387,387.2907092907091
2,1586,387,387.113664113664
2,1587,387,387.23892773892794
2,1588,388,387.58344988345004
2,1589,388,387.9040404040395
2,1590,388,388.01515151515144
3,0,387,386.70769230769247
3,1,387,386.12307692307706
3,2,384,385.57918552036205
3,3,384,385.1737556561087
3,4,385,384.80452488687797
3,5,385,384.43710407239826
3,6,384,384.2371040723984
3,7,384,384.30226244343896
3,8,385,384.39185520362
3,9,385,384.5330316742083
3,10,384,384.5375565610861
3,11,384,384.47873303167427
3,12,385,384.5656108597287
3,13,385,384.60723981900463
3,14,384,384.34208144796395
3,15,384,384.108597285068
3,16,385,384.0361990950227
3,17,384,384.05429864253404
3,18,384,384.0950226244346
3,19,383,384.0904977375565
3,20,383,384.17918552036207
3,21,385,384.2995475113123
3,22,385,384.3221719457015
3,23,385,384.31764705882375
3,24,385,384.35384615384623
3,25,384,384.3601809954753
3,26,384,384.39819004524895
3,27,384,384.3203619909504
3,28,384,384.17918552036207
3,29,384,384.233484162896
3,30,384,384.34208144796395
3,31,385,384.50497737556566
3,32,385,384.6515837104074
3,33,385,384.7728506787331
3,34,385,384.9212669683259
3,35,385,385.0787330316743
3,36,385,385.2271493212671
3,37,385,385.27782805429877
3,38,385,385.3420814479639
3,39,386,385.53122171945716
3,40,386,385.7565610859729
3,41,386,386.0705882352943
3,42,386,386.3257918552037
3,43,386,386.51312217194584
3,44,387,386.6235294117648
3,45,387,386.577375565611
3,46,387,386.4950226244345
3,47,387,386.49683257918565
3,48,386,386.57375565610874
3,49,386,386.5873303167422
3,50,386,386.5375565610861
3,51,386,386.4244343891404
3,52,387,386.4570135746608
3,53,387,386.4443438914028
3,54,387,386.4045248868779
3,55,386,386.35565610859743
3,56,386,386.177375565611
3,57,386,385.9493212669684
3,58,386,385.75113122171945
3,59,385,385.4624434389141
3,60,385,385.239819004525
3,61,385,385.03981900452504
3,62,385,384.88959276018113
3,63,385,384.67782805429874
3,64,385,384.4226244343893
3,65,384,384.2009049773757
3,66,384,384.15113122171954
3,67,384,384.13484162895935
3,68,384,384.2135746606335
3,69,384,384.37828054298654
3,70,384,384.61990950226254
3,71,385,384.85882352941184
3,72,386,385.2153846153847
3,73,386,385.5330316742083
3,74,386,385.85520361990945
3,75,386,386.225339366516
3,76,386,386.48687782805445
3,77,386,386.55113122171963
3,78,387,386.529411764706
3,79,387,386.60361990950236
3,80,387,386.694117647059
3,81,387,386.80090497737564
3,82,386,386.7945701357468
3,83,386,386.68416289592767
3,84,387,386.4787330316743
3,85,387,386.1873303167422
3,86,386,385.9574660633485
3,87,386,385.73665158371057
3,88,385,385.5429864253395
3,89,385,385.3945701357467
3,90,385,385.17104072398206
3,91,385,384.9520361990951
3,92,385,384.8850678733033
3,93,385,384.91764705882366
3,94,385,384.929411764706
3,95,385,385.0000000000001
3,96,385,384.92941176470606
3,97,385,384.91764705882355
3,98,385,384.88506787330334
3,99,385,384.9520361990951
3,100,385,385.10045248868784
3,101,385,385.3122171945703
3,102,385,385.56923076923084
3,103,386,385.8533936651585
3,104,386,386.1466063348418
3,105,387,386.43076923076933
3,106,387,386.68778280543
3,107,387,386.9701357466064
3,108,387,387.1303167420815
3,109,387,387.1592760180997
3,110,387,387.0479638009051
3,111,387,386.8552036199097
3,112,387,386.63981900452495
3,113,387,386.6723981900454
3,114,386,386.6235294117648
3,115,386,386.58190045248875
3,116,386,386.4361990950227
3,117,386,386.1429864253395
3,118,387,385.85882352941195
3,119,387,385.53122171945716
3,120,385,385.3782805429865
3,121,385,385.27963800905
3,122,384,385.0443438914029
3,123,384,384.88144796380095
3,124,385,384.7909502262445
3,125,385,384.77285067873316
3,126,386,384.9656108597286
3,127,385,385.3076923076924
3,128,385,385.53122171945716
3,129,386,385.7683257918554
3,130,386,385.80090497737575
3,131,386,385.8108597285069
3,132,386,385.9095022624435
3,133,386,386.0081447963803
3,134,386,386.15656108597295
3,135,386,386.26606334841654
3,136,386,386.45067873303174
3,137,387,386.6923076923078
3,138,387,386.98190045248873
3,139,387,387.1809954751132
3,140,387,387.2895927601811
3,141,388,387.3076923076924
3,142,388,387.30588235294124
3,143,387,387.15475113122176
3,144,387,386.93393665158374
3,145,386,386.6615384615385
3,146,386,386.2941176470589
3,147,386,385.7882352941178
3,148,386,385.30045248868794
3,149,385,384.9873303167422
3,150,385,384.8054298642536
3,151,384,384.6434389140273
3,152,384,384.59004524886893
3,153,384,384.5248868778282
3,154,385,384.52760180995483
3,155,385,384.5366515837105
3,156,385,384.6904977375567
3,157,385,384.78009049773766
3,158,385,384.9963800904978
3,159,385,385.1828054298643
3,160,385,385.3828054298644
3,161,385,385.56923076923084
3,162,386,385.8533936651585
3,163,386,386.1466063348418
3,164,387,386.43076923076933
3,165,387,386.758371040724
3,166,387,386.9819004524889
3,167,387,387.0923076923078
3,168,387,387.0805429864254
3,169,387,386.93755656108607
3,170,387,386.8633484162896
3,171,387,386.6579185520362
3,172,386,386.5393665158372
3,173,386,386.32579185520376
3,174,386,385.97375565610866
3,175,386,385.639819004525
3,176,386,385.3420814479639
3,177,385,385.0986425339368
3,178,385,384.9276018099549
3,179,384,384.8470588235295
3,180,384,384.73665158371057
3,181,385,384.6760180995476
3,182,385,384.67420814479635
3,183,385,384.74027149321273
3,184,385,384.8126696832581
3,185,385,384.8914027149322
3,186,385,385.0380090497739
3,187,385,385.1049773755657
3,188,385,385.1447963800906
3,189,385,385.20723981900466
3,190,385,385.3420814479639
3,191,386,385.53122171945716
3,192,386,385.7565610859729
3,193,386,386.00000000000006
3,194,386,386.2434389140273
3,195,386,386.5393665158372
3,196,387,386.74027149321273
3,197,387,386.8371040723983
3,198,387,386.8208144796382
3,199,387,386.89140271493216
3,200,387,386.84886877828063
3,201,387,386.702262443439
3,202,386,386.46063348416305
3,203,386,386.1330316742083
3,204,386,385.93755656108607
3,205,386,385.69230769230785
3,206,385,385.3538461538461
3,207,385,385.07873303167423
3,208,385,384.8850678733033
3,209,385,384.79095022624443
3,210,385,384.6760180995476
3,211,384,384.61990950226254
3,212,384,384.5610859728509
3,213,385,384.6380090497738
3,214,385,384.71221719457026
3,215,385,384.8452488687784
3,216,385,384.95746606334865
3,217,385,385.16923076923086
3,218,385,385.53303167420836
3,219,386,385.76289592760185
3,220,386,385.9113122171946
3,221,386,386.09864253393687
3,222,386,386.1746606334843
3,223,387,386.33031674208155
3,224,387,386.4180995475114
3,225,386,386.4289592760182
3,226,386,386.3538461538463
3,227,386,386.3927601809956
3,228,386,386.34570135746617
3,229,387,386.22171945701376
3,230,386,386.0298642533937
3,231,386,385.91764705882366
3,232,386,385.83257918552044
3,233,386,385.7248868778281
3,234,385,385.5447963800907
3,235,385,385.23981900452503
3,236,385,384.9574660633485
3,237,385,384.84524886877836
3,238,385,384.7122171945703
3,239,385,384.6380090497739
3,240,384,384.63167420814483
3,241,384,384.63167420814494
3,242,385,384.6380090497738
3,243,385,384.78280542986425
3,244,385,384.92760180995487
3,245,385,385.14298642533953
3,246,385,385.2995475113123
3,247,385,385.5475113122174
3,248,386,385.4986425339368
3,249,386,385.38344008932233
3,250,385,385.21678321678314
3,251,385,384.86313686313684
3,252,384,384.2610722610726
3,253,384,383.4163170163171
3,254,382,382.53030303030215
3,255,382,381.80303030303025
3,256,382,385.6850678733033
3,257,384,385.44434389140287
3,258,384,385.24434389140293
3,259,386,385.11221719457035
3,260,386,385.07511312217207
3,261,386,385.2307692307694
3,262,386,385.4769230769233
3,263,386,385.7791855203622
3,264,385,385.47239819004534
3,265,385,385.2298642533938
3,266,385,384.90135746606336
3,267,385,384.75475113122184
3,268,384,384.6579185520363
3,269,384,384.5493212669684
3,270,385,384.56742081447965
3,271,385,384.71221719457026
3,272,385,384.8452488687784
3,273,385,384.95746606334865
3,274,385,385.16923076923086
3,275,385,385.46244343891414
3,276,386,385.6805429864254
3,277,386,385.866968325792
3,278,386,386.1330316742083
3,279,386,386.39004524886883
3,280,387,386.61990950226254
3,281,387,386.8045248868779
3,282,387,386.92579185520367
3,283,387,386.96561085972854
3,284,387,387.1149321266969
3,285,387,387.164705882353
3,286,387,387.11493212669694
3,287,387,386.9656108597286
3,288,387,386.8552036199096
3,289,387,386.72217194570146
3,290,387,386.646153846154
3,291,386,386.5067873303169
3,292,386,386.32217194570137
3,293,386,386.110407239819
3,294,386,385.96018099547524
3,295,386,385.7601809954753
3,296,386,385.537556561086
3,297,385,385.3194570135748
3,298,385,385.1330316742082
3,299,385,384.8669683257919
3,300,385,384.53936651583723
3,301,384,384.2977375565611
3,302,384,384.1511312217196
3,303,384,384.108597285068
3,304,384,384.17918552036207
3,305,384,384.162895927602
3,306,384,384.2597285067874
3,307,385,384.3900452488689
3,308,385,384.67420814479647
3,309,385,384.8850678733033
3,310,385,385.1954751131222
3,311,385,385.5692307692309
3,312,386,385.97013574660645
3,313,386,386.36199095022624
3,314,387,386.70859728506804
3,315,387,387.18280542986435
3,316,388,387.55746606334856
3,317,388,387.8850678733033
3,318,388,388.0180995475114
3,319,388,387.94751131221733
3,320,388,387.8733031674209
3,321,388,387.59547511312223
3,322,387,387.2615384615385
3,323,387,386.819004524887
3,324,386,386.4950226244345
3,325,386,386.116742081448
3,326,386,385.7203619909504
3,327,385,385.3420814479639
3,328,385,385.01809954751144
3,329,385,384.78461538461556
3,330,385,384.53936651583723
3,331,384,384.3800904977377
3,332,384,384.12488687782826
3,333,384,383.99185520362005
3,334,384,383.91945701357486
3,335,384,383.83710407239823
3,336,384,383.93574660633493
3,337,384,384.19728506787345
3,338,384,384.60361990950236
3,339,385,384.92760180995487
3,340,385,385.3420814479639
3,341,386,385.8108597285069
3,342,387,386.29773755656123
3,343,387,386.8371040723983
3,344,387,387.2633484162897
3,345,387,387.54932126696843
3,346,388,387.66787330316754
3,347,388,387.73031674208147
3,348,388,387.64796380090513
3,349,388,387.6117647058825
3,350,387,387.55113122171963
3,351,387,387.47511312217193
3,352,387,387.2633484162897
3,353,387,386.93393665158385
3,354,387,386.6434389140273
3,355,387,386.41900452488693
3,356,386,386.15837104072403
3,357,386,385.8977375565612
3,358,385,385.53484162895944
3,359,385,385.2380090497739
3,360,385,384.90497737556564
3,361,385,384.5013574660635
3,362,384,384.19276018099555
3,363,384,384.006334841629
3,364,384,383.76018099547525
3,365,384,383.6723981900453
3,366,383,383.5429864253394
3,367,383,383.5719457013574
3,368,384,383.750226244344
3,369,384,384.0687782805431
3,370,384,384.23891402714935
3,371,385,384.5719457013576
3,372,385,385.0316742081449
3,373,386,385.58190045248887
3,374,386,386.11855203619916
3,375,386,386.53755656108603
3,376,386,386.9411764705884
3,377,388,387.23167420814485
3,378,388,387.45248868778293
3,379,388,387.5855203619912
3,380,388,387.62171945701357
3,381,387,387.5610859728508
3,382,387,387.34208144796384
3,383,387,386.9737556561088
3,384,387,386.46515837104073
3,385,386,386.17285067873314
3,386,386,385.8533936651585
3,387,385,385.5429864253395
3,388,385,385.27782805429865
3,389,385,384.95565610859734
3,390,385,384.6742081447964
3,391,385,384.5312217194571
3,392,384,384.42443438914046
3,393,384,384.18099547511326
3,394,384,384.0280542986427
3,395,384,383.8452488687783
3,396,384,383.71221719457026
3,397,384,383.56742081447976
3,398,383,383.5493212669684
3,399,383,383.6579185520363
3,400,384,383.68416289592767
3,401,384,383.8190045248869
3,402,384,383.9737556561087
3,403,384,384.25972850678744
3,404,385,384.5791855203621
3,405,385,385.03438914027157
3,406,385,385.45067873303185
3,407,386,385.85339366515853
3,408,386,386.33574660633496
3,409,387,386.7909502262445
3,410,387,387.18280542986435
3,411,388,387.47511312217216
3,412,388,387.84072398190057
3,413,388,388.05248868778284
3,414,388,388.1628959276018
3,415,388,388.1628959276019
3,416,388,388.0524886877829
3,417,388,387.84072398190057
3,418,388,387.5457013574662
3,419,387,387.1945701357467
3,420,387,386.75294117647064
3,421,386,386.25701357466073
3,422,386,385.7429864253395
3,423,385,385.24705882352947
3,424,385,384.8054298642534
3,425,384,384.45429864253407
3,426,384,384.2298642533937
3,427,384,383.9592760180998
3,428,384,383.86968325791867
3,429,384,383.8407239819006
3,430,384,383.9520361990952
3,431,384,384.00361990950245
3,432,384,384.19547511312226
3,433,384,384.3095022624435
3,434,385,384.52760180995494
3,435,385,384.8226244343893
3,436,385,385.1674208144796
3,437,385,385.4642533936654
3,438,386,385.81538461538474
3,439,386,386.1846153846155
3,440,387,386.53574660633495
3,441,387,386.8325791855204
3,442,387,387.17737556561104
3,443,387,387.5429864253395
3,444,388,387.8434389140273
3,445,388,387.9312217194571
3,446,388,388.0063348416291
3,447,388,387.86877828054304
3,448,388,387.66606334841646
3,449,388,387.34570135746617
3,450,387,386.9257918552037
3,451,386,386.4244343891404
3,452,386,385.998190045249
3,453,385,385.60361990950224
3,454,385,385.4090497737557
3,455,385,385.1828054298643
3,456,385,385.1113122171947
3,457,385,384.98099547511316
3,458,385,384.7873303167422
3,459,385,384.3873303167421
3,460,385,383.83529411764715
3,461,383,383.1764705882353
3,462,383,382.3058823529413
3,463,381,381.64796380090525
3,464,381,381.0000000000001
3,465,380,380.7592760180996
3,466,380,380.9076923076924
3,467,381,381.35656108597306
3,468,381,382.2171945701358
3,469,384,383.1855203619911
3,470,384,384.3574660633485
3,471,387,385.4814479638011
3,472,387,386.50588235294134
3,473,387,387.308597285068
3,474,388,387.7674208144798
3,475,388,387.96651583710417
3,476,388,387.7900452488688
3,477,388,387.67873303167426
3,478,387,387.2733031674209
3,479,387,386.98009049773776
3,480,386,386.60542986425344
3,481,386,386.16742081447967
3,482,386,385.8226244343892
3,483,386,385.598190045249
3,484,385,385.39185520361997
3,485,385,385.239819004525
3,486,385,385.03981900452504
3,487,385,384.88959276018113
3,488,385,384.6072398190047
3,489,385,384.41085972850686
3,490,384,384.30950226244363
3,491,384,384.3122171945703
3,492,384,384.1484162895929
3,493,384,384.14751131221726
3,494,384,384.29140271493225
3,495,385,384.56199095022646
3,496,385,384.87058823529424
3,497,385,385.3285067873304
3,498,385,385.7701357466065
3,499,387,386.2298642533938
3,500,387,386.6714932126698
3,501,387,387.0588235294118
3,502,387,387.3556561085974
3,503,388,387.66425339366526
3,504,388,387.88687782805437
3,505,388,387.98389845448656
3,506,388,388.00699300699273
3,507,388,388.05394605394605
3,508,388,388.00000000000045
3,509,388,387.9104895104895
3,510,388,387.99999999999915
3,511,388,388.0
3,512,388,387.9819004524888
3,513,388,387.80271493212683
3,514,388,387.4787330316744
3,515,387,387.04615384615397
3,516,387,386.5411764705883
3,517,386,386.0705882352942
3,518,385,385.5411764705883
3,519,385,384.99819004524903
3,520,384,384.4868778280544
3,521,384,383.98190045248884
3,522,384,383.6579185520363
3,523,384,383.41266968325795
3,524,383,383.34389140271503
3,525,383,383.19909502262465
3,526,383,383.18733031674213
3,527,383,383.4407239819006
3,528,384,383.5411764705883
3,529,384,383.8090497737558
3,530,384,384.2171945701359
3,531,384,384.73846153846165
3,532,386,385.20723981900466
3,533,386,385.6579185520363
3,534,385,386.1248868778281
3,535,387,386.44253393665167
3,536,387,386.72217194570146
3,537,387,386.8751131221722
3,538,387,386.95384615384626
3,539,387,386.8108597285069
3,540,387,386.71402714932145
3,541,386,386.5312217194571
3,542,386,386.2036199095024
3,543,386,385.9493212669684
3,544,386,385.65429864253406
3,545,385,385.34570135746617
3,546,385,385.1212669683259
3,547,385,384.87873303167424
3,548,385,384.65429864253406
3,549,384,384.34570135746617
3,550,384,384.05067873303176
3,551,384,383.79638009049773
3,552,384,383.6099547511313
3,553,383,383.2389140271496
3,554,383,383.03076923076935
3,555,383,382.98552036199106
3,556,383,383.10316742081454
3,557,383,383.1746606334843
3,558,383,383.3909502262444
3,559,383,383.6633484162897
3,560,385,384.10316742081454
3,561,385,384.4742081447964
3,562,385,384.9402714932127
3,563,385,385.4561085972851
3,564,386,385.9764705882353
3,565,386,386.4561085972852
3,566,387,386.8497737556562
3,567,387,387.1122171945703
3,568,388,387.47511312217216
3,569,388,387.77013574660646
3,570,388,387.9701357466065
3,571,388,388.0479638009051
3,572,388,388.18552036199105
3,573,388,388.164705882353
3,574,388,388.1149321266969
3,575,388,387.96561085972854
3,576,388,387.99638009049784
3,577,388,387.8868778280543
3,578,388,387.66425339366526
3,579,387,387.3556561085974
3,580,387,387.0588235294119
3,581,387,386.67149321266976
3,582,387,386.22986425339377
3,583,385,385.7701357466065
3,584,385,385.3990950226245
3,585,385,385.02352941176486
3,586,385,384.5475113122173
3,587,384,384.13665158371055
3,588,384,383.8796380090499
3,589,384,383.7239819004526
3,590,384,383.8171945701358
3,591,383,383.82081447963816
3,592,383,383.99638009049784
3,593,385,384.2552036199096
3,594,385,384.70859728506804
3,595,385,385.19095022624447
3,596,386,385.73665158371057
3,597,386,386.2389140271494
3,598,387,386.7909502262445
3,599,387,387.2796380090499
3,600,388,387.59185520362007
3,601,388,387.9592760180996
3,602,388,388.21357466063347
3,603,388,388.39819004524895
3,604,389,388.49502262443457
3,605,389,388.3538461538462
3,606,388,388.233484162896
3,607,388,388.1954751131223
3,608,388,388.1104072398191
3,609,388,387.9257918552038
3,610,387,387.6597285067874
3,611,387,387.40090497737555
3,612,388,387.17647058823553
3,613,388,386.9520361990951
3,614,386,386.69592760181
3,615,386,386.37647058823535
3,616,386,386.0298642533937
3,617,386,385.6923076923078
3,618,385,385.1909502262445
3,619,385,384.7529411764707
3,620,385,384.46425339366533
3,621,384,384.41085972850686
3,622,384,384.26334841628966
3,623,384,384.29230769230776
3,624,384,384.4180995475115
3,625,385,384.7610859728507
3,626,385,385.164705882353
3,627,386,385.67239819004527
3,628,386,386.1864253393667
3,629,387,386.6705882352942
3,630,387,387.150226244344
3,631,388,387.5800904977376
3,632,388,387.91493212669695
3,633,388,388.2479638009051
3,634,388,388.4723981900454
3,635,389,388.7610859728507
3,636,389,388.8868778280544
3,637,389,389.04072398190067
3,638,389,389.0135746606335
3,639,389,388.943891402715
3,640,389,388.7701357466064
3,641,389,388.64253393665166
3,642,388,388.3113122171946
3,643,388,387.94208144796403
3,644,387,387.5004524886878
3,645,387,387.0932126696834
3,646,387,386.6271493212669
3,647,387,386.14751131221726
3,648,385,385.6995475113124
3,649,385,385.32850678733047
3,650,385,384.9411764705883
3,651,385,384.5031674208147
3,652,384,384.17104072398195
3,653,384,384.02443438914037
3,654,384,384.1429864253396
3,655,384,384.4063348416291
3,656,384,384.6262443438914
3,657,384,384.8144796380091
3,658,386,384.98009049773765
3,659,386,385.0615384615385
3,660,386,385.0588235294118
3,661,385,384.68054298642545
3,662,385,384.63529411764716
3,663,384,384.7393665158372
3,664,384,384.9475113122173
3,665,384,385.21447963800915
3,666,385,385.7719457013575
3,667,385,386.4515837104073
3,668,390,387.36742081447966
3,669,389,388.09502262443453
3,670,389,388.75746606334855
3,671,389,389.06877828054326
3,672,389,389.2226244343893
3,673,389,388.9420814479638
3,674,389,388.36561085972863
3,675,387,387.4316742081449
3,676,387,386.8416289592762
3,677,386,386.1583710407241
3,678,386,385.42714932126717
3,679,384,384.82262443438924
3,680,384,384.4515837104074
3,681,384,384.2208144796381
3,682,384,384.0343891402716
3,683,384,383.9194570135748
3,684,384,384.0262443438915
3,685,385,384.22533936651604
3,686,385,384.58733031674217
3,687,384,384.83529411764727
3,688,384,385.0923076923078
3,689,386,385.2696832579186
3,690,386,385.4787330316744
3,691,386,385.6923076923078
3,692,386,385.8832579185521
3,693,386,386.0923076923078
3,694,386,386.3601809954754
3,695,386,386.45067873303174
3,696,387,386.52760180995494
3,697,387,386.89321266968335
3,698,387,387.24977375565624
3,699,387,387.57918552036205
3,700,388,387.8633484162897
3,701,388,388.15475113122176
3,702,389,388.37647058823546
3,703,389,388.39004524886883
3,704,388,388.4045248868779
3,705,388,388.22895927601826
3,706,388,387.9520361990952
3,707,388,387.4624434389141
3,708,387,386.92579185520367
3,709,386,386.3076923076925
3,710,386,385.7122171945702
3,711,385,385.2434389140273
3,712,385,384.72850678733056
3,713,384,384.3945701357468
3,714,384,384.25972850678744
3,715,384,384.34208144796384
3,716,384,384.5212669683259
3,717,385,384.73846153846154
3,718,385,384.99366515837113
3,719,386,385.2778280542987
3,720,386,385.5728506787332
3,721,386,385.8515837104073
3,722,386,386.07782805429883
3,723,386,386.34479638009054
3,724,386,386.6072398190047
3,725,387,386.9583710407241
3,726,387,387.29140271493225
3,727,388,387.77918552036203
3,728,388,388.1945701357468
3,729,389,388.5194570135747
3,730,389,388.735746606335
3,731,389,388.89592760180994
3,732,389,388.85248868778297
3,733,389,388.80542986425354
3,734,388,388.55475113122174
3,735,388,388.24796380090504
3,736,388,387.8325791855205
3,737,388,387.5357466063349
3,738,387,387.1846153846155
3,739,387,386.8859728506788
3,740,386,386.54660633484167
3,741,386,386.1411764705883
3,742,386,385.70588235294133
3,743,386,385.4090497737557
3,744,385,385.14841628959283
3,745,385,384.8895927601811
3,746,384,384.6597285067874
3,747,384,384.47692307692324
3,748,385,384.35022624434396
3,749,385,384.350226244344
3,750,384,384.4769230769232
3,751,384,384.7303167420816
3,752,385,384.97194570135747
3,753,385,385.19276018099566
3,754,386,385.30407239819016
3,755,386,385.4787330316743
3,756,386,385.819004524887
3,757,386,386.22714932126706
3,758,386,386.53755656108615
3,759,386,386.7846153846155
3,760,387,387.0705882352941
3,761,388,387.35676088617237
3,762,388,387.7222777222778
3,763,388,388.02863802863794
3,764,388,388.1759906759911
3,765,388,388.088578088578
3,766,388,387.9090909090899
3,767,388,388.0606060606062
3,768,388,388.11493212669694
3,769,388,388.0479638009051
3,770,388,387.97013574660633
3,771,388,387.77013574660646
3,772,388,387.47511312217205
3,773,387,387.11221719457023
3,774,387,386.7791855203621
3,775,386,386.37375565610876
3,776,386,385.93212669683265
3,777,385,385.4904977375567
3,778,385,385.08506787330333
3,779,385,384.75203619909513
3,780,385,384.52760180995494
3,781,384,384.2389140271494
3,782,384,384.1131221719459
3,783,384,384.0298642533937
3,784,384,384.0687782805431
3,785,384,383.9592760180997
3,786,384,384.0307692307693
3,787,384,384.33574660633496
3,788,385,384.7266968325792
3,789,385,384.98552036199106
3,790,385,385.2941176470589
3,791,385,385.55475113122174
3,792,387,385.8696832579187
3,793,387,386.2027149321268
3,794,386,386.5882352941178
3,795,386,386.8606334841629
3,796,387,387.1312217194571
3,797,387,387.3113122171947
3,798,388,387.3828054298644
3,799,388,387.3276018099548
3,800,388,387.47511312217205
3,801,387,387.5547511312219
3,802,387,387.50769230769237
3,803,387,387.27511312217206
3,804,387,387.0751131221721
3,805,387,386.7257918552036
3,806,387,386.39276018099554
3,807,386,386.0416289592762
3,808,386,385.708597285068
3,809,385,385.2914027149323
3,810,385,384.88778280542994
3,811,384,384.52488687782824
3,812,384,384.15927601809966
3,813,384,383.94751131221733
3,814,384,383.90769230769246
3,815,384,383.84886877828075
3,816,384,383.98009049773776
3,817,384,384.16289592760194
3,818,384,384.45882352941186
3,819,385,384.64977375565616
3,820,385,384.91764705882366
3,821,385,385.23529411764713
3,822,386,385.57556561085977
3,823,386,385.9113122171947
3,824,386,386.21538461538466
3,825,386,386.39004524886883
3,826,387,386.5375565610861
3,827,387,386.83076923076925
3,828,387,387.04253393665175
3,829,387,387.1547511312219
3,830,387,387.28778280542997
3,831,387,387.3619909502264
3,832,388,387.3683257918553
3,833,388,387.36832579185534
3,834,387,387.36199095022636
3,835,387,387.3583710407241
3,836,387,387.2371040723983
3,837,387,387.0162895927603
3,838,387,386.7846153846155
3,839,387,386.43076923076933
3,840,386,386.1203619909504
3,841,386,385.819004524887
3,842,385,385.42443438914046
3,843,385,385.03438914027157
3,844,385,384.6054298642535
3,845,384,384.294117647059
3,846,384,384.11855203619933
3,847,384,384.0968325791856
3,848,384,384.03800904977385
3,849,384,384.15113122171954
3,850,384,384.2271493212671
3,851,385,384.45701357466066
3,852,385,384.8226244343893
3,853,385,385.1674208144796
3,854,385,385.53484162895944
3,855,386,385.89773755656114
3,856,386,386.2289592760182
3,857,387,386.5013574660635
3,858,387,386.68778280543
3,859,387,386.8995475113124
3,860,387,386.97737556561094
3,861,387,387.03257918552043
3,862,387,387.0380090497738
3,863,387,387.1049773755657
3,864,387,387.1447963800906
3,865,387,387.48959276018115
3,866,387,387.6714932126698
3,867,388,387.7791855203621
3,868,388,387.7013574660635
3,869,388,387.39457013574673
3,870,388,387.0153846153848
3,871,388,386.652488687783
3,872,385,386.19457013574663
3,873,385,385.6687782805431
3,874,384,385.102262443439
3,875,384,384.590045248869
3,876,385,384.22714932126695
3,877,385,383.97013574660645
3,878,384,383.97556561085986
3,879,384,384.26153846153863
3,880,384,384.4307692307693
3,881,384,384.54479638009065
3,882,385,384.714932126697
3,883,385,385.04615384615397
3,884,386,385.5113122171947
3,885,386,386.02171945701366
3,886,386,386.42081447963807
3,887,386,386.75203619909513
3,888,388,386.9176470588237
3,889,388,387.0199095022626
3,890,387,387.16108597285074
3,891,387,387.2434389140273
3,892,387,387.4488687782806
3,893,387,387.5592760180997
3,894,387,387.5656108597285
3,895,388,387.45882352941186
3,896,388,387.5067873303169
3,897,388,387.57737556561096
3,898,388,387.6117647058825
3,899,387,387.55113122171963
3,900,387,387.47511312217193
3,901,387,387.2633484162897
3,902,387,386.93393665158385
3,903,387,386.6434389140273
3,904,387,386.34841628959293
3,905,386,386.0760180995475
3,906,386,385.8533936651585
3,907,385,385.56923076923084
3,908,385,385.3122171945703
3,909,385,385.1004524886879
3,910,385,384.9520361990951
3,911,385,384.8850678733033
3,912,385,384.91764705882366
3,913,385,384.85882352941184
3,914,385,384.91764705882355
3,915,385,384.95565610859734
3,916,385,385.03438914027157
3,917,385,385.0742081447965
3,918,385,385.1954751131222
3,919,385,385.3095022624436
3,920,386,385.5276018099549
3,921,386,385.82262443438924
3,922,386,386.1674208144797
3,923,386,386.60542986425344
3,924,387,386.9800904977376
3,925,387,387.27330316742086
3,926,388,387.4669683257921
3,927,388,387.6135746606337
3,928,388,387.7040723981902
3,929,388,387.6678733031676
3,930,387,387.5049773755658
3,931,387,387.21538461538466
3,932,387,386.9375565610861
3,933,387,386.6099547511314
3,934,386,386.38009049773774
3,935,386,386.1954751131223
3,936,386,386.2153846153847
3,937,386,386.19909502262453
3,938,386,386.0443438914028
3,939,386,385.84886877828075
3,940,386,385.56923076923096
3,941,386,385.36199095022636
3,942,386,385.177375565611
3,943,384,384.9656108597286
3,944,384,384.67420814479647
3,945,384,384.45067873303174
3,946,384,384.30407239819016
3,947,385,384.2434389140273
3,948,385,384.2072398190046
3,949,384,384.33393665158377
3,950,384,384.5529411764707
3,951,385,384.71674208144805
3,952,385,384.93936651583726
3,953,385,385.1936651583712
3,954,385,385.452488687783
3,955,386,385.756561085973
3,956,386,386.14660633484186
3,957,387,386.5276018099549
3,958,387,386.8045248868779
3,959,387,387.01809954751144
3,960,387,387.2090497737558
3,961,387,387.4208144796382
3,962,388,387.4968325791856
3,963,388,387.5574660633485
3,964,387,387.52307692307704
3,965,387,387.66425339366526
3,966,388,387.65158371040735
3,967,388,387.4325791855205
3,968,387,387.1547511312218
3,969,387,386.89773755656137
3,970,387,386.6090497737558
3,971,387,386.3746606334843
3,972,385,386.14479638009055
3,973,385,385.86968325791867
3,974,386,385.6352941176472
3,975,386,385.5276018099548
3,976,385,385.4968325791856
3,977,386,385.49321266968326
3,978,386,385.4642533936654
3,979,385,385.55746606334844
3,980,385,385.50497737556566
3,981,386,385.43891402714956
3,982,386,385.41809954751136
3,983,385,385.5013574660635
3,984,385,385.5411764705883
3,985,386,385.72850678733045
3,986,386,385.91312217194576
3,987,386,386.07692307692315
3,988,386,386.2633484162897
3,989,387,386.5837104072399
3,990,387,387.0199095022626
3,991,387,387.28597285067883
3,992,387,387.36380090497744
3,993,388,387.50316742081463
3,994,388,387.6859728506789
3,995,388,387.69411764705893
3,996,388,387.6479638009049
3,997,387,387.80904977375576
3,998,387,387.8389140271495
3,999,388,387.74660633484183
3,1000,388,387.5411764705883
3,1001,387,387.44072398190053
3,1002,388,387.2633484162897
3,1003,388,387.0361990950228
3,1004,386,386.7864253393666
3,1005,386,386.4027149321268
3,1006,386,385.9737556561087
3,1007,386,385.65610859728514
3,1008,385,385.4063348416291
3,1009,385,385.11312217194563
3,1010,385,385.0036199095025
3,1011,385,385.03438914027157
3,1012,385,384.88506787330334
3,1013,385,384.83529411764704
3,1014,385,384.8850678733033
3,1015,385,385.03438914027157
3,1016,385,385.0742081447965
3,1017,385,385.1752365281773
3,1018,385,385.32467532467524
3,1019,386,385.53135753135723
3,1020,386,385.7960372960375
3,1021,386,386.102331002331
3,1022,386,386.41919191919123
3,1023,387,386.8030303030303
3,1024,387,387.4244343891405
3,1025,387,387.2778280542988
3,1026,387,387.14479638009055
3,1027,387,387.03438914027157
3,1028,387,386.95565610859745
3,1029,387,386.91764705882366
3,1030,387,386.92941176470595
3,1031,387,387.0000000000001
3,1032,387,387.0705882352942
3,1033,387,387.0823529411767
3,1034,387,387.04434389140295
3,1035,387,386.9656108597286
3,1036,387,386.9257918552037
3,1037,387,386.8045248868779
3,1038,387,386.61990950226254
3,1039,386,386.39004524886883
3,1040,386,386.1330316742083
3,1041,386,385.8669683257919
3,1042,386,385.6099547511314
3,1043,385,385.3800904977377
3,1044,385,385.1954751131223
3,1045,385,385.00361990950245
3,1046,385,384.9520361990951
3,1047,385,384.9113122171947
3,1048,385,384.9520361990951
3,1049,385,385.0036199095024
3,1050,385,385.1954751131222
3,1051,385,385.38009049773774
3,1052,386,385.6099547511313
3,1053,386,385.866968325792
3,1054,386,386.1330316742083
3,1055,386,386.39004524886883
3,1056,387,386.61990950226254
3,1057,387,386.8045248868779
3,1058,387,386.92579185520367
3,1059,387,386.8950226244345
3,1060,387,386.9619909502263
3,1061,387,387.108597285068
3,1062,387,387.1873303167422
3,1063,387,387.1891402714934
3,1064,387,387.31402714932136
3,1065,387,387.36199095022636
3,1066,388,387.20090497737567
3,1067,388,387.0986425339368
3,1068,387,387.04615384615397
3,1069,387,387.1755656108599
3,1070,387,387.2895927601811
3,1071,386,387.26787330316745
3,1072,386,387.12850678733037
3,1073,388,386.889592760181
3,1074,388,386.70769230769247
3,1075,388,386.53936651583723
3,1076,386,386.20271493212687
3,1077,385,385.9158371040725
3,1078,385,385.68778280543006
3,1079,385,385.3891402714933
3,1080,385,385.0199095022627
3,1081,385,384.98642533936663
3,1082,385,385.0859728506788
3,1083,386,385.45701357466083
3,1084,386,385.82262443438924
3,1085,386,386.1674208144797
3,1086,386,386.60542986425344
3,1087,387,386.9800904977376
3,1088,387,387.27330316742086
3,1089,388,387.4669683257921
3,1090,388,387.5429864253394
3,1091,388,387.6217194570136
3,1092,388,387.6235294117648
3,1093,387,387.5393665158372
3,1094,387,387.3601809954753
3,1095,387,387.2859728506788
3,1096,387,387.1167420814481
3,1097,387,387.07058823529434
3,1098,387,386.9656108597286
3,1099,387,386.8289592760183
3,1100,387,386.68778280543
3,1101,387,386.43076923076944
3,1102,386,386.14660633484175
3,1103,386,385.78280542986437
3,1104,385,385.4868778280544
3,1105,385,385.3384615384617
3,1106,385,385.2171945701359
3,1107,385,385.1411764705884
3,1108,385,385.1285067873305
3,1109,385,385.12669683257934
3,1110,386,385.14479638009055
3,1111,386,385.2533936651585
3,1112,385,385.24343891402725
3,1113,385,385.3058823529413
3,1114,385,385.4226244343892
3,1115,385,385.5755656108597
3,1116,386,385.7466063348418
3,1117,386,385.91764705882366
3,1118,386,386.1384615384617
3,1119,387,386.4588235294119
3,1120,387,386.79276018099563
3,1121,387,387.05429864253404
3,1122,387,387.1547511312219
3,1123,387,387.2054298642536
3,1124,387,387.4588235294118
3,1125,388,387.56742081447965
3,1126,388,387.53122171945716
3,1127,387,387.4886877828055
3,1128,387,387.3782805429865
3,1129,388,387.2796380090499
3,1130,388,387.0723981900454
3,1131,386,386.7746606334843
3,1132,386,386.4045248868779
3,1133,386,386.11855203619916
3,1134,386,385.87330316742094
3,1135,386,385.5574660633484
3,1136,385,385.2597285067874
3,1137,385,385.1366515837105
3,1138,385,385.14479638009067
3,1139,385,385.03438914027157
3,1140,385,384.95565610859734
3,1141,385,384.91764705882366
3,1142,385,384.929411764706
3,1143,385,384.92941176470606
3,1144,385,384.91764705882355
3,1145,385,384.95565610859734
3,1146,385,384.9638009049775
3,1147,385,385.0624434389143
3,1148,385,385.1628959276018
3,1149,385,385.37647058823535
3,1150,386,385.6760180995476
3,1151,386,386.0343891402716
3,1152,386,386.4244343891404
3,1153,387,386.819004524887
3,1154,387,387.2615384615385
3,1155,388,387.5954751131222
3,1156,388,387.80271493212683
3,1157,388,387.86515837104093
3,1158,388,387.9737556561088
3,1159,388,387.91945701357474
3,1160,388,387.70226244343905
3,1161,387,387.460633484163
3,1162,387,387.13303167420815
3,1163,387,386.8669683257919
3,1164,387,386.6805429864254
3,1165,386,386.46244343891414
3,1166,386,386.1692307692309
3,1167,386,385.9574660633485
3,1168,386,385.9158371040725
3,1169,386,385.79457013574665
3,1170,386,385.6823529411766
3,1171,385,385.6678733031675
3,1172,385,385.63981900452495
3,1173,386,385.4162895927602
3,1174,386,385.21538461538466
3,1175,385,385.0461538461539
3,1176,385,384.91764705882366
3,1177,385,384.7683257918552
3,1178,384,384.73665158371057
3,1179,384,384.68416289592767
3,1180,385,384.67239819004544
3,1181,385,384.8307692307693
3,1182,385,385.08868778280555
3,1183,385,385.2371040723983
3,1184,386,385.466968325792
3,1185,386,385.76018099547514
3,1186,386,385.96018099547524
3,1187,386,386.039819004525
3,1188,386,386.23981900452503
3,1189,386,386.4624434389142
3,1190,387,386.6805429864254
3,1191,387,386.8669683257919
3,1192,387,387.13303167420815
3,1193,387,387.4606334841629
3,1194,388,387.70226244343905
3,1195,388,387.91945701357474
3,1196,388,387.97375565610866
3,1197,388,387.8651583710408
3,1198,388,387.8027149321268
3,1199,388,387.59547511312223
3,1200,387,387.2615384615385
3,1201,387,386.819004524887
3,1202,386,386.4244343891404
3,1203,386,386.0343891402715
3,1204,386,385.74660633484183
3,1205,385,385.4588235294119
3,1206,385,385.13665158371066
3,1207,385,384.9457013574662
3,1208,385,384.7746606334842
3,1209,385,384.7122171945703
3,1210,385,384.56742081447976
3,1211,384,384.5493212669685
3,1212,384,384.65791855203634
3,1213,385,384.75475113122184
3,1214,385,384.83076923076936
3,1215,385,385.00633484162915
3,1216,385,385.26334841628955
3,1217,386,385.5131221719458
3,1218,386,385.86696832579196
3,1219,386,386.15927601809966
3,1220,386,386.4244343891404
3,1221,387,386.7647058823531
3,1222,387,387.08235294117657
3,1223,387,387.4208144796382
3,1224,388,387.6235294117648
3,1225,388,387.81085972850695
3,1226,388,387.9031674208146
3,1227,388,387.9619909502263
3,1228,388,387.8488687782807
3,1229,388,387.70226244343905
3,1230,387,387.460633484163
3,1231,387,387.2036199095025
3,1232,387,386.94932126696847
3,1233,387,386.654298642534
3,1234,386,386.34570135746617
3,1235,386,386.05067873303176
3,1236,386,385.7963800904978
3,1237,386,385.68054298642534
3,1238,385,385.39185520361997
3,1239,385,385.1574660633486
3,1240,385,384.9954751131222
3,1241,385,384.92398190045265
3,1242,385,384.75203619909513
3,1243,385,384.68868778280546
3,1244,384,384.7339366515838
3,1245,385,384.88778280542994
3,1246,385,384.94117647058835
3,1247,385,385.08506787330333
3,1248,385,385.30135746606345
3,1249,386,385.57194570135766
3,1250,386,385.80814479638013
3,1251,386,386.121266968326
3,1252,386,386.3457013574662
3,1253,387,386.65429864253406
3,1254,387,387.0199095022626
3,1255,387,387.28597285067883
3,1256,387,387.43438914027166
3,1257,388,387.514932126697
3,1258,388,387.5773755656109
3,1259,388,387.67420814479647
3,1260,388,387.6579185520364
3,1261,387,387.7285067873304
3,1262,387,387.6859728506788
3,1263,387,387.5393665158373
3,1264,388,387.29773755656123
3,1265,388,387.1791855203621
3,1266,387,387.0018099547512
3,1267,387,386.7927601809955
3,1268,386,386.5791855203621
3,1269,386,386.24977375565624
3,1270,386,386.1049773755656
3,1271,386,385.77466063348436
3,1272,385,385.4425339366518
3,1273,385,385.2189575130749
3,1274,385,384.9000999000998
3,1275,385,384.4634254634254
3,1276,385,383.90442890442904
3,1277,382,383.23006993007004
3,1278,382,382.39898989898916
3,1279,382,381.7727272727272
3,1280,381,385.1167420814482
3,1281,381,384.71674208144805
3,1282,385,384.51131221719464
3,1283,385,384.5095022624435
3,1284,386,384.7203619909503
3,1285,386,385.08235294117657
3,1286,386,385.73393665158386
3,1287,386,386.60452488687787
3,1288,387,386.9954751131224
3,1289,387,387.0696832579186
3,1290,387,387.2561085972852
3,1291,387,387.38371040723996
3,1292,388,387.63438914027154
3,1293,388,387.7900452488689
3,1294,389,387.84162895927614
3,1295,387,387.78009049773766
3,1296,387,387.80542986425354
3,1297,388,387.7176470588237
3,1298,388,387.52579185520364
3,1299,387,387.2389140271495
3,1300,387,387.07511312217196
3,1301,387,386.8524886877828
3,1302,387,386.7366515837105
3,1303,386,386.41628959276034
3,1304,386,386.05067873303176
3,1305,386,385.7963800904978
3,1306,386,385.68054298642534
3,1307,385,385.4624434389141
3,1308,385,385.239819004525
3,1309,385,385.03981900452504
3,1310,385,384.88959276018113
3,1311,385,384.6072398190047
3,1312,385,384.41085972850686
3,1313,384,384.2389140271494
3,1314,384,384.2298642533938
3,1315,384,384.17466063348434
3,1316,384,384.26425339366523
3,1317,384,384.48054298642535
3,1318,385,384.80542986425354
3,1319,385,385.1502262443439
3,1320,386,385.6262443438914
3,1321,386,386.06787330316746
3,1322,387,386.5095022624435
3,1323,387,386.8443438914029
3,1324,387,387.16561085972864
3,1325,387,387.4986425339368
3,1326,388,387.8072398190047
3,1327,388,387.9936651583712
3,1328,388,388.16923076923075
3,1329,388,388.24524886877845
3,1330,389,388.41266968325806
3,1331,389,388.462443438914
3,1332,388,388.4651583710408
3,1333,388,388.2914027149322
3,1334,388,388.1592760180997
3,1335,388,387.88687782805437
3,1336,388,387.5013574660634
3,1337,387,387.02986425339384
3,1338,387,386.6380090497739
3,1339,386,386.2914027149322
3,1340,386,385.958371040724
3,1341,385,385.60723981900463
3,1342,385,385.27420814479643
3,1343,385,384.9954751131222
3,1344,385,384.7366515837105
3,1345,385,384.45429864253407
3,1346,385,384.3665158371042
3,1347,384,384.27330316742086
3,1348,384,384.3746606334842
3,1349,384,384.5230769230771
3,1350,384,384.7710407239821
3,1351,385,385.1004524886879
3,1352,386,385.49321266968326
3,1353,386,385.8606334841629
3,1354,387,386.3140271493214
3,1355,387,386.61719457013584
3,1356,387,386.9339366515839
3,1357,387,387.2895927601811
3,1358,387,387.5095022624436
3,1359,387,387.62533936651596
3,1360,388,387.80723981900456
3,1361,388,388.0986425339368
3,1362,389,388.35203619909515
3,1363,389,388.49683257918554
3,1364,388,388.53303167420825
3,1365,388,388.6018099547513
3,1366,389,388.4443438914028
3,1367,389,388.07873303167435
3,1368,387,387.66153846153856
3,1369,387,387.14932126696846
3,1370,387,386.7782805429866
3,1371,387,386.38461538461553
3,1372,385,385.80452488687786
3,1373,385,385.27420814479643
3,1374,385,384.9592760180996
3,1375,385,384.82533936651595
3,1376,385,384.63167420814494
3,1377,384,384.5375565610861
3,1378,384,384.4904977375566
3,1379,385,384.6380090497738
3,1380,385,384.64162895927603
3,1381,385,384.762895927602
3,1382,385,384.91312217194576
3,1383,385,385.2036199095023
3,1384,385,385.53665158371064
3,1385,386,385.87601809954754
3,1386,386,386.24705882352947
3,1387,387,386.7429864253395
3,1388,387,387.2570135746607
3,1389,388,387.75294117647076
3,1390,388,388.26515837104074
3,1391,389,388.62805429864255
3,1392,389,388.81447963800923
3,1393,389,389.00633484162904
3,1394,389,388.98552036199106
3,1395,389,388.881447963801
3,1396,389,388.62352941176476
3,1397,388,388.42081447963807
3,1398,388,388.08235294117657
3,1399,388,387.83529411764715
3,1400,387,387.5067873303168
3,1401,387,387.2036199095025
3,1402,387,386.8325791855205
3,1403,387,386.4389140271494
3,1404,386,386.06787330316746
3,1405,386,385.6262443438914
3,1406,385,385.22081447963814
3,1407,385,384.8171945701358
3,1408,384,384.4425339366517
3,1409,384,384.1855203619911
3,1410,384,384.06425339366535
3,1411,384,383.9556561085974
3,1412,384,383.998190045249
3,1413,384,384.2533936651585
3,1414,385,384.5737556561087
3,1415,385,384.94117647058835
3,1416,385,385.3285067873304
3,1417,385,385.7701357466065
3,1418,387,386.2298642533938
3,1419,387,386.6714932126698
3,1420,387,387.0588235294118
3,1421,387,387.3556561085974
3,1422,388,387.66425339366526
3,1423,388,387.88687782805437
3,1424,388,387.9963800904978
3,1425,388,387.96561085972866
3,1426,388,388.11493212669694
3,1427,388,388.164705882353
3,1428,388,388.1855203619911
3,1429,388,388.0479638009051
3,1430,388,387.97013574660633
3,1431,388,387.77013574660646
3,1432,388,387.47511312217205
3,1433,387,387.11221719457023
3,1434,387,386.7791855203621
3,1435,386,386.37375565610876
3,1436,386,385.93212669683265
3,1437,385,385.4904977375567
3,1438,385,385.08506787330333
3,1439,385,384.6814479638009
3,1440,385,384.44524886877844
3,1441,384,384.1945701357467
3,1442,384,384.1475113122174
3,1443,384,384.17466063348434
3,1444,384,384.3466063348418
3,1445,384,384.45429864253407
3,1446,385,384.6886877828056
3,1447,385,384.9610859728507
3,1448,386,385.38280542986433
3,1449,386,385.7176470588236
3,1450,386,386.12941176470605
3,1451,386,386.5728506787331
3,1452,387,387.0027149321268
3,1453,387,387.37375565610864
3,1454,388,387.77918552036203
3,1455,388,388.1828054298644
3,1456,389,388.5574660633485
3,1457,389,388.81447963800923
3,1458,389,388.93574660633493
3,1459,389,388.97375565610884
3,1460,389,388.99004524886897
3,1461,389,388.7846153846154
3,1462,388,388.5049773755657
3,1463,388,388.0986425339368
3,1464,388,387.7927601809956
3,1465,388,387.4144796380092
3,1466,387,387.07058823529434
3,1467,386,386.66787330316765
3,1468,386,386.2515837104074
3,1469,386,385.86696832579196
3,1470,386,385.49140271493235
3,1471,385,385.1022624434391
3,1472,385,384.74479638009063
3,1473,384,384.323076923077
3,1474,384,384.0027149321268
3,1475,384,384.0868778280544
3,1476,384,384.00814479638024
3,1477,383,383.82081447963816
3,1478,383,383.5791855203621
3,1479,383,383.1990950226245
3,1480,385,382.30226244343896
3,1481,385,381.70135746606354
3,1482,380,381.4398190045249
3,1483,380,381.49049773755667
3,1484,380,381.6850678733032
3,1485,380,382.11674208144814
3,1486,380,382.87239819004543
3,1487,387,383.7683257918553
3,1488,387,385.03619909502277
3,1489,387,386.50769230769237
3,1490,387,387.46334841628976
3,1491,389,388.18371040723997
3,1492,389,388.666968325792
3,1493,388,388.7819004524888
3,1494,388,388.33574660633496
3,1495,388,388.31402714932136
3,1496,388,388.102262443439
3,1497,388,387.71855203619924
3,1498,388,387.18099547511315
3,1499,387,386.8552036199097
3,1500,386,386.5067873303169
3,1501,386,386.04253393665164
3,1502,385,385.56923076923084
3,1503,385,385.123076923077
3,1504,385,384.74027149321284
3,1505,385,384.38642533936655
3,1506,384,384.2271493212671
3,1507,384,384.1511312217196
3,1508,384,384.108597285068
3,1509,384,384.1085972850681
3,1510,384,384.15113122171954
3,1511,384,384.29773755656123
3,1512,385,384.39819004524895
3,1513,385,384.702262443439
3,1514,385,385.0443438914027
3,1515,385,385.4588235294118
3,1516,386,385.8389140271494
3,1517,386,386.2778280542988
3,1518,386,386.7303167420816
3,1519,388,387.15113122171954
3,1520,388,387.70407239819014
3,1521,388,388.15294117647073
3,1522,388,388.47058823529414
3,1523,389,388.6298642533938
3,1524,389,388.81266968325804
3,1525,389,388.8009049773757
3,1526,389,388.585520361991
3,1527,388,388.43438914027166
3,1528,388,388.2859728506789
3,1529,388,387.992125521537
3,1530,388,387.6683316683316
3,1531,387,387.41469641469627
3,1532,387,387.20396270396304
3,1533,387,386.9871794871794
3,1534,387,386.5808080808074
3,1535,386,386.1969696969695
3,1536,386,386.6696832579187
3,1537,386,386.0624434389141
3,1538,386,385.5049773755658
3,1539,385,385.0950226244345
3,1540,384,384.7303167420815
3,1541,384,384.30588235294124
3,1542,384,384.1167420814482
3,1543,384,384.25158371040726
3,1544,385,384.3221719457014
3,1545,385,384.3375565610861
3,1546,384,384.5656108597286
3,1547,384,384.929411764706
3,1548,386,385.2135746606336
3,1549,386,385.40000000000015
3,1550,385,385.60000000000014
3,1551,385,385.78642533936664
3,1552,387,386.0705882352942
3,1553,387,386.36380090497755
3,1554,386,386.50950226244345
3,1555,386,386.4805429864254
3,1556,387,386.72669683257925
3,1557,387,386.9592760180997
3,1558,387,387.0307692307694
3,1559,387,386.92307692307713
3,1560,387,387.0244343891404
3,1561,387,387.18461538461554
3,1562,388,387.18552036199117
3,1563,387,387.2090497737558
3,1564,387,387.4371040723984
3,1565,387,387.65158371040735
3,1566,388,387.8434389140272
3,1567,388,388.00361990950233
3,1568,388,388.12307692307706
3,1569,389,388.1927601809957
3,1570,389,388.27149321266967
3,1571,388,388.27963800904985
3,1572,388,388.34027149321287
3,1573,388,388.30588235294135
3,1574,388,388.30588235294135
3,1575,388,388.2696832579186
3,1576,388,388.1972850678734
3,1577,389,388.227149321267
3,1578,389,388.2977375565611
3,1579,388,388.27963800904996
3,1580,388,388.24343891402725
3,1581,388,388.1891402714934
3,1582,388,388.08479755538553
3,1583,388,387.9780219780218
3,1584,388,387.9793539793538
3,1585,388,388.0559440559442
3,1586,388,388.00000000000006
3,1587,388,387.99999999999915
3,1588,388,388.0
