channel,index,raw,filtered
1,0,389,386.47619047619037
1,1,389,387.9523809523809
1,2,389,386.4761904761903
1,3,378,381.6190476190475
1,4,378,378.19047619047603
1,5,377,376.2857142857141
1,6,377,376.9523809523809
1,7,377,376.9523809523808
1,8,377,377.4285714285712
1,9,378,377.6190476190474
1,10,378,377.52380952380946
1,11,377,377.47619047619014
1,12,377,377.4761904761904
1,13,378,377.42857142857133
1,14,378,377.66666666666646
1,15,377,377.6666666666665
1,16,378,377.76190476190465
1,17,378,378.38095238095224
1,18,379,378.66666666666646
1,19,379,378.28571428571416
1,20,377,377.7619047619047
1,21,377,377.0952380952379
1,22,377,376.8095238095236
1,23,377,376.90476190476187
1,24,377,377.04761904761915
1,25,377,377.2380952380951
1,26,378,377.7142857142856
1,27,378,378.47619047619037
1,28,379,378.66666666666646
1,29,379,378.3809523809523
1,30,377,377.7142857142856
1,31,377,376.66666666666663
1,32,376,376.1904761904762
1,33,376,376.2857142857141
1,34,377,376.6190476190475
1,35,377,377.3809523809524
1,36,378,377.8095238095235
1,37,378,377.57142857142827
1,38,377,377.0
1,39,376,376.4285714285714
1,40,376,376.38095238095235
1,41,377,376.5238095238094
1,42,377,376.52380952380946
1,43,376,376.4761904761903
1,44,376,376.3809523809523
1,45,377,376.57142857142844
1,46,377,376.9523809523808
1,47,377,377.095238095238
1,48,377,376.9999999999999
1,49,377,376.9999999999999
1,50,377,376.9999999999999
1,51,377,376.9999999999999
1,52,377,377.0952380952381
1,53,377,376.952380952381
1,54,377,376.66666666666663
1,55,376,376.3333333333333
1,56,376,375.95238095238085
1,57,376,375.95238095238085
1,58,376,376.33333333333326
1,59,377,376.76190476190465
1,60,377,376.90476190476187
1,61,377,376.66666666666646
1,62,376,376.3809523809523
1,63,376,376.3809523809523
1,64,377,376.57142857142844
1,65,377,376.9523809523808
1,66,377,377.095238095238
1,67,377,377.0952380952381
1,68,377,376.952380952381
1,69,377,376.66666666666663
1,70,376,376.3333333333333
1,71,376,375.7619047619046
1,72,376,376.0476190476189
1,73,376,376.99999999999994
1,74,379,377.9047619047618
1,75,379,378.90476190476176
1,76,379,379.9047619047619
1,77,380,379.52380952380946
1,78,380,378.95238095238085
1,79,377,378.09523809523796
1,80,377,377.04761904761915
1,81,377,376.76190476190465
1,82,377,377.4285714285712
1,83,378,377.6190476190474
1,84,378,377.6190476190475
1,85,377,377.4285714285713
1,86,377,377.047619047619
1,87,377,376.9047619047618
1,88,377,376.9999999999999
1,89,377,376.90476190476187
1,90,377,377.04761904761915
1,91,377,377.33333333333326
1,92,378,377.6666666666665
1,93,378,377.95238095238096
1,94,378,378.09523809523796
1,95,378,377.9999999999999
1,96,378,377.9999999999999
1,97,378,377.9999999999999
1,98,378,377.9999999999999
1,99,378,377.90476190476176
1,100,378,378.04761904761887
1,101,378,378.4285714285712
1,102,379,378.6190476190474
1,103,379,378.42857142857133
1,104,378,378.52380952380935
1,105,378,378.8095238095237
1,106,380,379.190476190476
1,107,380,379.5714285714283
1,108,379,379.52380952380946
1,109,379,378.9523809523809
1,110,379,378.9523809523808
1,111,379,379.33333333333314
1,112,380,379.66666666666646
1,113,380,379.9523809523808
1,114,380,380.095238095238
1,115,380,379.99999999999983
1,116,380,379.99999999999983
1,117,380,379.99999999999983
1,118,380,379.99999999999983
1,119,380,379.99999999999983
1,120,380,379.99999999999983
1,121,380,379.99999999999983
1,122,380,379.99999999999983
1,123,380,379.99999999999983
1,124,380,379.99999999999983
1,125,380,379.99999999999983
1,126,380,379.99999999999983
1,127,380,379.99999999999983
1,128,380,379.90476190476176
1,129,380,380.047619047619
1,130,380,380.33333333333326
1,131,381,380.6666666666666
1,132,381,381.04761904761887
1,133,381,381.04761904761887
1,134,381,380.6666666666666
1,135,380,380.2380952380952
1,136,380,380.09523809523785
1,137,380,380.2380952380952
1,138,381,380.6666666666666
1,139,381,380.95238095238096
1,140,381,381.09523809523796
1,141,381,380.9999999999999
1,142,381,380.9999999999999
1,143,381,380.9999999999999
1,144,381,380.9999999999999
1,145,381,381.0952380952378
1,146,381,380.95238095238085
1,147,381,380.6666666666666
1,148,380,380.33333333333314
1,149,380,379.9523809523808
1,150,380,379.95238095238074
1,151,380,380.33333333333326
1,152,381,380.6666666666666
1,153,381,381.04761904761887
1,154,381,381.04761904761887
1,155,381,380.7619047619047
1,156,380,380.28571428571416
1,157,380,379.7142857142856
1,158,379,379.238095238095
1,159,379,378.9523809523809
1,160,379,378.9523809523808
1,161,379,379.4285714285714
1,162,380,379.6190476190474
1,163,380,379.61904761904754
1,164,379,379.4285714285713
1,165,379,379.04761904761887
1,166,379,378.90476190476176
1,167,379,378.99999999999983
1,168,379,379.095238095238
1,169,379,378.952380952381
1,170,379,378.6666666666665
1,171,378,378.3333333333331
1,172,378,378.04761904761887
1,173,378,377.90476190476176
1,174,378,377.9999999999999
1,175,378,377.9999999999999
1,176,378,377.9999999999999
1,177,378,377.9999999999999
1,178,378,378.09523809523785
1,179,378,377.9523809523808
1,180,378,377.6666666666665
1,181,377,377.33333333333326
1,182,377,377.047619047619
1,183,377,376.9047619047618
1,184,377,376.9999999999999
1,185,377,377.0952380952381
1,186,377,376.952380952381
1,187,377,376.57142857142844
1,188,376,376.3809523809523
1,189,376,376.3809523809523
1,190,377,376.57142857142844
1,191,377,377.0476190476189
1,192,377,377.0476190476189
1,193,377,376.66666666666663
1,194,376,376.3333333333333
1,195,376,376.0476190476189
1,196,376,375.9047619047618
1,197,376,375.9047619047618
1,198,376,376.0476190476189
1,199,376,376.33333333333326
1,200,377,376.6666666666667
1,201,377,377.0476190476189
1,202,377,377.0476190476189
1,203,377,376.57142857142844
1,204,376,376.4761904761903
1,205,376,376.3333333333333
1,206,377,376.14285714285705
1,207,376,376.3333333333333
1,208,376,376.4761904761905
1,209,377,376.57142857142844
1,210,377,377.0476190476189
1,211,377,377.0476190476189
1,212,377,376.66666666666663
1,213,376,376.3333333333333
1,214,376,375.85714285714255
1,215,376,375.9999999999999
1,216,376,376.76190476190465
1,217,378,377.2857142857141
1,218,378,377.5714285714285
1,219,377,377.52380952380946
1,220,377,377.1428571428571
1,221,377,376.8571428571427
1,222,377,376.4761904761903
1,223,376,376.4285714285714
1,224,376,376.80952380952345
1,225,378,377.19047619047603
1,226,378,377.47619047619037
1,227,377,377.57142857142844
1,228,377,377.3809523809523
1,229,378,377.57142857142827
1,230,378,377.95238095238096
1,231,378,378.09523809523796
1,232,378,377.9999999999999
1,233,378,377.90476190476176
1,234,378,378.04761904761887
1,235,378,378.33333333333326
1,236,379,378.6666666666666
1,237,379,378.95238095238085
1,238,379,379.095238095238
1,239,379,378.90476190476176
1,240,379,379.047619047619
1,241,379,379.33333333333314
1,242,380,379.66666666666646
1,243,380,379.9523809523808
1,244,380,380.095238095238
1,245,380,379.99999999999983
1,246,380,379.90476190476176
1,247,380,380.047619047619
1,248,380,380.4285714285714
1,249,381,380.6190476190476
1,250,381,380.6190476190474
1,251,380,380.4285714285713
1,252,380,380.04761904761887
1,253,380,379.85714285714306
1,254,380,379.99999999999994
1,255,380,379.99999999999994
1,256,380,379.3333333333333
1,257,380,379.95238095238085
1,258,380,380.52380952380946
1,259,381,380.6666666666666
1,260,381,381.04761904761887
1,261,381,381.04761904761887
1,262,381,380.6666666666666
1,263,380,380.33333333333314
1,264,380,379.9523809523808
1,265,380,379.95238095238074
1,266,380,380.33333333333326
1,267,381,380.6666666666666
1,268,381,380.95238095238096
1,269,381,381.09523809523796
1,270,381,380.9999999999999
1,271,381,380.9999999999999
1,272,381,381.0952380952378
1,273,381,380.95238095238085
1,274,381,380.6666666666666
1,275,380,380.33333333333314
1,276,380,379.3809523809523
1,277,380,380.23809523809496
1,278,380,382.3333333333332
1,279,387,384.57142857142844
1,280,387,386.71428571428567
1,281,387,388.7619047619049
1,282,388,387.2857142857142
1,283,388,385.3809523809523
1,284,380,382.7142857142856
1,285,380,380.047619047619
1,286,379,378.57142857142844
1,287,379,379.04761904761887
1,288,379,378.90476190476176
1,289,379,379.095238095238
1,290,379,378.952380952381
1,291,379,378.57142857142844
1,292,378,378.3809523809524
1,293,378,378.47619047619037
1,294,379,378.5238095238094
1,295,379,378.71428571428555
1,296,378,378.38095238095224
1,297,378,377.7142857142856
1,298,377,377.2380952380952
1,299,377,377.047619047619
1,300,377,376.9047619047618
1,301,377,376.9999999999999
1,302,377,377.0952380952381
1,303,377,376.952380952381
1,304,377,376.66666666666663
1,305,376,376.3333333333333
1,306,376,376.0476190476189
1,307,376,375.9047619047618
1,308,376,375.9047619047618
1,309,376,376.0476190476189
1,310,376,376.4285714285712
1,311,377,376.6190476190475
1,312,377,376.61904761904754
1,313,376,376.4285714285712
1,314,376,376.0476190476189
1,315,376,375.9047619047618
1,316,376,375.9999999999999
1,317,376,375.9047619047618
1,318,376,376.0476190476189
1,319,376,376.4285714285712
1,320,377,376.6190476190475
1,321,377,376.61904761904754
1,322,376,376.4285714285712
1,323,376,376.0476190476189
1,324,376,375.9047619047618
1,325,376,375.9047619047618
1,326,376,376.0476190476189
1,327,376,376.33333333333326
1,328,377,376.6666666666667
1,329,377,376.9523809523808
1,330,377,377.095238095238
1,331,377,376.9999999999999
1,332,377,376.9999999999999
1,333,377,376.90476190476187
1,334,377,377.04761904761915
1,335,377,377.4285714285712
1,336,378,377.6190476190474
1,337,378,377.52380952380946
1,338,377,377.47619047619014
1,339,377,377.3809523809523
1,340,378,377.57142857142827
1,341,378,377.95238095238096
1,342,378,378.19047619047603
1,343,378,377.9523809523808
1,344,378,377.57142857142827
1,345,377,377.3809523809523
1,346,377,377.4761904761904
1,347,378,377.5238095238093
1,348,378,377.4285714285714
1,349,377,377.5238095238094
1,350,377,377.7142857142856
1,351,379,378.2380952380952
1,352,379,378.9047619047619
1,353,379,379.19047619047603
1,354,379,379.095238095238
1,355,379,378.952380952381
1,356,379,378.4761904761903
1,357,378,378.52380952380935
1,358,378,378.66666666666646
1,359,380,378.8095238095237
1,360,379,379.2857142857142
1,361,379,379.57142857142844
1,362,380,379.57142857142844
1,363,380,380.0476190476189
1,364,380,380.047619047619
1,365,380,379.6666666666664
1,366,379,379.33333333333314
1,367,379,378.9523809523809
1,368,379,378.9523809523808
1,369,379,379.33333333333314
1,370,380,379.66666666666646
1,371,380,380.0476190476189
1,372,380,380.047619047619
1,373,380,379.57142857142844
1,374,379,379.38095238095224
1,375,379,379.47619047619037
1,376,380,379.52380952380935
1,377,380,379.61904761904754
1,378,379,379.4285714285713
1,379,379,379.04761904761887
1,380,379,378.90476190476176
1,381,379,378.99999999999983
1,382,379,378.99999999999983
1,383,379,378.99999999999983
1,384,379,378.90476190476176
1,385,379,379.047619047619
1,386,379,379.33333333333314
1,387,380,379.66666666666646
1,388,380,379.9523809523808
1,389,380,380.095238095238
1,390,380,379.99999999999983
1,391,380,379.99999999999983
1,392,380,379.99999999999983
1,393,380,379.99999999999983
1,394,380,379.99999999999983
1,395,380,379.99999999999983
1,396,380,379.99999999999983
1,397,380,379.99999999999983
1,398,380,380.09523809523813
1,399,380,379.9523809523809
1,400,380,379.57142857142844
1,401,379,379.47619047619037
1,402,379,379.33333333333326
1,403,380,379.2380952380951
1,404,379,379.2857142857143
1,405,379,379.142857142857
1,406,379,378.90476190476176
1,407,379,378.90476190476176
1,408,379,379.047619047619
1,409,379,379.238095238095
1,410,380,379.71428571428555
1,411,380,380.2857142857142
1,412,381,380.7619047619047
1,413,381,380.85714285714266
1,414,381,381.142857142857
1,415,381,381.3333333333333
1,416,382,381.6666666666666
1,417,382,381.9523809523809
1,418,382,382.09523809523796
1,419,382,382.095238095238
1,420,382,381.9523809523809
1,421,382,381.6666666666664
1,422,381,381.4285714285713
1,423,381,380.9999999999999
1,424,381,380.57142857142844
1,425,380,380.33333333333314
1,426,380,379.9523809523808
1,427,380,379.95238095238074
1,428,380,380.4285714285714
1,429,381,380.6190476190476
1,430,381,380.6190476190474
1,431,380,380.4285714285713
1,432,380,380.04761904761887
1,433,380,379.9047619047617
1,434,380,379.99999999999983
1,435,380,379.99999999999983
1,436,380,379.99999999999983
1,437,380,379.99999999999983
1,438,380,379.99999999999983
1,439,380,379.99999999999983
1,440,380,379.90476190476176
1,441,380,379.9523809523809
1,442,380,380.38095238095224
1,443,381,381.19047619047603
1,444,382,381.52380952380935
1,445,382,381.3809523809523
1,446,380,380.76190476190465
1,447,380,380.0952380952379
1,448,380,379.80952380952357
1,449,380,379.99999999999983
1,450,380,379.99999999999983
1,451,380,379.99999999999983
1,452,380,379.99999999999983
1,453,380,379.99999999999983
1,454,380,379.99999999999983
1,455,380,380.09523809523813
1,456,380,379.9523809523809
1,457,380,379.6666666666664
1,458,379,379.33333333333314
1,459,379,379.04761904761887
1,460,379,378.90476190476176
1,461,379,378.99999999999983
1,462,379,378.99999999999983
1,463,379,378.99999999999983
1,464,379,379.095238095238
1,465,379,378.952380952381
1,466,379,378.57142857142844
1,467,378,378.3809523809524
1,468,378,378.47619047619037
1,469,379,378.5238095238094
1,470,379,378.6190476190474
1,471,378,378.4285714285712
1,472,378,378.04761904761887
1,473,378,377.90476190476176
1,474,378,377.9999999999999
1,475,378,377.9999999999999
1,476,378,377.9999999999999
1,477,378,377.9999999999999
1,478,378,377.9999999999999
1,479,378,377.9999999999999
1,480,378,377.9999999999999
1,481,378,377.4285714285713
1,482,378,378.28571428571416
1,483,378,379.9999999999998
1,484,384,381.9999999999999
1,485,384,383.7142857142855
1,486,384,385.1428571428569
1,487,384,383.8095238095237
1,488,384,381.9523809523808
1,489,378,379.6666666666666
1,490,377,377.6190476190475
1,491,377,376.4761904761902
1,492,377,376.9047619047618
1,493,377,376.9999999999999
1,494,377,376.9999999999999
1,495,377,376.9999999999999
1,496,377,376.9999999999999
1,497,377,376.9999999999999
1,498,377,376.9999999999999
1,499,377,376.9999999999999
1,500,377,376.9999999999999
1,501,377,377.0952380952381
1,502,377,376.952380952381
1,503,377,376.57142857142844
1,504,376,376.3809523809523
1,505,376,376.4761904761904
1,506,377,376.5238095238094
1,507,377,376.52380952380946
1,508,376,376.4761904761903
1,509,376,376.2857142857144
1,510,377,376.48571428571404
1,511,377,377.1
1,512,377,377.4285714285713
1,513,377,377.047619047619
1,514,377,376.9047619047618
1,515,377,376.9999999999999
1,516,377,377.0952380952381
1,517,377,376.952380952381
1,518,377,376.66666666666663
1,519,376,376.3333333333333
1,520,376,375.95238095238085
1,521,376,375.95238095238085
1,522,376,376.33333333333326
1,523,377,376.6666666666667
1,524,377,376.9523809523808
1,525,377,377.095238095238
1,526,377,376.9999999999999
1,527,377,376.9999999999999
1,528,377,376.90476190476187
1,529,377,377.04761904761915
1,530,377,377.4285714285712
1,531,378,377.6190476190474
1,532,378,377.6190476190475
1,533,377,377.4285714285713
1,534,377,377.047619047619
1,535,377,376.9047619047618
1,536,377,376.90476190476187
1,537,377,377.04761904761915
1,538,377,377.33333333333326
1,539,378,377.76190476190465
1,540,378,377.9047619047618
1,541,378,377.76190476190465
1,542,377,377.33333333333326
1,543,377,377.047619047619
1,544,377,376.9047619047618
1,545,377,376.9999999999999
1,546,377,376.9999999999999
1,547,377,376.9999999999999
1,548,377,376.9999999999999
1,549,377,376.9999999999999
1,550,377,376.9999999999999
1,551,377,376.9999999999999
1,552,377,376.9999999999999
1,553,377,376.90476190476187
1,554,377,377.04761904761915
1,555,377,377.4285714285712
1,556,378,377.5238095238094
1,557,378,377.66666666666646
1,558,377,377.7619047619047
1,559,378,377.7142857142856
1,560,378,377.76190476190453
1,561,378,378.14285714285705
1,562,378,378.4285714285712
1,563,379,378.6190476190474
1,564,379,378.5238095238094
1,565,378,378.4761904761903
1,566,378,378.3809523809523
1,567,379,378.5714285714283
1,568,379,378.95238095238085
1,569,379,379.095238095238
1,570,379,378.99999999999983
1,571,379,378.99999999999983
1,572,379,378.99999999999983
1,573,379,378.99999999999983
1,574,379,379.095238095238
1,575,379,378.952380952381
1,576,379,378.57142857142844
1,577,378,378.3809523809524
1,578,378,378.3809523809523
1,579,379,378.5714285714283
1,580,379,378.95238095238085
1,581,379,379.095238095238
1,582,379,378.99999999999983
1,583,379,378.90476190476176
1,584,379,379.047619047619
1,585,379,379.33333333333314
1,586,380,379.66666666666646
1,587,380,380.0476190476189
1,588,380,380.047619047619
1,589,380,379.57142857142844
1,590,379,379.38095238095224
1,591,379,379.3809523809523
1,592,380,379.57142857142844
1,593,380,379.9523809523808
1,594,380,380.095238095238
1,595,380,379.99999999999983
1,596,380,379.99999999999983
1,597,380,379.90476190476176
1,598,380,380.047619047619
1,599,380,380.4285714285714
1,600,381,380.6190476190476
1,601,381,380.6190476190474
1,602,380,380.4285714285713
1,603,380,380.04761904761887
1,604,380,379.9047619047617
1,605,380,379.99999999999983
1,606,380,379.90476190476176
1,607,380,380.047619047619
1,608,380,380.4285714285714
1,609,381,380.6190476190476
1,610,381,380.52380952380946
1,611,380,380.4761904761903
1,612,380,380.3809523809523
1,613,381,380.57142857142856
1,614,381,380.95238095238096
1,615,381,381.09523809523796
1,616,381,380.9999999999999
1,617,381,380.9999999999999
1,618,381,380.9999999999999
1,619,381,380.9999999999999
1,620,381,380.9999999999999
1,621,381,380.9999999999999
1,622,381,381.0952380952378
1,623,381,380.85714285714266
1,624,381,380.71428571428567
1,625,380,380.66666666666646
1,626,381,380.71428571428555
1,627,381,380.8571428571426
1,628,381,381.09523809523796
1,629,381,380.9999999999999
1,630,381,380.9999999999999
1,631,381,381.0952380952378
1,632,381,380.95238095238085
1,633,381,380.6666666666666
1,634,380,380.33333333333314
1,635,380,380.04761904761887
1,636,380,379.9047619047617
1,637,380,379.90476190476176
1,638,380,380.047619047619
1,639,380,380.4285714285714
1,640,381,380.6190476190476
1,641,381,380.6190476190474
1,642,380,380.4285714285713
1,643,380,380.04761904761887
1,644,380,379.9047619047617
1,645,380,379.99999999999983
1,646,380,380.09523809523813
1,647,380,379.9523809523809
1,648,380,379.6666666666664
1,649,379,379.33333333333314
1,650,379,379.04761904761887
1,651,379,378.90476190476176
1,652,379,378.90476190476176
1,653,379,379.047619047619
1,654,379,379.52380952380946
1,655,380,379.5714285714286
1,656,380,379.1904761904761
1,657,378,378.8095238095237
1,658,378,378.52380952380935
1,659,379,378.4285714285714
1,660,379,378.5238095238094
1,661,378,378.4761904761903
1,662,378,378.47619047619037
1,663,379,378.5238095238094
1,664,379,378.6190476190474
1,665,378,378.4285714285712
1,666,378,378.04761904761887
1,667,378,377.90476190476176
1,668,378,377.9999999999999
1,669,378,377.9999999999999
1,670,378,377.9999999999999
1,671,378,377.9999999999999
1,672,378,377.9999999999999
1,673,378,378.09523809523785
1,674,378,377.9523809523808
1,675,378,377.7619047619048
1,676,377,377.2857142857141
1,677,377,376.61904761904765
1,678,376,376.2857142857143
1,679,376,376.3809523809523
1,680,377,376.57142857142844
1,681,377,376.9523809523808
1,682,377,377.095238095238
1,683,377,376.9999999999999
1,684,377,376.9999999999999
1,685,377,376.6190476190476
1,686,377,377.1904761904762
1,687,377,378.33333333333326
1,688,381,379.6666666666665
1,689,381,380.8095238095238
1,690,381,381.3809523809523
1,691,381,381.4761904761903
1,692,381,380.5714285714284
1,693,381,379.42857142857133
1,694,376,378.4285714285714
1,695,378,377.52380952380946
1,696,378,377.09523809523785
1,697,377,377.52380952380946
1,698,377,377.047619047619
1,699,377,376.9047619047618
1,700,377,376.9999999999999
1,701,377,376.9999999999999
1,702,377,376.8095238095238
1,703,377,377.0952380952379
1,704,377,377.6666666666665
1,705,379,378.33333333333326
1,706,379,378.9047619047619
1,707,379,379.19047619047603
1,708,379,378.90476190476176
1,709,379,379.047619047619
1,710,379,379.4285714285714
1,711,380,379.4285714285713
1,712,380,379.7142857142856
1,713,379,380.28571428571405
1,714,381,380.28571428571416
1,715,381,380.14285714285705
1,716,379,379.8571428571428
1,717,379,379.0952380952381
1,718,379,378.8095238095236
1,719,379,378.99999999999983
1,720,379,378.99999999999983
1,721,379,378.90476190476176
1,722,379,379.047619047619
1,723,379,379.33333333333314
1,724,380,379.66666666666646
1,725,380,379.9523809523808
1,726,380,380.095238095238
1,727,380,379.99999999999983
1,728,380,379.99999999999983
1,729,380,379.99999999999983
1,730,380,379.99999999999983
1,731,380,379.90476190476176
1,732,380,380.047619047619
1,733,380,380.33333333333326
1,734,381,380.6666666666666
1,735,381,380.95238095238096
1,736,381,381.09523809523796
1,737,381,380.9999999999999
1,738,381,380.9999999999999
1,739,381,380.9999999999999
1,740,381,380.90476190476176
1,741,381,381.0476190476189
1,742,381,381.4285714285713
1,743,382,381.6190476190475
1,744,382,381.6190476190475
1,745,381,381.4285714285712
1,746,381,381.0476190476188
1,747,381,380.9047619047617
1,748,381,381.0952380952378
1,749,381,380.95238095238085
1,750,381,380.6666666666666
1,751,380,380.33333333333314
1,752,380,380.04761904761887
1,753,380,379.9999999999999
1,754,380,379.9523809523809
1,755,380,379.57142857142844
1,756,379,379.38095238095224
1,757,379,379.47619047619037
1,758,380,379.52380952380935
1,759,380,379.61904761904754
1,760,379,379.4285714285713
1,761,379,379.14285714285705
1,762,379,378.85714285714266
1,763,379,378.57142857142844
1,764,378,378.3809523809524
1,765,378,378.28571428571445
1,766,379,378.4857142857142
1,767,379,379.0999999999999
1,768,378,378.09523809523796
1,769,378,377.9999999999999
1,770,378,377.9999999999999
1,771,378,377.9999999999999
1,772,378,377.9999999999999
1,773,378,377.9999999999999
1,774,378,378.09523809523785
1,775,378,377.9523809523808
1,776,378,377.6666666666665
1,777,377,377.33333333333326
1,778,377,377.047619047619
1,779,377,376.9047619047618
1,780,377,376.9999999999999
1,781,377,376.9999999999999
1,782,377,376.9999999999999
1,783,377,376.9999999999999
1,784,377,377.0952380952381
1,785,377,376.952380952381
1,786,377,376.66666666666663
1,787,376,376.3333333333333
1,788,376,376.0476190476189
1,789,376,375.9047619047618
1,790,376,375.9047619047618
1,791,376,376.0476190476189
1,792,376,376.33333333333326
1,793,377,376.6666666666667
1,794,377,376.9523809523808
1,795,377,376.9999999999999
1,796,377,377.04761904761915
1,797,377,377.4285714285712
1,798,378,377.6190476190474
1,799,378,377.52380952380946
1,800,377,377.47619047619014
1,801,377,377.4761904761904
1,802,378,377.5238095238093
1,803,378,377.6190476190475
1,804,377,377.4285714285713
1,805,377,377.047619047619
1,806,377,376.9047619047618
1,807,377,376.90476190476187
1,808,377,377.04761904761915
1,809,377,377.33333333333326
1,810,378,377.6666666666665
1,811,378,377.95238095238096
1,812,378,378.09523809523796
1,813,378,378.09523809523785
1,814,378,377.8571428571426
1,815,378,377.7142857142856
1,816,377,377.66666666666663
1,817,378,377.7142857142856
1,818,378,377.8571428571426
1,819,378,378.09523809523796
1,820,378,377.9999999999999
1,821,378,377.9999999999999
1,822,378,377.9999999999999
1,823,378,377.9999999999999
1,824,378,377.9999999999999
1,825,378,377.9999999999999
1,826,378,377.9999999999999
1,827,378,377.9999999999999
1,828,378,377.9999999999999
1,829,378,377.9999999999999
1,830,378,377.9999999999999
1,831,378,377.9999999999999
1,832,378,377.9999999999999
1,833,378,377.9999999999999
1,834,378,377.90476190476176
1,835,378,378.04761904761887
1,836,378,378.33333333333326
1,837,379,378.6666666666666
1,838,379,378.95238095238085
1,839,379,379.095238095238
1,840,379,378.99999999999983
1,841,379,378.90476190476176
1,842,379,379.047619047619
1,843,379,379.33333333333314
1,844,380,379.66666666666646
1,845,380,379.85714285714266
1,846,380,380.14285714285705
1,847,380,380.4285714285714
1,848,381,380.6190476190476
1,849,381,380.52380952380946
1,850,380,380.4761904761903
1,851,380,380.28571428571416
1,852,381,380.6190476190475
1,853,381,381.2857142857141
1,854,382,381.76190476190465
1,855,382,381.85714285714283
1,856,382,382.142857142857
1,857,382,382.3333333333333
1,858,383,382.66666666666663
1,859,383,382.95238095238074
1,860,383,383.0952380952379
1,861,383,383.0
1,862,383,383.0
1,863,383,383.0
1,864,383,383.0
1,865,383,383.0
1,866,383,383.095238095238
1,867,383,382.9523809523809
1,868,383,382.66666666666646
1,869,382,382.33333333333314
1,870,382,382.142857142857
1,871,382,381.8571428571428
1,872,382,381.6666666666664
1,873,381,381.33333333333314
1,874,381,381.1428571428572
1,875,381,380.85714285714283
1,876,381,380.7619047619047
1,877,380,380.28571428571416
1,878,380,379.7142857142856
1,879,379,379.238095238095
1,880,379,378.9523809523809
1,881,379,379.0476190476189
1,882,379,379.2857142857142
1,883,380,379.33333333333314
1,884,379,379.2857142857143
1,885,379,379.047619047619
1,886,379,378.9523809523808
1,887,379,379.33333333333314
1,888,380,379.66666666666646
1,889,380,379.9523809523808
1,890,380,379.4285714285714
1,891,380,380.33333333333314
1,892,380,382.3333333333332
1,893,387,384.6666666666665
1,894,387,386.95238095238074
1,895,387,387.52380952380946
1,896,387,386.38095238095235
1,897,384,384.80952380952374
1,898,384,382.9047619047617
1,899,380,380.99999999999983
1,900,380,379.95238095238085
1,901,379,378.90476190476176
1,902,379,378.80952380952374
1,903,378,378.19047619047603
1,904,378,377.7142857142856
1,905,377,377.14285714285705
1,906,377,377.0952380952379
1,907,377,377.33333333333326
1,908,378,377.6190476190474
1,909,378,377.52380952380946
1,910,377,377.47619047619014
1,911,377,377.3809523809523
1,912,378,377.57142857142827
1,913,378,378.047619047619
1,914,378,378.04761904761887
1,915,378,377.4761904761903
1,916,377,377.42857142857144
1,917,377,377.7142857142856
1,918,379,378.2380952380952
1,919,379,378.9047619047619
1,920,379,379.19047619047603
1,921,379,379.095238095238
1,922,379,378.952380952381
1,923,379,378.6666666666665
1,924,378,378.3333333333331
1,925,378,378.142857142857
1,926,378,377.8571428571427
1,927,378,377.6666666666665
1,928,377,377.33333333333326
1,929,377,377.047619047619
1,930,377,376.9047619047618
1,931,377,376.9999999999999
1,932,377,376.9999999999999
1,933,377,376.9999999999999
1,934,377,376.9999999999999
1,935,377,376.9999999999999
1,936,377,377.0952380952381
1,937,377,376.952380952381
1,938,377,376.66666666666663
1,939,376,376.3333333333333
1,940,376,375.95238095238085
1,941,376,375.95238095238085
1,942,376,376.33333333333326
1,943,377,376.6666666666667
1,944,377,376.9523809523808
1,945,377,377.095238095238
1,946,377,376.90476190476187
1,947,377,377.04761904761915
1,948,377,377.33333333333326
1,949,378,377.6666666666665
1,950,378,377.95238095238096
1,951,378,378.09523809523796
1,952,378,377.9999999999999
1,953,378,377.9999999999999
1,954,378,377.9999999999999
1,955,378,378.09523809523785
1,956,378,377.9523809523808
1,957,378,377.6666666666665
1,958,377,377.33333333333326
1,959,377,377.1428571428571
1,960,377,376.8571428571427
1,961,377,376.66666666666663
1,962,376,376.3333333333333
1,963,376,376.0476190476189
1,964,376,375.9047619047618
1,965,376,375.9047619047618
1,966,376,376.0476190476189
1,967,376,376.4285714285712
1,968,377,376.42857142857133
1,969,377,376.71428571428567
1,970,376,377.19047619047603
1,971,378,377.33333333333314
1,972,378,377.4761904761903
1,973,377,377.52380952380946
1,974,377,377.047619047619
1,975,377,376.9047619047618
1,976,377,376.9999999999999
1,977,377,376.9999999999999
1,978,377,376.90476190476187
1,979,377,377.04761904761915
1,980,377,377.4285714285712
1,981,378,377.6190476190474
1,982,378,377.6190476190475
1,983,377,377.4285714285713
1,984,377,377.1428571428571
1,985,377,376.8571428571427
1,986,377,376.57142857142844
1,987,376,376.3809523809523
1,988,376,376.3809523809523
1,989,377,376.57142857142844
1,990,377,376.9523809523808
1,991,377,377.095238095238
1,992,377,376.9999999999999
1,993,377,376.90476190476187
1,994,377,377.04761904761915
1,995,377,377.4285714285712
1,996,378,377.6190476190474
1,997,378,377.6190476190475
1,998,377,377.4285714285713
1,999,377,377.047619047619
1,1000,377,376.9047619047618
1,1001,377,376.9999999999999
1,1002,377,376.9999999999999
1,1003,377,376.9999999999999
1,1004,377,376.9999999999999
1,1005,377,376.9999999999999
1,1006,377,376.9999999999999
1,1007,377,376.9999999999999
1,1008,377,376.9999999999999
1,1009,377,376.9999999999999
1,1010,377,376.9999999999999
1,1011,377,376.9999999999999
1,1012,377,376.9999999999999
1,1013,377,376.9999999999999
1,1014,377,376.9999999999999
1,1015,377,376.9999999999999
1,1016,377,376.9999999999999
1,1017,377,376.9999999999999
1,1018,377,376.9999999999999
1,1019,377,376.9999999999999
1,1020,377,376.9999999999999
1,1021,377,377.0000000000002
1,1022,377,376.99999999999983
1,1023,377,376.9999999999999
1,1024,377,377.33333333333326
1,1025,377,377.0952380952379
1,1026,377,377.33333333333326
1,1027,378,377.6190476190474
1,1028,378,377.7142857142856
1,1029,377,377.190476190476
1,1030,377,376.8095238095238
1,1031,376,376.9047619047617
1,1032,378,377.3809523809523
1,1033,378,377.8095238095237
1,1034,378,378.19047619047603
1,1035,378,377.9999999999999
1,1036,378,377.9999999999999
1,1037,378,378.09523809523785
1,1038,378,377.9523809523808
1,1039,378,377.6666666666665
1,1040,377,377.33333333333326
1,1041,377,377.047619047619
1,1042,377,376.9047619047618
1,1043,377,376.9999999999999
1,1044,377,376.9999999999999
1,1045,377,376.90476190476187
1,1046,377,377.04761904761915
1,1047,377,377.4285714285712
1,1048,378,377.6190476190474
1,1049,378,377.6190476190475
1,1050,377,377.33333333333326
1,1051,377,377.0952380952379
1,1052,377,377.33333333333326
1,1053,378,377.6190476190474
1,1054,378,377.52380952380946
1,1055,377,377.47619047619014
1,1056,377,377.3809523809523
1,1057,378,377.57142857142827
1,1058,378,377.95238095238096
1,1059,378,378.09523809523796
1,1060,378,377.9999999999999
1,1061,378,377.9999999999999
1,1062,378,377.9999999999999
1,1063,378,377.9999999999999
1,1064,378,377.9999999999999
1,1065,378,377.9999999999999
1,1066,378,377.9999999999999
1,1067,378,377.9999999999999
1,1068,378,377.9999999999999
1,1069,378,377.9999999999999
1,1070,378,377.90476190476176
1,1071,378,378.04761904761887
1,1072,378,378.4285714285712
1,1073,379,378.6190476190474
1,1074,379,378.6190476190474
1,1075,378,378.33333333333314
1,1076,378,378.0952380952379
1,1077,378,378.238095238095
1,1078,379,378.6666666666666
1,1079,379,379.0476190476189
1,1080,379,379.0476190476189
1,1081,379,378.57142857142844
1,1082,378,378.3809523809524
1,1083,378,378.28571428571416
1,1084,379,378.6190476190475
1,1085,379,379.38095238095224
1,1086,380,379.7142857142855
1,1087,380,379.61904761904754
1,1088,379,379.4285714285713
1,1089,379,379.04761904761887
1,1090,379,378.90476190476176
1,1091,379,378.90476190476176
1,1092,379,379.047619047619
1,1093,379,379.4285714285714
1,1094,380,379.6190476190474
1,1095,380,379.2380952380952
1,1096,379,379.6190476190474
1,1097,379,380.38095238095224
1,1098,383,381.5714285714284
1,1099,383,382.8095238095236
1,1100,383,383.6666666666666
1,1101,383,382.85714285714266
1,1102,383,381.9047619047617
1,1103,380,381.0476190476188
1,1104,380,380.5714285714285
1,1105,381,380.3333333333332
1,1106,381,380.6190476190474
1,1107,380,380.4285714285713
1,1108,380,380.04761904761887
1,1109,380,379.9047619047617
1,1110,380,379.99999999999983
1,1111,380,379.99999999999983
1,1112,380,379.90476190476176
1,1113,380,380.047619047619
1,1114,380,380.33333333333326
1,1115,381,380.6666666666666
1,1116,381,381.04761904761887
1,1117,381,380.9523809523808
1,1118,381,380.71428571428567
1,1119,380,380.66666666666646
1,1120,381,380.71428571428555
1,1121,381,380.8571428571426
1,1122,381,381.09523809523796
1,1123,381,380.9999999999999
1,1124,381,380.9999999999999
1,1125,381,380.9999999999999
1,1126,381,380.9999999999999
1,1127,381,381.0952380952378
1,1128,381,380.95238095238085
1,1129,381,380.5714285714285
1,1130,380,380.38095238095224
1,1131,380,380.3809523809523
1,1132,381,380.57142857142856
1,1133,381,380.95238095238096
1,1134,381,381.09523809523796
1,1135,381,380.90476190476176
1,1136,381,381.0476190476189
1,1137,381,381.4285714285713
1,1138,382,381.6190476190475
1,1139,382,381.6190476190475
1,1140,381,381.4285714285712
1,1141,381,381.0476190476188
1,1142,381,380.9999999999999
1,1143,381,380.95238095238085
1,1144,381,380.6666666666666
1,1145,380,380.33333333333314
1,1146,380,379.9523809523808
1,1147,380,379.95238095238074
1,1148,380,380.33333333333326
1,1149,381,380.6666666666666
1,1150,381,381.04761904761887
1,1151,381,381.04761904761887
1,1152,381,380.6666666666666
1,1153,380,380.33333333333314
1,1154,380,380.04761904761887
1,1155,380,379.9047619047617
1,1156,380,379.90476190476176
1,1157,380,380.047619047619
1,1158,380,380.33333333333326
1,1159,381,380.7619047619047
1,1160,381,380.9047619047619
1,1161,381,380.76190476190453
1,1162,380,380.33333333333314
1,1163,380,380.04761904761887
1,1164,380,379.9047619047617
1,1165,380,379.99999999999983
1,1166,380,379.99999999999983
1,1167,380,380.09523809523813
1,1168,380,379.9523809523809
1,1169,380,379.6666666666664
1,1170,379,379.33333333333314
1,1171,379,379.04761904761887
1,1172,379,378.90476190476176
1,1173,379,378.99999999999983
1,1174,379,378.99999999999983
1,1175,379,378.99999999999983
1,1176,379,378.99999999999983
1,1177,379,378.99999999999983
1,1178,379,379.095238095238
1,1179,379,378.952380952381
1,1180,379,378.6666666666665
1,1181,378,378.3333333333331
1,1182,378,378.04761904761887
1,1183,378,377.90476190476176
1,1184,378,378.09523809523785
1,1185,378,377.9523809523808
1,1186,378,377.57142857142827
1,1187,377,377.3809523809523
1,1188,377,377.3809523809523
1,1189,378,377.57142857142827
1,1190,378,377.95238095238096
1,1191,378,378.09523809523796
1,1192,378,378.09523809523785
1,1193,378,377.9523809523808
1,1194,378,377.6666666666665
1,1195,377,377.33333333333326
1,1196,377,377.047619047619
1,1197,377,376.9047619047618
1,1198,377,376.9999999999999
1,1199,377,376.9999999999999
1,1200,377,376.9999999999999
1,1201,377,376.9999999999999
1,1202,377,376.9999999999999
1,1203,377,376.9999999999999
1,1204,377,376.9999999999999
1,1205,377,376.9999999999999
1,1206,377,376.9999999999999
1,1207,377,376.9999999999999
1,1208,377,376.9999999999999
1,1209,377,376.9999999999999
1,1210,377,376.9999999999999
1,1211,377,376.9999999999999
1,1212,377,376.9999999999999
1,1213,377,376.9999999999999
1,1214,377,376.9999999999999
1,1215,377,376.9999999999999
1,1216,377,376.9999999999999
1,1217,377,376.90476190476187
1,1218,377,377.04761904761915
1,1219,377,377.4285714285712
1,1220,378,377.5238095238094
1,1221,378,377.66666666666646
1,1222,377,377.8571428571427
1,1223,378,377.6666666666665
1,1224,378,377.4285714285714
1,1225,377,377.47619047619014
1,1226,377,377.4761904761904
1,1227,378,377.5238095238093
1,1228,378,377.52380952380946
1,1229,377,377.47619047619014
1,1230,377,377.4761904761904
1,1231,378,377.5238095238093
1,1232,378,377.52380952380946
1,1233,377,377.47619047619014
1,1234,377,377.3809523809523
1,1235,378,377.57142857142827
1,1236,378,377.95238095238096
1,1237,378,378.09523809523796
1,1238,378,377.9999999999999
1,1239,378,377.9999999999999
1,1240,378,377.9999999999999
1,1241,378,377.9999999999999
1,1242,378,377.9999999999999
1,1243,378,377.9999999999999
1,1244,378,377.9999999999999
1,1245,378,377.90476190476176
1,1246,378,378.04761904761887
1,1247,378,378.33333333333326
1,1248,379,378.6666666666666
1,1249,379,378.95238095238085
1,1250,379,379.095238095238
1,1251,379,378.99999999999983
1,1252,379,378.99999999999983
1,1253,379,378.99999999999983
1,1254,379,378.99999999999983
1,1255,379,378.99999999999983
1,1256,379,378.99999999999983
1,1257,379,378.99999999999983
1,1258,379,378.99999999999983
1,1259,379,378.99999999999983
1,1260,379,378.99999999999983
1,1261,379,378.99999999999983
1,1262,379,378.90476190476176
1,1263,379,379.047619047619
1,1264,379,379.33333333333314
1,1265,380,379.66666666666646
1,1266,380,379.9523809523808
1,1267,380,380.095238095238
1,1268,380,379.99999999999983
1,1269,380,379.99999999999983
1,1270,380,379.99999999999983
1,1271,380,379.99999999999983
1,1272,380,379.99999999999983
1,1273,380,379.99999999999983
1,1274,380,380.09523809523813
1,1275,380,379.9523809523809
1,1276,380,379.57142857142844
1,1277,379,379.3714285714286
1,1278,379,379.28571428571416
1,1279,380,380.0000000000001
1,1280,380,379.8571428571428
1,1281,381,380.52380952380935
1,1282,381,380.8095238095236
1,1283,380,380.4285714285713
1,1284,380,380.04761904761887
1,1285,380,379.80952380952374
1,1286,380,380.047619047619
1,1287,380,380.4285714285714
1,1288,381,380.6190476190476
1,1289,381,380.6190476190474
1,1290,380,380.4285714285713
1,1291,380,380.04761904761887
1,1292,380,379.9047619047617
1,1293,380,379.90476190476176
1,1294,380,380.047619047619
1,1295,380,380.4285714285714
1,1296,381,380.6190476190476
1,1297,381,380.52380952380946
1,1298,380,380.4761904761903
1,1299,380,380.3809523809523
1,1300,381,379.9999999999999
1,1301,381,381.2380952380951
1,1302,381,383.095238095238
1,1303,387,385.0
1,1304,387,386.7142857142855
1,1305,387,388.2380952380952
1,1306,387,386.6666666666665
1,1307,387,384.66666666666646
1,1308,380,382.3333333333332
1,1309,380,380.4285714285712
1,1310,380,379.2857142857141
1,1311,380,379.57142857142844
1,1312,379,379.38095238095224
1,1313,379,379.47619047619037
1,1314,380,379.52380952380935
1,1315,380,379.61904761904754
1,1316,379,379.4285714285713
1,1317,379,379.04761904761887
1,1318,379,378.8095238095237
1,1319,379,379.047619047619
1,1320,379,379.4285714285714
1,1321,380,379.6190476190474
1,1322,380,379.61904761904754
1,1323,379,379.4285714285713
1,1324,379,379.04761904761887
1,1325,379,378.90476190476176
1,1326,379,379.095238095238
1,1327,379,378.952380952381
1,1328,379,378.6666666666665
1,1329,378,378.3333333333331
1,1330,378,378.04761904761887
1,1331,378,377.90476190476176
1,1332,378,377.90476190476176
1,1333,378,378.04761904761887
1,1334,378,378.4285714285712
1,1335,379,378.6190476190474
1,1336,379,378.5238095238094
1,1337,378,378.4761904761903
1,1338,378,378.47619047619037
1,1339,379,378.5238095238094
1,1340,379,378.6190476190474
1,1341,378,378.4285714285712
1,1342,378,378.04761904761887
1,1343,378,377.90476190476176
1,1344,378,377.9999999999999
1,1345,378,378.09523809523785
1,1346,378,377.9523809523808
1,1347,378,377.6666666666665
1,1348,377,377.33333333333326
1,1349,377,377.047619047619
1,1350,377,376.9047619047618
1,1351,377,376.9999999999999
1,1352,377,376.9999999999999
1,1353,377,376.9999999999999
1,1354,377,376.9999999999999
1,1355,377,376.9999999999999
1,1356,377,376.9999999999999
1,1357,377,376.9999999999999
1,1358,377,376.9999999999999
1,1359,377,377.0952380952381
1,1360,377,376.952380952381
1,1361,377,376.66666666666663
1,1362,376,376.3333333333333
1,1363,376,376.0476190476189
1,1364,376,375.80952380952374
1,1365,376,376.0476190476189
1,1366,376,376.4285714285712
1,1367,377,376.6190476190475
1,1368,377,376.61904761904754
1,1369,376,376.4285714285712
1,1370,376,375.95238095238085
1,1371,376,375.95238095238085
1,1372,376,376.33333333333326
1,1373,377,376.6666666666667
1,1374,377,377.0476190476189
1,1375,377,377.0476190476189
1,1376,377,376.66666666666663
1,1377,376,376.3333333333333
1,1378,376,376.0476190476189
1,1379,376,375.9047619047618
1,1380,376,375.9999999999999
1,1381,376,375.9999999999999
1,1382,376,375.9999999999999
1,1383,376,375.9999999999999
1,1384,376,375.9999999999999
1,1385,376,375.9999999999999
1,1386,376,375.9999999999999
1,1387,376,375.9999999999999
1,1388,376,375.9999999999999
1,1389,376,375.9047619047618
1,1390,376,376.0476190476189
1,1391,376,376.33333333333326
1,1392,377,376.6666666666667
1,1393,377,377.0476190476189
1,1394,377,377.0476190476189
1,1395,377,376.57142857142844
1,1396,376,376.3809523809523
1,1397,376,376.4761904761904
1,1398,377,376.5238095238094
1,1399,377,376.61904761904754
1,1400,376,376.4285714285712
1,1401,376,376.0476190476189
1,1402,376,375.80952380952374
1,1403,376,376.0476190476189
1,1404,376,376.4285714285712
1,1405,377,376.6190476190475
1,1406,377,376.61904761904754
1,1407,376,376.4285714285712
1,1408,376,376.0476190476189
1,1409,376,375.9047619047618
1,1410,376,375.9999999999999
1,1411,376,375.9999999999999
1,1412,376,375.9047619047618
1,1413,376,376.0476190476189
1,1414,376,376.33333333333326
1,1415,377,376.6666666666667
1,1416,377,376.9523809523808
1,1417,377,377.095238095238
1,1418,377,376.9999999999999
1,1419,377,376.9999999999999
1,1420,377,376.9999999999999
1,1421,377,376.9999999999999
1,1422,377,376.9999999999999
1,1423,377,376.9999999999999
1,1424,377,376.9999999999999
1,1425,377,376.9999999999999
1,1426,377,376.9999999999999
1,1427,377,376.9999999999999
1,1428,377,376.9999999999999
1,1429,377,376.9999999999999
1,1430,377,376.9999999999999
1,1431,377,376.90476190476187
1,1432,377,377.04761904761915
1,1433,377,377.33333333333326
1,1434,378,377.6666666666665
1,1435,378,378.047619047619
1,1436,378,378.04761904761887
1,1437,378,377.6666666666665
1,1438,377,377.33333333333326
1,1439,377,376.9523809523809
1,1440,377,376.9523809523808
1,1441,377,377.33333333333326
1,1442,378,377.6666666666665
1,1443,378,377.95238095238096
1,1444,378,378.09523809523796
1,1445,378,377.9999999999999
1,1446,378,377.9999999999999
1,1447,378,377.9999999999999
1,1448,378,377.90476190476176
1,1449,378,378.04761904761887
1,1450,378,378.33333333333326
1,1451,379,378.6666666666666
1,1452,379,379.0476190476189
1,1453,379,379.0476190476189
1,1454,379,378.57142857142844
1,1455,378,378.3809523809524
1,1456,378,378.3809523809523
1,1457,379,378.5714285714283
1,1458,379,378.95238095238085
1,1459,379,379.095238095238
1,1460,379,378.99999999999983
1,1461,379,378.99999999999983
1,1462,379,378.90476190476176
1,1463,379,379.047619047619
1,1464,379,379.4285714285714
1,1465,380,379.6190476190474
1,1466,380,379.52380952380935
1,1467,379,379.4761904761903
1,1468,379,379.3809523809523
1,1469,380,379.66666666666663
1,1470,380,379.90476190476187
1,1471,380,379.6666666666666
1,1472,379,379.38095238095224
1,1473,379,379.3809523809523
1,1474,380,379.57142857142844
1,1475,380,379.9523809523808
1,1476,380,380.095238095238
1,1477,380,380.09523809523813
1,1478,380,379.9523809523809
1,1479,380,379.57142857142844
1,1480,379,379.38095238095224
1,1481,379,379.3809523809523
1,1482,380,379.57142857142844
1,1483,380,379.9523809523808
1,1484,380,380.1904761904762
1,1485,380,379.9523809523809
1,1486,380,379.6666666666664
1,1487,379,379.33333333333314
1,1488,379,379.04761904761887
1,1489,379,378.90476190476176
1,1490,379,378.99999999999983
1,1491,379,378.99999999999983
1,1492,379,378.99999999999983
1,1493,379,378.99999999999983
1,1494,379,378.99999999999983
1,1495,379,378.99999999999983
1,1496,379,379.095238095238
1,1497,379,378.952380952381
1,1498,379,378.6666666666665
1,1499,378,378.3333333333331
1,1500,378,378.04761904761887
1,1501,378,377.90476190476176
1,1502,378,377.9999999999999
1,1503,378,377.9999999999999
1,1504,378,377.9999999999999
1,1505,378,377.33333333333314
1,1506,378,378.33333333333326
1,1507,378,380.33333333333314
1,1508,385,382.57142857142844
1,1509,385,384.7142857142856
1,1510,385,386.7619047619046
1,1511,386,385.3809523809523
1,1512,386,383.2380952380951
1,1513,378,380.33333333333326
1,1514,377,377.76190476190465
1,1515,377,376.6190476190475
1,1516,378,377.57142857142827
1,1517,378,378.047619047619
1,1518,378,378.04761904761887
1,1519,378,377.6666666666665
1,1520,377,377.33333333333326
1,1521,377,377.047619047619
1,1522,377,376.9047619047618
1,1523,377,376.9999999999999
1,1524,377,376.9999999999999
1,1525,377,376.9999999999999
1,1526,377,376.9999999999999
1,1527,377,376.9999999999999
1,1528,377,376.9999999999999
1,1529,377,376.9999999999999
1,1530,377,376.9999999999999
1,1531,377,376.9999999999999
1,1532,377,376.9999999999999
1,1533,377,377.0000000000002
1,1534,377,376.99999999999983
1,1535,377,376.9999999999999
1,1536,376,376.8095238095236
1,1537,376,376.42857142857133
1,1538,377,376.4761904761904
1,1539,377,376.9523809523808
1,1540,377,377.095238095238
1,1541,377,376.9999999999999
1,1542,377,377.0952380952381
1,1543,377,376.952380952381
1,1544,377,376.57142857142844
1,1545,376,376.3809523809523
1,1546,376,376.4761904761904
1,1547,377,376.5238095238094
1,1548,377,376.52380952380946
1,1549,376,376.4761904761903
1,1550,376,376.3809523809523
1,1551,377,376.57142857142844
1,1552,377,376.9523809523808
1,1553,377,377.095238095238
1,1554,377,376.9999999999999
1,1555,377,376.9999999999999
1,1556,377,376.9999999999999
1,1557,377,376.9999999999999
1,1558,377,376.9999999999999
1,1559,377,376.9999999999999
1,1560,377,376.9999999999999
1,1561,377,376.9999999999999
1,1562,377,376.9999999999999
1,1563,377,376.90476190476187
1,1564,377,377.04761904761915
1,1565,377,377.4285714285712
1,1566,378,377.6190476190474
1,1567,378,377.52380952380946
1,1568,377,377.47619047619014
1,1569,377,377.3809523809523
1,1570,378,377.57142857142827
1,1571,378,377.95238095238096
1,1572,378,378.09523809523796
1,1573,378,378.09523809523785
1,1574,378,377.9523809523808
1,1575,378,377.57142857142827
1,1576,377,377.3809523809523
1,1577,377,377.4761904761904
1,1578,378,377.5238095238093
1,1579,378,377.52380952380946
1,1580,377,377.47619047619014
1,1581,377,377.4761904761904
1,1582,378,377.42857142857133
1,1583,378,377.66666666666646
1,1584,377,377.7714285714287
1,1585,378,377.6571428571427
1,1586,378,378.15000000000003
2,0,377,378.0
2,1,377,377.142857142857
2,2,377,376.61904761904754
2,3,377,377.04761904761915
2,4,377,377.4285714285712
2,5,378,377.6190476190474
2,6,378,377.4285714285714
2,7,377,377.5238095238094
2,8,377,377.8095238095236
2,9,379,378.19047619047603
2,10,379,378.57142857142844
2,11,378,378.52380952380946
2,12,378,378.04761904761887
2,13,378,377.90476190476176
2,14,378,378.09523809523785
2,15,378,377.8571428571426
2,16,378,377.7142857142856
2,17,377,377.76190476190453
2,18,378,377.6666666666665
2,19,378,377.4285714285714
2,20,377,377.47619047619014
2,21,377,377.4761904761904
2,22,378,377.5238095238093
2,23,378,377.52380952380946
2,24,377,377.47619047619014
2,25,377,377.4761904761904
2,26,378,377.5238095238093
2,27,378,377.6190476190475
2,28,377,377.4285714285713
2,29,377,376.9523809523809
2,30,377,376.9523809523808
2,31,377,377.33333333333326
2,32,378,377.6666666666665
2,33,378,378.047619047619
2,34,378,378.04761904761887
2,35,378,377.6666666666665
2,36,377,377.33333333333326
2,37,377,377.047619047619
2,38,377,376.8095238095237
2,39,377,377.04761904761915
2,40,377,377.4285714285712
2,41,378,377.6190476190474
2,42,378,377.6190476190475
2,43,377,377.4285714285713
2,44,377,377.047619047619
2,45,377,376.9047619047618
2,46,377,376.9999999999999
2,47,377,376.9999999999999
2,48,377,376.9999999999999
2,49,377,376.9999999999999
2,50,377,376.9999999999999
2,51,377,376.9999999999999
2,52,377,376.90476190476187
2,53,377,377.04761904761915
2,54,377,377.4285714285712
2,55,378,377.6190476190474
2,56,378,377.52380952380946
2,57,377,377.47619047619014
2,58,377,377.3809523809523
2,59,378,377.6666666666665
2,60,378,377.9047619047618
2,61,378,377.76190476190465
2,62,377,377.33333333333326
2,63,377,377.047619047619
2,64,377,376.9047619047618
2,65,377,376.9999999999999
2,66,377,376.9999999999999
2,67,377,376.9999999999999
2,68,377,376.9999999999999
2,69,377,376.9999999999999
2,70,377,376.9999999999999
2,71,377,376.9999999999999
2,72,377,376.9999999999999
2,73,377,376.9999999999999
2,74,377,376.9999999999999
2,75,377,376.9999999999999
2,76,377,376.9999999999999
2,77,377,376.9999999999999
2,78,377,376.9999999999999
2,79,377,376.9999999999999
2,80,377,376.9999999999999
2,81,377,376.9999999999999
2,82,377,376.9999999999999
2,83,377,376.9999999999999
2,84,377,376.9999999999999
2,85,377,376.9999999999999
2,86,377,376.9999999999999
2,87,377,376.90476190476187
2,88,377,377.04761904761915
2,89,377,377.0476190476189
2,90,378,377.80952380952374
2,91,378,378.9523809523807
2,92,381,380.19047619047603
2,93,381,380.8095238095237
2,94,381,381.23809523809507
2,95,380,380.1904761904762
2,96,380,379.047619047619
2,97,377,377.9047619047618
2,98,377,377.04761904761915
2,99,377,376.76190476190465
2,100,377,377.33333333333326
2,101,378,377.6666666666665
2,102,378,377.95238095238096
2,103,378,378.09523809523796
2,104,378,377.9999999999999
2,105,378,377.90476190476176
2,106,378,378.04761904761887
2,107,378,378.23809523809507
2,108,379,378.71428571428555
2,109,379,379.2857142857143
2,110,380,379.76190476190465
2,111,380,379.9523809523808
2,112,380,380.095238095238
2,113,380,379.99999999999983
2,114,380,379.99999999999983
2,115,380,379.90476190476176
2,116,380,380.047619047619
2,117,380,380.4285714285714
2,118,381,380.71428571428555
2,119,381,380.5714285714285
2,120,380,379.90476190476176
2,121,379,379.47619047619037
2,122,379,379.7142857142855
2,123,381,380.19047619047603
2,124,381,380.6666666666666
2,125,380,380.4761904761904
2,126,380,379.6190476190475
2,127,379,379.28571428571416
2,128,379,379.28571428571416
2,129,380,379.6190476190476
2,130,380,380.3809523809521
2,131,381,380.71428571428555
2,132,381,380.52380952380946
2,133,380,380.4761904761903
2,134,380,380.3809523809523
2,135,381,380.57142857142856
2,136,381,380.95238095238096
2,137,381,381.09523809523796
2,138,381,381.0952380952378
2,139,381,380.85714285714266
2,140,381,380.71428571428567
2,141,380,380.66666666666646
2,142,381,380.71428571428555
2,143,381,380.8571428571426
2,144,381,381.09523809523796
2,145,381,380.9999999999999
2,146,381,380.9999999999999
2,147,381,380.9999999999999
2,148,381,380.9999999999999
2,149,381,380.9999999999999
2,150,381,380.9999999999999
2,151,381,380.9999999999999
2,152,381,380.9999999999999
2,153,381,381.0952380952378
2,154,381,380.95238095238085
2,155,381,380.5714285714285
2,156,380,380.38095238095224
2,157,380,380.3809523809523
2,158,381,380.57142857142856
2,159,381,380.95238095238096
2,160,381,381.1904761904761
2,161,381,380.95238095238085
2,162,381,380.5714285714285
2,163,380,380.38095238095224
2,164,380,380.47619047619037
2,165,381,380.52380952380946
2,166,381,380.6190476190474
2,167,380,380.4285714285713
2,168,380,379.9523809523808
2,169,380,379.95238095238074
2,170,380,380.4285714285714
2,171,381,380.6190476190476
2,172,381,380.6190476190474
2,173,380,380.4285714285713
2,174,380,380.04761904761887
2,175,380,379.9047619047617
2,176,380,379.99999999999983
2,177,380,379.99999999999983
2,178,380,379.99999999999983
2,179,380,379.99999999999983
2,180,380,380.09523809523813
2,181,380,379.9523809523809
2,182,380,379.6666666666664
2,183,379,379.33333333333314
2,184,379,379.04761904761887
2,185,379,378.90476190476176
2,186,379,378.99999999999983
2,187,379,379.095238095238
2,188,379,378.952380952381
2,189,379,378.6666666666665
2,190,378,378.3333333333331
2,191,378,378.04761904761887
2,192,378,377.90476190476176
2,193,378,377.90476190476176
2,194,378,378.04761904761887
2,195,378,378.4285714285712
2,196,379,378.6190476190474
2,197,379,378.5238095238094
2,198,378,378.4761904761903
2,199,378,378.3809523809523
2,200,379,378.5714285714283
2,201,379,379.0476190476189
2,202,379,379.0476190476189
2,203,379,378.6666666666665
2,204,378,378.3333333333331
2,205,378,378.04761904761887
2,206,378,377.90476190476176
2,207,378,377.9999999999999
2,208,378,377.9999999999999
2,209,378,377.9999999999999
2,210,378,378.09523809523785
2,211,378,377.9523809523808
2,212,378,377.57142857142827
2,213,377,377.3809523809523
2,214,377,377.3809523809523
2,215,378,377.57142857142827
2,216,378,377.95238095238096
2,217,378,378.09523809523796
2,218,378,377.9999999999999
2,219,378,377.9999999999999
2,220,378,378.09523809523785
2,221,378,377.9523809523808
2,222,378,377.6666666666665
2,223,377,377.33333333333326
2,224,377,377.047619047619
2,225,377,376.9047619047618
2,226,377,376.9999999999999
2,227,377,376.9999999999999
2,228,377,376.9999999999999
2,229,377,376.9999999999999
2,230,377,376.9999999999999
2,231,377,376.9999999999999
2,232,377,376.9999999999999
2,233,377,376.9999999999999
2,234,377,376.9999999999999
2,235,377,376.9999999999999
2,236,377,376.9999999999999
2,237,377,376.9999999999999
2,238,377,376.9999999999999
2,239,377,376.9999999999999
2,240,377,376.9999999999999
2,241,377,376.9999999999999
2,242,377,376.9999999999999
2,243,377,376.9999999999999
2,244,377,376.90476190476187
2,245,377,377.04761904761915
2,246,377,377.33333333333326
2,247,378,377.6666666666665
2,248,378,377.95238095238096
2,249,378,378.09523809523796
2,250,378,377.9999999999999
2,251,378,377.9999999999999
2,252,378,377.9999999999999
2,253,378,378.0000000000001
2,254,378,377.99999999999983
2,255,378,377.99999999999983
2,256,378,379.09523809523796
2,257,379,378.7142857142856
2,258,379,378.3333333333331
2,259,378,378.4761904761903
2,260,378,378.3809523809523
2,261,379,378.5714285714283
2,262,379,378.95238095238085
2,263,379,379.1904761904761
2,264,379,378.952380952381
2,265,379,378.57142857142844
2,266,378,378.3809523809524
2,267,378,378.3809523809523
2,268,379,378.5714285714283
2,269,379,378.95238095238085
2,270,379,379.095238095238
2,271,379,378.90476190476176
2,272,379,379.047619047619
2,273,379,379.33333333333314
2,274,380,379.66666666666646
2,275,380,379.9523809523808
2,276,380,380.095238095238
2,277,380,379.99999999999983
2,278,380,379.99999999999983
2,279,380,379.90476190476176
2,280,380,380.047619047619
2,281,380,380.4285714285714
2,282,381,380.6190476190476
2,283,381,380.6190476190474
2,284,380,380.33333333333326
2,285,380,380.09523809523785
2,286,380,380.33333333333314
2,287,381,380.6190476190476
2,288,381,380.52380952380946
2,289,380,380.4761904761903
2,290,380,380.3809523809523
2,291,381,380.57142857142856
2,292,381,380.85714285714266
2,293,381,381.142857142857
2,294,381,380.9523809523807
2,295,382,381.8571428571428
2,296,382,383.2857142857141
2,297,386,384.6666666666665
2,298,386,385.85714285714283
2,299,386,387.38095238095224
2,300,387,386.3333333333332
2,301,387,384.5238095238095
2,302,380,382.47619047619037
2,303,380,380.76190476190453
2,304,381,379.9523809523809
2,305,381,380.6190476190474
2,306,380,380.4285714285713
2,307,380,380.04761904761887
2,308,380,379.9047619047617
2,309,380,379.99999999999983
2,310,380,380.09523809523813
2,311,380,379.9523809523809
2,312,380,379.76190476190476
2,313,379,379.28571428571405
2,314,379,378.71428571428555
2,315,378,378.238095238095
2,316,378,378.04761904761887
2,317,378,377.90476190476176
2,318,378,377.9999999999999
2,319,378,377.9999999999999
2,320,378,377.9999999999999
2,321,378,377.9999999999999
2,322,378,377.9999999999999
2,323,378,377.9999999999999
2,324,378,377.9999999999999
2,325,378,377.9999999999999
2,326,378,377.90476190476176
2,327,378,378.04761904761887
2,328,378,378.4285714285712
2,329,379,378.6190476190474
2,330,379,378.6190476190474
2,331,378,378.4285714285712
2,332,378,378.04761904761887
2,333,378,377.90476190476176
2,334,378,377.9999999999999
2,335,378,377.9999999999999
2,336,378,377.9999999999999
2,337,378,378.09523809523785
2,338,378,377.9523809523808
2,339,378,377.6666666666665
2,340,377,377.33333333333326
2,341,377,377.047619047619
2,342,377,376.9047619047618
2,343,377,376.9999999999999
2,344,377,376.9999999999999
2,345,377,376.9999999999999
2,346,377,376.9999999999999
2,347,377,376.9999999999999
2,348,377,376.9999999999999
2,349,377,376.90476190476187
2,350,377,377.04761904761915
2,351,377,377.4285714285712
2,352,378,377.6190476190474
2,353,378,377.6190476190475
2,354,377,377.52380952380946
2,355,377,376.99999999999994
2,356,377,376.4761904761903
2,357,376,376.3809523809523
2,358,376,376.4761904761904
2,359,377,376.5238095238094
2,360,377,376.52380952380946
2,361,376,376.4761904761903
2,362,376,376.4761904761904
2,363,377,376.5238095238094
2,364,377,376.52380952380946
2,365,376,376.4761904761903
2,366,376,376.3809523809523
2,367,377,376.57142857142844
2,368,377,376.9523809523808
2,369,377,377.095238095238
2,370,377,376.9999999999999
2,371,377,376.9999999999999
2,372,377,376.9999999999999
2,373,377,376.9999999999999
2,374,377,376.9999999999999
2,375,377,376.9999999999999
2,376,377,376.9999999999999
2,377,377,376.9999999999999
2,378,377,376.9999999999999
2,379,377,376.90476190476187
2,380,377,377.04761904761915
2,381,377,377.33333333333326
2,382,378,377.6666666666665
2,383,378,377.95238095238096
2,384,378,378.09523809523796
2,385,378,377.9999999999999
2,386,378,377.9999999999999
2,387,378,377.90476190476176
2,388,378,378.04761904761887
2,389,378,378.33333333333326
2,390,379,378.6666666666666
2,391,379,378.95238095238085
2,392,379,379.095238095238
2,393,379,378.99999999999983
2,394,379,378.99999999999983
2,395,379,378.90476190476176
2,396,379,379.047619047619
2,397,379,379.4285714285714
2,398,380,379.6190476190474
2,399,380,379.61904761904754
2,400,379,379.4285714285713
2,401,379,379.04761904761887
2,402,379,378.90476190476176
2,403,379,378.99999999999983
2,404,379,378.99999999999983
2,405,379,378.99999999999983
2,406,379,378.99999999999983
2,407,379,378.99999999999983
2,408,379,378.99999999999983
2,409,379,378.99999999999983
2,410,379,378.99999999999983
2,411,379,378.99999999999983
2,412,379,378.99999999999983
2,413,379,378.99999999999983
2,414,379,378.90476190476176
2,415,379,379.047619047619
2,416,379,379.33333333333314
2,417,380,379.66666666666646
2,418,380,379.9523809523808
2,419,380,380.095238095238
2,420,380,379.90476190476176
2,421,380,380.047619047619
2,422,380,380.33333333333326
2,423,381,380.6666666666666
2,424,381,380.95238095238096
2,425,381,380.9999999999999
2,426,381,381.0476190476189
2,427,381,381.4285714285713
2,428,382,381.6190476190475
2,429,382,381.6190476190475
2,430,381,381.4285714285712
2,431,381,381.1428571428572
2,432,381,380.85714285714283
2,433,381,380.6666666666666
2,434,380,380.33333333333314
2,435,380,380.04761904761887
2,436,380,379.9047619047617
2,437,380,379.90476190476176
2,438,380,380.047619047619
2,439,380,380.33333333333326
2,440,381,380.5714285714285
2,441,381,380.9999999999998
2,442,381,381.6190476190474
2,443,382,381.57142857142844
2,444,382,381.1904761904761
2,445,380,380.80952380952357
2,446,380,380.42857142857144
2,447,381,380.47619047619037
2,448,381,380.95238095238096
2,449,381,381.09523809523796
2,450,381,380.9999999999999
2,451,381,380.9999999999999
2,452,381,380.90476190476176
2,453,381,381.0476190476189
2,454,381,381.4285714285713
2,455,382,381.6190476190475
2,456,382,381.6190476190475
2,457,381,381.4285714285712
2,458,381,381.0476190476188
2,459,381,380.9047619047617
2,460,381,381.0952380952378
2,461,381,381.0476190476188
2,462,381,380.6190476190474
2,463,380,379.90476190476176
2,464,379,379.42857142857133
2,465,379,379.19047619047603
2,466,380,379.6190476190476
2,467,380,380.3809523809521
2,468,381,380.71428571428555
2,469,381,380.6190476190474
2,470,380,380.4285714285713
2,471,380,380.1428571428571
2,472,380,379.8571428571428
2,473,380,379.6666666666664
2,474,379,379.33333333333314
2,475,379,379.04761904761887
2,476,379,378.90476190476176
2,477,379,378.99999999999983
2,478,379,378.99999999999983
2,479,379,378.99999999999983
2,480,379,378.99999999999983
2,481,379,378.99999999999983
2,482,379,378.99999999999983
2,483,379,378.99999999999983
2,484,379,378.99999999999983
2,485,379,378.99999999999983
2,486,379,379.095238095238
2,487,379,378.952380952381
2,488,379,378.57142857142844
2,489,378,378.3809523809524
2,490,378,378.47619047619037
2,491,379,378.5238095238094
2,492,379,378.6190476190474
2,493,378,378.4285714285712
2,494,378,378.04761904761887
2,495,378,377.90476190476176
2,496,378,377.9999999999999
2,497,378,377.9999999999999
2,498,378,377.4285714285713
2,499,378,378.28571428571416
2,500,378,379.9999999999998
2,501,384,381.9999999999999
2,502,384,383.7142857142855
2,503,384,384.5714285714284
2,504,384,384.6666666666665
2,505,384,383.66666666666646
2,506,384,381.6666666666665
2,507,377,379.2380952380951
2,508,377,377.38095238095246
2,509,377,376.2571428571429
2,510,378,377.6285714285714
2,511,378,378.09999999999985
2,512,378,378.6190476190475
2,513,378,377.7619047619047
2,514,377,377.1428571428572
2,515,377,377.1428571428571
2,516,377,376.8571428571427
2,517,377,376.66666666666663
2,518,376,376.3333333333333
2,519,376,375.95238095238085
2,520,376,375.95238095238085
2,521,376,376.33333333333326
2,522,377,376.6666666666667
2,523,377,376.9523809523808
2,524,377,377.095238095238
2,525,377,376.9999999999999
2,526,377,377.0952380952381
2,527,377,376.952380952381
2,528,377,376.57142857142844
2,529,376,376.3809523809523
2,530,376,376.3809523809523
2,531,377,376.57142857142844
2,532,377,376.8571428571427
2,533,377,377.14285714285705
2,534,377,377.4285714285712
2,535,378,377.6190476190474
2,536,378,377.6190476190475
2,537,377,377.4285714285713
2,538,377,377.047619047619
2,539,377,376.9047619047618
2,540,377,376.9999999999999
2,541,377,376.90476190476187
2,542,377,377.04761904761915
2,543,377,377.4285714285712
2,544,378,377.6190476190474
2,545,378,377.6190476190475
2,546,377,377.4285714285713
2,547,377,377.047619047619
2,548,377,376.9047619047618
2,549,377,376.9999999999999
2,550,377,376.9999999999999
2,551,377,376.9999999999999
2,552,377,376.9999999999999
2,553,377,376.9999999999999
2,554,377,376.9999999999999
2,555,377,376.9999999999999
2,556,377,376.9999999999999
2,557,377,376.90476190476187
2,558,377,377.04761904761915
2,559,377,377.33333333333326
2,560,378,377.6666666666665
2,561,378,377.95238095238096
2,562,378,377.99999999999983
2,563,378,378.04761904761887
2,564,378,378.4285714285712
2,565,379,378.6190476190474
2,566,379,378.5238095238094
2,567,378,378.4761904761903
2,568,378,378.47619047619037
2,569,379,378.5238095238094
2,570,379,378.6190476190474
2,571,378,378.4285714285712
2,572,378,377.95238095238085
2,573,378,377.95238095238096
2,574,378,378.4285714285712
2,575,379,378.6190476190474
2,576,379,378.5238095238094
2,577,378,378.4761904761903
2,578,378,378.3809523809523
2,579,379,378.5714285714283
2,580,379,378.95238095238085
2,581,379,379.095238095238
2,582,379,378.99999999999983
2,583,379,378.90476190476176
2,584,379,379.047619047619
2,585,379,379.33333333333314
2,586,380,379.66666666666646
2,587,380,379.9523809523808
2,588,380,380.095238095238
2,589,380,379.99999999999983
2,590,380,379.99999999999983
2,591,380,379.90476190476176
2,592,380,380.047619047619
2,593,380,380.4285714285714
2,594,381,380.6190476190476
2,595,381,380.6190476190474
2,596,380,380.4285714285713
2,597,380,380.04761904761887
2,598,380,379.9047619047617
2,599,380,379.99999999999983
2,600,380,379.99999999999983
2,601,380,379.90476190476176
2,602,380,380.047619047619
2,603,380,380.33333333333326
2,604,381,380.6666666666666
2,605,381,380.95238095238096
2,606,381,380.9999999999999
2,607,381,381.0476190476189
2,608,381,381.4285714285713
2,609,382,381.6190476190475
2,610,382,381.52380952380935
2,611,381,381.47619047619037
2,612,381,381.47619047619037
2,613,382,381.52380952380935
2,614,382,381.6190476190475
2,615,381,381.4285714285712
2,616,381,381.0476190476188
2,617,381,380.9047619047617
2,618,381,381.0952380952378
2,619,381,380.85714285714266
2,620,381,380.71428571428567
2,621,380,380.76190476190453
2,622,381,380.6666666666666
2,623,381,380.5238095238095
2,624,380,380.4285714285713
2,625,380,380.04761904761887
2,626,380,379.9047619047617
2,627,380,379.99999999999983
2,628,380,379.99999999999983
2,629,380,379.99999999999983
2,630,380,379.99999999999983
2,631,380,379.99999999999983
2,632,380,379.99999999999983
2,633,380,379.99999999999983
2,634,380,379.99999999999983
2,635,380,379.99999999999983
2,636,380,379.99999999999983
2,637,380,380.09523809523813
2,638,380,379.9523809523809
2,639,380,379.6666666666664
2,640,379,379.33333333333314
2,641,379,379.14285714285705
2,642,379,378.85714285714266
2,643,379,378.6666666666665
2,644,378,378.3333333333331
2,645,378,378.04761904761887
2,646,378,377.90476190476176
2,647,378,378.09523809523785
2,648,378,377.9523809523808
2,649,378,377.6666666666665
2,650,377,377.33333333333326
2,651,377,377.047619047619
2,652,377,376.9047619047618
2,653,377,376.9999999999999
2,654,377,376.9999999999999
2,655,377,376.9999999999999
2,656,377,376.9999999999999
2,657,377,376.9999999999999
2,658,377,376.9999999999999
2,659,377,376.9999999999999
2,660,377,376.9999999999999
2,661,377,376.9999999999999
2,662,377,376.9999999999999
2,663,377,376.9999999999999
2,664,377,376.9999999999999
2,665,377,376.9999999999999
2,666,377,376.9999999999999
2,667,377,376.9999999999999
2,668,377,376.9999999999999
2,669,377,376.9999999999999
2,670,377,376.9999999999999
2,671,377,377.0952380952381
2,672,377,376.952380952381
2,673,377,376.57142857142844
2,674,376,376.3809523809523
2,675,376,376.4761904761904
2,676,377,376.5238095238094
2,677,377,376.61904761904754
2,678,376,376.4285714285712
2,679,376,375.95238095238085
2,680,376,375.95238095238085
2,681,376,376.33333333333326
2,682,377,376.6666666666667
2,683,377,376.9523809523808
2,684,377,377.095238095238
2,685,377,376.9999999999999
2,686,377,376.9999999999999
2,687,377,376.90476190476187
2,688,377,377.04761904761915
2,689,377,377.33333333333326
2,690,378,377.6666666666665
2,691,378,377.95238095238096
2,692,378,378.09523809523796
2,693,378,377.9999999999999
2,694,378,377.9999999999999
2,695,378,377.9999999999999
2,696,378,377.9999999999999
2,697,378,377.9999999999999
2,698,378,377.9999999999999
2,699,378,377.9999999999999
2,700,378,377.9999999999999
2,701,378,377.90476190476176
2,702,378,378.04761904761887
2,703,378,377.95238095238074
2,704,379,378.8571428571428
2,705,379,380.2857142857141
2,706,383,381.7619047619047
2,707,383,383.00000000000006
2,708,383,383.2857142857142
2,709,383,382.4285714285713
2,710,381,381.6190476190475
2,711,381,380.66666666666663
2,712,380,380.1904761904761
2,713,380,380.47619047619037
2,714,381,380.52380952380946
2,715,381,380.6190476190474
2,716,380,380.4285714285713
2,717,380,379.9523809523808
2,718,380,379.95238095238074
2,719,380,380.33333333333326
2,720,381,380.6666666666666
2,721,381,380.95238095238096
2,722,381,381.09523809523796
2,723,381,380.9999999999999
2,724,381,380.9999999999999
2,725,381,380.9999999999999
2,726,381,380.9999999999999
2,727,381,380.9999999999999
2,728,381,381.0952380952378
2,729,381,380.95238095238085
2,730,381,380.6666666666666
2,731,380,380.33333333333314
2,732,380,379.9523809523808
2,733,380,379.95238095238074
2,734,380,380.33333333333326
2,735,381,380.6666666666666
2,736,381,380.95238095238096
2,737,381,381.09523809523796
2,738,381,380.9999999999999
2,739,381,380.9999999999999
2,740,381,380.9999999999999
2,741,381,380.9999999999999
2,742,381,380.9999999999999
2,743,381,380.9999999999999
2,744,381,381.0952380952378
2,745,381,380.95238095238085
2,746,381,380.5714285714285
2,747,380,380.38095238095224
2,748,380,380.47619047619037
2,749,381,380.52380952380946
2,750,381,380.52380952380946
2,751,380,380.5714285714284
2,752,380,380.3333333333332
2,753,381,380.2380952380951
2,754,380,380.28571428571416
2,755,380,380.238095238095
2,756,380,379.8571428571428
2,757,380,379.6666666666664
2,758,379,379.33333333333314
2,759,379,379.04761904761887
2,760,379,378.90476190476176
2,761,379,378.90476190476176
2,762,379,379.047619047619
2,763,379,379.4285714285714
2,764,380,379.6190476190474
2,765,380,379.71428571428584
2,766,379,379.51428571428556
2,767,379,378.9
2,768,379,379.28571428571405
2,769,379,378.71428571428555
2,770,378,378.238095238095
2,771,378,378.04761904761887
2,772,378,377.90476190476176
2,773,378,377.90476190476176
2,774,378,378.04761904761887
2,775,378,378.33333333333326
2,776,379,378.76190476190465
2,777,379,378.9047619047618
2,778,379,378.76190476190453
2,779,378,378.3333333333331
2,780,378,378.142857142857
2,781,378,377.8571428571427
2,782,378,377.6666666666665
2,783,377,377.33333333333326
2,784,377,377.047619047619
2,785,377,376.9047619047618
2,786,377,376.9999999999999
2,787,377,376.9999999999999
2,788,377,376.9999999999999
2,789,377,376.9999999999999
2,790,377,376.9999999999999
2,791,377,376.9999999999999
2,792,377,376.9999999999999
2,793,377,376.9999999999999
2,794,377,376.9999999999999
2,795,377,377.0952380952381
2,796,377,376.952380952381
2,797,377,376.66666666666663
2,798,376,376.3333333333333
2,799,376,375.95238095238085
2,800,376,375.95238095238085
2,801,376,376.33333333333326
2,802,377,376.6666666666667
2,803,377,377.0476190476189
2,804,377,377.0476190476189
2,805,377,376.66666666666663
2,806,376,376.3333333333333
2,807,376,375.95238095238085
2,808,376,375.95238095238085
2,809,376,376.4285714285712
2,810,377,376.6190476190475
2,811,377,376.52380952380946
2,812,376,376.4761904761903
2,813,376,376.3809523809523
2,814,377,376.66666666666663
2,815,377,376.90476190476187
2,816,377,376.66666666666646
2,817,376,376.3809523809523
2,818,376,376.4761904761904
2,819,377,376.5238095238094
2,820,377,376.52380952380946
2,821,376,376.4761904761903
2,822,376,376.3809523809523
2,823,377,376.57142857142844
2,824,377,376.9523809523808
2,825,377,377.095238095238
2,826,377,376.90476190476187
2,827,377,377.04761904761915
2,828,377,377.33333333333326
2,829,378,377.6666666666665
2,830,378,377.95238095238096
2,831,378,378.09523809523796
2,832,378,377.9999999999999
2,833,378,377.9999999999999
2,834,378,378.09523809523785
2,835,378,377.8571428571426
2,836,378,377.7142857142856
2,837,377,377.66666666666663
2,838,378,377.7142857142856
2,839,378,377.8571428571426
2,840,378,378.09523809523796
2,841,378,377.90476190476176
2,842,378,378.04761904761887
2,843,378,378.4285714285712
2,844,379,378.6190476190474
2,845,379,378.5238095238094
2,846,378,378.4761904761903
2,847,378,378.3809523809523
2,848,379,378.5714285714283
2,849,379,378.95238095238085
2,850,379,379.095238095238
2,851,379,378.8095238095236
2,852,379,379.09523809523796
2,853,379,379.7619047619046
2,854,381,380.285714285714
2,855,381,380.5714285714285
2,856,380,380.4285714285712
2,857,380,380.09523809523785
2,858,380,380.2380952380952
2,859,381,380.6666666666666
2,860,381,380.95238095238096
2,861,381,381.09523809523796
2,862,381,380.9999999999999
2,863,381,380.9999999999999
2,864,381,380.90476190476176
2,865,381,381.0476190476189
2,866,381,381.4285714285713
2,867,382,381.6190476190475
2,868,382,381.52380952380935
2,869,381,381.47619047619037
2,870,381,381.47619047619037
2,871,382,381.52380952380935
2,872,382,381.6190476190475
2,873,381,381.4285714285712
2,874,381,381.0476190476188
2,875,381,380.9047619047617
2,876,381,380.9999999999999
2,877,381,381.0952380952378
2,878,381,380.95238095238085
2,879,381,380.5714285714285
2,880,380,380.38095238095224
2,881,380,380.5714285714285
2,882,381,380.4761904761903
2,883,381,380.2857142857141
2,884,379,379.7619047619048
2,885,379,379.0952380952381
2,886,379,378.8095238095236
2,887,379,378.99999999999983
2,888,379,378.99999999999983
2,889,379,378.99999999999983
2,890,379,378.99999999999983
2,891,379,378.90476190476176
2,892,379,379.047619047619
2,893,379,379.33333333333314
2,894,380,379.66666666666646
2,895,380,379.9523809523808
2,896,380,380.095238095238
2,897,380,379.99999999999983
2,898,380,379.99999999999983
2,899,380,379.99999999999983
2,900,380,379.99999999999983
2,901,380,379.99999999999983
2,902,380,379.99999999999983
2,903,380,379.99999999999983
2,904,380,379.99999999999983
2,905,380,379.99999999999983
2,906,380,379.99999999999983
2,907,380,379.99999999999983
2,908,380,379.33333333333314
2,909,380,380.33333333333314
2,910,380,382.3333333333332
2,911,387,384.6666666666665
2,912,387,386.6666666666666
2,913,387,387.66666666666646
2,914,387,386.90476190476187
2,915,387,387.0476190476188
2,916,387,387.3333333333332
2,917,388,387.66666666666646
2,918,388,388.7142857142855
2,919,388,387.71428571428567
2,920,388,385.3333333333333
2,921,380,382.66666666666663
2,922,380,380.3809523809523
2,923,380,379.2380952380952
2,924,380,379.99999999999983
2,925,380,379.99999999999983
2,926,380,379.99999999999983
2,927,380,379.99999999999983
2,928,380,380.09523809523813
2,929,380,379.9523809523809
2,930,380,379.6666666666664
2,931,379,379.33333333333314
2,932,379,379.04761904761887
2,933,379,378.90476190476176
2,934,379,379.095238095238
2,935,379,379.0476190476188
2,936,379,378.6190476190474
2,937,378,378.0
2,938,377,377.3809523809523
2,939,377,377.0476190476189
2,940,377,376.8571428571427
2,941,377,376.66666666666663
2,942,376,376.3333333333333
2,943,376,376.0476190476189
2,944,376,375.9047619047618
2,945,376,375.9047619047618
2,946,376,376.0476190476189
2,947,376,376.33333333333326
2,948,377,376.6666666666667
2,949,377,376.9523809523808
2,950,377,377.095238095238
2,951,377,376.90476190476187
2,952,377,377.04761904761915
2,953,377,377.33333333333326
2,954,378,377.6666666666665
2,955,378,377.95238095238096
2,956,378,378.09523809523796
2,957,378,377.9999999999999
2,958,378,377.9999999999999
2,959,378,377.9999999999999
2,960,378,378.09523809523785
2,961,378,377.9523809523808
2,962,378,377.7619047619048
2,963,377,377.2857142857141
2,964,377,376.61904761904765
2,965,376,376.2857142857143
2,966,376,376.4761904761904
2,967,377,376.5238095238094
2,968,377,376.61904761904754
2,969,376,376.4285714285712
2,970,376,376.0476190476189
2,971,376,375.9047619047618
2,972,376,375.9999999999999
2,973,376,375.9999999999999
2,974,376,375.9047619047618
2,975,376,376.0476190476189
2,976,376,376.33333333333326
2,977,377,376.6666666666667
2,978,377,376.9523809523808
2,979,377,377.095238095238
2,980,377,376.9999999999999
2,981,377,376.9999999999999
2,982,377,376.9999999999999
2,983,377,376.9999999999999
2,984,377,376.9999999999999
2,985,377,376.9999999999999
2,986,377,376.90476190476187
2,987,377,377.04761904761915
2,988,377,377.33333333333326
2,989,378,377.6666666666665
2,990,378,377.95238095238096
2,991,378,378.19047619047603
2,992,378,377.9523809523808
2,993,378,377.57142857142827
2,994,377,377.3809523809523
2,995,377,377.3809523809523
2,996,378,377.57142857142827
2,997,378,377.95238095238096
2,998,378,378.09523809523796
2,999,378,377.9999999999999
2,1000,378,377.9999999999999
2,1001,378,377.9999999999999
2,1002,378,377.9999999999999
2,1003,378,377.9999999999999
2,1004,378,377.9999999999999
2,1005,378,377.90476190476176
2,1006,378,378.04761904761887
2,1007,378,378.33333333333326
2,1008,379,378.57142857142844
2,1009,379,378.9999999999999
2,1010,379,379.42857142857133
2,1011,380,379.66666666666646
2,1012,380,380.0476190476189
2,1013,380,380.047619047619
2,1014,380,379.6666666666664
2,1015,379,379.33333333333314
2,1016,379,379.04761904761887
2,1017,379,378.90476190476176
2,1018,379,378.99999999999983
2,1019,379,378.99999999999983
2,1020,379,378.90476190476176
2,1021,379,379.0000000000002
2,1022,379,379.25714285714275
2,1023,380,379.94999999999993
2,1024,380,379.57142857142844
2,1025,379,379.38095238095224
2,1026,379,379.3809523809523
2,1027,380,379.57142857142844
2,1028,380,379.9523809523808
2,1029,380,380.095238095238
2,1030,380,379.99999999999983
2,1031,380,379.99999999999983
2,1032,380,379.99999999999983
2,1033,380,379.99999999999983
2,1034,380,379.99999999999983
2,1035,380,379.99999999999983
2,1036,380,379.99999999999983
2,1037,380,379.99999999999983
2,1038,380,379.99999999999983
2,1039,380,379.99999999999983
2,1040,380,379.99999999999983
2,1041,380,379.99999999999983
2,1042,380,379.99999999999983
2,1043,380,379.99999999999983
2,1044,380,379.99999999999983
2,1045,380,379.90476190476176
2,1046,380,380.047619047619
2,1047,380,380.4285714285714
2,1048,381,380.6190476190476
2,1049,381,380.6190476190474
2,1050,380,380.4285714285713
2,1051,380,379.9523809523808
2,1052,380,379.95238095238074
2,1053,380,380.33333333333326
2,1054,381,380.6666666666666
2,1055,381,381.04761904761887
2,1056,381,381.04761904761887
2,1057,381,380.6666666666666
2,1058,380,380.33333333333314
2,1059,380,380.04761904761887
2,1060,380,379.9047619047617
2,1061,380,379.99999999999983
2,1062,380,379.99999999999983
2,1063,380,379.99999999999983
2,1064,380,379.99999999999983
2,1065,380,379.99999999999983
2,1066,380,379.99999999999983
2,1067,380,379.99999999999983
2,1068,380,379.99999999999983
2,1069,380,379.99999999999983
2,1070,380,379.99999999999983
2,1071,380,379.99999999999983
2,1072,380,379.99999999999983
2,1073,380,379.99999999999983
2,1074,380,380.09523809523813
2,1075,380,379.9523809523809
2,1076,380,379.6666666666664
2,1077,379,379.33333333333314
2,1078,379,379.04761904761887
2,1079,379,378.99999999999983
2,1080,379,378.952380952381
2,1081,379,378.6666666666665
2,1082,378,378.3333333333331
2,1083,378,378.04761904761887
2,1084,378,377.90476190476176
2,1085,378,377.90476190476176
2,1086,378,378.04761904761887
2,1087,378,378.4285714285712
2,1088,379,378.6190476190474
2,1089,379,378.71428571428555
2,1090,378,378.38095238095224
2,1091,378,377.7142857142856
2,1092,377,377.2380952380952
2,1093,377,377.047619047619
2,1094,377,376.9047619047618
2,1095,377,376.9999999999999
2,1096,377,376.9999999999999
2,1097,377,376.9999999999999
2,1098,377,376.9999999999999
2,1099,377,376.90476190476187
2,1100,377,377.04761904761915
2,1101,377,377.4285714285712
2,1102,378,377.6190476190474
2,1103,378,377.6190476190475
2,1104,377,377.4285714285713
2,1105,377,377.047619047619
2,1106,377,376.9047619047618
2,1107,377,376.9999999999999
2,1108,377,376.9999999999999
2,1109,377,376.9999999999999
2,1110,377,376.9999999999999
2,1111,377,377.0952380952381
2,1112,377,376.952380952381
2,1113,377,376.19047619047615
2,1114,376,376.5714285714285
2,1115,376,377.7142857142855
2,1116,381,379.2380952380951
2,1117,381,380.7619047619047
2,1118,381,381.8571428571428
2,1119,381,380.8095238095237
2,1120,381,379.7619047619047
2,1121,377,378.2857142857141
2,1122,377,376.76190476190465
2,1123,376,375.9999999999999
2,1124,376,376.4761904761904
2,1125,377,376.5238095238094
2,1126,377,376.4285714285713
2,1127,376,376.52380952380946
2,1128,376,376.80952380952345
2,1129,378,377.19047619047603
2,1130,378,377.5714285714285
2,1131,377,377.52380952380946
2,1132,377,377.047619047619
2,1133,377,376.9047619047618
2,1134,377,376.9999999999999
2,1135,377,376.90476190476187
2,1136,377,377.04761904761915
2,1137,377,377.4285714285712
2,1138,378,377.6190476190474
2,1139,378,377.6190476190475
2,1140,377,377.4285714285713
2,1141,377,377.047619047619
2,1142,377,376.9047619047618
2,1143,377,376.90476190476187
2,1144,377,377.04761904761915
2,1145,377,377.33333333333326
2,1146,378,377.6666666666665
2,1147,378,377.8571428571427
2,1148,378,378.14285714285705
2,1149,378,378.4285714285712
2,1150,379,378.6190476190474
2,1151,379,378.6190476190474
2,1152,378,378.4285714285712
2,1153,378,378.04761904761887
2,1154,378,377.90476190476176
2,1155,378,377.9999999999999
2,1156,378,377.9999999999999
2,1157,378,377.9999999999999
2,1158,378,377.90476190476176
2,1159,378,378.04761904761887
2,1160,378,378.33333333333326
2,1161,379,378.6666666666666
2,1162,379,378.85714285714266
2,1163,379,379.14285714285705
2,1164,379,379.33333333333314
2,1165,380,379.66666666666646
2,1166,380,379.9523809523808
2,1167,380,380.095238095238
2,1168,380,380.09523809523813
2,1169,380,379.9523809523809
2,1170,380,379.6666666666664
2,1171,379,379.33333333333314
2,1172,379,378.9523809523809
2,1173,379,378.9523809523808
2,1174,379,379.33333333333314
2,1175,380,379.66666666666646
2,1176,380,379.9523809523808
2,1177,380,380.095238095238
2,1178,380,379.99999999999983
2,1179,380,379.99999999999983
2,1180,380,379.99999999999983
2,1181,380,379.99999999999983
2,1182,380,379.99999999999983
2,1183,380,379.99999999999983
2,1184,380,379.99999999999983
2,1185,380,379.99999999999983
2,1186,380,379.99999999999983
2,1187,380,379.99999999999983
2,1188,380,379.99999999999983
2,1189,380,379.99999999999983
2,1190,380,379.99999999999983
2,1191,380,379.99999999999983
2,1192,380,379.99999999999983
2,1193,380,379.99999999999983
2,1194,380,379.99999999999983
2,1195,380,379.99999999999983
2,1196,380,380.09523809523813
2,1197,380,379.9523809523809
2,1198,380,379.57142857142844
2,1199,379,379.38095238095224
2,1200,379,379.47619047619037
2,1201,380,379.52380952380935
2,1202,380,379.52380952380935
2,1203,379,379.4761904761903
2,1204,379,379.47619047619037
2,1205,380,379.52380952380935
2,1206,380,379.52380952380935
2,1207,379,379.4761904761903
2,1208,379,379.47619047619037
2,1209,380,379.52380952380935
2,1210,380,379.61904761904754
2,1211,379,379.4285714285713
2,1212,379,378.9523809523809
2,1213,379,378.9523809523808
2,1214,379,379.33333333333314
2,1215,380,379.76190476190476
2,1216,380,379.90476190476187
2,1217,380,379.76190476190453
2,1218,379,379.33333333333314
2,1219,379,378.9523809523809
2,1220,379,378.9523809523808
2,1221,379,379.4285714285714
2,1222,380,379.6190476190474
2,1223,380,379.61904761904754
2,1224,379,379.4285714285713
2,1225,379,379.04761904761887
2,1226,379,378.90476190476176
2,1227,379,378.99999999999983
2,1228,379,378.99999999999983
2,1229,379,378.99999999999983
2,1230,379,378.99999999999983
2,1231,379,378.99999999999983
2,1232,379,378.99999999999983
2,1233,379,378.99999999999983
2,1234,379,379.095238095238
2,1235,379,378.952380952381
2,1236,379,378.6666666666665
2,1237,378,378.3333333333331
2,1238,378,377.95238095238085
2,1239,378,377.95238095238096
2,1240,378,378.23809523809507
2,1241,379,378.71428571428555
2,1242,379,379.38095238095224
2,1243,380,379.7142857142855
2,1244,380,379.61904761904754
2,1245,379,379.4285714285713
2,1246,379,379.14285714285705
2,1247,379,378.85714285714266
2,1248,379,378.6666666666665
2,1249,378,378.3333333333331
2,1250,378,378.04761904761887
2,1251,378,377.90476190476176
2,1252,378,377.9999999999999
2,1253,378,377.9999999999999
2,1254,378,377.9999999999999
2,1255,378,377.90476190476176
2,1256,378,378.04761904761887
2,1257,378,378.4285714285712
2,1258,379,378.6190476190474
2,1259,379,378.6190476190474
2,1260,378,378.4285714285712
2,1261,378,378.04761904761887
2,1262,378,377.90476190476176
2,1263,378,377.9999999999999
2,1264,378,377.9999999999999
2,1265,378,377.9999999999999
2,1266,378,377.9999999999999
2,1267,378,378.09523809523785
2,1268,378,377.9523809523808
2,1269,378,377.57142857142827
2,1270,377,377.3809523809523
2,1271,377,377.3809523809523
2,1272,378,377.57142857142827
2,1273,378,378.047619047619
2,1274,378,378.04761904761887
2,1275,378,377.6666666666665
2,1276,377,377.33333333333326
2,1277,377,377.02857142857164
2,1278,377,376.85714285714266
2,1279,377,376.9999999999999
2,1280,377,378.047619047619
2,1281,377,377.6666666666665
2,1282,378,377.19047619047603
2,1283,378,377.33333333333326
2,1284,376,377.095238095238
2,1285,377,376.7619047619046
2,1286,377,376.7619047619047
2,1287,377,377.095238095238
2,1288,377,376.9999999999999
2,1289,377,376.9999999999999
2,1290,377,376.9999999999999
2,1291,377,376.9999999999999
2,1292,377,376.9999999999999
2,1293,377,376.9999999999999
2,1294,377,376.9999999999999
2,1295,377,376.9999999999999
2,1296,377,377.0952380952381
2,1297,377,376.952380952381
2,1298,377,376.66666666666663
2,1299,376,376.3333333333333
2,1300,376,375.95238095238085
2,1301,376,375.95238095238085
2,1302,376,376.33333333333326
2,1303,377,376.76190476190465
2,1304,377,376.90476190476187
2,1305,377,376.66666666666646
2,1306,376,376.3809523809523
2,1307,376,376.3809523809523
2,1308,377,376.57142857142844
2,1309,377,376.9523809523808
2,1310,377,377.095238095238
2,1311,377,376.9999999999999
2,1312,377,376.9999999999999
2,1313,377,376.9999999999999
2,1314,377,376.9999999999999
2,1315,377,376.9999999999999
2,1316,377,376.9999999999999
2,1317,377,376.9999999999999
2,1318,377,376.8095238095238
2,1319,377,377.0952380952379
2,1320,377,377.6666666666665
2,1321,379,378.33333333333326
2,1322,379,378.9047619047619
2,1323,379,379.38095238095224
2,1324,379,378.90476190476187
2,1325,379,378.33333333333326
2,1326,377,377.6666666666665
2,1327,377,377.0952380952379
2,1328,377,376.8095238095236
2,1329,377,376.9999999999999
2,1330,377,376.90476190476187
2,1331,377,377.04761904761915
2,1332,377,377.33333333333326
2,1333,378,377.6666666666665
2,1334,378,377.8571428571427
2,1335,378,378.14285714285705
2,1336,378,378.4285714285712
2,1337,379,378.6190476190474
2,1338,379,378.6190476190474
2,1339,378,378.4285714285712
2,1340,378,377.95238095238085
2,1341,378,377.95238095238096
2,1342,378,378.4285714285712
2,1343,379,378.6190476190474
2,1344,379,378.6190476190474
2,1345,378,378.4285714285712
2,1346,378,378.04761904761887
2,1347,378,377.90476190476176
2,1348,378,377.90476190476176
2,1349,378,378.04761904761887
2,1350,378,378.33333333333326
2,1351,379,378.6666666666666
2,1352,379,378.95238095238085
2,1353,379,379.1904761904761
2,1354,379,378.952380952381
2,1355,379,378.57142857142844
2,1356,378,378.3809523809524
2,1357,378,378.28571428571416
2,1358,379,378.6190476190475
2,1359,379,379.2857142857143
2,1360,380,379.76190476190465
2,1361,380,379.9523809523808
2,1362,380,380.095238095238
2,1363,380,379.99999999999983
2,1364,380,379.99999999999983
2,1365,380,379.99999999999983
2,1366,380,379.99999999999983
2,1367,380,380.09523809523813
2,1368,380,379.9523809523809
2,1369,380,379.57142857142844
2,1370,379,379.38095238095224
2,1371,379,379.3809523809523
2,1372,380,379.57142857142844
2,1373,380,379.9523809523808
2,1374,380,380.095238095238
2,1375,380,379.99999999999983
2,1376,380,379.99999999999983
2,1377,380,379.99999999999983
2,1378,380,379.99999999999983
2,1379,380,379.99999999999983
2,1380,380,379.99999999999983
2,1381,380,379.99999999999983
2,1382,380,380.09523809523813
2,1383,380,379.9523809523809
2,1384,380,379.47619047619037
2,1385,379,379.42857142857133
2,1386,379,379.8095238095237
2,1387,381,380.19047619047603
2,1388,381,380.5714285714285
2,1389,380,380.5238095238094
2,1390,380,380.04761904761887
2,1391,380,379.9047619047617
2,1392,380,379.99999999999983
2,1393,380,379.99999999999983
2,1394,380,380.09523809523813
2,1395,380,379.8571428571428
2,1396,380,379.71428571428555
2,1397,379,379.76190476190465
2,1398,380,379.6666666666666
2,1399,380,379.42857142857144
2,1400,379,379.4761904761903
2,1401,379,379.47619047619037
2,1402,380,379.52380952380935
2,1403,380,379.61904761904754
2,1404,379,379.4285714285713
2,1405,379,379.04761904761887
2,1406,379,378.90476190476176
2,1407,379,378.90476190476176
2,1408,379,379.047619047619
2,1409,379,379.4285714285714
2,1410,380,379.6190476190474
2,1411,380,379.61904761904754
2,1412,379,379.4285714285713
2,1413,379,379.04761904761887
2,1414,379,378.90476190476176
2,1415,379,378.99999999999983
2,1416,379,378.99999999999983
2,1417,379,378.99999999999983
2,1418,379,378.99999999999983
2,1419,379,378.99999999999983
2,1420,379,378.99999999999983
2,1421,379,378.99999999999983
2,1422,379,379.095238095238
2,1423,379,378.952380952381
2,1424,379,378.6666666666665
2,1425,378,378.3333333333331
2,1426,378,378.04761904761887
2,1427,378,377.90476190476176
2,1428,378,377.9999999999999
2,1429,378,377.9999999999999
2,1430,378,377.9999999999999
2,1431,378,377.9999999999999
2,1432,378,377.9999999999999
2,1433,378,377.9999999999999
2,1434,378,377.9999999999999
2,1435,378,377.9999999999999
2,1436,378,377.9999999999999
2,1437,378,378.09523809523785
2,1438,378,377.9523809523808
2,1439,378,377.6666666666665
2,1440,377,377.33333333333326
2,1441,377,376.9523809523809
2,1442,377,376.9523809523808
2,1443,377,377.4285714285712
2,1444,378,377.6190476190474
2,1445,378,377.6190476190475
2,1446,377,377.4285714285713
2,1447,377,377.047619047619
2,1448,377,376.9047619047618
2,1449,377,376.90476190476187
2,1450,377,377.04761904761915
2,1451,377,377.4285714285712
2,1452,378,377.6190476190474
2,1453,378,377.52380952380946
2,1454,377,377.47619047619014
2,1455,377,377.3809523809523
2,1456,378,377.57142857142827
2,1457,378,377.95238095238096
2,1458,378,378.09523809523796
2,1459,378,378.09523809523785
2,1460,378,377.9523809523808
2,1461,378,377.6666666666665
2,1462,377,377.33333333333326
2,1463,377,377.047619047619
2,1464,377,377.0
2,1465,377,376.952380952381
2,1466,377,376.57142857142844
2,1467,376,376.3809523809523
2,1468,376,376.4761904761904
2,1469,377,376.5238095238094
2,1470,377,376.52380952380946
2,1471,376,376.4761904761903
2,1472,376,376.3809523809523
2,1473,377,376.57142857142844
2,1474,377,377.0476190476189
2,1475,377,377.0476190476189
2,1476,377,376.66666666666663
2,1477,376,376.3333333333333
2,1478,376,375.95238095238085
2,1479,376,375.95238095238085
2,1480,376,376.4285714285712
2,1481,377,376.6190476190475
2,1482,377,376.61904761904754
2,1483,376,376.4285714285712
2,1484,376,376.0476190476189
2,1485,376,375.80952380952374
2,1486,376,376.0476190476189
2,1487,376,376.4285714285712
2,1488,377,376.6190476190475
2,1489,377,376.52380952380946
2,1490,376,376.4761904761903
2,1491,376,376.3809523809523
2,1492,377,376.57142857142844
2,1493,377,376.8571428571427
2,1494,377,377.14285714285705
2,1495,377,377.4285714285712
2,1496,378,377.6190476190474
2,1497,378,377.6190476190475
2,1498,377,377.4285714285713
2,1499,377,377.047619047619
2,1500,377,376.9047619047618
2,1501,377,376.9999999999999
2,1502,377,376.9999999999999
2,1503,377,376.90476190476187
2,1504,377,376.9523809523808
2,1505,377,377.3809523809523
2,1506,378,378.0952380952379
2,1507,379,378.5714285714285
2,1508,379,378.71428571428555
2,1509,378,378.4285714285712
2,1510,378,378.04761904761887
2,1511,378,377.90476190476176
2,1512,378,377.9999999999999
2,1513,378,377.9999999999999
2,1514,378,377.9999999999999
2,1515,378,377.9999999999999
2,1516,378,377.9999999999999
2,1517,378,377.9999999999999
2,1518,378,377.9999999999999
2,1519,378,377.9999999999999
2,1520,378,377.9999999999999
2,1521,378,377.90476190476176
2,1522,378,377.76190476190465
2,1523,378,378.4761904761903
2,1524,379,379.6666666666664
2,1525,382,380.95238095238074
2,1526,382,381.9523809523809
2,1527,382,382.47619047619025
2,1528,382,381.9047619047618
2,1529,382,381.33333333333326
2,1530,380,380.6666666666667
2,1531,380,380.19047619047603
2,1532,380,379.7619047619046
2,1533,380,379.7428571428572
2,1534,379,379.3714285714286
2,1535,379,378.9
2,1536,379,379.33333333333314
2,1537,379,379.04761904761887
2,1538,379,378.90476190476176
2,1539,379,378.99999999999983
2,1540,379,378.99999999999983
2,1541,379,378.99999999999983
2,1542,379,378.99999999999983
2,1543,379,378.99999999999983
2,1544,379,378.99999999999983
2,1545,379,378.90476190476176
2,1546,379,379.047619047619
2,1547,379,379.4285714285714
2,1548,380,379.6190476190474
2,1549,380,379.52380952380935
2,1550,379,379.4761904761903
2,1551,379,379.3809523809523
2,1552,380,379.57142857142844
2,1553,380,379.9523809523808
2,1554,380,380.1904761904762
2,1555,380,379.9523809523809
2,1556,380,379.57142857142844
2,1557,379,379.38095238095224
2,1558,379,379.3809523809523
2,1559,380,379.57142857142844
2,1560,380,379.9523809523808
2,1561,380,380.095238095238
2,1562,380,379.99999999999983
2,1563,380,379.99999999999983
2,1564,380,380.09523809523813
2,1565,380,379.9523809523809
2,1566,380,379.6666666666664
2,1567,379,379.33333333333314
2,1568,379,378.9523809523809
2,1569,379,378.9523809523808
2,1570,379,379.33333333333314
2,1571,380,379.66666666666646
2,1572,380,379.9523809523808
2,1573,380,380.095238095238
2,1574,380,379.99999999999983
2,1575,380,379.99999999999983
2,1576,380,379.99999999999983
2,1577,380,379.99999999999983
2,1578,380,379.99999999999983
2,1579,380,379.99999999999983
2,1580,380,379.99999999999983
2,1581,380,379.99999999999983
2,1582,380,379.99999999999983
2,1583,380,379.99999999999983
2,1584,380,379.99999999999983
2,1585,380,379.99999999999983
2,1586,380,380.00000000000017
2,1587,380,379.99999999999994
2,1588,380,379.99999999999994
3,0,380,380.7142857142857
3,1,380,379.99999999999983
3,2,380,379.80952380952357
3,3,380,380.09523809523813
3,4,380,379.9523809523809
3,5,380,379.6666666666664
3,6,379,379.33333333333314
3,7,379,379.04761904761887
3,8,379,378.90476190476176
3,9,379,378.99999999999983
3,10,379,378.90476190476176
3,11,379,379.047619047619
3,12,379,379.33333333333314
3,13,380,379.66666666666646
3,14,380,380.0476190476189
3,15,380,380.047619047619
3,16,380,379.57142857142844
3,17,379,379.38095238095224
3,18,379,379.3809523809523
3,19,380,379.57142857142844
3,20,380,379.9523809523808
3,21,380,380.095238095238
3,22,380,379.99999999999983
3,23,380,379.99999999999983
3,24,380,379.99999999999983
3,25,380,379.99999999999983
3,26,380,380.09523809523813
3,27,380,379.9523809523809
3,28,380,379.6666666666664
3,29,379,379.33333333333314
3,30,379,379.04761904761887
3,31,379,378.90476190476176
3,32,379,378.99999999999983
3,33,379,378.99999999999983
3,34,379,378.99999999999983
3,35,379,378.99999999999983
3,36,379,378.99999999999983
3,37,379,378.99999999999983
3,38,379,378.99999999999983
3,39,379,378.99999999999983
3,40,379,378.99999999999983
3,41,379,378.99999999999983
3,42,379,378.99999999999983
3,43,379,378.99999999999983
3,44,379,378.99999999999983
3,45,379,378.99999999999983
3,46,379,378.99999999999983
3,47,379,379.095238095238
3,48,379,378.952380952381
3,49,379,378.6666666666665
3,50,378,378.3333333333331
3,51,378,378.04761904761887
3,52,378,377.90476190476176
3,53,378,377.90476190476176
3,54,378,378.04761904761887
3,55,378,378.33333333333326
3,56,379,378.76190476190465
3,57,379,378.9047619047618
3,58,379,378.76190476190453
3,59,378,378.3333333333331
3,60,378,377.95238095238085
3,61,378,377.95238095238096
3,62,378,378.33333333333326
3,63,379,378.6666666666666
3,64,379,378.95238095238085
3,65,379,379.095238095238
3,66,379,379.095238095238
3,67,379,378.952380952381
3,68,379,378.6666666666665
3,69,378,378.3333333333331
3,70,378,378.142857142857
3,71,378,377.8571428571427
3,72,378,377.6666666666665
3,73,377,377.33333333333326
3,74,377,377.047619047619
3,75,377,376.9047619047618
3,76,377,376.9999999999999
3,77,377,376.9999999999999
3,78,377,376.9999999999999
3,79,377,377.0952380952381
3,80,377,376.952380952381
3,81,377,376.57142857142844
3,82,376,376.3809523809523
3,83,376,376.4761904761904
3,84,377,376.5238095238094
3,85,377,376.52380952380946
3,86,376,376.4761904761903
3,87,376,376.4761904761904
3,88,377,376.5238095238094
3,89,377,376.52380952380946
3,90,376,376.4761904761903
3,91,376,376.4761904761904
3,92,377,376.42857142857133
3,93,377,376.66666666666663
3,94,376,376.76190476190476
3,95,377,376.71428571428567
3,96,377,376.8571428571427
3,97,377,377.095238095238
3,98,377,377.0952380952381
3,99,377,376.952380952381
3,100,377,376.66666666666663
3,101,376,376.3333333333333
3,102,376,375.95238095238085
3,103,376,375.95238095238085
3,104,376,376.4285714285712
3,105,377,376.6190476190475
3,106,377,376.52380952380946
3,107,376,376.4761904761903
3,108,376,376.2857142857141
3,109,377,376.6190476190475
3,110,377,377.2857142857142
3,111,378,377.7619047619047
3,112,378,377.95238095238096
3,113,378,378.09523809523796
3,114,378,377.9999999999999
3,115,378,377.9999999999999
3,116,378,377.9999999999999
3,117,378,377.9999999999999
3,118,378,377.9999999999999
3,119,378,377.90476190476176
3,120,378,378.04761904761887
3,121,378,378.33333333333326
3,122,379,378.6666666666666
3,123,379,378.95238095238085
3,124,379,379.095238095238
3,125,379,379.095238095238
3,126,379,378.952380952381
3,127,379,378.57142857142844
3,128,378,378.3809523809524
3,129,378,378.3809523809523
3,130,379,378.5714285714283
3,131,379,378.95238095238085
3,132,379,379.095238095238
3,133,379,378.99999999999983
3,134,379,378.99999999999983
3,135,379,378.99999999999983
3,136,379,378.99999999999983
3,137,379,378.99999999999983
3,138,379,378.90476190476176
3,139,379,379.047619047619
3,140,379,379.238095238095
3,141,380,379.71428571428555
3,142,380,380.3809523809521
3,143,381,380.71428571428555
3,144,381,380.6190476190474
3,145,380,380.4285714285713
3,146,380,380.04761904761887
3,147,380,379.9047619047617
3,148,380,379.6190476190474
3,149,380,380.1904761904762
3,150,380,381.33333333333314
3,151,384,382.66666666666646
3,152,384,383.80952380952374
3,153,384,384.7619047619046
3,154,384,383.8095238095236
3,155,384,382.5714285714285
3,156,380,381.3809523809522
3,157,380,380.6190476190475
3,158,381,380.2380952380952
3,159,381,380.6190476190474
3,160,380,380.4285714285713
3,161,380,380.04761904761887
3,162,380,379.9047619047617
3,163,380,379.99999999999983
3,164,380,379.99999999999983
3,165,380,379.90476190476176
3,166,380,380.047619047619
3,167,380,380.33333333333326
3,168,381,380.6666666666666
3,169,381,380.95238095238096
3,170,381,381.09523809523796
3,171,381,380.9999999999999
3,172,381,380.9999999999999
3,173,381,380.9999999999999
3,174,381,380.9999999999999
3,175,381,380.9999999999999
3,176,381,380.9999999999999
3,177,381,380.9999999999999
3,178,381,380.9999999999999
3,179,381,380.9999999999999
3,180,381,380.9999999999999
3,181,381,380.9999999999999
3,182,381,380.9999999999999
3,183,381,380.9999999999999
3,184,381,380.9999999999999
3,185,381,380.9999999999999
3,186,381,381.0952380952378
3,187,381,380.95238095238085
3,188,381,380.6666666666666
3,189,380,380.33333333333314
3,190,380,379.9523809523808
3,191,380,379.95238095238074
3,192,380,380.33333333333326
3,193,381,380.6666666666666
3,194,381,381.14285714285694
3,195,381,380.9999999999999
3,196,381,380.2380952380952
3,197,379,379.7142857142858
3,198,379,379.52380952380935
3,199,380,379.4285714285714
3,200,380,379.61904761904754
3,201,379,379.4285714285713
3,202,379,379.04761904761887
3,203,379,378.8095238095237
3,204,379,379.047619047619
3,205,379,379.4285714285714
3,206,380,379.6190476190474
3,207,380,379.61904761904754
3,208,379,379.4285714285713
3,209,379,378.9523809523809
3,210,379,378.9523809523808
3,211,379,379.33333333333314
3,212,380,379.66666666666646
3,213,380,379.9523809523808
3,214,380,380.095238095238
3,215,380,380.1904761904761
3,216,380,379.90476190476187
3,217,380,379.33333333333326
3,218,378,378.66666666666646
3,219,378,378.0952380952379
3,220,378,377.9047619047618
3,221,378,377.9523809523808
3,222,378,377.57142857142827
3,223,377,377.3809523809523
3,224,377,377.3809523809523
3,225,378,377.57142857142827
3,226,378,378.047619047619
3,227,378,378.04761904761887
3,228,378,377.6666666666665
3,229,377,377.33333333333326
3,230,377,377.047619047619
3,231,377,376.9047619047618
3,232,377,376.9999999999999
3,233,377,376.9999999999999
3,234,377,376.9999999999999
3,235,377,376.9999999999999
3,236,377,376.9999999999999
3,237,377,376.9999999999999
3,238,377,376.9999999999999
3,239,377,376.9999999999999
3,240,377,376.9999999999999
3,241,377,377.0952380952381
3,242,377,376.952380952381
3,243,377,376.66666666666663
3,244,376,376.3333333333333
3,245,376,376.0476190476189
3,246,376,375.9047619047618
3,247,376,375.9047619047618
3,248,376,376.0476190476189
3,249,376,376.33333333333326
3,250,377,376.6666666666667
3,251,377,376.9523809523808
3,252,377,377.095238095238
3,253,377,377.0000000000002
3,254,377,376.99999999999983
3,255,377,376.9999999999999
3,256,377,378.7142857142857
3,257,377,377.1428571428572
3,258,377,376.5238095238096
3,259,377,376.90476190476187
3,260,377,377.04761904761915
3,261,377,377.33333333333326
3,262,378,377.6666666666665
3,263,378,378.047619047619
3,264,378,378.04761904761887
3,265,378,377.6666666666665
3,266,377,377.33333333333326
3,267,377,377.047619047619
3,268,377,376.9047619047618
3,269,377,376.9999999999999
3,270,377,376.9999999999999
3,271,377,376.9999999999999
3,272,377,376.90476190476187
3,273,377,377.04761904761915
3,274,377,377.33333333333326
3,275,378,377.6666666666665
3,276,378,377.95238095238096
3,277,378,378.09523809523796
3,278,378,377.9999999999999
3,279,378,377.9999999999999
3,280,378,377.9999999999999
3,281,378,377.9999999999999
3,282,378,377.9999999999999
3,283,378,377.9999999999999
3,284,378,377.90476190476176
3,285,378,378.04761904761887
3,286,378,378.33333333333326
3,287,379,378.6666666666666
3,288,379,378.95238095238085
3,289,379,378.9999999999999
3,290,379,379.047619047619
3,291,379,379.33333333333314
3,292,380,379.66666666666646
3,293,380,379.9523809523808
3,294,380,380.095238095238
3,295,380,379.99999999999983
3,296,380,379.99999999999983
3,297,380,379.99999999999983
3,298,380,379.99999999999983
3,299,380,379.99999999999983
3,300,380,379.99999999999983
3,301,380,379.99999999999983
3,302,380,379.99999999999983
3,303,380,379.99999999999983
3,304,380,379.99999999999983
3,305,380,379.99999999999983
3,306,380,379.99999999999983
3,307,380,379.99999999999983
3,308,380,379.99999999999983
3,309,380,379.99999999999983
3,310,380,379.99999999999983
3,311,380,379.99999999999983
3,312,380,379.90476190476176
3,313,380,380.047619047619
3,314,380,380.4285714285714
3,315,381,380.6190476190476
3,316,381,380.6190476190474
3,317,380,380.4285714285713
3,318,380,380.04761904761887
3,319,380,379.9047619047617
3,320,380,379.99999999999983
3,321,380,379.99999999999983
3,322,380,379.90476190476176
3,323,380,380.14285714285705
3,324,380,380.28571428571433
3,325,381,380.3333333333332
3,326,380,380.28571428571416
3,327,380,380.142857142857
3,328,380,379.9047619047617
3,329,380,380.09523809523813
3,330,380,379.9523809523809
3,331,380,379.57142857142844
3,332,379,379.38095238095224
3,333,379,379.47619047619037
3,334,380,379.52380952380935
3,335,380,379.52380952380935
3,336,379,379.4761904761903
3,337,379,379.47619047619037
3,338,380,379.52380952380935
3,339,380,379.4285714285713
3,340,379,379.52380952380935
3,341,379,379.9047619047618
3,342,381,380.14285714285705
3,343,381,380.2380952380952
3,344,379,379.8571428571428
3,345,379,379.0952380952381
3,346,379,378.71428571428555
3,347,379,379.047619047619
3,348,379,379.33333333333314
3,349,380,379.66666666666646
3,350,380,379.9523809523808
3,351,380,380.1904761904762
3,352,380,379.9523809523809
3,353,380,378.90476190476176
3,354,379,379.71428571428555
3,355,379,381.71428571428555
3,356,387,384.23809523809496
3,357,387,386.6190476190474
3,358,387,388.71428571428584
3,359,387,386.5238095238094
3,360,387,383.57142857142856
3,361,377,380.3809523809523
3,362,377,377.80952380952374
3,363,378,376.71428571428567
3,364,378,378.047619047619
3,365,378,378.04761904761887
3,366,378,377.6666666666665
3,367,377,377.33333333333326
3,368,377,377.047619047619
3,369,377,376.9047619047618
3,370,377,376.9999999999999
3,371,377,376.9999999999999
3,372,377,376.9999999999999
3,373,377,376.9999999999999
3,374,377,376.9999999999999
3,375,377,377.0952380952381
3,376,377,376.952380952381
3,377,377,376.66666666666663
3,378,376,376.3333333333333
3,379,376,376.0476190476189
3,380,376,375.9047619047618
3,381,376,375.9047619047618
3,382,376,376.0476190476189
3,383,376,376.4285714285712
3,384,377,376.6190476190475
3,385,377,376.52380952380946
3,386,376,376.4761904761903
3,387,376,376.4761904761904
3,388,377,376.5238095238094
3,389,377,376.61904761904754
3,390,376,376.4285714285712
3,391,376,375.95238095238085
3,392,376,375.95238095238085
3,393,376,376.4285714285712
3,394,377,376.6190476190475
3,395,377,376.61904761904754
3,396,376,376.3333333333332
3,397,376,376.09523809523796
3,398,376,376.3333333333333
3,399,377,376.6190476190475
3,400,377,376.61904761904754
3,401,376,376.4285714285712
3,402,376,375.95238095238085
3,403,376,375.95238095238085
3,404,376,376.33333333333326
3,405,377,376.6666666666667
3,406,377,376.9523809523808
3,407,377,377.095238095238
3,408,377,376.9999999999999
3,409,377,376.9999999999999
3,410,377,377.0952380952381
3,411,377,376.8571428571427
3,412,377,376.71428571428567
3,413,376,376.76190476190465
3,414,377,376.66666666666663
3,415,377,376.5238095238094
3,416,376,376.4285714285712
3,417,376,375.95238095238085
3,418,376,375.95238095238085
3,419,376,376.4285714285712
3,420,377,376.6190476190475
3,421,377,376.52380952380946
3,422,376,376.4761904761903
3,423,376,376.3809523809523
3,424,377,376.57142857142844
3,425,377,376.8571428571427
3,426,377,377.14285714285705
3,427,377,377.33333333333326
3,428,378,377.6666666666665
3,429,378,377.95238095238096
3,430,378,378.09523809523796
3,431,378,377.90476190476176
3,432,378,378.04761904761887
3,433,378,378.4285714285712
3,434,379,378.6190476190474
3,435,379,378.71428571428555
3,436,378,378.19047619047615
3,437,378,377.8095238095238
3,438,377,377.99999999999994
3,439,379,378.33333333333326
3,440,379,378.47619047619037
3,441,378,378.52380952380946
3,442,378,378.04761904761887
3,443,378,377.90476190476176
3,444,378,377.90476190476176
3,445,378,378.04761904761887
3,446,378,378.33333333333326
3,447,379,378.6666666666666
3,448,379,378.95238095238085
3,449,379,379.095238095238
3,450,379,378.99999999999983
3,451,379,378.99999999999983
3,452,379,378.99999999999983
3,453,379,378.99999999999983
3,454,379,378.90476190476176
3,455,379,379.14285714285705
3,456,379,379.2857142857142
3,457,380,379.2380952380951
3,458,379,379.3333333333333
3,459,379,379.47619047619025
3,460,380,379.57142857142844
3,461,380,379.9523809523808
3,462,380,380.095238095238
3,463,380,380.09523809523813
3,464,380,379.9523809523809
3,465,380,379.6666666666664
3,466,379,379.33333333333314
3,467,379,379.04761904761887
3,468,379,378.90476190476176
3,469,379,378.99999999999983
3,470,379,378.99999999999983
3,471,379,378.90476190476176
3,472,379,379.047619047619
3,473,379,379.4285714285714
3,474,380,379.6190476190474
3,475,380,379.52380952380935
3,476,379,379.4761904761903
3,477,379,379.47619047619037
3,478,380,379.52380952380935
3,479,380,379.61904761904754
3,480,379,379.4285714285713
3,481,379,379.04761904761887
3,482,379,378.8095238095237
3,483,379,379.047619047619
3,484,379,379.4285714285714
3,485,380,379.6190476190474
3,486,380,379.61904761904754
3,487,379,379.4285714285713
3,488,379,378.9523809523809
3,489,379,378.9523809523808
3,490,379,379.4285714285714
3,491,380,379.6190476190474
3,492,380,379.52380952380935
3,493,379,379.4761904761903
3,494,379,379.3809523809523
3,495,380,379.57142857142844
3,496,380,379.9523809523808
3,497,380,380.095238095238
3,498,380,379.99999999999983
3,499,380,379.99999999999983
3,500,380,380.09523809523813
3,501,380,379.8571428571428
3,502,380,379.71428571428555
3,503,379,379.6666666666666
3,504,380,379.71428571428555
3,505,380,379.9523809523809
3,506,380,380.047619047619
3,507,380,379.57142857142844
3,508,379,379.38095238095224
3,509,379,379.28571428571445
3,510,380,379.4857142857144
3,511,380,380.1
3,512,379,380.04761904761904
3,513,379,379.0476190476189
3,514,379,378.7142857142856
3,515,379,378.99999999999983
3,516,379,378.99999999999983
3,517,379,378.99999999999983
3,518,379,378.99999999999983
3,519,379,378.99999999999983
3,520,379,378.99999999999983
3,521,379,378.99999999999983
3,522,379,378.99999999999983
3,523,379,378.99999999999983
3,524,379,379.095238095238
3,525,379,378.952380952381
3,526,379,378.57142857142844
3,527,378,378.3809523809524
3,528,378,378.3809523809523
3,529,379,378.5714285714283
3,530,379,378.95238095238085
3,531,379,379.095238095238
3,532,379,378.99999999999983
3,533,379,378.99999999999983
3,534,379,378.99999999999983
3,535,379,378.99999999999983
3,536,379,378.99999999999983
3,537,379,378.99999999999983
3,538,379,379.095238095238
3,539,379,378.952380952381
3,540,379,378.57142857142844
3,541,378,378.3809523809524
3,542,378,378.3809523809523
3,543,379,378.5714285714283
3,544,379,378.95238095238085
3,545,379,379.1904761904761
3,546,379,378.952380952381
3,547,379,378.6666666666665
3,548,378,378.3333333333331
3,549,378,378.04761904761887
3,550,378,377.90476190476176
3,551,378,377.9999999999999
3,552,378,377.9999999999999
3,553,378,377.9999999999999
3,554,378,377.9999999999999
3,555,378,377.9999999999999
3,556,378,377.9999999999999
3,557,378,377.9999999999999
3,558,378,377.90476190476176
3,559,378,378.04761904761887
3,560,378,378.23809523809507
3,561,379,378.71428571428555
3,562,379,379.2857142857143
3,563,380,379.85714285714266
3,564,380,379.71428571428555
3,565,380,379.85714285714283
3,566,379,379.9999999999999
3,567,381,380.3809523809523
3,568,381,380.80952380952357
3,569,381,381.57142857142844
3,570,381,380.8095238095237
3,571,381,379.66666666666674
3,572,377,378.33333333333326
3,573,377,377.19047619047603
3,574,377,376.6190476190476
3,575,377,376.9999999999999
3,576,377,376.9999999999999
3,577,377,376.9999999999999
3,578,377,376.90476190476187
3,579,377,377.04761904761915
3,580,377,377.33333333333326
3,581,378,377.6666666666665
3,582,378,377.95238095238096
3,583,378,378.09523809523796
3,584,378,377.9999999999999
3,585,378,377.9999999999999
3,586,378,377.90476190476176
3,587,378,378.04761904761887
3,588,378,378.4285714285712
3,589,379,378.6190476190474
3,590,379,378.6190476190474
3,591,378,378.4285714285712
3,592,378,378.04761904761887
3,593,378,377.90476190476176
3,594,378,377.90476190476176
3,595,378,378.04761904761887
3,596,378,378.33333333333326
3,597,379,378.6666666666666
3,598,379,378.95238095238085
3,599,379,379.095238095238
3,600,379,378.99999999999983
3,601,379,378.90476190476176
3,602,379,379.047619047619
3,603,379,379.4285714285714
3,604,380,379.6190476190474
3,605,380,379.61904761904754
3,606,379,379.4285714285713
3,607,379,379.04761904761887
3,608,379,378.90476190476176
3,609,379,378.90476190476176
3,610,379,379.047619047619
3,611,379,379.4285714285714
3,612,380,379.6190476190474
3,613,380,379.52380952380935
3,614,379,379.4761904761903
3,615,379,379.47619047619037
3,616,380,379.42857142857133
3,617,380,379.6666666666666
3,618,379,379.8571428571428
3,619,380,379.6666666666666
3,620,380,379.42857142857144
3,621,379,379.4761904761903
3,622,379,379.3809523809523
3,623,380,379.57142857142844
3,624,380,380.0476190476189
3,625,380,380.047619047619
3,626,380,379.6666666666664
3,627,379,379.33333333333314
3,628,379,379.04761904761887
3,629,379,378.90476190476176
3,630,379,378.99999999999983
3,631,379,378.99999999999983
3,632,379,378.99999999999983
3,633,379,378.99999999999983
3,634,379,378.90476190476176
3,635,379,379.047619047619
3,636,379,379.33333333333314
3,637,380,379.66666666666646
3,638,380,379.9523809523808
3,639,380,380.095238095238
3,640,380,379.99999999999983
3,641,380,380.09523809523813
3,642,380,379.9523809523809
3,643,380,379.57142857142844
3,644,379,379.38095238095224
3,645,379,379.47619047619037
3,646,380,379.52380952380935
3,647,380,379.61904761904754
3,648,379,379.4285714285713
3,649,379,378.9523809523809
3,650,379,378.9523809523808
3,651,379,379.4285714285714
3,652,380,379.6190476190474
3,653,380,379.61904761904754
3,654,379,379.4285714285713
3,655,379,379.04761904761887
3,656,379,378.90476190476176
3,657,379,378.99999999999983
3,658,379,378.99999999999983
3,659,379,378.99999999999983
3,660,379,379.095238095238
3,661,379,378.952380952381
3,662,379,378.57142857142844
3,663,378,378.3809523809524
3,664,378,378.3809523809523
3,665,379,378.5714285714283
3,666,379,379.0476190476189
3,667,379,379.0476190476189
3,668,379,378.6666666666665
3,669,378,378.3333333333331
3,670,378,378.04761904761887
3,671,378,377.90476190476176
3,672,378,377.9999999999999
3,673,378,377.9999999999999
3,674,378,377.9999999999999
3,675,378,377.90476190476176
3,676,378,378.04761904761887
3,677,378,378.52380952380946
3,678,379,378.57142857142844
3,679,379,378.19047619047615
3,680,377,377.8095238095236
3,681,377,377.4285714285713
3,682,378,377.4761904761904
3,683,378,377.95238095238096
3,684,378,378.09523809523796
3,685,378,377.9999999999999
3,686,378,377.9999999999999
3,687,378,377.9999999999999
3,688,378,377.9999999999999
3,689,378,377.9999999999999
3,690,378,377.9999999999999
3,691,378,377.9999999999999
3,692,378,377.9999999999999
3,693,378,377.9999999999999
3,694,378,377.9999999999999
3,695,378,377.9999999999999
3,696,378,377.9999999999999
3,697,378,377.9999999999999
3,698,378,377.9999999999999
3,699,378,377.9999999999999
3,700,378,377.9999999999999
3,701,378,377.9999999999999
3,702,378,377.9999999999999
3,703,378,377.9999999999999
3,704,378,377.9999999999999
3,705,378,377.9999999999999
3,706,378,377.9999999999999
3,707,378,377.9999999999999
3,708,378,377.9999999999999
3,709,378,377.9999999999999
3,710,378,377.9999999999999
3,711,378,377.9999999999999
3,712,378,377.90476190476176
3,713,378,378.04761904761887
3,714,378,378.33333333333326
3,715,379,378.6666666666666
3,716,379,378.95238095238085
3,717,379,379.1904761904761
3,718,379,378.952380952381
3,719,379,378.57142857142844
3,720,378,378.3809523809524
3,721,378,378.3809523809523
3,722,379,378.5714285714283
3,723,379,378.95238095238085
3,724,379,379.095238095238
3,725,379,378.99999999999983
3,726,379,378.99999999999983
3,727,379,378.99999999999983
3,728,379,378.99999999999983
3,729,379,378.99999999999983
3,730,379,378.99999999999983
3,731,379,378.90476190476176
3,732,379,379.047619047619
3,733,379,379.4285714285714
3,734,380,379.6190476190474
3,735,380,379.61904761904754
3,736,379,379.4285714285713
3,737,379,379.04761904761887
3,738,379,378.90476190476176
3,739,379,378.90476190476176
3,740,379,379.047619047619
3,741,379,379.33333333333314
3,742,380,379.66666666666646
3,743,380,379.9523809523808
3,744,380,380.095238095238
3,745,380,379.99999999999983
3,746,380,379.99999999999983
3,747,380,379.99999999999983
3,748,380,379.99999999999983
3,749,380,379.99999999999983
3,750,380,379.99999999999983
3,751,380,379.99999999999983
3,752,380,379.99999999999983
3,753,380,379.99999999999983
3,754,380,379.99999999999983
3,755,380,379.99999999999983
3,756,380,379.99999999999983
3,757,380,379.99999999999983
3,758,380,379.99999999999983
3,759,380,379.99999999999983
3,760,380,379.99999999999983
3,761,380,379.99999999999983
3,762,380,379.99999999999983
3,763,380,379.71428571428567
3,764,380,380.1428571428571
3,765,380,380.77142857142877
3,766,383,381.8857142857142
3,767,383,383.29999999999995
3,768,383,382.5714285714284
3,769,382,382.0952380952381
3,770,382,381.6666666666666
3,771,380,380.4761904761903
3,772,380,379.33333333333314
3,773,378,378.5238095238094
3,774,378,378.42857142857133
3,775,379,378.47619047619037
3,776,379,379.0476190476189
3,777,379,378.95238095238074
3,778,379,378.71428571428567
3,779,378,378.76190476190465
3,780,379,378.6666666666666
3,781,379,378.42857142857133
3,782,378,378.4761904761903
3,783,378,378.47619047619037
3,784,379,378.5238095238094
3,785,379,378.6190476190474
3,786,378,378.4285714285712
3,787,378,377.95238095238085
3,788,378,377.95238095238096
3,789,378,378.4285714285712
3,790,379,378.6190476190474
3,791,379,378.5238095238094
3,792,378,378.4761904761903
3,793,378,378.47619047619037
3,794,379,378.5238095238094
3,795,379,378.6190476190474
3,796,378,378.4285714285712
3,797,378,378.04761904761887
3,798,378,377.90476190476176
3,799,378,377.9999999999999
3,800,378,377.9999999999999
3,801,378,377.9999999999999
3,802,378,377.90476190476176
3,803,378,378.04761904761887
3,804,378,378.4285714285712
3,805,379,378.6190476190474
3,806,379,378.6190476190474
3,807,378,378.4285714285712
3,808,378,377.95238095238085
3,809,378,377.95238095238096
3,810,378,378.4285714285712
3,811,379,378.6190476190474
3,812,379,378.6190476190474
3,813,378,378.4285714285712
3,814,378,378.04761904761887
3,815,378,377.90476190476176
3,816,378,377.9999999999999
3,817,378,377.9999999999999
3,818,378,377.9999999999999
3,819,378,377.9999999999999
3,820,378,377.9999999999999
3,821,378,377.9999999999999
3,822,378,377.9999999999999
3,823,378,377.9999999999999
3,824,378,377.9999999999999
3,825,378,377.9999999999999
3,826,378,377.9999999999999
3,827,378,377.9999999999999
3,828,378,377.9999999999999
3,829,378,377.9999999999999
3,830,378,377.9999999999999
3,831,378,377.90476190476176
3,832,378,378.04761904761887
3,833,378,378.4285714285712
3,834,379,378.6190476190474
3,835,379,378.5238095238094
3,836,378,378.4761904761903
3,837,378,378.47619047619037
3,838,379,378.5238095238094
3,839,379,378.6190476190474
3,840,378,378.4285714285712
3,841,378,378.04761904761887
3,842,378,377.90476190476176
3,843,378,377.9999999999999
3,844,378,377.9999999999999
3,845,378,377.9999999999999
3,846,378,377.9999999999999
3,847,378,377.9999999999999
3,848,378,377.9999999999999
3,849,378,377.9999999999999
3,850,378,377.90476190476176
3,851,378,378.04761904761887
3,852,378,378.33333333333326
3,853,379,378.6666666666666
3,854,379,378.85714285714266
3,855,379,379.14285714285705
3,856,379,379.33333333333314
3,857,380,379.66666666666646
3,858,380,379.9523809523808
3,859,380,379.99999999999983
3,860,380,380.047619047619
3,861,380,380.33333333333326
3,862,381,380.6666666666666
3,863,381,381.04761904761887
3,864,381,381.04761904761887
3,865,381,380.6666666666666
3,866,380,380.33333333333314
3,867,380,379.9523809523808
3,868,380,379.95238095238074
3,869,380,380.33333333333326
3,870,381,380.6666666666666
3,871,381,380.95238095238096
3,872,381,381.09523809523796
3,873,381,380.9999999999999
3,874,381,380.9999999999999
3,875,381,381.0952380952378
3,876,381,380.95238095238085
3,877,381,380.6666666666666
3,878,380,380.4285714285713
3,879,380,379.9999999999999
3,880,380,379.57142857142844
3,881,379,379.33333333333314
3,882,379,379.04761904761887
3,883,379,378.90476190476176
3,884,379,379.095238095238
3,885,379,378.952380952381
3,886,379,378.6666666666665
3,887,378,378.3333333333331
3,888,378,378.04761904761887
3,889,378,377.90476190476176
3,890,378,377.90476190476176
3,891,378,378.04761904761887
3,892,378,378.33333333333326
3,893,379,378.6666666666666
3,894,379,378.95238095238085
3,895,379,379.095238095238
3,896,379,378.99999999999983
3,897,379,378.99999999999983
3,898,379,378.99999999999983
3,899,379,378.99999999999983
3,900,379,378.99999999999983
3,901,379,378.99999999999983
3,902,379,378.99999999999983
3,903,379,379.095238095238
3,904,379,378.952380952381
3,905,379,378.57142857142844
3,906,378,378.3809523809524
3,907,378,378.3809523809523
3,908,379,378.5714285714283
3,909,379,378.95238095238085
3,910,379,379.095238095238
3,911,379,378.99999999999983
3,912,379,378.99999999999983
3,913,379,378.99999999999983
3,914,379,378.99999999999983
3,915,379,378.99999999999983
3,916,379,378.99999999999983
3,917,379,378.99999999999983
3,918,379,378.99999999999983
3,919,379,378.90476190476176
3,920,379,379.047619047619
3,921,379,379.4285714285714
3,922,380,379.52380952380935
3,923,380,379.6666666666666
3,924,379,379.76190476190465
3,925,380,379.71428571428555
3,926,380,379.8571428571428
3,927,380,380.095238095238
3,928,380,379.99999999999983
3,929,380,379.99999999999983
3,930,380,379.99999999999983
3,931,380,379.99999999999983
3,932,380,379.99999999999983
3,933,380,379.99999999999983
3,934,380,380.09523809523813
3,935,380,379.9523809523809
3,936,380,379.6666666666664
3,937,379,379.33333333333314
3,938,379,379.14285714285705
3,939,379,378.85714285714266
3,940,379,378.6666666666665
3,941,378,378.3333333333331
3,942,378,377.95238095238085
3,943,378,377.95238095238096
3,944,378,378.52380952380946
3,945,379,378.57142857142844
3,946,379,378.19047619047615
3,947,377,377.8095238095236
3,948,377,377.4285714285713
3,949,378,377.5714285714286
3,950,378,377.9047619047618
3,951,378,377.6666666666665
3,952,377,377.3809523809523
3,953,377,377.3809523809523
3,954,378,377.57142857142827
3,955,378,377.95238095238096
3,956,378,378.09523809523796
3,957,378,377.9999999999999
3,958,378,377.9999999999999
3,959,378,377.9999999999999
3,960,378,377.9999999999999
3,961,378,377.9999999999999
3,962,378,377.9999999999999
3,963,378,378.1904761904761
3,964,378,377.90476190476187
3,965,378,377.4285714285712
3,966,376,376.6190476190475
3,967,376,375.095238095238
3,968,375,375.4761904761905
3,969,375,377.38095238095235
3,970,382,379.5714285714286
3,971,382,381.6666666666666
3,972,382,383.14285714285694
3,973,382,381.7619047619047
3,974,382,380.4285714285713
3,975,377,378.6190476190475
3,976,377,376.90476190476187
3,977,376,375.8571428571427
3,978,376,375.95238095238085
3,979,376,375.95238095238085
3,980,376,376.33333333333326
3,981,377,376.6666666666667
3,982,377,376.9523809523808
3,983,377,377.095238095238
3,984,377,377.0952380952381
3,985,377,376.952380952381
3,986,377,376.57142857142844
3,987,376,376.3809523809523
3,988,376,376.3809523809523
3,989,377,376.57142857142844
3,990,377,376.8571428571427
3,991,377,377.2380952380952
3,992,377,377.2857142857141
3,993,378,377.2380952380952
3,994,377,377.33333333333326
3,995,377,377.4761904761905
3,996,378,377.57142857142827
3,997,378,377.95238095238096
3,998,378,378.09523809523796
3,999,378,378.09523809523785
3,1000,378,377.9523809523808
3,1001,378,377.57142857142827
3,1002,377,377.3809523809523
3,1003,377,377.3809523809523
3,1004,378,377.57142857142827
3,1005,378,378.047619047619
3,1006,378,378.04761904761887
3,1007,378,377.4761904761903
3,1008,377,377.42857142857144
3,1009,377,377.8095238095236
3,1010,379,378.19047619047603
3,1011,379,378.4761904761904
3,1012,378,378.5714285714283
3,1013,378,378.3809523809523
3,1014,379,378.5714285714283
3,1015,379,378.95238095238085
3,1016,379,379.095238095238
3,1017,379,378.99999999999983
3,1018,379,378.99999999999983
3,1019,379,378.99999999999983
3,1020,379,378.99999999999983
3,1021,379,379.0000000000001
3,1022,379,378.9999999999999
3,1023,379,379.0
3,1024,379,380.3809523809523
3,1025,380,379.7142857142855
3,1026,380,379.66666666666663
3,1027,380,380.095238095238
3,1028,380,379.99999999999983
3,1029,380,379.99999999999983
3,1030,380,379.99999999999983
3,1031,380,379.99999999999983
3,1032,380,379.99999999999983
3,1033,380,379.99999999999983
3,1034,380,379.99999999999983
3,1035,380,379.99999999999983
3,1036,380,379.99999999999983
3,1037,380,379.99999999999983
3,1038,380,379.99999999999983
3,1039,380,379.99999999999983
3,1040,380,379.90476190476176
3,1041,380,380.047619047619
3,1042,380,380.4285714285714
3,1043,381,380.6190476190476
3,1044,381,380.6190476190474
3,1045,380,380.4285714285713
3,1046,380,380.04761904761887
3,1047,380,379.9047619047617
3,1048,380,379.99999999999983
3,1049,380,379.90476190476176
3,1050,380,380.047619047619
3,1051,380,380.33333333333326
3,1052,381,380.6666666666666
3,1053,381,380.95238095238096
3,1054,381,381.09523809523796
3,1055,381,380.9999999999999
3,1056,381,380.9999999999999
3,1057,381,380.9999999999999
3,1058,381,380.9999999999999
3,1059,381,380.9999999999999
3,1060,381,380.9999999999999
3,1061,381,381.0952380952378
3,1062,381,380.85714285714266
3,1063,381,380.71428571428567
3,1064,380,380.76190476190453
3,1065,381,380.6666666666666
3,1066,381,380.5238095238095
3,1067,380,380.4285714285713
3,1068,380,379.9523809523808
3,1069,380,379.95238095238074
3,1070,380,380.4285714285714
3,1071,381,380.6190476190476
3,1072,381,380.6190476190474
3,1073,380,380.4285714285713
3,1074,380,380.04761904761887
3,1075,380,379.9047619047617
3,1076,380,379.99999999999983
3,1077,380,379.99999999999983
3,1078,380,380.09523809523813
3,1079,380,379.9523809523809
3,1080,380,379.57142857142844
3,1081,379,379.38095238095224
3,1082,379,379.47619047619037
3,1083,380,379.52380952380935
3,1084,380,379.52380952380935
3,1085,379,379.4761904761903
3,1086,379,379.47619047619037
3,1087,380,379.52380952380935
3,1088,380,379.61904761904754
3,1089,379,379.4285714285713
3,1090,379,379.04761904761887
3,1091,379,378.8095238095237
3,1092,379,379.047619047619
3,1093,379,379.4285714285714
3,1094,380,379.6190476190474
3,1095,380,379.61904761904754
3,1096,379,379.4285714285713
3,1097,379,379.04761904761887
3,1098,379,378.90476190476176
3,1099,379,379.095238095238
3,1100,379,378.952380952381
3,1101,379,378.6666666666665
3,1102,378,378.3333333333331
3,1103,378,378.04761904761887
3,1104,378,377.90476190476176
3,1105,378,377.9999999999999
3,1106,378,377.9999999999999
3,1107,378,377.9999999999999
3,1108,378,378.09523809523785
3,1109,378,377.9523809523808
3,1110,378,377.6666666666665
3,1111,377,377.33333333333326
3,1112,377,377.047619047619
3,1113,377,376.9047619047618
3,1114,377,376.9999999999999
3,1115,377,376.9999999999999
3,1116,377,376.9999999999999
3,1117,377,376.9999999999999
3,1118,377,376.9999999999999
3,1119,377,376.9999999999999
3,1120,377,376.9999999999999
3,1121,377,376.9999999999999
3,1122,377,377.0952380952381
3,1123,377,376.952380952381
3,1124,377,376.66666666666663
3,1125,376,376.2380952380951
3,1126,376,376.09523809523796
3,1127,376,376.14285714285705
3,1128,377,376.71428571428555
3,1129,377,377.2857142857142
3,1130,378,377.7619047619047
3,1131,378,378.047619047619
3,1132,378,378.04761904761887
3,1133,378,377.6666666666665
3,1134,377,377.33333333333326
3,1135,377,377.047619047619
3,1136,377,376.9047619047618
3,1137,377,376.9999999999999
3,1138,377,376.9999999999999
3,1139,377,376.9999999999999
3,1140,377,376.9999999999999
3,1141,377,376.9999999999999
3,1142,377,376.9999999999999
3,1143,377,376.9999999999999
3,1144,377,376.9999999999999
3,1145,377,376.9999999999999
3,1146,377,376.9999999999999
3,1147,377,376.9999999999999
3,1148,377,377.0952380952381
3,1149,377,376.952380952381
3,1150,377,376.4761904761903
3,1151,376,376.4285714285714
3,1152,376,376.80952380952345
3,1153,378,377.19047619047603
3,1154,378,377.5714285714285
3,1155,377,377.52380952380946
3,1156,377,377.047619047619
3,1157,377,376.9047619047618
3,1158,377,376.9999999999999
3,1159,377,376.9999999999999
3,1160,377,376.90476190476187
3,1161,377,377.04761904761915
3,1162,377,377.33333333333326
3,1163,378,377.6666666666665
3,1164,378,377.95238095238096
3,1165,378,378.09523809523796
3,1166,378,377.9999999999999
3,1167,378,377.9999999999999
3,1168,378,377.9999999999999
3,1169,378,377.9999999999999
3,1170,378,377.9999999999999
3,1171,378,377.9999999999999
3,1172,378,377.61904761904776
3,1173,378,378.19047619047615
3,1174,378,379.3333333333332
3,1175,382,380.66666666666646
3,1176,382,381.8095238095237
3,1177,382,382.66666666666663
3,1178,382,381.85714285714283
3,1179,382,380.99999999999983
3,1180,379,379.99999999999983
3,1181,379,379.142857142857
3,1182,379,378.7142857142856
3,1183,379,378.90476190476176
3,1184,379,379.047619047619
3,1185,379,379.4285714285714
3,1186,380,379.6190476190474
3,1187,380,379.52380952380935
3,1188,379,379.4761904761903
3,1189,379,379.3809523809523
3,1190,380,379.57142857142844
3,1191,380,379.9523809523808
3,1192,380,380.095238095238
3,1193,380,379.99999999999983
3,1194,380,379.99999999999983
3,1195,380,379.99999999999983
3,1196,380,379.99999999999983
3,1197,380,380.09523809523813
3,1198,380,379.8571428571428
3,1199,380,379.71428571428555
3,1200,379,379.6666666666666
3,1201,380,379.71428571428555
3,1202,380,379.8571428571428
3,1203,380,380.095238095238
3,1204,380,379.99999999999983
3,1205,380,379.99999999999983
3,1206,380,379.99999999999983
3,1207,380,379.99999999999983
3,1208,380,379.99999999999983
3,1209,380,379.99999999999983
3,1210,380,379.99999999999983
3,1211,380,379.99999999999983
3,1212,380,379.99999999999983
3,1213,380,379.99999999999983
3,1214,380,379.99999999999983
3,1215,380,379.99999999999983
3,1216,380,379.90476190476176
3,1217,380,380.047619047619
3,1218,380,380.4285714285714
3,1219,381,380.6190476190476
3,1220,381,380.6190476190474
3,1221,380,380.4285714285713
3,1222,380,380.04761904761887
3,1223,380,379.9047619047617
3,1224,380,379.90476190476176
3,1225,380,380.047619047619
3,1226,380,380.4285714285714
3,1227,381,380.6190476190476
3,1228,381,380.6190476190474
3,1229,380,380.4285714285713
3,1230,380,380.04761904761887
3,1231,380,379.9047619047617
3,1232,380,379.99999999999983
3,1233,380,380.09523809523813
3,1234,380,379.9523809523809
3,1235,380,379.6666666666664
3,1236,379,379.33333333333314
3,1237,379,378.9523809523809
3,1238,379,378.9523809523808
3,1239,379,379.33333333333314
3,1240,380,379.66666666666646
3,1241,380,380.0476190476189
3,1242,380,380.047619047619
3,1243,380,379.6666666666664
3,1244,379,379.33333333333314
3,1245,379,379.04761904761887
3,1246,379,378.90476190476176
3,1247,379,378.99999999999983
3,1248,379,378.99999999999983
3,1249,379,379.095238095238
3,1250,379,378.952380952381
3,1251,379,378.57142857142844
3,1252,378,378.3809523809524
3,1253,378,378.47619047619037
3,1254,379,378.4285714285712
3,1255,379,378.6666666666666
3,1256,378,378.8571428571427
3,1257,379,378.6666666666666
3,1258,379,378.42857142857133
3,1259,378,378.4761904761903
3,1260,378,378.47619047619037
3,1261,379,378.5238095238094
3,1262,379,378.6190476190474
3,1263,378,378.4285714285712
3,1264,378,378.142857142857
3,1265,378,377.8571428571427
3,1266,378,377.6666666666665
3,1267,377,377.33333333333326
3,1268,377,377.047619047619
3,1269,377,376.9047619047618
3,1270,377,376.9999999999999
3,1271,377,376.90476190476187
3,1272,377,377.04761904761915
3,1273,377,377.52380952380946
3,1274,378,377.57142857142856
3,1275,378,377.19047619047603
3,1276,376,376.8095238095236
3,1277,376,376.31428571428586
3,1278,377,376.342857142857
3,1279,377,377.1
3,1280,377,378.7142857142857
3,1281,377,377.238095238095
3,1282,377,376.4761904761904
3,1283,377,376.66666666666663
3,1284,376,376.3333333333333
3,1285,376,376.0476190476189
3,1286,376,375.9047619047618
3,1287,376,375.9999999999999
3,1288,376,375.9999999999999
3,1289,376,375.9047619047618
3,1290,376,376.0476190476189
3,1291,376,376.4285714285712
3,1292,377,376.6190476190475
3,1293,377,376.61904761904754
3,1294,376,376.4285714285712
3,1295,376,376.0476190476189
3,1296,376,375.80952380952374
3,1297,376,376.0476190476189
3,1298,376,376.4285714285712
3,1299,377,376.6190476190475
3,1300,377,376.52380952380946
3,1301,376,376.4761904761903
3,1302,376,376.4761904761904
3,1303,377,376.5238095238094
3,1304,377,376.61904761904754
3,1305,376,376.4285714285712
3,1306,376,375.95238095238085
3,1307,376,375.95238095238085
3,1308,376,376.4285714285712
3,1309,377,376.6190476190475
3,1310,377,376.52380952380946
3,1311,376,376.4761904761903
3,1312,376,376.3809523809523
3,1313,377,376.57142857142844
3,1314,377,376.9523809523808
3,1315,377,377.095238095238
3,1316,377,376.9999999999999
3,1317,377,376.9999999999999
3,1318,377,376.90476190476187
3,1319,377,377.23809523809507
3,1320,377,377.2380952380953
3,1321,378,376.80952380952374
3,1322,376,376.7142857142856
3,1323,376,376.9523809523808
3,1324,378,377.0952380952379
3,1325,378,377.47619047619037
3,1326,377,377.57142857142844
3,1327,377,377.3809523809523
3,1328,378,377.57142857142827
3,1329,378,377.8571428571427
3,1330,378,378.14285714285705
3,1331,378,378.4285714285712
3,1332,379,378.6190476190474
3,1333,379,378.6190476190474
3,1334,378,378.4285714285712
3,1335,378,378.04761904761887
3,1336,378,377.90476190476176
3,1337,378,377.90476190476176
3,1338,378,378.04761904761887
3,1339,378,378.4285714285712
3,1340,379,378.6190476190474
3,1341,379,378.6190476190474
3,1342,378,378.4285714285712
3,1343,378,378.04761904761887
3,1344,378,377.80952380952374
3,1345,378,378.04761904761887
3,1346,378,378.4285714285712
3,1347,379,378.6190476190474
3,1348,379,378.5238095238094
3,1349,378,378.4761904761903
3,1350,378,378.47619047619037
3,1351,379,378.5238095238094
3,1352,379,378.42857142857133
3,1353,378,378.52380952380935
3,1354,378,378.7142857142857
3,1355,380,379.2380952380951
3,1356,380,379.90476190476187
3,1357,380,380.19047619047615
3,1358,380,379.99999999999983
3,1359,380,379.99999999999983
3,1360,380,379.99999999999983
3,1361,380,379.99999999999983
3,1362,380,379.99999999999983
3,1363,380,379.99999999999983
3,1364,380,379.99999999999983
3,1365,380,379.99999999999983
3,1366,380,379.99999999999983
3,1367,380,379.99999999999983
3,1368,380,379.99999999999983
3,1369,380,379.99999999999983
3,1370,380,379.99999999999983
3,1371,380,379.99999999999983
3,1372,380,379.99999999999983
3,1373,380,379.99999999999983
3,1374,380,379.99999999999983
3,1375,380,379.99999999999983
3,1376,380,379.99999999999983
3,1377,380,379.33333333333314
3,1378,380,380.33333333333314
3,1379,380,382.3333333333332
3,1380,387,384.6666666666665
3,1381,387,386.6666666666666
3,1382,387,387.66666666666646
3,1383,387,387.6666666666667
3,1384,387,386.6666666666665
3,1385,387,384.66666666666646
3,1386,380,382.3333333333332
3,1387,380,380.33333333333326
3,1388,380,379.42857142857133
3,1389,380,379.9523809523809
3,1390,380,379.57142857142844
3,1391,379,379.38095238095224
3,1392,379,379.3809523809523
3,1393,380,379.57142857142844
3,1394,380,380.0476190476189
3,1395,380,380.047619047619
3,1396,380,379.76190476190476
3,1397,379,379.28571428571405
3,1398,379,378.61904761904754
3,1399,378,378.28571428571416
3,1400,378,378.47619047619037
3,1401,379,378.33333333333314
3,1402,379,378.7142857142856
3,1403,378,379.190476190476
3,1404,380,379.33333333333314
3,1405,380,379.4761904761902
3,1406,379,379.52380952380946
3,1407,379,379.04761904761887
3,1408,379,378.90476190476176
3,1409,379,378.90476190476176
3,1410,379,379.047619047619
3,1411,379,379.4285714285714
3,1412,380,379.6190476190474
3,1413,380,379.61904761904754
3,1414,379,379.4285714285713
3,1415,379,379.04761904761887
3,1416,379,378.90476190476176
3,1417,379,379.095238095238
3,1418,379,378.952380952381
3,1419,379,378.6666666666665
3,1420,378,378.3333333333331
3,1421,378,378.04761904761887
3,1422,378,377.90476190476176
3,1423,378,377.9999999999999
3,1424,378,377.9999999999999
3,1425,378,377.9999999999999
3,1426,378,377.9999999999999
3,1427,378,377.9999999999999
3,1428,378,378.09523809523785
3,1429,378,377.9523809523808
3,1430,378,377.57142857142827
3,1431,377,377.3809523809523
3,1432,377,377.4761904761904
3,1433,378,377.5238095238093
3,1434,378,377.6190476190475
3,1435,377,377.4285714285713
3,1436,377,377.047619047619
3,1437,377,376.9047619047618
3,1438,377,376.90476190476187
3,1439,377,377.04761904761915
3,1440,377,377.4285714285712
3,1441,378,377.6190476190474
3,1442,378,377.6190476190475
3,1443,377,377.4285714285713
3,1444,377,377.047619047619
3,1445,377,376.9047619047618
3,1446,377,376.9999999999999
3,1447,377,376.9999999999999
3,1448,377,376.9999999999999
3,1449,377,376.9999999999999
3,1450,377,376.9999999999999
3,1451,377,377.0952380952381
3,1452,377,376.952380952381
3,1453,377,376.66666666666663
3,1454,376,376.3333333333333
3,1455,376,375.95238095238085
3,1456,376,375.95238095238085
3,1457,376,376.33333333333326
3,1458,377,376.6666666666667
3,1459,377,376.9523809523808
3,1460,377,377.095238095238
3,1461,377,376.9999999999999
3,1462,377,376.9999999999999
3,1463,377,376.9999999999999
3,1464,377,376.9999999999999
3,1465,377,376.9999999999999
3,1466,377,376.9999999999999
3,1467,377,376.9999999999999
3,1468,377,376.90476190476187
3,1469,377,377.04761904761915
3,1470,377,377.33333333333326
3,1471,378,377.6666666666665
3,1472,378,377.95238095238096
3,1473,378,378.09523809523796
3,1474,378,377.9999999999999
3,1475,378,377.9999999999999
3,1476,378,377.9999999999999
3,1477,378,377.9999999999999
3,1478,378,377.9999999999999
3,1479,378,377.9999999999999
3,1480,378,377.9999999999999
3,1481,378,377.9999999999999
3,1482,378,377.9999999999999
3,1483,378,377.9999999999999
3,1484,378,377.9999999999999
3,1485,378,377.9999999999999
3,1486,378,377.9999999999999
3,1487,378,377.90476190476176
3,1488,378,378.04761904761887
3,1489,378,378.4285714285712
3,1490,379,378.6190476190474
3,1491,379,378.6190476190474
3,1492,378,378.4285714285712
3,1493,378,378.04761904761887
3,1494,378,377.90476190476176
3,1495,378,377.9999999999999
3,1496,378,377.9999999999999
3,1497,378,377.90476190476176
3,1498,378,378.04761904761887
3,1499,378,378.4285714285712
3,1500,379,378.52380952380935
3,1501,379,378.6666666666666
3,1502,378,378.7619047619048
3,1503,379,378.7142857142856
3,1504,379,378.85714285714266
3,1505,379,379.095238095238
3,1506,379,378.99999999999983
3,1507,379,378.99999999999983
3,1508,379,378.99999999999983
3,1509,379,378.99999999999983
3,1510,379,378.99999999999983
3,1511,379,378.99999999999983
3,1512,379,378.99999999999983
3,1513,379,378.99999999999983
3,1514,379,378.99999999999983
3,1515,379,378.99999999999983
3,1516,379,378.99999999999983
3,1517,379,378.99999999999983
3,1518,379,378.90476190476176
3,1519,379,379.047619047619
3,1520,379,379.4285714285714
3,1521,380,379.6190476190474
3,1522,380,379.61904761904754
3,1523,379,379.4285714285713
3,1524,379,379.04761904761887
3,1525,379,378.90476190476176
3,1526,379,378.99999999999983
3,1527,379,378.99999999999983
3,1528,379,378.99999999999983
3,1529,379,378.90476190476176
3,1530,379,379.047619047619
3,1531,379,379.33333333333314
3,1532,380,379.66666666666646
3,1533,380,379.97142857142865
3,1534,380,380.142857142857
3,1535,380,379.99999999999994
3,1536,379,380.04761904761904
3,1537,379,379.0476190476189
3,1538,379,378.7142857142856
3,1539,379,378.99999999999983
3,1540,379,378.90476190476176
3,1541,379,379.047619047619
3,1542,379,379.4285714285714
3,1543,380,379.6190476190474
3,1544,380,379.61904761904754
3,1545,379,379.4285714285713
3,1546,379,379.04761904761887
3,1547,379,378.90476190476176
3,1548,379,378.99999999999983
3,1549,379,378.99999999999983
3,1550,379,378.99999999999983
3,1551,379,378.99999999999983
3,1552,379,378.90476190476176
3,1553,379,379.047619047619
3,1554,379,379.4285714285714
3,1555,380,379.6190476190474
3,1556,380,379.52380952380935
3,1557,379,379.4761904761903
3,1558,379,379.3809523809523
3,1559,380,379.57142857142844
3,1560,380,379.9523809523808
3,1561,380,380.095238095238
3,1562,380,380.09523809523813
3,1563,380,379.9523809523809
3,1564,380,379.6666666666664
3,1565,379,379.33333333333314
3,1566,379,379.04761904761887
3,1567,379,378.90476190476176
3,1568,379,378.99999999999983
3,1569,379,378.99999999999983
3,1570,379,378.99999999999983
3,1571,379,378.99999999999983
3,1572,379,378.99999999999983
3,1573,379,378.90476190476176
3,1574,379,379.047619047619
3,1575,379,379.33333333333314
3,1576,380,379.66666666666646
3,1577,380,380.0476190476189
3,1578,380,380.047619047619
3,1579,380,379.6666666666664
3,1580,379,379.33333333333314
3,1581,379,379.04761904761887
3,1582,379,378.8095238095237
3,1583,379,378.76190476190465
3,1584,379,379.47619047619037
3,1585,380,380.66666666666646
3,1586,383,382.0476190476189
3,1587,383,383.057142857143
3,1588,383,383.1714285714286
3,1589,382,382.04999999999984
