channel,index,raw,filtered
1,0,372,371.66666666666646
1,1,372,371.85714285714283
1,2,372,372.142857142857
1,3,372,372.2380952380952
1,4,373,372.7142857142856
1,5,373,372.7142857142855
1,6,374,374.0476190476188
1,7,374,375.8571428571426
1,8,380,378.14285714285705
1,9,380,380.0476190476189
1,10,381,381.2380952380952
1,11,381,380.95238095238096
1,12,381,381.09523809523796
1,13,381,380.9999999999999
1,14,381,380.9999999999999
1,15,381,380.90476190476176
1,16,381,381.0476190476189
1,17,381,381.3333333333333
1,18,382,381.6666666666666
1,19,382,381.9523809523809
1,20,382,382.09523809523796
1,21,382,381.9999999999997
1,22,382,381.9999999999997
1,23,382,381.9999999999997
1,24,382,381.9999999999997
1,25,382,381.9999999999997
1,26,382,381.9999999999997
1,27,382,381.9999999999997
1,28,382,381.9999999999997
1,29,382,381.9999999999997
1,30,382,381.9999999999997
1,31,382,381.9999999999997
1,32,382,381.9999999999997
1,33,382,381.9999999999997
1,34,382,381.9999999999997
1,35,382,381.9999999999997
1,36,382,381.9999999999997
1,37,382,381.9999999999997
1,38,382,381.9999999999997
1,39,382,381.9999999999997
1,40,382,381.9999999999997
1,41,382,381.9999999999997
1,42,382,381.9999999999997
1,43,382,381.9999999999997
1,44,382,381.9999999999997
1,45,382,381.9999999999997
1,46,382,381.9999999999997
1,47,382,382.095238095238
1,48,382,381.9523809523809
1,49,382,381.6666666666664
1,50,381,381.33333333333314
1,51,381,380.8571428571428
1,52,381,380.9999999999999
1,53,381,381.76190476190465
1,54,383,382.2857142857141
1,55,383,382.66666666666663
1,56,382,382.4761904761905
1,57,382,381.80952380952374
1,58,381,381.190476190476
1,59,381,380.71428571428555
1,60,380,380.2380952380952
1,61,380,380.04761904761887
1,62,380,379.9047619047617
1,63,380,379.99999999999983
1,64,380,379.90476190476176
1,65,380,380.047619047619
1,66,380,380.4285714285714
1,67,381,380.6190476190476
1,68,381,380.7142857142857
1,69,380,380.3809523809523
1,70,380,379.7142857142856
1,71,379,379.238095238095
1,72,379,379.04761904761887
1,73,379,378.8095238095237
1,74,379,379.047619047619
1,75,379,379.4285714285714
1,76,380,379.6190476190474
1,77,380,379.52380952380935
1,78,379,379.4761904761903
1,79,379,379.47619047619037
1,80,380,379.52380952380935
1,81,380,379.61904761904754
1,82,379,379.4285714285713
1,83,379,379.14285714285705
1,84,379,378.85714285714266
1,85,379,378.6666666666665
1,86,378,378.3333333333331
1,87,378,378.142857142857
1,88,378,377.7619047619047
1,89,378,377.7142857142856
1,90,377,377.66666666666663
1,91,378,377.7142857142856
1,92,378,377.95238095238085
1,93,378,378.04761904761887
1,94,378,377.7619047619048
1,95,377,377.2857142857141
1,96,377,376.61904761904765
1,97,376,376.2857142857143
1,98,376,376.3809523809523
1,99,377,376.57142857142844
1,100,377,377.0476190476189
1,101,377,377.0476190476189
1,102,377,376.66666666666663
1,103,376,376.3333333333333
1,104,376,376.14285714285705
1,105,376,375.8571428571427
1,106,376,375.57142857142844
1,107,375,375.38095238095224
1,108,375,375.4761904761905
1,109,376,375.52380952380946
1,110,376,375.6190476190475
1,111,375,375.4285714285712
1,112,375,375.0476190476189
1,113,375,374.9047619047617
1,114,375,374.99999999999983
1,115,375,374.99999999999983
1,116,375,374.99999999999983
1,117,375,375.1904761904761
1,118,375,374.90476190476176
1,119,375,374.14285714285705
1,120,373,373.7619047619046
1,121,373,373.85714285714266
1,122,375,374.095238095238
1,123,375,374.6666666666666
1,124,374,374.4761904761906
1,125,374,373.7142857142856
1,126,373,373.2380952380951
1,127,373,373.14285714285717
1,128,373,372.85714285714266
1,129,373,372.57142857142856
1,130,372,372.3809523809523
1,131,372,372.3809523809523
1,132,373,372.5714285714284
1,133,373,372.95238095238085
1,134,373,373.19047619047615
1,135,373,372.95238095238096
1,136,373,372.6666666666665
1,137,372,372.3333333333332
1,138,372,372.0476190476189
1,139,372,371.9047619047618
1,140,372,371.9999999999999
1,141,372,371.9999999999999
1,142,372,371.9999999999999
1,143,372,371.9999999999999
1,144,372,372.095238095238
1,145,372,371.9523809523808
1,146,372,371.57142857142844
1,147,371,371.3809523809523
1,148,371,371.4761904761904
1,149,372,371.5238095238094
1,150,372,371.61904761904754
1,151,371,371.42857142857144
1,152,371,371.047619047619
1,153,371,370.90476190476176
1,154,371,370.9999999999999
1,155,371,370.9999999999999
1,156,371,371.095238095238
1,157,371,370.85714285714266
1,158,371,370.71428571428567
1,159,370,370.66666666666663
1,160,371,370.7142857142856
1,161,371,370.85714285714266
1,162,371,371.09523809523796
1,163,371,370.9999999999999
1,164,371,370.9999999999999
1,165,371,370.9999999999999
1,166,371,370.9999999999999
1,167,371,370.9999999999999
1,168,371,370.9999999999999
1,169,371,370.9999999999999
1,170,371,370.9999999999999
1,171,371,371.095238095238
1,172,371,370.95238095238085
1,173,371,370.57142857142844
1,174,370,370.38095238095235
1,175,370,370.38095238095235
1,176,371,370.5714285714283
1,177,371,370.95238095238074
1,178,371,371.09523809523796
1,179,371,370.9999999999999
1,180,371,370.9999999999999
1,181,371,370.9999999999999
1,182,371,370.9999999999999
1,183,371,370.9999999999999
1,184,371,370.90476190476176
1,185,371,371.0476190476189
1,186,371,371.33333333333326
1,187,372,371.66666666666646
1,188,372,371.85714285714283
1,189,372,372.142857142857
1,190,372,372.4285714285713
1,191,373,372.61904761904754
1,192,373,372.5238095238095
1,193,372,372.47619047619037
1,194,372,372.47619047619025
1,195,373,372.5238095238094
1,196,373,372.6190476190475
1,197,372,372.42857142857133
1,198,372,371.95238095238085
1,199,372,371.9523809523808
1,200,372,372.3333333333332
1,201,373,372.66666666666663
1,202,373,372.95238095238085
1,203,373,373.19047619047615
1,204,373,372.95238095238096
1,205,373,372.57142857142856
1,206,372,372.3809523809523
1,207,372,372.2857142857141
1,208,373,372.6190476190475
1,209,373,373.2857142857142
1,210,374,373.76190476190465
1,211,374,373.9523809523808
1,212,374,374.09523809523813
1,213,374,374.09523809523796
1,214,374,373.95238095238096
1,215,374,373.66666666666663
1,216,373,373.33333333333326
1,217,373,372.9523809523809
1,218,373,372.95238095238096
1,219,373,373.33333333333326
1,220,374,373.66666666666663
1,221,374,373.9523809523808
1,222,374,374.09523809523813
1,223,374,373.9047619047618
1,224,374,374.04761904761904
1,225,374,374.3333333333332
1,226,375,374.66666666666663
1,227,375,374.9523809523808
1,228,375,375.09523809523796
1,229,375,374.99999999999983
1,230,375,374.99999999999983
1,231,375,374.99999999999983
1,232,375,374.99999999999983
1,233,375,374.99999999999983
1,234,375,374.99999999999983
1,235,375,374.99999999999983
1,236,375,374.99999999999983
1,237,375,374.99999999999983
1,238,375,374.99999999999983
1,239,375,374.99999999999983
1,240,375,374.90476190476187
1,241,375,375.047619047619
1,242,375,375.4285714285715
1,243,376,375.6190476190475
1,244,376,375.52380952380946
1,245,375,375.47619047619037
1,246,375,375.3809523809523
1,247,376,375.5714285714284
1,248,376,375.8571428571428
1,249,376,376.14285714285705
1,250,376,376.2380952380951
1,251,377,376.8095238095237
1,252,377,377.2380952380952
1,253,378,377.51428571428585
1,254,377,377.34285714285704
1,255,377,376.8500000000001
1,256,376,374.38095238095224
1,257,376,376.095238095238
1,258,377,377.14285714285705
1,259,377,376.9523809523808
1,260,377,377.095238095238
1,261,377,376.90476190476187
1,262,377,377.04761904761915
1,263,377,377.33333333333326
1,264,378,377.0
1,265,378,378.28571428571416
1,266,378,380.4285714285712
1,267,385,382.6666666666666
1,268,385,384.6666666666665
1,269,385,386.5238095238094
1,270,385,384.4761904761903
1,271,385,382.047619047619
1,272,376,379.42857142857116
1,273,377,377.0476190476189
1,274,377,375.5714285714285
1,275,376,376.52380952380946
1,276,376,376.7142857142856
1,277,378,377.2380952380952
1,278,378,377.99999999999983
1,279,378,378.14285714285705
1,280,378,377.6666666666665
1,281,377,377.33333333333326
1,282,377,377.047619047619
1,283,377,376.9047619047618
1,284,377,376.8095238095238
1,285,377,377.0952380952379
1,286,377,377.76190476190465
1,287,379,378.28571428571416
1,288,379,378.4761904761904
1,289,378,378.5714285714283
1,290,378,378.3809523809523
1,291,379,378.5714285714283
1,292,379,378.85714285714266
1,293,379,379.14285714285705
1,294,379,379.33333333333314
1,295,380,379.66666666666646
1,296,380,379.9523809523808
1,297,380,380.095238095238
1,298,380,379.99999999999983
1,299,380,379.99999999999983
1,300,380,379.99999999999983
1,301,380,379.99999999999983
1,302,380,379.99999999999983
1,303,380,379.99999999999983
1,304,380,379.99999999999983
1,305,380,379.99999999999983
1,306,380,379.99999999999983
1,307,380,379.90476190476176
1,308,380,380.047619047619
1,309,380,380.4285714285714
1,310,381,380.6190476190476
1,311,381,380.4285714285713
1,312,380,380.5238095238094
1,313,380,380.71428571428567
1,314,382,381.238095238095
1,315,382,381.9047619047618
1,316,382,382.1904761904761
1,317,382,381.9999999999997
1,318,382,381.9999999999997
1,319,382,381.9999999999997
1,320,382,382.095238095238
1,321,382,381.9523809523809
1,322,382,381.5714285714284
1,323,381,381.3809523809523
1,324,381,381.38095238095235
1,325,382,381.5714285714285
1,326,382,381.9523809523809
1,327,382,382.09523809523796
1,328,382,381.9999999999997
1,329,382,381.9999999999997
1,330,382,381.9999999999997
1,331,382,381.9999999999997
1,332,382,381.9999999999997
1,333,382,381.9999999999997
1,334,382,381.9999999999997
1,335,382,381.9999999999997
1,336,382,381.9999999999997
1,337,382,381.90476190476176
1,338,382,382.04761904761887
1,339,382,382.42857142857133
1,340,383,382.6190476190475
1,341,383,382.61904761904736
1,342,382,382.42857142857133
1,343,382,381.95238095238085
1,344,382,381.95238095238085
1,345,382,382.52380952380935
1,346,383,382.5714285714283
1,347,383,382.1904761904761
1,348,381,381.80952380952374
1,349,381,381.5238095238095
1,350,382,381.33333333333314
1,351,382,381.6666666666666
1,352,381,381.85714285714283
1,353,382,381.6666666666665
1,354,382,381.52380952380935
1,355,381,381.4285714285712
1,356,381,381.0476190476188
1,357,381,380.9047619047617
1,358,381,380.9999999999999
1,359,381,380.9999999999999
1,360,381,380.9999999999999
1,361,381,380.9999999999999
1,362,381,381.0952380952378
1,363,381,380.95238095238085
1,364,381,380.5714285714285
1,365,380,380.38095238095224
1,366,380,380.5714285714285
1,367,381,380.4761904761903
1,368,381,380.19047619047603
1,369,379,379.8095238095237
1,370,379,379.52380952380935
1,371,380,379.4285714285714
1,372,380,379.61904761904754
1,373,379,379.4285714285713
1,374,379,379.04761904761887
1,375,379,378.99999999999983
1,376,379,378.952380952381
1,377,379,378.57142857142844
1,378,378,378.3809523809524
1,379,378,378.47619047619037
1,380,379,378.5238095238094
1,381,379,378.6190476190474
1,382,378,378.4285714285712
1,383,378,378.142857142857
1,384,378,377.8571428571427
1,385,378,377.6666666666665
1,386,377,377.33333333333326
1,387,377,377.1428571428571
1,388,377,376.8571428571427
1,389,377,376.57142857142844
1,390,376,376.3809523809523
1,391,376,376.4761904761904
1,392,377,376.5238095238094
1,393,377,376.61904761904754
1,394,376,376.4285714285712
1,395,376,376.0476190476189
1,396,376,375.9047619047618
1,397,376,375.9999999999999
1,398,376,375.9999999999999
1,399,376,375.9999999999999
1,400,376,375.9999999999999
1,401,376,375.9999999999999
1,402,376,375.9999999999999
1,403,376,375.9999999999999
1,404,376,376.0952380952381
1,405,376,375.95238095238085
1,406,376,375.57142857142844
1,407,375,375.38095238095224
1,408,375,375.5714285714285
1,409,376,375.4761904761905
1,410,376,375.19047619047626
1,411,374,374.8095238095237
1,412,374,374.6190476190475
1,413,375,374.19047619047615
1,414,375,374.3809523809524
1,415,373,374.6190476190474
1,416,375,374.3333333333332
1,417,375,374.047619047619
1,418,373,373.85714285714266
1,419,373,373.095238095238
1,420,373,372.80952380952374
1,421,373,372.99999999999983
1,422,373,372.99999999999983
1,423,373,372.90476190476187
1,424,373,373.0476190476189
1,425,373,373.4285714285714
1,426,374,373.6190476190475
1,427,374,373.7142857142856
1,428,373,373.38095238095224
1,429,373,372.61904761904754
1,430,372,372.2857142857143
1,431,372,372.47619047619025
1,432,373,372.5238095238094
1,433,373,372.5238095238095
1,434,372,372.47619047619037
1,435,372,372.47619047619025
1,436,373,372.6190476190475
1,437,373,372.57142857142844
1,438,372,372.0952380952381
1,439,371,371.3809523809523
1,440,371,370.9523809523808
1,441,371,370.90476190476176
1,442,371,370.9999999999999
1,443,371,370.9999999999999
1,444,371,370.9999999999999
1,445,371,370.9999999999999
1,446,371,370.9999999999999
1,447,371,370.9999999999999
1,448,371,371.095238095238
1,449,371,370.95238095238085
1,450,371,370.57142857142844
1,451,370,370.38095238095235
1,452,370,370.38095238095235
1,453,371,370.5714285714283
1,454,371,370.95238095238074
1,455,371,371.09523809523796
1,456,371,370.9999999999999
1,457,371,371.095238095238
1,458,371,370.95238095238085
1,459,371,370.66666666666663
1,460,370,370.3333333333333
1,461,370,370.04761904761887
1,462,370,369.90476190476187
1,463,370,369.9999999999998
1,464,370,369.9999999999998
1,465,370,369.9999999999998
1,466,370,369.9999999999998
1,467,370,369.9999999999998
1,468,370,368.5714285714285
1,469,370,370.7142857142856
1,470,370,374.99999999999994
1,471,385,379.99999999999994
1,472,385,384.28571428571416
1,473,385,386.3333333333333
1,474,385,385.0476190476188
1,475,385,385.33333333333326
1,476,386,385.6666666666666
1,477,386,385.76190476190476
1,478,386,386.190476190476
1,479,386,388.2857142857141
1,480,388,386.5238095238094
1,481,388,382.23809523809507
1,482,371,376.85714285714266
1,483,371,371.90476190476176
1,484,371,369.33333333333314
1,485,371,370.57142857142844
1,486,370,370.38095238095235
1,487,370,370.38095238095235
1,488,371,370.5714285714283
1,489,371,370.95238095238074
1,490,371,371.09523809523796
1,491,371,370.90476190476176
1,492,371,371.0476190476189
1,493,371,371.33333333333326
1,494,372,371.66666666666646
1,495,372,371.95238095238074
1,496,372,372.0952380952379
1,497,372,371.9999999999999
1,498,372,371.90476190476187
1,499,372,372.0476190476188
1,500,372,372.3333333333332
1,501,373,372.66666666666663
1,502,373,372.8571428571429
1,503,373,373.14285714285705
1,504,373,373.33333333333326
1,505,374,373.66666666666663
1,506,374,373.9523809523808
1,507,374,374.09523809523813
1,508,374,374.09523809523796
1,509,374,374.0000000000001
1,510,374,373.74285714285696
1,511,373,373.05
1,512,373,372.23809523809507
1,513,373,372.9523809523808
1,514,373,373.52380952380935
1,515,374,373.66666666666663
1,516,374,373.9523809523808
1,517,374,373.99999999999994
1,518,374,374.04761904761904
1,519,374,374.42857142857133
1,520,375,374.6190476190476
1,521,375,374.4285714285712
1,522,374,374.5238095238096
1,523,374,374.8095238095237
1,524,376,375.19047619047615
1,525,376,375.6666666666667
1,526,375,375.4761904761905
1,527,375,374.5238095238094
1,528,374,374.3333333333332
1,529,374,374.8095238095237
1,530,376,375.19047619047615
1,531,376,375.4761904761905
1,532,375,375.57142857142844
1,533,375,375.3809523809523
1,534,376,375.5714285714284
1,535,376,375.95238095238085
1,536,376,376.09523809523796
1,537,376,375.9999999999999
1,538,376,375.9999999999999
1,539,376,375.9047619047618
1,540,376,376.0476190476189
1,541,376,376.2380952380951
1,542,377,376.8095238095237
1,543,377,377.2380952380952
1,544,378,377.2380952380952
1,545,377,377.38095238095224
1,546,377,377.90476190476164
1,547,379,378.19047619047603
1,548,379,378.6666666666665
1,549,378,378.47619047619037
1,550,378,377.5238095238093
1,551,377,377.33333333333326
1,552,377,377.8095238095236
1,553,379,378.19047619047603
1,554,379,378.4761904761904
1,555,378,378.5714285714283
1,556,378,378.3809523809523
1,557,379,378.5714285714283
1,558,379,378.95238095238085
1,559,379,379.095238095238
1,560,379,378.99999999999983
1,561,379,378.99999999999983
1,562,379,378.90476190476176
1,563,379,379.047619047619
1,564,379,379.33333333333314
1,565,380,379.66666666666646
1,566,380,379.9523809523808
1,567,380,379.99999999999983
1,568,380,380.047619047619
1,569,380,380.4285714285714
1,570,381,380.6190476190476
1,571,381,380.52380952380946
1,572,380,380.4761904761903
1,573,380,380.28571428571416
1,574,381,380.6190476190475
1,575,381,381.2857142857141
1,576,382,381.76190476190465
1,577,382,381.9523809523809
1,578,382,382.09523809523796
1,579,382,382.095238095238
1,580,382,381.9523809523809
1,581,382,381.5714285714284
1,582,381,381.3809523809523
1,583,381,381.28571428571416
1,584,382,381.6190476190476
1,585,382,382.3809523809523
1,586,383,382.7142857142856
1,587,383,382.61904761904736
1,588,382,382.42857142857133
1,589,382,382.0476190476189
1,590,382,381.9047619047618
1,591,382,381.9999999999997
1,592,382,381.9999999999997
1,593,382,381.9999999999997
1,594,382,381.90476190476176
1,595,382,382.04761904761887
1,596,382,382.42857142857133
1,597,383,382.6190476190475
1,598,383,382.61904761904736
1,599,382,382.42857142857133
1,600,382,381.95238095238085
1,601,382,381.95238095238085
1,602,382,382.42857142857133
1,603,383,382.6190476190475
1,604,383,382.61904761904736
1,605,382,382.42857142857133
1,606,382,382.0476190476189
1,607,382,381.9047619047618
1,608,382,381.9999999999997
1,609,382,381.9999999999997
1,610,382,381.9999999999997
1,611,382,381.9999999999997
1,612,382,381.9999999999997
1,613,382,381.9999999999997
1,614,382,381.9999999999997
1,615,382,381.9999999999997
1,616,382,381.9999999999997
1,617,382,381.9999999999997
1,618,382,381.9999999999997
1,619,382,381.9999999999997
1,620,382,381.9999999999997
1,621,382,382.095238095238
1,622,382,381.9523809523809
1,623,382,381.5714285714284
1,624,381,381.3809523809523
1,625,381,381.5714285714285
1,626,382,381.4761904761904
1,627,382,381.1904761904761
1,628,380,380.80952380952357
1,629,380,380.5238095238095
1,630,381,380.42857142857133
1,631,381,380.6190476190474
1,632,380,380.4285714285713
1,633,380,380.04761904761887
1,634,380,379.9047619047617
1,635,380,379.99999999999983
1,636,380,379.99999999999983
1,637,380,379.99999999999983
1,638,380,379.99999999999983
1,639,380,379.99999999999983
1,640,380,379.99999999999983
1,641,380,379.99999999999983
1,642,380,380.09523809523813
1,643,380,379.9523809523809
1,644,380,379.57142857142844
1,645,379,379.38095238095224
1,646,379,379.47619047619037
1,647,380,379.52380952380935
1,648,380,379.7142857142858
1,649,379,379.38095238095235
1,650,379,378.71428571428555
1,651,378,378.238095238095
1,652,378,377.95238095238085
1,653,378,377.95238095238096
1,654,378,378.23809523809507
1,655,379,378.71428571428555
1,656,379,379.38095238095224
1,657,380,379.7142857142855
1,658,380,379.61904761904754
1,659,379,379.4285714285713
1,660,379,379.14285714285705
1,661,379,378.76190476190465
1,662,379,378.71428571428567
1,663,378,378.76190476190465
1,664,379,378.6666666666666
1,665,379,378.61904761904765
1,666,378,378.38095238095224
1,667,378,377.7142857142856
1,668,377,377.2380952380952
1,669,377,377.047619047619
1,670,377,376.9047619047618
1,671,377,376.9999999999999
1,672,377,376.9999999999999
1,673,377,376.8095238095238
1,674,377,377.0952380952379
1,675,377,377.6666666666665
1,676,379,378.33333333333326
1,677,379,378.9047619047619
1,678,379,379.38095238095224
1,679,379,378.90476190476187
1,680,379,378.23809523809507
1,681,377,377.7142857142856
1,682,377,377.6190476190474
1,683,378,377.3809523809524
1,684,378,377.3809523809524
1,685,376,376.7142857142855
1,686,376,375.7619047619047
1,687,375,375.142857142857
1,688,375,375.14285714285705
1,689,375,374.8571428571428
1,690,375,374.57142857142856
1,691,374,374.38095238095224
1,692,374,374.47619047619025
1,693,375,374.5238095238094
1,694,375,374.6190476190476
1,695,374,374.4285714285713
1,696,374,374.04761904761904
1,697,374,373.9047619047618
1,698,374,373.99999999999994
1,699,374,374.09523809523796
1,700,374,373.95238095238096
1,701,374,373.47619047619037
1,702,373,373.42857142857133
1,703,373,373.9047619047618
1,704,375,374.14285714285705
1,705,375,374.2380952380951
1,706,373,373.85714285714266
1,707,373,373.19047619047615
1,708,373,372.7619047619046
1,709,373,372.6666666666665
1,710,372,372.3333333333332
1,711,372,372.0476190476189
1,712,372,371.9047619047618
1,713,372,371.9999999999999
1,714,372,371.9999999999999
1,715,372,371.9999999999999
1,716,372,371.90476190476187
1,717,372,372.0476190476188
1,718,372,372.3333333333332
1,719,373,372.66666666666663
1,720,373,372.95238095238085
1,721,373,373.095238095238
1,722,373,372.99999999999983
1,723,373,372.99999999999983
1,724,373,372.99999999999983
1,725,373,372.99999999999983
1,726,373,373.095238095238
1,727,373,372.95238095238096
1,728,373,372.6666666666665
1,729,372,372.3333333333332
1,730,372,372.0476190476189
1,731,372,371.9047619047618
1,732,372,371.9999999999999
1,733,372,371.9999999999999
1,734,372,372.095238095238
1,735,372,371.9523809523808
1,736,372,371.6666666666665
1,737,371,371.33333333333326
1,738,371,371.047619047619
1,739,371,370.90476190476176
1,740,371,370.9999999999999
1,741,371,370.90476190476176
1,742,371,371.0476190476189
1,743,371,371.42857142857133
1,744,372,371.6190476190475
1,745,372,371.61904761904754
1,746,371,371.42857142857144
1,747,371,371.142857142857
1,748,371,370.85714285714266
1,749,371,370.57142857142844
1,750,370,370.38095238095235
1,751,370,370.38095238095235
1,752,371,370.5714285714283
1,753,371,371.047619047619
1,754,371,371.04761904761887
1,755,371,370.57142857142844
1,756,370,370.38095238095235
1,757,370,370.2857142857142
1,758,371,370.61904761904765
1,759,371,371.3809523809523
1,760,372,371.7142857142856
1,761,372,371.61904761904754
1,762,371,371.42857142857144
1,763,371,371.047619047619
1,764,371,370.90476190476176
1,765,371,371.0000000000001
1,766,371,370.99999999999983
1,767,371,370.9999999999999
1,768,371,370.9999999999999
1,769,371,370.9999999999999
1,770,371,371.095238095238
1,771,371,370.95238095238085
1,772,371,370.57142857142844
1,773,370,370.38095238095235
1,774,370,370.47619047619037
1,775,371,370.5238095238095
1,776,371,370.5238095238095
1,777,370,370.4761904761903
1,778,370,370.38095238095235
1,779,371,370.5714285714283
1,780,371,371.047619047619
1,781,371,371.04761904761887
1,782,371,370.57142857142844
1,783,370,370.38095238095235
1,784,370,370.38095238095235
1,785,371,370.5714285714283
1,786,371,370.95238095238074
1,787,371,371.09523809523796
1,788,371,370.9999999999999
1,789,371,371.095238095238
1,790,371,370.95238095238085
1,791,371,370.57142857142844
1,792,370,370.38095238095235
1,793,370,370.38095238095235
1,794,371,370.5714285714283
1,795,371,370.8571428571428
1,796,371,371.14285714285705
1,797,371,371.42857142857133
1,798,372,371.6190476190475
1,799,372,371.52380952380946
1,800,371,371.4761904761903
1,801,371,371.38095238095224
1,802,372,371.5714285714285
1,803,372,372.0476190476189
1,804,372,372.0476190476188
1,805,372,371.6666666666665
1,806,371,371.33333333333326
1,807,371,370.9523809523809
1,808,371,371.04761904761887
1,809,371,371.28571428571416
1,810,372,371.23809523809507
1,811,371,371.3333333333332
1,812,371,371.4761904761904
1,813,372,371.5714285714285
1,814,372,371.95238095238074
1,815,372,372.0952380952379
1,816,372,371.9999999999999
1,817,372,371.9999999999999
1,818,372,371.90476190476187
1,819,372,372.0476190476188
1,820,372,372.4285714285713
1,821,373,372.61904761904754
1,822,373,372.6190476190475
1,823,372,372.42857142857133
1,824,372,372.14285714285717
1,825,372,371.8571428571427
1,826,372,371.57142857142844
1,827,371,371.3809523809523
1,828,371,371.38095238095224
1,829,372,371.5714285714285
1,830,372,371.95238095238074
1,831,372,372.0952380952379
1,832,372,371.9999999999999
1,833,372,371.9999999999999
1,834,372,371.9999999999999
1,835,372,371.90476190476187
1,836,372,372.0476190476188
1,837,372,372.3333333333332
1,838,373,372.66666666666663
1,839,373,372.8571428571429
1,840,373,373.14285714285705
1,841,373,373.33333333333326
1,842,374,373.66666666666663
1,843,374,373.85714285714283
1,844,374,374.14285714285705
1,845,374,374.42857142857133
1,846,375,374.6190476190476
1,847,375,374.6190476190476
1,848,374,374.33333333333326
1,849,374,374.0952380952379
1,850,374,374.23809523809507
1,851,375,374.5714285714284
1,852,375,374.9999999999999
1,853,375,375.42857142857133
1,854,376,375.6666666666666
1,855,376,375.95238095238085
1,856,376,376.09523809523796
1,857,376,375.9999999999999
1,858,376,375.9999999999999
1,859,376,375.9999999999999
1,860,376,375.9999999999999
1,861,376,375.9999999999999
1,862,376,375.9047619047618
1,863,376,376.0476190476189
1,864,376,376.33333333333326
1,865,377,376.6666666666667
1,866,377,376.9523809523808
1,867,377,377.095238095238
1,868,377,376.9999999999999
1,869,377,376.9999999999999
1,870,377,376.9999999999999
1,871,377,376.90476190476187
1,872,377,377.04761904761915
1,873,377,377.33333333333326
1,874,378,377.6666666666665
1,875,378,377.95238095238096
1,876,378,377.99999999999983
1,877,378,378.04761904761887
1,878,378,377.38095238095235
1,879,379,379.1428571428569
1,880,379,382.2857142857142
1,881,389,385.7619047619046
1,882,389,388.5238095238094
1,883,389,390.9047619047618
1,884,389,388.5238095238094
1,885,389,385.5714285714284
1,886,379,382.3809523809523
1,887,379,379.90476190476176
1,888,380,378.6666666666666
1,889,380,379.61904761904754
1,890,379,379.4285714285713
1,891,379,379.04761904761887
1,892,379,378.8095238095237
1,893,379,379.047619047619
1,894,379,379.33333333333314
1,895,380,379.66666666666646
1,896,380,379.85714285714266
1,897,380,380.14285714285705
1,898,380,380.33333333333326
1,899,381,380.6666666666666
1,900,381,380.95238095238096
1,901,381,381.09523809523796
1,902,381,380.9999999999999
1,903,381,380.9999999999999
1,904,381,380.90476190476176
1,905,381,381.0476190476189
1,906,381,381.4285714285713
1,907,382,381.6190476190475
1,908,382,381.52380952380935
1,909,381,381.47619047619037
1,910,381,381.47619047619037
1,911,382,381.52380952380935
1,912,382,381.52380952380935
1,913,381,381.47619047619037
1,914,381,381.38095238095235
1,915,382,381.5714285714285
1,916,382,381.9523809523809
1,917,382,382.09523809523796
1,918,382,381.9999999999997
1,919,382,381.9999999999997
1,920,382,381.9999999999997
1,921,382,381.9999999999997
1,922,382,381.9999999999997
1,923,382,381.9999999999997
1,924,382,381.9999999999997
1,925,382,381.9999999999997
1,926,382,381.9999999999997
1,927,382,381.90476190476176
1,928,382,382.04761904761887
1,929,382,382.42857142857133
1,930,383,382.6190476190475
1,931,383,382.61904761904736
1,932,382,382.42857142857133
1,933,382,381.95238095238085
1,934,382,381.95238095238085
1,935,382,382.3333333333333
1,936,383,382.66666666666663
1,937,383,382.95238095238074
1,938,383,383.190476190476
1,939,383,382.9523809523809
1,940,383,382.66666666666646
1,941,382,382.33333333333314
1,942,382,382.0476190476189
1,943,382,381.9047619047618
1,944,382,381.9999999999997
1,945,382,381.9999999999997
1,946,382,382.095238095238
1,947,382,381.9523809523809
1,948,382,381.5714285714284
1,949,381,381.3809523809523
1,950,381,381.47619047619037
1,951,382,381.52380952380935
1,952,382,381.6190476190475
1,953,381,381.4285714285712
1,954,381,381.1428571428572
1,955,381,380.85714285714283
1,956,381,380.6666666666666
1,957,380,380.2380952380952
1,958,380,380.09523809523785
1,959,380,380.4285714285713
1,960,381,380.5714285714285
1,961,381,380.19047619047603
1,962,379,379.8095238095237
1,963,379,379.52380952380935
1,964,380,379.4285714285714
1,965,380,379.61904761904754
1,966,379,379.4285714285713
1,967,379,379.2380952380951
1,968,379,378.80952380952385
1,969,379,378.23809523809507
1,970,377,377.7142857142856
1,971,377,377.5238095238093
1,972,378,377.4285714285712
1,973,378,377.6190476190475
1,974,377,377.4285714285713
1,975,377,377.047619047619
1,976,377,376.9047619047618
1,977,377,377.0952380952381
1,978,377,377.0476190476189
1,979,377,376.61904761904754
1,980,376,375.9047619047618
1,981,375,375.4285714285713
1,982,375,375.38095238095224
1,983,376,375.52380952380946
1,984,376,375.6190476190475
1,985,375,375.4285714285712
1,986,375,375.14285714285705
1,987,375,374.8571428571428
1,988,375,374.6666666666665
1,989,374,374.3333333333332
1,990,374,374.04761904761904
1,991,374,373.9047619047618
1,992,374,373.99999999999994
1,993,374,373.99999999999994
1,994,374,373.99999999999994
1,995,374,373.99999999999994
1,996,374,374.09523809523796
1,997,374,373.95238095238096
1,998,374,373.66666666666663
1,999,373,373.33333333333326
1,1000,373,373.0476190476189
1,1001,373,372.9047619047618
1,1002,373,372.99999999999983
1,1003,373,372.99999999999983
1,1004,373,372.99999999999983
1,1005,373,373.095238095238
1,1006,373,372.95238095238096
1,1007,373,372.6666666666665
1,1008,372,372.3333333333332
1,1009,372,372.0476190476189
1,1010,372,371.9047619047618
1,1011,372,371.9999999999999
1,1012,372,371.9999999999999
1,1013,372,372.095238095238
1,1014,372,371.9523809523808
1,1015,372,371.6666666666665
1,1016,371,371.33333333333326
1,1017,371,371.047619047619
1,1018,371,370.90476190476176
1,1019,371,370.9999999999999
1,1020,371,370.9999999999999
1,1021,371,371.0000000000001
1,1022,371,370.99999999999983
1,1023,371,370.9999999999999
1,1024,371,370.9999999999999
1,1025,371,370.9999999999999
1,1026,371,371.095238095238
1,1027,371,370.95238095238085
1,1028,371,370.66666666666663
1,1029,370,370.3333333333333
1,1030,370,369.95238095238096
1,1031,370,369.95238095238085
1,1032,370,370.3333333333331
1,1033,371,370.6666666666665
1,1034,371,370.95238095238074
1,1035,371,371.09523809523796
1,1036,371,370.9999999999999
1,1037,371,370.9999999999999
1,1038,371,370.9999999999999
1,1039,371,370.9999999999999
1,1040,371,371.095238095238
1,1041,371,370.85714285714266
1,1042,371,370.71428571428567
1,1043,370,370.66666666666663
1,1044,371,370.7142857142856
1,1045,371,370.85714285714266
1,1046,371,371.09523809523796
1,1047,371,370.9999999999999
1,1048,371,370.9999999999999
1,1049,371,370.90476190476176
1,1050,371,371.0476190476189
1,1051,371,371.42857142857133
1,1052,372,371.6190476190475
1,1053,372,371.61904761904754
1,1054,371,371.42857142857144
1,1055,371,370.9523809523809
1,1056,371,370.9523809523809
1,1057,371,371.42857142857133
1,1058,372,371.6190476190475
1,1059,372,371.61904761904754
1,1060,371,371.42857142857144
1,1061,371,370.9523809523809
1,1062,371,370.9523809523809
1,1063,371,371.33333333333326
1,1064,372,371.5714285714284
1,1065,372,371.9999999999999
1,1066,372,372.52380952380935
1,1067,373,372.61904761904754
1,1068,373,372.5238095238095
1,1069,372,372.47619047619037
1,1070,372,372.47619047619025
1,1071,373,372.5238095238094
1,1072,373,372.5238095238095
1,1073,372,372.47619047619037
1,1074,372,372.5714285714285
1,1075,373,372.47619047619037
1,1076,373,372.190476190476
1,1077,371,371.8095238095237
1,1078,371,371.4285714285712
1,1079,372,371.4761904761903
1,1080,372,371.95238095238074
1,1081,372,372.0952380952379
1,1082,372,370.57142857142844
1,1083,372,372.71428571428555
1,1084,372,377.0
1,1085,387,381.99999999999983
1,1086,387,386.28571428571416
1,1087,387,388.4285714285713
1,1088,387,388.42857142857116
1,1089,387,386.28571428571416
1,1090,387,381.99999999999994
1,1091,372,376.99999999999983
1,1092,372,372.71428571428555
1,1093,372,370.4761904761902
1,1094,372,372.0476190476188
1,1095,372,372.4285714285713
1,1096,373,372.61904761904754
1,1097,373,372.5238095238095
1,1098,372,372.47619047619037
1,1099,372,372.3809523809523
1,1100,373,372.5714285714284
1,1101,373,372.95238095238085
1,1102,373,373.095238095238
1,1103,373,372.90476190476187
1,1104,373,373.0476190476189
1,1105,373,373.33333333333326
1,1106,374,373.66666666666663
1,1107,374,373.9523809523808
1,1108,374,373.99999999999994
1,1109,374,374.04761904761904
1,1110,374,374.42857142857133
1,1111,375,374.6190476190476
1,1112,375,374.4285714285712
1,1113,374,374.5238095238096
1,1114,374,374.8095238095237
1,1115,376,375.19047619047615
1,1116,376,375.38095238095235
1,1117,375,375.6190476190475
1,1118,375,375.8095238095237
1,1119,377,376.1904761904761
1,1120,377,376.4761904761904
1,1121,376,376.5714285714284
1,1122,376,376.3809523809523
1,1123,377,376.57142857142844
1,1124,377,376.8571428571427
1,1125,377,377.14285714285705
1,1126,377,377.33333333333326
1,1127,378,377.57142857142844
1,1128,378,377.9999999999999
1,1129,378,378.4285714285712
1,1130,379,378.6666666666666
1,1131,379,378.85714285714266
1,1132,379,379.14285714285705
1,1133,379,379.4285714285714
1,1134,380,379.6190476190474
1,1135,380,379.52380952380935
1,1136,379,379.4761904761903
1,1137,379,379.3809523809523
1,1138,380,379.57142857142844
1,1139,380,379.9523809523808
1,1140,380,380.095238095238
1,1141,380,379.90476190476176
1,1142,380,380.047619047619
1,1143,380,380.23809523809507
1,1144,381,380.71428571428567
1,1145,381,381.3809523809523
1,1146,382,381.7142857142856
1,1147,382,381.6190476190475
1,1148,381,381.4285714285712
1,1149,381,380.95238095238074
1,1150,381,380.95238095238085
1,1151,381,381.3333333333333
1,1152,382,381.7619047619047
1,1153,382,381.90476190476176
1,1154,382,381.6666666666666
1,1155,381,381.3809523809523
1,1156,381,381.38095238095235
1,1157,382,381.5714285714285
1,1158,382,381.9523809523809
1,1159,382,382.09523809523796
1,1160,382,381.90476190476176
1,1161,382,382.04761904761887
1,1162,382,382.3333333333333
1,1163,383,382.66666666666663
1,1164,383,382.95238095238074
1,1165,383,383.0952380952379
1,1166,383,382.9047619047618
1,1167,383,383.0476190476188
1,1168,383,383.5238095238094
1,1169,384,383.57142857142856
1,1170,384,383.19047619047615
1,1171,382,382.8095238095237
1,1172,382,382.4285714285714
1,1173,383,382.47619047619025
1,1174,383,382.95238095238074
1,1175,383,383.190476190476
1,1176,383,382.9523809523809
1,1177,383,382.66666666666646
1,1178,382,382.33333333333314
1,1179,382,381.95238095238085
1,1180,382,381.95238095238085
1,1181,382,382.42857142857133
1,1182,383,382.6190476190475
1,1183,383,382.61904761904736
1,1184,382,382.42857142857133
1,1185,382,382.0476190476189
1,1186,382,381.9047619047618
1,1187,382,381.9999999999997
1,1188,382,381.9999999999997
1,1189,382,382.095238095238
1,1190,382,381.9523809523809
1,1191,382,381.6666666666664
1,1192,381,381.33333333333314
1,1193,381,380.95238095238074
1,1194,381,380.95238095238085
1,1195,381,381.52380952380946
1,1196,382,381.57142857142844
1,1197,382,381.28571428571416
1,1198,380,380.66666666666663
1,1199,380,380.1428571428571
1,1200,380,380.1428571428571
1,1201,381,380.6666666666666
1,1202,381,380.95238095238096
1,1203,381,381.09523809523796
1,1204,381,380.9999999999999
1,1205,381,380.9999999999999
1,1206,381,381.0952380952378
1,1207,381,380.95238095238085
1,1208,381,380.6666666666666
1,1209,380,380.33333333333314
1,1210,380,379.9523809523808
1,1211,380,379.95238095238074
1,1212,380,380.4285714285714
1,1213,381,380.6190476190476
1,1214,381,380.52380952380946
1,1215,380,380.4761904761903
1,1216,380,380.5714285714285
1,1217,381,380.4761904761903
1,1218,381,380.2857142857141
1,1219,379,379.66666666666646
1,1220,379,379.14285714285705
1,1221,379,379.1428571428568
1,1222,380,379.66666666666646
1,1223,380,380.0476190476189
1,1224,380,380.047619047619
1,1225,380,379.6666666666664
1,1226,379,379.33333333333314
1,1227,379,379.04761904761887
1,1228,379,378.90476190476176
1,1229,379,379.095238095238
1,1230,379,378.952380952381
1,1231,379,378.76190476190465
1,1232,378,378.28571428571416
1,1233,378,377.7142857142856
1,1234,377,377.2380952380952
1,1235,377,377.1428571428571
1,1236,377,376.8571428571427
1,1237,377,376.57142857142844
1,1238,376,376.3809523809523
1,1239,376,376.5714285714284
1,1240,377,376.4761904761904
1,1241,377,376.19047619047603
1,1242,375,375.8095238095237
1,1243,375,375.4285714285712
1,1244,376,375.4761904761903
1,1245,376,376.0476190476189
1,1246,376,376.0476190476189
1,1247,376,375.6666666666665
1,1248,375,375.3333333333332
1,1249,375,375.0476190476189
1,1250,375,374.9047619047617
1,1251,375,374.99999999999983
1,1252,375,374.99999999999983
1,1253,375,374.99999999999983
1,1254,375,374.99999999999983
1,1255,375,374.99999999999983
1,1256,375,374.99999999999983
1,1257,375,374.99999999999983
1,1258,375,375.0952380952379
1,1259,375,374.95238095238085
1,1260,375,374.7619047619046
1,1261,374,374.2857142857143
1,1262,374,373.7142857142856
1,1263,373,373.2380952380951
1,1264,373,373.0476190476189
1,1265,373,372.9047619047618
1,1266,373,372.99999999999983
1,1267,373,373.095238095238
1,1268,373,372.95238095238096
1,1269,373,372.57142857142856
1,1270,372,372.3809523809523
1,1271,372,372.3809523809523
1,1272,373,372.5714285714284
1,1273,373,373.04761904761904
1,1274,373,373.04761904761887
1,1275,373,372.6666666666665
1,1276,372,372.3333333333332
1,1277,372,372.0285714285716
1,1278,372,371.8571428571428
1,1279,372,371.9999999999999
1,1280,372,371.66666666666646
1,1281,372,371.95238095238074
1,1282,372,372.0952380952379
1,1283,372,372.095238095238
1,1284,372,371.9523809523808
1,1285,372,371.6666666666665
1,1286,371,371.33333333333326
1,1287,371,369.5238095238094
1,1288,371,371.6666666666664
1,1289,371,376.3333333333333
1,1290,387,381.66666666666663
1,1291,387,386.23809523809507
1,1292,387,389.95238095238074
1,1293,387,386.28571428571416
1,1294,387,382.09523809523796
1,1295,372,376.95238095238085
1,1296,372,372.3809523809522
1,1297,371,369.90476190476176
1,1298,371,371.047619047619
1,1299,371,370.90476190476176
1,1300,371,370.90476190476176
1,1301,371,371.0476190476189
1,1302,371,371.33333333333326
1,1303,372,371.66666666666646
1,1304,372,372.0476190476189
1,1305,372,372.0476190476188
1,1306,372,371.57142857142844
1,1307,371,371.3809523809523
1,1308,371,371.38095238095224
1,1309,372,371.5714285714285
1,1310,372,371.95238095238074
1,1311,372,371.99999999999983
1,1312,372,372.0476190476188
1,1313,372,372.3333333333332
1,1314,373,372.66666666666663
1,1315,373,372.95238095238085
1,1316,373,373.095238095238
1,1317,373,372.90476190476187
1,1318,373,373.0476190476189
1,1319,373,373.4285714285714
1,1320,374,373.6190476190475
1,1321,374,373.6190476190475
1,1322,373,373.42857142857133
1,1323,373,373.0476190476189
1,1324,373,372.9047619047618
1,1325,373,372.90476190476187
1,1326,373,373.0476190476189
1,1327,373,373.4285714285714
1,1328,374,373.6190476190475
1,1329,374,373.5238095238094
1,1330,373,373.4761904761904
1,1331,373,373.3809523809523
1,1332,374,373.5714285714285
1,1333,374,373.9523809523808
1,1334,374,374.09523809523813
1,1335,374,373.99999999999994
1,1336,374,373.99999999999994
1,1337,374,373.99999999999994
1,1338,374,373.99999999999994
1,1339,374,373.99999999999994
1,1340,374,373.9047619047618
1,1341,374,374.04761904761904
1,1342,374,374.3333333333332
1,1343,375,374.66666666666663
1,1344,375,374.9523809523808
1,1345,375,375.09523809523796
1,1346,375,374.99999999999983
1,1347,375,374.99999999999983
1,1348,375,374.90476190476187
1,1349,375,375.047619047619
1,1350,375,375.33333333333326
1,1351,376,375.6666666666666
1,1352,376,375.8571428571428
1,1353,376,376.14285714285705
1,1354,376,376.33333333333326
1,1355,377,376.6666666666667
1,1356,377,376.9523809523808
1,1357,377,377.095238095238
1,1358,377,376.9999999999999
1,1359,377,376.9999999999999
1,1360,377,376.9999999999999
1,1361,377,376.90476190476187
1,1362,377,377.04761904761915
1,1363,377,377.4285714285712
1,1364,378,377.6190476190474
1,1365,378,377.52380952380946
1,1366,377,377.47619047619014
1,1367,377,377.3809523809523
1,1368,378,377.57142857142827
1,1369,378,377.95238095238096
1,1370,378,378.09523809523796
1,1371,378,377.90476190476176
1,1372,378,378.04761904761887
1,1373,378,378.33333333333326
1,1374,379,378.6666666666666
1,1375,379,378.85714285714266
1,1376,379,379.14285714285705
1,1377,379,379.4285714285714
1,1378,380,379.6190476190474
1,1379,380,379.4285714285713
1,1380,379,379.52380952380935
1,1381,379,379.7142857142856
1,1382,381,380.3333333333333
1,1383,381,380.8571428571427
1,1384,381,380.6666666666666
1,1385,380,380.4285714285713
1,1386,380,380.8095238095237
1,1387,382,381.1904761904761
1,1388,382,381.5714285714283
1,1389,381,381.52380952380946
1,1390,381,381.0476190476188
1,1391,381,380.9047619047617
1,1392,381,380.9999999999999
1,1393,381,380.9999999999999
1,1394,381,380.9999999999999
1,1395,381,380.9999999999999
1,1396,381,380.9999999999999
1,1397,381,380.9999999999999
1,1398,381,380.9999999999999
1,1399,381,380.9999999999999
1,1400,381,380.9999999999999
1,1401,381,380.90476190476176
1,1402,381,381.0476190476189
1,1403,381,381.4285714285713
1,1404,382,381.6190476190475
1,1405,382,381.52380952380935
1,1406,381,381.47619047619037
1,1407,381,381.28571428571416
1,1408,382,381.6190476190476
1,1409,382,382.2857142857143
1,1410,383,382.7619047619046
1,1411,383,383.04761904761887
1,1412,383,383.04761904761887
1,1413,383,382.66666666666646
1,1414,382,382.33333333333314
1,1415,382,382.0476190476189
1,1416,382,381.9047619047618
1,1417,382,381.9999999999997
1,1418,382,381.9999999999997
1,1419,382,381.9999999999997
1,1420,382,381.9999999999997
1,1421,382,381.9999999999997
1,1422,382,381.9999999999997
1,1423,382,381.9999999999997
1,1424,382,381.90476190476176
1,1425,382,382.04761904761887
1,1426,382,382.42857142857133
1,1427,383,382.6190476190475
1,1428,383,382.61904761904736
1,1429,382,382.42857142857133
1,1430,382,382.0476190476189
1,1431,382,381.9047619047618
1,1432,382,381.9999999999997
1,1433,382,381.9999999999997
1,1434,382,381.90476190476176
1,1435,382,382.04761904761887
1,1436,382,382.42857142857133
1,1437,383,382.6190476190475
1,1438,383,382.61904761904736
1,1439,382,382.42857142857133
1,1440,382,382.0476190476189
1,1441,382,381.9047619047618
1,1442,382,381.9999999999997
1,1443,382,381.9999999999997
1,1444,382,381.9999999999997
1,1445,382,382.095238095238
1,1446,382,381.9523809523809
1,1447,382,381.6666666666664
1,1448,381,381.33333333333314
1,1449,381,380.95238095238074
1,1450,381,380.95238095238085
1,1451,381,381.4285714285713
1,1452,382,381.6190476190475
1,1453,382,381.6190476190475
1,1454,381,381.4285714285712
1,1455,381,381.0476190476188
1,1456,381,380.9047619047617
1,1457,381,380.9999999999999
1,1458,381,380.9999999999999
1,1459,381,381.0952380952378
1,1460,381,380.95238095238085
1,1461,381,380.5714285714285
1,1462,380,380.38095238095224
1,1463,380,380.47619047619037
1,1464,381,380.52380952380946
1,1465,381,380.6190476190474
1,1466,380,380.5238095238095
1,1467,380,379.9999999999999
1,1468,380,379.57142857142844
1,1469,379,379.33333333333314
1,1470,379,379.2380952380951
1,1471,379,378.80952380952385
1,1472,379,378.23809523809507
1,1473,377,377.7142857142856
1,1474,377,377.4285714285713
1,1475,378,377.4761904761904
1,1476,378,377.95238095238096
1,1477,378,378.09523809523796
1,1478,378,377.9999999999999
1,1479,378,377.9999999999999
1,1480,378,377.9999999999999
1,1481,378,377.9999999999999
1,1482,378,377.9999999999999
1,1483,378,377.9999999999999
1,1484,378,377.9999999999999
1,1485,378,378.1904761904761
1,1486,378,377.90476190476187
1,1487,378,377.33333333333326
1,1488,376,376.6666666666666
1,1489,376,376.09523809523796
1,1490,376,375.9999999999999
1,1491,376,375.90476190476176
1,1492,376,374.2857142857143
1,1493,374,375.19047619047603
1,1494,374,377.7619047619046
1,1495,385,381.14285714285694
1,1496,385,384.4761904761902
1,1497,385,386.9999999999999
1,1498,385,384.5238095238094
1,1499,385,381.57142857142844
1,1500,375,378.38095238095224
1,1501,375,375.9047619047618
1,1502,376,374.6666666666665
1,1503,376,375.71428571428567
1,1504,375,375.38095238095224
1,1505,375,374.71428571428567
1,1506,374,374.2380952380951
1,1507,374,373.9523809523808
1,1508,374,373.9523809523808
1,1509,374,374.5238095238093
1,1510,375,374.5714285714286
1,1511,375,374.38095238095224
1,1512,373,373.61904761904754
1,1513,373,372.8095238095237
1,1514,372,372.47619047619037
1,1515,373,372.7142857142856
1,1516,373,372.85714285714266
1,1517,373,373.095238095238
1,1518,373,372.99999999999983
1,1519,373,372.99999999999983
1,1520,373,373.095238095238
1,1521,373,372.95238095238096
1,1522,373,372.57142857142856
1,1523,372,372.3809523809523
1,1524,372,372.47619047619025
1,1525,373,372.5238095238094
1,1526,373,372.6190476190475
1,1527,372,372.42857142857133
1,1528,372,372.0476190476189
1,1529,372,371.9047619047618
1,1530,372,372.095238095238
1,1531,372,371.9523809523808
1,1532,372,371.57142857142844
1,1533,371,371.3714285714287
1,1534,371,371.28571428571416
1,1535,372,371.9999999999999
1,1536,372,371.66666666666646
1,1537,372,372.0476190476189
1,1538,372,372.0476190476188
1,1539,372,371.57142857142844
1,1540,371,371.3809523809523
1,1541,371,371.28571428571416
1,1542,372,371.6190476190475
1,1543,372,372.47619047619037
1,1544,373,372.6666666666666
1,1545,373,372.2857142857142
1,1546,371,371.76190476190465
1,1547,371,371.09523809523785
1,1548,371,370.8095238095236
1,1549,371,371.095238095238
1,1550,371,370.95238095238085
1,1551,371,370.57142857142844
1,1552,370,370.38095238095235
1,1553,370,370.38095238095235
1,1554,371,370.47619047619037
1,1555,371,370.9999999999999
1,1556,371,371.5238095238094
1,1557,372,371.6190476190475
1,1558,372,371.61904761904754
1,1559,371,371.42857142857144
1,1560,371,371.047619047619
1,1561,371,370.90476190476176
1,1562,371,370.9999999999999
1,1563,371,370.9999999999999
1,1564,371,370.90476190476176
1,1565,371,371.0476190476189
1,1566,371,371.33333333333326
1,1567,372,371.66666666666646
1,1568,372,371.95238095238074
1,1569,372,372.0952380952379
1,1570,372,372.095238095238
1,1571,372,371.9523809523808
1,1572,372,371.57142857142844
1,1573,371,371.3809523809523
1,1574,371,371.28571428571416
1,1575,372,371.6190476190475
1,1576,372,372.2857142857142
1,1577,373,372.76190476190476
1,1578,373,372.95238095238085
1,1579,373,373.095238095238
1,1580,373,372.99999999999983
1,1581,373,372.99999999999983
1,1582,373,372.99999999999983
1,1583,373,372.90476190476187
1,1584,373,373.0476190476189
1,1585,373,373.33333333333326
1,1586,374,373.66666666666663
1,1587,374,373.9523809523808
1,1588,374,374.09523809523813
1,1589,374,373.9047619047618
1,1590,374,374.04761904761904
1,1591,374,374.42857142857133
1,1592,375,374.6190476190476
1,1593,375,374.6190476190476
1,1594,374,374.4285714285713
1,1595,374,373.9523809523808
1,1596,374,373.9523809523808
1,1597,374,374.3333333333332
1,1598,375,374.66666666666663
1,1599,375,374.9523809523808
1,1600,375,375.09523809523796
1,1601,375,374.99999999999983
1,1602,375,374.90476190476187
1,1603,375,375.047619047619
1,1604,375,375.4285714285715
1,1605,376,375.6190476190475
1,1606,376,375.52380952380946
1,1607,375,375.47619047619037
1,1608,375,375.3809523809523
1,1609,376,375.5714285714284
1,1610,376,376.0476190476189
1,1611,376,376.0476190476189
1,1612,376,375.57142857142844
1,1613,375,375.38095238095224
1,1614,375,375.3809523809523
1,1615,376,375.5714285714284
1,1616,376,375.95238095238085
1,1617,376,376.09523809523796
1,1618,376,375.9999999999999
1,1619,376,375.9047619047618
1,1620,376,376.0476190476189
1,1621,376,376.4285714285712
1,1622,377,376.6190476190475
1,1623,377,376.52380952380946
1,1624,376,376.4761904761903
1,1625,376,376.4761904761904
1,1626,377,376.5238095238094
1,1627,377,376.52380952380946
1,1628,376,376.4761904761903
1,1629,376,376.3809523809523
1,1630,377,376.57142857142844
1,1631,377,376.9523809523808
1,1632,377,377.095238095238
1,1633,377,376.90476190476187
1,1634,377,377.04761904761915
1,1635,377,377.52380952380946
1,1636,378,377.38095238095224
1,1637,378,377.3809523809522
1,1638,376,377.4285714285714
1,1639,378,377.52380952380935
1,1640,378,377.47619047619037
1,1641,378,377.95238095238074
1,1642,377,378.0952380952379
1,1643,379,378.33333333333326
1,1644,379,378.47619047619037
1,1645,378,378.52380952380946
1,1646,378,378.04761904761887
1,1647,378,377.90476190476176
1,1648,378,377.9999999999999
1,1649,378,377.9999999999999
1,1650,378,377.80952380952374
1,1651,378,378.0952380952381
1,1652,378,378.76190476190453
1,1653,380,379.2857142857142
1,1654,380,379.47619047619037
1,1655,379,379.57142857142844
1,1656,379,379.3809523809523
1,1657,380,379.57142857142844
1,1658,380,379.9523809523808
1,1659,380,380.095238095238
1,1660,380,379.90476190476176
1,1661,380,380.14285714285705
1,1662,380,380.28571428571433
1,1663,381,380.14285714285694
1,1664,380,380.3809523809524
1,1665,380,380.9047619047619
1,1666,382,381.1904761904761
1,1667,382,381.5714285714283
1,1668,381,381.52380952380946
1,1669,381,381.0476190476188
1,1670,381,380.9047619047617
1,1671,381,380.90476190476176
1,1672,381,381.0476190476189
1,1673,381,381.3333333333333
1,1674,382,381.6666666666666
1,1675,382,381.9523809523809
1,1676,382,382.09523809523796
1,1677,382,381.90476190476176
1,1678,382,382.04761904761887
1,1679,382,382.42857142857133
1,1680,383,382.52380952380935
1,1681,383,382.66666666666646
1,1682,382,382.76190476190465
1,1683,383,382.71428571428555
1,1684,383,382.9523809523808
1,1685,383,383.04761904761887
1,1686,383,382.57142857142844
1,1687,382,382.38095238095235
1,1688,382,382.38095238095224
1,1689,383,382.57142857142844
1,1690,383,383.04761904761887
1,1691,383,383.04761904761887
1,1692,383,382.66666666666646
1,1693,382,382.33333333333314
1,1694,382,382.0476190476189
1,1695,382,381.8095238095238
1,1696,382,382.04761904761887
1,1697,382,382.14285714285694
1,1698,383,382.76190476190465
1,1699,383,383.6190476190474
1,1700,385,384.4285714285714
1,1701,385,384.9047619047618
1,1702,385,385.47619047619025
1,1703,385,384.8571428571427
1,1704,385,383.90476190476176
1,1705,382,383.0476190476191
1,1706,382,382.4761904761905
1,1707,383,382.3809523809521
1,1708,383,383.04761904761887
1,1709,383,382.95238095238074
1,1710,383,382.7142857142856
1,1711,382,382.7619047619047
1,1712,383,382.66666666666646
1,1713,383,382.42857142857133
1,1714,382,382.4761904761904
1,1715,382,382.47619047619037
1,1716,383,382.52380952380946
1,1717,383,382.8095238095237
1,1718,382,382.3333333333333
1,1719,382,381.28571428571416
1,1720,380,380.6190476190474
1,1721,380,380.42857142857144
1,1722,381,380.47619047619037
1,1723,381,381.04761904761887
1,1724,381,381.04761904761887
1,1725,381,380.7619047619047
1,1726,380,380.28571428571416
1,1727,380,379.6190476190475
1,1728,379,379.28571428571416
1,1729,379,379.47619047619037
1,1730,380,379.52380952380935
1,1731,380,379.61904761904754
1,1732,379,379.4285714285713
1,1733,379,379.04761904761887
1,1734,379,378.99999999999983
1,1735,379,378.952380952381
1,1736,379,378.76190476190465
1,1737,378,378.28571428571416
1,1738,378,377.6190476190476
1,1739,377,377.2857142857143
1,1740,377,377.4761904761904
1,1741,378,377.5238095238093
1,1742,378,377.6190476190475
1,1743,377,377.4285714285713
1,1744,377,377.1428571428571
1,1745,377,376.8571428571427
1,1746,377,376.66666666666663
1,1747,376,376.3333333333333
1,1748,376,376.0476190476189
1,1749,376,375.9047619047618
1,1750,376,376.0952380952381
1,1751,376,375.95238095238085
1,1752,376,375.7619047619048
1,1753,375,375.1904761904761
1,1754,375,374.7619047619047
1,1755,374,374.5714285714284
1,1756,375,374.7142857142855
1,1757,375,374.95238095238085
1,1758,375,375.04761904761904
1,1759,375,374.6666666666665
1,1760,374,374.3333333333332
1,1761,374,374.04761904761904
1,1762,374,373.9047619047618
1,1763,374,374.09523809523796
1,1764,374,373.95238095238096
1,1765,374,373.66666666666663
1,1766,373,373.33333333333326
1,1767,373,373.14285714285717
1,1768,373,372.85714285714266
1,1769,373,372.6666666666665
1,1770,372,372.3333333333332
1,1771,372,372.0476190476189
1,1772,372,371.9047619047618
1,1773,372,372.095238095238
1,1774,372,371.9523809523808
1,1775,372,371.6666666666665
1,1776,371,371.33333333333326
1,1777,371,371.047619047619
1,1778,371,370.90476190476176
1,1779,371,370.9999999999999
1,1780,371,370.9999999999999
1,1781,371,370.9999999999999
1,1782,371,370.9999999999999
1,1783,371,370.9999999999999
1,1784,371,371.095238095238
1,1785,371,370.95238095238085
1,1786,371,370.4761904761904
1,1787,370,370.42857142857133
1,1788,370,370.8095238095238
1,1789,372,371.1142857142858
1,1790,372,371.685714285714
1,1791,371,370.94999999999993
1,1792,371,370.9999999999999
1,1793,371,370.9999999999999
1,1794,371,370.9999999999999
1,1795,371,370.9999999999999
1,1796,371,370.9999999999999
1,1797,371,370.90476190476176
1,1798,371,371.0476190476189
1,1799,371,371.42857142857133
1,1800,372,371.6190476190475
1,1801,372,371.52380952380946
1,1802,371,371.4761904761903
1,1803,371,371.38095238095224
1,1804,372,371.5714285714285
1,1805,372,371.85714285714283
1,1806,372,372.142857142857
1,1807,372,372.4285714285713
1,1808,373,372.61904761904754
1,1809,373,372.5238095238095
1,1810,372,372.47619047619037
1,1811,372,372.47619047619025
1,1812,373,372.5238095238094
1,1813,373,372.6190476190475
1,1814,372,372.42857142857133
1,1815,372,372.0476190476189
1,1816,372,371.7142857142856
1,1817,372,372.0952380952379
1,1818,372,372.7619047619046
1,1819,374,373.2857142857142
1,1820,374,373.38095238095224
1,1821,373,373.6190476190474
1,1822,373,373.7142857142857
1,1823,375,374.2380952380952
1,1824,375,374.99999999999983
1,1825,375,375.142857142857
1,1826,375,374.57142857142856
1,1827,374,374.38095238095224
1,1828,374,374.47619047619025
1,1829,375,374.5238095238094
1,1830,375,374.6190476190476
1,1831,374,374.4285714285713
1,1832,374,373.9523809523808
1,1833,374,373.9523809523808
1,1834,374,374.23809523809507
1,1835,375,374.7142857142855
1,1836,375,375.2857142857141
1,1837,376,375.7619047619047
1,1838,376,375.95238095238085
1,1839,376,376.09523809523796
1,1840,376,375.9047619047618
1,1841,376,376.0476190476189
1,1842,376,376.33333333333326
1,1843,377,376.6666666666667
1,1844,377,376.9523809523808
1,1845,377,376.9999999999999
1,1846,377,377.04761904761915
1,1847,377,377.4285714285712
1,1848,378,377.6190476190474
1,1849,378,377.52380952380946
1,1850,377,377.47619047619014
1,1851,377,377.3809523809523
1,1852,378,377.57142857142827
1,1853,378,377.8571428571427
1,1854,378,378.14285714285705
1,1855,378,378.4285714285712
1,1856,379,378.6190476190474
1,1857,379,378.5238095238094
1,1858,378,378.4761904761903
1,1859,378,378.47619047619037
1,1860,379,378.5238095238094
1,1861,379,378.5238095238094
1,1862,378,378.4761904761903
1,1863,378,378.3809523809523
1,1864,379,378.4761904761903
1,1865,379,378.9999999999999
1,1866,379,379.42857142857133
1,1867,380,379.66666666666646
1,1868,380,379.9523809523808
1,1869,380,380.095238095238
1,1870,380,379.99999999999983
1,1871,380,379.99999999999983
1,1872,380,379.99999999999983
1,1873,380,379.99999999999983
1,1874,380,379.90476190476176
1,1875,380,380.047619047619
1,1876,380,380.33333333333326
1,1877,381,380.6666666666666
1,1878,381,380.95238095238096
1,1879,381,381.09523809523796
1,1880,381,380.9999999999999
1,1881,381,380.9999999999999
1,1882,381,380.90476190476176
1,1883,381,381.0476190476189
1,1884,381,381.4285714285713
1,1885,382,381.5238095238095
1,1886,382,381.6666666666666
1,1887,381,381.76190476190465
1,1888,382,381.7142857142857
1,1889,382,381.85714285714266
1,1890,382,382.09523809523796
1,1891,382,381.9999999999997
1,1892,382,381.9999999999997
1,1893,382,381.9999999999997
1,1894,382,381.9999999999997
1,1895,382,381.9999999999997
1,1896,382,381.9999999999997
1,1897,382,381.9999999999997
1,1898,382,381.9999999999997
1,1899,382,381.9999999999997
1,1900,382,381.9999999999997
1,1901,382,381.9999999999997
1,1902,382,381.6190476190475
1,1903,382,382.19047619047615
1,1904,382,383.33333333333314
1,1905,386,384.7619047619046
1,1906,386,385.7619047619047
1,1907,386,386.33333333333314
1,1908,385,385.1904761904761
1,1909,385,383.9523809523808
1,1910,382,382.95238095238074
1,1911,382,382.5714285714285
1,1912,383,382.33333333333314
1,1913,383,382.61904761904736
1,1914,382,382.42857142857133
1,1915,382,382.0476190476189
1,1916,382,381.9047619047618
1,1917,382,381.9999999999997
1,1918,382,381.9999999999997
1,1919,382,381.9999999999997
1,1920,382,381.9999999999997
1,1921,382,381.9999999999997
1,1922,382,381.9999999999997
1,1923,382,381.9999999999997
1,1924,382,382.095238095238
1,1925,382,381.9523809523809
1,1926,382,381.5714285714284
1,1927,381,381.3809523809523
1,1928,381,381.38095238095235
1,1929,382,381.5714285714285
1,1930,382,382.0476190476189
1,1931,382,382.0476190476189
1,1932,382,381.5714285714284
1,1933,381,381.3809523809523
1,1934,381,381.47619047619037
1,1935,382,381.52380952380935
1,1936,382,381.6190476190475
1,1937,381,381.4285714285712
1,1938,381,381.0476190476188
1,1939,381,380.8095238095237
1,1940,381,381.0476190476189
1,1941,381,381.4285714285713
1,1942,382,381.6190476190475
1,1943,382,381.52380952380935
1,1944,381,381.47619047619037
1,1945,381,381.47619047619037
1,1946,382,381.52380952380935
1,1947,382,381.6190476190475
1,1948,381,381.4285714285712
1,1949,381,381.0476190476188
1,1950,381,380.9047619047617
1,1951,381,380.90476190476176
1,1952,381,381.0476190476189
1,1953,381,381.4285714285713
1,1954,382,381.6190476190475
1,1955,382,381.7142857142856
1,1956,381,381.38095238095246
1,1957,381,380.6190476190474
1,1958,380,380.4761904761905
1,1959,380,380.2857142857142
1,1960,381,379.71428571428555
1,1961,379,379.7142857142856
1,1962,379,379.9523809523809
1,1963,381,380.09523809523796
1,1964,381,380.5714285714285
1,1965,380,380.5238095238094
1,1966,380,380.04761904761887
1,1967,380,379.9047619047617
1,1968,380,380.09523809523813
1,1969,380,379.9523809523809
1,1970,380,379.57142857142844
1,1971,379,379.38095238095224
1,1972,379,379.57142857142844
1,1973,380,379.4761904761904
1,1974,380,379.1904761904761
1,1975,378,378.8095238095237
1,1976,378,378.52380952380935
1,1977,379,378.4285714285714
1,1978,379,378.6190476190474
1,1979,378,378.5238095238094
1,1980,378,377.9999999999999
1,1981,378,377.38095238095224
1,1982,377,377.42857142857144
1,1983,377,377.99999999999983
1,1984,379,378.09523809523796
1,1985,379,377.7142857142856
1,1986,376,377.2857142857142
1,1987,376,377.0
1,1988,378,376.9523809523809
1,1989,378,377.23809523809507
1,1990,376,376.8571428571427
1,1991,376,375.9999999999999
1,1992,376,375.8571428571428
1,1993,376,376.52380952380946
1,1994,377,376.57142857142844
1,1995,377,376.19047619047603
1,1996,375,375.8095238095237
1,1997,375,375.4285714285712
1,1998,376,375.57142857142844
1,1999,376,375.9047619047618
1,2000,376,375.76190476190465
1,2001,375,375.3333333333332
1,2002,375,375.14285714285705
1,2003,375,374.8571428571428
1,2004,375,374.57142857142856
1,2005,374,374.38095238095224
1,2006,374,374.47619047619025
1,2007,375,374.5238095238094
1,2008,375,374.6190476190476
1,2009,374,374.4285714285713
1,2010,374,374.14285714285717
1,2011,374,373.8571428571428
1,2012,374,373.66666666666663
1,2013,373,373.33333333333326
1,2014,373,373.14285714285717
1,2015,373,372.85714285714266
1,2016,373,372.6666666666665
1,2017,372,372.3333333333332
1,2018,372,372.0476190476189
1,2019,372,371.9047619047618
1,2020,372,371.9999999999999
1,2021,372,371.9999999999999
1,2022,372,372.095238095238
1,2023,372,371.8571428571427
1,2024,372,371.7142857142856
1,2025,371,371.57142857142844
1,2026,372,371.7619047619046
1,2027,372,372.38095238095235
1,2028,373,372.6666666666666
1,2029,373,372.190476190476
1,2030,371,371.8095238095237
1,2031,371,371.4285714285712
1,2032,372,371.4761904761903
1,2033,372,371.95238095238074
1,2034,372,372.0952380952379
1,2035,372,371.9999999999999
1,2036,372,371.9999999999999
1,2037,372,372.095238095238
1,2038,372,371.9523809523808
1,2039,372,371.6666666666665
1,2040,371,371.33333333333326
1,2041,371,371.047619047619
1,2042,371,370.90476190476176
1,2043,371,370.9999999999999
1,2044,371,370.9999999999999
1,2045,371,371.0000000000001
1,2046,371,370.99999999999983
1,2047,371,370.9999999999999
1,2048,371,371.42857142857133
1,2049,372,371.6190476190475
1,2050,372,371.61904761904754
1,2051,371,371.42857142857144
1,2052,371,371.047619047619
1,2053,371,370.90476190476176
1,2054,371,370.9999999999999
1,2055,371,370.9999999999999
1,2056,371,370.9999999999999
1,2057,371,370.9999999999999
1,2058,371,370.9999999999999
1,2059,371,370.9999999999999
1,2060,371,370.9999999999999
1,2061,371,370.9999999999999
1,2062,371,370.9999999999999
1,2063,371,370.9999999999999
1,2064,371,370.9999999999999
1,2065,371,370.9999999999999
1,2066,371,370.9999999999999
1,2067,371,370.90476190476176
1,2068,371,371.0476190476189
1,2069,371,371.33333333333326
1,2070,372,371.66666666666646
1,2071,372,371.95238095238074
1,2072,372,372.0952380952379
1,2073,372,371.9999999999999
1,2074,372,371.9999999999999
1,2075,372,372.095238095238
1,2076,372,371.9523809523808
1,2077,372,371.57142857142844
1,2078,371,371.3809523809523
1,2079,371,371.38095238095224
1,2080,372,371.5714285714285
1,2081,372,371.95238095238074
1,2082,372,372.0952380952379
1,2083,372,372.095238095238
1,2084,372,371.9523809523808
1,2085,372,371.6666666666665
1,2086,371,371.14285714285705
1,2087,371,371.14285714285694
1,2088,371,371.66666666666646
1,2089,373,372.2857142857143
1,2090,373,372.4761904761904
1,2091,372,372.5714285714284
1,2092,372,372.2857142857141
1,2093,373,372.6190476190475
1,2094,373,373.3809523809523
1,2095,374,373.7142857142856
1,2096,374,373.5238095238094
1,2097,373,373.4761904761904
1,2098,373,373.3809523809523
1,2099,374,373.5714285714285
1,2100,374,373.9523809523808
1,2101,374,374.09523809523813
1,2102,374,373.9047619047618
1,2103,374,374.04761904761904
1,2104,374,374.3333333333332
1,2105,375,374.66666666666663
1,2106,375,373.99999999999994
1,2107,375,375.5714285714284
1,2108,375,378.3333333333333
1,2109,385,381.6666666666666
1,2110,385,384.5238095238094
1,2111,385,385.95238095238085
1,2112,385,385.8571428571427
1,2113,385,384.5714285714285
1,2114,385,381.99999999999994
1,2115,376,378.90476190476187
1,2116,376,376.4761904761904
1,2117,376,375.4761904761903
1,2118,377,376.6666666666667
1,2119,377,376.8571428571427
1,2120,377,377.14285714285705
1,2121,377,377.33333333333326
1,2122,378,377.6666666666665
1,2123,378,377.95238095238096
1,2124,378,378.09523809523796
1,2125,378,377.9999999999999
1,2126,378,377.9999999999999
1,2127,378,377.9999999999999
1,2128,378,377.9999999999999
1,2129,378,377.90476190476176
1,2130,378,378.04761904761887
1,2131,378,378.23809523809507
1,2132,379,378.71428571428555
1,2133,379,379.2857142857143
1,2134,380,379.85714285714266
1,2135,380,379.90476190476187
1,2136,380,379.57142857142844
1,2137,379,379.42857142857133
1,2138,379,379.7142857142856
1,2139,381,380.2380952380951
1,2140,381,380.9999999999999
1,2141,381,381.142857142857
1,2142,381,380.5714285714285
1,2143,380,380.38095238095224
1,2144,380,380.3809523809523
1,2145,381,380.57142857142856
1,2146,381,380.95238095238096
1,2147,381,381.09523809523796
1,2148,381,380.9999999999999
1,2149,381,380.9999999999999
1,2150,381,380.90476190476176
1,2151,381,381.0476190476189
1,2152,381,381.4285714285713
1,2153,382,381.6190476190475
1,2154,382,381.52380952380935
1,2155,381,381.47619047619037
1,2156,381,381.38095238095235
1,2157,382,381.5714285714285
1,2158,382,381.9523809523809
1,2159,382,382.09523809523796
1,2160,382,381.9999999999997
1,2161,382,382.095238095238
1,2162,382,381.9523809523809
1,2163,382,381.5714285714284
1,2164,381,381.3809523809523
1,2165,381,381.38095238095235
1,2166,382,381.5714285714285
1,2167,382,381.85714285714283
1,2168,382,382.142857142857
1,2169,382,382.42857142857133
1,2170,383,382.6190476190475
1,2171,383,382.61904761904736
1,2172,382,382.42857142857133
1,2173,382,382.0476190476189
1,2174,382,381.9047619047618
1,2175,382,381.9999999999997
1,2176,382,381.9999999999997
1,2177,382,381.9999999999997
1,2178,382,381.90476190476176
1,2179,382,382.04761904761887
1,2180,382,382.42857142857133
1,2181,383,382.6190476190475
1,2182,383,382.61904761904736
1,2183,382,382.42857142857133
1,2184,382,382.0476190476189
1,2185,382,381.9047619047618
1,2186,382,381.9999999999997
1,2187,382,381.9999999999997
1,2188,382,382.095238095238
1,2189,382,381.9523809523809
1,2190,382,381.5714285714284
1,2191,381,381.3809523809523
1,2192,381,381.38095238095235
1,2193,382,381.5714285714285
1,2194,382,382.0476190476189
1,2195,382,382.0476190476189
1,2196,382,381.5714285714284
1,2197,381,381.3809523809523
1,2198,381,381.47619047619037
1,2199,382,381.52380952380935
1,2200,382,381.6190476190475
1,2201,381,381.52380952380935
1,2202,381,380.9999999999999
1,2203,381,380.47619047619037
1,2204,380,380.38095238095224
1,2205,380,380.47619047619037
1,2206,381,380.52380952380946
1,2207,381,380.6190476190474
1,2208,380,380.4285714285713
1,2209,380,380.04761904761887
1,2210,380,379.9047619047617
1,2211,380,379.99999999999983
1,2212,380,379.99999999999983
1,2213,380,380.09523809523813
1,2214,380,379.9523809523809
1,2215,380,379.76190476190476
1,2216,379,379.28571428571405
1,2217,379,378.61904761904754
1,2218,378,378.28571428571416
1,2219,378,378.47619047619037
1,2220,379,378.4285714285712
1,2221,379,378.6666666666666
1,2222,378,378.7619047619048
1,2223,379,378.8095238095238
1,2224,379,378.8095238095238
1,2225,379,378.76190476190453
1,2226,378,378.42857142857133
1,2227,378,377.9999999999999
1,2228,378,377.4761904761903
1,2229,377,377.3809523809523
1,2230,377,377.4761904761904
1,2231,378,377.5238095238093
1,2232,378,377.6190476190475
1,2233,377,377.4285714285713
1,2234,377,377.047619047619
1,2235,377,376.9047619047618
1,2236,377,377.0952380952381
1,2237,377,376.952380952381
1,2238,377,376.7619047619048
1,2239,376,376.2857142857141
1,2240,376,375.61904761904754
1,2241,375,375.28571428571416
1,2242,375,375.5714285714285
1,2243,376,375.4761904761905
1,2244,376,375.2857142857141
1,2245,374,374.76190476190465
1,2246,374,374.095238095238
1,2247,374,373.7142857142858
1,2248,374,373.99999999999966
1,2249,374,373.9999999999999
2,0,381,379.99999999999983
2,1,381,380.7142857142855
2,2,381,381.7142857142856
2,3,382,382.33333333333314
2,4,384,383.28571428571405
2,5,384,383.9999999999999
2,6,384,384.28571428571416
2,7,384,383.9523809523808
2,8,384,383.6666666666664
2,9,383,383.33333333333314
2,10,383,383.047619047619
2,11,383,382.9999999999999
2,12,383,383.23809523809496
2,13,383,382.52380952380946
2,14,382,381.23809523809507
2,15,379,380.09523809523796
2,16,379,379.38095238095224
2,17,380,379.3809523809523
2,18,380,379.9523809523808
2,19,380,380.095238095238
2,20,380,380.09523809523813
2,21,380,379.9523809523809
2,22,380,379.47619047619037
2,23,379,379.42857142857133
2,24,379,379.8095238095237
2,25,381,380.19047619047603
2,26,381,380.4761904761903
2,27,380,380.5714285714284
2,28,380,380.28571428571416
2,29,381,380.6190476190475
2,30,381,381.3809523809523
2,31,382,381.7142857142856
2,32,382,381.6190476190475
2,33,381,381.4285714285712
2,34,381,381.0476190476188
2,35,381,380.9047619047617
2,36,381,380.9999999999999
2,37,381,380.9999999999999
2,38,381,380.9999999999999
2,39,381,380.90476190476176
2,40,381,381.0476190476189
2,41,381,381.4285714285713
2,42,382,381.6190476190475
2,43,382,381.52380952380935
2,44,381,381.47619047619037
2,45,381,381.38095238095235
2,46,382,381.5714285714285
2,47,382,381.85714285714283
2,48,382,382.142857142857
2,49,382,382.42857142857133
2,50,383,382.6190476190475
2,51,383,382.61904761904736
2,52,382,382.42857142857133
2,53,382,381.95238095238085
2,54,382,381.95238095238085
2,55,382,382.3333333333333
2,56,383,382.66666666666663
2,57,383,383.04761904761887
2,58,383,383.04761904761887
2,59,383,382.66666666666646
2,60,382,382.2380952380951
2,61,382,382.09523809523796
2,62,382,382.2380952380952
2,63,383,382.66666666666663
2,64,383,382.95238095238074
2,65,383,383.0952380952379
2,66,383,383.0
2,67,383,383.0
2,68,383,383.095238095238
2,69,383,382.9523809523809
2,70,383,382.57142857142844
2,71,382,382.38095238095235
2,72,382,382.47619047619037
2,73,383,382.52380952380946
2,74,383,382.61904761904736
2,75,382,382.42857142857133
2,76,382,382.0476190476189
2,77,382,381.9047619047618
2,78,382,381.9999999999997
2,79,382,381.90476190476176
2,80,382,382.04761904761887
2,81,382,382.42857142857133
2,82,383,382.6190476190475
2,83,383,382.52380952380946
2,84,382,382.4761904761904
2,85,382,382.47619047619037
2,86,383,382.52380952380946
2,87,383,382.61904761904736
2,88,382,382.42857142857133
2,89,382,382.142857142857
2,90,382,381.8571428571428
2,91,382,381.6666666666664
2,92,381,381.33333333333314
2,93,381,381.0476190476188
2,94,381,380.9047619047617
2,95,381,380.90476190476176
2,96,381,381.14285714285694
2,97,381,381.2857142857141
2,98,382,381.3333333333332
2,99,381,381.2857142857142
2,100,381,381.1428571428571
2,101,381,380.9047619047617
2,102,381,380.90476190476176
2,103,381,381.0476190476189
2,104,381,381.4285714285713
2,105,382,381.6190476190475
2,106,382,381.7142857142856
2,107,381,381.38095238095246
2,108,381,380.6190476190474
2,109,380,380.28571428571416
2,110,380,380.47619047619037
2,111,381,380.52380952380946
2,112,381,380.52380952380946
2,113,380,380.4761904761903
2,114,380,380.47619047619037
2,115,381,380.52380952380946
2,116,381,380.6190476190474
2,117,380,380.4285714285713
2,118,380,380.04761904761887
2,119,380,379.9047619047617
2,120,380,379.99999999999983
2,121,380,380.09523809523813
2,122,380,379.9523809523809
2,123,380,379.57142857142844
2,124,379,379.38095238095224
2,125,379,379.3809523809523
2,126,380,379.57142857142844
2,127,380,380.0476190476189
2,128,380,380.047619047619
2,129,380,379.6666666666664
2,130,379,379.33333333333314
2,131,379,379.04761904761887
2,132,379,378.90476190476176
2,133,379,378.99999999999983
2,134,379,378.99999999999983
2,135,379,379.095238095238
2,136,379,378.952380952381
2,137,379,378.6666666666665
2,138,378,378.3333333333331
2,139,378,377.95238095238085
2,140,378,378.14285714285705
2,141,378,378.2380952380952
2,142,379,377.90476190476176
2,143,377,377.6666666666666
2,144,377,377.6190476190474
2,145,378,377.4285714285712
2,146,378,377.6190476190475
2,147,377,377.4285714285713
2,148,377,377.047619047619
2,149,377,376.9047619047618
2,150,377,376.9999999999999
2,151,377,376.9999999999999
2,152,377,376.9999999999999
2,153,377,376.9999999999999
2,154,377,376.90476190476187
2,155,377,377.04761904761915
2,156,377,377.52380952380946
2,157,378,377.57142857142856
2,158,378,377.2857142857142
2,159,376,376.76190476190465
2,160,376,376.09523809523796
2,161,376,375.8095238095237
2,162,376,375.9999999999999
2,163,376,376.0952380952381
2,164,376,375.95238095238085
2,165,376,375.57142857142844
2,166,375,375.38095238095224
2,167,375,375.3809523809523
2,168,376,375.5714285714284
2,169,376,376.14285714285694
2,170,376,375.9999999999999
2,171,376,375.33333333333326
2,172,374,374.6666666666666
2,173,374,374.095238095238
2,174,374,373.80952380952374
2,175,374,373.99999999999994
2,176,374,373.99999999999994
2,177,374,373.99999999999994
2,178,374,373.99999999999994
2,179,374,373.99999999999994
2,180,374,373.99999999999994
2,181,374,374.09523809523796
2,182,374,373.95238095238096
2,183,374,373.66666666666663
2,184,373,373.33333333333326
2,185,373,373.0476190476189
2,186,373,372.9047619047618
2,187,373,372.99999999999983
2,188,373,373.095238095238
2,189,373,372.95238095238096
2,190,373,372.6666666666665
2,191,372,372.3333333333332
2,192,372,372.0476190476189
2,193,372,371.9047619047618
2,194,372,371.9999999999999
2,195,372,371.9999999999999
2,196,372,372.095238095238
2,197,372,371.9523809523808
2,198,372,371.6666666666665
2,199,371,371.33333333333326
2,200,371,371.047619047619
2,201,371,370.90476190476176
2,202,371,370.9999999999999
2,203,371,370.9999999999999
2,204,371,370.9999999999999
2,205,371,370.9999999999999
2,206,371,369.5714285714285
2,207,371,371.7142857142856
2,208,371,375.99999999999994
2,209,386,380.99999999999994
2,210,386,385.2857142857142
2,211,386,388.8571428571427
2,212,386,385.28571428571416
2,213,386,380.9999999999999
2,214,371,375.9999999999998
2,215,371,371.71428571428544
2,216,371,369.57142857142844
2,217,371,370.9999999999999
2,218,371,370.9999999999999
2,219,371,371.095238095238
2,220,371,370.95238095238085
2,221,371,370.57142857142844
2,222,370,370.38095238095235
2,223,370,370.2857142857142
2,224,371,370.61904761904765
2,225,371,371.3809523809523
2,226,372,371.7142857142856
2,227,372,371.61904761904754
2,228,371,371.42857142857144
2,229,371,370.9523809523809
2,230,371,370.9523809523809
2,231,371,371.33333333333326
2,232,372,371.66666666666646
2,233,372,371.95238095238074
2,234,372,371.99999999999983
2,235,372,372.0476190476188
2,236,372,372.4285714285713
2,237,373,372.61904761904754
2,238,373,372.6190476190475
2,239,372,372.42857142857133
2,240,372,371.95238095238085
2,241,372,371.9523809523808
2,242,372,372.4285714285713
2,243,373,372.61904761904754
2,244,373,372.5238095238095
2,245,372,372.47619047619037
2,246,372,372.2857142857141
2,247,373,372.6190476190475
2,248,373,373.3809523809523
2,249,374,373.7142857142856
2,250,374,373.5238095238094
2,251,373,373.4761904761904
2,252,373,373.3809523809523
2,253,374,373.4857142857144
2,254,374,373.97142857142836
2,255,374,373.94999999999993
2,256,375,376.095238095238
2,257,375,375.142857142857
2,258,375,374.71428571428567
2,259,375,374.99999999999983
2,260,375,374.99999999999983
2,261,375,374.90476190476187
2,262,375,375.047619047619
2,263,375,375.33333333333326
2,264,376,375.6666666666666
2,265,376,375.8571428571428
2,266,376,376.14285714285705
2,267,376,376.4285714285712
2,268,377,376.6190476190475
2,269,377,376.52380952380946
2,270,376,376.4761904761903
2,271,376,376.3809523809523
2,272,377,376.57142857142844
2,273,377,376.8571428571427
2,274,377,377.14285714285705
2,275,377,377.33333333333326
2,276,378,377.76190476190465
2,277,378,377.9047619047618
2,278,378,377.6666666666665
2,279,377,377.3809523809523
2,280,377,377.3809523809523
2,281,378,377.57142857142827
2,282,378,377.95238095238096
2,283,378,378.09523809523796
2,284,378,377.9999999999999
2,285,378,377.9999999999999
2,286,378,378.09523809523785
2,287,378,377.9523809523808
2,288,378,377.4761904761903
2,289,377,377.42857142857144
2,290,377,377.8095238095236
2,291,379,378.19047619047603
2,292,379,378.57142857142844
2,293,378,378.52380952380946
2,294,378,378.04761904761887
2,295,378,377.90476190476176
2,296,378,377.9999999999999
2,297,378,377.90476190476176
2,298,378,378.04761904761887
2,299,378,378.33333333333326
2,300,379,378.6666666666666
2,301,379,378.95238095238085
2,302,379,379.095238095238
2,303,379,378.90476190476176
2,304,379,379.047619047619
2,305,379,379.4285714285714
2,306,380,379.6190476190474
2,307,380,379.61904761904754
2,308,379,379.4285714285713
2,309,379,379.04761904761887
2,310,379,378.90476190476176
2,311,379,379.095238095238
2,312,379,378.952380952381
2,313,379,378.6666666666665
2,314,378,378.3333333333331
2,315,378,378.04761904761887
2,316,378,377.90476190476176
2,317,378,378.09523809523785
2,318,378,377.8571428571426
2,319,378,377.7142857142856
2,320,377,377.4761904761903
2,321,378,377.8095238095236
2,322,378,378.7142857142858
2,323,380,379.3333333333332
2,324,380,379.14285714285705
2,325,378,378.90476190476176
2,326,378,378.42857142857133
2,327,379,378.47619047619037
2,328,379,378.85714285714266
2,329,379,379.14285714285705
2,330,379,379.4285714285714
2,331,380,379.6190476190474
2,332,380,379.52380952380935
2,333,379,379.4761904761903
2,334,379,379.47619047619037
2,335,380,379.52380952380935
2,336,380,379.52380952380935
2,337,379,379.4761904761903
2,338,379,379.3809523809523
2,339,380,379.57142857142844
2,340,380,379.9523809523808
2,341,380,380.095238095238
2,342,380,379.99999999999983
2,343,380,379.99999999999983
2,344,380,379.99999999999983
2,345,380,379.90476190476176
2,346,380,380.047619047619
2,347,380,380.33333333333326
2,348,381,380.6666666666666
2,349,381,380.95238095238096
2,350,381,381.09523809523796
2,351,381,380.9999999999999
2,352,381,380.9999999999999
2,353,381,380.9999999999999
2,354,381,380.9999999999999
2,355,381,380.9999999999999
2,356,381,380.9999999999999
2,357,381,380.9999999999999
2,358,381,380.90476190476176
2,359,381,381.0476190476189
2,360,381,381.3333333333333
2,361,382,381.6666666666666
2,362,382,381.9523809523809
2,363,382,382.09523809523796
2,364,382,382.095238095238
2,365,382,381.9523809523809
2,366,382,381.5714285714284
2,367,381,381.3809523809523
2,368,381,381.38095238095235
2,369,382,381.5714285714285
2,370,382,381.9523809523809
2,371,382,382.09523809523796
2,372,382,381.9999999999997
2,373,382,381.9999999999997
2,374,382,381.9999999999997
2,375,382,381.9999999999997
2,376,382,381.9999999999997
2,377,382,381.9999999999997
2,378,382,381.9999999999997
2,379,382,381.9999999999997
2,380,382,381.9999999999997
2,381,382,381.9999999999997
2,382,382,381.9999999999997
2,383,382,381.9999999999997
2,384,382,381.9999999999997
2,385,382,381.9999999999997
2,386,382,381.9999999999997
2,387,382,381.9999999999997
2,388,382,381.9999999999997
2,389,382,381.9999999999997
2,390,382,381.9999999999997
2,391,382,381.9999999999997
2,392,382,381.9999999999997
2,393,382,382.095238095238
2,394,382,381.9523809523809
2,395,382,381.6666666666664
2,396,381,381.33333333333314
2,397,381,381.0476190476188
2,398,381,380.9047619047617
2,399,381,380.9999999999999
2,400,381,381.0952380952378
2,401,381,380.95238095238085
2,402,381,380.5714285714285
2,403,380,380.38095238095224
2,404,380,380.3809523809523
2,405,381,380.57142857142856
2,406,381,381.04761904761887
2,407,381,381.04761904761887
2,408,381,380.6666666666666
2,409,380,380.2380952380952
2,410,380,380.09523809523785
2,411,380,380.2380952380952
2,412,381,380.6666666666666
2,413,381,380.95238095238096
2,414,381,381.09523809523796
2,415,381,380.9999999999999
2,416,381,381.0952380952378
2,417,381,380.95238095238085
2,418,381,380.6666666666666
2,419,380,380.33333333333314
2,420,380,380.04761904761887
2,421,380,379.9047619047617
2,422,380,380.09523809523813
2,423,380,379.9523809523809
2,424,380,379.6666666666664
2,425,379,379.33333333333314
2,426,379,379.04761904761887
2,427,379,379.095238095238
2,428,379,378.90476190476187
2,429,379,378.23809523809507
2,430,377,377.7142857142856
2,431,377,377.5238095238093
2,432,378,377.4285714285712
2,433,378,377.6190476190475
2,434,377,377.4285714285713
2,435,377,377.1428571428571
2,436,377,376.8571428571427
2,437,377,376.66666666666663
2,438,376,376.3333333333333
2,439,376,376.0476190476189
2,440,376,375.9047619047618
2,441,376,376.1904761904761
2,442,376,375.90476190476176
2,443,376,375.142857142857
2,444,374,374.76190476190465
2,445,374,374.95238095238096
2,446,376,375.0476190476189
2,447,376,375.238095238095
2,448,374,374.7619047619046
2,449,374,374.14285714285705
2,450,374,374.33333333333326
2,451,375,374.5714285714286
2,452,375,374.1904761904761
2,453,373,373.80952380952374
2,454,373,373.52380952380946
2,455,374,373.4285714285713
2,456,374,373.5238095238094
2,457,373,373.4761904761904
2,458,373,373.3809523809523
2,459,374,373.5714285714285
2,460,374,374.0476190476189
2,461,374,374.0476190476189
2,462,374,373.66666666666663
2,463,373,373.33333333333326
2,464,373,373.14285714285717
2,465,373,372.85714285714266
2,466,373,372.6666666666665
2,467,372,372.3333333333332
2,468,372,372.0476190476189
2,469,372,371.9047619047618
2,470,372,371.9999999999999
2,471,372,371.9999999999999
2,472,372,371.9999999999999
2,473,372,371.9999999999999
2,474,372,371.9999999999999
2,475,372,371.9999999999999
2,476,372,371.9999999999999
2,477,372,371.9999999999999
2,478,372,371.9999999999999
2,479,372,371.9999999999999
2,480,372,371.9999999999999
2,481,372,372.095238095238
2,482,372,371.9523809523808
2,483,372,371.57142857142844
2,484,371,371.3809523809523
2,485,371,371.4761904761904
2,486,372,371.5238095238094
2,487,372,371.52380952380946
2,488,371,371.4761904761903
2,489,371,371.4761904761904
2,490,372,371.5238095238094
2,491,372,371.61904761904754
2,492,371,371.5238095238094
2,493,371,370.9999999999998
2,494,371,370.47619047619037
2,495,370,370.38095238095235
2,496,370,370.38095238095235
2,497,371,370.5714285714283
2,498,371,370.95238095238074
2,499,371,371.09523809523796
2,500,371,370.9999999999999
2,501,371,370.9999999999999
2,502,371,370.9999999999999
2,503,371,370.9999999999999
2,504,371,370.9999999999999
2,505,371,370.9999999999999
2,506,371,370.9999999999999
2,507,371,370.9999999999999
2,508,371,371.095238095238
2,509,371,371.0000000000001
2,510,371,370.74285714285696
2,511,370,370.04999999999995
2,512,370,373.095238095238
2,513,371,371.047619047619
2,514,371,370.1904761904761
2,515,371,371.09523809523796
2,516,371,370.9999999999999
2,517,371,370.9999999999999
2,518,371,370.9999999999999
2,519,371,370.9999999999999
2,520,371,370.9999999999999
2,521,371,370.9999999999999
2,522,371,370.9999999999999
2,523,371,370.9999999999999
2,524,371,370.9999999999999
2,525,371,370.90476190476176
2,526,371,371.0476190476189
2,527,371,371.42857142857133
2,528,372,371.6190476190475
2,529,372,371.61904761904754
2,530,371,371.42857142857144
2,531,371,371.142857142857
2,532,371,370.85714285714266
2,533,371,370.4761904761904
2,534,370,370.52380952380946
2,535,370,370.66666666666663
2,536,372,370.90476190476176
2,537,371,371.2380952380951
2,538,371,371.14285714285705
2,539,371,370.9523809523809
2,540,371,371.42857142857133
2,541,372,371.6190476190475
2,542,372,371.61904761904754
2,543,371,371.42857142857144
2,544,371,371.047619047619
2,545,371,370.90476190476176
2,546,371,370.9999999999999
2,547,371,370.9999999999999
2,548,371,370.9999999999999
2,549,371,370.9999999999999
2,550,371,370.9999999999999
2,551,371,370.9999999999999
2,552,371,370.9999999999999
2,553,371,370.9999999999999
2,554,371,370.9999999999999
2,555,371,370.9999999999999
2,556,371,370.9999999999999
2,557,371,370.9999999999999
2,558,371,370.9999999999999
2,559,371,370.9999999999999
2,560,371,370.9999999999999
2,561,371,370.9999999999999
2,562,371,370.9999999999999
2,563,371,370.9999999999999
2,564,371,370.9999999999999
2,565,371,370.9999999999999
2,566,371,370.9999999999999
2,567,371,370.9999999999999
2,568,371,370.9999999999999
2,569,371,370.9999999999999
2,570,371,370.9999999999999
2,571,371,370.9999999999999
2,572,371,371.095238095238
2,573,371,370.95238095238085
2,574,371,370.66666666666663
2,575,370,370.2380952380952
2,576,370,370.09523809523796
2,577,370,370.23809523809507
2,578,371,370.6666666666665
2,579,371,370.95238095238074
2,580,371,371.09523809523796
2,581,371,370.9999999999999
2,582,371,370.9999999999999
2,583,371,370.9999999999999
2,584,371,370.9999999999999
2,585,371,370.9999999999999
2,586,371,370.9999999999999
2,587,371,370.9999999999999
2,588,371,370.90476190476176
2,589,371,371.0476190476189
2,590,371,371.33333333333326
2,591,372,371.66666666666646
2,592,372,371.95238095238074
2,593,372,372.0952380952379
2,594,372,371.9999999999999
2,595,372,372.095238095238
2,596,372,371.9523809523808
2,597,372,371.57142857142844
2,598,371,371.3809523809523
2,599,371,371.38095238095224
2,600,372,371.5714285714285
2,601,372,371.85714285714283
2,602,372,372.142857142857
2,603,372,372.4285714285713
2,604,373,372.61904761904754
2,605,373,372.6190476190475
2,606,372,372.42857142857133
2,607,372,372.0476190476189
2,608,372,371.9047619047618
2,609,372,371.90476190476187
2,610,372,372.0476190476188
2,611,372,372.3333333333332
2,612,373,372.66666666666663
2,613,373,372.8571428571429
2,614,373,373.14285714285705
2,615,373,371.9999999999999
2,616,374,374.3333333333332
2,617,374,378.6190476190475
2,618,388,383.4285714285714
2,619,388,387.3333333333332
2,620,388,390.19047619047603
2,621,388,387.5714285714283
2,622,388,385.57142857142827
2,623,379,381.80952380952357
2,624,379,377.38095238095224
2,625,373,373.52380952380923
2,626,372,372.76190476190476
2,627,372,372.66666666666663
2,628,375,373.8095238095236
2,629,375,374.095238095238
2,630,373,373.9999999999999
2,631,373,373.42857142857133
2,632,374,373.4761904761904
2,633,374,373.85714285714283
2,634,374,374.14285714285705
2,635,374,374.3333333333332
2,636,375,374.66666666666663
2,637,375,375.0476190476189
2,638,375,375.04761904761904
2,639,375,374.6666666666665
2,640,374,374.3333333333332
2,641,374,373.9523809523808
2,642,374,373.9523809523808
2,643,374,374.3333333333332
2,644,375,374.66666666666663
2,645,375,374.9523809523808
2,646,375,375.19047619047626
2,647,375,374.95238095238085
2,648,375,374.6666666666665
2,649,374,374.3333333333332
2,650,374,373.8571428571427
2,651,374,373.99999999999994
2,652,374,374.6666666666665
2,653,376,375.33333333333326
2,654,376,375.80952380952374
2,655,376,376.2380952380953
2,656,376,376.2380952380951
2,657,377,376.71428571428555
2,658,377,377.2857142857142
2,659,378,377.7619047619047
2,660,378,378.047619047619
2,661,378,378.04761904761887
2,662,378,377.57142857142827
2,663,377,377.3809523809523
2,664,377,377.2857142857141
2,665,378,377.6190476190475
2,666,378,378.2857142857143
2,667,379,378.76190476190465
2,668,379,378.85714285714266
2,669,379,379.14285714285705
2,670,379,379.33333333333314
2,671,380,379.57142857142827
2,672,380,379.9999999999999
2,673,380,380.4285714285714
2,674,381,380.6666666666666
2,675,381,380.95238095238096
2,676,381,381.09523809523796
2,677,381,380.90476190476176
2,678,381,381.0476190476189
2,679,381,381.3333333333333
2,680,382,381.6666666666666
2,681,382,381.9523809523809
2,682,382,382.09523809523796
2,683,382,381.9999999999997
2,684,382,381.9999999999997
2,685,382,381.90476190476176
2,686,382,382.04761904761887
2,687,382,382.42857142857133
2,688,383,382.6190476190475
2,689,383,382.61904761904736
2,690,382,382.42857142857133
2,691,382,382.0476190476189
2,692,382,381.9047619047618
2,693,382,381.9999999999997
2,694,382,381.9999999999997
2,695,382,381.90476190476176
2,696,382,382.04761904761887
2,697,382,382.3333333333333
2,698,383,382.76190476190465
2,699,383,382.9047619047618
2,700,383,382.66666666666646
2,701,382,382.38095238095235
2,702,382,382.47619047619037
2,703,383,382.52380952380946
2,704,383,382.52380952380946
2,705,382,382.4761904761904
2,706,382,382.38095238095224
2,707,383,382.57142857142844
2,708,383,383.04761904761887
2,709,383,383.04761904761887
2,710,383,382.66666666666646
2,711,382,382.33333333333314
2,712,382,381.95238095238085
2,713,382,381.95238095238085
2,714,382,382.3333333333333
2,715,383,382.66666666666663
2,716,383,383.04761904761887
2,717,383,383.04761904761887
2,718,383,382.66666666666646
2,719,382,382.33333333333314
2,720,382,382.0476190476189
2,721,382,381.9047619047618
2,722,382,381.9999999999997
2,723,382,381.9999999999997
2,724,382,381.9999999999997
2,725,382,381.9999999999997
2,726,382,381.9999999999997
2,727,382,381.9999999999997
2,728,382,381.9999999999997
2,729,382,381.9999999999997
2,730,382,381.9999999999997
2,731,382,381.9999999999997
2,732,382,381.9999999999997
2,733,382,382.19047619047603
2,734,382,381.9047619047618
2,735,382,381.2380952380951
2,736,380,380.71428571428555
2,737,380,380.42857142857144
2,738,381,380.47619047619037
2,739,381,380.95238095238096
2,740,381,381.09523809523796
2,741,381,381.0952380952378
2,742,381,380.95238095238085
2,743,381,380.6666666666666
2,744,380,380.33333333333314
2,745,380,380.04761904761887
2,746,380,379.9047619047617
2,747,380,379.99999999999983
2,748,380,379.99999999999983
2,749,380,379.99999999999983
2,750,380,379.99999999999983
2,751,380,379.99999999999983
2,752,380,380.09523809523813
2,753,380,379.9523809523809
2,754,380,379.57142857142844
2,755,379,379.38095238095224
2,756,379,379.57142857142844
2,757,380,379.4761904761904
2,758,380,379.2857142857142
2,759,378,378.76190476190453
2,760,378,378.19047619047603
2,761,378,377.7619047619047
2,762,378,377.6666666666665
2,763,377,377.4285714285714
2,764,377,376.99999999999994
2,765,377,376.60000000000014
2,766,376,376.3714285714286
2,767,376,375.89999999999986
2,768,376,376.76190476190465
2,769,376,376.09523809523796
2,770,376,375.8095238095237
2,771,376,375.9999999999999
2,772,376,375.9999999999999
2,773,376,376.0952380952381
2,774,376,375.95238095238085
2,775,376,375.6666666666665
2,776,375,375.3333333333332
2,777,375,375.14285714285705
2,778,375,374.8571428571428
2,779,375,374.4761904761903
2,780,374,374.4285714285714
2,781,374,374.90476190476187
2,782,376,375.142857142857
2,783,376,375.238095238095
2,784,374,374.85714285714255
2,785,374,374.095238095238
2,786,374,373.9047619047618
2,787,374,373.95238095238096
2,788,374,373.66666666666663
2,789,373,373.33333333333326
2,790,373,373.0476190476189
2,791,373,372.9047619047618
2,792,373,372.99999999999983
2,793,373,372.99999999999983
2,794,373,372.90476190476187
2,795,373,373.0476190476189
2,796,373,373.4285714285714
2,797,374,373.6190476190475
2,798,374,373.6190476190475
2,799,373,373.42857142857133
2,800,373,373.0476190476189
2,801,373,372.9047619047618
2,802,373,373.095238095238
2,803,373,372.95238095238096
2,804,373,372.6666666666665
2,805,372,372.3333333333332
2,806,372,372.0476190476189
2,807,372,371.9047619047618
2,808,372,371.9999999999999
2,809,372,372.095238095238
2,810,372,371.9523809523808
2,811,372,371.57142857142844
2,812,371,371.3809523809523
2,813,371,371.4761904761904
2,814,372,371.5238095238094
2,815,372,371.61904761904754
2,816,371,371.42857142857144
2,817,371,371.047619047619
2,818,371,370.90476190476176
2,819,371,370.3333333333332
2,820,371,371.33333333333337
2,821,371,372.5714285714285
2,822,378,376.0476190476189
2,823,378,380.3333333333332
2,824,386,383.9999999999997
2,825,386,385.61904761904736
2,826,386,388.19047619047615
2,827,386,385.28571428571416
2,828,386,380.9999999999999
2,829,371,375.9999999999998
2,830,371,371.71428571428544
2,831,371,369.57142857142844
2,832,371,370.9999999999999
2,833,371,370.9999999999999
2,834,371,370.9999999999999
2,835,371,370.9999999999999
2,836,371,370.90476190476176
2,837,371,371.0476190476189
2,838,371,371.42857142857133
2,839,372,371.5238095238094
2,840,372,371.6666666666666
2,841,371,371.57142857142844
2,842,372,371.8095238095236
2,843,372,372.6190476190475
2,844,374,373.3809523809523
2,845,374,373.47619047619037
2,846,373,373.5714285714285
2,847,373,373.47619047619037
2,848,374,373.5238095238094
2,849,374,373.5238095238094
2,850,373,373.4761904761904
2,851,373,373.3809523809523
2,852,374,373.5714285714285
2,853,374,373.85714285714283
2,854,374,374.14285714285705
2,855,374,374.3333333333332
2,856,375,374.66666666666663
2,857,375,374.85714285714283
2,858,375,375.14285714285705
2,859,375,375.33333333333326
2,860,376,375.5714285714284
2,861,376,375.9999999999999
2,862,376,376.42857142857133
2,863,377,376.6666666666667
2,864,377,376.9523809523808
2,865,377,377.095238095238
2,866,377,376.90476190476187
2,867,377,377.04761904761915
2,868,377,377.33333333333326
2,869,378,377.6666666666665
2,870,378,377.8571428571427
2,871,378,378.14285714285705
2,872,378,378.33333333333326
2,873,379,378.6666666666666
2,874,379,378.95238095238085
2,875,379,379.095238095238
2,876,379,378.90476190476176
2,877,379,379.047619047619
2,878,379,379.238095238095
2,879,380,379.71428571428555
2,880,380,380.2857142857142
2,881,381,380.7619047619047
2,882,381,380.95238095238096
2,883,381,381.09523809523796
2,884,381,380.9999999999999
2,885,381,380.9999999999999
2,886,381,380.9999999999999
2,887,381,380.9999999999999
2,888,381,380.9999999999999
2,889,381,380.9999999999999
2,890,381,380.9999999999999
2,891,381,380.90476190476176
2,892,381,381.0476190476189
2,893,381,381.3333333333333
2,894,382,381.6666666666666
2,895,382,381.9523809523809
2,896,382,382.09523809523796
2,897,382,382.19047619047603
2,898,382,381.9047619047618
2,899,382,381.142857142857
2,900,380,380.7619047619047
2,901,380,380.7619047619047
2,902,382,381.1428571428571
2,903,382,381.9047619047618
2,904,382,382.1904761904761
2,905,382,381.9999999999997
2,906,382,382.095238095238
2,907,382,381.9523809523809
2,908,382,381.6666666666664
2,909,381,381.33333333333314
2,910,381,381.0476190476188
2,911,381,380.9047619047617
2,912,381,381.0952380952378
2,913,381,380.95238095238085
2,914,381,380.5714285714285
2,915,380,380.38095238095224
2,916,380,380.47619047619037
2,917,381,380.52380952380946
2,918,381,380.6190476190474
2,919,380,380.4285714285713
2,920,380,380.1428571428571
2,921,380,379.8571428571428
2,922,380,379.76190476190476
2,923,379,379.28571428571405
2,924,379,378.61904761904754
2,925,378,378.28571428571416
2,926,378,378.3809523809523
2,927,379,378.6666666666666
2,928,379,378.9047619047618
2,929,379,378.6666666666666
2,930,378,378.3809523809524
2,931,378,378.57142857142844
2,932,379,378.4761904761904
2,933,379,378.19047619047615
2,934,377,377.8095238095236
2,935,377,377.5238095238093
2,936,378,377.4285714285712
2,937,378,377.6190476190475
2,938,377,377.4285714285713
2,939,377,377.047619047619
2,940,377,376.9047619047618
2,941,377,376.9999999999999
2,942,377,376.9999999999999
2,943,377,377.0952380952381
2,944,377,376.952380952381
2,945,377,376.66666666666663
2,946,376,376.3333333333333
2,947,376,376.0476190476189
2,948,376,375.99999999999994
2,949,376,375.95238095238085
2,950,376,375.6666666666665
2,951,375,375.3333333333332
2,952,375,375.0476190476189
2,953,375,374.9047619047617
2,954,375,374.99999999999983
2,955,375,374.99999999999983
2,956,375,374.99999999999983
2,957,375,374.99999999999983
2,958,375,374.99999999999983
2,959,375,374.99999999999983
2,960,375,375.1904761904761
2,961,375,374.90476190476176
2,962,375,374.14285714285705
2,963,373,373.7619047619046
2,964,373,373.95238095238096
2,965,375,374.0476190476189
2,966,375,374.2380952380951
2,967,373,373.7619047619047
2,968,373,373.142857142857
2,969,373,373.2380952380953
2,970,374,373.6190476190475
2,971,374,373.5238095238094
2,972,373,373.4761904761904
2,973,373,373.5714285714285
2,974,374,373.47619047619037
2,975,374,373.19047619047603
2,976,372,372.80952380952385
2,977,372,372.42857142857116
2,978,373,372.47619047619025
2,979,373,373.04761904761904
2,980,373,373.04761904761887
2,981,373,372.57142857142856
2,982,372,372.3809523809523
2,983,372,372.47619047619025
2,984,373,372.5238095238094
2,985,373,372.6190476190475
2,986,372,372.42857142857133
2,987,372,372.0476190476189
2,988,372,371.9047619047618
2,989,372,372.095238095238
2,990,372,371.9523809523808
2,991,372,371.57142857142844
2,992,371,371.3809523809523
2,993,371,371.38095238095224
2,994,372,371.5714285714285
2,995,372,371.95238095238074
2,996,372,372.1904761904761
2,997,372,371.9523809523808
2,998,372,371.57142857142844
2,999,371,371.3809523809523
2,1000,371,371.38095238095224
2,1001,372,371.5714285714285
2,1002,372,371.95238095238074
2,1003,372,372.0952380952379
2,1004,372,371.9999999999999
2,1005,372,371.9999999999999
2,1006,372,371.9999999999999
2,1007,372,371.9999999999999
2,1008,372,371.9999999999999
2,1009,372,371.9999999999999
2,1010,372,371.9999999999999
2,1011,372,371.9999999999999
2,1012,372,372.095238095238
2,1013,372,371.8571428571427
2,1014,372,371.7142857142856
2,1015,371,371.76190476190465
2,1016,372,371.6666666666665
2,1017,372,371.5238095238095
2,1018,371,371.42857142857144
2,1019,371,371.047619047619
2,1020,371,370.90476190476176
2,1021,371,371.0000000000001
2,1022,371,370.99999999999983
2,1023,371,370.9999999999999
2,1024,371,373.4285714285713
2,1025,371,371.33333333333314
2,1026,371,368.9999999999999
2,1027,371,371.6666666666666
2,1028,371,375.6666666666665
2,1029,385,380.3333333333331
2,1030,385,384.33333333333326
2,1031,385,387.5714285714283
2,1032,385,384.4761904761904
2,1033,385,380.61904761904754
2,1034,372,375.9999999999998
2,1035,371,371.9523809523807
2,1036,371,369.8095238095237
2,1037,371,370.90476190476176
2,1038,371,370.9999999999999
2,1039,371,370.9999999999999
2,1040,371,370.9999999999999
2,1041,371,370.9999999999999
2,1042,371,370.9999999999999
2,1043,371,370.9999999999999
2,1044,371,370.90476190476176
2,1045,371,371.0476190476189
2,1046,371,371.23809523809507
2,1047,372,371.7142857142856
2,1048,372,372.3809523809522
2,1049,373,372.7142857142856
2,1050,373,372.5238095238095
2,1051,372,372.47619047619037
2,1052,372,372.3809523809523
2,1053,373,372.5714285714284
2,1054,373,372.8571428571429
2,1055,373,373.14285714285705
2,1056,373,373.33333333333326
2,1057,374,373.76190476190465
2,1058,374,373.90476190476187
2,1059,374,373.7619047619046
2,1060,373,373.33333333333326
2,1061,373,372.9523809523809
2,1062,373,372.95238095238096
2,1063,373,373.33333333333326
2,1064,374,373.66666666666663
2,1065,374,373.85714285714283
2,1066,374,374.14285714285705
2,1067,374,374.23809523809507
2,1068,375,374.7142857142855
2,1069,375,375.190476190476
2,1070,376,375.8095238095238
2,1071,376,376.1904761904761
2,1072,377,376.80952380952374
2,1073,377,377.47619047619037
2,1074,378,377.66666666666646
2,1075,378,377.2857142857142
2,1076,376,376.76190476190465
2,1077,376,375.9999999999999
2,1078,376,375.8571428571428
2,1079,376,376.33333333333326
2,1080,377,376.5714285714285
2,1081,377,376.99999999999994
2,1082,377,377.5238095238093
2,1083,378,377.6190476190474
2,1084,378,377.6190476190475
2,1085,377,377.4285714285713
2,1086,377,376.9523809523809
2,1087,377,376.9523809523808
2,1088,377,377.33333333333326
2,1089,378,377.6666666666665
2,1090,378,377.8571428571427
2,1091,378,378.14285714285705
2,1092,378,378.23809523809507
2,1093,379,378.71428571428555
2,1094,379,379.47619047619025
2,1095,380,379.66666666666663
2,1096,380,379.1904761904761
2,1097,378,378.8095238095237
2,1098,378,378.42857142857133
2,1099,379,378.47619047619037
2,1100,379,378.95238095238085
2,1101,379,379.095238095238
2,1102,379,378.99999999999983
2,1103,379,378.99999999999983
2,1104,379,378.99999999999983
2,1105,379,378.99999999999983
2,1106,379,378.99999999999983
2,1107,379,378.99999999999983
2,1108,379,378.99999999999983
2,1109,379,378.90476190476176
2,1110,379,379.047619047619
2,1111,379,379.52380952380946
2,1112,380,379.5714285714286
2,1113,380,379.1904761904761
2,1114,378,378.8095238095237
2,1115,378,378.42857142857133
2,1116,379,378.47619047619037
2,1117,379,378.95238095238085
2,1118,379,379.095238095238
2,1119,379,378.90476190476176
2,1120,379,379.047619047619
2,1121,379,379.33333333333314
2,1122,380,379.66666666666646
2,1123,380,380.0476190476189
2,1124,380,380.047619047619
2,1125,380,379.6666666666664
2,1126,379,379.2380952380951
2,1127,379,379.0952380952381
2,1128,379,379.238095238095
2,1129,380,379.66666666666646
2,1130,380,379.9523809523808
2,1131,380,380.095238095238
2,1132,380,379.99999999999983
2,1133,380,379.99999999999983
2,1134,380,380.09523809523813
2,1135,380,379.9523809523809
2,1136,380,379.57142857142844
2,1137,379,379.38095238095224
2,1138,379,379.3809523809523
2,1139,380,379.57142857142844
2,1140,380,379.9523809523808
2,1141,380,380.095238095238
2,1142,380,379.90476190476176
2,1143,380,380.14285714285705
2,1144,380,380.28571428571433
2,1145,381,380.3333333333332
2,1146,380,380.28571428571416
2,1147,380,380.142857142857
2,1148,380,379.9047619047617
2,1149,380,379.90476190476176
2,1150,380,380.047619047619
2,1151,380,380.4285714285714
2,1152,381,380.6190476190476
2,1153,381,380.52380952380946
2,1154,380,380.4761904761903
2,1155,380,380.3809523809523
2,1156,381,380.57142857142856
2,1157,381,381.04761904761887
2,1158,381,381.04761904761887
2,1159,381,380.6666666666666
2,1160,380,380.33333333333314
2,1161,380,379.9523809523808
2,1162,380,379.95238095238074
2,1163,380,380.33333333333326
2,1164,381,380.6666666666666
2,1165,381,380.95238095238096
2,1166,381,381.09523809523796
2,1167,381,380.9999999999999
2,1168,381,380.9999999999999
2,1169,381,380.9999999999999
2,1170,381,380.9999999999999
2,1171,381,380.9999999999999
2,1172,381,380.9999999999999
2,1173,381,380.9999999999999
2,1174,381,380.9999999999999
2,1175,381,380.9999999999999
2,1176,381,381.0952380952378
2,1177,381,380.95238095238085
2,1178,381,380.6666666666666
2,1179,380,380.33333333333314
2,1180,380,380.04761904761887
2,1181,380,379.9047619047617
2,1182,380,379.99999999999983
2,1183,380,379.99999999999983
2,1184,380,379.99999999999983
2,1185,380,379.99999999999983
2,1186,380,379.99999999999983
2,1187,380,379.99999999999983
2,1188,380,379.99999999999983
2,1189,380,380.09523809523813
2,1190,380,379.9523809523809
2,1191,380,379.57142857142844
2,1192,379,379.38095238095224
2,1193,379,379.57142857142844
2,1194,380,379.4761904761904
2,1195,380,379.1904761904761
2,1196,378,378.8095238095237
2,1197,378,378.52380952380935
2,1198,379,378.4285714285714
2,1199,379,378.6190476190474
2,1200,378,378.4285714285712
2,1201,378,378.04761904761887
2,1202,378,377.90476190476176
2,1203,378,378.09523809523785
2,1204,378,377.9523809523808
2,1205,378,377.57142857142827
2,1206,377,377.3809523809523
2,1207,377,377.3809523809523
2,1208,378,377.47619047619025
2,1209,378,377.9999999999999
2,1210,378,378.52380952380923
2,1211,379,378.6190476190474
2,1212,379,378.5238095238094
2,1213,378,378.4761904761903
2,1214,378,378.57142857142844
2,1215,379,378.4761904761904
2,1216,379,378.3809523809523
2,1217,377,377.7142857142856
2,1218,377,376.5714285714285
2,1219,376,376.2380952380951
2,1220,376,376.80952380952345
2,1221,378,377.19047619047603
2,1222,378,377.47619047619037
2,1223,377,377.57142857142844
2,1224,377,377.5714285714283
2,1225,378,377.47619047619037
2,1226,378,377.19047619047603
2,1227,376,376.8095238095236
2,1228,376,376.42857142857133
2,1229,377,376.4761904761904
2,1230,377,376.66666666666663
2,1231,377,377.2380952380952
2,1232,377,378.0
2,1233,380,379.0952380952381
2,1234,380,379.80952380952357
2,1235,380,380.0476190476189
2,1236,379,379.28571428571405
2,1237,379,378.80952380952374
2,1238,378,378.19047619047603
2,1239,378,377.7142857142856
2,1240,377,377.2380952380952
2,1241,377,377.2380952380952
2,1242,377,376.80952380952385
2,1243,377,376.33333333333326
2,1244,375,375.6666666666666
2,1245,375,374.99999999999994
2,1246,375,374.8571428571428
2,1247,375,375.4285714285715
2,1248,376,375.6190476190475
2,1249,376,375.52380952380946
2,1250,375,375.5714285714285
2,1251,375,375.33333333333326
2,1252,376,375.2380952380951
2,1253,375,375.2857142857141
2,1254,375,375.23809523809507
2,1255,375,374.8571428571428
2,1256,375,374.57142857142856
2,1257,374,374.38095238095224
2,1258,374,374.47619047619025
2,1259,375,374.5238095238094
2,1260,375,374.6190476190476
2,1261,374,374.4285714285713
2,1262,374,374.04761904761904
2,1263,374,373.9047619047618
2,1264,374,374.09523809523796
2,1265,374,373.95238095238096
2,1266,374,373.66666666666663
2,1267,373,373.33333333333326
2,1268,373,373.14285714285717
2,1269,373,372.85714285714266
2,1270,373,372.57142857142856
2,1271,372,372.3809523809523
2,1272,372,372.3809523809523
2,1273,373,372.5714285714284
2,1274,373,373.04761904761904
2,1275,373,372.95238095238085
2,1276,373,372.7142857142856
2,1277,372,372.6285714285715
2,1278,373,372.6571428571427
2,1279,373,373.1499999999999
2,1280,372,374.09523809523785
2,1281,372,372.28571428571405
2,1282,372,371.4285714285712
2,1283,372,371.9999999999999
2,1284,372,371.9999999999999
2,1285,372,371.9999999999999
2,1286,372,371.9999999999999
2,1287,372,371.9999999999999
2,1288,372,371.9999999999999
2,1289,372,372.095238095238
2,1290,372,371.9523809523808
2,1291,372,371.6666666666665
2,1292,371,371.33333333333326
2,1293,371,371.047619047619
2,1294,371,370.90476190476176
2,1295,371,370.9999999999999
2,1296,371,370.9999999999999
2,1297,371,370.9999999999999
2,1298,371,370.9999999999999
2,1299,371,370.9999999999999
2,1300,371,370.9999999999999
2,1301,371,370.9999999999999
2,1302,371,370.90476190476176
2,1303,371,371.0476190476189
2,1304,371,371.33333333333326
2,1305,372,371.66666666666646
2,1306,372,371.95238095238074
2,1307,372,372.0952380952379
2,1308,372,371.9999999999999
2,1309,372,371.9999999999999
2,1310,372,371.9999999999999
2,1311,372,371.9999999999999
2,1312,372,371.90476190476187
2,1313,372,372.0476190476188
2,1314,372,372.3333333333332
2,1315,373,372.66666666666663
2,1316,373,373.04761904761904
2,1317,373,373.04761904761887
2,1318,373,372.6666666666665
2,1319,372,372.3333333333332
2,1320,372,372.0476190476189
2,1321,372,371.7142857142856
2,1322,372,372.0952380952379
2,1323,372,372.7619047619046
2,1324,374,373.2857142857142
2,1325,374,373.57142857142844
2,1326,373,373.52380952380946
2,1327,373,372.9523809523809
2,1328,373,372.95238095238096
2,1329,373,373.4285714285714
2,1330,374,373.6190476190475
2,1331,374,373.5238095238094
2,1332,373,373.4761904761904
2,1333,373,373.28571428571416
2,1334,374,373.6190476190475
2,1335,374,374.3809523809522
2,1336,375,374.7142857142856
2,1337,375,374.5238095238095
2,1338,374,374.4761904761905
2,1339,374,374.38095238095224
2,1340,375,374.66666666666663
2,1341,375,374.9047619047617
2,1342,375,374.6666666666667
2,1343,374,374.38095238095224
2,1344,374,374.38095238095224
2,1345,375,374.5714285714285
2,1346,375,374.9523809523808
2,1347,375,375.09523809523796
2,1348,375,374.99999999999983
2,1349,375,374.99999999999983
2,1350,375,374.90476190476187
2,1351,375,375.047619047619
2,1352,375,375.33333333333326
2,1353,376,375.6666666666666
2,1354,376,375.95238095238085
2,1355,376,376.09523809523796
2,1356,376,375.9047619047618
2,1357,376,376.0476190476189
2,1358,376,376.4285714285712
2,1359,377,376.5238095238094
2,1360,377,376.66666666666663
2,1361,376,376.76190476190476
2,1362,377,376.61904761904736
2,1363,377,376.9047619047617
2,1364,377,377.42857142857144
2,1365,378,377.76190476190465
2,1366,378,377.9047619047618
2,1367,378,377.6666666666665
2,1368,377,377.3809523809523
2,1369,377,377.4761904761904
2,1370,378,377.5238095238093
2,1371,378,377.52380952380946
2,1372,377,377.47619047619014
2,1373,377,377.3809523809523
2,1374,378,377.57142857142827
2,1375,378,377.8571428571427
2,1376,378,378.14285714285705
2,1377,378,378.4285714285712
2,1378,379,378.6190476190474
2,1379,379,378.42857142857133
2,1380,378,378.52380952380935
2,1381,378,378.7142857142857
2,1382,380,379.2380952380951
2,1383,380,379.9999999999999
2,1384,380,380.047619047619
2,1385,380,379.71428571428555
2,1386,379,379.6666666666666
2,1387,380,379.71428571428555
2,1388,380,379.8571428571428
2,1389,380,380.095238095238
2,1390,380,379.99999999999983
2,1391,380,379.99999999999983
2,1392,380,379.99999999999983
2,1393,380,379.99999999999983
2,1394,380,379.99999999999983
2,1395,380,379.99999999999983
2,1396,380,379.90476190476176
2,1397,380,380.047619047619
2,1398,380,380.4285714285714
2,1399,381,380.6190476190476
2,1400,381,380.52380952380946
2,1401,380,380.4761904761903
2,1402,380,380.3809523809523
2,1403,381,380.57142857142856
2,1404,381,380.85714285714266
2,1405,381,381.33333333333314
2,1406,381,381.23809523809507
2,1407,382,380.8095238095237
2,1408,380,380.71428571428567
2,1409,380,380.8571428571426
2,1410,382,381.1428571428571
2,1411,382,381.99999999999994
2,1412,382,382.142857142857
2,1413,382,381.5714285714284
2,1414,381,381.3809523809523
2,1415,381,381.47619047619037
2,1416,382,381.52380952380935
2,1417,382,381.52380952380935
2,1418,381,381.47619047619037
2,1419,381,381.38095238095235
2,1420,382,381.5714285714285
2,1421,382,381.9523809523809
2,1422,382,381.9999999999999
2,1423,382,382.04761904761887
2,1424,382,382.3333333333333
2,1425,383,382.76190476190465
2,1426,383,382.8095238095236
2,1427,383,382.8095238095237
2,1428,382,382.7619047619047
2,1429,383,382.66666666666646
2,1430,383,382.52380952380935
2,1431,382,382.42857142857133
2,1432,382,382.0476190476189
2,1433,382,381.8095238095238
2,1434,382,382.04761904761887
2,1435,382,382.04761904761887
2,1436,383,382.8095238095236
2,1437,383,383.9523809523808
2,1438,386,384.99999999999994
2,1439,386,385.9047619047618
2,1440,386,386.99999999999994
2,1441,387,386.47619047619025
2,1442,387,385.71428571428555
2,1443,383,384.38095238095224
2,1444,383,382.7619047619047
2,1445,382,381.99999999999983
2,1446,382,382.38095238095224
2,1447,383,382.57142857142844
2,1448,383,382.95238095238074
2,1449,383,383.0952380952379
2,1450,383,383.095238095238
2,1451,383,382.9523809523809
2,1452,383,382.66666666666646
2,1453,382,382.33333333333314
2,1454,382,382.0476190476189
2,1455,382,381.9047619047618
2,1456,382,381.9999999999997
2,1457,382,381.90476190476176
2,1458,382,382.04761904761887
2,1459,382,382.42857142857133
2,1460,383,382.6190476190475
2,1461,383,382.61904761904736
2,1462,382,382.42857142857133
2,1463,382,381.95238095238085
2,1464,382,381.95238095238085
2,1465,382,382.3333333333333
2,1466,383,382.66666666666663
2,1467,383,382.95238095238074
2,1468,383,383.0952380952379
2,1469,383,383.095238095238
2,1470,383,382.9523809523809
2,1471,383,382.66666666666646
2,1472,382,382.33333333333314
2,1473,382,382.0476190476189
2,1474,382,381.9047619047618
2,1475,382,381.9999999999997
2,1476,382,382.095238095238
2,1477,382,381.9523809523809
2,1478,382,381.6666666666664
2,1479,381,381.33333333333314
2,1480,381,381.0476190476188
2,1481,381,380.9047619047617
2,1482,381,380.9999999999999
2,1483,381,380.9999999999999
2,1484,381,380.9999999999999
2,1485,381,380.9999999999999
2,1486,381,381.0952380952378
2,1487,381,380.95238095238085
2,1488,381,380.5714285714285
2,1489,380,380.38095238095224
2,1490,380,380.3809523809523
2,1491,381,380.57142857142856
2,1492,381,380.95238095238096
2,1493,381,381.09523809523796
2,1494,381,381.0952380952378
2,1495,381,380.95238095238085
2,1496,381,380.5714285714285
2,1497,380,380.38095238095224
2,1498,380,380.5714285714285
2,1499,381,380.4761904761903
2,1500,381,380.19047619047603
2,1501,379,379.8095238095237
2,1502,379,379.42857142857144
2,1503,380,379.47619047619025
2,1504,380,379.9523809523808
2,1505,380,379.99999999999983
2,1506,380,380.047619047619
2,1507,380,380.4285714285714
2,1508,381,380.6190476190476
2,1509,381,380.6190476190474
2,1510,380,380.4285714285713
2,1511,380,380.04761904761887
2,1512,380,379.9047619047617
2,1513,380,379.99999999999983
2,1514,380,379.99999999999983
2,1515,380,379.99999999999983
2,1516,380,379.99999999999983
2,1517,380,379.99999999999983
2,1518,380,379.99999999999983
2,1519,380,380.09523809523813
2,1520,380,379.9523809523809
2,1521,380,379.6666666666664
2,1522,379,379.33333333333314
2,1523,379,378.9523809523809
2,1524,379,378.9523809523808
2,1525,379,379.33333333333314
2,1526,380,379.66666666666646
2,1527,380,379.9523809523808
2,1528,380,380.095238095238
2,1529,380,379.99999999999983
2,1530,380,379.99999999999983
2,1531,380,379.99999999999983
2,1532,380,379.99999999999983
2,1533,380,380.00000000000017
2,1534,380,379.99999999999994
2,1535,380,379.99999999999994
2,1536,380,379.4285714285714
2,1537,380,379.90476190476187
2,1538,380,380.38095238095224
2,1539,380,379.90476190476187
2,1540,380,379.142857142857
2,1541,378,378.76190476190465
2,1542,378,378.85714285714266
2,1543,380,379.095238095238
2,1544,380,379.6666666666665
2,1545,379,379.47619047619037
2,1546,379,378.71428571428555
2,1547,378,378.238095238095
2,1548,378,378.04761904761887
2,1549,378,377.90476190476176
2,1550,378,377.9999999999999
2,1551,378,377.9999999999999
2,1552,378,377.9999999999999
2,1553,378,377.9999999999999
2,1554,378,377.9999999999999
2,1555,378,378.09523809523785
2,1556,378,377.9523809523808
2,1557,378,377.6666666666665
2,1558,377,377.33333333333326
2,1559,377,377.1428571428571
2,1560,377,376.8571428571427
2,1561,377,376.66666666666663
2,1562,376,376.3333333333333
2,1563,376,376.14285714285705
2,1564,376,375.8571428571427
2,1565,376,375.7619047619048
2,1566,375,375.2857142857142
2,1567,375,374.61904761904754
2,1568,374,374.2857142857143
2,1569,374,374.38095238095224
2,1570,375,374.5714285714285
2,1571,375,375.0476190476189
2,1572,375,375.04761904761904
2,1573,375,374.57142857142856
2,1574,374,374.4761904761903
2,1575,374,374.33333333333326
2,1576,375,374.2380952380952
2,1577,374,374.2857142857141
2,1578,374,374.33333333333326
2,1579,374,373.80952380952374
2,1580,374,373.23809523809507
2,1581,372,372.71428571428555
2,1582,372,372.5238095238095
2,1583,373,372.4285714285713
2,1584,373,372.6190476190475
2,1585,372,372.42857142857133
2,1586,372,372.0476190476189
2,1587,372,371.9047619047618
2,1588,372,371.9999999999999
2,1589,372,371.9999999999999
2,1590,372,371.9999999999999
2,1591,372,371.9999999999999
2,1592,372,371.9999999999999
2,1593,372,372.095238095238
2,1594,372,371.9523809523808
2,1595,372,371.6666666666665
2,1596,371,371.33333333333326
2,1597,371,371.047619047619
2,1598,371,370.90476190476176
2,1599,371,370.9999999999999
2,1600,371,370.9999999999999
2,1601,371,370.90476190476176
2,1602,371,371.0476190476189
2,1603,371,371.42857142857133
2,1604,372,371.6190476190475
2,1605,372,371.61904761904754
2,1606,371,371.42857142857144
2,1607,371,371.047619047619
2,1608,371,370.90476190476176
2,1609,371,370.9999999999999
2,1610,371,370.9999999999999
2,1611,371,370.9999999999999
2,1612,371,370.9999999999999
2,1613,371,370.9999999999999
2,1614,371,370.9999999999999
2,1615,371,370.9999999999999
2,1616,371,370.90476190476176
2,1617,371,371.0476190476189
2,1618,371,371.42857142857133
2,1619,372,371.6190476190475
2,1620,372,371.52380952380946
2,1621,371,371.4761904761903
2,1622,371,371.38095238095224
2,1623,372,371.5714285714285
2,1624,372,371.95238095238074
2,1625,372,372.0952380952379
2,1626,372,371.90476190476187
2,1627,372,372.0476190476188
2,1628,372,372.4285714285713
2,1629,373,372.61904761904754
2,1630,373,372.5238095238095
2,1631,372,372.47619047619037
2,1632,372,372.3809523809523
2,1633,373,372.5714285714284
2,1634,373,372.95238095238085
2,1635,373,373.095238095238
2,1636,373,372.99999999999983
2,1637,373,372.99999999999983
2,1638,373,372.99999999999983
2,1639,373,372.99999999999983
2,1640,373,371.47619047619025
2,1641,373,373.76190476190476
2,1642,373,378.3333333333333
2,1643,389,383.66666666666646
2,1644,389,388.2380952380951
2,1645,389,392.04761904761904
2,1646,389,388.2380952380951
2,1647,389,383.57142857142856
2,1648,373,378.38095238095224
2,1649,373,374.0952380952379
2,1650,374,372.142857142857
2,1651,374,374.0476190476189
2,1652,374,373.8571428571428
2,1653,374,373.7619047619046
2,1654,373,373.99999999999994
2,1655,375,374.3809523809524
2,1656,375,374.71428571428555
2,1657,375,375.23809523809507
2,1658,375,375.33333333333326
2,1659,376,375.6666666666666
2,1660,376,375.8571428571428
2,1661,376,376.14285714285705
2,1662,376,376.4285714285712
2,1663,377,376.6190476190475
2,1664,377,376.52380952380946
2,1665,376,376.4761904761903
2,1666,376,376.3809523809523
2,1667,377,376.57142857142844
2,1668,377,376.9523809523808
2,1669,377,377.095238095238
2,1670,377,376.9999999999999
2,1671,377,376.9999999999999
2,1672,377,376.9999999999999
2,1673,377,376.90476190476187
2,1674,377,377.04761904761915
2,1675,377,377.33333333333326
2,1676,378,377.6666666666665
2,1677,378,377.95238095238096
2,1678,378,378.09523809523796
2,1679,378,377.80952380952374
2,1680,378,378.0952380952381
2,1681,378,378.76190476190453
2,1682,380,379.2857142857142
2,1683,380,379.47619047619037
2,1684,379,379.57142857142844
2,1685,379,379.3809523809523
2,1686,380,379.57142857142844
2,1687,380,379.9523809523808
2,1688,380,380.095238095238
2,1689,380,379.99999999999983
2,1690,380,379.99999999999983
2,1691,380,379.90476190476176
2,1692,380,380.047619047619
2,1693,380,380.33333333333326
2,1694,381,380.6666666666666
2,1695,381,380.95238095238096
2,1696,381,381.09523809523796
2,1697,381,380.9999999999999
2,1698,381,380.9999999999999
2,1699,381,380.9999999999999
2,1700,381,380.90476190476176
2,1701,381,381.0476190476189
2,1702,381,381.3333333333333
2,1703,382,381.6666666666666
2,1704,382,382.0476190476189
2,1705,382,382.0476190476189
2,1706,382,381.5714285714284
2,1707,381,381.3809523809523
2,1708,381,381.28571428571416
2,1709,382,381.6190476190476
2,1710,382,382.3809523809523
2,1711,383,382.7142857142856
2,1712,383,382.61904761904736
2,1713,382,382.42857142857133
2,1714,382,381.95238095238085
2,1715,382,382.047619047619
2,1716,382,382.28571428571416
2,1717,383,382.33333333333314
2,1718,382,382.28571428571416
2,1719,382,382.04761904761887
2,1720,382,381.95238095238085
2,1721,382,382.42857142857133
2,1722,383,382.6190476190475
2,1723,383,382.52380952380946
2,1724,382,382.4761904761904
2,1725,382,382.47619047619037
2,1726,383,382.52380952380946
2,1727,383,382.61904761904736
2,1728,382,382.42857142857133
2,1729,382,382.0476190476189
2,1730,382,381.9047619047618
2,1731,382,381.9999999999997
2,1732,382,381.9999999999997
2,1733,382,381.9999999999997
2,1734,382,381.9999999999997
2,1735,382,381.9999999999997
2,1736,382,381.9999999999997
2,1737,382,381.9999999999997
2,1738,382,381.9999999999997
2,1739,382,381.9999999999997
2,1740,382,382.095238095238
2,1741,382,381.9523809523809
2,1742,382,381.6666666666664
2,1743,381,381.33333333333314
2,1744,381,380.95238095238074
2,1745,381,380.95238095238085
2,1746,381,381.4285714285713
2,1747,382,381.6190476190475
2,1748,382,381.7142857142856
2,1749,381,381.38095238095246
2,1750,381,380.71428571428555
2,1751,380,380.2380952380952
2,1752,380,380.1428571428571
2,1753,380,379.8571428571428
2,1754,380,379.6666666666664
2,1755,379,379.33333333333314
2,1756,379,379.04761904761887
2,1757,379,378.90476190476176
2,1758,379,378.99999999999983
2,1759,379,379.095238095238
2,1760,379,378.952380952381
2,1761,379,378.6666666666665
2,1762,378,378.3333333333331
2,1763,378,378.04761904761887
2,1764,378,377.90476190476176
2,1765,378,377.9999999999999
2,1766,378,377.9999999999999
2,1767,378,378.1904761904761
2,1768,378,377.90476190476187
2,1769,378,377.33333333333326
2,1770,376,376.6666666666666
2,1771,376,376.19047619047615
2,1772,376,375.76190476190476
2,1773,376,375.57142857142844
2,1774,375,375.38095238095224
2,1775,375,375.4761904761905
2,1776,376,375.52380952380946
2,1777,376,375.6190476190475
2,1778,375,375.5238095238094
2,1779,375,374.99999999999994
2,1780,375,374.5714285714285
2,1781,374,374.3333333333332
2,1782,374,374.04761904761904
2,1783,374,373.9047619047618
2,1784,374,374.09523809523796
2,1785,374,373.95238095238096
2,1786,374,373.66666666666663
2,1787,373,373.33333333333326
2,1788,373,373.0476190476189
2,1789,373,372.8571428571428
2,1790,373,372.9999999999999
2,1791,373,373.0
2,1792,373,374.85714285714283
2,1793,373,373.19047619047603
2,1794,373,372.1904761904761
2,1795,372,372.3333333333332
2,1796,372,372.14285714285717
2,1797,372,371.76190476190465
2,1798,372,371.7142857142856
2,1799,371,371.66666666666663
2,1800,372,371.7142857142855
2,1801,372,371.95238095238085
2,1802,372,372.0476190476188
2,1803,372,371.57142857142844
2,1804,371,371.3809523809523
2,1805,371,371.4761904761904
2,1806,372,371.5238095238094
2,1807,372,371.52380952380946
2,1808,371,371.4761904761903
2,1809,371,371.4761904761904
2,1810,372,371.5238095238094
2,1811,372,371.61904761904754
2,1812,371,371.42857142857144
2,1813,371,371.047619047619
2,1814,371,370.90476190476176
2,1815,371,370.90476190476176
2,1816,371,371.0476190476189
2,1817,371,371.42857142857133
2,1818,372,371.6190476190475
2,1819,372,371.61904761904754
2,1820,371,371.42857142857144
2,1821,371,371.047619047619
2,1822,371,370.90476190476176
2,1823,371,370.9999999999999
2,1824,371,370.9999999999999
2,1825,371,370.9999999999999
2,1826,371,370.90476190476176
2,1827,371,371.0476190476189
2,1828,371,371.42857142857133
2,1829,372,371.6190476190475
2,1830,372,371.61904761904754
2,1831,371,371.42857142857144
2,1832,371,370.9523809523809
2,1833,371,370.9523809523809
2,1834,371,371.42857142857133
2,1835,372,371.5238095238094
2,1836,372,371.6666666666666
2,1837,371,371.76190476190465
2,1838,372,371.8095238095237
2,1839,372,371.9047619047618
2,1840,372,371.71428571428544
2,1841,371,370.9047619047617
2,1842,370,370.4285714285714
2,1843,370,370.28571428571416
2,1844,371,369.238095238095
2,1845,371,371.6190476190476
2,1846,371,375.5714285714285
2,1847,385,380.4285714285714
2,1848,385,385.28571428571416
2,1849,387,387.52380952380935
2,1850,387,387.14285714285705
2,1851,384,384.5714285714285
2,1852,384,379.8095238095236
2,1853,371,375.0476190476188
2,1854,371,371.6190476190473
2,1855,371,369.76190476190465
2,1856,371,370.9999999999999
2,1857,371,370.9999999999999
2,1858,371,370.9999999999999
2,1859,371,370.9999999999999
2,1860,371,370.9999999999999
2,1861,371,370.90476190476176
2,1862,371,371.0476190476189
2,1863,371,371.33333333333326
2,1864,372,371.66666666666646
2,1865,372,371.95238095238074
2,1866,372,372.0952380952379
2,1867,372,371.90476190476187
2,1868,372,372.0476190476188
2,1869,372,372.3333333333332
2,1870,373,372.66666666666663
2,1871,373,372.8571428571429
2,1872,373,373.14285714285705
2,1873,373,373.4285714285714
2,1874,374,373.6190476190475
2,1875,374,373.6190476190475
2,1876,373,373.42857142857133
2,1877,373,372.9523809523809
2,1878,373,372.95238095238096
2,1879,373,373.33333333333326
2,1880,374,373.5714285714284
2,1881,374,373.99999999999994
2,1882,374,374.5238095238095
2,1883,375,374.6190476190476
2,1884,375,374.5238095238095
2,1885,374,374.4761904761905
2,1886,374,374.28571428571416
2,1887,375,374.6190476190475
2,1888,375,375.2857142857141
2,1889,376,375.7619047619047
2,1890,376,375.8571428571428
2,1891,376,376.14285714285705
2,1892,376,376.4285714285712
2,1893,377,376.6190476190475
2,1894,377,376.52380952380946
2,1895,376,376.4761904761903
2,1896,376,376.3809523809523
2,1897,377,376.57142857142844
2,1898,377,376.8571428571427
2,1899,377,377.14285714285705
2,1900,377,377.33333333333326
2,1901,378,377.6666666666665
2,1902,378,377.95238095238096
2,1903,378,377.9047619047618
2,1904,378,378.0952380952381
2,1905,378,378.85714285714266
2,1906,380,379.23809523809496
2,1907,380,379.23809523809507
2,1908,378,378.8571428571426
2,1909,378,378.0952380952379
2,1910,378,377.8095238095237
2,1911,378,377.90476190476176
2,1912,378,378.04761904761887
2,1913,378,378.33333333333326
2,1914,379,378.6666666666666
2,1915,379,378.95238095238085
2,1916,379,379.095238095238
2,1917,379,378.99999999999983
2,1918,379,378.99999999999983
2,1919,379,378.99999999999983
2,1920,379,378.99999999999983
2,1921,379,378.90476190476176
2,1922,379,379.047619047619
2,1923,379,379.4285714285714
2,1924,380,379.52380952380935
2,1925,380,379.6666666666666
2,1926,379,379.6666666666666
2,1927,380,379.7619047619046
2,1928,380,380.3809523809521
2,1929,381,380.6666666666666
2,1930,381,380.09523809523813
2,1931,379,379.85714285714266
2,1932,379,379.8571428571427
2,1933,381,380.09523809523796
2,1934,381,380.5714285714285
2,1935,380,380.5238095238094
2,1936,380,380.04761904761887
2,1937,380,379.9047619047617
2,1938,380,379.90476190476176
2,1939,380,380.047619047619
2,1940,380,380.33333333333326
2,1941,381,380.6666666666666
2,1942,381,380.95238095238096
2,1943,381,381.09523809523796
2,1944,381,380.9999999999999
2,1945,381,380.90476190476176
2,1946,381,381.0476190476189
2,1947,381,381.4285714285713
2,1948,382,381.6190476190475
2,1949,382,381.6190476190475
2,1950,381,381.4285714285712
2,1951,381,381.0476190476188
2,1952,381,380.9047619047617
2,1953,381,380.9999999999999
2,1954,381,380.9999999999999
2,1955,381,380.9999999999999
2,1956,381,380.9999999999999
2,1957,381,381.0952380952378
2,1958,381,380.95238095238085
2,1959,381,380.5714285714285
2,1960,380,380.38095238095224
2,1961,380,380.3809523809523
2,1962,381,380.57142857142856
2,1963,381,380.85714285714266
2,1964,381,381.142857142857
2,1965,381,381.3333333333333
2,1966,382,381.6666666666666
2,1967,382,381.9523809523809
2,1968,382,382.09523809523796
2,1969,382,381.9999999999997
2,1970,382,381.9999999999997
2,1971,382,381.9999999999997
2,1972,382,381.9999999999997
2,1973,382,381.9999999999997
2,1974,382,381.9999999999997
2,1975,382,381.9999999999997
2,1976,382,381.9999999999997
2,1977,382,381.9999999999997
2,1978,382,382.095238095238
2,1979,382,381.9523809523809
2,1980,382,381.5714285714284
2,1981,381,381.3809523809523
2,1982,381,381.38095238095235
2,1983,382,381.5714285714285
2,1984,382,381.9523809523809
2,1985,382,382.09523809523796
2,1986,382,381.9999999999997
2,1987,382,381.9999999999997
2,1988,382,381.9999999999997
2,1989,382,381.9999999999997
2,1990,382,381.9999999999997
2,1991,382,381.90476190476176
2,1992,382,382.04761904761887
2,1993,382,382.42857142857133
2,1994,383,382.6190476190475
2,1995,383,382.7142857142856
2,1996,382,382.3809523809523
2,1997,382,381.61904761904754
2,1998,381,381.2857142857141
2,1999,381,381.38095238095235
2,2000,382,381.5714285714285
2,2001,382,381.9523809523809
2,2002,382,382.09523809523796
2,2003,382,382.095238095238
2,2004,382,381.8571428571428
2,2005,382,381.7142857142856
2,2006,381,381.76190476190465
2,2007,382,381.6666666666665
2,2008,382,381.42857142857133
2,2009,381,381.47619047619037
2,2010,381,381.38095238095235
2,2011,382,381.5714285714285
2,2012,382,381.85714285714283
2,2013,382,382.142857142857
2,2014,382,382.52380952380935
2,2015,383,382.5714285714283
2,2016,383,382.28571428571416
2,2017,381,381.76190476190465
2,2018,381,381.09523809523785
2,2019,381,380.8095238095237
2,2020,381,380.9999999999999
2,2021,381,380.9999999999999
2,2022,381,381.0952380952378
2,2023,381,380.95238095238085
2,2024,381,380.6666666666666
2,2025,380,380.33333333333314
2,2026,380,380.04761904761887
2,2027,380,379.9047619047617
2,2028,380,379.99999999999983
2,2029,380,379.99999999999983
2,2030,380,379.99999999999983
2,2031,380,380.09523809523813
2,2032,380,379.9523809523809
2,2033,380,379.6666666666664
2,2034,379,379.33333333333314
2,2035,379,378.9523809523809
2,2036,379,378.9523809523808
2,2037,379,379.4285714285714
2,2038,380,379.6190476190474
2,2039,380,379.7142857142858
2,2040,379,379.38095238095235
2,2041,379,378.80952380952374
2,2042,378,378.19047619047603
2,2043,378,377.6190476190476
2,2044,377,377.2857142857143
2,2045,377,377.28571428571445
2,2046,378,377.4857142857142
2,2047,378,378.09999999999985
2,2048,377,377.4285714285713
2,2049,377,377.047619047619
2,2050,377,376.3333333333333
2,2051,377,377.28571428571416
2,2052,377,378.99999999999983
2,2053,383,380.9047619047618
2,2054,383,382.76190476190453
2,2055,383,384.6666666666666
2,2056,384,383.1904761904761
2,2057,384,381.3333333333333
2,2058,376,379.19047619047603
2,2059,377,376.99999999999983
2,2060,377,375.95238095238085
2,2061,376,376.38095238095235
2,2062,376,375.61904761904754
2,2063,375,375.28571428571416
2,2064,375,375.5714285714285
2,2065,376,375.4761904761905
2,2066,376,375.2857142857141
2,2067,374,374.76190476190465
2,2068,374,374.1904761904762
2,2069,374,373.7619047619046
2,2070,374,373.66666666666663
2,2071,373,373.33333333333326
2,2072,373,373.0476190476189
2,2073,373,372.9047619047618
2,2074,373,372.90476190476187
2,2075,373,373.0476190476189
2,2076,373,373.52380952380946
2,2077,374,373.5714285714285
2,2078,374,373.2857142857141
2,2079,372,372.76190476190465
2,2080,372,372.09523809523785
2,2081,372,371.80952380952374
2,2082,372,371.9999999999999
2,2083,372,371.9999999999999
2,2084,372,371.9999999999999
2,2085,372,371.9999999999999
2,2086,372,371.9999999999999
2,2087,372,371.9999999999999
2,2088,372,371.9999999999999
2,2089,372,372.095238095238
2,2090,372,371.9523809523808
2,2091,372,371.6666666666665
2,2092,371,371.33333333333326
2,2093,371,371.047619047619
2,2094,371,370.90476190476176
2,2095,371,370.9999999999999
2,2096,371,370.9999999999999
2,2097,371,370.9999999999999
2,2098,371,370.9999999999999
2,2099,371,370.9999999999999
2,2100,371,370.9999999999999
2,2101,371,370.9999999999999
2,2102,371,370.9999999999999
2,2103,371,370.9999999999999
2,2104,371,370.9999999999999
2,2105,371,370.9999999999999
2,2106,371,370.9999999999999
2,2107,371,370.9999999999999
2,2108,371,370.9999999999999
2,2109,371,370.9999999999999
2,2110,371,370.90476190476176
2,2111,371,371.0476190476189
2,2112,371,371.42857142857133
2,2113,372,371.6190476190475
2,2114,372,371.52380952380946
2,2115,371,371.4761904761903
2,2116,371,371.38095238095224
2,2117,372,371.5714285714285
2,2118,372,371.95238095238074
2,2119,372,372.0952380952379
2,2120,372,371.9999999999999
2,2121,372,371.9999999999999
2,2122,372,371.90476190476187
2,2123,372,372.0476190476188
2,2124,372,372.3333333333332
2,2125,373,372.57142857142844
2,2126,373,372.99999999999994
2,2127,373,373.52380952380935
2,2128,374,373.6190476190475
2,2129,374,373.6190476190475
2,2130,373,373.42857142857133
2,2131,373,373.0476190476189
2,2132,373,372.9047619047618
2,2133,373,372.90476190476187
2,2134,373,373.0476190476189
2,2135,373,373.4285714285714
2,2136,374,373.6190476190475
2,2137,374,373.6190476190475
2,2138,373,373.42857142857133
2,2139,373,372.9523809523809
2,2140,373,372.95238095238096
2,2141,373,373.23809523809507
2,2142,374,373.71428571428555
2,2143,374,374.28571428571416
2,2144,375,374.76190476190465
2,2145,375,374.9523809523808
2,2146,375,374.99999999999983
2,2147,375,375.047619047619
2,2148,375,375.2380952380951
2,2149,376,375.7142857142855
2,2150,376,376.3809523809524
2,2151,377,376.71428571428567
2,2152,377,376.52380952380946
2,2153,376,376.4761904761903
2,2154,376,376.4761904761904
2,2155,377,376.5238095238094
2,2156,377,376.61904761904754
2,2157,376,376.4285714285712
2,2158,376,376.0476190476189
2,2159,376,375.9047619047618
2,2160,376,375.9999999999999
2,2161,376,375.9999999999999
2,2162,376,375.9047619047618
2,2163,376,376.0476190476189
2,2164,376,376.33333333333326
2,2165,377,376.6666666666667
2,2166,377,376.8571428571427
2,2167,377,377.14285714285705
2,2168,377,377.33333333333326
2,2169,378,377.57142857142844
2,2170,378,377.9999999999999
2,2171,378,378.52380952380923
2,2172,379,378.6190476190474
2,2173,379,378.5238095238094
2,2174,378,378.4761904761903
2,2175,378,378.47619047619037
2,2176,379,378.5238095238094
2,2177,379,378.5238095238094
2,2178,378,378.4761904761903
2,2179,378,378.47619047619037
2,2180,379,378.5238095238094
2,2181,379,378.5238095238094
2,2182,378,378.4761904761903
2,2183,378,378.3809523809523
2,2184,379,378.5714285714283
2,2185,379,378.95238095238085
2,2186,379,379.095238095238
2,2187,379,378.99999999999983
2,2188,379,378.99999999999983
2,2189,379,378.99999999999983
2,2190,379,378.90476190476176
2,2191,379,379.047619047619
2,2192,379,379.33333333333314
2,2193,380,379.66666666666646
2,2194,380,380.14285714285705
2,2195,380,379.99999999999994
2,2196,380,379.238095238095
2,2197,378,378.7142857142856
2,2198,378,378.52380952380935
2,2199,379,378.4285714285714
2,2200,379,378.5238095238094
2,2201,378,378.4761904761903
2,2202,378,378.47619047619037
2,2203,379,378.5238095238094
2,2204,379,378.42857142857133
2,2205,378,378.52380952380935
2,2206,378,378.7142857142857
2,2207,380,379.2380952380951
2,2208,380,379.90476190476187
2,2209,380,380.19047619047615
2,2210,380,379.99999999999983
2,2211,380,379.99999999999983
2,2212,380,379.99999999999983
2,2213,380,379.99999999999983
2,2214,380,379.99999999999983
2,2215,380,379.90476190476176
2,2216,380,380.047619047619
2,2217,380,380.23809523809507
2,2218,381,380.71428571428567
2,2219,381,381.2857142857141
2,2220,382,381.76190476190465
2,2221,382,381.9523809523809
2,2222,382,382.09523809523796
2,2223,382,381.90476190476176
2,2224,382,382.04761904761887
2,2225,382,382.3333333333333
2,2226,383,382.66666666666663
2,2227,383,383.04761904761887
2,2228,383,383.04761904761887
2,2229,383,382.66666666666646
2,2230,382,382.33333333333314
2,2231,382,382.142857142857
2,2232,382,381.8571428571428
2,2233,382,381.6666666666664
2,2234,381,381.33333333333314
2,2235,381,381.0476190476188
2,2236,381,380.9999999999999
2,2237,381,380.95238095238085
2,2238,381,380.6666666666666
2,2239,380,380.33333333333314
2,2240,380,380.04761904761887
2,2241,380,379.9047619047617
2,2242,380,379.99999999999983
2,2243,380,379.99999999999983
2,2244,380,379.99999999999983
2,2245,380,379.99999999999983
2,2246,380,380.09523809523813
2,2247,380,380.00000000000006
2,2248,380,379.742857142857
2,2249,379,379.0500000000001
3,0,381,377.66666666666663
3,1,381,380.4285714285713
3,2,381,382.0
3,3,381,381.3333333333333
3,4,382,381.6666666666666
3,5,382,381.85714285714283
3,6,382,382.142857142857
3,7,382,382.42857142857133
3,8,383,382.6190476190475
3,9,383,382.61904761904736
3,10,382,382.42857142857133
3,11,382,381.95238095238085
3,12,382,381.95238095238085
3,13,382,382.3333333333333
3,14,383,382.66666666666663
3,15,383,382.95238095238074
3,16,383,383.0952380952379
3,17,383,383.0
3,18,383,383.0
3,19,383,383.0
3,20,383,383.095238095238
3,21,383,382.9523809523809
3,22,383,382.57142857142844
3,23,382,382.38095238095235
3,24,382,382.47619047619037
3,25,383,382.52380952380946
3,26,383,382.61904761904736
3,27,382,382.42857142857133
3,28,382,381.95238095238085
3,29,382,381.95238095238085
3,30,382,382.23809523809507
3,31,383,382.71428571428555
3,32,383,383.3809523809522
3,33,384,383.8095238095237
3,34,384,383.5714285714283
3,35,383,383.09523809523785
3,36,382,382.3809523809522
3,37,382,381.9523809523809
3,38,382,381.9047619047618
3,39,382,381.9999999999997
3,40,382,381.9999999999997
3,41,382,381.9999999999997
3,42,382,381.9999999999997
3,43,382,381.9999999999997
3,44,382,381.9999999999997
3,45,382,382.095238095238
3,46,382,381.9523809523809
3,47,382,381.4761904761903
3,48,381,381.4285714285714
3,49,381,381.80952380952374
3,50,383,382.1904761904761
3,51,383,382.5714285714283
3,52,382,382.6190476190475
3,53,382,382.0
3,54,382,381.4761904761904
3,55,381,381.3809523809523
3,56,381,381.47619047619037
3,57,382,381.52380952380935
3,58,382,381.6190476190475
3,59,381,381.4285714285712
3,60,381,380.95238095238074
3,61,381,380.95238095238085
3,62,381,381.52380952380946
3,63,382,381.57142857142844
3,64,382,381.0952380952379
3,65,380,380.8571428571428
3,66,380,380.95238095238085
3,67,382,381.047619047619
3,68,382,381.142857142857
3,69,380,380.90476190476176
3,70,380,380.5238095238095
3,71,381,380.42857142857133
3,72,381,380.6190476190474
3,73,380,380.4285714285713
3,74,380,380.04761904761887
3,75,380,379.80952380952374
3,76,380,380.047619047619
3,77,380,380.33333333333326
3,78,381,380.6666666666666
3,79,381,380.95238095238096
3,80,381,381.2857142857142
3,81,381,380.9047619047619
3,82,381,380.3333333333332
3,83,379,379.57142857142844
3,84,379,379.14285714285705
3,85,379,379.2380952380951
3,86,380,379.6190476190474
3,87,380,379.61904761904754
3,88,379,379.4285714285713
3,89,379,379.14285714285705
3,90,379,378.85714285714266
3,91,379,378.6666666666665
3,92,378,378.3333333333331
3,93,378,378.04761904761887
3,94,378,377.90476190476176
3,95,378,378.09523809523785
3,96,378,377.9523809523808
3,97,378,377.6666666666665
3,98,377,377.33333333333326
3,99,377,377.1428571428571
3,100,377,376.8571428571427
3,101,377,376.66666666666663
3,102,376,376.2380952380951
3,103,376,376.09523809523796
3,104,376,376.42857142857133
3,105,377,376.57142857142844
3,106,377,376.2857142857142
3,107,375,375.76190476190465
3,108,375,375.09523809523796
3,109,375,374.8095238095236
3,110,375,374.99999999999983
3,111,375,374.99999999999983
3,112,375,374.99999999999983
3,113,375,374.99999999999983
3,114,375,375.0952380952379
3,115,375,374.95238095238085
3,116,375,374.7619047619046
3,117,374,374.2857142857143
3,118,374,373.52380952380946
3,119,373,373.33333333333326
3,120,373,373.8095238095236
3,121,375,374.1904761904761
3,122,375,374.6666666666666
3,123,374,374.4761904761906
3,124,374,373.7142857142856
3,125,373,373.2380952380951
3,126,373,373.0476190476189
3,127,373,372.9047619047618
3,128,373,372.99999999999983
3,129,373,373.095238095238
3,130,373,372.95238095238096
3,131,373,372.57142857142856
3,132,372,372.3809523809523
3,133,372,372.47619047619025
3,134,373,372.5238095238094
3,135,373,372.5238095238095
3,136,372,372.47619047619037
3,137,372,372.47619047619025
3,138,373,372.5238095238094
3,139,373,372.6190476190475
3,140,372,372.42857142857133
3,141,372,372.0476190476189
3,142,372,371.9047619047618
3,143,372,371.9999999999999
3,144,372,371.9999999999999
3,145,372,372.095238095238
3,146,372,371.9523809523808
3,147,372,371.57142857142844
3,148,371,371.3809523809523
3,149,371,371.4761904761904
3,150,372,371.5238095238094
3,151,372,371.61904761904754
3,152,371,371.42857142857144
3,153,371,371.047619047619
3,154,371,370.90476190476176
3,155,371,370.9999999999999
3,156,371,370.9999999999999
3,157,371,370.9999999999999
3,158,371,370.9999999999999
3,159,371,370.9999999999999
3,160,371,370.9999999999999
3,161,371,370.9999999999999
3,162,371,370.9999999999999
3,163,371,370.9999999999999
3,164,371,370.9999999999999
3,165,371,370.9999999999999
3,166,371,370.9999999999999
3,167,371,370.9999999999999
3,168,371,370.9999999999999
3,169,371,370.9999999999999
3,170,371,371.095238095238
3,171,371,370.95238095238085
3,172,371,370.4761904761904
3,173,370,370.42857142857133
3,174,370,370.71428571428555
3,175,372,371.2380952380952
3,176,372,371.99999999999983
3,177,372,372.04761904761887
3,178,372,371.7142857142856
3,179,371,371.76190476190465
3,180,372,371.6666666666665
3,181,372,371.4285714285712
3,182,371,371.4761904761903
3,183,371,371.38095238095224
3,184,372,371.5714285714285
3,185,372,371.95238095238074
3,186,372,372.0952380952379
3,187,372,371.80952380952374
3,188,372,372.0952380952379
3,189,372,372.8571428571428
3,190,374,373.2380952380951
3,191,374,373.1428571428571
3,192,372,372.90476190476176
3,193,372,372.5238095238095
3,194,373,372.4285714285713
3,195,373,372.5238095238095
3,196,372,372.47619047619037
3,197,372,372.2857142857141
3,198,373,372.6190476190475
3,199,373,373.2857142857142
3,200,374,373.76190476190465
3,201,374,373.9523809523808
3,202,374,374.09523809523813
3,203,374,373.99999999999994
3,204,374,373.9047619047618
3,205,374,374.04761904761904
3,206,374,374.3333333333332
3,207,375,374.66666666666663
3,208,375,374.9523809523808
3,209,375,375.09523809523796
3,210,375,374.99999999999983
3,211,375,374.99999999999983
3,212,375,374.90476190476187
3,213,375,375.047619047619
3,214,375,375.4285714285715
3,215,376,375.6190476190475
3,216,376,375.52380952380946
3,217,375,375.47619047619037
3,218,375,375.3809523809523
3,219,376,375.5714285714284
3,220,376,375.95238095238085
3,221,376,376.09523809523796
3,222,376,375.9999999999999
3,223,376,375.9047619047618
3,224,376,376.0476190476189
3,225,376,376.4285714285712
3,226,377,376.6190476190475
3,227,377,376.52380952380946
3,228,376,376.4761904761903
3,229,376,376.4761904761904
3,230,377,376.5238095238094
3,231,377,376.4285714285713
3,232,376,376.52380952380946
3,233,376,376.80952380952345
3,234,378,377.19047619047603
3,235,378,377.47619047619037
3,236,377,377.57142857142844
3,237,377,377.3809523809523
3,238,378,377.57142857142827
3,239,378,378.047619047619
3,240,378,377.8571428571427
3,241,378,377.7619047619047
3,242,377,378.0
3,243,379,378.38095238095224
3,244,379,378.7142857142856
3,245,379,379.2380952380952
3,246,379,379.4285714285714
3,247,380,379.6190476190474
3,248,380,379.52380952380935
3,249,379,379.4761904761903
3,250,379,379.3809523809523
3,251,380,379.57142857142844
3,252,380,379.9523809523808
3,253,380,380.1428571428572
3,254,380,379.99999999999994
3,255,380,379.99999999999994
3,256,380,377.33333333333326
3,257,381,380.2380952380952
3,258,381,381.90476190476187
3,259,381,381.04761904761887
3,260,381,380.5714285714285
3,261,380,380.38095238095224
3,262,380,380.28571428571416
3,263,381,380.6190476190475
3,264,381,381.2857142857141
3,265,382,381.76190476190465
3,266,382,381.9523809523809
3,267,382,382.09523809523796
3,268,382,381.9999999999997
3,269,382,381.9999999999997
3,270,382,381.9999999999997
3,271,382,381.9999999999997
3,272,382,381.9999999999997
3,273,382,381.9999999999997
3,274,382,381.9999999999997
3,275,382,381.9999999999997
3,276,382,381.9999999999997
3,277,382,382.095238095238
3,278,382,381.9523809523809
3,279,382,380.90476190476176
3,280,381,381.71428571428544
3,281,381,383.7142857142856
3,282,389,386.2380952380951
3,283,389,388.61904761904754
3,284,389,390.4285714285713
3,285,389,388.6666666666665
3,286,389,386.66666666666646
3,287,382,384.33333333333314
3,288,382,382.33333333333326
3,289,382,381.33333333333314
3,290,382,381.9999999999997
3,291,382,381.9999999999997
3,292,382,381.9999999999997
3,293,382,381.9999999999997
3,294,382,381.90476190476176
3,295,382,382.04761904761887
3,296,382,382.3333333333333
3,297,383,382.66666666666663
3,298,383,382.95238095238074
3,299,383,383.0952380952379
3,300,383,383.0
3,301,383,383.0
3,302,383,383.0
3,303,383,383.0
3,304,383,383.0
3,305,383,383.0
3,306,383,383.0
3,307,383,383.095238095238
3,308,383,382.9523809523809
3,309,383,382.57142857142844
3,310,382,382.38095238095235
3,311,382,382.38095238095224
3,312,383,382.57142857142844
3,313,383,382.95238095238074
3,314,383,383.0952380952379
3,315,383,383.0
3,316,383,383.0
3,317,383,383.0
3,318,383,383.0
3,319,383,383.0
3,320,383,383.0
3,321,383,383.0
3,322,383,383.0
3,323,383,383.0
3,324,383,383.0
3,325,383,383.0
3,326,383,383.0
3,327,383,383.0
3,328,383,383.095238095238
3,329,383,382.9523809523809
3,330,383,382.76190476190465
3,331,382,382.2857142857142
3,332,382,381.71428571428555
3,333,381,381.23809523809507
3,334,381,381.0476190476188
3,335,381,380.9047619047617
3,336,381,380.9999999999999
3,337,381,380.9999999999999
3,338,381,380.9999999999999
3,339,381,380.9999999999999
3,340,381,380.90476190476176
3,341,381,381.23809523809507
3,342,381,381.23809523809507
3,343,382,380.99999999999983
3,344,380,380.4285714285713
3,345,380,380.28571428571416
3,346,380,380.6666666666666
3,347,382,381.142857142857
3,348,382,381.2857142857142
3,349,380,381.3809523809523
3,350,381,380.66666666666663
3,351,381,379.99999999999983
3,352,379,379.8095238095237
3,353,379,379.42857142857144
3,354,380,379.47619047619025
3,355,380,379.9523809523808
3,356,380,380.095238095238
3,357,380,379.99999999999983
3,358,380,379.99999999999983
3,359,380,380.09523809523813
3,360,380,379.9523809523809
3,361,380,379.6666666666664
3,362,379,379.33333333333314
3,363,379,378.9523809523809
3,364,379,379.0476190476189
3,365,379,379.2857142857142
3,366,380,379.33333333333314
3,367,379,379.2857142857143
3,368,379,379.33333333333326
3,369,379,378.80952380952385
3,370,379,378.23809523809507
3,371,377,377.7142857142856
3,372,377,377.5238095238093
3,373,378,377.4285714285712
3,374,378,377.52380952380946
3,375,377,377.47619047619014
3,376,377,377.4761904761904
3,377,378,377.5238095238093
3,378,378,377.6190476190475
3,379,377,377.4285714285713
3,380,377,377.047619047619
3,381,377,376.9047619047618
3,382,377,377.1904761904761
3,383,377,376.9047619047617
3,384,377,376.33333333333326
3,385,375,375.6666666666666
3,386,375,375.09523809523796
3,387,375,374.8095238095236
3,388,375,374.90476190476187
3,389,375,375.23809523809507
3,390,375,375.2380952380951
3,391,376,374.90476190476187
3,392,374,374.66666666666663
3,393,374,374.6190476190474
3,394,375,374.42857142857133
3,395,375,374.6190476190476
3,396,374,374.4285714285713
3,397,374,374.04761904761904
3,398,374,373.9047619047618
3,399,374,373.99999999999994
3,400,374,373.99999999999994
3,401,374,374.09523809523796
3,402,374,373.95238095238096
3,403,374,373.66666666666663
3,404,373,373.33333333333326
3,405,373,373.14285714285717
3,406,373,372.85714285714266
3,407,373,372.6666666666665
3,408,372,372.3333333333332
3,409,372,371.95238095238085
3,410,372,372.04761904761887
3,411,372,372.2857142857142
3,412,373,372.4285714285714
3,413,372,372.2380952380951
3,414,372,371.7142857142856
3,415,371,371.28571428571416
3,416,371,371.38095238095224
3,417,372,371.5714285714285
3,418,372,371.95238095238074
3,419,372,372.0952380952379
3,420,372,371.9999999999999
3,421,372,371.9999999999999
3,422,372,372.095238095238
3,423,372,371.9523809523808
3,424,372,371.6666666666665
3,425,371,371.33333333333326
3,426,371,371.047619047619
3,427,371,370.90476190476176
3,428,371,370.9999999999999
3,429,371,370.9999999999999
3,430,371,370.9999999999999
3,431,371,370.9999999999999
3,432,371,370.9999999999999
3,433,371,370.9999999999999
3,434,371,370.9999999999999
3,435,371,370.90476190476176
3,436,371,371.0476190476189
3,437,371,371.42857142857133
3,438,372,371.6190476190475
3,439,372,371.7142857142855
3,440,371,371.3809523809522
3,441,371,370.61904761904765
3,442,370,370.2857142857142
3,443,370,370.47619047619037
3,444,371,370.5238095238095
3,445,371,370.5238095238095
3,446,370,370.4761904761903
3,447,370,370.38095238095235
3,448,371,370.5714285714283
3,449,371,370.8571428571428
3,450,371,371.14285714285705
3,451,371,371.42857142857133
3,452,372,371.6190476190475
3,453,372,371.61904761904754
3,454,371,371.42857142857144
3,455,371,371.047619047619
3,456,371,370.90476190476176
3,457,371,370.9999999999999
3,458,371,370.9999999999999
3,459,371,370.9999999999999
3,460,371,370.90476190476176
3,461,371,371.0476190476189
3,462,371,371.33333333333326
3,463,372,371.66666666666646
3,464,372,371.95238095238074
3,465,372,372.0952380952379
3,466,372,372.095238095238
3,467,372,371.9523809523808
3,468,372,371.57142857142844
3,469,371,371.3809523809523
3,470,371,371.28571428571416
3,471,372,371.6190476190475
3,472,372,372.3809523809522
3,473,373,372.7142857142856
3,474,373,372.4285714285713
3,475,372,372.52380952380935
3,476,372,372.80952380952374
3,477,374,373.19047619047615
3,478,374,373.57142857142844
3,479,373,373.4285714285714
3,480,373,373.095238095238
3,481,373,373.2380952380951
3,482,374,373.5714285714284
3,483,374,373.99999999999994
3,484,374,373.095238095238
3,485,375,375.33333333333314
3,486,375,379.6190476190476
3,487,389,384.4285714285713
3,488,389,388.33333333333314
3,489,389,391.952380952381
3,490,389,388.19047619047603
3,491,389,383.2380952380952
3,492,372,377.7142857142855
3,493,372,373.1428571428569
3,494,373,371.047619047619
3,495,373,372.95238095238085
3,496,373,373.095238095238
3,497,373,372.99999999999983
3,498,373,372.99999999999983
3,499,373,372.90476190476187
3,500,373,373.0476190476189
3,501,373,373.23809523809507
3,502,374,373.8095238095237
3,503,374,374.2380952380951
3,504,375,374.2380952380953
3,505,374,374.3809523809523
3,506,374,374.9047619047617
3,507,376,375.19047619047615
3,508,376,375.4761904761905
3,509,375,375.657142857143
3,510,375,375.28571428571416
3,511,376,375.9999999999999
3,512,376,373.9047619047618
3,513,375,375.14285714285705
3,514,375,375.85714285714283
3,515,376,375.5714285714284
3,516,376,375.8571428571428
3,517,376,376.14285714285705
3,518,376,376.33333333333326
3,519,377,376.6666666666667
3,520,377,377.0476190476189
3,521,377,377.0476190476189
3,522,377,376.57142857142844
3,523,376,376.3809523809523
3,524,376,376.3809523809523
3,525,377,376.57142857142844
3,526,377,376.8571428571427
3,527,377,377.14285714285705
3,528,377,377.33333333333326
3,529,378,377.6666666666665
3,530,378,377.95238095238096
3,531,378,377.99999999999983
3,532,378,378.04761904761887
3,533,378,378.4285714285712
3,534,379,378.6190476190474
3,535,379,378.5238095238094
3,536,378,378.4761904761903
3,537,378,378.3809523809523
3,538,379,378.5714285714283
3,539,379,378.95238095238085
3,540,379,379.095238095238
3,541,379,378.99999999999983
3,542,379,378.99999999999983
3,543,379,378.90476190476176
3,544,379,379.047619047619
3,545,379,379.33333333333314
3,546,380,379.66666666666646
3,547,380,380.0476190476189
3,548,380,380.047619047619
3,549,380,379.57142857142844
3,550,379,379.38095238095224
3,551,379,379.3809523809523
3,552,380,379.57142857142844
3,553,380,379.9523809523808
3,554,380,379.99999999999983
3,555,380,380.047619047619
3,556,380,380.23809523809507
3,557,381,380.71428571428567
3,558,381,381.3809523809523
3,559,382,381.7142857142856
3,560,382,381.52380952380935
3,561,381,381.47619047619037
3,562,381,381.47619047619037
3,563,382,381.52380952380935
3,564,382,381.52380952380935
3,565,381,381.47619047619037
3,566,381,381.38095238095235
3,567,382,381.5714285714285
3,568,382,381.85714285714283
3,569,382,382.142857142857
3,570,382,382.42857142857133
3,571,383,382.6190476190475
3,572,383,382.61904761904736
3,573,382,382.42857142857133
3,574,382,382.0476190476189
3,575,382,381.9047619047618
3,576,382,381.9999999999997
3,577,382,381.9999999999997
3,578,382,381.9999999999997
3,579,382,381.9999999999997
3,580,382,381.9999999999997
3,581,382,381.90476190476176
3,582,382,382.04761904761887
3,583,382,382.42857142857133
3,584,383,382.6190476190475
3,585,383,382.61904761904736
3,586,382,382.42857142857133
3,587,382,382.0476190476189
3,588,382,381.9047619047618
3,589,382,381.9999999999997
3,590,382,381.9999999999997
3,591,382,381.9999999999997
3,592,382,381.9999999999997
3,593,382,381.9999999999997
3,594,382,381.90476190476176
3,595,382,382.04761904761887
3,596,382,382.42857142857133
3,597,383,382.6190476190475
3,598,383,382.61904761904736
3,599,382,382.42857142857133
3,600,382,382.0476190476189
3,601,382,381.9047619047618
3,602,382,381.9999999999997
3,603,382,381.9999999999997
3,604,382,382.095238095238
3,605,382,381.9523809523809
3,606,382,381.5714285714284
3,607,381,381.3809523809523
3,608,381,381.38095238095235
3,609,382,381.5714285714285
3,610,382,381.9523809523809
3,611,382,382.09523809523796
3,612,382,382.095238095238
3,613,382,381.9523809523809
3,614,382,381.6666666666664
3,615,381,381.33333333333314
3,616,381,381.0476190476188
3,617,381,380.9999999999999
3,618,381,380.95238095238085
3,619,381,380.5714285714285
3,620,380,380.38095238095224
3,621,380,380.5714285714285
3,622,381,380.4761904761903
3,623,381,380.19047619047603
3,624,379,379.8095238095237
3,625,379,379.42857142857144
3,626,380,379.47619047619025
3,627,380,379.9523809523808
3,628,380,380.095238095238
3,629,380,380.09523809523813
3,630,380,379.9523809523809
3,631,380,379.47619047619037
3,632,379,379.42857142857133
3,633,379,379.9047619047618
3,634,381,380.04761904761887
3,635,381,380.28571428571416
3,636,379,380.28571428571416
3,637,380,379.71428571428567
3,638,380,379.42857142857133
3,639,379,379.4285714285713
3,640,379,379.04761904761887
3,641,379,378.90476190476176
3,642,379,379.095238095238
3,643,379,378.952380952381
3,644,379,378.76190476190465
3,645,378,378.28571428571416
3,646,378,377.6190476190476
3,647,377,377.2857142857143
3,648,377,377.4761904761904
3,649,378,377.5238095238093
3,650,378,377.52380952380946
3,651,377,377.47619047619014
3,652,377,377.4761904761904
3,653,378,377.42857142857133
3,654,378,377.66666666666646
3,655,377,377.7619047619047
3,656,378,377.9047619047617
3,657,378,377.6666666666665
3,658,378,377.4761904761903
3,659,376,377.19047619047603
3,660,377,376.66666666666663
3,661,377,375.99999999999983
3,662,375,375.8095238095237
3,663,375,375.6190476190474
3,664,376,375.3809523809522
3,665,376,375.2857142857141
3,666,374,374.76190476190465
3,667,374,374.095238095238
3,668,374,373.80952380952374
3,669,374,373.9047619047618
3,670,374,374.04761904761904
3,671,374,374.3333333333332
3,672,375,374.66666666666663
3,673,375,374.9523809523808
3,674,375,375.09523809523796
3,675,375,375.0952380952379
3,676,375,375.0476190476189
3,677,375,374.61904761904754
3,678,374,373.9047619047618
3,679,373,373.4285714285712
3,680,373,373.3809523809523
3,681,374,373.5238095238094
3,682,374,373.5238095238094
3,683,373,373.4761904761904
3,684,373,373.47619047619037
3,685,374,373.5238095238094
3,686,374,373.6190476190475
3,687,373,373.52380952380935
3,688,373,372.99999999999994
3,689,373,371.33333333333326
3,690,372,372.95238095238085
3,691,372,376.38095238095224
3,692,385,380.47619047619037
3,693,385,384.4285714285713
3,694,385,387.8095238095236
3,695,386,385.04761904761887
3,696,386,381.61904761904765
3,697,373,377.42857142857133
3,698,373,373.71428571428555
3,699,373,371.7142857142855
3,700,373,372.6666666666665
3,701,372,372.3333333333332
3,702,372,372.0476190476189
3,703,372,371.9047619047618
3,704,372,372.095238095238
3,705,372,371.9523809523808
3,706,372,371.6666666666665
3,707,371,371.23809523809507
3,708,371,371.0952380952381
3,709,371,371.3333333333332
3,710,372,371.6190476190475
3,711,372,371.61904761904754
3,712,371,371.42857142857144
3,713,371,370.9523809523809
3,714,371,370.9523809523809
3,715,371,371.42857142857133
3,716,372,371.6190476190475
3,717,372,371.61904761904754
3,718,371,371.42857142857144
3,719,371,371.047619047619
3,720,371,370.90476190476176
3,721,371,370.9999999999999
3,722,371,370.9999999999999
3,723,371,371.095238095238
3,724,371,370.95238095238085
3,725,371,370.57142857142844
3,726,370,370.38095238095235
3,727,370,370.38095238095235
3,728,371,370.5714285714283
3,729,371,370.95238095238074
3,730,371,371.0
3,731,371,371.0476190476189
3,732,371,371.42857142857133
3,733,372,371.6190476190475
3,734,372,371.61904761904754
3,735,371,371.42857142857144
3,736,371,371.047619047619
3,737,371,370.90476190476176
3,738,371,370.90476190476176
3,739,371,371.0476190476189
3,740,371,371.42857142857133
3,741,372,371.6190476190475
3,742,372,371.52380952380946
3,743,371,371.4761904761903
3,744,371,371.38095238095224
3,745,372,371.5714285714285
3,746,372,371.95238095238074
3,747,372,372.0952380952379
3,748,372,371.90476190476187
3,749,372,372.0476190476188
3,750,372,372.4285714285713
3,751,373,372.61904761904754
3,752,373,372.6190476190475
3,753,372,372.42857142857133
3,754,372,372.0476190476189
3,755,372,371.8095238095238
3,756,372,372.0476190476188
3,757,372,372.3333333333332
3,758,373,372.66666666666663
3,759,373,372.8571428571429
3,760,373,373.14285714285705
3,761,373,373.33333333333326
3,762,374,373.66666666666663
3,763,374,373.9523809523808
3,764,374,374.09523809523813
3,765,374,374.0000000000001
3,766,374,373.99999999999966
3,767,374,373.9999999999999
3,768,375,373.61904761904736
3,769,375,374.4761904761903
3,770,374,374.71428571428555
3,771,374,373.9523809523808
3,772,374,374.04761904761887
3,773,374,374.2857142857141
3,774,375,374.3333333333332
3,775,374,374.2857142857141
3,776,374,374.1428571428568
3,777,374,373.9047619047618
3,778,374,373.9047619047618
3,779,374,374.04761904761904
3,780,374,374.42857142857133
3,781,375,374.6190476190476
3,782,375,374.5238095238095
3,783,374,374.4761904761905
3,784,374,374.38095238095224
3,785,375,374.5714285714285
3,786,375,374.9523809523808
3,787,375,375.09523809523796
3,788,375,374.99999999999983
3,789,375,374.99999999999983
3,790,375,374.99999999999983
3,791,375,374.99999999999983
3,792,375,374.99999999999983
3,793,375,374.99999999999983
3,794,375,374.8095238095236
3,795,375,375.0952380952381
3,796,375,375.6666666666665
3,797,377,376.42857142857133
3,798,377,376.85714285714283
3,799,377,376.66666666666663
3,800,376,376.4285714285714
3,801,376,376.80952380952345
3,802,378,377.19047619047603
3,803,378,377.5714285714285
3,804,377,377.52380952380946
3,805,377,376.9523809523809
3,806,377,376.9523809523808
3,807,377,377.33333333333326
3,808,378,377.6666666666665
3,809,378,377.7619047619047
3,810,378,378.19047619047603
3,811,378,378.6666666666666
3,812,380,379.33333333333326
3,813,380,379.90476190476187
3,814,380,380.19047619047615
3,815,380,379.99999999999983
3,816,380,379.99999999999983
3,817,380,379.99999999999983
3,818,380,379.99999999999983
3,819,380,379.99999999999983
3,820,380,379.90476190476176
3,821,380,380.047619047619
3,822,380,380.33333333333326
3,823,381,380.6666666666666
3,824,381,381.04761904761887
3,825,381,381.04761904761887
3,826,381,380.6666666666666
3,827,380,380.33333333333314
3,828,380,379.9523809523808
3,829,380,379.95238095238074
3,830,380,380.4285714285714
3,831,381,380.6190476190476
3,832,381,380.6190476190474
3,833,380,380.4285714285713
3,834,380,380.04761904761887
3,835,380,379.9047619047617
3,836,380,379.99999999999983
3,837,380,380.09523809523813
3,838,380,379.9523809523809
3,839,380,379.6666666666664
3,840,379,379.33333333333314
3,841,379,378.9523809523809
3,842,379,378.9523809523808
3,843,379,379.4285714285714
3,844,380,379.6190476190474
3,845,380,379.61904761904754
3,846,379,379.4285714285713
3,847,379,379.04761904761887
3,848,379,378.90476190476176
3,849,379,378.99999999999983
3,850,379,378.99999999999983
3,851,379,378.99999999999983
3,852,379,378.99999999999983
3,853,379,378.90476190476176
3,854,379,379.047619047619
3,855,379,379.4285714285714
3,856,380,379.6190476190474
3,857,380,379.52380952380935
3,858,379,379.4761904761903
3,859,379,379.3809523809523
3,860,380,379.57142857142844
3,861,380,379.9523809523808
3,862,380,380.095238095238
3,863,380,379.99999999999983
3,864,380,379.99999999999983
3,865,380,379.99999999999983
3,866,380,379.99999999999983
3,867,380,379.99999999999983
3,868,380,379.99999999999983
3,869,380,379.99999999999983
3,870,380,379.99999999999983
3,871,380,379.99999999999983
3,872,380,379.99999999999983
3,873,380,379.99999999999983
3,874,380,379.99999999999983
3,875,380,379.99999999999983
3,876,380,379.99999999999983
3,877,380,379.99999999999983
3,878,380,379.99999999999983
3,879,380,380.09523809523813
3,880,380,379.9523809523809
3,881,380,379.47619047619037
3,882,379,379.42857142857133
3,883,379,379.9047619047618
3,884,381,380.14285714285705
3,885,381,380.14285714285705
3,886,379,379.90476190476176
3,887,379,379.42857142857144
3,888,380,379.47619047619025
3,889,380,379.9523809523808
3,890,380,380.095238095238
3,891,380,379.99999999999983
3,892,380,380.09523809523813
3,893,380,379.9523809523809
3,894,380,379.28571428571416
3,895,379,379.52380952380935
3,896,379,380.38095238095224
3,897,383,381.6666666666665
3,898,383,382.7619047619047
3,899,383,383.2380952380951
3,900,382,382.23809523809524
3,901,382,381.4761904761905
3,902,380,380.52380952380946
3,903,380,379.7619047619046
3,904,379,379.14285714285705
3,905,379,379.14285714285705
3,906,379,378.76190476190465
3,907,379,378.71428571428567
3,908,378,378.76190476190465
3,909,379,378.6666666666666
3,910,379,378.5238095238094
3,911,378,378.4285714285712
3,912,378,378.142857142857
3,913,378,377.8571428571427
3,914,378,377.6666666666665
3,915,377,377.33333333333326
3,916,377,377.1428571428571
3,917,377,376.8571428571427
3,918,377,376.66666666666663
3,919,376,376.3333333333333
3,920,376,376.14285714285705
3,921,376,375.8571428571427
3,922,376,375.57142857142844
3,923,375,375.38095238095224
3,924,375,375.4761904761905
3,925,376,375.52380952380946
3,926,376,375.6190476190475
3,927,375,375.4285714285712
3,928,375,375.0476190476189
3,929,375,374.9047619047617
3,930,375,374.99999999999983
3,931,375,374.99999999999983
3,932,375,374.99999999999983
3,933,375,375.0952380952379
3,934,375,374.95238095238085
3,935,375,374.6666666666665
3,936,374,374.3333333333332
3,937,374,374.04761904761904
3,938,374,373.9047619047618
3,939,374,374.09523809523796
3,940,374,373.95238095238096
3,941,374,373.47619047619037
3,942,373,373.42857142857133
3,943,373,373.9047619047618
3,944,375,374.14285714285705
3,945,375,374.2380952380951
3,946,373,373.85714285714266
3,947,373,373.19047619047615
3,948,373,372.7619047619046
3,949,373,372.47619047619037
3,950,372,372.5238095238094
3,951,372,372.6666666666666
3,952,374,372.99999999999994
3,953,373,373.190476190476
3,954,373,372.9047619047617
3,955,372,372.2380952380952
3,956,372,372.0476190476189
3,957,372,371.9047619047618
3,958,372,371.9999999999999
3,959,372,371.9999999999999
3,960,372,371.9999999999999
3,961,372,371.9999999999999
3,962,372,371.9999999999999
3,963,372,371.9999999999999
3,964,372,372.095238095238
3,965,372,371.9523809523808
3,966,372,371.57142857142844
3,967,371,371.3809523809523
3,968,371,371.4761904761904
3,969,372,371.5238095238094
3,970,372,371.61904761904754
3,971,371,371.42857142857144
3,972,371,371.047619047619
3,973,371,370.90476190476176
3,974,371,370.9999999999999
3,975,371,370.9999999999999
3,976,371,370.90476190476176
3,977,371,371.14285714285705
3,978,371,371.28571428571416
3,979,372,371.33333333333314
3,980,371,371.2857142857142
3,981,371,371.142857142857
3,982,371,370.90476190476176
3,983,371,370.9999999999999
3,984,371,370.9999999999999
3,985,371,370.90476190476176
3,986,371,371.0476190476189
3,987,371,371.33333333333326
3,988,372,371.66666666666646
3,989,372,371.95238095238074
3,990,372,372.0952380952379
3,991,372,371.9999999999999
3,992,372,371.9999999999999
3,993,372,371.9999999999999
3,994,372,371.9999999999999
3,995,372,371.9999999999999
3,996,372,371.9999999999999
3,997,372,371.9999999999999
3,998,372,371.9999999999999
3,999,372,371.9999999999999
3,1000,372,371.9999999999999
3,1001,372,371.90476190476187
3,1002,372,372.0476190476188
3,1003,372,372.3333333333332
3,1004,373,372.76190476190465
3,1005,373,372.9047619047618
3,1006,373,372.57142857142844
3,1007,372,372.42857142857133
3,1008,372,372.80952380952374
3,1009,374,373.19047619047615
3,1010,374,373.47619047619037
3,1011,373,373.5714285714285
3,1012,373,373.3809523809523
3,1013,374,373.5714285714285
3,1014,374,373.9523809523808
3,1015,374,374.09523809523813
3,1016,374,373.99999999999994
3,1017,374,373.99999999999994
3,1018,374,373.99999999999994
3,1019,374,373.99999999999994
3,1020,374,373.99999999999994
3,1021,374,374.0000000000001
3,1022,374,373.99999999999966
3,1023,374,373.9999999999999
3,1024,374,372.90476190476176
3,1025,374,373.9047619047618
3,1026,374,374.61904761904754
3,1027,375,374.66666666666663
3,1028,375,374.85714285714283
3,1029,375,375.2380952380951
3,1030,375,375.2857142857142
3,1031,376,375.23809523809507
3,1032,375,375.3333333333333
3,1033,375,375.38095238095224
3,1034,376,375.6190476190475
3,1035,376,376.3809523809524
3,1036,377,376.71428571428567
3,1037,377,376.61904761904754
3,1038,376,376.4285714285712
3,1039,376,375.95238095238085
3,1040,376,375.95238095238085
3,1041,376,376.33333333333326
3,1042,377,376.6666666666667
3,1043,377,376.9523809523808
3,1044,377,377.095238095238
3,1045,377,376.9999999999999
3,1046,377,376.9999999999999
3,1047,377,376.90476190476187
3,1048,377,377.04761904761915
3,1049,377,377.33333333333326
3,1050,378,377.76190476190465
3,1051,378,377.9047619047618
3,1052,378,377.6666666666665
3,1053,377,377.3809523809523
3,1054,377,377.3809523809523
3,1055,378,377.57142857142827
3,1056,378,377.95238095238096
3,1057,378,378.09523809523796
3,1058,378,377.90476190476176
3,1059,378,378.04761904761887
3,1060,378,378.33333333333326
3,1061,379,378.6666666666666
3,1062,379,378.85714285714266
3,1063,379,379.14285714285705
3,1064,379,379.33333333333314
3,1065,380,379.66666666666646
3,1066,380,379.9523809523808
3,1067,380,380.095238095238
3,1068,380,379.90476190476176
3,1069,380,380.047619047619
3,1070,380,380.33333333333326
3,1071,381,380.6666666666666
3,1072,381,380.95238095238096
3,1073,381,381.09523809523796
3,1074,381,380.9999999999999
3,1075,381,380.90476190476176
3,1076,381,381.0476190476189
3,1077,381,381.4285714285713
3,1078,382,381.6190476190475
3,1079,382,381.52380952380935
3,1080,381,381.47619047619037
3,1081,381,381.47619047619037
3,1082,382,381.52380952380935
3,1083,382,381.4285714285712
3,1084,381,381.52380952380935
3,1085,381,381.80952380952374
3,1086,383,382.1904761904761
3,1087,383,382.4761904761903
3,1088,382,382.57142857142844
3,1089,382,382.47619047619037
3,1090,383,382.52380952380946
3,1091,383,382.52380952380946
3,1092,382,382.4761904761904
3,1093,382,382.47619047619037
3,1094,383,382.52380952380946
3,1095,383,382.61904761904736
3,1096,382,382.42857142857133
3,1097,382,382.23809523809507
3,1098,382,380.95238095238085
3,1099,382,381.7619047619047
3,1100,380,383.6666666666665
3,1101,389,386.09523809523785
3,1102,389,388.38095238095224
3,1103,389,389.8571428571426
3,1104,389,389.76190476190465
3,1105,389,388.61904761904754
3,1106,389,386.3333333333333
3,1107,381,383.5714285714283
3,1108,381,381.4285714285713
3,1109,381,380.5714285714283
3,1110,382,381.6666666666666
3,1111,382,382.0476190476189
3,1112,382,382.0476190476189
3,1113,382,381.6666666666664
3,1114,381,381.33333333333314
3,1115,381,381.0476190476188
3,1116,381,380.9047619047617
3,1117,381,380.9999999999999
3,1118,381,380.9999999999999
3,1119,381,380.9999999999999
3,1120,381,380.9999999999999
3,1121,381,381.0952380952378
3,1122,381,380.95238095238085
3,1123,381,380.6666666666666
3,1124,380,380.33333333333314
3,1125,380,379.9523809523808
3,1126,380,380.047619047619
3,1127,380,380.28571428571433
3,1128,381,380.3333333333332
3,1129,380,380.28571428571416
3,1130,380,380.142857142857
3,1131,380,379.9047619047617
3,1132,380,379.99999999999983
3,1133,380,379.99999999999983
3,1134,380,380.09523809523813
3,1135,380,379.9523809523809
3,1136,380,379.6666666666664
3,1137,379,379.33333333333314
3,1138,379,379.04761904761887
3,1139,379,378.90476190476176
3,1140,379,378.99999999999983
3,1141,379,378.99999999999983
3,1142,379,378.99999999999983
3,1143,379,378.99999999999983
3,1144,379,379.095238095238
3,1145,379,378.952380952381
3,1146,379,378.57142857142844
3,1147,378,378.3809523809524
3,1148,378,378.3809523809523
3,1149,379,378.6666666666666
3,1150,379,378.9047619047618
3,1151,379,378.6666666666666
3,1152,378,378.3809523809524
3,1153,378,378.57142857142844
3,1154,379,378.4761904761904
3,1155,379,378.19047619047615
3,1156,377,377.8095238095236
3,1157,377,377.5238095238093
3,1158,378,377.4285714285712
3,1159,378,377.4285714285714
3,1160,377,377.5238095238094
3,1161,377,377.9047619047618
3,1162,379,378.14285714285705
3,1163,379,378.142857142857
3,1164,377,377.9047619047617
3,1165,377,377.4285714285713
3,1166,378,377.4761904761904
3,1167,378,378.047619047619
3,1168,378,378.04761904761887
3,1169,378,377.6666666666665
3,1170,377,377.33333333333326
3,1171,377,377.047619047619
3,1172,377,377.0
3,1173,377,376.952380952381
3,1174,377,376.66666666666663
3,1175,376,376.3333333333333
3,1176,376,376.0476190476189
3,1177,376,375.9047619047618
3,1178,376,375.9047619047618
3,1179,376,376.0476190476189
3,1180,376,376.4285714285712
3,1181,377,376.6190476190475
3,1182,377,376.61904761904754
3,1183,376,376.4285714285712
3,1184,376,376.0476190476189
3,1185,376,375.9047619047618
3,1186,376,376.0952380952381
3,1187,376,375.95238095238085
3,1188,376,375.6666666666665
3,1189,375,375.3333333333332
3,1190,375,375.0476190476189
3,1191,375,374.9047619047617
3,1192,375,374.99999999999983
3,1193,375,374.99999999999983
3,1194,375,374.99999999999983
3,1195,375,374.99999999999983
3,1196,375,374.99999999999983
3,1197,375,375.0952380952379
3,1198,375,374.95238095238085
3,1199,375,374.6666666666665
3,1200,374,374.3333333333332
3,1201,374,374.04761904761904
3,1202,374,373.9047619047618
3,1203,374,373.99999999999994
3,1204,374,373.99999999999994
3,1205,374,374.09523809523796
3,1206,374,373.95238095238096
3,1207,374,373.66666666666663
3,1208,373,373.33333333333326
3,1209,373,373.0476190476189
3,1210,373,372.9047619047618
3,1211,373,373.095238095238
3,1212,373,372.95238095238096
3,1213,373,372.57142857142856
3,1214,372,372.47619047619025
3,1215,372,372.3333333333333
3,1216,373,372.23809523809507
3,1217,372,372.2857142857142
3,1218,372,372.14285714285705
3,1219,372,371.9047619047618
3,1220,372,371.9999999999999
3,1221,372,371.9999999999999
3,1222,372,372.095238095238
3,1223,372,371.9523809523808
3,1224,372,371.57142857142844
3,1225,371,371.3809523809523
3,1226,371,371.4761904761904
3,1227,372,371.5238095238094
3,1228,372,371.52380952380946
3,1229,371,371.4761904761903
3,1230,371,371.38095238095224
3,1231,372,371.5714285714285
3,1232,372,372.0476190476189
3,1233,372,372.0476190476188
3,1234,372,371.6666666666665
3,1235,371,371.33333333333326
3,1236,371,371.047619047619
3,1237,371,370.90476190476176
3,1238,371,370.9999999999999
3,1239,371,370.9999999999999
3,1240,371,370.9999999999999
3,1241,371,370.9999999999999
3,1242,371,370.9999999999999
3,1243,371,370.9999999999999
3,1244,371,370.9999999999999
3,1245,371,370.90476190476176
3,1246,371,371.0476190476189
3,1247,371,371.42857142857133
3,1248,372,371.6190476190475
3,1249,372,371.61904761904754
3,1250,371,371.42857142857144
3,1251,371,371.047619047619
3,1252,371,370.90476190476176
3,1253,371,370.9999999999999
3,1254,371,370.9999999999999
3,1255,371,370.9999999999999
3,1256,371,370.9999999999999
3,1257,371,370.9999999999999
3,1258,371,370.90476190476176
3,1259,371,371.0476190476189
3,1260,371,371.33333333333326
3,1261,372,371.66666666666646
3,1262,372,372.0476190476189
3,1263,372,372.0476190476188
3,1264,372,371.6666666666665
3,1265,371,371.33333333333326
3,1266,371,370.9523809523809
3,1267,371,370.9523809523809
3,1268,371,371.33333333333326
3,1269,372,371.66666666666646
3,1270,372,371.95238095238074
3,1271,372,372.0952380952379
3,1272,372,371.90476190476187
3,1273,372,372.0476190476188
3,1274,372,372.4285714285713
3,1275,373,372.61904761904754
3,1276,373,372.6190476190475
3,1277,372,372.51428571428573
3,1278,372,372.0285714285713
3,1279,372,372.04999999999984
3,1280,372,371.9047619047618
3,1281,373,372.6666666666665
3,1282,373,373.38095238095224
3,1283,374,373.8571428571427
3,1284,374,373.90476190476187
3,1285,374,373.57142857142844
3,1286,373,373.42857142857133
3,1287,373,373.9047619047618
3,1288,375,374.14285714285705
3,1289,375,373.9523809523809
3,1290,373,374.0
3,1291,373,374.19047619047603
3,1292,376,374.7619047619047
3,1293,376,375.42857142857133
3,1294,375,375.6666666666665
3,1295,375,375.4761904761905
3,1296,376,375.52380952380946
3,1297,376,375.4285714285712
3,1298,375,375.5238095238095
3,1299,375,375.71428571428567
3,1300,377,376.2380952380952
3,1301,377,376.90476190476176
3,1302,377,377.190476190476
3,1303,377,375.6666666666665
3,1304,377,377.66666666666634
3,1305,377,381.57142857142844
3,1306,391,386.3809523809523
3,1307,391,391.3333333333332
3,1308,392,392.6666666666666
3,1309,392,390.28571428571416
3,1310,385,387.09523809523796
3,1311,385,383.095238095238
3,1312,378,379.61904761904754
3,1313,378,377.8095238095237
3,1314,377,376.76190476190465
3,1315,377,377.7142857142856
3,1316,379,378.2380952380952
3,1317,379,378.8095238095236
3,1318,379,379.2380952380952
3,1319,379,379.33333333333314
3,1320,380,379.66666666666646
3,1321,380,379.9523809523808
3,1322,380,380.095238095238
3,1323,380,379.99999999999983
3,1324,380,379.99999999999983
3,1325,380,379.99999999999983
3,1326,380,379.99999999999983
3,1327,380,379.99999999999983
3,1328,380,379.99999999999983
3,1329,380,379.99999999999983
3,1330,380,379.99999999999983
3,1331,380,379.99999999999983
3,1332,380,379.90476190476176
3,1333,380,380.047619047619
3,1334,380,380.33333333333326
3,1335,381,380.6666666666666
3,1336,381,380.85714285714266
3,1337,381,381.142857142857
3,1338,381,381.4285714285713
3,1339,382,381.6190476190475
3,1340,382,381.52380952380935
3,1341,381,381.47619047619037
3,1342,381,381.47619047619037
3,1343,382,381.52380952380935
3,1344,382,381.52380952380935
3,1345,381,381.5714285714285
3,1346,381,381.33333333333314
3,1347,382,381.23809523809507
3,1348,381,381.1904761904761
3,1349,381,381.1904761904759
3,1350,381,381.2380952380952
3,1351,382,381.6666666666666
3,1352,382,381.9523809523809
3,1353,382,382.09523809523796
3,1354,382,381.9999999999997
3,1355,382,381.9999999999997
3,1356,382,381.9999999999997
3,1357,382,381.90476190476176
3,1358,382,382.04761904761887
3,1359,382,382.3333333333333
3,1360,383,382.66666666666663
3,1361,383,382.95238095238074
3,1362,383,383.0952380952379
3,1363,383,383.095238095238
3,1364,383,382.9523809523809
3,1365,383,382.66666666666646
3,1366,382,382.33333333333314
3,1367,382,382.0476190476189
3,1368,382,381.9047619047618
3,1369,382,381.9999999999997
3,1370,382,381.9999999999997
3,1371,382,381.9999999999997
3,1372,382,381.90476190476176
3,1373,382,382.04761904761887
3,1374,382,382.42857142857133
3,1375,383,382.6190476190475
3,1376,383,382.52380952380946
3,1377,382,382.4761904761904
3,1378,382,382.47619047619037
3,1379,383,382.52380952380946
3,1380,383,382.61904761904736
3,1381,382,382.42857142857133
3,1382,382,381.95238095238085
3,1383,382,381.95238095238085
3,1384,382,382.42857142857133
3,1385,383,382.6190476190475
3,1386,383,382.52380952380946
3,1387,382,382.4761904761904
3,1388,382,382.47619047619037
3,1389,383,382.52380952380946
3,1390,383,382.61904761904736
3,1391,382,382.42857142857133
3,1392,382,382.0476190476189
3,1393,382,381.99999999999994
3,1394,382,381.9523809523809
3,1395,382,381.5714285714284
3,1396,381,381.3809523809523
3,1397,381,381.47619047619037
3,1398,382,381.52380952380935
3,1399,382,381.52380952380935
3,1400,381,381.47619047619037
3,1401,381,381.47619047619037
3,1402,382,381.52380952380935
3,1403,382,381.6190476190475
3,1404,381,381.4285714285712
3,1405,381,381.1428571428572
3,1406,381,380.85714285714283
3,1407,381,380.5714285714285
3,1408,380,380.38095238095224
3,1409,380,380.28571428571416
3,1410,381,380.6190476190475
3,1411,381,381.3809523809523
3,1412,382,381.80952380952385
3,1413,382,381.5714285714285
3,1414,381,381.19047619047603
3,1415,380,380.33333333333326
3,1416,380,379.5238095238095
3,1417,379,379.28571428571416
3,1418,379,379.47619047619037
3,1419,380,379.52380952380935
3,1420,380,379.52380952380935
3,1421,379,379.4761904761903
3,1422,379,379.47619047619037
3,1423,380,379.52380952380935
3,1424,380,379.61904761904754
3,1425,379,379.4285714285713
3,1426,379,379.14285714285705
3,1427,379,378.85714285714266
3,1428,379,378.57142857142844
3,1429,378,378.3809523809524
3,1430,378,378.57142857142844
3,1431,379,378.3809523809522
3,1432,379,378.33333333333314
3,1433,377,378.09523809523796
3,1434,378,377.7619047619046
3,1435,378,377.7619047619046
3,1436,378,378.09523809523796
3,1437,378,378.1904761904761
3,1438,378,377.90476190476187
3,1439,378,377.2380952380951
3,1440,376,376.71428571428567
3,1441,376,376.5238095238094
3,1442,377,376.42857142857116
3,1443,377,376.52380952380946
3,1444,376,376.4761904761903
3,1445,376,376.5714285714284
3,1446,377,376.4761904761904
3,1447,377,376.19047619047603
3,1448,375,375.8095238095237
3,1449,375,375.52380952380946
3,1450,376,375.4285714285714
3,1451,376,375.52380952380946
3,1452,375,375.47619047619037
3,1453,375,375.4761904761905
3,1454,376,375.52380952380946
3,1455,376,375.6190476190475
3,1456,375,375.4285714285712
3,1457,375,375.14285714285705
3,1458,375,374.8571428571428
3,1459,375,374.6666666666665
3,1460,374,374.42857142857133
3,1461,374,373.9999999999998
3,1462,374,373.47619047619037
3,1463,373,373.38095238095235
3,1464,373,373.47619047619037
3,1465,374,373.5238095238094
3,1466,374,373.6190476190475
3,1467,373,373.42857142857133
3,1468,373,373.0476190476189
3,1469,373,372.9047619047618
3,1470,373,372.99999999999983
3,1471,373,372.99999999999983
3,1472,373,372.99999999999983
3,1473,373,372.99999999999983
3,1474,373,373.19047619047603
3,1475,373,372.9047619047618
3,1476,373,372.23809523809507
3,1477,371,371.7142857142857
3,1478,371,371.4285714285712
3,1479,372,371.4761904761903
3,1480,372,371.95238095238074
3,1481,372,371.99999999999983
3,1482,372,372.0476190476188
3,1483,372,372.5238095238094
3,1484,373,372.57142857142856
3,1485,373,372.190476190476
3,1486,371,371.8095238095237
3,1487,371,371.4285714285712
3,1488,372,371.4761904761903
3,1489,372,371.95238095238074
3,1490,372,372.0952380952379
3,1491,372,371.9999999999999
3,1492,372,371.9999999999999
3,1493,372,371.9999999999999
3,1494,372,371.9999999999999
3,1495,372,371.9999999999999
3,1496,372,371.9999999999999
3,1497,372,371.9999999999999
3,1498,372,371.9999999999999
3,1499,372,371.9999999999999
3,1500,372,371.9999999999999
3,1501,372,371.9999999999999
3,1502,372,371.9999999999999
3,1503,372,371.9999999999999
3,1504,372,372.095238095238
3,1505,372,371.9523809523808
3,1506,372,371.0952380952381
3,1507,371,371.61904761904754
3,1508,371,372.19047619047603
3,1509,377,375.3333333333333
3,1510,377,379.7142857142856
3,1511,386,383.5714285714285
3,1512,386,385.5714285714285
3,1513,386,388.2857142857143
3,1514,386,385.28571428571416
3,1515,386,380.9999999999999
3,1516,371,375.9999999999998
3,1517,371,371.8095238095236
3,1518,371,369.5238095238094
3,1519,371,370.57142857142844
3,1520,370,370.38095238095235
3,1521,370,370.2857142857142
3,1522,371,370.61904761904765
3,1523,371,371.28571428571416
3,1524,372,371.76190476190476
3,1525,372,371.95238095238074
3,1526,372,372.0952380952379
3,1527,372,372.095238095238
3,1528,372,371.9523809523808
3,1529,372,371.57142857142844
3,1530,371,371.3809523809523
3,1531,371,371.38095238095224
3,1532,372,371.5714285714285
3,1533,372,371.9714285714288
3,1534,372,372.14285714285694
3,1535,372,371.9999999999999
3,1536,372,371.99999999999994
3,1537,373,372.6190476190475
3,1538,373,373.1428571428571
3,1539,373,373.04761904761887
3,1540,373,372.6666666666665
3,1541,372,372.3333333333332
3,1542,372,371.95238095238085
3,1543,372,371.9523809523808
3,1544,372,372.3333333333332
3,1545,373,372.66666666666663
3,1546,373,372.8571428571429
3,1547,373,373.14285714285705
3,1548,373,373.33333333333326
3,1549,374,373.66666666666663
3,1550,374,373.9523809523808
3,1551,374,374.09523809523813
3,1552,374,373.99999999999994
3,1553,374,373.99999999999994
3,1554,374,373.9047619047618
3,1555,374,374.04761904761904
3,1556,374,374.42857142857133
3,1557,375,374.6190476190476
3,1558,375,374.5238095238095
3,1559,374,374.4761904761905
3,1560,374,374.38095238095224
3,1561,375,374.4761904761903
3,1562,375,374.9999999999999
3,1563,375,375.5238095238094
3,1564,376,375.6190476190475
3,1565,376,375.52380952380946
3,1566,375,375.47619047619037
3,1567,375,375.3809523809523
3,1568,376,375.5714285714284
3,1569,376,375.8571428571428
3,1570,376,376.14285714285705
3,1571,376,376.33333333333326
3,1572,377,376.6666666666667
3,1573,377,376.8571428571427
3,1574,377,377.14285714285705
3,1575,377,377.4285714285712
3,1576,378,377.6190476190474
3,1577,378,377.52380952380946
3,1578,377,377.47619047619014
3,1579,377,377.3809523809523
3,1580,378,377.57142857142827
3,1581,378,378.047619047619
3,1582,378,377.9523809523808
3,1583,378,377.7142857142856
3,1584,377,377.57142857142844
3,1585,378,377.76190476190465
3,1586,378,378.09523809523813
3,1587,379,378.8095238095237
3,1588,379,379.38095238095224
3,1589,380,379.7142857142855
3,1590,380,379.61904761904754
3,1591,379,379.4285714285713
3,1592,379,378.9523809523809
3,1593,379,378.9523809523808
3,1594,379,379.33333333333314
3,1595,380,379.66666666666646
3,1596,380,380.0476190476189
3,1597,380,380.047619047619
3,1598,380,379.47619047619037
3,1599,379,379.42857142857133
3,1600,379,379.8095238095237
3,1601,381,380.19047619047603
3,1602,381,380.5714285714285
3,1603,380,380.5238095238094
3,1604,380,380.04761904761887
3,1605,380,379.80952380952374
3,1606,380,380.047619047619
3,1607,380,380.33333333333326
3,1608,381,380.6666666666666
3,1609,381,380.95238095238096
3,1610,381,381.09523809523796
3,1611,381,380.9999999999999
3,1612,381,380.9999999999999
3,1613,381,380.9999999999999
3,1614,381,380.9999999999999
3,1615,381,380.9999999999999
3,1616,381,380.9999999999999
3,1617,381,380.9999999999999
3,1618,381,380.9999999999999
3,1619,381,380.9999999999999
3,1620,381,380.9999999999999
3,1621,381,380.9999999999999
3,1622,381,380.9999999999999
3,1623,381,380.9999999999999
3,1624,381,380.9999999999999
3,1625,381,380.90476190476176
3,1626,381,381.0476190476189
3,1627,381,381.3333333333333
3,1628,382,381.6666666666666
3,1629,382,381.9523809523809
3,1630,382,382.09523809523796
3,1631,382,381.9999999999997
3,1632,382,381.90476190476176
3,1633,382,382.04761904761887
3,1634,382,382.42857142857133
3,1635,383,382.6190476190475
3,1636,383,382.61904761904736
3,1637,382,382.42857142857133
3,1638,382,382.0476190476189
3,1639,382,381.9047619047618
3,1640,382,381.9999999999997
3,1641,382,381.9999999999997
3,1642,382,381.9999999999997
3,1643,382,381.9999999999997
3,1644,382,381.9999999999997
3,1645,382,381.9999999999997
3,1646,382,381.9999999999997
3,1647,382,381.9999999999997
3,1648,382,381.9999999999997
3,1649,382,381.9999999999997
3,1650,382,381.9999999999997
3,1651,382,381.9999999999997
3,1652,382,381.9999999999997
3,1653,382,381.9999999999997
3,1654,382,381.9999999999997
3,1655,382,381.9999999999997
3,1656,382,381.9999999999997
3,1657,382,381.9999999999997
3,1658,382,381.9999999999997
3,1659,382,381.9999999999997
3,1660,382,381.9999999999997
3,1661,382,382.095238095238
3,1662,382,381.9523809523809
3,1663,382,381.5714285714284
3,1664,381,381.3809523809523
3,1665,381,381.47619047619037
3,1666,382,381.52380952380935
3,1667,382,381.6190476190475
3,1668,381,381.4285714285712
3,1669,381,381.0476190476188
3,1670,381,380.9047619047617
3,1671,381,380.9999999999999
3,1672,381,381.0952380952378
3,1673,381,380.95238095238085
3,1674,381,380.5714285714285
3,1675,380,380.38095238095224
3,1676,380,380.3809523809523
3,1677,381,380.57142857142856
3,1678,381,381.04761904761887
3,1679,381,381.04761904761887
3,1680,381,380.6666666666666
3,1681,380,380.33333333333314
3,1682,380,380.1428571428571
3,1683,380,379.8571428571428
3,1684,380,379.57142857142844
3,1685,379,379.38095238095224
3,1686,379,379.3809523809523
3,1687,380,379.57142857142844
3,1688,380,380.0476190476189
3,1689,380,380.14285714285694
3,1690,380,379.6190476190473
3,1691,379,378.99999999999983
3,1692,378,378.38095238095224
3,1693,378,377.9523809523808
3,1694,378,377.90476190476176
3,1695,378,377.9999999999999
3,1696,378,377.9999999999999
3,1697,378,378.1904761904761
3,1698,378,377.90476190476187
3,1699,378,377.142857142857
3,1700,376,376.7619047619048
3,1701,376,376.85714285714266
3,1702,378,377.0952380952379
3,1703,378,377.47619047619037
3,1704,377,377.57142857142844
3,1705,377,377.4761904761904
3,1706,378,377.5238095238093
3,1707,378,377.6190476190475
3,1708,377,377.4285714285713
3,1709,377,377.1428571428571
3,1710,377,376.8571428571427
3,1711,377,376.57142857142844
3,1712,376,376.3809523809523
3,1713,376,375.61904761904754
3,1714,377,376.95238095238096
3,1715,377,379.61904761904754
3,1716,385,382.5238095238094
3,1717,385,384.5714285714284
3,1718,385,386.2857142857141
3,1719,384,383.90476190476176
3,1720,384,381.1428571428571
3,1721,375,377.8571428571429
3,1722,375,374.99999999999994
3,1723,374,373.52380952380946
3,1724,374,374.47619047619025
3,1725,375,374.5238095238094
3,1726,375,374.6190476190476
3,1727,374,374.4285714285713
3,1728,374,374.04761904761904
3,1729,374,373.9047619047618
3,1730,374,373.99999999999994
3,1731,374,374.09523809523796
3,1732,374,373.95238095238096
3,1733,374,373.57142857142856
3,1734,373,373.38095238095235
3,1735,373,373.47619047619037
3,1736,374,373.5238095238094
3,1737,374,373.6190476190475
3,1738,373,373.42857142857133
3,1739,373,373.0476190476189
3,1740,373,372.9047619047618
3,1741,373,372.90476190476187
3,1742,373,373.0476190476189
3,1743,373,373.52380952380946
3,1744,374,373.5714285714285
3,1745,374,373.2857142857141
3,1746,372,372.76190476190465
3,1747,372,372.09523809523785
3,1748,372,371.80952380952374
3,1749,372,372.095238095238
3,1750,372,371.9523809523808
3,1751,372,371.57142857142844
3,1752,371,371.3809523809523
3,1753,371,371.38095238095224
3,1754,372,371.5714285714285
3,1755,372,371.95238095238074
3,1756,372,372.0952380952379
3,1757,372,371.9999999999999
3,1758,372,371.9999999999999
3,1759,372,371.9999999999999
3,1760,372,371.9999999999999
3,1761,372,371.9999999999999
3,1762,372,371.9999999999999
3,1763,372,371.9999999999999
3,1764,372,372.095238095238
3,1765,372,371.9523809523808
3,1766,372,371.6666666666665
3,1767,371,371.33333333333326
3,1768,371,371.047619047619
3,1769,371,370.90476190476176
3,1770,371,370.9999999999999
3,1771,371,370.9999999999999
3,1772,371,370.9999999999999
3,1773,371,370.9999999999999
3,1774,371,370.9999999999999
3,1775,371,370.9999999999999
3,1776,371,371.095238095238
3,1777,371,370.95238095238085
3,1778,371,370.57142857142844
3,1779,370,370.38095238095235
3,1780,370,370.38095238095235
3,1781,371,370.5714285714283
3,1782,371,370.95238095238074
3,1783,371,371.0
3,1784,371,371.0476190476189
3,1785,371,371.42857142857133
3,1786,372,371.6190476190475
3,1787,372,371.61904761904754
3,1788,371,371.42857142857144
3,1789,371,371.02857142857164
3,1790,371,370.85714285714266
3,1791,371,370.9999999999999
3,1792,372,371.6190476190475
3,1793,372,371.52380952380946
3,1794,371,371.4761904761903
3,1795,371,371.38095238095224
3,1796,372,371.5714285714285
3,1797,372,371.95238095238074
3,1798,372,372.0952380952379
3,1799,372,371.9999999999999
3,1800,372,371.9999999999999
3,1801,372,371.9999999999999
3,1802,372,371.90476190476187
3,1803,372,372.0476190476188
3,1804,372,372.3333333333332
3,1805,373,372.66666666666663
3,1806,373,373.04761904761904
3,1807,373,373.04761904761887
3,1808,373,372.57142857142856
3,1809,372,372.3809523809523
3,1810,372,372.3809523809523
3,1811,373,372.5714285714284
3,1812,373,372.95238095238085
3,1813,373,373.095238095238
3,1814,373,372.99999999999983
3,1815,373,372.99999999999983
3,1816,373,372.90476190476187
3,1817,373,373.0476190476189
3,1818,373,373.33333333333326
3,1819,374,373.66666666666663
3,1820,374,373.9523809523808
3,1821,374,374.09523809523813
3,1822,374,373.99999999999994
3,1823,374,373.9047619047618
3,1824,374,374.04761904761904
3,1825,374,374.3333333333332
3,1826,375,374.66666666666663
3,1827,375,374.9523809523808
3,1828,375,375.09523809523796
3,1829,375,374.99999999999983
3,1830,375,374.99999999999983
3,1831,375,374.99999999999983
3,1832,375,374.99999999999983
3,1833,375,374.99999999999983
3,1834,375,374.99999999999983
3,1835,375,374.99999999999983
3,1836,375,374.99999999999983
3,1837,375,374.90476190476187
3,1838,375,375.047619047619
3,1839,375,375.33333333333326
3,1840,376,375.6666666666666
3,1841,376,375.95238095238085
3,1842,376,376.09523809523796
3,1843,376,375.9999999999999
3,1844,376,375.9047619047618
3,1845,376,376.0476190476189
3,1846,376,376.33333333333326
3,1847,377,376.6666666666667
3,1848,377,376.9523809523808
3,1849,377,377.095238095238
3,1850,377,376.9999999999999
3,1851,377,376.9999999999999
3,1852,377,376.9999999999999
3,1853,377,376.9999999999999
3,1854,377,376.9999999999999
3,1855,377,376.9999999999999
3,1856,377,376.90476190476187
3,1857,377,377.04761904761915
3,1858,377,377.33333333333326
3,1859,378,377.6666666666665
3,1860,378,377.95238095238096
3,1861,378,378.09523809523796
3,1862,378,377.9999999999999
3,1863,378,377.90476190476176
3,1864,378,378.04761904761887
3,1865,378,378.33333333333326
3,1866,379,378.6666666666666
3,1867,379,378.95238095238085
3,1868,379,379.095238095238
3,1869,379,378.99999999999983
3,1870,379,378.99999999999983
3,1871,379,378.99999999999983
3,1872,379,378.99999999999983
3,1873,379,378.90476190476176
3,1874,379,379.047619047619
3,1875,379,379.33333333333314
3,1876,380,379.66666666666646
3,1877,380,379.9523809523808
3,1878,380,380.095238095238
3,1879,380,379.99999999999983
3,1880,380,379.99999999999983
3,1881,380,379.90476190476176
3,1882,380,380.047619047619
3,1883,380,380.52380952380935
3,1884,381,380.3809523809521
3,1885,381,380.3809523809523
3,1886,379,380.52380952380946
3,1887,381,380.3809523809523
3,1888,381,380.28571428571416
3,1889,380,380.5714285714284
3,1890,380,380.3809523809523
3,1891,381,380.57142857142856
3,1892,381,380.95238095238096
3,1893,381,381.09523809523796
3,1894,381,380.9999999999999
3,1895,381,380.9999999999999
3,1896,381,380.90476190476176
3,1897,381,381.0476190476189
3,1898,381,381.3333333333333
3,1899,382,381.6666666666666
3,1900,382,382.0476190476189
3,1901,382,382.0476190476189
3,1902,382,381.5714285714284
3,1903,381,381.3809523809523
3,1904,381,381.38095238095235
3,1905,382,381.5714285714285
3,1906,382,381.9523809523809
3,1907,382,382.09523809523796
3,1908,382,381.9999999999997
3,1909,382,381.90476190476176
3,1910,382,382.04761904761887
3,1911,382,382.42857142857133
3,1912,383,382.6190476190475
3,1913,383,382.61904761904736
3,1914,382,382.42857142857133
3,1915,382,382.0476190476189
3,1916,382,381.9047619047618
3,1917,382,381.9999999999997
3,1918,382,381.9999999999997
3,1919,382,381.9999999999997
3,1920,382,381.9999999999997
3,1921,382,381.9999999999997
3,1922,382,381.9999999999997
3,1923,382,381.9999999999997
3,1924,382,381.9999999999997
3,1925,382,381.9999999999997
3,1926,382,381.9999999999997
3,1927,382,381.9999999999997
3,1928,382,381.9999999999997
3,1929,382,381.9999999999997
3,1930,382,381.9999999999997
3,1931,382,381.9999999999997
3,1932,382,381.9999999999997
3,1933,382,381.9999999999997
3,1934,382,381.9999999999997
3,1935,382,381.9999999999997
3,1936,382,381.9999999999997
3,1937,382,381.9999999999997
3,1938,382,381.9999999999997
3,1939,382,381.9999999999997
3,1940,382,381.9999999999997
3,1941,382,381.9999999999997
3,1942,382,381.9999999999997
3,1943,382,381.9999999999997
3,1944,382,382.19047619047603
3,1945,382,381.9047619047618
3,1946,382,381.2380952380951
3,1947,380,380.71428571428555
3,1948,380,380.42857142857144
3,1949,381,380.47619047619037
3,1950,381,380.95238095238096
3,1951,381,381.09523809523796
3,1952,381,380.9999999999999
3,1953,381,381.0952380952378
3,1954,381,380.95238095238085
3,1955,381,380.5714285714285
3,1956,380,380.38095238095224
3,1957,380,380.3809523809523
3,1958,381,380.57142857142856
3,1959,381,381.04761904761887
3,1960,381,381.04761904761887
3,1961,381,380.6666666666666
3,1962,380,380.33333333333314
3,1963,380,380.1428571428571
3,1964,380,379.8571428571428
3,1965,380,379.76190476190476
3,1966,379,379.28571428571405
3,1967,379,378.52380952380946
3,1968,378,378.33333333333314
3,1969,378,378.8095238095237
3,1970,380,379.190476190476
3,1971,380,379.6666666666665
3,1972,379,379.47619047619037
3,1973,379,378.71428571428555
3,1974,378,378.238095238095
3,1975,378,378.04761904761887
3,1976,378,377.90476190476176
3,1977,378,377.9999999999999
3,1978,378,377.9999999999999
3,1979,378,377.9999999999999
3,1980,378,377.9999999999999
3,1981,378,377.9999999999999
3,1982,378,378.09523809523785
3,1983,378,377.9523809523808
3,1984,378,377.6666666666665
3,1985,377,377.33333333333326
3,1986,377,377.047619047619
3,1987,377,376.9047619047618
3,1988,377,377.1904761904761
3,1989,377,376.80952380952357
3,1990,377,376.38095238095235
3,1991,375,376.095238095238
3,1992,376,375.71428571428567
3,1993,376,375.52380952380935
3,1994,375,375.38095238095224
3,1995,375,374.61904761904754
3,1996,374,374.2857142857143
3,1997,374,374.47619047619025
3,1998,375,374.5238095238094
3,1999,375,374.6190476190476
3,2000,374,374.4285714285713
3,2001,374,374.14285714285717
3,2002,374,373.8571428571428
3,2003,374,373.57142857142856
3,2004,373,373.38095238095235
3,2005,373,373.47619047619037
3,2006,374,373.5238095238094
3,2007,374,373.6190476190475
3,2008,373,373.42857142857133
3,2009,373,373.14285714285717
3,2010,373,372.85714285714266
3,2011,373,372.6666666666665
3,2012,372,372.3333333333332
3,2013,372,372.0476190476189
3,2014,372,371.9047619047618
3,2015,372,371.9999999999999
3,2016,372,371.9999999999999
3,2017,372,371.9999999999999
3,2018,372,372.095238095238
3,2019,372,371.9523809523808
3,2020,372,371.4761904761905
3,2021,371,371.4285714285713
3,2022,371,371.90476190476187
3,2023,373,372.14285714285717
3,2024,373,372.14285714285705
3,2025,371,371.90476190476176
3,2026,371,371.52380952380946
3,2027,372,371.4285714285713
3,2028,372,371.61904761904754
3,2029,371,371.42857142857144
3,2030,371,371.047619047619
3,2031,371,370.90476190476176
3,2032,371,370.9999999999999
3,2033,371,370.9999999999999
3,2034,371,370.90476190476176
3,2035,371,371.14285714285705
3,2036,371,371.28571428571416
3,2037,372,371.33333333333314
3,2038,371,371.2857142857142
3,2039,371,371.142857142857
3,2040,371,370.90476190476176
3,2041,371,370.9999999999999
3,2042,371,370.9999999999999
3,2043,371,370.9999999999999
3,2044,371,370.9999999999999
3,2045,371,371.0000000000001
3,2046,371,370.99999999999983
3,2047,371,370.9999999999999
3,2048,371,370.95238095238085
3,2049,371,370.57142857142844
3,2050,370,370.38095238095235
3,2051,370,370.38095238095235
3,2052,371,370.5714285714283
3,2053,371,370.8571428571428
3,2054,371,371.14285714285705
3,2055,371,371.33333333333326
3,2056,372,371.66666666666646
3,2057,372,371.95238095238074
3,2058,372,372.0952380952379
3,2059,372,371.9999999999999
3,2060,372,371.9999999999999
3,2061,372,371.9999999999999
3,2062,372,371.9999999999999
3,2063,372,371.9999999999999
3,2064,372,371.9999999999999
3,2065,372,371.9999999999999
3,2066,372,371.80952380952374
3,2067,372,372.0952380952379
3,2068,372,372.7619047619046
3,2069,374,373.2857142857142
3,2070,374,373.57142857142844
3,2071,373,373.52380952380946
3,2072,373,373.0476190476189
3,2073,373,372.9047619047618
3,2074,373,372.90476190476187
3,2075,373,373.0476190476189
3,2076,373,373.33333333333326
3,2077,374,373.5714285714284
3,2078,374,373.99999999999994
3,2079,374,374.33333333333314
3,2080,375,374.7142857142855
3,2081,375,375.38095238095224
3,2082,376,375.7142857142856
3,2083,376,375.52380952380946
3,2084,375,375.47619047619037
3,2085,375,375.3809523809523
3,2086,376,375.5714285714284
3,2087,376,375.95238095238085
3,2088,376,376.09523809523796
3,2089,376,375.9999999999999
3,2090,376,375.9999999999999
3,2091,376,375.9047619047618
3,2092,376,376.0476190476189
3,2093,376,376.2380952380951
3,2094,377,376.71428571428555
3,2095,377,377.2857142857142
3,2096,378,377.7619047619047
3,2097,378,377.95238095238096
3,2098,378,378.09523809523796
3,2099,378,377.9999999999999
3,2100,378,377.80952380952374
3,2101,378,378.0952380952381
3,2102,378,378.6666666666666
3,2103,380,379.4285714285712
3,2104,380,379.95238095238074
3,2105,380,379.8095238095237
3,2106,379,378.90476190476176
3,2107,378,378.42857142857133
3,2108,378,378.19047619047603
3,2109,379,378.6190476190475
3,2110,379,379.38095238095224
3,2111,380,379.7142857142855
3,2112,380,379.52380952380935
3,2113,379,379.4761904761903
3,2114,379,379.3809523809523
3,2115,380,379.57142857142844
3,2116,380,379.9523809523808
3,2117,380,380.095238095238
3,2118,380,379.90476190476176
3,2119,380,380.047619047619
3,2120,380,380.33333333333326
3,2121,381,380.6666666666666
3,2122,381,380.95238095238096
3,2123,381,380.2380952380951
3,2124,381,381.4285714285714
3,2125,381,383.9999999999999
3,2126,390,386.90476190476176
3,2127,390,389.6190476190473
3,2128,390,392.1428571428571
3,2129,391,390.19047619047603
3,2130,391,387.52380952380935
3,2131,381,384.47619047619037
3,2132,381,381.8095238095237
3,2133,382,380.7142857142857
3,2134,382,381.9523809523809
3,2135,382,382.09523809523796
3,2136,382,381.9999999999997
3,2137,382,381.9999999999997
3,2138,382,381.9999999999997
3,2139,382,381.9999999999997
3,2140,382,381.9999999999997
3,2141,382,381.9999999999997
3,2142,382,381.9999999999997
3,2143,382,381.90476190476176
3,2144,382,382.04761904761887
3,2145,382,382.42857142857133
3,2146,383,382.6190476190475
3,2147,383,382.61904761904736
3,2148,382,382.42857142857133
3,2149,382,382.0476190476189
3,2150,382,381.9047619047618
3,2151,382,381.9999999999997
3,2152,382,381.9999999999997
3,2153,382,381.9999999999997
3,2154,382,381.9999999999997
3,2155,382,381.9999999999997
3,2156,382,381.9999999999997
3,2157,382,381.9999999999997
3,2158,382,381.9999999999997
3,2159,382,381.9999999999997
3,2160,382,381.9999999999997
3,2161,382,381.9999999999997
3,2162,382,381.9999999999997
3,2163,382,381.9999999999997
3,2164,382,381.9999999999997
3,2165,382,381.9999999999997
3,2166,382,381.9999999999997
3,2167,382,381.9999999999997
3,2168,382,381.9999999999997
3,2169,382,381.9999999999997
3,2170,382,381.9999999999997
3,2171,382,382.095238095238
3,2172,382,381.9523809523809
3,2173,382,381.5714285714284
3,2174,381,381.3809523809523
3,2175,381,381.38095238095235
3,2176,382,381.5714285714285
3,2177,382,382.0476190476189
3,2178,382,382.0476190476189
3,2179,382,381.6666666666664
3,2180,381,381.33333333333314
3,2181,381,381.1428571428572
3,2182,381,380.85714285714283
3,2183,381,380.5714285714285
3,2184,380,380.38095238095224
3,2185,380,380.47619047619037
3,2186,381,380.52380952380946
3,2187,381,380.52380952380946
3,2188,380,380.4761904761903
3,2189,380,380.5714285714285
3,2190,381,380.4761904761903
3,2191,381,380.19047619047603
3,2192,379,379.8095238095237
3,2193,379,379.42857142857144
3,2194,380,379.47619047619025
3,2195,380,380.0476190476189
3,2196,380,379.9523809523808
3,2197,380,379.71428571428555
3,2198,379,379.85714285714266
3,2199,380,379.6190476190474
3,2200,380,379.09523809523796
3,2201,378,378.8095238095237
3,2202,378,378.52380952380935
3,2203,379,378.4285714285714
3,2204,379,378.6190476190474
3,2205,378,378.4285714285712
3,2206,378,378.142857142857
3,2207,378,377.8571428571427
3,2208,378,377.57142857142827
3,2209,377,377.3809523809523
3,2210,377,377.5714285714283
3,2211,378,377.47619047619037
3,2212,378,377.2857142857142
3,2213,376,376.76190476190465
3,2214,376,376.19047619047615
3,2215,376,375.6666666666666
3,2216,376,375.71428571428567
3,2217,375,375.76190476190476
3,2218,376,375.6666666666665
3,2219,376,375.52380952380946
3,2220,375,375.4285714285712
3,2221,375,375.14285714285705
3,2222,375,374.8571428571428
3,2223,375,374.57142857142856
3,2224,374,374.38095238095224
3,2225,374,374.38095238095224
3,2226,375,374.5714285714285
3,2227,375,374.9523809523808
3,2228,375,375.09523809523796
3,2229,375,375.0952380952379
3,2230,375,374.95238095238085
3,2231,375,374.6666666666665
3,2232,374,374.3333333333332
3,2233,374,374.04761904761904
3,2234,374,373.9047619047618
3,2235,374,373.99999999999994
3,2236,374,374.09523809523796
3,2237,374,373.95238095238096
3,2238,374,373.66666666666663
3,2239,373,373.33333333333326
3,2240,373,373.14285714285717
3,2241,373,372.85714285714266
3,2242,373,372.57142857142856
3,2243,372,372.3809523809523
3,2244,372,372.47619047619025
3,2245,373,372.5238095238094
3,2246,373,372.4285714285713
3,2247,372,372.51428571428585
3,2248,372,372.54285714285703
3,2249,374,373.94999999999993
