channel,index,raw,filtered
1,0,373,373.95238095238085
1,1,373,372.66666666666663
1,2,373,372.9999999999998
1,3,373,374.9047619047618
1,4,379,377.0476190476189
1,5,379,379.0476190476189
1,6,380,380.2380952380951
1,7,380,380.0476190476189
1,8,380,380.047619047619
1,9,380,379.85714285714283
1,10,379,379.2380952380952
1,11,379,378.3809523809524
1,12,377,377.57142857142844
1,13,377,377.0952380952379
1,14,377,377.0952380952379
1,15,377,376.8571428571427
1,16,377,375.52380952380946
1,17,374,375.23809523809524
1,18,374,376.0952380952381
1,19,379,376.90476190476187
1,20,379,377.38095238095224
1,21,376,377.66666666666646
1,22,376,377.57142857142844
1,23,380,378.33333333333326
1,24,380,379.38095238095224
1,25,379,379.76190476190476
1,26,379,379.3809523809523
1,27,380,379.57142857142844
1,28,380,379.9523809523808
1,29,380,380.095238095238
1,30,380,379.99999999999983
1,31,380,379.99999999999983
1,32,380,379.99999999999983
1,33,380,380.09523809523813
1,34,380,379.9523809523809
1,35,380,379.57142857142844
1,36,379,379.38095238095224
1,37,379,379.66666666666646
1,38,380,379.42857142857133
1,39,380,378.8571428571426
1,40,377,378.14285714285705
1,41,377,377.6666666666665
1,42,378,377.2857142857141
1,43,378,377.3809523809524
1,44,376,376.7142857142855
1,45,376,375.7619047619047
1,46,375,375.142857142857
1,47,375,375.23809523809507
1,48,375,374.8095238095237
1,49,375,374.3333333333332
1,50,373,373.7619047619046
1,51,373,373.04761904761887
1,52,373,372.4761904761904
1,53,372,372.3333333333332
1,54,372,371.95238095238085
1,55,372,371.9523809523808
1,56,372,372.4285714285713
1,57,373,372.61904761904754
1,58,373,372.5238095238095
1,59,372,372.47619047619037
1,60,372,372.2857142857141
1,61,373,372.6190476190475
1,62,373,373.095238095238
1,63,374,373.8571428571427
1,64,374,374.3333333333332
1,65,376,375.5714285714284
1,66,376,376.9999999999998
1,67,379,378.14285714285717
1,68,379,378.3333333333333
1,69,378,378.7142857142855
1,70,378,378.7142857142857
1,71,380,379.2380952380951
1,72,380,379.9999999999999
1,73,380,380.14285714285705
1,74,380,379.9523809523808
1,75,379,379.19047619047615
1,76,379,378.0476190476189
1,77,376,377.1904761904762
1,78,376,375.99999999999994
1,79,376,374.71428571428555
1,80,373,373.99999999999994
1,81,373,373.23809523809507
1,82,373,372.66666666666663
1,83,373,372.6666666666665
1,84,372,372.3333333333332
1,85,372,371.95238095238085
1,86,372,371.9523809523808
1,87,372,372.3333333333332
1,88,373,372.66666666666663
1,89,373,372.8571428571429
1,90,373,373.14285714285705
1,91,373,373.1428571428571
1,92,374,373.76190476190465
1,93,374,374.6190476190476
1,94,376,375.2380952380951
1,95,376,375.9999999999999
1,96,376,376.76190476190476
1,97,378,377.38095238095224
1,98,378,378.14285714285694
1,99,379,378.90476190476187
1,100,379,379.38095238095224
1,101,380,379.7142857142855
1,102,380,379.7142857142858
1,103,379,379.38095238095235
1,104,379,378.80952380952374
1,105,378,378.19047619047603
1,106,378,377.9047619047617
1,107,377,377.142857142857
1,108,377,376.57142857142844
1,109,375,375.4761904761903
1,110,375,374.3333333333332
1,111,373,373.52380952380946
1,112,373,373.61904761904754
1,113,374,373.47619047619037
1,114,374,373.2380952380951
1,115,372,372.3333333333332
1,116,371,371.4761904761903
1,117,371,371.0952380952381
1,118,372,371.6190476190475
1,119,372,372.0952380952379
1,120,373,372.8571428571427
1,121,373,373.6190476190474
1,122,375,374.4285714285713
1,123,375,374.90476190476176
1,124,375,374.9999999999999
1,125,375,375.0952380952381
1,126,375,375.8571428571427
1,127,377,376.2380952380951
1,128,377,376.1428571428571
1,129,375,375.90476190476187
1,130,375,375.33333333333326
1,131,376,375.5238095238094
1,132,376,376.095238095238
1,133,377,376.8571428571427
1,134,377,377.7142857142855
1,135,379,378.3809523809522
1,136,379,378.76190476190465
1,137,378,378.42857142857133
1,138,378,377.57142857142844
1,139,376,376.6666666666666
1,140,376,375.3333333333332
1,141,374,373.80952380952357
1,142,372,372.76190476190465
1,143,372,371.9047619047618
1,144,372,371.80952380952374
1,145,372,371.90476190476187
1,146,372,372.0476190476188
1,147,372,372.2380952380952
1,148,373,372.7142857142856
1,149,373,373.19047619047615
1,150,374,373.80952380952357
1,151,374,374.0952380952379
1,152,375,374.8571428571426
1,153,375,375.52380952380935
1,154,377,376.4761904761904
1,155,377,377.238095238095
1,156,378,377.8571428571428
1,157,378,377.66666666666646
1,158,378,378.2380952380952
1,159,378,379.09523809523796
1,160,381,379.95238095238074
1,161,381,380.6190476190476
1,162,380,380.5714285714283
1,163,380,379.7142857142856
1,164,379,379.4285714285714
1,165,379,378.95238095238085
1,166,379,378.2380952380951
1,167,377,377.6666666666665
1,168,377,377.2857142857143
1,169,377,376.71428571428544
1,170,377,376.33333333333326
1,171,375,375.6666666666666
1,172,375,375.2857142857141
1,173,375,374.7142857142855
1,174,375,374.4285714285712
1,175,373,373.61904761904754
1,176,373,372.6666666666666
1,177,372,372.19047619047615
1,178,372,372.47619047619025
1,179,373,372.5238095238094
1,180,373,372.3333333333331
1,181,372,372.57142857142856
1,182,372,372.95238095238085
1,183,375,373.95238095238096
1,184,375,374.99999999999994
1,185,376,376.04761904761904
1,186,376,376.6190476190475
1,187,378,377.2380952380951
1,188,378,377.99999999999983
1,189,378,378.8571428571428
1,190,380,379.33333333333326
1,191,380,379.9999999999999
1,192,380,380.14285714285705
1,193,380,379.76190476190476
1,194,379,379.28571428571405
1,195,379,378.71428571428555
1,196,378,378.238095238095
1,197,378,378.238095238095
1,198,378,377.80952380952374
1,199,378,377.52380952380935
1,200,376,376.57142857142844
1,201,376,375.5238095238094
1,202,374,374.42857142857133
1,203,374,373.76190476190476
1,204,373,373.1428571428571
1,205,373,373.0476190476189
1,206,373,372.99999999999994
1,207,373,372.95238095238096
1,208,373,372.57142857142856
1,209,372,372.3809523809523
1,210,372,372.2857142857141
1,211,373,372.6190476190475
1,212,373,372.9999999999999
1,213,374,373.9047619047618
1,214,374,374.8571428571427
1,215,377,376.14285714285705
1,216,377,376.99999999999994
1,217,378,378.0476190476188
1,218,378,378.71428571428555
1,219,380,379.3809523809523
1,220,380,379.5714285714283
1,221,379,379.52380952380946
1,222,379,379.14285714285705
1,223,379,378.95238095238085
1,224,379,378.6190476190474
1,225,378,378.09523809523796
1,226,377,377.33333333333326
1,227,377,376.71428571428555
1,228,376,376.1904761904761
1,229,376,375.8095238095237
1,230,375,375.19047619047603
1,231,375,374.80952380952374
1,232,374,374.1904761904761
1,233,374,373.80952380952357
1,234,373,373.19047619047615
1,235,373,372.7142857142856
1,236,372,372.2380952380952
1,237,372,371.95238095238085
1,238,372,371.9523809523808
1,239,372,372.2380952380952
1,240,373,372.7142857142856
1,241,373,373.19047619047615
1,242,374,373.6190476190475
1,243,374,374.38095238095224
1,244,375,375.4285714285712
1,245,377,376.2857142857143
1,246,377,376.8095238095237
1,247,377,377.2857142857143
1,248,377,377.57142857142827
1,249,379,378.38095238095224
1,250,379,379.2380952380951
1,251,380,379.8571428571427
1,252,380,379.9523809523808
1,253,380,380.1428571428572
1,254,380,379.99999999999994
1,255,380,379.99999999999994
1,256,380,378.47619047619037
1,257,379,379.14285714285705
1,258,379,378.95238095238096
1,259,377,377.4761904761904
1,260,377,376.52380952380946
1,261,375,375.4285714285713
1,262,375,374.8571428571427
1,263,374,374.09523809523796
1,264,374,373.80952380952357
1,265,373,373.19047619047615
1,266,373,372.61904761904754
1,267,372,372.2857142857143
1,268,372,372.3809523809523
1,269,373,372.4761904761905
1,270,373,372.99999999999994
1,271,373,373.2380952380951
1,272,374,373.76190476190465
1,273,374,374.5238095238094
1,274,376,375.4761904761903
1,275,376,376.14285714285705
1,276,377,376.9047619047618
1,277,377,377.1904761904759
1,278,378,377.8095238095237
1,279,378,378.190476190476
1,280,379,378.8095238095237
1,281,379,379.2857142857143
1,282,380,379.76190476190465
1,283,380,380.0476190476189
1,284,380,380.047619047619
1,285,380,379.6666666666664
1,286,379,379.33333333333314
1,287,379,379.2380952380951
1,288,379,378.80952380952385
1,289,379,378.52380952380946
1,290,377,377.57142857142844
1,291,377,376.61904761904754
1,292,375,375.3809523809523
1,293,375,374.5238095238094
1,294,373,373.4285714285714
1,295,373,372.76190476190476
1,296,372,372.14285714285717
1,297,372,372.0476190476189
1,298,372,371.8095238095238
1,299,372,372.0476190476188
1,300,372,372.2380952380952
1,301,373,372.7142857142856
1,302,373,373.095238095238
1,303,374,373.8571428571427
1,304,374,374.42857142857133
1,305,376,375.5238095238094
1,306,376,376.5714285714283
1,307,378,377.52380952380946
1,308,378,377.71428571428555
1,309,378,378.2857142857142
1,310,378,378.6666666666666
1,311,380,379.33333333333326
1,312,380,379.90476190476187
1,313,380,380.19047619047615
1,314,380,380.09523809523813
1,315,380,379.9523809523809
1,316,380,379.6666666666664
1,317,379,379.52380952380946
1,318,379,378.95238095238085
1,319,379,378.3333333333332
1,320,377,377.6190476190474
1,321,377,377.04761904761887
1,322,376,375.99999999999994
1,323,376,375.047619047619
1,324,373,373.90476190476187
1,325,373,373.23809523809507
1,326,373,372.66666666666663
1,327,373,372.6666666666665
1,328,372,372.3333333333332
1,329,372,371.8571428571427
1,330,372,371.99999999999983
1,331,372,372.47619047619025
1,332,374,373.42857142857133
1,333,374,374.5714285714284
1,334,376,375.5238095238093
1,335,376,375.9047619047619
1,336,376,376.0
1,337,376,376.0952380952381
1,338,376,376.4761904761903
1,339,378,377.4285714285713
1,340,378,378.57142857142844
1,341,380,379.5238095238094
1,342,380,379.90476190476187
1,343,380,380.19047619047615
1,344,380,379.99999999999983
1,345,380,379.99999999999983
1,346,380,380.28571428571416
1,347,380,380.0476190476188
1,348,380,378.90476190476187
1,349,377,377.4285714285714
1,350,375,375.7619047619047
1,351,375,374.66666666666634
1,352,374,374.0476190476188
1,353,374,373.28571428571416
1,354,372,372.6190476190475
1,355,372,372.5238095238095
1,356,373,372.4285714285713
1,357,373,372.5238095238095
1,358,372,372.47619047619037
1,359,372,372.2857142857141
1,360,373,372.6190476190475
1,361,373,373.2857142857142
1,362,374,373.76190476190465
1,363,374,373.85714285714283
1,364,374,374.14285714285705
1,365,374,374.1428571428571
1,366,375,374.7619047619047
1,367,375,375.61904761904754
1,368,377,376.4285714285714
1,369,377,376.71428571428567
1,370,377,377.1904761904762
1,371,377,377.71428571428567
1,372,379,378.7619047619047
1,373,380,379.52380952380946
1,374,380,379.71428571428567
1,375,379,379.4761904761903
1,376,379,379.66666666666646
1,377,380,379.42857142857133
1,378,380,378.8571428571426
1,379,377,378.14285714285705
1,380,377,377.76190476190465
1,381,378,377.2380952380952
1,382,378,377.0476190476189
1,383,375,376.0476190476189
1,384,375,374.80952380952357
1,385,374,374.0476190476189
1,386,374,374.2380952380952
1,387,374,373.80952380952374
1,388,374,373.3333333333333
1,389,372,372.6666666666666
1,390,372,372.09523809523785
1,391,372,371.80952380952374
1,392,372,371.9999999999999
1,393,372,371.90476190476187
1,394,372,372.0476190476188
1,395,372,372.2380952380952
1,396,373,372.7142857142856
1,397,373,373.19047619047615
1,398,374,373.80952380952357
1,399,374,374.1904761904761
1,400,375,374.8095238095237
1,401,375,375.2857142857141
1,402,376,375.7619047619047
1,403,376,375.95238095238085
1,404,376,376.09523809523796
1,405,376,375.9999999999999
1,406,376,375.9999999999999
1,407,376,375.9999999999999
1,408,376,375.9999999999999
1,409,376,376.0952380952381
1,410,376,375.95238095238085
1,411,376,375.6666666666665
1,412,375,375.5238095238094
1,413,375,374.95238095238096
1,414,375,374.33333333333314
1,415,373,373.61904761904754
1,416,373,372.76190476190476
1,417,372,372.14285714285717
1,418,372,371.95238095238085
1,419,372,371.9523809523808
1,420,372,372.1428571428571
1,421,373,372.7619047619046
1,422,373,373.42857142857133
1,423,375,374.52380952380935
1,424,375,375.2857142857143
1,425,377,376.6666666666665
1,426,377,377.90476190476176
1,427,380,379.19047619047603
1,428,380,379.7619047619046
1,429,380,380.33333333333326
1,430,380,380.33333333333326
1,431,381,380.6666666666666
1,432,381,380.95238095238096
1,433,381,381.09523809523796
1,434,381,380.9999999999999
1,435,381,381.0952380952378
1,436,381,380.95238095238085
1,437,381,380.7619047619047
1,438,380,380.28571428571416
1,439,380,379.8095238095237
1,440,379,379.1904761904761
1,441,379,378.90476190476187
1,442,378,378.14285714285705
1,443,378,377.57142857142844
1,444,376,376.47619047619037
1,445,376,375.5238095238094
1,446,374,374.42857142857133
1,447,374,373.8571428571427
1,448,373,373.0952380952379
1,449,373,372.61904761904754
1,450,372,372.2857142857143
1,451,372,372.2857142857141
1,452,373,372.6190476190475
1,453,373,373.19047619047615
1,454,374,373.6190476190475
1,455,374,374.38095238095224
1,456,375,375.238095238095
1,457,377,376.38095238095224
1,458,377,377.66666666666663
1,459,379,378.5238095238094
1,460,379,378.9047619047619
1,461,379,379.19047619047603
1,462,379,378.99999999999983
1,463,379,378.99999999999983
1,464,379,378.99999999999983
1,465,379,378.99999999999983
1,466,379,379.190476190476
1,467,379,378.90476190476187
1,468,379,378.4285714285712
1,469,377,377.6190476190474
1,470,377,376.95238095238096
1,471,376,376.0476190476189
1,472,376,375.4761904761903
1,473,374,374.61904761904754
1,474,374,373.7142857142856
1,475,373,372.9047619047618
1,476,372,372.3333333333332
1,477,372,371.5238095238094
1,478,371,371.28571428571416
1,479,371,371.28571428571416
1,480,372,371.6190476190475
1,481,372,371.99999999999983
1,482,373,372.9047619047618
1,483,373,373.9523809523808
1,484,376,375.0952380952379
1,485,376,375.6666666666665
1,486,376,376.38095238095224
1,487,376,376.57142857142844
1,488,378,377.38095238095224
1,489,378,378.14285714285694
1,490,379,378.90476190476187
1,491,379,379.2857142857143
1,492,380,379.76190476190465
1,493,380,379.9523809523808
1,494,380,380.1904761904762
1,495,380,379.9523809523809
1,496,380,379.76190476190476
1,497,379,379.28571428571405
1,498,379,378.90476190476187
1,499,378,378.14285714285705
1,500,378,377.47619047619025
1,501,376,376.52380952380935
1,502,376,375.8571428571427
1,503,375,375.09523809523796
1,504,375,374.90476190476176
1,505,374,374.142857142857
1,506,374,373.47619047619037
1,507,372,372.5238095238094
1,508,372,371.76190476190465
1,509,371,371.08571428571423
1,510,371,371.02857142857124
1,511,371,371.05000000000007
1,512,371,372.99999999999983
1,513,372,372.2380952380952
1,514,373,372.19047619047615
1,515,373,373.2857142857142
1,516,374,373.80952380952357
1,517,374,374.1904761904761
1,518,375,374.8095238095237
1,519,375,375.190476190476
1,520,376,375.8095238095238
1,521,376,376.1904761904761
1,522,377,376.80952380952374
1,523,377,377.3809523809524
1,524,378,377.7142857142855
1,525,378,377.6190476190475
1,526,377,377.4285714285713
1,527,377,377.1428571428571
1,528,377,376.8571428571427
1,529,377,376.66666666666663
1,530,376,376.3333333333333
1,531,376,376.2380952380951
1,532,376,375.80952380952374
1,533,376,375.33333333333326
1,534,374,374.7619047619046
1,535,374,374.0476190476189
1,536,374,373.095238095238
1,537,373,373.5238095238096
1,538,373,374.38095238095235
1,539,377,375.5714285714285
1,540,377,376.8095238095238
1,541,377,377.3809523809523
1,542,377,376.90476190476187
1,543,377,377.04761904761915
1,544,377,377.2380952380951
1,545,378,377.7142857142856
1,546,378,378.09523809523796
1,547,379,378.8571428571428
1,548,379,379.61904761904754
1,549,381,380.42857142857144
1,550,381,380.9047619047618
1,551,381,381.1904761904761
1,552,381,381.19047619047603
1,553,381,381.09523809523796
1,554,381,380.2380952380952
1,555,379,379.095238095238
1,556,377,377.7142857142856
1,557,377,376.76190476190465
1,558,376,376.0476190476189
1,559,376,375.5714285714284
1,560,374,374.4761904761903
1,561,374,373.4285714285713
1,562,372,372.47619047619037
1,563,372,372.1904761904761
1,564,372,371.76190476190476
1,565,372,371.6666666666665
1,566,371,371.33333333333326
1,567,371,370.9523809523809
1,568,371,370.9523809523809
1,569,371,371.23809523809507
1,570,372,371.7142857142856
1,571,372,372.2857142857142
1,572,373,372.76190476190476
1,573,373,372.6666666666666
1,574,373,373.2380952380951
1,575,373,373.80952380952374
1,576,376,375.09523809523813
1,577,376,376.4285714285714
1,578,378,377.5714285714285
1,579,378,378.2857142857142
1,580,379,379.19047619047603
1,581,380,379.61904761904754
1,582,380,380.0476190476189
1,583,380,380.095238095238
1,584,380,380.09523809523813
1,585,380,379.9523809523809
1,586,380,379.6666666666664
1,587,379,379.33333333333314
1,588,379,379.04761904761887
1,589,379,378.90476190476176
1,590,379,379.190476190476
1,591,379,378.90476190476187
1,592,379,378.52380952380946
1,593,377,377.57142857142844
1,594,377,376.52380952380946
1,595,375,375.52380952380935
1,596,375,374.7142857142855
1,597,374,373.80952380952374
1,598,373,373.3809523809523
1,599,373,373.04761904761904
1,600,373,372.85714285714266
1,601,373,372.47619047619037
1,602,372,372.42857142857133
1,603,372,372.6190476190475
1,604,374,373.2857142857141
1,605,374,374.14285714285705
1,606,375,374.90476190476176
1,607,375,375.2857142857141
1,608,376,375.7619047619047
1,609,376,375.7619047619047
1,610,376,376.19047619047615
1,611,376,376.76190476190465
1,612,378,377.2857142857141
1,613,378,377.47619047619037
1,614,377,377.57142857142844
1,615,377,377.1904761904762
1,616,378,377.6666666666665
1,617,378,378.6190476190476
1,618,380,379.4285714285714
1,619,380,379.90476190476187
1,620,380,380.19047619047615
1,621,380,380.09523809523813
1,622,380,379.9523809523809
1,623,380,379.6666666666664
1,624,379,379.6190476190474
1,625,379,378.90476190476187
1,626,379,377.9999999999999
1,627,376,376.9523809523809
1,628,376,375.9999999999999
1,629,375,374.9523809523808
1,630,375,374.38095238095235
1,631,373,373.57142857142844
1,632,373,373.19047619047615
1,633,373,372.7619047619046
1,634,373,372.57142857142856
1,635,372,372.3809523809523
1,636,372,372.2857142857141
1,637,373,372.6190476190475
1,638,373,373.095238095238
1,639,374,373.8571428571427
1,640,374,374.42857142857133
1,641,376,375.5238095238094
1,642,376,376.6666666666666
1,643,378,377.47619047619025
1,644,378,377.3809523809521
1,645,377,377.61904761904754
1,646,377,377.6190476190474
1,647,379,378.3809523809522
1,648,379,379.19047619047603
1,649,380,379.52380952380946
1,650,379,379.2857142857143
1,651,379,379.238095238095
1,652,379,378.85714285714266
1,653,379,378.76190476190465
1,654,378,378.28571428571416
1,655,378,377.8095238095236
1,656,377,377.190476190476
1,657,377,376.8095238095236
1,658,376,376.1904761904761
1,659,376,375.8095238095237
1,660,375,375.19047619047603
1,661,375,374.90476190476176
1,662,374,374.142857142857
1,663,374,373.38095238095235
1,664,372,372.5714285714285
1,665,372,372.09523809523785
1,666,372,371.80952380952374
1,667,372,371.80952380952374
1,668,372,372.0952380952379
1,669,372,372.47619047619025
1,670,374,373.42857142857133
1,671,374,374.38095238095224
1,672,376,375.6190476190475
1,673,376,376.5714285714283
1,674,378,377.33333333333326
1,675,378,377.99999999999983
1,676,378,378.8571428571428
1,677,380,379.33333333333326
1,678,380,379.90476190476187
1,679,380,380.19047619047615
1,680,380,379.90476190476176
1,681,380,380.047619047619
1,682,380,380.52380952380935
1,683,381,380.5714285714285
1,684,381,380.2857142857141
1,685,379,379.7619047619048
1,686,379,379.38095238095224
1,687,379,378.6666666666666
1,688,379,378.0
1,689,376,376.99999999999994
1,690,376,376.33333333333314
1,691,376,375.61904761904736
1,692,376,375.42857142857133
1,693,374,374.6190476190474
1,694,374,373.76190476190476
1,695,373,373.1428571428571
1,696,373,373.14285714285717
1,697,373,372.76190476190476
1,698,373,372.7142857142856
1,699,372,372.47619047619037
1,700,373,372.8095238095237
1,701,373,373.2380952380952
1,702,375,374.5714285714284
1,703,375,375.9047619047618
1,704,378,377.19047619047603
1,705,378,377.7619047619046
1,706,378,378.3333333333331
1,707,378,378.23809523809507
1,708,379,378.71428571428555
1,709,379,379.2857142857143
1,710,380,379.76190476190465
1,711,380,380.0476190476189
1,712,380,380.047619047619
1,713,380,379.76190476190476
1,714,379,379.28571428571405
1,715,379,378.71428571428555
1,716,378,378.238095238095
1,717,378,378.3333333333332
1,718,378,377.76190476190465
1,719,378,377.0952380952379
1,720,375,375.9523809523809
1,721,375,374.9047619047617
1,722,374,373.99999999999994
1,723,374,373.7142857142856
1,724,373,373.1428571428571
1,725,373,373.095238095238
1,726,373,373.142857142857
1,727,374,373.71428571428555
1,728,374,374.1904761904761
1,729,375,374.8095238095237
1,730,375,375.0952380952379
1,731,376,375.85714285714266
1,732,376,376.52380952380935
1,733,378,377.47619047619037
1,734,378,378.14285714285694
1,735,379,378.90476190476187
1,736,379,379.2857142857143
1,737,380,379.76190476190465
1,738,380,379.9523809523808
1,739,380,379.99999999999983
1,740,380,380.047619047619
1,741,380,380.71428571428555
1,742,381,380.4761904761904
1,743,381,379.61904761904754
1,744,377,378.33333333333314
1,745,377,377.23809523809507
1,746,377,377.0476190476189
1,747,378,377.6190476190474
1,748,378,377.90476190476176
1,749,377,377.28571428571416
1,750,377,376.0476190476189
1,751,374,374.99999999999994
1,752,374,374.0952380952379
1,753,374,373.3809523809523
1,754,373,373.33333333333326
1,755,373,372.76190476190476
1,756,373,373.04761904761904
1,757,373,373.99999999999983
1,758,376,374.9999999999999
1,759,376,375.5714285714284
1,760,376,376.42857142857133
1,761,376,377.0952380952381
1,762,379,377.9523809523808
1,763,379,378.3333333333333
1,764,378,378.7142857142855
1,765,378,378.54285714285743
1,766,380,379.11428571428553
1,767,380,380.19999999999993
1,768,380,378.6190476190475
1,769,380,379.9047619047618
1,770,380,380.3809523809523
1,771,380,380.09523809523813
1,772,380,379.9523809523809
1,773,380,379.76190476190476
1,774,379,379.28571428571405
1,775,379,378.90476190476187
1,776,378,378.2380952380951
1,777,378,377.33333333333314
1,778,376,376.42857142857133
1,779,375,375.3333333333331
1,780,375,374.0952380952379
1,781,373,373.6190476190474
1,782,373,373.52380952380946
1,783,374,373.4285714285713
1,784,374,373.6190476190475
1,785,373,373.42857142857133
1,786,373,372.85714285714266
1,787,373,372.99999999999994
1,788,373,373.5714285714285
1,789,375,374.3809523809524
1,790,375,375.0476190476189
1,791,376,375.95238095238085
1,792,376,376.52380952380935
1,793,378,377.47619047619037
1,794,378,378.14285714285694
1,795,379,378.90476190476187
1,796,379,379.1904761904761
1,797,380,379.9047619047617
1,798,380,380.2380952380951
1,799,381,380.4285714285713
1,800,380,380.28571428571416
1,801,380,380.238095238095
1,802,380,379.8571428571428
1,803,380,379.85714285714283
1,804,379,379.2380952380952
1,805,379,378.4761904761905
1,806,377,377.52380952380946
1,807,377,376.8571428571428
1,808,376,376.0952380952379
1,809,376,375.71428571428555
1,810,375,375.2380952380953
1,811,375,375.14285714285705
1,812,375,374.8571428571428
1,813,375,374.6666666666665
1,814,374,374.3333333333332
1,815,374,374.14285714285717
1,816,374,373.8571428571428
1,817,374,373.66666666666663
1,818,373,373.1428571428571
1,819,373,373.1428571428571
1,820,373,373.57142857142856
1,821,375,374.33333333333326
1,822,375,374.7142857142856
1,823,375,375.2857142857141
1,824,375,375.5714285714284
1,825,377,376.38095238095235
1,826,377,377.0476190476189
1,827,378,377.95238095238085
1,828,378,378.52380952380935
1,829,380,379.4761904761904
1,830,380,380.33333333333314
1,831,381,380.80952380952374
1,832,381,380.6190476190474
1,833,380,380.4285714285713
1,834,380,380.1428571428571
1,835,380,379.95238095238085
1,836,380,379.6190476190473
1,837,379,379.1904761904761
1,838,378,378.2857142857142
1,839,378,377.2857142857143
1,840,376,376.57142857142856
1,841,376,376.38095238095235
1,842,376,375.6666666666666
1,843,376,374.90476190476187
1,844,373,374.0476190476189
1,845,373,373.5714285714285
1,846,374,373.3333333333333
1,847,374,373.6190476190475
1,848,373,373.42857142857133
1,849,373,372.9523809523809
1,850,373,372.95238095238096
1,851,373,373.33333333333326
1,852,374,373.66666666666663
1,853,374,373.85714285714283
1,854,374,374.14285714285705
1,855,374,374.23809523809507
1,856,375,374.7142857142855
1,857,375,375.0952380952379
1,858,376,375.85714285714266
1,859,376,376.52380952380935
1,860,378,377.47619047619037
1,861,378,378.23809523809507
1,862,379,378.7619047619048
1,863,379,378.9999999999999
1,864,379,379.52380952380935
1,865,380,379.6190476190474
1,866,380,379.61904761904754
1,867,379,379.4285714285713
1,868,379,379.14285714285705
1,869,379,378.85714285714266
1,870,379,378.76190476190465
1,871,378,378.28571428571416
1,872,378,377.9047619047617
1,873,377,377.142857142857
1,874,377,376.4761904761903
1,875,375,375.5238095238094
1,876,375,374.7619047619047
1,877,374,374.1428571428571
1,878,374,374.14285714285717
1,879,374,373.8571428571428
1,880,374,373.76190476190476
1,881,373,373.095238095238
1,882,373,372.8095238095238
1,883,372,372.9047619047617
1,884,374,373.38095238095224
1,885,374,373.6190476190474
1,886,374,374.2857142857141
1,887,374,374.6666666666665
1,888,376,375.33333333333326
1,889,376,375.71428571428567
1,890,376,376.2857142857142
1,891,376,376.57142857142844
1,892,378,377.38095238095224
1,893,378,378.14285714285694
1,894,379,378.90476190476187
1,895,379,379.1904761904761
1,896,380,379.8095238095238
1,897,380,380.4761904761904
1,898,381,380.6666666666666
1,899,381,380.19047619047603
1,900,379,379.8095238095237
1,901,379,379.6190476190474
1,902,380,379.4761904761903
1,903,380,379.2380952380952
1,904,378,378.52380952380946
1,905,377,377.3809523809522
1,906,377,376.6190476190475
1,907,376,376.1904761904761
1,908,376,375.90476190476187
1,909,375,375.142857142857
1,910,375,374.28571428571416
1,911,373,373.6190476190474
1,912,373,373.42857142857133
1,913,374,373.4761904761904
1,914,374,373.9523809523808
1,915,374,374.09523809523813
1,916,374,373.80952380952357
1,917,374,374.095238095238
1,918,374,374.6666666666665
1,919,376,375.33333333333326
1,920,376,375.61904761904736
1,921,376,376.33333333333326
1,922,376,376.90476190476187
1,923,379,377.9523809523807
1,924,379,379.2380952380952
1,925,380,380.1904761904761
1,926,381,380.66666666666663
1,927,381,381.4761904761902
1,928,382,381.7142857142856
1,929,382,381.6190476190475
1,930,381,381.4285714285712
1,931,381,381.1428571428572
1,932,381,380.85714285714283
1,933,381,380.8571428571428
1,934,380,380.2380952380953
1,935,380,379.4761904761904
1,936,378,378.5238095238094
1,937,378,378.0476190476189
1,938,377,376.99999999999994
1,939,377,376.14285714285694
1,940,374,374.8571428571428
1,941,374,373.71428571428555
1,942,373,373.09523809523785
1,943,373,373.47619047619037
1,944,374,373.5238095238094
1,945,374,373.3333333333332
1,946,373,373.57142857142844
1,947,373,374.0476190476189
1,948,376,374.90476190476187
1,949,376,375.8571428571427
1,950,376,376.28571428571416
1,951,376,375.6190476190476
1,952,376,375.9999999999999
1,953,376,377.4285714285714
1,954,380,379.42857142857133
1,955,382,381.09523809523796
1,956,382,381.95238095238085
1,957,381,381.52380952380946
1,958,381,381.1428571428572
1,959,381,380.85714285714283
1,960,381,380.8571428571428
1,961,380,380.2380952380953
1,962,380,379.57142857142844
1,963,378,378.47619047619037
1,964,378,377.6190476190475
1,965,376,376.38095238095224
1,966,376,375.3333333333332
1,967,374,374.52380952380935
1,968,374,374.5238095238095
1,969,375,374.42857142857133
1,970,375,374.6190476190476
1,971,374,374.4285714285713
1,972,374,374.04761904761904
1,973,374,373.9047619047618
1,974,374,373.99999999999994
1,975,374,373.80952380952357
1,976,374,374.095238095238
1,977,374,374.57142857142827
1,978,376,375.38095238095235
1,979,376,375.9523809523807
1,980,377,376.99999999999994
1,981,377,377.8571428571429
1,982,380,379.14285714285705
1,983,380,379.9999999999999
1,984,381,381.0476190476189
1,985,381,381.6190476190474
1,986,383,382.42857142857144
1,987,383,382.9999999999999
1,988,383,383.14285714285694
1,989,383,382.66666666666646
1,990,382,382.42857142857133
1,991,382,382.0
1,992,382,381.8571428571428
1,993,381,381.19047619047615
1,994,381,380.23809523809524
1,995,378,378.8095238095236
1,996,378,377.57142857142844
1,997,376,376.3333333333333
1,998,376,375.8571428571427
1,999,375,375.09523809523796
1,1000,375,374.80952380952374
1,1001,374,374.1904761904761
1,1002,374,373.61904761904754
1,1003,373,373.2857142857144
1,1004,373,373.28571428571416
1,1005,374,373.6190476190475
1,1006,374,374.0952380952379
1,1007,375,374.8571428571426
1,1008,375,375.42857142857133
1,1009,377,376.5238095238096
1,1010,377,377.38095238095224
1,1011,379,378.52380952380935
1,1012,379,379.61904761904754
1,1013,381,380.76190476190476
1,1014,382,381.6190476190475
1,1015,382,382.57142857142856
1,1016,383,382.7142857142856
1,1017,383,382.61904761904736
1,1018,382,382.42857142857133
1,1019,382,382.142857142857
1,1020,382,381.8571428571428
1,1021,382,381.74285714285736
1,1022,381,381.37142857142845
1,1023,381,380.8999999999999
1,1024,380,378.47619047619037
1,1025,380,378.99999999999994
1,1026,377,378.3333333333331
1,1027,377,376.9999999999999
1,1028,376,375.9523809523809
1,1029,376,375.4761904761903
1,1030,374,374.52380952380946
1,1031,374,373.66666666666663
1,1032,373,373.095238095238
1,1033,373,373.42857142857133
1,1034,374,373.7142857142855
1,1035,375,374.71428571428567
1,1036,375,375.6190476190476
1,1037,377,376.4761904761904
1,1038,377,376.95238095238085
1,1039,378,377.9999999999997
1,1040,378,379.04761904761904
1,1041,381,380.04761904761915
1,1042,381,380.3333333333332
1,1043,380,380.71428571428555
1,1044,380,380.6190476190476
1,1045,382,381.2857142857143
1,1046,382,382.33333333333314
1,1047,383,382.8095238095235
1,1048,383,382.7142857142856
1,1049,382,382.57142857142856
1,1050,382,381.61904761904754
1,1051,381,380.6666666666666
1,1052,379,379.6666666666664
1,1053,379,378.8571428571429
1,1054,378,378.0476190476188
1,1055,378,377.57142857142844
1,1056,376,376.47619047619037
1,1057,376,375.5238095238094
1,1058,374,374.42857142857133
1,1059,374,373.8571428571427
1,1060,373,373.0952380952379
1,1061,373,372.61904761904754
1,1062,372,372.2857142857143
1,1063,372,372.2857142857141
1,1064,373,372.6190476190475
1,1065,373,373.095238095238
1,1066,374,373.8571428571427
1,1067,374,374.42857142857133
1,1068,376,375.5238095238094
1,1069,376,376.38095238095224
1,1070,378,377.6190476190476
1,1071,378,378.57142857142844
1,1072,380,379.33333333333326
1,1073,380,379.9999999999998
1,1074,380,380.85714285714266
1,1075,382,381.3333333333332
1,1076,382,381.9047619047618
1,1077,382,382.1904761904761
1,1078,382,382.095238095238
1,1079,382,381.9523809523809
1,1080,382,381.9523809523808
1,1081,381,381.19047619047615
1,1082,381,380.047619047619
1,1083,378,378.90476190476187
1,1084,378,378.3333333333332
1,1085,378,377.6190476190475
1,1086,378,377.52380952380935
1,1087,376,376.57142857142844
1,1088,376,375.42857142857133
1,1089,374,374.47619047619037
1,1090,374,374.1904761904762
1,1091,374,373.7619047619046
1,1092,374,373.66666666666663
1,1093,373,373.1428571428571
1,1094,373,373.1428571428571
1,1095,373,373.57142857142856
1,1096,375,374.33333333333326
1,1097,375,374.7142857142856
1,1098,375,375.2857142857141
1,1099,375,375.5714285714284
1,1100,377,376.38095238095235
1,1101,377,377.0476190476189
1,1102,378,377.95238095238085
1,1103,378,378.52380952380935
1,1104,380,379.4761904761904
1,1105,380,380.047619047619
1,1106,381,380.95238095238085
1,1107,381,381.71428571428555
1,1108,383,382.3809523809522
1,1109,383,382.5714285714283
1,1110,382,382.6190476190475
1,1111,382,382.0
1,1112,382,381.7619047619047
1,1113,381,381.23809523809507
1,1114,381,380.5714285714285
1,1115,379,379.47619047619037
1,1116,379,378.52380952380935
1,1117,377,377.4285714285714
1,1118,377,377.04761904761887
1,1119,376,375.99999999999994
1,1120,376,375.047619047619
1,1121,373,373.90476190476187
1,1122,373,373.142857142857
1,1123,373,372.7142857142856
1,1124,373,372.99999999999983
1,1125,373,372.99999999999983
1,1126,373,372.8095238095237
1,1127,373,373.095238095238
1,1128,373,373.4761904761904
1,1129,375,374.4285714285713
1,1130,375,375.47619047619037
1,1131,377,376.5714285714285
1,1132,377,377.0476190476189
1,1133,378,377.7619047619047
1,1134,378,378.7142857142855
1,1135,380,379.99999999999983
1,1136,382,381.28571428571416
1,1137,382,382.4285714285714
1,1138,383,382.85714285714266
1,1139,383,382.95238095238074
1,1140,383,383.0952380952379
1,1141,383,383.095238095238
1,1142,383,382.9523809523809
1,1143,383,382.76190476190465
1,1144,382,382.2857142857142
1,1145,382,381.80952380952374
1,1146,381,381.190476190476
1,1147,381,380.9999999999999
1,1148,380,380.09523809523813
1,1149,380,379.047619047619
1,1150,377,377.9047619047618
1,1151,377,377.04761904761915
1,1152,377,376.76190476190465
1,1153,377,377.33333333333326
1,1154,378,377.76190476190465
1,1155,378,377.9047619047618
1,1156,378,377.85714285714266
1,1157,377,377.2857142857141
1,1158,377,376.61904761904765
1,1159,376,376.2857142857143
1,1160,376,376.3809523809523
1,1161,377,376.57142857142844
1,1162,377,376.66666666666663
1,1163,377,377.2380952380952
1,1164,377,377.80952380952374
1,1165,380,379.095238095238
1,1166,380,380.42857142857133
1,1167,382,381.66666666666646
1,1168,382,382.23809523809507
1,1169,383,382.85714285714266
1,1170,383,382.95238095238074
1,1171,383,383.0952380952379
1,1172,383,383.3809523809523
1,1173,383,382.71428571428555
1,1174,383,381.71428571428555
1,1175,379,380.95238095238085
1,1176,380,379.7142857142856
1,1177,380,378.66666666666663
1,1178,377,378.0476190476189
1,1179,377,376.90476190476187
1,1180,376,375.9999999999999
1,1181,376,375.90476190476187
1,1182,375,375.142857142857
1,1183,375,374.38095238095235
1,1184,373,373.57142857142844
1,1185,373,373.00000000000006
1,1186,373,372.8571428571427
1,1187,373,373.4285714285714
1,1188,374,373.6190476190475
1,1189,374,373.4285714285713
1,1190,373,373.33333333333326
1,1191,373,373.80952380952374
1,1192,375,374.61904761904754
1,1193,377,376.38095238095224
1,1194,377,377.99999999999983
1,1195,380,379.23809523809496
1,1196,380,380.09523809523796
1,1197,381,380.99999999999983
1,1198,381,381.2857142857141
1,1199,382,381.76190476190465
1,1200,382,381.9523809523809
1,1201,382,382.09523809523796
1,1202,382,382.095238095238
1,1203,382,381.9523809523809
1,1204,382,381.76190476190465
1,1205,381,381.2857142857142
1,1206,381,380.9047619047618
1,1207,380,380.14285714285705
1,1208,380,379.4761904761904
1,1209,378,378.5238095238094
1,1210,378,377.9523809523809
1,1211,377,377.0476190476189
1,1212,377,376.4761904761903
1,1213,375,375.6190476190474
1,1214,375,374.7142857142855
1,1215,374,373.80952380952374
1,1216,373,373.3809523809523
1,1217,373,372.76190476190453
1,1218,373,372.99999999999994
1,1219,373,373.38095238095235
1,1220,375,374.4761904761903
1,1221,375,375.9999999999998
1,1222,378,377.14285714285705
1,1223,378,377.33333333333326
1,1224,377,377.71428571428544
1,1225,377,377.6190476190474
1,1226,379,378.28571428571416
1,1227,379,379.0476190476188
1,1228,380,379.95238095238096
1,1229,380,380.52380952380946
1,1230,382,381.47619047619037
1,1231,382,382.23809523809507
1,1232,383,383.04761904761887
1,1233,383,382.85714285714266
1,1234,383,382.4285714285713
1,1235,381,381.6666666666665
1,1236,381,381.2857142857141
1,1237,381,380.71428571428567
1,1238,381,380.4285714285712
1,1239,379,379.6190476190475
1,1240,379,378.95238095238085
1,1241,378,378.0476190476188
1,1242,378,377.6666666666665
1,1243,376,376.4285714285713
1,1244,376,374.99999999999994
1,1245,373,373.8571428571427
1,1246,373,373.4761904761904
1,1247,374,373.38095238095224
1,1248,374,373.9523809523808
1,1249,374,374.09523809523813
1,1250,374,373.80952380952357
1,1251,374,374.095238095238
1,1252,374,374.57142857142827
1,1253,376,375.38095238095235
1,1254,376,376.14285714285705
1,1255,377,376.71428571428567
1,1256,377,377.3809523809522
1,1257,378,378.33333333333326
1,1258,380,379.33333333333326
1,1259,380,380.2380952380951
1,1260,381,380.9047619047618
1,1261,381,381.2857142857141
1,1262,382,381.76190476190465
1,1263,382,381.9523809523809
1,1264,382,382.09523809523796
1,1265,382,382.095238095238
1,1266,382,381.9523809523809
1,1267,382,381.76190476190465
1,1268,381,381.2857142857142
1,1269,381,380.80952380952374
1,1270,380,380.19047619047603
1,1271,380,380.0
1,1272,379,379.2857142857143
1,1273,379,377.95238095238085
1,1274,376,376.3333333333333
1,1275,374,374.7619047619047
1,1276,374,373.47619047619025
1,1277,373,373.0857142857144
1,1278,373,373.02857142857124
1,1279,373,373.04999999999995
1,1280,373,374.28571428571416
1,1281,374,373.9047619047619
1,1282,374,373.5714285714285
1,1283,374,374.14285714285705
1,1284,374,374.23809523809507
1,1285,375,374.7142857142855
1,1286,375,375.190476190476
1,1287,376,375.8095238095238
1,1288,376,375.9999999999999
1,1289,377,376.9047619047618
1,1290,377,377.95238095238085
1,1291,380,379.0952380952379
1,1292,380,379.8571428571428
1,1293,380,380.28571428571416
1,1294,380,380.1904761904761
1,1295,380,379.90476190476187
1,1296,380,379.33333333333326
1,1297,378,378.9523809523808
1,1298,378,377.95238095238085
1,1299,378,376.8095238095236
1,1300,375,375.99999999999994
1,1301,375,375.42857142857133
1,1302,375,374.5714285714286
1,1303,375,373.99999999999994
1,1304,372,372.99999999999994
1,1305,372,372.0476190476189
1,1306,372,371.7619047619047
1,1307,372,372.2380952380952
1,1308,373,372.7142857142856
1,1309,373,373.19047619047615
1,1310,374,373.80952380952357
1,1311,374,374.0952380952379
1,1312,375,374.8571428571426
1,1313,375,375.42857142857133
1,1314,377,376.5238095238096
1,1315,377,377.57142857142844
1,1316,379,378.4285714285714
1,1317,379,378.95238095238085
1,1318,379,379.4285714285715
1,1319,380,379.71428571428555
1,1320,380,380.19047619047603
1,1321,381,380.80952380952374
1,1322,381,381.3809523809523
1,1323,382,381.7142857142856
1,1324,382,381.6190476190475
1,1325,381,381.4285714285712
1,1326,381,381.1428571428572
1,1327,381,380.85714285714283
1,1328,381,380.7619047619047
1,1329,380,380.28571428571416
1,1330,380,379.9047619047617
1,1331,379,379.14285714285705
1,1332,379,378.57142857142844
1,1333,377,377.4761904761904
1,1334,377,376.61904761904754
1,1335,375,375.3809523809523
1,1336,375,374.4285714285714
1,1337,373,373.3809523809523
1,1338,373,373.142857142857
1,1339,373,373.047619047619
1,1340,374,373.71428571428555
1,1341,374,373.99999999999983
1,1342,375,374.9047619047617
1,1343,375,375.8571428571427
1,1344,378,377.14285714285705
1,1345,378,378.09523809523813
1,1346,379,378.99999999999983
1,1347,379,379.09523809523796
1,1348,380,379.8571428571428
1,1349,380,380.52380952380946
1,1350,382,381.47619047619037
1,1351,382,382.33333333333314
1,1352,383,382.8095238095235
1,1353,383,382.61904761904736
1,1354,382,382.42857142857133
1,1355,382,382.42857142857144
1,1356,382,381.71428571428555
1,1357,382,380.6666666666666
1,1358,378,379.3333333333333
1,1359,378,378.19047619047615
1,1360,378,377.7142857142856
1,1361,378,377.9523809523808
1,1362,378,377.9523809523807
1,1363,377,377.19047619047615
1,1364,377,376.0476190476189
1,1365,374,374.90476190476187
1,1366,374,374.23809523809507
1,1367,374,373.66666666666663
1,1368,374,373.57142857142856
1,1369,373,373.38095238095235
1,1370,373,373.19047619047603
1,1371,374,373.47619047619037
1,1372,374,374.7142857142856
1,1373,376,375.71428571428567
1,1374,378,377.4285714285712
1,1375,378,379.42857142857133
1,1376,382,380.85714285714283
1,1377,382,381.7142857142856
1,1378,382,382.4285714285713
1,1379,382,382.23809523809507
1,1380,383,382.71428571428555
1,1381,383,383.2857142857141
1,1382,384,383.76190476190476
1,1383,384,384.14285714285705
1,1384,384,383.9999999999998
1,1385,384,383.5238095238094
1,1386,382,382.5714285714285
1,1387,382,381.52380952380935
1,1388,380,380.4285714285712
1,1389,380,379.8571428571428
1,1390,379,379.09523809523796
1,1391,379,378.90476190476187
1,1392,378,378.14285714285705
1,1393,378,377.47619047619025
1,1394,376,376.61904761904736
1,1395,376,375.7142857142856
1,1396,375,374.9047619047617
1,1397,374,374.33333333333314
1,1398,374,373.5238095238094
1,1399,373,373.2857142857144
1,1400,373,373.19047619047603
1,1401,374,373.66666666666646
1,1402,374,374.5238095238094
1,1403,376,375.4761904761903
1,1404,376,376.0476190476189
1,1405,377,376.95238095238085
1,1406,377,377.8095238095237
1,1407,379,378.33333333333314
1,1408,379,378.04761904761887
1,1409,377,377.9523809523808
1,1410,377,377.76190476190476
1,1411,379,378.14285714285705
1,1412,379,378.9047619047619
1,1413,379,379.19047619047603
1,1414,379,379.095238095238
1,1415,379,378.952380952381
1,1416,379,378.8571428571428
1,1417,378,378.2380952380952
1,1418,378,377.47619047619025
1,1419,376,376.52380952380935
1,1420,376,375.8571428571427
1,1421,375,375.09523809523796
1,1422,375,374.71428571428567
1,1423,374,374.3333333333332
1,1424,374,373.9999999999998
1,1425,374,373.5714285714285
1,1426,373,373.33333333333326
1,1427,373,372.9523809523809
1,1428,373,372.95238095238096
1,1429,373,373.33333333333326
1,1430,374,373.66666666666663
1,1431,374,373.9523809523808
1,1432,374,374.09523809523813
1,1433,374,373.7142857142856
1,1434,374,374.14285714285705
1,1435,374,374.90476190476176
1,1436,377,376.047619047619
1,1437,377,377.0952380952379
1,1438,378,377.99999999999983
1,1439,378,378.190476190476
1,1440,379,378.8095238095237
1,1441,379,379.2857142857143
1,1442,380,379.76190476190465
1,1443,380,379.9523809523808
1,1444,380,380.1904761904762
1,1445,380,379.9523809523809
1,1446,380,379.76190476190476
1,1447,379,379.28571428571405
1,1448,379,378.71428571428555
1,1449,378,378.238095238095
1,1450,378,378.238095238095
1,1451,378,377.80952380952374
1,1452,378,377.4285714285712
1,1453,376,376.6190476190475
1,1454,376,375.8571428571427
1,1455,375,375.09523809523796
1,1456,375,374.80952380952374
1,1457,374,374.1904761904761
1,1458,374,373.7142857142856
1,1459,373,373.2380952380951
1,1460,373,373.0476190476189
1,1461,373,372.9047619047618
1,1462,373,372.90476190476187
1,1463,373,372.8571428571429
1,1464,373,373.4285714285714
1,1465,374,374.2380952380951
1,1466,376,375.3333333333332
1,1467,376,376.23809523809507
1,1468,377,376.9047619047618
1,1469,377,377.1904761904759
1,1470,378,377.8095238095237
1,1471,378,378.09523809523796
1,1472,379,378.8571428571428
1,1473,379,379.61904761904754
1,1474,381,380.42857142857144
1,1475,381,380.9047619047618
1,1476,381,381.1904761904761
1,1477,381,381.0952380952378
1,1478,381,380.95238095238085
1,1479,381,380.7619047619047
1,1480,380,380.28571428571416
1,1481,380,379.8095238095237
1,1482,379,379.1904761904761
1,1483,379,378.9999999999999
1,1484,378,378.09523809523796
1,1485,378,377.1428571428571
1,1486,375,375.8571428571427
1,1487,375,374.80952380952357
1,1488,374,374.0476190476189
1,1489,374,374.04761904761904
1,1490,374,373.9047619047618
1,1491,374,373.99999999999994
1,1492,374,373.99999999999994
1,1493,374,373.99999999999994
1,1494,374,373.80952380952357
1,1495,374,374.095238095238
1,1496,374,374.57142857142827
1,1497,376,375.38095238095235
1,1498,376,376.23809523809507
1,1499,377,376.8571428571428
1,1500,377,376.76190476190476
1,1501,377,377.1904761904761
1,1502,377,377.6666666666665
1,1503,379,378.33333333333326
1,1504,379,378.7142857142855
1,1505,379,379.28571428571416
1,1506,379,379.7619047619046
1,1507,381,380.3809523809523
1,1508,381,380.52380952380946
1,1509,380,380.19047619047603
1,1510,379,379.38095238095235
1,1511,379,378.9523809523809
1,1512,379,378.90476190476176
1,1513,379,379.28571428571433
1,1514,379,378.8571428571426
1,1515,379,378.19047619047603
1,1516,376,376.904761904762
1,1517,376,375.4761904761903
1,1518,374,374.38095238095207
1,1519,374,374.1904761904762
1,1520,374,373.7619047619046
1,1521,374,373.66666666666663
1,1522,373,373.33333333333326
1,1523,373,372.9523809523809
1,1524,373,372.95238095238096
1,1525,373,373.1428571428571
1,1526,374,373.76190476190465
1,1527,374,374.6190476190476
1,1528,376,375.2380952380951
1,1529,376,375.9999999999999
1,1530,376,376.76190476190476
1,1531,378,377.38095238095224
1,1532,378,378.14285714285694
1,1533,379,378.9142857142859
1,1534,379,379.2285714285713
1,1535,380,379.9
1,1536,380,378.6190476190475
1,1537,380,379.9047619047618
1,1538,380,380.2857142857143
1,1539,380,380.047619047619
1,1540,380,380.4285714285714
1,1541,381,380.6190476190476
1,1542,381,380.6190476190474
1,1543,380,380.4285714285713
1,1544,380,380.1428571428571
1,1545,380,379.8571428571428
1,1546,380,379.76190476190476
1,1547,379,379.28571428571405
1,1548,379,378.71428571428555
1,1549,378,378.238095238095
1,1550,378,378.04761904761887
1,1551,378,378.0
1,1552,378,377.9523809523808
1,1553,378,377.8571428571428
1,1554,377,377.2380952380953
1,1555,377,376.38095238095224
1,1556,375,375.57142857142844
1,1557,375,375.09523809523796
1,1558,375,374.9047619047617
1,1559,375,374.95238095238085
1,1560,375,374.0952380952379
1,1561,374,374.61904761904754
1,1562,374,376.0476190476189
1,1563,380,377.90476190476187
1,1564,380,379.7142857142856
1,1565,380,381.23809523809507
1,1566,380,379.6666666666666
1,1567,380,377.5714285714283
1,1568,373,375.38095238095235
1,1569,373,373.6666666666666
1,1570,374,372.99999999999983
1,1571,374,373.9523809523808
1,1572,374,374.09523809523813
1,1573,374,373.99999999999994
1,1574,374,373.99999999999994
1,1575,374,373.99999999999994
1,1576,374,373.9047619047618
1,1577,374,374.04761904761904
1,1578,374,374.3333333333332
1,1579,375,374.66666666666663
1,1580,375,374.9523809523808
1,1581,375,375.09523809523796
1,1582,375,374.90476190476187
1,1583,375,375.0000000000003
1,1584,375,375.2571428571428
1,1585,376,375.9499999999999
2,0,377,375.95238095238085
2,1,377,376.95238095238085
2,2,377,377.0
2,3,377,377.14285714285705
2,4,377,378.0
2,5,380,378.99999999999994
2,6,380,379.8571428571428
2,7,380,380.28571428571416
2,8,380,379.99999999999983
2,9,380,379.99999999999983
2,10,380,379.90476190476176
2,11,380,380.047619047619
2,12,380,380.4285714285714
2,13,381,380.6190476190476
2,14,381,380.6190476190474
2,15,380,380.33333333333326
2,16,380,380.09523809523785
2,17,380,380.2380952380952
2,18,381,380.6666666666666
2,19,381,381.04761904761887
2,20,381,381.04761904761887
2,21,381,380.5714285714285
2,22,380,380.38095238095224
2,23,380,380.3809523809523
2,24,381,380.57142857142856
2,25,381,380.95238095238096
2,26,381,381.09523809523796
2,27,381,381.0952380952378
2,28,381,380.95238095238085
2,29,381,380.5714285714285
2,30,380,380.38095238095224
2,31,380,380.3809523809523
2,32,381,380.66666666666646
2,33,381,380.9047619047619
2,34,381,380.8571428571428
2,35,380,380.28571428571416
2,36,380,379.8095238095237
2,37,379,379.1904761904761
2,38,379,378.71428571428555
2,39,378,378.238095238095
2,40,378,378.238095238095
2,41,378,377.80952380952374
2,42,378,377.4285714285712
2,43,376,376.6190476190475
2,44,376,375.95238095238096
2,45,375,375.0476190476188
2,46,375,374.38095238095235
2,47,373,373.57142857142844
2,48,373,373.095238095238
2,49,373,372.80952380952374
2,50,373,373.095238095238
2,51,373,372.76190476190476
2,52,373,372.76190476190465
2,53,372,372.99999999999994
2,54,374,373.38095238095224
2,55,374,373.7142857142856
2,56,374,374.23809523809507
2,57,374,374.23809523809507
2,58,375,374.7142857142855
2,59,375,375.190476190476
2,60,376,375.8095238095238
2,61,376,376.1904761904761
2,62,377,376.80952380952374
2,63,377,377.2857142857142
2,64,378,377.7619047619047
2,65,378,377.95238095238096
2,66,378,378.09523809523796
2,67,378,377.80952380952374
2,68,378,378.0952380952381
2,69,378,378.6666666666666
2,70,380,379.33333333333326
2,71,380,379.90476190476187
2,72,380,380.19047619047615
2,73,380,379.99999999999983
2,74,380,380.1904761904761
2,75,380,379.90476190476187
2,76,380,379.52380952380946
2,77,378,378.57142857142844
2,78,378,377.5238095238093
2,79,376,376.4285714285712
2,80,376,375.8571428571427
2,81,375,375.09523809523796
2,82,375,374.80952380952374
2,83,374,374.1904761904761
2,84,374,373.61904761904754
2,85,373,373.2857142857144
2,86,373,373.28571428571416
2,87,374,373.6190476190475
2,88,374,374.0952380952379
2,89,375,374.8571428571426
2,90,375,375.61904761904754
2,91,377,376.4285714285714
2,92,377,376.8095238095237
2,93,377,377.04761904761904
2,94,377,377.4285714285714
2,95,378,378.4285714285714
2,96,380,379.23809523809507
2,97,380,379.5714285714285
2,98,379,379.57142857142844
2,99,379,379.3809523809523
2,100,380,379.57142857142844
2,101,380,379.9523809523808
2,102,380,380.095238095238
2,103,380,380.09523809523813
2,104,380,379.9523809523809
2,105,380,379.76190476190476
2,106,379,379.28571428571405
2,107,379,378.80952380952374
2,108,378,378.19047619047603
2,109,378,377.8095238095236
2,110,377,377.190476190476
2,111,377,376.8095238095236
2,112,376,376.38095238095235
2,113,376,375.61904761904754
2,114,375,374.5714285714285
2,115,373,373.7142857142857
2,116,373,373.095238095238
2,117,373,372.7619047619046
2,118,373,372.47619047619037
2,119,372,372.42857142857133
2,120,372,372.6190476190475
2,121,374,373.2857142857141
2,122,374,374.0476190476189
2,123,375,374.9523809523807
2,124,375,375.52380952380935
2,125,377,376.4761904761904
2,126,377,377.238095238095
2,127,378,377.8571428571428
2,128,378,377.7619047619047
2,129,378,378.19047619047603
2,130,378,378.76190476190453
2,131,380,379.2857142857142
2,132,380,379.5714285714283
2,133,379,379.52380952380946
2,134,379,379.04761904761887
2,135,379,378.90476190476176
2,136,379,379.095238095238
2,137,379,379.0476190476188
2,138,379,378.6190476190474
2,139,378,378.09523809523796
2,140,377,377.33333333333326
2,141,377,376.71428571428555
2,142,376,376.1904761904761
2,143,376,375.90476190476187
2,144,375,375.142857142857
2,145,375,374.38095238095235
2,146,373,373.57142857142844
2,147,373,373.095238095238
2,148,373,372.80952380952374
2,149,373,372.90476190476187
2,150,373,373.0476190476189
2,151,373,373.23809523809507
2,152,374,373.71428571428555
2,153,374,374.0952380952379
2,154,375,374.8571428571426
2,155,375,375.52380952380935
2,156,377,376.4761904761904
2,157,377,377.142857142857
2,158,378,377.90476190476187
2,159,378,378.2857142857143
2,160,379,378.76190476190465
2,161,379,378.85714285714266
2,162,379,379.2380952380952
2,163,379,379.2857142857142
2,164,380,379.42857142857133
2,165,379,379.2380952380952
2,166,379,378.90476190476176
2,167,378,378.19047619047603
2,168,378,377.5238095238093
2,169,377,377.33333333333326
2,170,377,377.7142857142856
2,171,379,378.2380952380952
2,172,379,378.9047619047619
2,173,379,379.6666666666666
2,174,379,378.76190476190465
2,175,379,377.4285714285714
2,176,374,375.6190476190475
2,177,374,373.80952380952357
2,178,373,372.9047619047618
2,179,373,373.28571428571416
2,180,374,373.6190476190475
2,181,374,374.1904761904761
2,182,375,374.8095238095237
2,183,375,374.99999999999983
2,184,376,375.90476190476187
2,185,376,376.95238095238085
2,186,379,378.09523809523813
2,187,379,378.7619047619047
2,188,379,379.33333333333326
2,189,379,379.33333333333314
2,190,380,379.66666666666646
2,191,380,379.9523809523808
2,192,380,380.095238095238
2,193,380,379.99999999999983
2,194,380,380.09523809523813
2,195,380,379.9523809523809
2,196,380,379.85714285714283
2,197,379,379.2380952380952
2,198,379,378.4761904761905
2,199,377,377.52380952380946
2,200,377,376.8571428571428
2,201,376,376.0952380952379
2,202,376,375.8095238095237
2,203,375,375.19047619047603
2,204,375,374.90476190476176
2,205,374,374.142857142857
2,206,374,373.28571428571416
2,207,372,372.6190476190475
2,208,372,372.42857142857116
2,209,373,372.47619047619025
2,210,373,372.76190476190465
2,211,373,373.19047619047603
2,212,373,373.66666666666663
2,213,375,374.04761904761887
2,214,375,375.0476190476189
2,215,375,376.0952380952379
2,216,378,377.0476190476189
2,217,378,378.19047619047615
2,218,379,378.95238095238085
2,219,379,378.95238095238085
2,220,379,379.095238095238
2,221,379,379.095238095238
2,222,379,378.952380952381
2,223,379,378.6666666666665
2,224,378,378.3333333333331
2,225,378,378.238095238095
2,226,378,377.80952380952374
2,227,378,377.4285714285712
2,228,376,376.6190476190475
2,229,376,375.8571428571427
2,230,375,375.09523809523796
2,231,375,374.71428571428567
2,232,374,374.2380952380951
2,233,374,374.14285714285717
2,234,374,373.7619047619046
2,235,374,373.7142857142856
2,236,373,373.66666666666646
2,237,374,373.7142857142856
2,238,374,373.66666666666646
2,239,374,374.19047619047615
2,240,374,374.6666666666665
2,241,376,375.33333333333326
2,242,376,375.71428571428567
2,243,376,376.2857142857142
2,244,376,376.57142857142844
2,245,378,377.38095238095224
2,246,378,378.23809523809507
2,247,379,378.85714285714266
2,248,379,378.85714285714266
2,249,379,379.14285714285705
2,250,379,379.33333333333314
2,251,380,379.66666666666646
2,252,380,380.0476190476189
2,253,380,380.1428571428573
2,254,380,379.742857142857
2,255,379,379.0500000000001
2,256,379,377.14285714285694
2,257,378,378.095238095238
2,258,378,377.9523809523808
2,259,376,376.52380952380935
2,260,376,375.8571428571427
2,261,375,375.09523809523796
2,262,375,374.80952380952374
2,263,374,374.095238095238
2,264,374,373.76190476190465
2,265,373,373.57142857142856
2,266,374,373.7142857142856
2,267,374,373.8571428571427
2,268,374,374.09523809523813
2,269,374,373.9047619047618
2,270,374,374.04761904761904
2,271,374,374.23809523809507
2,272,375,374.7142857142855
2,273,375,375.190476190476
2,274,376,375.8095238095238
2,275,376,376.095238095238
2,276,377,376.8571428571427
2,277,377,377.52380952380963
2,278,379,378.4761904761905
2,279,379,379.2380952380951
2,280,380,379.8571428571427
2,281,380,379.9523809523808
2,282,380,380.095238095238
2,283,380,380.09523809523813
2,284,380,380.04761904761887
2,285,380,379.6190476190473
2,286,379,379.1904761904761
2,287,378,378.2857142857142
2,288,378,377.3809523809523
2,289,376,376.52380952380935
2,290,376,375.8571428571427
2,291,375,375.09523809523796
2,292,375,374.80952380952374
2,293,374,374.1904761904761
2,294,374,373.7142857142856
2,295,373,373.2380952380951
2,296,373,372.85714285714266
2,297,373,372.99999999999994
2,298,373,373.76190476190476
2,299,375,374.28571428571416
2,300,375,374.38095238095224
2,301,374,374.61904761904754
2,302,374,374.52380952380946
2,303,376,375.3333333333332
2,304,376,376.38095238095224
2,305,378,377.6190476190476
2,306,378,378.57142857142844
2,307,380,379.42857142857133
2,308,380,379.95238095238085
2,309,380,380.6190476190474
2,310,381,380.6190476190476
2,311,381,380.6190476190474
2,312,380,380.4285714285713
2,313,380,380.2380952380951
2,314,380,379.8095238095237
2,315,380,379.4285714285712
2,316,378,378.6190476190475
2,317,378,377.8571428571427
2,318,377,377.0952380952379
2,319,377,376.8095238095236
2,320,376,376.1904761904761
2,321,376,375.90476190476187
2,322,375,375.142857142857
2,323,375,374.38095238095235
2,324,373,373.57142857142844
2,325,373,373.095238095238
2,326,373,372.61904761904754
2,327,373,373.095238095238
2,328,373,373.66666666666663
2,329,375,374.33333333333326
2,330,375,374.7142857142856
2,331,375,375.2857142857141
2,332,375,375.5714285714284
2,333,377,376.38095238095235
2,334,377,377.0476190476189
2,335,378,377.95238095238085
2,336,378,378.6190476190476
2,337,380,379.4285714285714
2,338,380,379.90476190476187
2,339,380,380.19047619047615
2,340,380,380.09523809523813
2,341,380,379.9523809523809
2,342,380,379.6666666666664
2,343,379,379.33333333333314
2,344,379,379.3333333333333
2,345,379,378.76190476190465
2,346,379,378.0
2,347,376,376.99999999999994
2,348,376,376.33333333333314
2,349,376,375.61904761904736
2,350,376,375.33333333333326
2,351,374,374.6666666666666
2,352,374,374.1904761904762
2,353,374,373.7619047619046
2,354,374,373.66666666666663
2,355,373,373.2380952380952
2,356,373,373.095238095238
2,357,373,373.142857142857
2,358,374,373.71428571428555
2,359,374,374.28571428571416
2,360,375,374.76190476190465
2,361,375,374.6666666666665
2,362,375,375.23809523809507
2,363,375,375.99999999999994
2,364,378,376.9999999999999
2,365,378,377.6666666666665
2,366,378,378.3809523809523
2,367,378,378.57142857142844
2,368,380,379.3809523809523
2,369,380,380.33333333333314
2,370,381,380.80952380952374
2,371,381,380.52380952380946
2,372,380,380.4761904761903
2,373,380,380.6666666666666
2,374,381,380.4285714285712
2,375,381,379.95238095238085
2,376,378,378.9999999999999
2,377,378,378.19047619047615
2,378,378,378.42857142857133
2,379,379,378.47619047619037
2,380,379,377.8095238095237
2,381,375,376.3333333333332
2,382,375,374.5238095238094
2,383,373,373.19047619047603
2,384,373,373.142857142857
2,385,373,373.1428571428571
2,386,374,373.66666666666663
2,387,374,373.7619047619046
2,388,374,374.19047619047615
2,389,374,374.4761904761903
2,390,376,375.42857142857133
2,391,376,376.4761904761903
2,392,378,377.57142857142844
2,393,378,378.14285714285694
2,394,379,378.90476190476187
2,395,379,379.2857142857143
2,396,380,379.76190476190465
2,397,380,379.9523809523808
2,398,380,380.095238095238
2,399,380,380.09523809523813
2,400,380,379.9523809523809
2,401,380,379.6666666666664
2,402,379,379.52380952380946
2,403,379,378.95238095238085
2,404,379,378.3333333333332
2,405,377,377.6190476190474
2,406,377,376.8571428571428
2,407,376,376.0952380952379
2,408,376,375.71428571428555
2,409,375,375.2380952380953
2,410,375,375.23809523809507
2,411,375,374.8095238095237
2,412,375,374.3333333333332
2,413,373,373.66666666666646
2,414,373,373.095238095238
2,415,373,372.80952380952374
2,416,373,372.90476190476187
2,417,373,373.0476190476189
2,418,373,373.33333333333326
2,419,374,373.66666666666663
2,420,374,373.9523809523808
2,421,374,373.9047619047618
2,422,374,374.095238095238
2,423,374,374.57142857142827
2,424,376,375.38095238095235
2,425,376,376.14285714285705
2,426,377,376.9047619047618
2,427,377,377.095238095238
2,428,378,377.8571428571428
2,429,378,378.52380952380935
2,430,380,379.4761904761904
2,431,380,380.2380952380952
2,432,381,380.8571428571427
2,433,381,380.85714285714266
2,434,381,381.142857142857
2,435,381,381.52380952380946
2,436,382,381.57142857142844
2,437,382,381.28571428571416
2,438,380,380.76190476190465
2,439,380,380.285714285714
2,440,380,379.7142857142856
2,441,380,379.33333333333326
2,442,378,378.66666666666646
2,443,378,378.3809523809523
2,444,378,377.6666666666665
2,445,378,376.99999999999994
2,446,375,376.0952380952379
2,447,375,375.0952380952381
2,448,375,374.4761904761903
2,449,374,374.2857142857143
2,450,374,373.61904761904754
2,451,373,373.2857142857144
2,452,373,373.3809523809523
2,453,374,373.5714285714285
2,454,374,373.7619047619046
2,455,374,374.19047619047615
2,456,374,374.57142857142827
2,457,376,375.38095238095235
2,458,376,376.14285714285705
2,459,377,376.9047619047618
2,460,377,377.1904761904759
2,461,378,377.8095238095237
2,462,378,378.190476190476
2,463,379,378.8095238095237
2,464,379,379.2857142857143
2,465,380,379.76190476190465
2,466,380,379.9523809523808
2,467,380,380.2857142857141
2,468,380,379.90476190476187
2,469,380,379.33333333333326
2,470,378,378.66666666666646
2,471,378,378.19047619047603
2,472,378,377.7619047619047
2,473,378,377.7619047619048
2,474,377,377.2857142857141
2,475,377,376.8095238095236
2,476,376,376.1904761904761
2,477,376,375.90476190476187
2,478,375,375.142857142857
2,479,375,374.28571428571416
2,480,373,373.6190476190474
2,481,373,373.42857142857133
2,482,374,373.4761904761904
2,483,374,373.9523809523808
2,484,374,373.9047619047618
2,485,374,374.095238095238
2,486,374,374.57142857142827
2,487,376,375.38095238095235
2,488,376,376.0476190476189
2,489,377,376.95238095238085
2,490,377,377.3333333333333
2,491,379,378.5714285714283
2,492,379,379.9999999999999
2,493,382,381.1428571428572
2,494,382,381.42857142857133
2,495,381,381.66666666666674
2,496,381,381.38095238095235
2,497,382,381.5714285714285
2,498,382,382.14285714285694
2,499,382,381.9999999999999
2,500,382,381.42857142857144
2,501,380,380.6190476190474
2,502,380,379.95238095238074
2,503,379,379.2380952380952
2,504,379,378.28571428571416
2,505,377,377.095238095238
2,506,375,375.6666666666665
2,507,375,374.14285714285705
2,508,373,373.52380952380946
2,509,373,373.31428571428586
2,510,374,373.3428571428571
2,511,374,374.09999999999985
2,512,374,374.04761904761887
2,513,374,374.5714285714285
2,514,376,375.42857142857133
2,515,376,376.38095238095224
2,516,378,377.6190476190476
2,517,378,378.57142857142844
2,518,380,379.5238095238094
2,519,380,379.8095238095236
2,520,380,380.2380952380951
2,521,380,380.33333333333326
2,522,381,380.6666666666666
2,523,381,380.95238095238096
2,524,381,381.2857142857142
2,525,381,380.9047619047619
2,526,381,380.3333333333332
2,527,379,379.6666666666666
2,528,379,379.285714285714
2,529,379,378.7142857142856
2,530,379,378.52380952380946
2,531,377,377.57142857142844
2,532,377,376.4285714285714
2,533,375,375.4761904761904
2,534,375,375.09523809523796
2,535,375,374.8095238095236
2,536,375,374.99999999999983
2,537,375,374.99999999999983
2,538,375,374.90476190476187
2,539,375,375.047619047619
2,540,375,375.2380952380951
2,541,376,375.5238095238093
2,542,376,376.38095238095224
2,543,377,377.33333333333326
2,544,379,378.3333333333332
2,545,379,379.2380952380952
2,546,380,379.9047619047617
2,547,380,380.09523809523813
2,548,381,380.8571428571427
2,549,381,381.52380952380935
2,550,383,382.4761904761904
2,551,383,383.23809523809524
2,552,384,383.85714285714266
2,553,384,384.04761904761887
2,554,384,384.04761904761887
2,555,384,383.76190476190465
2,556,383,383.2857142857142
2,557,383,382.90476190476187
2,558,382,382.14285714285694
2,559,382,381.5714285714285
2,560,380,380.6666666666665
2,561,380,379.3333333333333
2,562,378,377.9999999999999
2,563,376,376.66666666666663
2,564,376,375.33333333333326
2,565,374,374.42857142857133
2,566,374,373.76190476190476
2,567,373,373.1428571428571
2,568,373,373.0476190476189
2,569,373,372.9047619047618
2,570,373,372.8095238095237
2,571,373,373.095238095238
2,572,373,373.4761904761904
2,573,375,374.4285714285713
2,574,375,375.47619047619037
2,575,377,376.5714285714285
2,576,377,377.142857142857
2,577,378,377.90476190476187
2,578,378,378.57142857142844
2,579,379,378.6190476190474
2,580,379,377.95238095238096
2,581,376,377.095238095238
2,582,376,376.1428571428571
2,583,376,375.14285714285694
2,584,376,376.2857142857142
2,585,376,378.19047619047615
2,586,382,379.9047619047617
2,587,382,381.238095238095
2,588,380,381.142857142857
2,589,380,379.71428571428555
2,590,378,378.33333333333314
2,591,378,377.1904761904761
2,592,375,375.76190476190465
2,593,375,374.80952380952357
2,594,374,373.9523809523808
2,595,374,374.0952380952379
2,596,374,374.0476190476189
2,597,375,374.7619047619047
2,598,375,375.42857142857133
2,599,377,376.5238095238096
2,600,377,377.38095238095224
2,601,379,378.6190476190477
2,602,379,379.38095238095224
2,603,381,380.6190476190476
2,604,381,381.4761904761904
2,605,383,382.5714285714284
2,606,383,383.33333333333314
2,607,384,383.8095238095237
2,608,384,383.8095238095237
2,609,383,383.3333333333333
2,610,383,382.3809523809522
2,611,381,381.5714285714285
2,612,381,381.2857142857141
2,613,381,380.71428571428567
2,614,381,380.4285714285712
2,615,379,379.6190476190475
2,616,379,378.7619047619046
2,617,378,378.2380952380951
2,618,378,377.9999999999999
2,619,378,377.7619047619047
2,620,377,377.2380952380953
2,621,377,376.38095238095224
2,622,375,375.57142857142844
2,623,375,375.19047619047615
2,624,375,374.7619047619047
2,625,375,374.6666666666665
2,626,374,374.3333333333332
2,627,374,373.9523809523808
2,628,374,373.9523809523808
2,629,374,374.23809523809507
2,630,375,374.7142857142855
2,631,375,374.9047619047618
2,632,376,375.95238095238085
2,633,376,377.2857142857141
2,634,380,378.76190476190465
2,635,380,379.6190476190475
2,636,380,380.4761904761903
2,637,380,380.76190476190453
2,638,382,381.0952380952379
2,639,382,381.6666666666664
2,640,381,382.2857142857141
2,641,383,382.3333333333332
2,642,383,382.5714285714285
2,643,382,382.4761904761905
2,644,382,381.71428571428555
2,645,381,381.23809523809507
2,646,381,381.0476190476188
2,647,381,380.9047619047617
2,648,381,381.0952380952378
2,649,381,380.95238095238085
2,650,381,380.7619047619047
2,651,380,380.28571428571416
2,652,380,379.8095238095237
2,653,379,379.1904761904761
2,654,379,378.80952380952374
2,655,378,378.19047619047603
2,656,378,377.9047619047617
2,657,377,377.2380952380952
2,658,377,376.3333333333332
2,659,375,375.23809523809524
2,660,374,374.4285714285713
2,661,374,373.9523809523808
2,662,374,373.8571428571428
2,663,374,373.66666666666663
2,664,373,373.33333333333326
2,665,373,373.0476190476189
2,666,373,372.9047619047618
2,667,373,372.90476190476187
2,668,373,373.0476190476189
2,669,373,373.1428571428571
2,670,374,373.76190476190465
2,671,374,374.42857142857133
2,672,376,375.5238095238094
2,673,376,376.38095238095224
2,674,378,377.6190476190476
2,675,378,378.38095238095235
2,676,380,379.6190476190475
2,677,380,380.47619047619037
2,678,382,381.57142857142844
2,679,382,382.33333333333314
2,680,383,382.8095238095235
2,681,383,382.61904761904736
2,682,382,382.42857142857133
2,683,382,382.142857142857
2,684,382,381.8571428571428
2,685,382,381.6666666666664
2,686,381,381.52380952380935
2,687,381,380.95238095238096
2,688,381,380.4285714285714
2,689,379,379.5714285714283
2,690,379,378.6190476190475
2,691,377,377.3809523809523
2,692,377,376.61904761904754
2,693,375,375.3809523809523
2,694,375,374.4285714285714
2,695,373,373.4761904761904
2,696,373,373.095238095238
2,697,373,372.80952380952374
2,698,373,372.8095238095237
2,699,373,373.095238095238
2,700,373,373.5714285714285
2,701,375,374.3809523809524
2,702,375,375.0476190476189
2,703,376,375.95238095238085
2,704,376,376.42857142857133
2,705,378,377.5238095238095
2,706,378,378.28571428571416
2,707,380,379.6666666666666
2,708,380,380.90476190476176
2,709,383,382.190476190476
2,710,383,382.8571428571427
2,711,383,383.3809523809523
2,712,383,382.9523809523809
2,713,383,382.8571428571426
2,714,382,382.23809523809524
2,715,382,381.5714285714285
2,716,380,380.4761904761903
2,717,380,379.71428571428555
2,718,378,378.33333333333314
2,719,378,377.1904761904761
2,720,375,375.76190476190465
2,721,375,374.9047619047617
2,722,374,373.99999999999994
2,723,374,373.61904761904754
2,724,373,373.2857142857144
2,725,373,373.3809523809523
2,726,374,373.5714285714285
2,727,374,373.9523809523808
2,728,374,374.09523809523813
2,729,374,373.9047619047618
2,730,374,373.76190476190453
2,731,374,374.4761904761903
2,732,375,375.5714285714285
2,733,378,376.99999999999994
2,734,378,378.0952380952379
2,735,379,379.047619047619
2,736,379,379.61904761904754
2,737,381,380.42857142857144
2,738,381,380.8095238095237
2,739,381,381.2380952380952
2,740,381,381.3333333333333
2,741,382,381.6666666666666
2,742,382,382.0476190476189
2,743,382,382.0476190476189
2,744,382,381.6666666666664
2,745,381,381.33333333333314
2,746,381,381.3333333333333
2,747,381,380.7619047619047
2,748,381,380.09523809523796
2,749,378,378.95238095238096
2,750,378,377.99999999999994
2,751,377,376.95238095238085
2,752,377,376.38095238095224
2,753,375,375.6666666666666
2,754,375,375.0476190476189
2,755,375,374.5714285714285
2,756,374,374.2857142857143
2,757,374,373.7142857142856
2,758,373,373.2380952380951
2,759,373,373.0476190476189
2,760,373,372.9047619047618
2,761,373,372.7142857142856
2,762,373,373.1428571428571
2,763,373,373.99999999999983
2,764,376,374.9999999999999
2,765,376,375.91428571428577
2,766,376,376.4285714285714
2,767,376,375.99999999999994
2,768,379,377.3809523809522
2,769,379,379.5238095238093
2,770,381,380.80952380952385
2,771,381,380.8095238095237
2,772,381,381.2380952380952
2,773,381,381.3333333333333
2,774,382,381.6666666666666
2,775,382,381.9523809523809
2,776,382,382.1904761904761
2,777,382,381.9523809523809
2,778,382,381.76190476190465
2,779,381,381.2857142857142
2,780,381,380.9047619047618
2,781,380,380.14285714285705
2,782,380,379.3809523809523
2,783,378,378.57142857142844
2,784,378,378.0952380952379
2,785,378,377.9047619047618
2,786,378,377.9523809523808
2,787,378,377.6666666666665
2,788,377,377.7142857142855
2,789,377,376.85714285714266
2,790,377,375.4761904761905
2,791,373,374.09523809523796
2,792,373,373.66666666666663
2,793,374,373.99999999999983
2,794,377,376.09523809523796
2,795,377,377.76190476190476
2,796,380,379.38095238095224
2,797,380,380.5238095238094
2,798,382,381.6190476190475
2,799,382,381.9047619047618
2,800,382,382.1904761904761
2,801,382,381.9999999999997
2,802,382,381.9999999999997
2,803,382,382.095238095238
2,804,382,381.9523809523809
2,805,382,381.76190476190465
2,806,381,381.2857142857142
2,807,381,380.80952380952374
2,808,380,380.19047619047603
2,809,380,379.8095238095237
2,810,379,379.1904761904761
2,811,379,378.90476190476187
2,812,378,378.14285714285705
2,813,378,377.47619047619025
2,814,376,376.7142857142856
2,815,376,375.66666666666634
2,816,375,374.3809523809522
2,817,373,373.76190476190476
2,818,373,373.4285714285714
2,819,374,373.4285714285713
2,820,374,373.5238095238094
2,821,373,373.4761904761904
2,822,373,373.3809523809523
2,823,374,373.5714285714285
2,824,374,373.7619047619046
2,825,374,374.19047619047615
2,826,374,374.57142857142827
2,827,376,375.38095238095235
2,828,376,375.85714285714283
2,829,377,377.04761904761887
2,830,377,378.1904761904762
2,831,381,379.8095238095236
2,832,381,380.95238095238074
2,833,382,382.1428571428571
2,834,382,382.71428571428555
2,835,384,383.3809523809523
2,836,384,383.7619047619046
2,837,383,383.4285714285712
2,838,383,382.3809523809522
2,839,381,381.5714285714285
2,840,381,381.38095238095224
2,841,381,380.76190476190465
2,842,381,379.95238095238096
2,843,378,378.85714285714266
2,844,377,377.3809523809523
2,845,377,376.19047619047615
2,846,375,375.5238095238094
2,847,375,374.8571428571427
2,848,374,374.09523809523796
2,849,374,373.7142857142856
2,850,373,373.2380952380951
2,851,373,372.85714285714266
2,852,373,372.99999999999994
2,853,373,373.66666666666663
2,854,375,374.33333333333326
2,855,375,374.7142857142856
2,856,375,375.2857142857141
2,857,375,375.5714285714284
2,858,377,376.38095238095235
2,859,377,377.0476190476189
2,860,378,377.95238095238085
2,861,378,378.52380952380935
2,862,380,379.4761904761904
2,863,380,380.1428571428571
2,864,381,380.9047619047618
2,865,381,381.2857142857141
2,866,382,381.76190476190465
2,867,382,381.9523809523809
2,868,382,382.2857142857142
2,869,382,381.9047619047618
2,870,382,381.52380952380935
2,871,380,380.57142857142856
2,872,380,379.5238095238094
2,873,378,378.4285714285712
2,874,378,377.9523809523809
2,875,377,377.0476190476189
2,876,377,376.4761904761903
2,877,375,375.5238095238094
2,878,375,374.7619047619047
2,879,374,374.1428571428571
2,880,374,374.14285714285717
2,881,374,373.8571428571428
2,882,374,373.57142857142856
2,883,373,373.38095238095235
2,884,373,373.28571428571416
2,885,374,373.52380952380946
2,886,374,374.3333333333332
2,887,375,374.80952380952374
2,888,376,375.7619047619047
2,889,376,376.8571428571428
2,890,379,378.19047619047603
2,891,379,379.5238095238095
2,892,381,380.6190476190474
2,893,381,380.8095238095237
2,894,381,381.2380952380952
2,895,381,381.3333333333333
2,896,382,381.6666666666666
2,897,382,381.9523809523809
2,898,382,382.09523809523796
2,899,382,382.095238095238
2,900,382,381.9523809523809
2,901,382,381.76190476190465
2,902,381,381.2857142857142
2,903,381,380.9999999999999
2,904,380,380.09523809523813
2,905,380,379.142857142857
2,906,377,378.14285714285694
2,907,377,376.6666666666667
2,908,376,375.0476190476189
2,909,373,374.0476190476189
2,910,373,373.04761904761875
2,911,373,372.7142857142856
2,912,373,372.90476190476187
2,913,373,373.0476190476189
2,914,373,373.1428571428571
2,915,374,373.76190476190465
2,916,374,374.6190476190476
2,917,376,375.42857142857133
2,918,376,375.71428571428567
2,919,376,376.2857142857142
2,920,376,376.4761904761903
2,921,378,377.4285714285713
2,922,378,378.47619047619037
2,923,380,379.57142857142844
2,924,380,380.1428571428571
2,925,381,380.9047619047618
2,926,381,381.2857142857141
2,927,382,381.76190476190465
2,928,382,382.0476190476189
2,929,382,382.0476190476189
2,930,382,381.6666666666664
2,931,381,381.6190476190475
2,932,381,380.90476190476176
2,933,381,380.0952380952382
2,934,378,378.9047619047619
2,935,378,377.57142857142844
2,936,376,376.3333333333333
2,937,376,375.95238095238096
2,938,375,375.0476190476188
2,939,375,374.38095238095235
2,940,373,373.57142857142844
2,941,373,373.095238095238
2,942,373,372.80952380952374
2,943,373,372.8095238095237
2,944,373,373.095238095238
2,945,373,373.5714285714285
2,946,375,374.3809523809524
2,947,375,375.0476190476189
2,948,376,375.95238095238085
2,949,376,376.52380952380935
2,950,378,377.47619047619037
2,951,378,378.14285714285694
2,952,379,378.90476190476187
2,953,379,379.09523809523796
2,954,380,379.8571428571428
2,955,380,380.6190476190475
2,956,382,381.42857142857144
2,957,382,381.9047619047618
2,958,382,382.2857142857142
2,959,382,381.9523809523809
2,960,382,381.6666666666664
2,961,381,381.33333333333314
2,962,381,381.3333333333333
2,963,381,380.7619047619047
2,964,381,380.19047619047603
2,965,378,378.9047619047619
2,966,378,377.57142857142844
2,967,376,376.3333333333333
2,968,376,375.95238095238096
2,969,375,375.0476190476188
2,970,375,374.38095238095235
2,971,373,373.57142857142844
2,972,373,373.095238095238
2,973,373,372.80952380952374
2,974,373,372.8095238095237
2,975,373,373.095238095238
2,976,373,373.5714285714285
2,977,375,374.2857142857141
2,978,375,375.2857142857141
2,979,376,375.9999999999999
2,980,377,376.71428571428567
2,981,377,377.52380952380935
2,982,379,378.52380952380946
2,983,379,379.57142857142844
2,984,381,380.5238095238093
2,985,381,380.9047619047618
2,986,381,381.1904761904761
2,987,381,381.3809523809523
2,988,381,380.8095238095237
2,989,381,379.66666666666674
2,990,377,378.2380952380952
2,991,377,377.23809523809507
2,992,377,376.85714285714266
2,993,378,377.7142857142856
2,994,378,378.57142857142844
2,995,379,378.6190476190474
2,996,379,377.95238095238096
2,997,376,377.095238095238
2,998,376,376.33333333333314
2,999,376,375.61904761904736
2,1000,376,375.42857142857133
2,1001,374,374.6190476190474
2,1002,374,373.76190476190476
2,1003,373,373.1428571428571
2,1004,373,372.9523809523809
2,1005,373,372.95238095238096
2,1006,373,373.1428571428571
2,1007,374,373.76190476190465
2,1008,374,374.6190476190476
2,1009,376,375.42857142857133
2,1010,376,375.71428571428567
2,1011,376,376.19047619047603
2,1012,376,376.7142857142856
2,1013,378,377.57142857142844
2,1014,379,378.6190476190476
2,1015,379,379.47619047619025
2,1016,380,379.76190476190465
2,1017,380,379.9523809523808
2,1018,380,380.095238095238
2,1019,380,380.09523809523813
2,1020,380,379.9523809523809
2,1021,380,379.7428571428572
2,1022,379,379.3714285714286
2,1023,379,378.9
2,1024,378,376.6190476190475
2,1025,378,378.095238095238
2,1026,378,378.28571428571416
2,1027,378,377.33333333333326
2,1028,376,376.6666666666666
2,1029,376,376.38095238095235
2,1030,376,375.5714285714284
2,1031,376,375.0476190476188
2,1032,373,374.4285714285713
2,1033,374,373.76190476190476
2,1034,374,373.33333333333314
2,1035,373,373.42857142857133
2,1036,373,372.9523809523809
2,1037,373,372.95238095238096
2,1038,373,373.33333333333326
2,1039,374,373.66666666666663
2,1040,374,373.7619047619046
2,1041,374,374.19047619047615
2,1042,374,374.57142857142827
2,1043,376,375.38095238095235
2,1044,376,376.0476190476189
2,1045,377,376.95238095238085
2,1046,377,377.52380952380963
2,1047,379,378.4761904761905
2,1048,379,379.14285714285694
2,1049,380,379.99999999999994
2,1050,380,380.2380952380951
2,1051,381,380.52380952380946
2,1052,380,380.238095238095
2,1053,380,379.99999999999983
2,1054,379,379.14285714285705
2,1055,379,378.4761904761905
2,1056,377,377.52380952380946
2,1057,377,376.8571428571428
2,1058,376,376.0952380952379
2,1059,376,375.8095238095237
2,1060,375,375.19047619047603
2,1061,375,374.90476190476176
2,1062,374,374.142857142857
2,1063,374,373.38095238095235
2,1064,372,372.5714285714285
2,1065,372,372.0
2,1066,372,371.8571428571428
2,1067,372,372.3333333333332
2,1068,373,372.4761904761905
2,1069,373,373.047619047619
2,1070,373,373.66666666666646
2,1071,375,374.3809523809524
2,1072,375,375.14285714285694
2,1073,376,375.9047619047617
2,1074,376,376.095238095238
2,1075,377,376.8571428571427
2,1076,377,377.61904761904754
2,1077,379,378.4285714285713
2,1078,379,378.8095238095236
2,1079,379,379.2380952380952
2,1080,379,379.4285714285714
2,1081,380,379.6190476190474
2,1082,380,379.52380952380935
2,1083,379,379.4761904761903
2,1084,379,379.57142857142844
2,1085,380,379.4761904761904
2,1086,380,379.3809523809523
2,1087,378,378.7142857142855
2,1088,378,377.9523809523809
2,1089,377,377.0476190476189
2,1090,377,376.38095238095224
2,1091,375,375.57142857142844
2,1092,375,375.2857142857141
2,1093,375,374.7142857142855
2,1094,375,374.3333333333332
2,1095,373,373.66666666666646
2,1096,373,373.00000000000006
2,1097,373,372.9523809523808
2,1098,373,373.28571428571416
2,1099,374,373.142857142857
2,1100,373,373.38095238095235
2,1101,373,373.80952380952374
2,1102,375,374.2380952380952
2,1103,375,374.7142857142856
2,1104,375,375.2857142857141
2,1105,375,375.5714285714284
2,1106,377,376.38095238095235
2,1107,377,377.142857142857
2,1108,378,377.90476190476187
2,1109,378,378.190476190476
2,1110,379,378.8095238095237
2,1111,379,379.2857142857143
2,1112,380,379.76190476190465
2,1113,380,379.9523809523808
2,1114,380,380.095238095238
2,1115,380,380.09523809523813
2,1116,380,379.9523809523809
2,1117,380,379.76190476190476
2,1118,379,379.28571428571405
2,1119,379,378.71428571428555
2,1120,378,378.238095238095
2,1121,378,378.142857142857
2,1122,378,377.8571428571427
2,1123,378,377.9523809523807
2,1124,377,377.19047619047615
2,1125,377,376.0476190476189
2,1126,374,375.0952380952379
2,1127,374,374.0476190476189
2,1128,374,372.9523809523808
2,1129,372,372.71428571428555
2,1130,372,372.42857142857116
2,1131,373,372.47619047619025
2,1132,373,372.6666666666666
2,1133,373,373.2380952380951
2,1134,373,373.99999999999983
2,1135,376,374.9999999999999
2,1136,376,375.5714285714284
2,1137,376,376.42857142857133
2,1138,376,376.90476190476187
2,1139,379,378.047619047619
2,1140,379,379.09523809523796
2,1141,380,379.99999999999983
2,1142,380,380.2857142857142
2,1143,381,380.7619047619047
2,1144,381,380.95238095238096
2,1145,381,381.2857142857142
2,1146,381,380.9047619047619
2,1147,381,380.52380952380935
2,1148,379,379.5714285714283
2,1149,379,378.52380952380935
2,1150,377,377.4285714285714
2,1151,377,376.76190476190465
2,1152,376,376.14285714285705
2,1153,376,376.2380952380951
2,1154,376,375.80952380952374
2,1155,376,375.42857142857133
2,1156,374,374.6190476190474
2,1157,374,373.76190476190476
2,1158,373,373.1428571428571
2,1159,373,373.0476190476189
2,1160,373,372.9047619047618
2,1161,373,372.90476190476187
2,1162,373,373.0476190476189
2,1163,373,373.23809523809507
2,1164,374,373.71428571428555
2,1165,374,374.1904761904761
2,1166,375,374.61904761904754
2,1167,375,375.38095238095224
2,1168,376,376.3333333333333
2,1169,378,377.3333333333333
2,1170,378,378.14285714285705
2,1171,379,378.9523809523809
2,1172,379,379.7142857142854
2,1173,381,380.3809523809523
2,1174,381,380.5714285714285
2,1175,380,380.5238095238094
2,1176,380,380.04761904761887
2,1177,380,379.9047619047617
2,1178,380,380.1904761904761
2,1179,380,379.90476190476187
2,1180,380,379.52380952380946
2,1181,378,378.57142857142844
2,1182,378,377.5238095238093
2,1183,376,376.4285714285712
2,1184,376,375.8571428571427
2,1185,375,375.09523809523796
2,1186,375,374.71428571428567
2,1187,374,374.2380952380951
2,1188,374,374.04761904761904
2,1189,374,373.9047619047618
2,1190,374,373.99999999999994
2,1191,374,373.99999999999994
2,1192,374,373.80952380952357
2,1193,374,374.095238095238
2,1194,374,374.6666666666665
2,1195,376,375.5238095238096
2,1196,376,375.80952380952374
2,1197,376,375.0476190476191
2,1198,374,374.9047619047619
2,1199,374,375.6666666666667
2,1200,379,377.19047619047603
2,1201,379,379.09523809523796
2,1202,380,380.1428571428571
2,1203,380,379.9523809523808
2,1204,380,380.095238095238
2,1205,380,379.99999999999983
2,1206,380,379.99999999999983
2,1207,380,380.1904761904761
2,1208,380,379.90476190476187
2,1209,380,379.4285714285712
2,1210,378,378.7142857142857
2,1211,378,377.71428571428544
2,1212,377,377.0
2,1213,376,376.2857142857143
2,1214,376,375.38095238095224
2,1215,374,374.52380952380946
2,1216,374,373.76190476190476
2,1217,373,373.1428571428571
2,1218,373,373.0476190476189
2,1219,373,372.9047619047618
2,1220,373,372.99999999999983
2,1221,373,372.99999999999983
2,1222,373,372.8095238095237
2,1223,373,373.095238095238
2,1224,373,373.66666666666663
2,1225,375,374.33333333333326
2,1226,375,374.6190476190475
2,1227,375,375.33333333333314
2,1228,375,376.0952380952379
2,1229,378,376.95238095238085
2,1230,378,377.33333333333326
2,1231,377,377.6190476190476
2,1232,377,377.7619047619047
2,1233,379,378.4761904761902
2,1234,380,379.61904761904754
2,1235,380,380.57142857142856
2,1236,381,380.71428571428555
2,1237,381,380.7142857142857
2,1238,380,380.3809523809523
2,1239,380,379.7142857142856
2,1240,379,379.238095238095
2,1241,379,379.3333333333333
2,1242,379,378.76190476190465
2,1243,379,378.0952380952379
2,1244,376,376.9523809523809
2,1245,376,375.90476190476176
2,1246,375,374.99999999999994
2,1247,375,374.80952380952374
2,1248,374,374.1904761904761
2,1249,374,373.7142857142856
2,1250,373,373.1428571428571
2,1251,373,373.095238095238
2,1252,373,373.142857142857
2,1253,374,373.71428571428555
2,1254,374,374.0952380952379
2,1255,375,374.8571428571426
2,1256,375,375.42857142857133
2,1257,377,376.5238095238096
2,1258,377,377.57142857142844
2,1259,379,378.5238095238094
2,1260,379,378.8095238095236
2,1261,379,379.2380952380952
2,1262,379,379.4285714285714
2,1263,380,379.6190476190474
2,1264,380,379.52380952380935
2,1265,379,379.4761904761903
2,1266,379,379.3809523809523
2,1267,380,379.57142857142844
2,1268,380,380.0476190476189
2,1269,380,380.047619047619
2,1270,380,379.76190476190476
2,1271,379,379.28571428571405
2,1272,379,378.71428571428555
2,1273,378,378.238095238095
2,1274,378,378.3333333333332
2,1275,378,377.85714285714266
2,1276,378,376.952380952381
2,1277,375,375.857142857143
2,1278,374,374.4571428571427
2,1279,374,374.04999999999995
2,1280,372,372.6666666666666
2,1281,372,372.5238095238095
2,1282,373,372.47619047619025
2,1283,373,373.04761904761904
2,1284,373,373.04761904761887
2,1285,373,372.28571428571405
2,1286,372,372.5238095238094
2,1287,372,373.3809523809523
2,1288,376,374.5714285714285
2,1289,376,375.7142857142856
2,1290,376,376.42857142857116
2,1291,376,376.2380952380951
2,1292,377,376.71428571428555
2,1293,377,377.1904761904759
2,1294,378,377.9047619047617
2,1295,378,378.2380952380951
2,1296,379,378.33333333333314
2,1297,378,378.33333333333326
2,1298,378,378.6666666666666
2,1299,379,378.4761904761904
2,1300,379,378.3809523809523
2,1301,377,377.7142857142856
2,1302,377,376.8571428571428
2,1303,376,376.0952380952379
2,1304,376,375.8095238095237
2,1305,375,375.19047619047603
2,1306,375,374.80952380952374
2,1307,374,374.1904761904761
2,1308,374,373.7142857142856
2,1309,373,373.2380952380951
2,1310,373,373.0476190476189
2,1311,373,372.9047619047618
2,1312,373,372.90476190476187
2,1313,373,373.0476190476189
2,1314,373,373.4285714285714
2,1315,374,373.6190476190475
2,1316,374,373.4285714285713
2,1317,373,373.33333333333326
2,1318,373,373.80952380952374
2,1319,375,374.90476190476187
2,1320,377,376.2380952380951
2,1321,377,376.99999999999994
2,1322,377,377.23809523809507
2,1323,377,377.2380952380951
2,1324,378,377.7142857142856
2,1325,378,378.190476190476
2,1326,379,378.8095238095237
2,1327,379,379.2857142857143
2,1328,380,379.76190476190465
2,1329,380,379.9523809523808
2,1330,380,380.095238095238
2,1331,380,380.09523809523813
2,1332,380,379.9523809523809
2,1333,380,379.76190476190476
2,1334,379,379.4761904761904
2,1335,379,378.61904761904765
2,1336,378,377.6666666666666
2,1337,376,376.66666666666663
2,1338,376,375.7619047619047
2,1339,375,375.09523809523796
2,1340,375,374.80952380952374
2,1341,374,374.1904761904761
2,1342,374,373.7142857142856
2,1343,373,373.2380952380951
2,1344,373,373.0476190476189
2,1345,373,372.9047619047618
2,1346,373,372.99999999999983
2,1347,373,372.99999999999983
2,1348,373,372.90476190476187
2,1349,373,373.0476190476189
2,1350,373,373.23809523809507
2,1351,374,373.71428571428555
2,1352,374,373.99999999999983
2,1353,375,374.8095238095237
2,1354,375,375.9999999999999
2,1355,378,377.33333333333314
2,1356,379,378.57142857142844
2,1357,379,379.5714285714283
2,1358,380,379.76190476190465
2,1359,380,379.9523809523808
2,1360,380,380.095238095238
2,1361,380,379.99999999999983
2,1362,380,379.99999999999983
2,1363,380,380.09523809523813
2,1364,380,379.9523809523809
2,1365,380,379.76190476190476
2,1366,379,379.28571428571405
2,1367,379,378.90476190476187
2,1368,378,378.14285714285705
2,1369,378,377.47619047619025
2,1370,376,376.52380952380935
2,1371,376,375.8571428571427
2,1372,375,375.09523809523796
2,1373,375,374.80952380952374
2,1374,374,374.095238095238
2,1375,374,373.76190476190465
2,1376,373,373.57142857142856
2,1377,374,373.7142857142856
2,1378,374,373.66666666666646
2,1379,374,374.19047619047615
2,1380,374,374.6666666666665
2,1381,376,375.33333333333326
2,1382,376,375.71428571428567
2,1383,376,376.2857142857142
2,1384,376,376.57142857142844
2,1385,378,377.38095238095224
2,1386,378,378.0476190476188
2,1387,379,378.9523809523809
2,1388,379,379.61904761904754
2,1389,381,380.42857142857144
2,1390,381,380.9999999999999
2,1391,381,381.142857142857
2,1392,381,380.6666666666666
2,1393,380,380.33333333333314
2,1394,380,380.1428571428571
2,1395,380,379.8571428571428
2,1396,380,379.76190476190476
2,1397,379,379.28571428571405
2,1398,379,378.71428571428555
2,1399,378,378.238095238095
2,1400,378,378.238095238095
2,1401,378,377.80952380952374
2,1402,378,377.6190476190475
2,1403,376,376.5238095238096
2,1404,376,375.0952380952382
2,1405,373,373.8095238095238
2,1406,373,373.04761904761904
2,1407,373,372.76190476190476
2,1408,373,373.1428571428571
2,1409,374,373.76190476190465
2,1410,374,374.5238095238094
2,1411,376,375.4761904761903
2,1412,376,376.14285714285705
2,1413,377,376.9047619047618
2,1414,377,377.2857142857142
2,1415,378,377.7619047619047
2,1416,378,377.8571428571427
2,1417,378,378.14285714285705
2,1418,378,378.33333333333326
2,1419,379,378.6666666666666
2,1420,379,379.0476190476189
2,1421,379,379.14285714285705
2,1422,379,378.6190476190474
2,1423,378,378.0
2,1424,377,377.3809523809523
2,1425,377,377.1428571428571
2,1426,377,376.80952380952385
2,1427,377,376.4285714285712
2,1428,375,375.6190476190475
2,1429,375,374.8571428571427
2,1430,374,374.09523809523796
2,1431,374,373.7142857142856
2,1432,373,373.2380952380951
2,1433,373,373.0476190476189
2,1434,373,372.9047619047618
2,1435,373,372.99999999999983
2,1436,373,372.99999999999983
2,1437,373,372.99999999999983
2,1438,373,372.99999999999983
2,1439,373,372.7142857142856
2,1440,373,373.1428571428571
2,1441,373,373.99999999999983
2,1442,376,374.7142857142856
2,1443,376,375.9999999999999
2,1444,376,377.2857142857143
2,1445,379,377.99999999999983
2,1446,379,378.7619047619047
2,1447,379,379.33333333333326
2,1448,379,379.33333333333314
2,1449,380,379.66666666666646
2,1450,380,380.0476190476189
2,1451,380,380.047619047619
2,1452,380,379.6666666666664
2,1453,379,379.33333333333314
2,1454,379,379.2380952380951
2,1455,379,378.80952380952385
2,1456,379,378.33333333333326
2,1457,377,377.6666666666665
2,1458,377,377.4761904761903
2,1459,377,376.61904761904754
2,1460,377,375.5714285714284
2,1461,373,374.38095238095224
2,1462,373,373.6190476190476
2,1463,374,373.2380952380952
2,1464,374,373.6190476190475
2,1465,373,373.42857142857133
2,1466,373,373.0476190476189
2,1467,373,372.9047619047618
2,1468,373,372.99999999999983
2,1469,373,372.61904761904754
2,1470,373,373.19047619047615
2,1471,373,374.33333333333314
2,1472,377,375.6666666666665
2,1473,377,376.52380952380935
2,1474,377,377.52380952380935
2,1475,377,377.9047619047618
2,1476,380,379.047619047619
2,1477,380,380.1904761904761
2,1478,381,380.9523809523808
2,1479,381,381.04761904761887
2,1480,381,381.04761904761887
2,1481,381,380.6666666666666
2,1482,380,380.33333333333314
2,1483,380,380.1428571428571
2,1484,380,379.8571428571428
2,1485,380,379.76190476190476
2,1486,379,379.28571428571405
2,1487,379,378.90476190476187
2,1488,378,378.2380952380951
2,1489,378,377.33333333333314
2,1490,376,376.33333333333326
2,1491,375,375.38095238095224
2,1492,375,374.61904761904754
2,1493,374,374.1904761904761
2,1494,374,373.61904761904754
2,1495,373,373.2857142857144
2,1496,373,373.3809523809523
2,1497,374,373.5714285714285
2,1498,374,373.85714285714283
2,1499,374,374.14285714285705
2,1500,374,374.23809523809507
2,1501,375,374.7142857142855
2,1502,375,374.99999999999983
2,1503,376,375.90476190476187
2,1504,376,376.8571428571427
2,1505,379,378.14285714285705
2,1506,379,379.09523809523796
2,1507,380,379.99999999999983
2,1508,380,380.19047619047603
2,1509,381,380.71428571428555
2,1510,381,381.33333333333326
2,1511,382,382.2857142857141
2,1512,383,382.5238095238094
2,1513,383,382.4761904761904
2,1514,381,381.7142857142856
2,1515,381,380.8571428571428
2,1516,380,380.09523809523813
2,1517,380,379.8095238095237
2,1518,379,379.1904761904761
2,1519,379,378.90476190476187
2,1520,378,378.14285714285705
2,1521,378,377.47619047619025
2,1522,376,376.52380952380935
2,1523,376,375.8571428571427
2,1524,375,375.09523809523796
2,1525,375,374.80952380952374
2,1526,374,374.1904761904761
2,1527,374,373.61904761904754
2,1528,373,373.19047619047615
2,1529,373,373.42857142857133
2,1530,374,373.8095238095236
2,1531,375,374.6666666666665
2,1532,375,375.0952380952379
2,1533,376,375.77142857142866
2,1534,376,376.74285714285696
2,1535,379,378.7999999999999
2,1536,379,377.0952380952381
2,1537,379,378.95238095238085
2,1538,379,380.04761904761887
2,1539,381,380.3809523809523
2,1540,381,381.2380952380951
2,1541,382,381.8571428571428
2,1542,382,381.9523809523809
2,1543,382,382.09523809523796
2,1544,382,381.9999999999997
2,1545,382,381.9999999999997
2,1546,382,381.90476190476176
2,1547,382,382.04761904761887
2,1548,382,382.42857142857133
2,1549,383,382.6190476190475
2,1550,383,382.8095238095237
2,1551,382,382.23809523809507
2,1552,382,381.4285714285713
2,1553,380,381.09523809523796
2,1554,381,380.66666666666663
2,1555,381,380.09523809523796
2,1556,379,379.7619047619048
2,1557,379,379.0952380952381
2,1558,379,378.8095238095236
2,1559,379,379.095238095238
2,1560,379,378.952380952381
2,1561,379,378.76190476190465
2,1562,378,378.28571428571416
2,1563,378,377.7142857142856
2,1564,377,377.2380952380952
2,1565,377,377.2380952380952
2,1566,377,376.80952380952385
2,1567,377,376.2380952380952
2,1568,375,375.71428571428567
2,1569,375,375.6190476190474
2,1570,376,375.3809523809522
2,1571,376,375.3809523809522
2,1572,374,374.7142857142856
2,1573,374,373.76190476190476
2,1574,373,373.1428571428571
2,1575,373,373.0476190476189
2,1576,373,372.9047619047618
2,1577,373,372.99999999999983
2,1578,373,372.99999999999983
2,1579,373,372.99999999999983
2,1580,373,372.99999999999983
2,1581,373,372.99999999999983
2,1582,373,372.99999999999983
2,1583,373,372.99999999999983
2,1584,373,372.99999999999983
2,1585,373,372.99999999999983
2,1586,373,372.90476190476187
2,1587,373,373.00000000000017
2,1588,373,373.25714285714275
2,1589,374,373.94999999999993
3,0,373,374.0476190476189
3,1,373,373.04761904761875
3,2,373,372.7142857142856
3,3,373,372.8095238095237
3,4,373,373.095238095238
3,5,373,373.66666666666663
3,6,375,374.33333333333326
3,7,375,374.90476190476176
3,8,375,375.19047619047603
3,9,375,374.90476190476187
3,10,375,375.047619047619
3,11,375,375.5238095238094
3,12,376,375.5714285714284
3,13,376,375.2857142857141
3,14,374,374.6666666666666
3,15,374,374.14285714285705
3,16,374,374.2380952380952
3,17,375,374.6190476190476
3,18,375,374.5238095238095
3,19,374,374.4761904761905
3,20,374,374.28571428571416
3,21,375,374.6190476190475
3,22,375,375.2857142857141
3,23,376,375.7619047619047
3,24,376,375.7619047619047
3,25,376,376.19047619047615
3,26,376,376.76190476190465
3,27,378,377.2857142857141
3,28,378,377.3809523809521
3,29,377,377.61904761904754
3,30,377,377.6190476190474
3,31,379,378.28571428571416
3,32,379,379.2380952380951
3,33,380,379.8571428571427
3,34,380,379.9523809523808
3,35,380,380.095238095238
3,36,380,379.99999999999983
3,37,380,379.90476190476176
3,38,380,380.047619047619
3,39,380,380.4285714285714
3,40,381,380.6190476190476
3,41,381,380.6190476190474
3,42,380,380.4285714285713
3,43,380,380.04761904761887
3,44,380,379.9047619047617
3,45,380,380.09523809523813
3,46,380,379.9523809523809
3,47,380,379.76190476190476
3,48,379,379.28571428571405
3,49,379,378.90476190476187
3,50,378,378.14285714285705
3,51,378,377.3809523809523
3,52,376,376.57142857142856
3,53,376,376.2857142857143
3,54,376,375.71428571428567
3,55,376,375.33333333333326
3,56,374,374.6666666666666
3,57,374,374.095238095238
3,58,374,373.9047619047618
3,59,374,373.95238095238096
3,60,374,373.66666666666663
3,61,373,373.33333333333326
3,62,373,373.0476190476189
3,63,373,372.9047619047618
3,64,373,372.99999999999983
3,65,373,372.99999999999983
3,66,373,372.8095238095237
3,67,373,373.095238095238
3,68,373,373.38095238095235
3,69,375,374.4761904761903
3,70,375,375.7142857142857
3,71,378,377.2857142857141
3,72,378,378.33333333333326
3,73,380,379.71428571428567
3,74,380,380.6666666666666
3,75,382,381.47619047619037
3,76,382,381.5714285714283
3,77,381,381.52380952380946
3,78,381,381.1428571428572
3,79,381,380.85714285714283
3,80,381,380.9523809523809
3,81,380,380.2857142857142
3,82,380,378.99999999999983
3,83,377,377.66666666666646
3,84,376,376.42857142857133
3,85,376,375.52380952380946
3,86,375,375.19047619047603
3,87,375,374.80952380952374
3,88,374,374.1904761904761
3,89,374,373.7142857142856
3,90,373,373.2380952380951
3,91,373,372.9523809523809
3,92,373,372.95238095238096
3,93,373,373.23809523809507
3,94,374,373.71428571428555
3,95,374,374.28571428571416
3,96,375,374.76190476190465
3,97,375,374.7619047619047
3,98,375,375.190476190476
3,99,375,375.5714285714284
3,100,377,376.38095238095235
3,101,377,377.0476190476189
3,102,378,377.95238095238085
3,103,378,378.6190476190476
3,104,380,379.4285714285714
3,105,380,379.8095238095236
3,106,380,380.2380952380951
3,107,380,380.33333333333326
3,108,381,380.6666666666666
3,109,381,380.95238095238096
3,110,381,381.3809523809522
3,111,381,380.8571428571426
3,112,381,379.99999999999994
3,113,378,378.9999999999999
3,114,378,378.4285714285713
3,115,378,377.57142857142856
3,116,378,377.0952380952379
3,117,375,375.9523809523809
3,118,375,374.9047619047617
3,119,374,373.99999999999994
3,120,374,373.61904761904754
3,121,373,373.2857142857144
3,122,373,373.3809523809523
3,123,374,373.47619047619025
3,124,374,373.99999999999994
3,125,374,374.33333333333314
3,126,375,374.7142857142855
3,127,375,375.190476190476
3,128,376,375.8095238095238
3,129,376,376.095238095238
3,130,377,376.8571428571427
3,131,377,377.4285714285714
3,132,379,378.52380952380946
3,133,379,379.57142857142844
3,134,381,380.5238095238093
3,135,381,380.9047619047618
3,136,381,381.1904761904761
3,137,381,380.9999999999999
3,138,381,380.9999999999999
3,139,381,381.19047619047603
3,140,381,380.9047619047619
3,141,381,380.4285714285712
3,142,379,379.6190476190475
3,143,379,378.95238095238085
3,144,378,378.0476190476188
3,145,378,377.3809523809523
3,146,376,376.76190476190465
3,147,376,375.9999999999999
3,148,376,375.2380952380951
3,149,374,374.6190476190474
3,150,374,373.76190476190476
3,151,373,373.1428571428571
3,152,373,372.9523809523809
3,153,373,372.95238095238096
3,154,373,373.1428571428571
3,155,374,373.76190476190465
3,156,374,374.42857142857133
3,157,376,375.5238095238094
3,158,376,376.38095238095224
3,159,378,377.6190476190476
3,160,378,378.47619047619037
3,161,380,379.57142857142844
3,162,380,380.2380952380952
3,163,381,380.8571428571427
3,164,381,380.95238095238096
3,165,381,381.09523809523796
3,166,381,380.9999999999999
3,167,381,380.9999999999999
3,168,381,380.9999999999999
3,169,381,381.0952380952378
3,170,381,380.95238095238085
3,171,381,380.7619047619047
3,172,380,380.28571428571416
3,173,380,379.9047619047617
3,174,379,379.14285714285705
3,175,379,378.3809523809524
3,176,377,377.57142857142844
3,177,377,377.38095238095224
3,178,377,376.66666666666674
3,179,377,375.99999999999994
3,180,374,374.9999999999999
3,181,374,374.23809523809507
3,182,374,373.66666666666663
3,183,374,373.57142857142856
3,184,373,373.38095238095235
3,185,373,373.28571428571416
3,186,374,373.6190476190475
3,187,374,373.99999999999983
3,188,375,374.9047619047617
3,189,375,375.95238095238085
3,190,378,376.9047619047618
3,191,378,377.9523809523808
3,192,378,378.8571428571428
3,193,380,379.3809523809523
3,194,380,380.1428571428571
3,195,381,380.9047619047618
3,196,381,381.3809523809523
3,197,382,381.7142857142856
3,198,382,381.6190476190475
3,199,381,381.52380952380935
3,200,381,380.9999999999999
3,201,381,380.76190476190453
3,202,380,380.2380952380953
3,203,380,379.3809523809523
3,204,378,378.57142857142844
3,205,378,378.0952380952379
3,206,378,377.8095238095237
3,207,378,377.9999999999999
3,208,378,378.09523809523785
3,209,378,377.9523809523808
3,210,378,377.7619047619048
3,211,377,377.2857142857141
3,212,377,376.9047619047619
3,213,376,376.14285714285705
3,214,376,375.19047619047615
3,215,374,374.6666666666665
3,216,374,374.57142857142867
3,217,376,375.2380952380951
3,218,376,376.38095238095224
3,219,378,377.6190476190476
3,220,378,378.47619047619037
3,221,380,379.57142857142844
3,222,380,380.2380952380952
3,223,381,380.8571428571427
3,224,381,380.95238095238096
3,225,381,381.09523809523796
3,226,381,380.9999999999999
3,227,381,380.9999999999999
3,228,381,381.0952380952378
3,229,381,380.95238095238085
3,230,381,380.7619047619047
3,231,380,380.28571428571416
3,232,380,380.0
3,233,379,379.095238095238
3,234,379,378.0476190476189
3,235,376,377.0952380952379
3,236,376,376.04761904761887
3,237,376,375.04761904761887
3,238,374,374.6666666666666
3,239,374,374.1904761904762
3,240,374,373.7619047619046
3,241,374,373.66666666666663
3,242,373,373.33333333333326
3,243,373,372.9523809523809
3,244,373,372.95238095238096
3,245,373,373.23809523809507
3,246,374,373.71428571428555
3,247,374,373.99999999999983
3,248,375,374.9047619047617
3,249,375,375.8571428571427
3,250,378,377.14285714285705
3,251,378,377.9999999999999
3,252,379,379.047619047619
3,253,379,379.4857142857142
3,254,381,380.3999999999998
3,255,381,381.1999999999998
3,256,382,380.047619047619
3,257,382,381.6190476190475
3,258,382,382.5714285714286
3,259,382,382.19047619047603
3,260,382,381.80952380952374
3,261,382,381.3809523809523
3,262,380,381.38095238095224
3,263,381,380.5714285714285
3,264,381,379.52380952380946
3,265,377,378.38095238095224
3,266,377,377.04761904761887
3,267,376,375.8571428571427
3,268,376,375.38095238095224
3,269,374,374.5714285714284
3,270,374,374.095238095238
3,271,374,373.80952380952374
3,272,374,373.99999999999994
3,273,374,373.99999999999994
3,274,374,373.99999999999994
3,275,374,373.99999999999994
3,276,374,373.7142857142856
3,277,374,374.14285714285705
3,278,374,374.8095238095236
3,279,377,376.0952380952381
3,280,377,377.5238095238094
3,281,379,378.4285714285712
3,282,379,378.99999999999994
3,283,379,379.6666666666664
3,284,381,380.4285714285714
3,285,381,381.5714285714284
3,286,383,382.52380952380935
3,287,383,382.9999999999999
3,288,383,383.14285714285694
3,289,383,382.76190476190465
3,290,382,382.2857142857142
3,291,382,381.80952380952374
3,292,381,381.190476190476
3,293,381,380.9047619047618
3,294,380,380.14285714285705
3,295,380,379.57142857142844
3,296,378,378.47619047619037
3,297,378,377.5238095238093
3,298,376,376.6190476190475
3,299,376,375.66666666666634
3,300,375,374.4761904761903
3,301,373,373.7142857142857
3,302,373,372.99999999999994
3,303,373,372.80952380952374
3,304,373,372.90476190476187
3,305,373,373.0476190476189
3,306,373,373.1428571428571
3,307,374,373.76190476190465
3,308,374,374.42857142857133
3,309,376,375.5238095238094
3,310,376,376.4761904761903
3,311,378,377.57142857142844
3,312,378,378.0476190476188
3,313,379,378.9523809523809
3,314,379,379.5238095238095
3,315,381,380.4761904761902
3,316,381,381.14285714285694
3,317,382,381.90476190476176
3,318,382,382.3809523809523
3,319,383,382.7142857142856
3,320,383,382.7142857142856
3,321,382,382.3809523809523
3,322,382,381.71428571428555
3,323,381,381.6190476190475
3,324,381,380.8571428571427
3,325,381,379.6666666666664
3,326,377,378.2857142857141
3,327,377,377.04761904761887
3,328,376,375.8571428571427
3,329,376,375.4761904761903
3,330,374,374.52380952380946
3,331,374,373.76190476190476
3,332,373,373.1428571428571
3,333,373,372.76190476190476
3,334,373,373.04761904761904
3,335,373,374.095238095238
3,336,376,374.9523809523808
3,337,376,375.23809523809507
3,338,375,375.7619047619046
3,339,375,375.7619047619047
3,340,378,377.0476190476189
3,341,378,378.76190476190465
3,342,381,380.33333333333326
3,343,381,381.0952380952379
3,344,382,381.9999999999999
3,345,382,382.3809523809523
3,346,383,382.61904761904765
3,347,383,382.66666666666646
3,348,382,382.95238095238096
3,349,383,382.61904761904754
3,350,383,382.2857142857142
3,351,381,381.7142857142856
3,352,381,380.95238095238085
3,353,380,380.04761904761887
3,354,380,379.4761904761904
3,355,378,378.5238095238094
3,356,378,378.0476190476189
3,357,377,376.99999999999994
3,358,377,376.0476190476189
3,359,374,374.90476190476187
3,360,374,374.23809523809507
3,361,374,373.66666666666663
3,362,374,373.57142857142856
3,363,373,373.38095238095235
3,364,373,373.28571428571416
3,365,374,373.6190476190475
3,366,374,374.1904761904761
3,367,375,374.8095238095237
3,368,375,374.99999999999983
3,369,376,375.8095238095238
3,370,376,376.99999999999994
3,371,379,378.33333333333326
3,372,380,379.5714285714286
3,373,380,380.47619047619054
3,374,381,380.80952380952374
3,375,381,381.2857142857141
3,376,382,381.76190476190465
3,377,382,382.0476190476189
3,378,382,382.0476190476189
3,379,382,381.76190476190465
3,380,381,381.2857142857142
3,381,381,380.80952380952374
3,382,380,380.19047619047603
3,383,380,379.8095238095237
3,384,379,379.1904761904761
3,385,379,378.90476190476187
3,386,378,378.14285714285705
3,387,378,377.47619047619025
3,388,376,376.52380952380935
3,389,376,375.7619047619047
3,390,375,375.142857142857
3,391,375,375.23809523809507
3,392,375,374.8095238095237
3,393,375,374.3333333333332
3,394,373,373.66666666666646
3,395,373,373.095238095238
3,396,373,372.80952380952374
3,397,373,372.99999999999983
3,398,373,372.8095238095237
3,399,373,373.095238095238
3,400,373,373.5714285714285
3,401,375,374.3809523809524
3,402,375,375.14285714285694
3,403,376,375.9047619047617
3,404,376,376.1904761904761
3,405,377,376.80952380952374
3,406,377,377.47619047619037
3,407,378,377.66666666666646
3,408,378,377.2857142857142
3,409,376,376.76190476190465
3,410,376,376.09523809523796
3,411,376,375.7142857142857
3,412,376,376.0476190476189
3,413,376,376.4285714285712
3,414,377,376.6190476190475
3,415,377,376.7142857142856
3,416,376,376.38095238095235
3,417,376,375.90476190476187
3,418,375,375.142857142857
3,419,375,374.38095238095235
3,420,373,373.57142857142844
3,421,373,373.095238095238
3,422,373,372.80952380952374
3,423,373,372.90476190476187
3,424,373,373.0476190476189
3,425,373,373.1428571428571
3,426,374,373.76190476190465
3,427,374,374.5238095238094
3,428,376,375.4761904761903
3,429,376,376.23809523809507
3,430,377,376.8571428571428
3,431,377,376.5714285714285
3,432,377,377.2857142857142
3,433,377,378.33333333333326
3,434,381,379.6666666666665
3,435,381,380.61904761904754
3,436,381,381.47619047619054
3,437,381,381.5714285714284
3,438,383,382.38095238095235
3,439,383,383.23809523809524
3,440,384,384.04761904761887
3,441,384,383.85714285714266
3,442,384,383.6190476190475
3,443,382,382.5714285714285
3,444,382,381.52380952380935
3,445,380,380.4285714285712
3,446,380,379.8571428571428
3,447,379,379.09523809523796
3,448,379,378.9999999999999
3,449,378,378.09523809523796
3,450,378,377.1428571428571
3,451,375,375.8571428571427
3,452,375,374.9047619047617
3,453,374,373.99999999999994
3,454,374,373.7142857142856
3,455,373,373.2380952380951
3,456,373,372.9523809523809
3,457,373,372.95238095238096
3,458,373,373.23809523809507
3,459,374,373.71428571428555
3,460,374,374.0952380952379
3,461,375,374.8571428571426
3,462,375,375.52380952380935
3,463,377,376.2857142857141
3,464,377,377.33333333333314
3,465,378,378.5238095238094
3,466,380,379.28571428571416
3,467,380,379.90476190476176
3,468,380,380.2380952380951
3,469,380,380.33333333333326
3,470,381,380.6666666666666
3,471,381,380.95238095238096
3,472,381,381.09523809523796
3,473,381,381.0952380952378
3,474,381,380.95238095238085
3,475,381,380.7619047619047
3,476,380,380.28571428571416
3,477,380,379.9047619047617
3,478,379,379.14285714285705
3,479,379,378.57142857142844
3,480,377,377.57142857142844
3,481,377,376.38095238095224
3,482,375,375.2380952380951
3,483,374,374.3809523809522
3,484,374,373.52380952380946
3,485,373,373.2380952380951
3,486,373,372.9523809523809
3,487,373,372.95238095238096
3,488,373,373.1428571428571
3,489,374,373.76190476190465
3,490,374,374.5238095238094
3,491,376,375.4761904761903
3,492,376,375.9523809523807
3,493,377,376.99999999999994
3,494,377,377.8571428571429
3,495,380,379.14285714285705
3,496,380,380.09523809523796
3,497,381,380.99999999999983
3,498,381,381.190476190476
3,499,382,381.8095238095237
3,500,382,382.3809523809523
3,501,383,382.7142857142856
3,502,383,382.61904761904736
3,503,382,382.6190476190474
3,504,382,381.95238095238085
3,505,382,381.3333333333332
3,506,380,380.6190476190474
3,507,380,379.8571428571428
3,508,379,379.09523809523796
3,509,379,378.7714285714287
3,510,378,378.2285714285715
3,511,378,377.8999999999999
3,512,376,375.99999999999994
3,513,376,375.7619047619046
3,514,375,375.2380952380951
3,515,375,374.38095238095235
3,516,373,373.57142857142844
3,517,373,373.00000000000006
3,518,373,372.8571428571427
3,519,373,373.23809523809507
3,520,374,373.71428571428555
3,521,374,374.1904761904761
3,522,375,374.8095238095237
3,523,375,375.190476190476
3,524,376,375.71428571428567
3,525,376,376.33333333333314
3,526,377,377.0
3,527,378,377.66666666666646
3,528,378,378.28571428571416
3,529,379,378.8095238095237
3,530,379,379.38095238095224
3,531,380,379.7142857142855
3,532,380,379.7142857142858
3,533,379,379.38095238095235
3,534,379,378.80952380952374
3,535,378,378.19047619047603
3,536,378,377.8095238095236
3,537,377,377.190476190476
3,538,377,376.8095238095236
3,539,376,376.1904761904761
3,540,376,375.8095238095237
3,541,375,375.19047619047603
3,542,375,374.71428571428567
3,543,374,374.2380952380951
3,544,374,374.04761904761904
3,545,374,373.9047619047618
3,546,374,373.99999999999994
3,547,374,373.80952380952357
3,548,374,374.095238095238
3,549,374,374.6666666666665
3,550,376,375.33333333333326
3,551,376,375.71428571428567
3,552,376,376.2857142857142
3,553,376,376.38095238095224
3,554,378,377.4761904761905
3,555,378,378.90476190476187
3,556,381,380.19047619047603
3,557,381,380.6666666666667
3,558,381,381.38095238095235
3,559,381,381.6666666666666
3,560,383,382.33333333333314
3,561,383,382.9999999999999
3,562,383,383.14285714285694
3,563,383,382.8571428571426
3,564,382,382.23809523809524
3,565,382,381.4761904761905
3,566,380,380.52380952380946
3,567,380,380.047619047619
3,568,379,379.19047619047603
3,569,379,377.95238095238085
3,570,376,376.2380952380951
3,571,374,374.80952380952374
3,572,374,373.90476190476176
3,573,374,373.7619047619046
3,574,374,373.76190476190476
3,575,373,373.2857142857142
3,576,373,372.61904761904754
3,577,372,372.2857142857143
3,578,372,372.2857142857141
3,579,373,372.6190476190475
3,580,373,373.2857142857142
3,581,374,373.76190476190465
3,582,374,373.85714285714283
3,583,374,374.14285714285705
3,584,374,374.1428571428571
3,585,375,374.7619047619047
3,586,375,375.52380952380935
3,587,377,376.4761904761904
3,588,377,377.142857142857
3,589,378,377.90476190476187
3,590,378,378.190476190476
3,591,379,378.8095238095237
3,592,379,379.2857142857143
3,593,380,379.76190476190465
3,594,380,379.9523809523808
3,595,380,380.1904761904762
3,596,380,379.9523809523809
3,597,380,379.85714285714283
3,598,379,379.2380952380952
3,599,379,378.57142857142844
3,600,377,377.4761904761904
3,601,377,376.61904761904754
3,602,375,375.3809523809523
3,603,375,374.4285714285714
3,604,373,373.4761904761904
3,605,373,373.095238095238
3,606,373,372.80952380952374
3,607,373,372.90476190476187
3,608,373,373.0476190476189
3,609,373,373.23809523809507
3,610,374,373.71428571428555
3,611,374,374.1904761904761
3,612,375,374.8095238095237
3,613,375,375.2857142857141
3,614,376,375.8571428571428
3,615,376,375.9047619047618
3,616,376,375.4761904761904
3,617,375,375.4761904761903
3,618,375,375.85714285714283
3,619,378,376.9999999999999
3,620,378,378.6190476190475
3,621,380,379.57142857142844
3,622,380,379.47619047619037
3,623,379,379.57142857142844
3,624,379,379.47619047619037
3,625,380,379.52380952380935
3,626,380,379.8095238095237
3,627,379,379.3333333333332
3,628,379,378.4761904761905
3,629,377,377.52380952380946
3,630,377,376.95238095238096
3,631,376,376.0476190476189
3,632,376,375.4761904761903
3,633,374,374.52380952380946
3,634,374,373.66666666666663
3,635,373,373.19047619047615
3,636,373,373.47619047619037
3,637,374,373.4285714285713
3,638,374,373.6666666666666
3,639,373,373.6666666666666
3,640,374,373.76190476190465
3,641,374,374.0952380952381
3,642,375,374.8095238095237
3,643,375,375.190476190476
3,644,376,375.8095238095238
3,645,376,376.095238095238
3,646,377,376.8571428571427
3,647,377,377.61904761904754
3,648,379,378.4285714285713
3,649,379,378.8095238095236
3,650,379,379.2380952380952
3,651,379,379.33333333333314
3,652,380,379.66666666666646
3,653,380,379.85714285714266
3,654,380,380.14285714285705
3,655,380,380.52380952380935
3,656,381,380.76190476190453
3,657,381,380.1904761904762
3,658,379,379.095238095238
3,659,377,377.76190476190465
3,660,377,377.095238095238
3,661,377,376.71428571428544
3,662,377,376.5238095238095
3,663,375,375.5714285714284
3,664,375,374.4285714285714
3,665,373,373.4761904761904
3,666,373,373.095238095238
3,667,373,372.80952380952374
3,668,373,372.99999999999983
3,669,373,372.99999999999983
3,670,373,372.90476190476187
3,671,373,373.0476190476189
3,672,373,373.23809523809507
3,673,374,373.71428571428555
3,674,374,373.99999999999983
3,675,375,374.9047619047617
3,676,375,375.95238095238085
3,677,378,377.09523809523796
3,678,378,377.7619047619046
3,679,378,378.3333333333331
3,680,378,378.23809523809507
3,681,379,378.71428571428555
3,682,379,379.2857142857143
3,683,380,379.6666666666665
3,684,380,379.9999999999999
3,685,380,380.52380952380935
3,686,381,380.6190476190476
3,687,381,380.7142857142857
3,688,380,380.3809523809523
3,689,380,379.8095238095237
3,690,379,379.1904761904761
3,691,379,378.80952380952374
3,692,378,378.19047619047603
3,693,378,377.9047619047617
3,694,377,377.142857142857
3,695,377,376.38095238095224
3,696,375,375.57142857142844
3,697,375,375.19047619047615
3,698,375,374.7619047619047
3,699,375,374.6666666666665
3,700,374,374.3333333333332
3,701,374,374.04761904761904
3,702,374,373.8095238095239
3,703,374,374.04761904761904
3,704,374,374.1428571428571
3,705,375,374.7619047619047
3,706,375,375.52380952380935
3,707,377,376.4761904761904
3,708,377,377.0476190476189
3,709,378,377.95238095238085
3,710,378,378.6190476190476
3,711,380,379.4285714285714
3,712,380,379.90476190476187
3,713,380,380.19047619047615
3,714,380,379.99999999999983
3,715,380,379.99999999999983
3,716,380,380.09523809523813
3,717,380,379.9523809523809
3,718,380,379.85714285714283
3,719,379,379.2380952380952
3,720,379,378.4761904761905
3,721,377,377.61904761904754
3,722,377,376.71428571428555
3,723,376,375.9047619047617
3,724,375,375.3333333333332
3,725,375,374.6190476190474
3,726,374,374.2380952380951
3,727,374,374.04761904761904
3,728,374,373.9047619047618
3,729,374,373.99999999999994
3,730,374,373.99999999999994
3,731,374,373.99999999999994
3,732,374,373.99999999999994
3,733,374,373.80952380952357
3,734,374,374.095238095238
3,735,374,374.6666666666665
3,736,376,375.33333333333326
3,737,376,375.61904761904736
3,738,376,376.33333333333326
3,739,376,376.99999999999994
3,740,379,377.99999999999983
3,741,379,378.7619047619047
3,742,379,379.33333333333326
3,743,379,379.33333333333314
3,744,380,379.66666666666646
3,745,380,379.9523809523808
3,746,380,380.1904761904762
3,747,380,379.9523809523809
3,748,380,379.6666666666664
3,749,379,379.33333333333314
3,750,379,379.2380952380951
3,751,379,378.80952380952385
3,752,379,378.4285714285712
3,753,377,377.6190476190474
3,754,377,376.95238095238096
3,755,376,376.0476190476189
3,756,376,375.38095238095224
3,757,374,374.5714285714284
3,758,374,374.1904761904762
3,759,374,373.7619047619046
3,760,374,373.66666666666663
3,761,373,373.33333333333326
3,762,373,373.0476190476189
3,763,373,372.9047619047618
3,764,373,372.90476190476187
3,765,373,373.00000000000017
3,766,373,373.25714285714275
3,767,374,373.94999999999993
3,768,374,374.85714285714266
3,769,374,374.90476190476176
3,770,377,375.85714285714266
3,771,377,377.0952380952379
3,772,378,377.99999999999983
3,773,378,378.190476190476
3,774,379,378.8095238095237
3,775,379,379.1904761904761
3,776,380,379.8095238095238
3,777,380,380.3809523809521
3,778,381,380.71428571428555
3,779,381,380.6190476190474
3,780,380,380.4285714285713
3,781,380,380.2380952380951
3,782,380,379.8095238095237
3,783,380,379.33333333333326
3,784,378,378.66666666666646
3,785,378,378.2857142857141
3,786,378,377.7142857142856
3,787,378,377.4285714285712
3,788,376,376.6190476190475
3,789,376,375.8571428571427
3,790,375,375.19047619047603
3,791,375,374.66666666666646
3,792,374,373.7142857142857
3,793,373,373.4761904761905
3,794,373,373.7142857142855
3,795,375,374.1904761904761
3,796,375,374.38095238095224
3,797,374,374.61904761904754
3,798,374,374.61904761904736
3,799,376,375.2857142857141
3,800,376,376.14285714285705
3,801,377,376.9047619047618
3,802,377,377.1904761904759
3,803,378,377.8095238095237
3,804,378,378.190476190476
3,805,379,378.8095238095237
3,806,379,379.2857142857143
3,807,380,379.76190476190465
3,808,380,379.9523809523808
3,809,380,380.095238095238
3,810,380,380.09523809523813
3,811,380,379.9523809523809
3,812,380,379.6666666666664
3,813,379,379.33333333333314
3,814,379,379.14285714285705
3,815,379,378.85714285714266
3,816,379,378.4761904761903
3,817,378,378.42857142857133
3,818,378,378.7142857142857
3,819,380,379.33333333333314
3,820,380,379.8571428571428
3,821,380,380.33333333333314
3,822,379,379.09523809523796
3,823,379,377.4761904761903
3,824,374,375.5238095238094
3,825,374,373.7142857142856
3,826,373,372.95238095238085
3,827,373,373.6190476190476
3,828,375,374.2857142857141
3,829,375,375.0476190476189
3,830,376,375.8571428571427
3,831,376,376.6666666666667
3,832,378,377.6666666666665
3,833,379,378.6190476190476
3,834,379,379.47619047619025
3,835,380,379.76190476190465
3,836,380,379.9523809523808
3,837,380,380.095238095238
3,838,380,380.1904761904761
3,839,380,379.90476190476187
3,840,380,379.33333333333326
3,841,378,378.66666666666646
3,842,378,378.0952380952379
3,843,378,377.8095238095237
3,844,378,378.1904761904761
3,845,378,377.90476190476187
3,846,378,377.4285714285712
3,847,376,376.6190476190475
3,848,376,375.7619047619047
3,849,375,375.142857142857
3,850,375,375.23809523809507
3,851,375,374.8095238095237
3,852,375,374.3333333333332
3,853,373,373.66666666666646
3,854,373,373.00000000000006
3,855,373,372.8571428571427
3,856,373,373.33333333333326
3,857,374,373.3809523809523
3,858,374,374.095238095238
3,859,374,375.1904761904761
3,860,377,375.9523809523808
3,861,377,376.3333333333333
3,862,376,376.71428571428567
3,863,376,376.6190476190475
3,864,378,377.2857142857141
3,865,378,378.14285714285694
3,866,379,378.90476190476187
3,867,379,379.2857142857143
3,868,380,379.76190476190465
3,869,380,380.14285714285705
3,870,380,379.99999999999994
3,871,380,379.33333333333326
3,872,378,378.66666666666646
3,873,378,378.3809523809523
3,874,378,377.6666666666665
3,875,378,377.0952380952379
3,876,375,375.9523809523809
3,877,375,374.9047619047617
3,878,374,373.99999999999994
3,879,374,373.7142857142856
3,880,373,373.2380952380951
3,881,373,373.0476190476189
3,882,373,372.9047619047618
3,883,373,372.99999999999983
3,884,373,372.90476190476187
3,885,373,373.0476190476189
3,886,373,373.1428571428571
3,887,374,373.76190476190465
3,888,374,374.5238095238094
3,889,376,375.4761904761903
3,890,376,376.0476190476189
3,891,377,376.95238095238085
3,892,377,377.52380952380963
3,893,379,378.4761904761905
3,894,379,379.14285714285694
3,895,380,379.9047619047617
3,896,380,380.2857142857142
3,897,381,380.7619047619047
3,898,381,381.14285714285694
3,899,381,380.9999999999999
3,900,381,380.3333333333332
3,901,379,379.6666666666666
3,902,379,379.38095238095224
3,903,379,378.6666666666666
3,904,379,378.0952380952379
3,905,376,377.0476190476189
3,906,376,375.76190476190465
3,907,375,374.90476190476187
3,908,374,374.2857142857143
3,909,374,373.2857142857142
3,910,372,372.5714285714285
3,911,372,371.9047619047618
3,912,372,371.9047619047618
3,913,372,372.6666666666665
3,914,374,373.33333333333326
3,915,374,373.7142857142857
3,916,374,374.2857142857141
3,917,374,374.57142857142827
3,918,376,375.38095238095235
3,919,376,376.14285714285705
3,920,377,376.9047619047618
3,921,377,377.095238095238
3,922,378,377.8571428571428
3,923,378,378.6190476190476
3,924,380,379.4285714285714
3,925,380,379.90476190476187
3,926,380,380.28571428571416
3,927,380,379.9523809523809
3,928,380,379.6666666666664
3,929,379,379.33333333333314
3,930,379,379.14285714285705
3,931,379,378.85714285714266
3,932,379,378.8571428571428
3,933,378,378.2380952380952
3,934,378,377.47619047619025
3,935,376,376.52380952380935
3,936,376,375.95238095238096
3,937,375,375.0476190476188
3,938,375,374.47619047619037
3,939,373,373.5238095238094
3,940,373,372.6666666666666
3,941,372,372.19047619047615
3,942,372,372.2857142857141
3,943,373,372.6190476190475
3,944,373,373.19047619047615
3,945,374,373.6190476190475
3,946,374,374.38095238095224
3,947,375,375.3333333333332
3,948,377,376.3333333333333
3,949,377,377.23809523809496
3,950,378,377.90476190476187
3,951,378,378.190476190476
3,952,379,378.8095238095237
3,953,379,379.2857142857143
3,954,380,379.76190476190465
3,955,380,379.9523809523808
3,956,380,380.095238095238
3,957,380,380.1904761904761
3,958,380,379.90476190476187
3,959,380,379.4285714285712
3,960,378,378.6190476190475
3,961,378,377.9523809523809
3,962,377,377.0476190476189
3,963,377,376.4761904761903
3,964,375,375.5238095238094
3,965,375,374.7619047619047
3,966,374,374.1428571428571
3,967,374,374.14285714285717
3,968,374,373.8571428571428
3,969,374,373.66666666666663
3,970,373,373.42857142857144
3,971,373,372.99999999999994
3,972,373,372.47619047619037
3,973,372,372.3809523809523
3,974,372,372.2857142857141
3,975,373,372.6190476190475
3,976,373,372.9999999999999
3,977,374,373.9047619047618
3,978,374,374.95238095238085
3,979,377,376.09523809523796
3,980,377,376.66666666666663
3,981,377,377.3809523809522
3,982,377,377.4761904761903
3,983,379,378.4285714285712
3,984,379,379.6666666666665
3,985,381,380.4761904761905
3,986,381,380.4761904761903
3,987,380,380.5714285714284
3,988,380,380.5714285714285
3,989,381,380.4761904761903
3,990,381,380.38095238095224
3,991,379,379.71428571428555
3,992,379,378.8571428571428
3,993,378,378.19047619047615
3,994,378,377.6666666666665
3,995,377,376.99999999999994
3,996,376,376.33333333333314
3,997,376,375.7142857142856
3,998,375,375.19047619047603
3,999,375,374.80952380952374
3,1000,374,374.1904761904761
3,1001,374,373.7142857142856
3,1002,373,373.2380952380951
3,1003,373,373.0476190476189
3,1004,373,372.9047619047618
3,1005,373,372.90476190476187
3,1006,373,373.0476190476189
3,1007,373,373.23809523809507
3,1008,374,373.71428571428555
3,1009,374,374.0952380952379
3,1010,375,374.7619047619047
3,1011,375,375.6666666666666
3,1012,377,376.57142857142844
3,1013,378,377.6666666666664
3,1014,378,378.8095238095236
3,1015,380,379.4285714285714
3,1016,380,379.90476190476187
3,1017,380,380.19047619047615
3,1018,380,379.99999999999983
3,1019,380,379.99999999999983
3,1020,380,379.99999999999983
3,1021,380,380.00000000000017
3,1022,380,379.99999999999994
3,1023,380,379.99999999999994
3,1024,378,377.19047619047603
3,1025,378,377.90476190476164
3,1026,378,379.14285714285705
3,1027,380,379.1904761904761
3,1028,380,379.0952380952381
3,1029,377,378.0952380952381
3,1030,377,376.57142857142856
3,1031,375,375.3333333333333
3,1032,375,374.8571428571427
3,1033,374,374.09523809523796
3,1034,374,373.7142857142856
3,1035,373,373.1428571428571
3,1036,373,373.095238095238
3,1037,373,373.142857142857
3,1038,374,373.71428571428555
3,1039,374,374.0952380952379
3,1040,375,374.8571428571426
3,1041,375,375.61904761904754
3,1042,377,376.4285714285714
3,1043,377,376.71428571428567
3,1044,377,377.2857142857143
3,1045,377,377.6666666666665
3,1046,379,378.33333333333326
3,1047,379,378.8095238095236
3,1048,379,379.2380952380952
3,1049,379,379.33333333333314
3,1050,380,379.66666666666646
3,1051,380,379.9523809523808
3,1052,380,380.095238095238
3,1053,380,379.99999999999983
3,1054,380,379.99999999999983
3,1055,380,380.1904761904761
3,1056,380,379.99999999999983
3,1057,380,379.28571428571416
3,1058,378,378.52380952380946
3,1059,377,377.33333333333326
3,1060,377,376.2857142857142
3,1061,375,375.5238095238094
3,1062,375,374.8571428571427
3,1063,374,374.09523809523796
3,1064,374,373.7142857142856
3,1065,373,373.2380952380951
3,1066,373,373.0476190476189
3,1067,373,372.9047619047618
3,1068,373,372.90476190476187
3,1069,373,373.0476190476189
3,1070,373,373.1428571428571
3,1071,374,373.76190476190465
3,1072,374,374.6190476190476
3,1073,376,375.42857142857133
3,1074,376,375.61904761904736
3,1075,376,376.33333333333326
3,1076,376,376.90476190476187
3,1077,379,378.047619047619
3,1078,379,379.09523809523796
3,1079,380,379.90476190476187
3,1080,380,380.33333333333326
3,1081,381,380.9999999999999
3,1082,382,381.6666666666666
3,1083,382,382.5714285714283
3,1084,383,382.66666666666646
3,1085,383,382.38095238095235
3,1086,381,381.7142857142856
3,1087,381,380.95238095238085
3,1088,380,380.04761904761887
3,1089,380,379.4761904761904
3,1090,378,378.5238095238094
3,1091,378,377.9523809523809
3,1092,377,377.0476190476189
3,1093,377,376.38095238095224
3,1094,375,375.57142857142844
3,1095,375,375.2857142857141
3,1096,375,374.7142857142855
3,1097,375,374.2380952380951
3,1098,373,373.71428571428567
3,1099,373,373.42857142857133
3,1100,374,373.4761904761904
3,1101,374,373.85714285714283
3,1102,374,374.14285714285705
3,1103,374,374.1428571428571
3,1104,375,374.66666666666663
3,1105,375,375.6666666666666
3,1106,377,376.4761904761905
3,1107,378,377.7142857142856
3,1108,378,379.0476190476188
3,1109,381,380.142857142857
3,1110,381,381.1904761904761
3,1111,382,381.95238095238074
3,1112,382,381.9523809523809
3,1113,382,382.09523809523796
3,1114,382,382.095238095238
3,1115,382,381.9523809523809
3,1116,382,381.76190476190465
3,1117,381,381.2857142857142
3,1118,381,380.9047619047618
3,1119,380,380.14285714285705
3,1120,380,379.4761904761904
3,1121,378,378.5238095238094
3,1122,378,378.0476190476189
3,1123,377,376.99999999999994
3,1124,377,376.14285714285694
3,1125,374,374.8571428571428
3,1126,374,373.8095238095236
3,1127,373,373.047619047619
3,1128,373,373.0476190476189
3,1129,373,372.71428571428555
3,1130,373,373.095238095238
3,1131,373,373.5714285714285
3,1132,375,374.3809523809524
3,1133,375,375.0476190476189
3,1134,376,375.95238095238085
3,1135,376,376.3333333333333
3,1136,378,377.57142857142844
3,1137,378,378.90476190476187
3,1138,381,380.19047619047603
3,1139,381,380.6666666666667
3,1140,381,381.38095238095235
3,1141,381,381.6666666666666
3,1142,383,382.33333333333314
3,1143,383,382.9999999999999
3,1144,383,383.14285714285694
3,1145,383,382.66666666666646
3,1146,382,382.52380952380935
3,1147,382,381.95238095238085
3,1148,382,381.3333333333332
3,1149,380,380.6190476190474
3,1150,380,379.95238095238074
3,1151,379,379.047619047619
3,1152,379,378.6666666666666
3,1153,377,377.4285714285714
3,1154,377,376.09523809523813
3,1155,374,374.80952380952357
3,1156,374,374.23809523809507
3,1157,374,373.66666666666663
3,1158,374,373.47619047619037
3,1159,373,373.42857142857133
3,1160,373,373.52380952380946
3,1161,375,374.33333333333326
3,1162,375,375.57142857142844
3,1163,377,376.3333333333332
3,1164,377,376.9999999999999
3,1165,377,377.6666666666665
3,1166,379,378.4285714285712
3,1167,379,379.47619047619037
3,1168,381,380.5714285714285
3,1169,381,381.2380952380951
3,1170,382,381.8571428571428
3,1171,382,381.9523809523809
3,1172,382,382.09523809523796
3,1173,382,382.095238095238
3,1174,382,381.9523809523809
3,1175,382,381.76190476190465
3,1176,381,381.2857142857142
3,1177,381,380.9047619047618
3,1178,380,380.14285714285705
3,1179,380,379.57142857142844
3,1180,378,378.47619047619037
3,1181,378,377.6190476190475
3,1182,376,376.38095238095224
3,1183,376,375.5238095238094
3,1184,374,374.3333333333332
3,1185,374,373.8095238095238
3,1186,373,373.5714285714285
3,1187,374,373.6666666666666
3,1188,374,373.33333333333314
3,1189,373,373.52380952380946
3,1190,373,373.4285714285714
3,1191,375,374.38095238095224
3,1192,375,375.8095238095238
3,1193,378,377.2380952380951
3,1194,378,377.9047619047618
3,1195,379,379.09523809523796
3,1196,379,379.95238095238085
3,1197,382,381.0952380952379
3,1198,382,381.76190476190465
3,1199,382,382.3333333333333
3,1200,382,382.42857142857133
3,1201,383,382.6190476190475
3,1202,383,382.61904761904736
3,1203,382,382.42857142857133
3,1204,382,382.0476190476189
3,1205,382,382.190476190476
3,1206,382,381.85714285714283
3,1207,382,381.0952380952381
3,1208,379,379.9523809523809
3,1209,379,378.99999999999983
3,1210,378,377.9523809523808
3,1211,378,377.47619047619025
3,1212,376,376.52380952380935
3,1213,376,375.8571428571427
3,1214,375,375.09523809523796
3,1215,375,374.80952380952374
3,1216,374,374.1904761904761
3,1217,374,373.7142857142856
3,1218,373,373.2380952380951
3,1219,373,372.85714285714266
3,1220,373,372.99999999999994
3,1221,373,373.4761904761904
3,1222,375,374.4285714285713
3,1223,375,375.57142857142844
3,1224,377,376.42857142857133
3,1225,377,376.9523809523808
3,1226,377,377.6190476190474
3,1227,378,377.6190476190474
3,1228,378,377.6190476190475
3,1229,377,377.33333333333326
3,1230,377,377.0952380952379
3,1231,377,376.76190476190465
3,1232,378,378.2857142857143
3,1233,378,379.42857142857133
3,1234,383,379.99999999999994
3,1235,379,380.1428571428571
3,1236,379,380.28571428571433
3,1237,380,379.1428571428571
3,1238,380,379.1428571428571
3,1239,377,377.99999999999983
3,1240,377,376.47619047619037
3,1241,375,375.3809523809522
3,1242,375,375.2857142857141
3,1243,375,374.7142857142855
3,1244,375,374.2380952380951
3,1245,373,373.71428571428567
3,1246,373,373.42857142857133
3,1247,374,373.4761904761904
3,1248,374,373.85714285714283
3,1249,374,374.14285714285705
3,1250,374,374.23809523809507
3,1251,375,374.7142857142855
3,1252,375,375.0952380952379
3,1253,376,375.85714285714266
3,1254,376,376.52380952380935
3,1255,378,377.2857142857141
3,1256,378,378.33333333333314
3,1257,379,379.42857142857133
3,1258,381,380.3333333333333
3,1259,381,381.23809523809524
3,1260,382,381.90476190476176
3,1261,382,382.1904761904761
3,1262,383,382.80952380952374
3,1263,383,383.6666666666666
3,1264,384,383.5714285714285
3,1265,384,382.42857142857133
3,1266,380,381.52380952380935
3,1267,380,381.33333333333326
3,1268,382,380.71428571428555
3,1269,382,380.14285714285705
3,1270,377,378.9047619047617
3,1271,377,377.8571428571428
3,1272,378,377.04761904761887
3,1273,378,376.9523809523809
3,1274,375,376.2857142857142
3,1275,375,375.0476190476189
3,1276,375,373.9523809523808
3,1277,373,373.7428571428571
3,1278,373,373.31428571428563
3,1279,374,374.04999999999995
3,1280,374,374.7142857142856
3,1281,374,373.99999999999994
3,1282,374,373.6190476190474
3,1283,374,374.095238095238
3,1284,374,374.4761904761903
3,1285,376,375.42857142857133
3,1286,376,376.4761904761903
3,1287,378,377.57142857142844
3,1288,378,378.0476190476188
3,1289,379,378.9523809523809
3,1290,379,379.7142857142854
3,1291,381,380.3809523809523
3,1292,381,380.5714285714285
3,1293,380,380.5238095238094
3,1294,380,380.04761904761887
3,1295,380,379.9999999999999
3,1296,380,379.9523809523809
3,1297,380,379.76190476190476
3,1298,379,379.28571428571405
3,1299,379,378.80952380952374
3,1300,378,378.19047619047603
3,1301,378,377.8095238095236
3,1302,377,377.190476190476
3,1303,377,376.9047619047619
3,1304,376,376.14285714285705
3,1305,376,375.4761904761903
3,1306,374,374.52380952380946
3,1307,374,373.76190476190476
3,1308,373,373.1428571428571
3,1309,373,373.0476190476189
3,1310,373,372.9047619047618
3,1311,373,372.8095238095237
3,1312,373,373.095238095238
3,1313,373,373.5714285714285
3,1314,375,374.190476190476
3,1315,375,375.3333333333332
3,1316,376,376.42857142857133
3,1317,378,377.3333333333333
3,1318,378,378.14285714285705
3,1319,379,378.9523809523809
3,1320,379,379.61904761904754
3,1321,381,380.42857142857144
3,1322,381,380.8095238095237
3,1323,381,381.2380952380952
3,1324,381,381.3333333333333
3,1325,382,381.6666666666666
3,1326,382,381.9523809523809
3,1327,382,382.09523809523796
3,1328,382,382.095238095238
3,1329,382,381.9523809523809
3,1330,382,381.76190476190465
3,1331,381,381.2857142857142
3,1332,381,380.80952380952374
3,1333,380,380.19047619047603
3,1334,380,380.0
3,1335,379,379.095238095238
3,1336,379,378.142857142857
3,1337,376,376.95238095238074
3,1338,376,375.76190476190465
3,1339,375,374.8095238095236
3,1340,374,374.33333333333314
3,1341,374,373.5238095238094
3,1342,373,373.2857142857144
3,1343,373,373.28571428571416
3,1344,374,373.6190476190475
3,1345,374,374.1904761904761
3,1346,375,374.8095238095237
3,1347,375,375.190476190476
3,1348,376,375.8095238095238
3,1349,376,375.9999999999999
3,1350,377,376.9047619047618
3,1351,377,377.95238095238085
3,1352,380,379.0952380952379
3,1353,380,379.57142857142844
3,1354,380,380.42857142857144
3,1355,380,381.095238095238
3,1356,383,381.95238095238074
3,1357,383,382.6190476190475
3,1358,382,382.5714285714285
3,1359,382,381.71428571428555
3,1360,381,381.4285714285713
3,1361,381,380.95238095238096
3,1362,381,380.33333333333314
3,1363,379,379.6190476190475
3,1364,379,378.8571428571428
3,1365,378,378.09523809523785
3,1366,378,378.0952380952379
3,1367,377,377.0476190476189
3,1368,377,375.61904761904754
3,1369,373,374.28571428571416
3,1370,373,373.6190476190476
3,1371,374,373.2380952380952
3,1372,374,373.5238095238094
3,1373,373,373.4761904761904
3,1374,373,373.28571428571416
3,1375,374,373.52380952380946
3,1376,374,374.3333333333332
3,1377,375,374.80952380952374
3,1378,376,375.7619047619047
3,1379,376,376.8571428571428
3,1380,379,378.19047619047603
3,1381,379,379.4285714285712
3,1382,381,380.6666666666666
3,1383,381,381.14285714285694
3,1384,382,381.90476190476176
3,1385,382,382.2857142857143
3,1386,383,382.7619047619046
3,1387,383,382.85714285714266
3,1388,383,383.1428571428569
3,1389,383,383.5238095238094
3,1390,384,383.57142857142856
3,1391,384,383.3809523809523
3,1392,382,382.7142857142856
3,1393,382,382.04761904761887
3,1394,381,380.9999999999999
3,1395,381,380.1428571428571
3,1396,378,379.04761904761887
3,1397,378,377.7142857142856
3,1398,377,376.4761904761903
3,1399,375,375.6666666666666
3,1400,375,374.66666666666663
3,1401,374,374.1428571428571
3,1402,374,374.14285714285717
3,1403,374,373.8571428571428
3,1404,374,373.57142857142856
3,1405,373,373.38095238095235
3,1406,373,373.28571428571416
3,1407,374,373.6190476190475
3,1408,374,374.1904761904761
3,1409,375,374.8095238095237
3,1410,375,375.0952380952379
3,1411,376,375.85714285714266
3,1412,376,376.52380952380935
3,1413,378,377.47619047619037
3,1414,378,378.0476190476188
3,1415,379,378.9523809523809
3,1416,379,379.61904761904754
3,1417,381,380.42857142857144
3,1418,381,380.9047619047618
3,1419,381,381.2857142857143
3,1420,381,380.95238095238085
3,1421,381,380.7619047619047
3,1422,380,380.28571428571416
3,1423,380,379.8095238095237
3,1424,379,379.1904761904761
3,1425,379,378.9999999999999
3,1426,378,378.09523809523796
3,1427,378,377.04761904761904
3,1428,375,375.99999999999994
3,1429,375,375.0952380952381
3,1430,375,374.1904761904761
3,1431,374,374.3333333333331
3,1432,374,374.7619047619047
3,1433,376,375.5714285714285
3,1434,377,376.6666666666665
3,1435,377,377.0952380952381
3,1436,377,376.8571428571427
3,1437,376,376.2857142857141
3,1438,376,375.4285714285714
3,1439,375,375.0952380952381
3,1440,375,376.190476190476
3,1441,378,377.8095238095236
3,1442,381,379.90476190476187
3,1443,381,381.47619047619037
3,1444,382,381.95238095238074
3,1445,382,381.85714285714283
3,1446,382,382.142857142857
3,1447,382,382.42857142857133
3,1448,383,382.6190476190475
3,1449,383,382.8095238095237
3,1450,382,382.3333333333333
3,1451,382,381.4761904761905
3,1452,380,380.52380952380946
3,1453,380,379.95238095238074
3,1454,379,379.047619047619
3,1455,379,378.4761904761905
3,1456,377,377.52380952380946
3,1457,377,376.76190476190465
3,1458,376,376.14285714285705
3,1459,376,376.2380952380951
3,1460,376,375.80952380952374
3,1461,376,375.42857142857133
3,1462,374,374.6190476190474
3,1463,374,373.76190476190476
3,1464,373,373.1428571428571
3,1465,373,373.0476190476189
3,1466,373,372.71428571428555
3,1467,373,373.095238095238
3,1468,373,373.4761904761904
3,1469,375,374.4285714285713
3,1470,375,375.57142857142844
3,1471,377,376.52380952380935
3,1472,377,376.52380952380946
3,1473,377,377.3809523809523
3,1474,377,378.33333333333326
3,1475,381,379.6666666666665
3,1476,381,380.71428571428567
3,1477,381,381.42857142857144
3,1478,381,381.23809523809507
3,1479,382,381.7142857142856
3,1480,382,382.2857142857143
3,1481,383,382.85714285714266
3,1482,383,382.9047619047618
3,1483,383,383.14285714285694
3,1484,382,382.1428571428571
3,1485,382,380.8095238095237
3,1486,378,379.19047619047603
3,1487,378,378.04761904761887
3,1488,377,376.8571428571427
3,1489,377,376.4761904761903
3,1490,375,375.5238095238094
3,1491,375,374.8571428571427
3,1492,374,374.09523809523796
3,1493,374,373.7142857142856
3,1494,373,373.2380952380951
3,1495,373,372.9523809523809
3,1496,373,372.95238095238096
3,1497,373,373.23809523809507
3,1498,374,373.71428571428555
3,1499,374,374.0952380952379
3,1500,375,374.8571428571426
3,1501,375,375.42857142857133
3,1502,377,376.2380952380951
3,1503,377,377.7142857142856
3,1504,379,379.52380952380935
3,1505,382,380.9047619047618
3,1506,382,382.04761904761887
3,1507,382,382.2857142857142
3,1508,382,381.9999999999997
3,1509,382,381.9999999999997
3,1510,382,382.095238095238
3,1511,382,381.9523809523809
3,1512,382,381.76190476190465
3,1513,381,381.2857142857142
3,1514,381,380.9047619047618
3,1515,380,380.14285714285705
3,1516,380,379.57142857142844
3,1517,378,378.47619047619037
3,1518,378,377.5238095238093
3,1519,376,376.52380952380946
3,1520,376,375.7142857142856
3,1521,375,374.8095238095236
3,1522,374,374.38095238095224
3,1523,374,373.9523809523808
3,1524,374,373.9047619047618
3,1525,374,373.99999999999994
3,1526,374,373.99999999999994
3,1527,374,373.80952380952357
3,1528,374,374.095238095238
3,1529,374,374.57142857142827
3,1530,376,375.38095238095235
3,1531,376,375.9523809523807
3,1532,377,376.99999999999994
3,1533,377,377.7428571428573
3,1534,380,379.02857142857135
3,1535,380,380.29999999999995
3,1536,382,380.095238095238
3,1537,382,381.95238095238085
3,1538,383,383.23809523809507
3,1539,383,383.04761904761887
3,1540,383,383.04761904761887
3,1541,383,382.66666666666646
3,1542,382,382.33333333333314
3,1543,382,382.0476190476189
3,1544,382,381.9047619047618
3,1545,382,382.095238095238
3,1546,382,382.047619047619
3,1547,382,381.6190476190475
3,1548,381,380.99999999999994
3,1549,380,380.38095238095224
3,1550,380,380.2380952380951
3,1551,380,379.7619047619046
3,1552,380,378.99999999999994
3,1553,377,378.0
3,1554,377,377.3333333333331
3,1555,377,376.61904761904736
3,1556,377,376.33333333333326
3,1557,375,375.6666666666666
3,1558,375,375.2857142857141
3,1559,375,374.7142857142855
3,1560,375,374.3333333333332
3,1561,373,373.66666666666646
3,1562,373,373.095238095238
3,1563,373,372.80952380952374
3,1564,373,372.99999999999983
3,1565,373,372.99999999999983
3,1566,373,372.99999999999983
3,1567,373,372.99999999999983
3,1568,373,372.99999999999983
3,1569,373,372.99999999999983
3,1570,373,372.90476190476187
3,1571,373,373.0476190476189
3,1572,373,373.4285714285714
3,1573,374,373.4285714285714
3,1574,374,373.71428571428567
3,1575,373,374.0952380952379
3,1576,375,374.3809523809524
3,1577,375,374.8095238095236
3,1578,375,375.19047619047603
3,1579,375,374.90476190476187
3,1580,375,375.047619047619
3,1581,375,375.33333333333326
3,1582,376,375.6666666666666
3,1583,376,375.95238095238085
3,1584,376,376.09523809523796
3,1585,376,375.9047619047618
3,1586,376,376.0476190476189
3,1587,376,376.4285714285712
3,1588,377,376.62857142857155
3,1589,377,376.71428571428567
3,1590,376,376.0
