channel,index,raw,filtered
1,0,380,387.28571428571405
1,1,380,379.9523809523809
1,2,379,377.6190476190476
1,3,379,381.14285714285694
1,4,387,384.5238095238094
1,5,387,387.8571428571428
1,6,393,392.14285714285694
1,7,393,395.2857142857142
1,8,401,398.95238095238074
1,9,401,401.14285714285705
1,10,402,402.23809523809535
1,11,402,401.3333333333333
1,12,400,400.9999999999999
1,13,401,400.8095238095236
1,14,401,401.57142857142844
1,15,402,401.5238095238093
1,16,402,399.71428571428555
1,17,397,399.0476190476189
1,18,397,400.09523809523796
1,19,403,400.0952380952381
1,20,403,399.04761904761887
1,21,394,397.9047619047617
1,22,394,397.238095238095
1,23,401,397.57142857142844
1,24,401,398.9047619047617
1,25,396,398.38095238095235
1,26,396,396.47619047619037
1,27,397,396.2380952380951
1,28,397,397.28571428571416
1,29,398,397.76190476190453
1,30,398,397.95238095238085
1,31,398,398.2857142857142
1,32,398,397.9047619047617
1,33,398,397.14285714285705
1,34,396,396.76190476190476
1,35,396,397.14285714285705
1,36,398,396.9523809523808
1,37,398,396.47619047619037
1,38,394,395.57142857142856
1,39,394,394.4285714285712
1,40,395,394.3333333333334
1,41,395,395.7619047619046
1,42,396,395.5238095238093
1,43,396,393.90476190476187
1,44,391,392.9523809523809
1,45,391,392.5714285714285
1,46,395,393.1904761904759
1,47,395,394.8095238095237
1,48,395,395.3809523809522
1,49,395,395.3809523809523
1,50,395,394.8095238095237
1,51,395,393.38095238095235
1,52,391,393.3333333333333
1,53,391,391.7619047619046
1,54,394,388.95238095238085
1,55,385,388.19047619047603
1,56,385,389.2857142857141
1,57,392,388.1904761904762
1,58,392,386.5714285714284
1,59,379,384.38095238095224
1,60,379,383.04761904761904
1,61,387,382.71428571428555
1,62,387,383.28571428571416
1,63,379,382.7619047619047
1,64,379,381.9999999999999
1,65,386,382.76190476190465
1,66,386,384.6666666666665
1,67,383,384.6666666666665
1,68,383,383.0476190476188
1,69,383,382.7619047619047
1,70,383,383.33333333333326
1,71,384,383.5714285714283
1,72,384,383.9999999999998
1,73,384,384.61904761904754
1,74,385,384.5714285714285
1,75,385,384.5714285714285
1,76,383,383.61904761904754
1,77,383,381.9999999999999
1,78,380,380.8571428571426
1,79,380,381.0476190476189
1,80,381,380.09523809523796
1,81,381,378.6666666666666
1,82,375,377.2380952380952
1,83,375,376.76190476190476
1,84,378,376.19047619047615
1,85,378,375.9999999999999
1,86,373,375.0476190476189
1,87,373,374.19047619047603
1,88,375,373.7142857142856
1,89,375,373.61904761904754
1,90,372,373.3333333333332
1,91,372,373.3333333333333
1,92,375,373.6190476190476
1,93,375,373.9999999999999
1,94,373,374.0476190476189
1,95,373,373.95238095238096
1,96,375,373.8571428571427
1,97,375,374.33333333333337
1,98,373,374.80952380952357
1,99,375,374.2857142857141
1,100,375,373.52380952380946
1,101,372,373.2857142857142
1,102,372,372.99999999999983
1,103,374,372.95238095238085
1,104,374,373.1428571428571
1,105,372,372.90476190476176
1,106,372,372.5238095238095
1,107,373,372.4285714285713
1,108,373,372.6190476190475
1,109,372,372.42857142857133
1,110,372,371.8571428571427
1,111,372,371.99999999999983
1,112,372,372.7619047619046
1,113,374,373.2857142857142
1,114,374,373.38095238095224
1,115,373,373.6190476190474
1,116,373,373.9047619047618
1,117,375,374.0476190476191
1,118,375,374.2857142857143
1,119,373,374.38095238095224
1,120,374,373.66666666666646
1,121,374,372.9047619047618
1,122,372,372.85714285714266
1,123,372,372.85714285714266
1,124,374,373.095238095238
1,125,374,373.6666666666666
1,126,373,373.4761904761904
1,127,373,372.7142857142856
1,128,372,372.2380952380952
1,129,372,371.4761904761904
1,130,372,372.1904761904761
1,131,372,373.7142857142856
1,132,378,376.1428571428572
1,133,378,378.7142857142857
1,134,381,380.5714285714284
1,135,381,380.4761904761903
1,136,381,381.4761904761904
1,137,381,383.38095238095224
1,138,385,383.1428571428569
1,139,385,381.142857142857
1,140,374,378.047619047619
1,141,374,374.33333333333326
1,142,374,373.0476190476189
1,143,374,374.95238095238096
1,144,376,375.190476190476
1,145,376,374.71428571428555
1,146,373,374.28571428571416
1,147,373,374.095238095238
1,148,375,373.9047619047618
1,149,375,373.7142857142856
1,150,372,373.2857142857142
1,151,372,372.99999999999983
1,152,374,372.95238095238085
1,153,374,373.23809523809496
1,154,372,372.76190476190465
1,155,372,372.14285714285705
1,156,372,372.2380952380952
1,157,373,372.61904761904754
1,158,373,372.142857142857
1,159,372,372.66666666666646
1,160,372,373.9047619047617
1,161,377,375.14285714285705
1,162,377,375.80952380952374
1,163,375,376.2857142857141
1,164,375,376.38095238095224
1,165,378,376.66666666666646
1,166,378,376.57142857142844
1,167,375,376.42857142857133
1,168,375,376.4285714285712
1,169,378,376.57142857142844
1,170,378,376.8571428571428
1,171,375,376.28571428571416
1,172,375,374.9523809523809
1,173,375,374.80952380952374
1,174,375,375.6666666666665
1,175,377,376.3333333333332
1,176,377,376.90476190476176
1,177,377,377.190476190476
1,178,377,376.9999999999999
1,179,377,376.9999999999999
1,180,377,377.0952380952381
1,181,377,376.952380952381
1,182,377,376.66666666666663
1,183,376,376.3333333333333
1,184,376,375.6666666666666
1,185,376,376.4761904761904
1,186,376,377.14285714285705
1,187,380,377.04761904761904
1,188,376,377.28571428571405
1,189,376,377.66666666666674
1,190,379,377.57142857142844
1,191,379,378.5238095238094
1,192,378,378.6190476190474
1,193,378,377.76190476190465
1,194,378,378.0476190476189
1,195,378,379.09523809523796
1,196,381,379.95238095238074
1,197,381,380.4285714285712
1,198,380,380.6666666666666
1,199,380,380.5714285714285
1,200,381,380.4761904761903
1,201,381,380.09523809523813
1,202,379,379.85714285714266
1,203,379,379.8571428571427
1,204,381,379.90476190476176
1,205,381,380.66666666666663
1,206,380,381.1904761904761
1,207,382,381.38095238095224
1,208,382,381.33333333333314
1,209,382,382.4285714285713
1,210,382,383.85714285714266
1,211,387,385.2380952380951
1,212,387,386.0
1,213,385,386.1904761904761
1,214,385,385.3333333333332
1,215,386,385.52380952380935
1,216,386,386.38095238095224
1,217,387,386.71428571428555
1,218,387,386.6190476190475
1,219,386,386.4285714285714
1,220,386,386.14285714285705
1,221,386,385.85714285714283
1,222,386,385.6666666666666
1,223,385,385.3333333333332
1,224,385,385.1428571428571
1,225,385,384.9523809523808
1,226,385,384.61904761904754
1,227,384,383.8095238095237
1,228,383,383.4761904761904
1,229,383,383.90476190476176
1,230,385,384.09523809523785
1,231,385,383.52380952380935
1,232,382,383.38095238095224
1,233,382,383.57142857142856
1,234,386,384.33333333333314
1,235,386,385.57142857142856
1,236,385,385.6666666666666
1,237,385,384.80952380952374
1,238,384,384.1904761904761
1,239,384,383.42857142857133
1,240,383,383.38095238095224
1,241,383,384.4285714285713
1,242,386,384.7142857142856
1,243,386,384.2380952380952
1,244,382,384.0476190476189
1,245,382,383.047619047619
1,246,385,382.61904761904754
1,247,382,382.85714285714266
1,248,382,382.52380952380946
1,249,382,381.6666666666666
1,250,382,381.8571428571428
1,251,381,381.23809523809507
1,252,381,380.1904761904761
1,253,379,379.6000000000002
1,254,379,379.57142857142844
1,255,381,380.9999999999999
1,256,381,387.38095238095235
1,257,380,381.4761904761903
1,258,380,379.04761904761887
1,259,383,381.9047619047618
1,260,383,382.8571428571427
1,261,383,383.285714285714
1,262,383,383.0
1,263,383,383.0
1,264,383,382.8095238095237
1,265,383,383.09523809523796
1,266,383,383.8571428571427
1,267,385,384.23809523809496
1,268,385,384.23809523809507
1,269,383,383.6666666666665
1,270,383,383.19047619047603
1,271,383,383.5714285714284
1,272,385,384.28571428571416
1,273,385,384.38095238095235
1,274,384,384.6190476190475
1,275,384,384.7142857142856
1,276,386,385.23809523809524
1,277,386,385.61904761904765
1,278,386,386.33333333333314
1,279,386,386.9999999999998
1,280,389,387.9999999999999
1,281,389,388.6666666666664
1,282,389,389.3809523809522
1,283,389,389.57142857142844
1,284,391,390.3809523809523
1,285,391,391.42857142857116
1,286,392,391.76190476190476
1,287,392,391.28571428571433
1,288,390,390.4761904761904
1,289,390,390.2380952380952
1,290,390,390.90476190476164
1,291,393,391.9523809523807
1,292,393,392.33333333333314
1,293,392,392.71428571428567
1,294,392,392.52380952380923
1,295,394,393.3333333333333
1,296,394,394.5714285714284
1,297,396,395.5238095238093
1,298,396,395.9047619047618
1,299,396,396.19047619047615
1,300,396,395.90476190476164
1,301,396,396.047619047619
1,302,396,396.3333333333332
1,303,397,396.66666666666663
1,304,397,396.9523809523808
1,305,397,397.095238095238
1,306,397,396.90476190476176
1,307,397,396.9523809523808
1,308,397,397.3809523809523
1,309,398,398.0952380952381
1,310,399,398.5714285714284
1,311,399,398.61904761904736
1,312,398,398.47619047619037
1,313,398,398.2857142857142
1,314,399,398.6190476190475
1,315,399,399.28571428571416
1,316,400,399.76190476190465
1,317,400,399.8571428571427
1,318,400,400.1428571428571
1,319,400,400.33333333333326
1,320,401,400.66666666666663
1,321,401,400.95238095238085
1,322,401,401.095238095238
1,323,401,401.0
1,324,401,401.0
1,325,401,400.90476190476176
1,326,401,401.1428571428569
1,327,401,401.28571428571394
1,328,402,401.238095238095
1,329,401,401.3333333333333
1,330,401,401.47619047619037
1,331,402,401.57142857142844
1,332,402,401.9523809523808
1,333,402,402.09523809523796
1,334,402,401.99999999999983
1,335,402,403.90476190476176
1,336,402,401.047619047619
1,337,402,395.33333333333314
1,338,382,388.6666666666664
1,339,382,383.4285714285713
1,340,382,379.8571428571428
1,341,382,377.9523809523808
1,342,377,379.8571428571428
1,343,377,385.76190476190476
1,344,402,393.0952380952381
1,345,402,400.047619047619
1,346,400,403.09523809523796
1,347,400,400.52380952380946
1,348,401,400.42857142857133
1,349,401,400.6190476190474
1,350,400,400.42857142857133
1,351,400,400.0476190476189
1,352,400,399.9047619047618
1,353,400,400.1904761904762
1,354,400,399.90476190476164
1,355,400,399.2380952380953
1,356,398,398.7142857142856
1,357,398,398.4285714285714
1,358,399,398.47619047619037
1,359,399,398.95238095238085
1,360,399,399.1904761904762
1,361,399,398.9523809523809
1,362,399,398.95238095238085
1,363,398,398.1904761904761
1,364,398,397.14285714285705
1,365,395,395.8571428571427
1,366,395,394.904761904762
1,367,394,393.99999999999983
1,368,394,393.7142857142857
1,369,393,393.238095238095
1,370,393,393.14285714285705
1,371,393,392.85714285714283
1,372,393,392.5714285714284
1,373,392,392.38095238095224
1,374,392,392.66666666666674
1,375,393,392.4285714285713
1,376,393,392.142857142857
1,377,390,391.0000000000001
1,378,390,389.1904761904759
1,379,388,388.5238095238094
1,380,388,389.6666666666666
1,381,391,389.52380952380935
1,382,391,388.57142857142856
1,383,385,387.42857142857133
1,384,385,386.57142857142844
1,385,388,385.99999999999994
1,386,388,386.99999999999994
1,387,385,387.4761904761902
1,388,388,387.0476190476189
1,389,388,386.4285714285713
1,390,386,387.19047619047615
1,391,386,388.14285714285705
1,392,391,388.9523809523808
1,393,391,389.047619047619
1,394,387,389.0
1,395,387,388.71428571428567
1,396,391,389.1904761904759
1,397,391,389.8571428571427
1,398,389,390.19047619047603
1,399,389,390.57142857142844
1,400,392,390.57142857142856
1,401,392,389.90476190476176
1,402,387,389.09523809523796
1,403,387,388.71428571428567
1,404,390,388.28571428571416
1,405,390,388.095238095238
1,406,385,386.99999999999983
1,407,385,385.8571428571428
1,408,386,384.6666666666666
1,409,386,385.14285714285694
1,410,383,386.09523809523785
1,411,387,385.4761904761903
1,412,387,383.8095238095237
1,413,380,382.9047619047618
1,414,380,381.95238095238085
1,415,384,381.8571428571428
1,416,384,382.9047619047618
1,417,381,382.3333333333332
1,418,381,380.80952380952374
1,419,380,380.047619047619
1,420,380,380.2380952380951
1,421,380,379.8095238095237
1,422,380,379.4285714285712
1,423,378,378.6190476190475
1,424,378,377.7619047619047
1,425,377,377.1428571428572
1,426,377,376.9523809523809
1,427,377,376.9523809523808
1,428,377,377.6190476190474
1,429,378,377.52380952380946
1,430,378,377.0476190476189
1,431,375,376.0476190476189
1,432,375,374.80952380952357
1,433,374,374.0476190476189
1,434,374,373.9523809523808
1,435,374,373.9523809523808
1,436,374,374.3333333333332
1,437,375,374.5714285714284
1,438,375,374.9999999999999
1,439,375,375.42857142857133
1,440,376,375.28571428571416
1,441,376,376.1428571428571
1,442,376,377.33333333333326
1,443,380,378.7142857142856
1,444,380,380.23809523809507
1,445,381,380.99999999999983
1,446,381,380.6190476190474
1,447,380,380.6190476190474
1,448,380,379.7619047619047
1,449,380,379.3333333333332
1,450,378,379.2380952380951
1,451,380,379.47619047619037
1,452,380,380.1428571428571
1,453,381,380.80952380952374
1,454,381,380.52380952380946
1,455,380,380.4761904761903
1,456,380,380.5714285714285
1,457,381,380.4761904761903
1,458,381,380.09523809523813
1,459,379,379.85714285714266
1,460,379,379.8571428571427
1,461,381,380.09523809523796
1,462,381,380.3809523809523
1,463,380,380.6190476190474
1,464,380,380.99999999999983
1,465,382,381.09523809523796
1,466,382,380.8095238095238
1,467,379,380.2380952380952
1,468,379,379.57142857142844
1,469,380,379.33333333333326
1,470,380,379.61904761904754
1,471,379,379.4285714285713
1,472,379,379.04761904761887
1,473,379,378.90476190476176
1,474,379,378.99999999999983
1,475,379,379.190476190476
1,476,379,378.90476190476187
1,477,379,378.33333333333326
1,478,377,377.6666666666665
1,479,377,377.0952380952379
1,480,377,376.8095238095236
1,481,377,376.8095238095238
1,482,377,377.0952380952379
1,483,377,377.8571428571427
1,484,379,378.2380952380951
1,485,379,378.2380952380952
1,486,377,377.95238095238085
1,487,377,377.0476190476189
1,488,377,376.38095238095224
1,489,376,376.3809523809523
1,490,376,376.5714285714284
1,491,377,376.4761904761904
1,492,377,376.0952380952381
1,493,375,375.8571428571429
1,494,375,375.7619047619047
1,495,377,376.4285714285714
1,496,377,376.7619047619046
1,497,377,375.90476190476187
1,498,374,375.1428571428569
1,499,374,375.238095238095
1,500,377,375.6666666666665
1,501,377,376.42857142857133
1,502,376,376.6666666666666
1,503,376,375.9999999999999
1,504,377,377.4285714285713
1,505,377,377.95238095238085
1,506,381,376.4761904761903
1,507,374,376.61904761904754
1,508,374,378.5238095238094
1,509,384,379.2857142857144
1,510,384,382.4285714285712
1,511,379,378.7499999999999
1,512,379,388.52380952380946
1,513,384,383.3333333333332
1,514,384,380.3333333333333
1,515,382,383.42857142857133
1,516,382,384.38095238095224
1,517,388,385.66666666666646
1,518,388,386.04761904761887
1,519,385,386.9047619047617
1,520,385,387.95238095238074
1,521,392,389.1428571428571
1,522,392,389.1428571428572
1,523,387,389.76190476190465
1,524,387,391.38095238095224
1,525,396,391.95238095238074
1,526,396,390.142857142857
1,527,384,389.57142857142844
1,528,384,390.90476190476176
1,529,399,391.14285714285705
1,530,399,394.142857142857
1,531,385,395.3333333333332
1,532,396,392.7142857142855
1,533,396,391.47619047619037
1,534,390,393.3809523809522
1,535,390,393.1904761904761
1,536,397,393.80952380952374
1,537,397,394.6666666666667
1,538,391,393.28571428571416
1,539,391,391.47619047619037
1,540,391,393.57142857142844
1,541,395,392.7619047619047
1,542,395,388.4761904761903
1,543,376,382.7142857142855
1,544,376,376.9047619047617
1,545,376,373.80952380952357
1,546,376,376.19047619047615
1,547,376,378.190476190476
1,548,380,378.238095238095
1,549,380,376.7142857142856
1,550,371,374.4285714285713
1,551,371,371.76190476190453
1,552,372,370.9047619047617
1,553,372,371.90476190476187
1,554,372,371.76190476190476
1,555,371,371.33333333333326
1,556,371,370.8571428571428
1,557,371,370.9999999999999
1,558,371,371.85714285714283
1,559,373,372.23809523809507
1,560,373,372.14285714285705
1,561,371,371.90476190476176
1,562,371,371.6190476190475
1,563,372,371.3809523809523
1,564,372,371.0952380952381
1,565,370,370.8571428571428
1,566,370,370.8571428571428
1,567,372,371.095238095238
1,568,372,371.4761904761904
1,569,371,371.5714285714284
1,570,371,371.4761904761904
1,571,372,371.5238095238094
1,572,372,371.61904761904754
1,573,371,371.33333333333326
1,574,371,371.0952380952381
1,575,371,371.3333333333332
1,576,372,371.6190476190475
1,577,372,371.52380952380946
1,578,371,371.4761904761903
1,579,371,371.28571428571416
1,580,372,371.6190476190475
1,581,372,372.2857142857142
1,582,373,372.76190476190476
1,583,373,373.04761904761904
1,584,373,373.04761904761887
1,585,373,372.57142857142856
1,586,372,372.3809523809523
1,587,372,372.1904761904761
1,588,373,372.6666666666667
1,589,373,373.80952380952374
1,590,375,374.33333333333314
1,591,375,374.2380952380951
1,592,373,373.7619047619047
1,593,373,373.142857142857
1,594,373,373.1428571428571
1,595,374,373.66666666666663
1,596,374,373.9523809523808
1,597,374,373.99999999999994
1,598,374,374.04761904761904
1,599,374,374.3333333333332
1,600,375,374.66666666666663
1,601,375,375.0476190476189
1,602,375,375.3333333333334
1,603,375,374.5238095238094
1,604,374,370.7619047619046
1,605,371,373.3333333333332
1,606,371,379.85714285714266
1,607,398,388.8095238095235
1,608,398,397.76190476190453
1,609,400,401.7142857142855
1,610,400,398.5714285714285
1,611,396,397.5238095238094
1,612,396,396.190476190476
1,613,396,395.6190476190475
1,614,396,396.09523809523796
1,615,396,395.95238095238085
1,616,396,396.047619047619
1,617,395,395.14285714285705
1,618,395,394.0
1,619,391,392.095238095238
1,620,391,390.0
1,621,388,388.7142857142855
1,622,388,389.0
1,623,390,388.8571428571427
1,624,390,389.28571428571405
1,625,388,389.28571428571405
1,626,389,388.7142857142857
1,627,389,388.52380952380946
1,628,388,388.3809523809524
1,629,388,387.71428571428567
1,630,387,387.23809523809507
1,631,387,387.14285714285705
1,632,387,386.8571428571428
1,633,387,386.47619047619054
1,634,386,386.4285714285713
1,635,386,387.09523809523796
1,636,388,387.0476190476188
1,637,388,386.2857142857142
1,638,384,385.66666666666646
1,639,384,385.28571428571405
1,640,387,385.5714285714284
1,641,387,386.71428571428555
1,642,386,386.5238095238094
1,643,386,385.3809523809522
1,644,384,384.57142857142844
1,645,384,384.19047619047603
1,646,384,383.9523809523808
1,647,384,383.57142857142844
1,648,383,382.6666666666666
1,649,381,381.7142857142856
1,650,381,380.9999999999999
1,651,381,380.8095238095237
1,652,381,381.4761904761903
1,653,381,380.7619047619046
1,654,381,379.14285714285705
1,655,376,377.76190476190465
1,656,376,376.90476190476176
1,657,378,376.85714285714266
1,658,378,377.99999999999983
1,659,378,378.14285714285705
1,660,378,377.8571428571428
1,661,377,377.2380952380953
1,662,377,376.2857142857141
1,663,375,375.6190476190475
1,664,375,375.4285714285712
1,665,376,375.4761904761903
1,666,376,376.0476190476189
1,667,376,376.0476190476189
1,668,376,375.6666666666665
1,669,375,374.76190476190453
1,670,375,375.33333333333326
1,671,375,376.42857142857133
1,672,381,379.23809523809524
1,673,381,382.66666666666663
1,674,386,384.7619047619046
1,675,386,384.57142857142844
1,676,383,384.57142857142844
1,677,383,383.6190476190475
1,678,385,384.142857142857
1,679,385,385.5714285714284
1,680,387,386.5238095238095
1,681,387,386.90476190476176
1,682,387,387.190476190476
1,683,387,386.80952380952374
1,684,387,387.0952380952379
1,685,387,387.76190476190476
1,686,389,388.2857142857141
1,687,389,388.4761904761903
1,688,388,388.4761904761904
1,689,388,388.4285714285713
1,690,389,388.9047619047618
1,691,390,389.6190476190475
1,692,390,390.04761904761887
1,693,390,390.095238095238
1,694,390,389.9047619047617
1,695,390,390.047619047619
1,696,390,390.4285714285714
1,697,391,390.61904761904725
1,698,391,390.7142857142857
1,699,390,390.3809523809523
1,700,390,389.6190476190475
1,701,389,389.2857142857141
1,702,389,389.3809523809522
1,703,390,389.57142857142844
1,704,390,390.047619047619
1,705,390,390.04761904761887
1,706,390,389.57142857142844
1,707,389,389.38095238095224
1,708,389,389.3809523809522
1,709,390,389.57142857142844
1,710,390,389.9523809523809
1,711,390,390.095238095238
1,712,390,390.0
1,713,390,389.9047619047617
1,714,390,390.047619047619
1,715,390,390.4285714285714
1,716,391,390.61904761904725
1,717,391,390.6190476190476
1,718,390,390.4285714285714
1,719,390,390.0476190476192
1,720,390,389.90476190476187
1,721,390,390.0
1,722,390,390.0
1,723,390,390.0
1,724,390,390.0
1,725,390,390.0
1,726,390,390.0
1,727,390,389.9047619047617
1,728,390,390.047619047619
1,729,390,390.4285714285714
1,730,391,390.61904761904725
1,731,391,390.6190476190476
1,732,390,390.4285714285714
1,733,390,390.0476190476192
1,734,390,389.90476190476187
1,735,390,390.0
1,736,390,390.095238095238
1,737,390,389.9523809523809
1,738,390,389.66666666666646
1,739,389,389.3333333333331
1,740,389,388.9523809523808
1,741,389,388.9523809523806
1,742,389,389.5238095238095
1,743,390,389.57142857142844
1,744,390,390.5238095238093
1,745,388,388.1428571428569
1,746,388,383.76190476190465
1,747,375,379.1428571428569
1,748,375,375.61904761904736
1,749,375,373.6666666666666
1,750,375,375.047619047619
1,751,375,375.33333333333326
1,752,376,375.76190476190476
1,753,376,375.9047619047618
1,754,376,375.6666666666666
1,755,375,375.38095238095224
1,756,375,375.3809523809523
1,757,376,375.4761904761903
1,758,376,375.9999999999999
1,759,376,376.6190476190475
1,760,377,376.57142857142844
1,761,377,376.2857142857142
1,762,375,375.76190476190465
1,763,375,375.19047619047615
1,764,375,374.7619047619047
1,765,375,374.7428571428573
1,766,374,374.37142857142834
1,767,374,373.8999999999999
1,768,374,383.3333333333332
1,769,374,375.6190476190475
1,770,374,371.1904761904759
1,771,374,372.9999999999998
1,772,371,371.9999999999999
1,773,371,371.1428571428571
1,774,371,370.7142857142857
1,775,371,370.90476190476176
1,776,371,371.0476190476189
1,777,371,371.33333333333326
1,778,372,371.66666666666646
1,779,372,371.95238095238074
1,780,372,372.0952380952379
1,781,372,371.9999999999999
1,782,372,372.095238095238
1,783,372,371.9523809523808
1,784,372,371.3809523809524
1,785,371,371.47619047619025
1,786,371,372.33333333333326
1,787,374,372.76190476190465
1,788,374,372.76190476190465
1,789,371,372.3333333333332
1,790,371,371.4761904761903
1,791,372,371.38095238095224
1,792,372,371.95238095238074
1,793,372,372.0952380952379
1,794,372,372.095238095238
1,795,372,371.9523809523808
1,796,372,371.76190476190476
1,797,371,371.28571428571405
1,798,371,370.61904761904765
1,799,370,370.2857142857142
1,800,370,370.47619047619037
1,801,371,370.5238095238095
1,802,371,370.6190476190474
1,803,370,370.42857142857116
1,804,370,370.04761904761887
1,805,370,369.5238095238093
1,806,370,370.190476190476
1,807,370,370.38095238095235
1,808,374,373.14285714285705
1,809,374,377.3333333333333
1,810,384,380.95238095238085
1,811,384,382.8571428571428
1,812,382,383.6190476190474
1,813,382,382.3809523809523
1,814,382,381.6666666666667
1,815,382,380.71428571428555
1,816,379,380.14285714285694
1,817,379,380.52380952380946
1,818,382,380.52380952380935
1,819,382,380.4285714285712
1,820,378,379.7619047619047
1,821,378,378.47619047619037
1,822,379,378.14285714285705
1,823,378,378.19047619047603
1,824,378,377.2857142857141
1,825,376,376.6666666666665
1,826,376,376.6666666666665
1,827,378,377.19047619047603
1,828,378,378.5238095238094
1,829,379,378.7142857142856
1,830,379,377.95238095238096
1,831,376,377.095238095238
1,832,376,376.0476190476191
1,833,376,375.7619047619046
1,834,376,376.2380952380951
1,835,377,376.71428571428555
1,836,377,377.47619047619037
1,837,378,377.66666666666646
1,838,378,377.2857142857142
1,839,376,376.76190476190465
1,840,376,376.09523809523796
1,841,376,375.8095238095237
1,842,376,376.1904761904761
1,843,376,375.90476190476176
1,844,376,375.23809523809507
1,845,374,374.71428571428567
1,846,374,374.5238095238095
1,847,375,374.42857142857133
1,848,375,374.6190476190476
1,849,374,374.5238095238095
1,850,374,373.9999999999998
1,851,374,373.3809523809523
1,852,373,373.42857142857133
1,853,373,373.9047619047618
1,854,375,374.14285714285705
1,855,375,374.2380952380951
1,856,373,373.85714285714266
1,857,373,373.095238095238
1,858,373,372.80952380952374
1,859,373,372.90476190476187
1,860,373,373.0476190476189
1,861,373,373.4285714285714
1,862,374,373.6190476190475
1,863,374,373.6190476190475
1,864,373,373.42857142857133
1,865,373,373.0476190476189
1,866,373,372.9047619047618
1,867,373,372.99999999999983
1,868,373,372.99999999999983
1,869,373,372.99999999999983
1,870,373,372.99999999999983
1,871,373,372.99999999999983
1,872,373,372.99999999999983
1,873,373,372.99999999999983
1,874,373,373.095238095238
1,875,373,372.95238095238096
1,876,373,372.57142857142856
1,877,372,372.3809523809523
1,878,372,372.47619047619025
1,879,373,372.5238095238094
1,880,373,372.5238095238095
1,881,372,372.47619047619037
1,882,372,372.47619047619025
1,883,373,372.5238095238094
1,884,373,372.6190476190475
1,885,372,372.42857142857133
1,886,372,372.0476190476189
1,887,372,371.8095238095238
1,888,372,372.0476190476188
1,889,372,372.3333333333332
1,890,373,372.66666666666663
1,891,373,372.95238095238085
1,892,373,373.095238095238
1,893,373,372.99999999999983
1,894,373,372.99999999999983
1,895,373,372.99999999999983
1,896,373,372.61904761904754
1,897,373,373.19047619047615
1,898,373,374.33333333333314
1,899,377,375.6666666666665
1,900,377,376.7142857142856
1,901,377,377.4285714285713
1,902,377,377.4285714285712
1,903,378,377.6190476190474
1,904,378,377.52380952380946
1,905,377,377.47619047619014
1,906,377,377.4761904761904
1,907,378,377.5238095238093
1,908,378,377.4285714285714
1,909,377,377.5238095238094
1,910,377,377.7142857142856
1,911,379,378.2380952380952
1,912,379,378.9047619047619
1,913,379,379.19047619047603
1,914,379,378.99999999999983
1,915,379,378.90476190476176
1,916,379,379.047619047619
1,917,379,379.33333333333314
1,918,380,379.66666666666646
1,919,380,380.0476190476189
1,920,380,380.047619047619
1,921,380,379.57142857142844
1,922,379,379.38095238095224
1,923,379,379.28571428571416
1,924,380,379.6190476190476
1,925,380,380.2857142857142
1,926,381,380.7619047619047
1,927,381,380.85714285714266
1,928,381,381.23809523809507
1,929,381,381.2857142857141
1,930,382,381.3333333333332
1,931,381,381.2857142857142
1,932,381,381.0476190476189
1,933,381,380.95238095238085
1,934,381,381.3333333333333
1,935,382,381.6666666666666
1,936,382,381.9523809523809
1,937,382,382.09523809523796
1,938,382,381.9999999999997
1,939,382,381.9999999999997
1,940,382,381.9999999999997
1,941,382,381.9999999999997
1,942,382,381.9999999999997
1,943,382,381.9999999999997
1,944,382,381.9999999999997
1,945,382,381.9999999999997
1,946,382,381.9999999999997
1,947,382,382.19047619047603
1,948,382,381.80952380952374
1,949,382,381.3809523809523
1,950,380,380.9999999999999
1,951,381,380.76190476190476
1,952,381,380.76190476190476
1,953,381,381.1904761904761
1,954,381,380.95238095238085
1,955,381,380.2857142857141
1,956,380,380.5238095238093
1,957,380,381.3809523809523
1,958,384,382.5714285714285
1,959,384,383.61904761904736
1,960,384,384.4761904761903
1,961,384,384.85714285714283
1,962,386,385.238095238095
1,963,386,384.85714285714266
1,964,384,385.04761904761904
1,965,384,385.80952380952374
1,966,388,385.9047619047617
1,967,388,386.6666666666665
1,968,384,387.047619047619
1,969,388,386.8571428571428
1,970,388,387.61904761904736
1,971,388,388.2857142857141
1,972,388,387.23809523809524
1,973,386,386.71428571428555
1,974,386,386.33333333333314
1,975,387,386.5238095238094
1,976,387,387.190476190476
1,977,388,387.8095238095238
1,978,388,388.2857142857141
1,979,389,388.76190476190453
1,980,389,388.9523809523808
1,981,389,389.0952380952379
1,982,389,389.0952380952381
1,983,389,388.95238095238096
1,984,389,388.6666666666666
1,985,388,388.33333333333314
1,986,388,387.95238095238085
1,987,388,387.95238095238074
1,988,388,388.33333333333314
1,989,389,388.76190476190453
1,990,389,388.9047619047617
1,991,389,388.57142857142844
1,992,388,388.4285714285713
1,993,388,388.8095238095238
1,994,390,389.1904761904759
1,995,390,389.4761904761903
1,996,389,389.5714285714285
1,997,389,389.3809523809522
1,998,390,389.57142857142844
1,999,390,390.047619047619
1,1000,390,390.04761904761887
1,1001,390,389.57142857142844
1,1002,389,389.38095238095224
1,1003,389,389.47619047619037
1,1004,390,389.52380952380935
1,1005,390,389.6190476190475
1,1006,389,389.4285714285714
1,1007,389,389.0476190476191
1,1008,389,388.99999999999983
1,1009,389,388.95238095238096
1,1010,389,388.7619047619047
1,1011,388,388.2857142857141
1,1012,388,387.61904761904736
1,1013,387,387.2857142857142
1,1014,387,387.47619047619037
1,1015,388,387.52380952380946
1,1016,388,387.52380952380946
1,1017,387,387.47619047619037
1,1018,387,387.5714285714285
1,1019,388,387.47619047619037
1,1020,388,387.190476190476
1,1021,386,386.8857142857144
1,1022,386,386.31428571428563
1,1023,387,387.05000000000007
1,1024,387,391.9999999999999
1,1025,387,387.7142857142856
1,1026,387,385.76190476190465
1,1027,387,386.90476190476176
1,1028,387,386.33333333333314
1,1029,385,385.66666666666646
1,1030,385,385.0952380952379
1,1031,385,384.80952380952357
1,1032,385,384.9999999999999
1,1033,385,385.190476190476
1,1034,385,384.90476190476164
1,1035,385,384.3333333333332
1,1036,383,383.6666666666666
1,1037,383,383.2857142857141
1,1038,383,382.7142857142856
1,1039,383,382.2380952380951
1,1040,381,381.7142857142856
1,1041,381,381.5238095238095
1,1042,382,381.42857142857144
1,1043,382,381.7142857142856
1,1044,381,381.38095238095246
1,1045,381,380.71428571428555
1,1046,380,380.2380952380952
1,1047,380,380.1428571428571
1,1048,380,379.8571428571428
1,1049,380,379.85714285714283
1,1050,379,379.2380952380952
1,1051,379,378.095238095238
1,1052,377,377.71428571428567
1,1053,377,378.19047619047603
1,1054,380,378.8571428571427
1,1055,380,379.47619047619037
1,1056,379,379.2857142857143
1,1057,378,378.38095238095224
1,1058,378,378.047619047619
1,1059,378,377.8571428571427
1,1060,378,377.8571428571428
1,1061,377,377.2380952380953
1,1062,377,376.2857142857141
1,1063,375,375.6190476190475
1,1064,375,375.52380952380946
1,1065,376,375.4285714285714
1,1066,376,375.6190476190475
1,1067,375,375.4285714285712
1,1068,375,374.95238095238074
1,1069,375,374.95238095238096
1,1070,375,375.33333333333326
1,1071,376,375.76190476190476
1,1072,376,375.9047619047618
1,1073,376,375.76190476190465
1,1074,375,375.3333333333332
1,1075,375,375.0476190476189
1,1076,375,374.9047619047617
1,1077,375,375.0952380952379
1,1078,375,374.95238095238085
1,1079,375,374.6666666666665
1,1080,374,374.3333333333332
1,1081,374,374.14285714285717
1,1082,374,373.8571428571428
1,1083,374,373.76190476190476
1,1084,373,373.2857142857142
1,1085,373,372.7142857142856
1,1086,372,372.2380952380952
1,1087,372,371.95238095238085
1,1088,372,371.9523809523808
1,1089,372,372.3333333333332
1,1090,373,372.66666666666663
1,1091,373,373.04761904761904
1,1092,373,373.04761904761887
1,1093,373,372.6666666666665
1,1094,372,372.3333333333332
1,1095,372,372.0476190476189
1,1096,372,371.8095238095238
1,1097,372,372.0476190476188
1,1098,372,372.4285714285713
1,1099,373,372.61904761904754
1,1100,373,372.6190476190475
1,1101,372,372.42857142857133
1,1102,372,371.95238095238085
1,1103,372,371.9523809523808
1,1104,372,372.3333333333332
1,1105,373,372.66666666666663
1,1106,373,372.95238095238085
1,1107,373,373.095238095238
1,1108,373,372.99999999999983
1,1109,373,372.99999999999983
1,1110,373,372.90476190476187
1,1111,373,373.0476190476189
1,1112,373,373.4285714285714
1,1113,374,373.6190476190475
1,1114,374,373.6190476190475
1,1115,373,373.238095238095
1,1116,373,373.1428571428571
1,1117,373,373.57142857142856
1,1118,375,374.33333333333326
1,1119,375,374.90476190476176
1,1120,375,375.19047619047603
1,1121,375,374.90476190476187
1,1122,375,375.047619047619
1,1123,375,375.4285714285715
1,1124,376,375.6190476190475
1,1125,376,375.6190476190475
1,1126,375,375.4285714285712
1,1127,375,374.95238095238074
1,1128,375,374.95238095238096
1,1129,375,375.4285714285715
1,1130,376,375.6190476190475
1,1131,376,375.4285714285712
1,1132,375,375.5238095238095
1,1133,375,375.71428571428567
1,1134,377,376.2380952380952
1,1135,377,376.71428571428567
1,1136,377,377.2857142857143
1,1137,377,377.8571428571427
1,1138,379,378.14285714285705
1,1139,379,378.28571428571416
1,1140,377,378.0952380952381
1,1141,378,377.8095238095237
1,1142,378,378.0952380952379
1,1143,379,378.76190476190465
1,1144,379,378.95238095238085
1,1145,379,378.9999999999999
1,1146,379,379.047619047619
1,1147,379,379.14285714285705
1,1148,380,379.85714285714266
1,1149,380,380.5714285714285
1,1150,382,381.09523809523796
1,1151,381,381.14285714285705
1,1152,381,381.28571428571416
1,1153,381,381.33333333333314
1,1154,382,381.6190476190475
1,1155,382,381.4285714285712
1,1156,381,381.52380952380935
1,1157,381,381.7142857142856
1,1158,383,382.1428571428571
1,1159,383,382.9523809523808
1,1160,383,383.8095238095237
1,1161,384,383.52380952380935
1,1162,384,382.66666666666663
1,1163,381,382.23809523809507
1,1164,381,382.23809523809507
1,1165,384,382.66666666666663
1,1166,384,383.5238095238094
1,1167,383,383.6190476190475
1,1168,383,383.047619047619
1,1169,383,382.90476190476164
1,1170,383,383.9523809523809
1,1171,383,382.6190476190475
1,1172,383,379.6190476190475
1,1173,373,375.9047619047618
1,1174,372,372.85714285714266
1,1175,372,371.4285714285713
1,1176,373,372.5714285714284
1,1177,373,372.95238095238085
1,1178,373,373.095238095238
1,1179,373,372.8095238095237
1,1180,373,373.095238095238
1,1181,373,373.76190476190476
1,1182,375,374.28571428571416
1,1183,375,374.4761904761904
1,1184,374,374.57142857142856
1,1185,374,374.47619047619025
1,1186,375,374.5238095238094
1,1187,375,374.7142857142857
1,1188,374,374.38095238095224
1,1189,374,373.42857142857133
1,1190,373,373.3809523809523
1,1191,373,374.142857142857
1,1192,376,374.8571428571428
1,1193,376,375.61904761904754
1,1194,375,375.2857142857142
1,1195,375,374.8571428571427
1,1196,374,375.23809523809524
1,1197,377,376.0476190476189
1,1198,377,376.76190476190465
1,1199,377,377.2857142857141
1,1200,377,376.9999999999999
1,1201,377,376.9999999999999
1,1202,377,376.90476190476187
1,1203,377,377.04761904761915
1,1204,377,377.52380952380946
1,1205,378,377.57142857142856
1,1206,378,377.0952380952379
1,1207,376,376.85714285714283
1,1208,376,376.85714285714266
1,1209,378,377.0952380952379
1,1210,378,377.47619047619037
1,1211,377,377.57142857142844
1,1212,377,377.3809523809523
1,1213,378,377.57142857142827
1,1214,378,377.57142857142844
1,1215,378,378.28571428571416
1,1216,378,379.6190476190474
1,1217,382,380.2380952380953
1,1218,382,380.9523809523808
1,1219,379,381.3809523809523
1,1220,382,381.1428571428571
1,1221,382,381.47619047619037
1,1222,382,382.3333333333333
1,1223,382,382.6190476190475
1,1224,383,382.52380952380935
1,1225,383,381.5714285714284
1,1226,380,381.2857142857142
1,1227,380,381.7619047619047
1,1228,384,382.23809523809524
1,1229,384,382.4285714285712
1,1230,381,382.5714285714285
1,1231,381,382.57142857142856
1,1232,385,383.33333333333314
1,1233,385,384.2857142857141
1,1234,384,384.99999999999994
1,1235,384,384.6190476190474
1,1236,386,384.38095238095224
1,1237,384,384.6666666666667
1,1238,384,384.85714285714283
1,1239,386,385.190476190476
1,1240,386,386.14285714285705
1,1241,387,386.90476190476176
1,1242,387,387.2857142857141
1,1243,388,387.76190476190465
1,1244,388,387.8571428571428
1,1245,388,388.14285714285705
1,1246,388,388.5238095238096
1,1247,389,388.57142857142856
1,1248,389,388.1904761904762
1,1249,387,387.8095238095236
1,1250,387,387.0476190476189
1,1251,388,387.66666666666663
1,1252,388,389.4761904761903
1,1253,392,390.6666666666666
1,1254,392,390.95238095238096
1,1255,390,391.14285714285694
1,1256,390,390.6666666666667
1,1257,392,391.1904761904762
1,1258,392,391.9523809523809
1,1259,393,392.9999999999999
1,1260,393,394.1428571428568
1,1261,396,394.8095238095237
1,1262,396,395.2857142857142
1,1263,394,395.5238095238093
1,1264,396,395.4761904761903
1,1265,396,396.2380952380951
1,1266,397,396.7619047619046
1,1267,397,396.0952380952382
1,1268,395,395.8571428571427
1,1269,395,395.7619047619046
1,1270,397,396.1428571428571
1,1271,397,396.8095238095238
1,1272,397,397.238095238095
1,1273,397,397.4285714285713
1,1274,398,397.6190476190474
1,1275,398,397.3333333333332
1,1276,397,397.5714285714284
1,1277,397,397.8
1,1278,400,398.74285714285713
1,1279,400,400.29999999999995
1,1280,399,399.99999999999994
1,1281,399,398.9523809523809
1,1282,399,398.90476190476187
1,1283,399,399.6190476190474
1,1284,401,399.90476190476187
1,1285,400,400.2857142857141
1,1286,400,400.7619047619046
1,1287,401,400.4761904761903
1,1288,401,400.0952380952381
1,1289,399,399.85714285714283
1,1290,399,399.8571428571427
1,1291,401,400.0952380952381
1,1292,401,400.38095238095224
1,1293,400,400.6190476190476
1,1294,400,400.7142857142855
1,1295,402,401.2380952380951
1,1296,402,401.9047619047617
1,1297,402,402.1904761904759
1,1298,402,401.99999999999983
1,1299,402,401.99999999999983
1,1300,402,401.9047619047619
1,1301,402,402.047619047619
1,1302,402,402.4285714285714
1,1303,403,402.6190476190473
1,1304,403,402.52380952380935
1,1305,402,402.4761904761903
1,1306,402,402.3809523809522
1,1307,403,402.57142857142844
1,1308,403,402.95238095238074
1,1309,403,403.09523809523796
1,1310,403,402.9999999999999
1,1311,403,402.9999999999999
1,1312,403,402.9999999999999
1,1313,403,402.9999999999999
1,1314,403,402.9999999999999
1,1315,403,402.9999999999999
1,1316,403,402.9999999999999
1,1317,403,402.9999999999999
1,1318,403,402.9999999999999
1,1319,403,402.90476190476176
1,1320,403,403.047619047619
1,1321,403,403.4285714285714
1,1322,404,403.6190476190474
1,1323,404,403.6190476190476
1,1324,403,403.4285714285714
1,1325,403,402.95238095238074
1,1326,403,402.9523809523809
1,1327,403,403.3333333333331
1,1328,404,403.66666666666634
1,1329,404,403.95238095238057
1,1330,404,404.19047619047603
1,1331,404,403.9523809523809
1,1332,404,403.6666666666665
1,1333,403,403.3333333333331
1,1334,403,403.04761904761904
1,1335,403,402.90476190476187
1,1336,403,402.9999999999999
1,1337,403,402.9999999999999
1,1338,403,402.9999999999999
1,1339,403,402.9999999999999
1,1340,403,402.90476190476176
1,1341,403,403.047619047619
1,1342,403,403.4285714285714
1,1343,404,403.6190476190474
1,1344,404,403.5238095238094
1,1345,403,403.5714285714284
1,1346,403,403.33333333333314
1,1347,404,403.33333333333326
1,1348,403,403.2380952380952
1,1349,403,402.7142857142856
1,1350,402,402.2857142857142
1,1351,402,402.4761904761905
1,1352,403,402.5238095238095
1,1353,403,402.6190476190475
1,1354,402,402.4285714285712
1,1355,402,402.0476190476189
1,1356,402,401.9047619047619
1,1357,402,403.33333333333326
1,1358,402,401.3333333333333
1,1359,402,398.47619047619037
1,1360,388,392.095238095238
1,1361,388,384.66666666666646
1,1362,376,378.38095238095224
1,1363,376,376.7142857142858
1,1364,376,373.9523809523808
1,1365,379,378.95238095238085
1,1366,379,385.2380952380951
1,1367,399,392.76190476190465
1,1368,399,399.23809523809496
1,1369,402,402.8095238095238
1,1370,402,401.0
1,1371,400,401.047619047619
1,1372,400,400.95238095238085
1,1373,402,400.95238095238085
1,1374,402,401.2857142857141
1,1375,400,401.47619047619054
1,1376,401,400.61904761904765
1,1377,401,399.6666666666667
1,1378,398,399.142857142857
1,1379,398,398.7619047619045
1,1380,399,398.2380952380951
1,1381,399,397.85714285714283
1,1382,396,397.142857142857
1,1383,396,396.5714285714285
1,1384,397,396.33333333333337
1,1385,397,396.8095238095236
1,1386,396,396.3333333333332
1,1387,396,395.57142857142844
1,1388,394,394.4761904761904
1,1389,394,393.0476190476189
1,1390,392,392.6666666666666
1,1391,392,393.99999999999983
1,1392,396,394.1904761904761
1,1393,396,393.52380952380935
1,1394,390,392.5238095238096
1,1395,390,391.4761904761902
1,1396,393,391.42857142857133
1,1397,393,392.1428571428571
1,1398,391,391.9999999999999
1,1399,390,390.2380952380951
1,1400,390,387.952380952381
1,1401,386,387.52380952380946
1,1402,386,388.9523809523808
1,1403,392,389.238095238095
1,1404,392,388.6666666666666
1,1405,384,387.4285714285714
1,1406,384,385.99999999999994
1,1407,388,385.76190476190465
1,1408,388,386.2380952380951
1,1409,385,386.6666666666666
1,1410,385,387.90476190476176
1,1411,391,388.33333333333314
1,1412,391,387.38095238095224
1,1413,383,386.5714285714284
1,1414,383,386.095238095238
1,1415,390,386.7142857142857
1,1416,390,388.2380952380951
1,1417,386,388.04761904761875
1,1418,386,386.8095238095237
1,1419,387,386.1428571428571
1,1420,387,385.9523809523809
1,1421,384,385.47619047619037
1,1422,384,383.9523809523808
1,1423,384,382.3809523809522
1,1424,380,381.3333333333333
1,1425,380,379.9999999999999
1,1426,380,379.71428571428555
1,1427,380,381.0476190476189
1,1428,382,381.14285714285705
1,1429,382,380.28571428571416
1,1430,378,379.6666666666664
1,1431,378,379.3809523809523
1,1432,381,379.5238095238094
1,1433,381,379.99999999999983
1,1434,379,380.0476190476188
1,1435,379,380.2380952380951
1,1436,381,379.90476190476176
1,1437,381,378.85714285714266
1,1438,376,378.52380952380935
1,1439,376,377.33333333333326
1,1440,380,376.4285714285714
1,1441,375,376.5238095238094
1,1442,375,376.1428571428571
1,1443,376,375.0952380952379
1,1444,376,374.80952380952374
1,1445,374,374.99999999999994
1,1446,374,376.2380952380952
1,1447,379,376.9047619047617
1,1448,379,376.90476190476187
1,1449,374,376.2380952380952
1,1450,374,375.19047619047603
1,1451,376,374.71428571428555
1,1452,376,374.8095238095237
1,1453,373,374.2380952380951
1,1454,373,373.5714285714285
1,1455,374,373.3333333333333
1,1456,374,373.6190476190475
1,1457,373,373.42857142857133
1,1458,373,373.0476190476189
1,1459,373,372.9047619047618
1,1460,373,372.99999999999983
1,1461,373,372.99999999999983
1,1462,373,372.99999999999983
1,1463,373,372.99999999999983
1,1464,373,372.99999999999983
1,1465,373,372.99999999999983
1,1466,373,372.99999999999983
1,1467,373,373.095238095238
1,1468,373,372.95238095238096
1,1469,373,372.57142857142856
1,1470,372,372.3809523809523
1,1471,372,372.3809523809523
1,1472,373,372.5714285714284
1,1473,373,372.8571428571429
1,1474,373,373.14285714285705
1,1475,373,373.4285714285714
1,1476,374,373.6190476190475
1,1477,374,373.4285714285713
1,1478,373,373.52380952380946
1,1479,373,373.8095238095236
1,1480,375,374.1904761904761
1,1481,375,374.5714285714284
1,1482,374,374.5238095238094
1,1483,374,373.9523809523808
1,1484,374,374.04761904761887
1,1485,374,374.2857142857141
1,1486,375,374.3333333333332
1,1487,374,374.2857142857141
1,1488,374,373.8571428571429
1,1489,374,374.04761904761904
1,1490,374,374.99999999999994
1,1491,377,375.9999999999999
1,1492,377,376.8571428571429
1,1493,377,377.2857142857141
1,1494,377,376.90476190476187
1,1495,377,377.04761904761915
1,1496,377,377.4285714285712
1,1497,378,377.6190476190474
1,1498,378,377.8095238095236
1,1499,377,377.33333333333326
1,1500,377,376.09523809523796
1,1501,375,375.71428571428567
1,1502,375,375.99999999999983
1,1503,378,377.14285714285705
1,1504,378,378.047619047619
1,1505,379,377.66666666666663
1,1506,376,377.0952380952379
1,1507,376,377.0476190476189
1,1508,379,377.8095238095237
1,1509,379,379.6190476190475
1,1510,381,380.57142857142856
1,1511,381,380.4761904761903
1,1512,380,380.5714285714284
1,1513,380,380.1904761904762
1,1514,381,380.66666666666663
1,1515,381,381.8095238095237
1,1516,383,382.3333333333333
1,1517,383,382.23809523809507
1,1518,381,381.85714285714283
1,1519,381,380.90476190476164
1,1520,381,380.71428571428555
1,1521,381,381.76190476190453
1,1522,383,382.8095238095235
1,1523,385,384.3333333333332
1,1524,385,386.142857142857
1,1525,387,386.3333333333332
1,1526,387,384.9999999999998
1,1527,383,384.8095238095238
1,1528,383,385.6666666666664
1,1529,389,386.3809523809523
1,1530,389,386.85714285714283
1,1531,384,386.3333333333332
1,1532,384,384.80952380952374
1,1533,386,384.54285714285726
1,1534,386,386.19999999999976
1,1535,387,386.8499999999999
1,1536,387,392.52380952380935
1,1537,388,388.2857142857141
1,1538,388,385.66666666666663
1,1539,386,386.5714285714285
1,1540,386,386.9047619047617
1,1541,388,388.4285714285713
1,1542,391,389.7619047619045
1,1543,391,389.57142857142827
1,1544,388,389.52380952380946
1,1545,388,389.99999999999983
1,1546,393,390.95238095238085
1,1547,393,391.9999999999997
1,1548,391,392.1904761904761
1,1549,391,390.95238095238085
1,1550,392,391.71428571428555
1,1551,392,393.9047619047617
1,1552,397,395.28571428571416
1,1553,397,395.4761904761904
1,1554,394,395.6190476190474
1,1555,394,395.23809523809524
1,1556,397,395.6666666666664
1,1557,397,396.1428571428571
1,1558,396,396.8095238095236
1,1559,396,397.4761904761903
1,1560,400,398.52380952380946
1,1561,400,399.47619047619025
1,1562,399,399.52380952380963
1,1563,399,399.14285714285705
1,1564,399,402.14285714285705
1,1565,401,399.04761904761904
1,1566,401,391.90476190476187
1,1567,374,382.61904761904754
1,1568,374,375.5714285714284
1,1569,374,371.52380952380946
1,1570,380,378.8571428571428
1,1571,380,386.4285714285713
1,1572,400,394.1428571428571
1,1573,401,399.7619047619047
1,1574,401,403.19047619047603
1,1575,402,401.76190476190465
1,1576,402,401.9523809523808
1,1577,402,402.09523809523796
1,1578,402,401.99999999999983
1,1579,402,401.99999999999983
1,1580,402,402.00000000000017
1,1581,402,401.9999999999998
1,1582,402,401.99999999999994
2,0,402,391.9999999999999
2,1,402,400.57142857142844
2,2,402,407.3333333333332
2,3,402,400.76190476190465
2,4,402,393.3333333333332
2,5,376,384.6666666666665
2,6,376,377.3333333333332
2,7,376,373.47619047619025
2,8,376,375.3809523809522
2,9,375,375.4761904761903
2,10,375,376.2380952380951
2,11,378,376.80952380952357
2,12,378,377.095238095238
2,13,376,377.0952380952381
2,14,376,376.3809523809523
2,15,377,376.0476190476191
2,16,376,376.3333333333333
2,17,376,376.4761904761905
2,18,377,376.57142857142844
2,19,377,376.9523809523808
2,20,377,377.095238095238
2,21,377,377.1904761904761
2,22,377,376.9047619047617
2,23,377,376.14285714285705
2,24,375,375.7619047619046
2,25,375,375.7619047619047
2,26,377,376.14285714285705
2,27,377,376.90476190476176
2,28,377,377.190476190476
2,29,377,376.8095238095238
2,30,377,377.0952380952379
2,31,377,377.76190476190465
2,32,379,378.28571428571416
2,33,379,378.4761904761904
2,34,378,378.76190476190465
2,35,378,378.2857142857142
2,36,379,377.90476190476176
2,37,377,377.61904761904754
2,38,377,377.47619047619037
2,39,377,376.66666666666674
2,40,377,375.9047619047619
2,41,374,375.0476190476189
2,42,374,374.4761904761903
2,43,375,374.38095238095224
2,44,375,374.85714285714283
2,45,375,375.14285714285705
2,46,375,375.4285714285715
2,47,376,375.6190476190475
2,48,376,375.4285714285712
2,49,375,375.5238095238095
2,50,375,375.90476190476187
2,51,377,376.14285714285705
2,52,377,376.23809523809507
2,53,375,375.8571428571427
2,54,375,375.09523809523796
2,55,375,374.9999999999999
2,56,375,374.90476190476176
2,57,375,374.3333333333332
2,58,373,373.66666666666646
2,59,373,373.19047619047615
2,60,373,372.7619047619046
2,61,373,372.6666666666665
2,62,372,372.3333333333332
2,63,372,372.0476190476189
2,64,372,371.9047619047618
2,65,372,371.90476190476187
2,66,372,372.0476190476188
2,67,372,372.3333333333332
2,68,373,372.66666666666663
2,69,373,372.95238095238085
2,70,373,373.095238095238
2,71,373,372.99999999999983
2,72,373,372.99999999999983
2,73,373,372.99999999999983
2,74,373,372.90476190476187
2,75,373,373.0476190476189
2,76,373,373.4285714285714
2,77,374,373.6190476190475
2,78,374,373.6190476190475
2,79,373,373.42857142857133
2,80,373,373.0476190476189
2,81,373,372.9047619047618
2,82,373,372.90476190476187
2,83,373,373.0476190476189
2,84,373,373.33333333333326
2,85,374,373.66666666666663
2,86,374,373.85714285714283
2,87,374,374.14285714285705
2,88,374,374.3333333333332
2,89,375,374.66666666666663
2,90,375,374.6666666666665
2,91,375,375.23809523809507
2,92,375,375.99999999999994
2,93,378,376.9999999999999
2,94,378,377.95238095238085
2,95,378,378.2380952380951
2,96,378,377.57142857142827
2,97,377,377.3809523809523
2,98,377,377.3809523809523
2,99,378,377.57142857142827
2,100,378,377.95238095238096
2,101,378,378.09523809523796
2,102,378,377.9999999999999
2,103,378,377.9999999999999
2,104,378,377.9999999999999
2,105,378,377.9999999999999
2,106,378,377.9999999999999
2,107,378,377.90476190476176
2,108,378,378.04761904761887
2,109,378,378.33333333333326
2,110,379,378.6666666666666
2,111,379,379.0476190476189
2,112,379,379.0476190476189
2,113,379,378.57142857142844
2,114,378,378.3809523809524
2,115,378,378.28571428571416
2,116,379,378.6190476190475
2,117,379,379.1904761904761
2,118,380,379.8095238095238
2,119,380,380.4761904761904
2,120,381,380.6666666666666
2,121,381,379.90476190476176
2,122,379,380.14285714285694
2,123,379,380.33333333333314
2,124,383,380.33333333333314
2,125,381,381.71428571428555
2,126,381,383.2380952380952
2,127,386,384.09523809523796
2,128,386,385.3333333333332
2,129,385,385.8571428571427
2,130,385,385.47619047619037
2,131,386,385.5238095238095
2,132,386,385.8095238095236
2,133,385,385.3333333333332
2,134,385,384.19047619047615
2,135,383,383.6666666666666
2,136,383,383.95238095238085
2,137,385,384.04761904761904
2,138,385,384.33333333333326
2,139,383,383.8095238095237
2,140,383,382.47619047619025
2,141,382,382.2857142857141
2,142,382,383.047619047619
2,143,385,383.9047619047618
2,144,385,384.85714285714283
2,145,385,385.19047619047615
2,146,385,385.0476190476188
2,147,385,385.2380952380951
2,148,386,385.7142857142857
2,149,386,386.2857142857142
2,150,387,386.7619047619046
2,151,387,386.76190476190465
2,152,387,387.190476190476
2,153,387,387.76190476190476
2,154,389,388.2857142857141
2,155,389,388.76190476190453
2,156,388,388.4285714285713
2,157,388,387.2857142857143
2,158,386,386.6190476190476
2,159,386,386.42857142857133
2,160,387,386.4761904761903
2,161,387,386.95238095238085
2,162,387,387.190476190476
2,163,387,386.95238095238085
2,164,387,386.6666666666665
2,165,386,386.33333333333314
2,166,386,386.2380952380952
2,167,386,385.80952380952357
2,168,386,385.42857142857144
2,169,384,384.61904761904754
2,170,384,383.6666666666665
2,171,383,383.1904761904762
2,172,383,383.3809523809523
2,173,384,383.57142857142856
2,174,384,383.9523809523808
2,175,384,384.095238095238
2,176,384,384.09523809523796
2,177,384,383.9523809523808
2,178,384,383.6666666666664
2,179,383,383.33333333333314
2,180,383,382.95238095238085
2,181,383,382.3809523809522
2,182,383,383.6190476190475
2,183,384,385.9523809523807
2,184,390,387.8095238095236
2,185,390,388.61904761904754
2,186,387,388.6666666666666
2,187,387,387.5238095238093
2,188,389,388.190476190476
2,189,389,389.9047619047617
2,190,392,391.1904761904762
2,191,392,391.95238095238074
2,192,392,392.2380952380951
2,193,392,391.76190476190476
2,194,391,391.28571428571416
2,195,391,390.5238095238095
2,196,390,390.238095238095
2,197,390,390.76190476190465
2,198,392,391.5714285714283
2,199,393,392.5714285714284
2,200,393,392.8571428571428
2,201,393,393.238095238095
2,202,393,394.09523809523796
2,203,396,394.9523809523809
2,204,396,395.42857142857116
2,205,395,395.6666666666666
2,206,395,395.19047619047603
2,207,396,395.66666666666663
2,208,396,396.7142857142855
2,209,398,397.3809523809522
2,210,398,397.3809523809522
2,211,397,397.61904761904754
2,212,397,397.61904761904754
2,213,399,398.28571428571405
2,214,399,399.2380952380952
2,215,400,399.8571428571427
2,216,400,400.04761904761864
2,217,400,399.95238095238085
2,218,400,399.71428571428555
2,219,399,399.76190476190465
2,220,400,399.6666666666665
2,221,400,399.42857142857133
2,222,399,399.4761904761904
2,223,399,399.4761904761904
2,224,400,399.52380952380946
2,225,400,399.5238095238094
2,226,399,399.4761904761904
2,227,399,399.3809523809522
2,228,400,399.5714285714284
2,229,400,399.8571428571427
2,230,400,400.1428571428571
2,231,400,400.4285714285715
2,232,401,400.6190476190474
2,233,401,400.6190476190474
2,234,400,400.71428571428567
2,235,400,399.9047619047617
2,236,400,398.6190476190475
2,237,397,398.14285714285717
2,238,397,398.2380952380951
2,239,400,398.66666666666646
2,240,400,399.42857142857133
2,241,399,399.6666666666665
2,242,399,399.4761904761904
2,243,400,399.52380952380946
2,244,400,399.33333333333314
2,245,399,399.5714285714284
2,246,399,400.14285714285705
2,247,402,400.8571428571427
2,248,402,401.52380952380923
2,249,401,401.61904761904736
2,250,401,400.95238095238085
2,251,401,400.9523809523809
2,252,401,401.42857142857144
2,253,402,401.6285714285716
2,254,402,401.7142857142856
2,255,401,400.99999999999994
2,256,401,391.42857142857133
2,257,401,400.4761904761903
2,258,403,404.9999999999999
2,259,403,403.5714285714287
2,260,401,401.190476190476
2,261,401,397.0952380952379
2,262,387,391.14285714285705
2,263,387,385.3333333333333
2,264,380,380.9999999999999
2,265,380,380.33333333333326
2,266,380,379.33333333333326
2,267,380,380.09523809523813
2,268,380,379.9523809523809
2,269,380,379.6666666666664
2,270,379,379.33333333333314
2,271,379,379.04761904761887
2,272,379,378.90476190476176
2,273,379,379.095238095238
2,274,379,378.952380952381
2,275,379,378.6666666666665
2,276,378,378.2380952380951
2,277,378,378.0952380952379
2,278,378,378.238095238095
2,279,379,378.6666666666666
2,280,379,379.14285714285705
2,281,379,378.99999999999983
2,282,379,378.14285714285705
2,283,377,377.7619047619047
2,284,377,377.95238095238085
2,285,379,378.0476190476189
2,286,379,378.2380952380952
2,287,377,377.8571428571427
2,288,377,377.0952380952379
2,289,377,376.8095238095236
2,290,377,376.90476190476187
2,291,377,377.04761904761915
2,292,377,377.6190476190474
2,293,378,377.52380952380946
2,294,378,376.85714285714266
2,295,375,376.1428571428571
2,296,375,375.66666666666646
2,297,376,375.3809523809524
2,298,376,375.23809523809507
2,299,374,374.42857142857133
2,300,373,373.42857142857133
2,301,373,372.85714285714266
2,302,373,372.9047619047618
2,303,373,372.99999999999983
2,304,373,372.99999999999983
2,305,373,372.99999999999983
2,306,373,372.99999999999983
2,307,373,372.99999999999983
2,308,373,372.99999999999983
2,309,373,372.99999999999983
2,310,373,372.99999999999983
2,311,373,373.095238095238
2,312,373,372.95238095238096
2,313,373,372.6666666666665
2,314,372,372.3333333333332
2,315,372,372.0476190476189
2,316,372,371.9047619047618
2,317,372,371.9999999999999
2,318,372,371.90476190476187
2,319,372,372.0476190476188
2,320,372,372.4285714285713
2,321,373,372.61904761904754
2,322,373,372.6190476190475
2,323,372,372.42857142857133
2,324,372,372.0476190476189
2,325,372,371.9047619047618
2,326,372,371.9999999999999
2,327,372,371.9999999999999
2,328,372,371.9999999999999
2,329,372,371.9999999999999
2,330,372,372.095238095238
2,331,372,371.9523809523808
2,332,372,371.57142857142844
2,333,371,371.3809523809523
2,334,371,371.38095238095224
2,335,372,371.5714285714285
2,336,372,371.95238095238074
2,337,372,372.0952380952379
2,338,372,371.9999999999999
2,339,372,371.9999999999999
2,340,372,371.9999999999999
2,341,372,371.9999999999999
2,342,372,371.9999999999999
2,343,372,371.9999999999999
2,344,372,371.9999999999999
2,345,372,371.9999999999999
2,346,372,371.9999999999999
2,347,372,371.9999999999999
2,348,372,371.9999999999999
2,349,372,371.9999999999999
2,350,372,371.9999999999999
2,351,372,372.095238095238
2,352,372,371.9523809523808
2,353,372,371.57142857142844
2,354,371,371.3809523809523
2,355,371,371.38095238095224
2,356,372,371.5714285714285
2,357,372,371.85714285714283
2,358,372,372.142857142857
2,359,372,372.2380952380952
2,360,373,372.61904761904754
2,361,373,373.3333333333332
2,362,374,374.09523809523785
2,363,375,374.6190476190476
2,364,375,374.95238095238085
2,365,375,375.14285714285705
2,366,375,375.33333333333326
2,367,376,375.6666666666666
2,368,376,376.0476190476189
2,369,376,376.0476190476189
2,370,376,375.57142857142844
2,371,375,375.38095238095224
2,372,375,375.4761904761905
2,373,376,375.52380952380946
2,374,376,375.6190476190475
2,375,375,375.4285714285712
2,376,375,375.0476190476189
2,377,375,374.9047619047617
2,378,375,374.8095238095236
2,379,375,375.0952380952381
2,380,375,375.47619047619037
2,381,377,376.42857142857133
2,382,377,377.2857142857142
2,383,379,378.66666666666663
2,384,379,379.90476190476176
2,385,382,381.28571428571416
2,386,382,382.1904761904761
2,387,382,381.7619047619048
2,388,381,380.19047619047603
2,389,377,378.2857142857141
2,390,377,376.2380952380951
2,391,375,375.38095238095235
2,392,375,375.95238095238085
2,393,377,376.0476190476189
2,394,377,376.0476190476189
2,395,375,375.95238095238085
2,396,375,375.8571428571427
2,397,377,376.095238095238
2,398,377,376.3809523809521
2,399,376,376.61904761904754
2,400,376,376.80952380952345
2,401,378,377.19047619047603
2,402,378,377.1904761904762
2,403,377,377.8095238095237
2,404,377,378.33333333333326
2,405,381,379.0476190476188
2,406,380,380.238095238095
2,407,380,380.90476190476176
2,408,382,381.33333333333314
2,409,382,382.6666666666667
2,410,384,383.4761904761904
2,411,384,383.66666666666646
2,412,383,383.47619047619025
2,413,383,382.61904761904754
2,414,382,382.28571428571416
2,415,382,382.47619047619037
2,416,383,382.52380952380946
2,417,383,382.52380952380946
2,418,382,382.4761904761904
2,419,382,382.5714285714284
2,420,383,382.4761904761904
2,421,383,381.99999999999994
2,422,381,381.9047619047617
2,423,381,382.1904761904761
2,424,384,382.76190476190453
2,425,384,383.42857142857116
2,426,383,383.66666666666663
2,427,383,383.3809523809523
2,428,384,383.38095238095224
2,429,384,384.04761904761887
2,430,384,384.7619047619046
2,431,386,385.3333333333333
2,432,386,385.71428571428555
2,433,386,386.2857142857142
2,434,386,386.6666666666667
2,435,388,387.33333333333326
2,436,388,387.90476190476176
2,437,388,388.190476190476
2,438,388,387.90476190476176
2,439,388,388.04761904761887
2,440,388,388.33333333333314
2,441,389,388.6666666666666
2,442,389,388.9523809523808
2,443,389,389.0952380952379
2,444,389,388.9047619047617
2,445,389,389.0476190476189
2,446,389,389.4285714285714
2,447,390,389.6190476190473
2,448,390,389.6190476190475
2,449,389,389.33333333333326
2,450,389,389.09523809523796
2,451,389,389.3333333333332
2,452,390,389.6190476190473
2,453,390,389.52380952380946
2,454,389,389.4761904761903
2,455,389,389.47619047619037
2,456,390,389.52380952380935
2,457,390,389.52380952380946
2,458,389,389.4761904761903
2,459,389,389.3809523809522
2,460,390,389.57142857142844
2,461,390,389.8571428571428
2,462,390,390.142857142857
2,463,390,390.33333333333326
2,464,391,390.6666666666665
2,465,391,390.95238095238085
2,466,391,391.0952380952379
2,467,391,390.99999999999994
2,468,391,391.09523809523796
2,469,391,390.9523809523811
2,470,391,390.57142857142844
2,471,390,390.38095238095224
2,472,390,390.4761904761904
2,473,391,390.5238095238095
2,474,391,390.6190476190476
2,475,390,390.4285714285714
2,476,390,390.142857142857
2,477,390,389.8571428571429
2,478,390,389.57142857142844
2,479,389,389.38095238095224
2,480,389,389.47619047619037
2,481,390,389.52380952380935
2,482,390,389.6190476190475
2,483,389,389.4285714285714
2,484,389,389.0476190476191
2,485,389,388.9047619047618
2,486,389,388.99999999999983
2,487,389,388.99999999999983
2,488,389,389.0952380952381
2,489,389,388.8571428571427
2,490,389,388.71428571428555
2,491,388,388.7619047619047
2,492,389,388.6666666666666
2,493,389,388.5238095238094
2,494,388,388.42857142857133
2,495,388,388.0476190476189
2,496,388,387.90476190476176
2,497,388,387.90476190476176
2,498,388,388.04761904761887
2,499,388,388.5238095238096
2,500,389,388.57142857142856
2,501,389,388.1904761904762
2,502,387,387.8095238095236
2,503,387,387.52380952380935
2,504,388,387.4285714285715
2,505,388,387.52380952380946
2,506,387,387.47619047619037
2,507,387,387.47619047619037
2,508,388,387.52380952380946
2,509,388,387.71428571428595
2,510,387,387.5142857142856
2,511,387,386.9
2,512,388,382.6190476190475
2,513,388,386.90476190476176
2,514,387,388.85714285714266
2,515,387,387.047619047619
2,516,387,386.9047619047617
2,517,387,386.9999999999999
2,518,387,387.09523809523796
2,519,387,386.95238095238085
2,520,387,386.57142857142856
2,521,386,386.3809523809523
2,522,386,386.28571428571416
2,523,387,386.6190476190474
2,524,387,387.38095238095224
2,525,388,387.71428571428567
2,526,388,387.52380952380946
2,527,387,387.47619047619037
2,528,387,387.38095238095235
2,529,388,387.5714285714284
2,530,388,388.04761904761875
2,531,388,388.0476190476189
2,532,388,387.5714285714285
2,533,387,387.47619047619054
2,534,387,387.33333333333326
2,535,388,387.3333333333332
2,536,387,387.2380952380951
2,537,387,386.8095238095236
2,538,386,386.2380952380951
2,539,386,385.95238095238085
2,540,386,385.9523809523808
2,541,386,386.61904761904736
2,542,387,386.52380952380946
2,543,387,386.04761904761875
2,544,384,385.0476190476188
2,545,384,383.9047619047618
2,546,383,382.9999999999999
2,547,383,382.80952380952357
2,548,382,382.1904761904761
2,549,382,381.9047619047618
2,550,381,381.142857142857
2,551,381,380.3809523809523
2,552,379,379.5714285714283
2,553,379,379.285714285714
2,554,379,378.7142857142856
2,555,379,378.4285714285712
2,556,377,377.6190476190474
2,557,377,376.76190476190465
2,558,376,376.14285714285705
2,559,376,376.0476190476189
2,560,376,375.9047619047618
2,561,376,375.9999999999999
2,562,376,376.0952380952381
2,563,376,375.95238095238085
2,564,376,375.57142857142844
2,565,375,375.38095238095224
2,566,375,375.4761904761905
2,567,376,375.52380952380946
2,568,376,375.6190476190475
2,569,375,375.4285714285712
2,570,375,375.0476190476189
2,571,375,374.9047619047617
2,572,375,374.99999999999983
2,573,375,374.99999999999983
2,574,375,375.0952380952379
2,575,375,374.8571428571428
2,576,375,374.7142857142855
2,577,374,374.8571428571428
2,578,375,374.6190476190474
2,579,375,374.19047619047615
2,580,373,373.7619047619047
2,581,373,373.095238095238
2,582,373,372.80952380952374
2,583,373,372.99999999999983
2,584,373,372.99999999999983
2,585,373,372.99999999999983
2,586,373,373.095238095238
2,587,373,372.95238095238096
2,588,373,372.6666666666665
2,589,372,372.3333333333332
2,590,372,372.0476190476189
2,591,372,371.9047619047618
2,592,372,371.9999999999999
2,593,372,371.90476190476187
2,594,372,372.0476190476188
2,595,372,372.3333333333332
2,596,373,372.66666666666663
2,597,373,372.95238095238085
2,598,373,373.095238095238
2,599,373,372.99999999999983
2,600,373,372.90476190476187
2,601,373,373.0476190476189
2,602,373,373.52380952380946
2,603,374,373.5714285714285
2,604,374,373.2857142857141
2,605,372,372.76190476190465
2,606,372,372.09523809523785
2,607,372,371.80952380952374
2,608,372,371.90476190476187
2,609,372,372.0476190476188
2,610,372,372.4285714285713
2,611,373,372.61904761904754
2,612,373,372.5238095238095
2,613,372,372.47619047619037
2,614,372,372.47619047619025
2,615,373,372.5238095238094
2,616,373,372.6190476190475
2,617,372,372.42857142857133
2,618,372,372.0476190476189
2,619,372,371.9047619047618
2,620,372,371.9999999999999
2,621,372,371.9999999999999
2,622,372,371.9999999999999
2,623,372,371.90476190476187
2,624,372,372.0476190476188
2,625,372,372.3333333333332
2,626,373,372.66666666666663
2,627,373,372.95238095238085
2,628,373,373.095238095238
2,629,373,372.90476190476187
2,630,373,373.0476190476189
2,631,373,373.33333333333326
2,632,374,373.66666666666663
2,633,374,373.85714285714283
2,634,374,374.14285714285705
2,635,374,374.3333333333332
2,636,375,374.66666666666663
2,637,375,374.85714285714283
2,638,375,375.14285714285705
2,639,375,375.4285714285715
2,640,376,375.6190476190475
2,641,376,375.4285714285712
2,642,375,375.7142857142857
2,643,375,375.6190476190475
2,644,377,375.4761904761903
2,645,375,375.6190476190475
2,646,375,375.52380952380935
2,647,376,375.5238095238094
2,648,376,376.3809523809524
2,649,377,376.71428571428567
2,650,377,376.33333333333314
2,651,376,376.57142857142856
2,652,376,377.0476190476188
2,653,379,377.90476190476187
2,654,379,378.66666666666646
2,655,379,379.3809523809524
2,656,379,379.95238095238096
2,657,381,380.19047619047626
2,658,381,379.7142857142856
2,659,378,379.2857142857143
2,660,378,378.80952380952374
2,661,380,379.0476190476189
2,662,380,379.8095238095236
2,663,380,380.2380952380951
2,664,380,380.33333333333326
2,665,381,380.38095238095224
2,666,381,381.095238095238
2,667,381,382.1904761904761
2,668,384,382.95238095238074
2,669,384,383.6190476190475
2,670,383,383.5714285714283
2,671,383,382.61904761904754
2,672,382,382.28571428571416
2,673,382,382.2857142857143
2,674,383,382.61904761904754
2,675,383,383.3809523809522
2,676,384,383.71428571428567
2,677,384,383.4285714285713
2,678,383,383.52380952380946
2,679,383,383.8095238095237
2,680,385,384.19047619047615
2,681,385,384.47619047619025
2,682,384,384.5714285714284
2,683,384,384.38095238095224
2,684,385,384.47619047619025
2,685,385,384.99999999999983
2,686,385,385.42857142857133
2,687,386,385.6666666666666
2,688,386,385.76190476190476
2,689,386,386.190476190476
2,690,386,386.7619047619046
2,691,388,387.2857142857141
2,692,388,387.5714285714283
2,693,387,387.52380952380935
2,694,387,386.9523809523808
2,695,387,386.95238095238085
2,696,387,387.23809523809507
2,697,388,387.7142857142855
2,698,388,388.38095238095224
2,699,389,388.71428571428555
2,700,389,388.4285714285713
2,701,388,388.5238095238094
2,702,388,388.8095238095238
2,703,390,389.09523809523796
2,704,390,389.6190476190473
2,705,389,389.95238095238085
2,706,390,389.6666666666666
2,707,390,389.3333333333331
2,708,389,389.52380952380935
2,709,389,389.80952380952374
2,710,391,390.190476190476
2,711,391,390.47619047619037
2,712,390,390.57142857142844
2,713,390,390.4761904761904
2,714,391,390.5238095238095
2,715,391,390.6190476190476
2,716,390,390.4285714285714
2,717,390,390.0476190476192
2,718,390,389.90476190476187
2,719,390,389.9047619047617
2,720,390,390.047619047619
2,721,390,390.33333333333326
2,722,391,390.6666666666665
2,723,391,391.0476190476188
2,724,391,390.9523809523808
2,725,391,390.7142857142855
2,726,390,390.6666666666667
2,727,391,390.7142857142854
2,728,391,390.95238095238085
2,729,391,391.04761904761915
2,730,391,390.6666666666665
2,731,390,390.33333333333326
2,732,390,390.0476190476192
2,733,390,389.90476190476187
2,734,390,390.0
2,735,390,390.0
2,736,390,390.0
2,737,390,390.0
2,738,390,390.0
2,739,390,390.0
2,740,390,390.0
2,741,390,390.0
2,742,390,390.0
2,743,390,390.095238095238
2,744,390,389.9523809523809
2,745,390,389.57142857142844
2,746,389,389.38095238095224
2,747,389,389.3809523809522
2,748,390,389.57142857142844
2,749,390,390.047619047619
2,750,390,390.04761904761887
2,751,390,389.66666666666646
2,752,389,389.3333333333331
2,753,389,389.0476190476191
2,754,389,388.9047619047618
2,755,389,389.0952380952381
2,756,389,388.95238095238096
2,757,389,388.6666666666666
2,758,388,388.33333333333314
2,759,388,387.7619047619046
2,760,388,388.0476190476189
2,761,388,388.99999999999966
2,762,391,389.80952380952374
2,763,391,390.9523809523807
2,764,391,391.95238095238085
2,765,393,392.2571428571431
2,766,393,392.94285714285695
2,767,393,392.9
2,768,393,386.7619047619046
2,769,395,393.28571428571405
2,770,395,396.2857142857141
2,771,394,394.6666666666665
2,772,394,395.3333333333333
2,773,397,395.7619047619046
2,774,397,395.57142857142856
2,775,394,395.42857142857133
2,776,394,395.142857142857
2,777,397,395.7142857142854
2,778,397,396.6666666666665
2,779,397,397.3809523809522
2,780,397,397.7619047619047
2,781,399,398.1904761904761
2,782,399,398.61904761904736
2,783,398,398.76190476190465
2,784,399,398.76190476190465
2,785,399,399.1904761904762
2,786,400,399.76190476190465
2,787,400,399.8571428571427
2,788,400,400.1428571428571
2,789,400,401.3809523809521
2,790,401,400.14285714285694
2,791,401,398.6190476190475
2,792,390,393.09523809523796
2,793,390,385.85714285714283
2,794,376,379.047619047619
2,795,376,376.9523809523808
2,796,376,374.85714285714283
2,797,382,380.90476190476176
2,798,382,387.95238095238085
2,799,401,395.28571428571416
2,800,401,400.42857142857133
2,801,402,403.47619047619037
2,802,402,401.9523809523808
2,803,402,402.09523809523796
2,804,402,401.99999999999983
2,805,402,401.99999999999983
2,806,402,401.99999999999983
2,807,402,402.09523809523796
2,808,402,401.9523809523808
2,809,402,401.76190476190453
2,810,401,401.2857142857141
2,811,401,400.6190476190474
2,812,400,400.2857142857143
2,813,400,400.38095238095207
2,814,401,400.5714285714283
2,815,401,400.8571428571427
2,816,401,401.142857142857
2,817,401,401.3333333333333
2,818,402,401.6666666666666
2,819,402,401.9523809523808
2,820,402,402.09523809523796
2,821,402,401.99999999999983
2,822,402,402.09523809523796
2,823,402,401.9523809523808
2,824,402,401.66666666666674
2,825,401,401.3333333333333
2,826,401,401.047619047619
2,827,401,400.90476190476176
2,828,401,400.90476190476176
2,829,401,401.047619047619
2,830,401,401.6190476190476
2,831,402,401.5238095238096
2,832,402,400.66666666666646
2,833,399,400.23809523809524
2,834,399,400.42857142857133
2,835,402,400.5714285714285
2,836,402,400.76190476190465
2,837,399,400.33333333333326
2,838,399,399.76190476190465
2,839,400,399.2380952380951
2,840,400,398.66666666666663
2,841,397,398.2380952380951
2,842,397,398.5238095238095
2,843,400,398.52380952380935
2,844,400,398.3333333333332
2,845,396,397.7142857142856
2,846,396,397.0476190476189
2,847,398,396.85714285714266
2,848,398,397.0476190476189
2,849,396,397.2380952380952
2,850,396,396.61904761904754
2,851,398,395.9523809523807
2,852,395,395.9999999999997
2,853,395,395.9047619047618
2,854,397,396.095238095238
2,855,397,397.4285714285713
2,856,398,397.7619047619046
2,857,398,396.9999999999999
2,858,396,396.9047619047619
2,859,396,397.57142857142844
2,860,399,397.57142857142844
2,861,399,397.095238095238
2,862,394,395.99999999999983
2,863,394,394.8571428571428
2,864,395,394.04761904761904
2,865,395,393.4761904761904
2,866,392,393.33333333333314
2,867,392,394.3809523809521
2,868,397,394.5714285714284
2,869,397,394.8571428571426
2,870,391,394.33333333333337
2,871,393,392.5238095238094
2,872,393,391.5714285714285
2,873,391,391.90476190476176
2,874,391,391.52380952380935
2,875,392,391.42857142857133
2,876,392,391.42857142857116
2,877,391,391.5238095238093
2,878,391,392.19047619047615
2,879,393,391.9999999999999
2,880,393,391.047619047619
2,881,388,389.95238095238085
2,882,388,388.99999999999994
2,883,390,388.8095238095236
2,884,390,389.28571428571405
2,885,389,390.2380952380951
2,886,389,389.7619047619048
2,887,392,388.5238095238094
2,888,386,388.0476190476189
2,889,386,388.19047619047603
2,890,390,387.95238095238085
2,891,390,388.71428571428567
2,892,387,388.42857142857144
2,893,387,387.66666666666663
2,894,388,387.2857142857143
2,895,388,387.2857142857141
2,896,386,386.76190476190453
2,897,386,386.4761904761903
2,898,386,385.61904761904754
2,899,386,384.38095238095224
2,900,382,383.47619047619037
2,901,382,383.5714285714285
2,902,385,383.42857142857133
2,903,385,383.52380952380935
2,904,381,382.6190476190475
2,905,381,381.3809523809523
2,906,381,380.52380952380946
2,907,381,380.14285714285694
2,908,379,379.95238095238074
2,909,379,379.66666666666646
2,910,381,379.4761904761905
2,911,379,379.57142857142844
2,912,379,379.28571428571433
2,913,379,378.8095238095236
2,914,379,378.90476190476176
2,915,379,379.047619047619
2,916,379,379.6190476190475
2,917,380,379.52380952380946
2,918,380,378.8571428571426
2,919,377,378.14285714285705
2,920,377,377.6666666666665
2,921,378,377.2857142857141
2,922,378,377.4761904761903
2,923,376,376.6666666666665
2,924,376,375.3333333333332
2,925,374,374.52380952380935
2,926,374,374.5238095238095
2,927,375,374.42857142857133
2,928,375,374.6190476190476
2,929,374,374.5238095238095
2,930,374,373.9999999999998
2,931,374,373.47619047619037
2,932,373,373.38095238095235
2,933,373,373.5714285714285
2,934,374,373.47619047619037
2,935,374,373.19047619047603
2,936,372,372.80952380952385
2,937,372,372.5238095238095
2,938,373,372.4285714285713
2,939,373,372.6190476190475
2,940,372,372.42857142857133
2,941,372,372.0476190476189
2,942,372,371.9047619047618
2,943,372,371.90476190476187
2,944,372,372.0476190476188
2,945,372,372.4285714285713
2,946,373,372.61904761904754
2,947,373,372.6190476190475
2,948,372,372.3333333333331
2,949,372,372.0952380952381
2,950,372,372.23809523809507
2,951,373,372.66666666666663
2,952,373,372.95238095238085
2,953,373,373.095238095238
2,954,373,372.99999999999983
2,955,373,372.99999999999983
2,956,373,372.99999999999983
2,957,373,372.99999999999983
2,958,373,372.90476190476187
2,959,373,373.0476190476189
2,960,373,373.33333333333326
2,961,374,373.66666666666663
2,962,374,373.85714285714283
2,963,374,374.14285714285705
2,964,374,374.23809523809507
2,965,375,374.7142857142855
2,966,375,375.2857142857141
2,967,376,375.7619047619047
2,968,376,376.14285714285694
2,969,376,375.9047619047618
2,970,376,375.38095238095235
2,971,374,374.9047619047618
2,972,375,374.8095238095237
2,973,375,375.0952380952379
2,974,376,375.7619047619047
2,975,376,375.7619047619047
2,976,376,376.19047619047615
2,977,376,376.4761904761903
2,978,378,377.4285714285713
2,979,378,378.47619047619037
2,980,380,379.57142857142844
2,981,380,380.33333333333314
2,982,381,380.80952380952374
2,983,381,380.047619047619
2,984,380,380.71428571428567
2,985,380,382.3333333333333
2,986,386,383.7619047619046
2,987,386,384.5238095238094
2,988,383,384.6666666666665
2,989,383,383.8095238095237
2,990,385,384.04761904761887
2,991,385,385.095238095238
2,992,385,385.09523809523796
2,993,385,384.3333333333332
2,994,383,383.7619047619047
2,995,383,383.047619047619
2,996,383,382.5714285714285
2,997,382,382.2857142857142
2,998,382,381.52380952380935
2,999,381,381.33333333333314
2,1000,381,381.23809523809524
2,1001,383,382.4761904761905
2,1002,383,384.7619047619046
2,1003,388,386.42857142857133
2,1004,388,386.6190476190474
2,1005,386,387.38095238095224
2,1006,386,387.76190476190465
2,1007,391,389.14285714285705
2,1008,391,390.5714285714284
2,1009,391,391.57142857142844
2,1010,391,391.85714285714255
2,1011,393,392.2380952380952
2,1012,393,392.1428571428571
2,1013,391,391.90476190476176
2,1014,391,391.3333333333332
2,1015,392,391.52380952380946
2,1016,392,392.190476190476
2,1017,393,392.8095238095236
2,1018,393,393.3809523809522
2,1019,394,393.7142857142856
2,1020,394,393.42857142857144
2,1021,393,393.5142857142859
2,1022,393,393.5428571428571
2,1023,395,394.95
2,1024,395,387.61904761904754
2,1025,396,393.95238095238074
2,1026,395,397.61904761904754
2,1027,395,396.2380952380951
2,1028,398,396.8571428571429
2,1029,398,397.4285714285713
2,1030,397,397.6666666666665
2,1031,397,397.190476190476
2,1032,398,397.6666666666664
2,1033,398,398.7142857142856
2,1034,400,399.3809523809521
2,1035,400,399.5714285714284
2,1036,399,399.5238095238093
2,1037,399,399.14285714285717
2,1038,399,398.8571428571428
2,1039,399,398.4761904761905
2,1040,398,398.4285714285712
2,1041,398,398.71428571428544
2,1042,400,399.14285714285705
2,1043,400,399.9523809523808
2,1044,400,400.42857142857116
2,1045,401,400.71428571428567
2,1046,401,401.38095238095224
2,1047,402,401.71428571428567
2,1048,402,401.5238095238094
2,1049,401,401.47619047619037
2,1050,401,401.38095238095207
2,1051,402,401.57142857142844
2,1052,402,402.0476190476189
2,1053,402,402.0476190476191
2,1054,402,401.66666666666674
2,1055,401,401.3333333333333
2,1056,401,401.047619047619
2,1057,401,400.90476190476176
2,1058,401,401.0
2,1059,401,401.0
2,1060,401,401.0
2,1061,401,401.0
2,1062,401,401.0
2,1063,401,401.0
2,1064,401,401.0
2,1065,401,401.0
2,1066,401,401.0
2,1067,401,401.0
2,1068,401,401.0
2,1069,401,401.095238095238
2,1070,401,400.952380952381
2,1071,401,400.66666666666663
2,1072,400,400.3333333333332
2,1073,400,399.9523809523808
2,1074,400,399.9523809523808
2,1075,400,400.4285714285715
2,1076,401,400.6190476190474
2,1077,401,400.52380952380946
2,1078,400,400.4761904761902
2,1079,400,400.47619047619037
2,1080,401,400.52380952380946
2,1081,401,400.6190476190474
2,1082,400,400.6190476190476
2,1083,400,399.95238095238085
2,1084,400,399.14285714285717
2,1085,398,398.7142857142856
2,1086,398,398.52380952380935
2,1087,399,398.4285714285714
2,1088,399,398.52380952380935
2,1089,398,398.47619047619037
2,1090,398,398.57142857142856
2,1091,399,398.4761904761903
2,1092,399,398.4761904761903
2,1093,397,397.6666666666666
2,1094,397,396.3333333333332
2,1095,395,395.52380952380946
2,1096,395,395.71428571428555
2,1097,396,395.3333333333332
2,1098,396,394.76190476190465
2,1099,393,394.1904761904761
2,1100,393,394.09523809523796
2,1101,395,393.90476190476187
2,1102,395,393.6190476190473
2,1103,392,393.33333333333314
2,1104,392,393.3333333333333
2,1105,395,393.6190476190475
2,1106,395,394.1904761904761
2,1107,393,393.85714285714266
2,1108,393,393.14285714285705
2,1109,393,393.23809523809507
2,1110,394,393.6190476190475
2,1111,394,393.7142857142856
2,1112,393,393.3809523809522
2,1113,393,392.8095238095236
2,1114,392,392.190476190476
2,1115,392,391.80952380952374
2,1116,391,391.1904761904762
2,1117,391,390.904761904762
2,1118,390,390.142857142857
2,1119,390,389.38095238095235
2,1120,388,388.57142857142856
2,1121,388,388.095238095238
2,1122,388,387.8095238095236
2,1123,388,387.90476190476176
2,1124,388,388.04761904761887
2,1125,388,388.5238095238096
2,1126,389,388.57142857142856
2,1127,389,388.1904761904762
2,1128,387,387.8095238095236
2,1129,387,387.71428571428567
2,1130,388,387.33333333333326
2,1131,388,386.95238095238074
2,1132,385,386.3809523809524
2,1133,385,384.9999999999999
2,1134,385,383.5238095238093
2,1135,382,383.09523809523796
2,1136,382,383.1904761904761
2,1137,384,382.8571428571427
2,1138,384,382.2857142857142
2,1139,380,381.6666666666666
2,1140,380,381.47619047619037
2,1141,383,381.4761904761903
2,1142,383,381.9523809523809
2,1143,380,381.2380952380952
2,1144,380,379.8095238095237
2,1145,379,379.04761904761887
2,1146,379,379.04761904761887
2,1147,379,378.90476190476176
2,1148,379,379.190476190476
2,1149,379,378.90476190476187
2,1150,379,378.33333333333326
2,1151,377,377.6666666666665
2,1152,377,377.0952380952379
2,1153,377,376.9047619047618
2,1154,377,376.952380952381
2,1155,377,376.7619047619048
2,1156,376,376.2857142857141
2,1157,376,375.71428571428555
2,1158,375,375.2380952380953
2,1159,375,374.85714285714255
2,1160,375,374.99999999999994
2,1161,375,375.8571428571427
2,1162,377,376.2380952380951
2,1163,377,376.1428571428571
2,1164,375,375.90476190476187
2,1165,375,375.6190476190474
2,1166,376,375.3809523809522
2,1167,376,375.2857142857141
2,1168,374,374.76190476190465
2,1169,374,374.1904761904762
2,1170,374,373.7619047619046
2,1171,374,373.66666666666663
2,1172,373,373.33333333333326
2,1173,373,373.14285714285717
2,1174,373,372.85714285714266
2,1175,373,372.57142857142856
2,1176,372,372.3809523809523
2,1177,372,372.3809523809523
2,1178,373,372.4761904761905
2,1179,373,372.99999999999994
2,1180,373,373.52380952380935
2,1181,374,373.6190476190475
2,1182,374,373.6190476190475
2,1183,373,373.42857142857133
2,1184,373,373.0476190476189
2,1185,373,372.9047619047618
2,1186,373,372.90476190476187
2,1187,373,373.0476190476189
2,1188,373,373.33333333333326
2,1189,374,373.66666666666663
2,1190,374,373.85714285714283
2,1191,374,374.14285714285705
2,1192,374,374.1428571428571
2,1193,375,374.7619047619047
2,1194,375,375.80952380952374
2,1195,377,376.0476190476189
2,1196,377,376.38095238095224
2,1197,375,376.8571428571427
2,1198,378,377.19047619047603
2,1199,378,377.61904761904754
2,1200,378,377.47619047619037
2,1201,377,377.57142857142844
2,1202,377,378.71428571428555
2,1203,382,380.2380952380951
2,1204,382,381.7619047619047
2,1205,382,382.5714285714285
2,1206,382,381.9523809523809
2,1207,382,381.9523809523808
2,1208,381,381.19047619047615
2,1209,381,379.38095238095235
2,1210,378,379.238095238095
2,1211,378,380.5714285714283
2,1212,385,382.3333333333333
2,1213,385,384.3333333333332
2,1214,384,384.99999999999994
2,1215,384,384.142857142857
2,1216,384,383.7619047619046
2,1217,384,383.7142857142856
2,1218,383,383.6666666666665
2,1219,384,383.71428571428567
2,1220,384,383.7619047619046
2,1221,384,384.14285714285694
2,1222,384,384.33333333333326
2,1223,385,384.66666666666663
2,1224,385,384.8571428571428
2,1225,385,385.14285714285705
2,1226,385,385.2380952380951
2,1227,386,385.7142857142857
2,1228,386,386.095238095238
2,1229,387,386.8571428571428
2,1230,387,387.42857142857133
2,1231,389,388.5238095238094
2,1232,389,389.76190476190465
2,1233,391,390.4285714285713
2,1234,391,389.7619047619046
2,1235,389,390.09523809523796
2,1236,389,391.0476190476188
2,1237,394,391.99999999999983
2,1238,394,392.76190476190453
2,1239,391,392.47619047619037
2,1240,391,390.7619047619047
2,1241,391,390.9047619047618
2,1242,391,392.4285714285713
2,1243,395,393.42857142857133
2,1244,395,394.5714285714284
2,1245,394,395.47619047619025
2,1246,396,395.3333333333332
2,1247,396,395.4761904761904
2,1248,395,395.52380952380946
2,1249,395,394.9523809523809
2,1250,395,394.95238095238074
2,1251,395,395.3333333333332
2,1252,396,395.66666666666646
2,1253,396,395.7619047619046
2,1254,396,396.1904761904761
2,1255,396,397.0476190476189
2,1256,398,397.14285714285705
2,1257,398,396.2857142857141
2,1258,394,395.95238095238085
2,1259,394,395.04761904761904
2,1260,397,394.33333333333326
2,1261,394,394.99999999999994
2,1262,394,395.9047619047617
2,1263,397,395.4761904761904
2,1264,397,394.6190476190475
2,1265,392,394.23809523809507
2,1266,392,394.5238095238095
2,1267,398,395.3809523809521
2,1268,398,396.7142857142855
2,1269,395,396.5714285714283
2,1270,395,395.23809523809507
2,1271,395,394.6666666666665
2,1272,395,394.3809523809523
2,1273,394,394.47619047619037
2,1274,394,395.04761904761887
2,1275,397,395.71428571428555
2,1276,397,396.9523809523809
2,1277,397,397.9428571428573
2,1278,399,398.2571428571427
2,1279,399,399.1999999999999
2,1280,401,391.3333333333332
2,1281,401,399.8095238095235
2,1282,401,403.6666666666665
2,1283,401,400.1428571428571
2,1284,399,399.76190476190465
2,1285,399,399.7619047619045
2,1286,401,400.14285714285694
2,1287,401,400.9047619047616
2,1288,401,401.1904761904758
2,1289,401,401.0
2,1290,401,401.0
2,1291,401,401.095238095238
2,1292,401,400.952380952381
2,1293,401,400.4761904761905
2,1294,400,400.4285714285712
2,1295,400,400.80952380952374
2,1296,402,400.9999999999999
2,1297,402,401.6666666666666
2,1298,401,402.3809523809522
2,1299,403,402.28571428571416
2,1300,403,402.0476190476188
2,1301,401,401.9047619047617
2,1302,401,401.5238095238094
2,1303,402,401.42857142857144
2,1304,402,401.5238095238094
2,1305,401,401.47619047619037
2,1306,401,401.47619047619037
2,1307,402,401.5238095238094
2,1308,402,401.4285714285713
2,1309,401,401.5238095238093
2,1310,401,401.8095238095238
2,1311,403,402.1904761904761
2,1312,403,402.47619047619014
2,1313,402,402.57142857142844
2,1314,402,402.3809523809522
2,1315,403,402.57142857142844
2,1316,403,402.95238095238074
2,1317,403,403.09523809523796
2,1318,403,402.9999999999999
2,1319,403,403.09523809523796
2,1320,403,402.9523809523809
2,1321,403,402.57142857142844
2,1322,402,402.38095238095235
2,1323,402,402.3809523809522
2,1324,403,402.57142857142844
2,1325,403,403.04761904761904
2,1326,403,403.04761904761887
2,1327,403,402.57142857142844
2,1328,402,402.38095238095235
2,1329,402,402.3809523809522
2,1330,403,402.57142857142844
2,1331,403,403.04761904761904
2,1332,403,403.04761904761887
2,1333,403,402.57142857142844
2,1334,402,402.4761904761903
2,1335,402,402.3333333333332
2,1336,403,402.14285714285705
2,1337,402,402.3333333333332
2,1338,402,402.7619047619049
2,1339,403,402.4285714285714
2,1340,403,401.85714285714266
2,1341,400,401.14285714285705
2,1342,400,400.47619047619037
2,1343,401,400.38095238095224
2,1344,401,401.14285714285705
2,1345,401,400.99999999999983
2,1346,401,400.23809523809524
2,1347,399,399.71428571428555
2,1348,399,399.6190476190476
2,1349,400,399.3809523809522
2,1350,400,399.4761904761904
2,1351,398,398.6666666666665
2,1352,398,397.4285714285713
2,1353,396,396.47619047619037
2,1354,396,395.99999999999994
2,1355,396,395.8571428571427
2,1356,396,396.5238095238095
2,1357,397,396.47619047619037
2,1358,397,396.3333333333332
2,1359,395,396.095238095238
2,1360,396,395.76190476190476
2,1361,396,395.8571428571427
2,1362,396,396.04761904761887
2,1363,396,395.8571428571427
2,1364,395,395.23809523809507
2,1365,395,394.1904761904761
2,1366,393,393.6666666666666
2,1367,393,393.85714285714283
2,1368,395,394.0952380952378
2,1369,395,394.57142857142856
2,1370,394,394.5238095238095
2,1371,394,394.142857142857
2,1372,394,393.8571428571427
2,1373,394,393.85714285714266
2,1374,393,393.23809523809507
2,1375,393,393.80952380952374
2,1376,391,390.85714285714283
2,1377,391,386.19047619047615
2,1378,376,380.76190476190453
2,1379,376,376.3809523809521
2,1380,375,373.7142857142855
2,1381,375,375.142857142857
2,1382,375,375.5714285714285
2,1383,377,376.3333333333332
2,1384,377,376.90476190476176
2,1385,377,377.190476190476
2,1386,377,377.0952380952381
2,1387,377,376.952380952381
2,1388,377,376.57142857142844
2,1389,376,376.3809523809523
2,1390,376,376.4761904761904
2,1391,377,376.5238095238094
2,1392,377,376.52380952380946
2,1393,376,376.4761904761903
2,1394,376,376.2857142857141
2,1395,377,376.6190476190475
2,1396,377,377.2857142857142
2,1397,378,377.7619047619047
2,1398,378,377.8571428571427
2,1399,378,378.04761904761887
2,1400,378,378.3809523809521
2,1401,379,378.90476190476176
2,1402,380,379.6666666666665
2,1403,380,380.47619047619025
2,1404,381,380.71428571428555
2,1405,381,380.4285714285713
2,1406,380,380.5238095238094
2,1407,380,380.71428571428567
2,1408,382,381.3333333333332
2,1409,382,381.8571428571427
2,1410,382,381.9523809523808
2,1411,381,381.2857142857142
2,1412,381,380.6190476190474
2,1413,380,380.28571428571416
2,1414,380,380.28571428571416
2,1415,381,380.6190476190475
2,1416,381,381.3809523809523
2,1417,382,381.7142857142856
2,1418,382,381.33333333333314
2,1419,381,381.5714285714285
2,1420,381,382.2380952380951
2,1421,384,382.80952380952357
2,1422,384,382.9999999999999
2,1423,382,383.04761904761887
2,1424,382,382.76190476190465
2,1425,384,383.14285714285705
2,1426,384,383.7142857142856
2,1427,384,384.28571428571405
2,1428,384,384.85714285714283
2,1429,386,385.238095238095
2,1430,386,384.85714285714266
2,1431,384,385.2380952380951
2,1432,384,385.33333333333326
2,1433,388,385.71428571428555
2,1434,386,386.5238095238094
2,1435,386,386.8095238095236
2,1436,387,386.4761904761903
2,1437,387,386.95238095238085
2,1438,387,387.0952380952379
2,1439,387,386.9999999999999
2,1440,387,386.9999999999999
2,1441,387,386.80952380952374
2,1442,387,387.0952380952379
2,1443,387,387.66666666666663
2,1444,389,388.33333333333314
2,1445,389,388.9047619047617
2,1446,389,389.1904761904761
2,1447,389,388.99999999999983
2,1448,389,388.99999999999983
2,1449,389,388.9047619047617
2,1450,389,389.0476190476189
2,1451,389,389.4285714285714
2,1452,390,389.6190476190473
2,1453,390,389.6190476190475
2,1454,389,389.33333333333326
2,1455,389,389.09523809523796
2,1456,389,389.2380952380952
2,1457,390,389.6666666666666
2,1458,390,390.047619047619
2,1459,390,390.04761904761887
2,1460,390,389.66666666666646
2,1461,389,389.3333333333331
2,1462,389,389.0476190476191
2,1463,389,388.9047619047618
2,1464,389,388.99999999999983
2,1465,389,388.99999999999983
2,1466,389,388.99999999999983
2,1467,389,388.99999999999983
2,1468,389,388.9047619047617
2,1469,389,389.0476190476189
2,1470,389,389.4285714285714
2,1471,390,389.6190476190473
2,1472,390,389.6190476190475
2,1473,389,389.4285714285714
2,1474,389,389.0476190476191
2,1475,389,388.9047619047618
2,1476,389,388.99999999999983
2,1477,389,388.99999999999983
2,1478,389,388.99999999999983
2,1479,389,389.0952380952381
2,1480,389,388.95238095238096
2,1481,389,388.7619047619047
2,1482,388,388.2857142857141
2,1483,388,387.61904761904736
2,1484,387,387.2857142857142
2,1485,387,387.47619047619037
2,1486,388,387.52380952380946
2,1487,388,387.52380952380946
2,1488,387,387.47619047619037
2,1489,387,387.47619047619037
2,1490,388,387.52380952380946
2,1491,388,387.52380952380946
2,1492,387,387.47619047619037
2,1493,387,387.47619047619037
2,1494,388,387.52380952380946
2,1495,388,387.52380952380946
2,1496,387,387.47619047619037
2,1497,387,387.5714285714285
2,1498,388,387.47619047619037
2,1499,388,387.0952380952379
2,1500,386,387.0476190476189
2,1501,386,386.6666666666665
2,1502,388,386.3809523809523
2,1503,386,386.61904761904754
2,1504,386,386.8095238095236
2,1505,387,386.38095238095235
2,1506,387,386.0952380952381
2,1507,385,385.8571428571427
2,1508,385,386.0476190476189
2,1509,387,385.99999999999994
2,1510,387,385.80952380952374
2,1511,384,385.2380952380951
2,1512,384,384.57142857142856
2,1513,385,384.3333333333332
2,1514,385,384.52380952380935
2,1515,384,384.4761904761903
2,1516,384,384.6666666666665
2,1517,385,384.4285714285712
2,1518,385,383.7619047619046
2,1519,382,383.19047619047615
2,1520,382,383.095238095238
2,1521,384,382.90476190476176
2,1522,384,382.9999999999997
2,1523,381,382.23809523809507
2,1524,381,380.76190476190453
2,1525,380,379.6190476190474
2,1526,379,379.42857142857133
2,1527,379,379.47619047619025
2,1528,380,379.4761904761904
2,1529,380,379.1904761904761
2,1530,378,378.8095238095237
2,1531,378,378.6190476190475
2,1532,379,378.38095238095224
2,1533,379,378.4571428571431
2,1534,377,377.88571428571413
2,1535,377,376.79999999999995
2,1536,379,376.57142857142844
2,1537,379,377.9047619047617
2,1538,377,378.3809523809523
2,1539,377,377.71428571428567
2,1540,378,377.3333333333332
2,1541,378,376.85714285714266
2,1542,375,376.2380952380952
2,1543,375,375.4285714285714
2,1544,376,374.9523809523808
2,1545,375,375.3333333333333
2,1546,375,375.5714285714284
2,1547,376,375.52380952380946
2,1548,376,375.71428571428567
2,1549,375,375.38095238095224
2,1550,375,374.61904761904754
2,1551,374,374.2857142857143
2,1552,374,374.57142857142844
2,1553,375,374.4761904761904
2,1554,375,373.99999999999994
2,1555,373,373.9047619047618
2,1556,373,374.2857142857143
2,1557,376,374.71428571428544
2,1558,376,375.2857142857141
2,1559,374,374.9047619047618
2,1560,374,373.76190476190476
2,1561,373,373.1428571428571
2,1562,373,372.9523809523809
2,1563,373,373.14285714285717
2,1564,373,373.2380952380952
2,1565,374,372.99999999999983
2,1566,372,372.61904761904754
2,1567,372,372.1904761904759
2,1568,372,371.80952380952374
2,1569,372,372.095238095238
2,1570,372,371.9523809523808
2,1571,372,371.4761904761905
2,1572,371,371.4285714285713
2,1573,371,371.8095238095237
2,1574,373,372.1904761904761
2,1575,373,372.57142857142856
2,1576,372,372.5238095238094
2,1577,372,372.0476190476189
2,1578,372,371.9047619047618
2,1579,372,371.9999999999999
2,1580,372,371.9999999999999
2,1581,372,371.9999999999999
2,1582,372,371.9999999999999
2,1583,372,372.095238095238
2,1584,372,371.8571428571427
2,1585,372,371.7142857142856
2,1586,371,371.66666666666663
2,1587,372,371.6571428571429
2,1588,372,371.8285714285713
2,1589,372,371.95
3,0,372,375.6666666666665
3,1,372,373.38095238095224
3,2,372,375.42857142857133
3,3,386,381.23809523809507
3,4,386,384.4761904761903
3,5,384,386.09523809523785
3,6,384,384.85714285714266
3,7,386,385.095238095238
3,8,386,385.66666666666646
3,9,385,385.66666666666646
3,10,385,384.61904761904754
3,11,384,383.4761904761903
3,12,382,382.7619047619047
3,13,382,382.23809523809507
3,14,383,382.5238095238094
3,15,383,383.4761904761904
3,16,384,383.6666666666666
3,17,384,383.3809523809523
3,18,382,382.7142857142856
3,19,382,381.85714285714283
3,20,381,381.0952380952379
3,21,381,380.33333333333314
3,22,380,380.42857142857133
3,23,380,381.6666666666666
3,24,384,382.4285714285712
3,25,384,382.7142857142856
3,26,381,382.4285714285713
3,27,381,381.6666666666665
3,28,382,381.2857142857143
3,29,382,381.0952380952379
3,30,380,380.95238095238085
3,31,380,380.7142857142855
3,32,382,380.6190476190474
3,33,381,381.33333333333314
3,34,381,382.38095238095224
3,35,383,381.99999999999983
3,36,383,380.95238095238085
3,37,378,379.99999999999994
3,38,378,379.6190476190476
3,39,381,379.33333333333314
3,40,381,379.33333333333314
3,41,377,378.7142857142857
3,42,377,378.0476190476188
3,43,379,377.85714285714266
3,44,379,378.04761904761887
3,45,377,377.9523809523808
3,46,377,377.38095238095235
3,47,379,378.33333333333326
3,48,379,380.2380952380952
3,49,383,381.9523809523808
3,50,383,382.7619047619047
3,51,383,383.04761904761887
3,52,382,382.33333333333314
3,53,382,382.23809523809507
3,54,382,381.8095238095238
3,55,382,380.9523809523809
3,56,380,380.8571428571427
3,57,380,381.52380952380935
3,58,384,382.4285714285713
3,59,384,383.28571428571405
3,60,383,383.80952380952374
3,61,383,383.7142857142856
3,62,385,384.2380952380952
3,63,385,384.9047619047618
3,64,385,385.0952380952379
3,65,385,385.0476190476188
3,66,385,385.42857142857133
3,67,386,385.6190476190474
3,68,386,385.3333333333332
3,69,385,385.5714285714284
3,70,385,386.3333333333333
3,71,388,386.7619047619046
3,72,388,386.7619047619046
3,73,385,386.33333333333326
3,74,385,385.5714285714285
3,75,386,385.33333333333314
3,76,386,385.52380952380946
3,77,385,385.47619047619014
3,78,385,385.3809523809523
3,79,386,385.57142857142844
3,80,386,385.95238095238085
3,81,386,386.095238095238
3,82,386,385.7142857142855
3,83,386,386.142857142857
3,84,386,387.190476190476
3,85,389,387.90476190476176
3,86,389,387.9999999999999
3,87,387,388.04761904761904
3,88,387,387.7619047619046
3,89,389,388.238095238095
3,90,389,388.85714285714266
3,91,389,388.85714285714283
3,92,388,388.33333333333314
3,93,388,388.0476190476189
3,94,388,387.90476190476176
3,95,388,387.9999999999999
3,96,388,387.9999999999999
3,97,388,387.90476190476176
3,98,388,388.04761904761887
3,99,388,388.4285714285713
3,100,389,388.61904761904736
3,101,389,388.4285714285713
3,102,388,388.5238095238094
3,103,388,388.8095238095238
3,104,390,389.1904761904759
3,105,390,389.4761904761903
3,106,389,389.5714285714285
3,107,389,389.3809523809522
3,108,390,389.57142857142844
3,109,390,389.9523809523809
3,110,390,390.19047619047603
3,111,390,389.9523809523809
3,112,390,389.66666666666646
3,113,389,389.3333333333331
3,114,389,388.9523809523808
3,115,389,388.9523809523806
3,116,389,389.4285714285714
3,117,390,389.6190476190473
3,118,390,389.6190476190475
3,119,389,389.4285714285714
3,120,389,389.0476190476191
3,121,389,388.9047619047618
3,122,389,388.99999999999983
3,123,389,388.99999999999983
3,124,389,388.99999999999983
3,125,389,388.9047619047617
3,126,389,389.0476190476189
3,127,389,389.3333333333331
3,128,390,389.6666666666666
3,129,390,389.9523809523809
3,130,390,390.095238095238
3,131,390,390.0
3,132,390,390.0
3,133,390,390.0
3,134,390,390.0
3,135,390,390.0
3,136,390,390.0
3,137,390,390.0
3,138,390,390.0
3,139,390,390.0
3,140,390,390.0
3,141,390,390.0
3,142,390,390.0
3,143,390,390.095238095238
3,144,390,389.9523809523809
3,145,390,389.57142857142844
3,146,389,389.38095238095224
3,147,389,389.3809523809522
3,148,390,389.57142857142844
3,149,390,389.9523809523809
3,150,390,390.095238095238
3,151,390,390.0
3,152,390,389.9047619047617
3,153,390,390.047619047619
3,154,390,390.4285714285714
3,155,391,390.61904761904725
3,156,391,390.5238095238093
3,157,390,390.4761904761904
3,158,390,390.57142857142856
3,159,391,390.47619047619037
3,160,391,390.28571428571416
3,161,389,389.76190476190465
3,162,389,388.99999999999983
3,163,389,388.85714285714283
3,164,389,389.4285714285714
3,165,390,389.6190476190473
3,166,390,389.52380952380946
3,167,389,389.4761904761903
3,168,389,389.5714285714286
3,169,390,389.47619047619037
3,170,390,388.8095238095236
3,171,388,389.0
3,172,388,389.6666666666666
3,173,393,391.19047619047586
3,174,393,392.9999999999999
3,175,394,394.1904761904761
3,176,394,394.28571428571405
3,177,395,394.7619047619045
3,178,395,394.7619047619045
3,179,395,395.19047619047603
3,180,395,395.8571428571427
3,181,397,396.14285714285694
3,182,397,396.2857142857142
3,183,395,396.38095238095235
3,184,396,395.66666666666646
3,185,396,394.99999999999994
3,186,394,394.8095238095235
3,187,394,394.7142857142858
3,188,395,394.33333333333314
3,189,395,393.7619047619047
3,190,392,393.1904761904761
3,191,392,392.61904761904736
3,192,394,393.14285714285694
3,193,394,394.47619047619037
3,194,396,395.57142857142844
3,195,396,396.0476190476188
3,196,397,396.9523809523808
3,197,397,397.90476190476187
3,198,399,398.2857142857141
3,199,399,397.6190476190474
3,200,396,397.3333333333333
3,201,396,397.3333333333333
3,202,399,397.61904761904736
3,203,399,397.99999999999994
3,204,397,398.0476190476191
3,205,397,397.95238095238096
3,206,399,397.95238095238096
3,207,399,398.28571428571405
3,208,397,398.2857142857142
3,209,398,397.7142857142856
3,210,398,397.3333333333332
3,211,397,397.4761904761904
3,212,397,397.28571428571416
3,213,398,397.61904761904754
3,214,398,398.1904761904761
3,215,399,398.80952380952357
3,216,399,399.28571428571416
3,217,400,399.76190476190465
3,218,400,399.95238095238085
3,219,400,400.0952380952379
3,220,400,399.99999999999983
3,221,400,399.99999999999983
3,222,400,399.99999999999983
3,223,400,399.99999999999983
3,224,400,399.99999999999983
3,225,400,399.99999999999983
3,226,400,399.9047619047618
3,227,400,400.14285714285677
3,228,400,400.2857142857141
3,229,401,400.23809523809507
3,230,400,400.3333333333332
3,231,400,400.4761904761902
3,232,401,400.5714285714283
3,233,401,400.95238095238085
3,234,401,401.095238095238
3,235,401,401.0
3,236,401,401.0
3,237,401,401.095238095238
3,238,401,400.952380952381
3,239,401,400.5714285714283
3,240,400,400.38095238095207
3,241,400,400.38095238095207
3,242,401,400.5714285714283
3,243,401,400.95238095238085
3,244,401,401.095238095238
3,245,401,401.095238095238
3,246,401,400.952380952381
3,247,401,400.5714285714283
3,248,400,400.38095238095207
3,249,400,400.38095238095207
3,250,401,400.5714285714283
3,251,401,402.76190476190476
3,252,401,400.19047619047603
3,253,401,396.1142857142858
3,254,382,389.0571428571427
3,255,382,380.0999999999999
3,256,382,381.6666666666664
3,257,382,383.23809523809507
3,258,382,388.61904761904754
3,259,403,395.95238095238085
3,260,403,401.6666666666664
3,261,402,404.33333333333314
3,262,402,402.0476190476189
3,263,402,401.9047619047619
3,264,402,402.09523809523796
3,265,402,401.9523809523808
3,266,402,401.57142857142844
3,267,401,401.3809523809523
3,268,401,401.47619047619037
3,269,402,401.5238095238094
3,270,402,401.71428571428555
3,271,401,401.3809523809521
3,272,401,400.7142857142856
3,273,400,400.4285714285712
3,274,400,399.95238095238085
3,275,400,399.14285714285717
3,276,398,398.7142857142856
3,277,398,398.52380952380935
3,278,399,398.4285714285714
3,279,399,398.52380952380935
3,280,398,398.47619047619037
3,281,398,398.38095238095224
3,282,399,398.5714285714284
3,283,399,398.8571428571427
3,284,399,399.142857142857
3,285,399,399.42857142857116
3,286,400,399.6190476190474
3,287,400,399.8095238095238
3,288,399,399.2380952380953
3,289,399,398.4285714285712
3,290,397,397.9999999999998
3,291,398,397.7142857142856
3,292,398,397.4285714285713
3,293,397,397.4285714285713
3,294,397,397.3333333333333
3,295,397,396.76190476190476
3,296,397,395.8095238095237
3,297,394,395.0952380952379
3,298,394,395.28571428571405
3,299,396,394.8095238095237
3,300,396,393.8571428571427
3,301,391,393.04761904761904
3,302,391,392.95238095238096
3,303,395,392.99999999999994
3,304,395,393.2857142857142
3,305,391,392.8095238095236
3,306,391,392.047619047619
3,307,393,391.8571428571426
3,308,393,392.238095238095
3,309,391,391.8571428571428
3,310,391,391.0952380952379
3,311,391,390.8095238095237
3,312,391,391.09523809523796
3,313,391,390.8571428571428
3,314,391,390.7142857142855
3,315,390,390.5714285714284
3,316,391,390.7619047619047
3,317,391,391.38095238095224
3,318,392,391.66666666666663
3,319,392,391.28571428571433
3,320,390,390.76190476190465
3,321,390,390.1904761904762
3,322,390,389.76190476190465
3,323,390,389.8571428571427
3,324,389,389.2380952380952
3,325,389,388.4761904761903
3,326,387,387.52380952380946
3,327,387,386.7619047619047
3,328,386,386.14285714285717
3,329,386,386.14285714285705
3,330,386,385.85714285714283
3,331,386,385.6666666666666
3,332,385,385.3333333333332
3,333,385,385.0476190476189
3,334,385,385.095238095238
3,335,385,384.90476190476164
3,336,385,384.1428571428571
3,337,383,383.76190476190476
3,338,383,383.8571428571428
3,339,385,384.095238095238
3,340,385,384.5714285714285
3,341,384,384.52380952380946
3,342,384,384.4285714285712
3,343,384,383.71428571428555
3,344,384,382.4761904761903
3,345,380,381.4285714285713
3,346,380,381.1428571428571
3,347,382,380.80952380952385
3,348,382,380.6190476190474
3,349,379,380.3333333333332
3,350,379,380.3333333333332
3,351,382,380.6190476190475
3,352,382,380.99999999999994
3,353,380,381.0476190476189
3,354,380,381.04761904761887
3,355,382,380.99999999999994
3,356,382,380.90476190476176
3,357,379,380.38095238095224
3,358,379,379.047619047619
3,359,379,378.14285714285705
3,360,377,377.6190476190474
3,361,377,376.76190476190465
3,362,376,376.14285714285705
3,363,376,376.0476190476189
3,364,376,375.9047619047618
3,365,376,375.9047619047618
3,366,376,376.0476190476189
3,367,376,376.52380952380946
3,368,377,376.57142857142844
3,369,377,376.0952380952381
3,370,375,375.8571428571429
3,371,375,375.8571428571427
3,372,377,376.19047619047615
3,373,377,376.5238095238096
3,374,376,376.09523809523796
3,375,375,375.4285714285713
3,376,375,375.38095238095224
3,377,376,375.52380952380946
3,378,376,375.71428571428567
3,379,375,375.38095238095224
3,380,375,374.80952380952374
3,381,374,374.1904761904761
3,382,374,373.7142857142856
3,383,373,373.2380952380951
3,384,373,373.0476190476189
3,385,373,372.9047619047618
3,386,373,373.095238095238
3,387,373,372.95238095238096
3,388,373,372.57142857142856
3,389,372,372.3809523809523
3,390,372,372.3809523809523
3,391,373,372.5714285714284
3,392,373,372.8571428571429
3,393,373,373.14285714285705
3,394,373,373.33333333333326
3,395,374,373.66666666666663
3,396,374,373.9523809523808
3,397,374,374.09523809523813
3,398,374,373.99999999999994
3,399,374,373.99999999999994
3,400,374,373.99999999999994
3,401,374,373.99999999999994
3,402,374,373.99999999999994
3,403,374,373.99999999999994
3,404,374,373.99999999999994
3,405,374,374.09523809523796
3,406,374,373.95238095238096
3,407,374,373.57142857142856
3,408,373,373.38095238095235
3,409,373,373.3809523809523
3,410,374,373.5714285714285
3,411,374,374.0476190476189
3,412,374,374.0476190476189
3,413,374,373.66666666666663
3,414,373,373.33333333333326
3,415,373,372.9523809523809
3,416,373,372.95238095238096
3,417,373,373.33333333333326
3,418,374,373.66666666666663
3,419,374,373.7619047619046
3,420,374,374.19047619047615
3,421,374,374.6666666666665
3,422,376,375.33333333333326
3,423,376,375.71428571428567
3,424,376,376.2857142857142
3,425,376,376.6666666666665
3,426,378,377.238095238095
3,427,378,377.9523809523807
3,428,378,378.5238095238094
3,429,379,378.6666666666666
3,430,379,378.85714285714266
3,431,379,379.14285714285705
3,432,379,379.33333333333314
3,433,380,379.66666666666646
3,434,380,379.85714285714266
3,435,380,380.14285714285705
3,436,380,380.33333333333326
3,437,381,380.6666666666666
3,438,381,380.6666666666666
3,439,381,381.23809523809507
3,440,381,381.80952380952374
3,441,384,383.09523809523796
3,442,384,384.52380952380946
3,443,386,385.61904761904754
3,444,386,385.71428571428555
3,445,386,386.2857142857142
3,446,386,386.4761904761902
3,447,388,387.42857142857116
3,448,388,388.57142857142827
3,449,390,389.6190476190475
3,450,390,389.8571428571426
3,451,390,389.7619047619045
3,452,389,389.38095238095224
3,453,389,389.3809523809522
3,454,390,389.66666666666663
3,455,390,389.90476190476187
3,456,390,390.33333333333326
3,457,389,389.047619047619
3,458,389,387.047619047619
3,459,383,384.8095238095237
3,460,383,383.33333333333326
3,461,383,381.99999999999994
3,462,384,384.0476190476189
3,463,384,386.9047619047617
3,464,392,389.28571428571405
3,465,392,390.3333333333331
3,466,389,390.9047619047619
3,467,389,390.142857142857
3,468,392,390.5238095238094
3,469,392,391.9523809523809
3,470,392,392.8571428571426
3,471,394,393.38095238095235
3,472,394,394.2380952380951
3,473,395,394.8571428571426
3,474,395,395.42857142857133
3,475,395,394.8571428571428
3,476,395,392.85714285714266
3,477,390,391.90476190476176
3,478,390,391.9999999999997
3,479,395,392.8095238095236
3,480,395,394.5238095238094
3,481,394,394.7619047619047
3,482,394,393.4285714285713
3,483,393,393.38095238095235
3,484,393,394.142857142857
3,485,396,394.7619047619047
3,486,396,395.5714285714284
3,487,395,395.7619047619044
3,488,396,395.80952380952385
3,489,396,396.5238095238095
3,490,398,397.4285714285711
3,491,398,397.9047619047618
3,492,398,398.190476190476
3,493,398,398.0
3,494,398,398.0
3,495,398,397.9047619047617
3,496,398,398.047619047619
3,497,398,398.4285714285712
3,498,399,398.61904761904754
3,499,399,398.7142857142856
3,500,398,398.38095238095235
3,501,398,397.52380952380946
3,502,397,397.33333333333337
3,503,397,397.71428571428544
3,504,399,398.2380952380951
3,505,399,398.9047619047617
3,506,399,399.19047619047603
3,507,399,398.99999999999994
3,508,399,398.99999999999994
3,509,399,399.00000000000017
3,510,399,398.99999999999983
3,511,399,398.99999999999994
3,512,399,394.9047619047618
3,513,399,398.4761904761905
3,514,399,400.5714285714285
3,515,400,399.6190476190474
3,516,400,399.5238095238094
3,517,399,399.4761904761904
3,518,399,399.3809523809522
3,519,400,399.5714285714284
3,520,400,399.95238095238085
3,521,400,400.0952380952379
3,522,400,399.99999999999983
3,523,400,399.99999999999983
3,524,400,399.99999999999983
3,525,400,399.99999999999983
3,526,400,399.9047619047618
3,527,400,399.95238095238096
3,528,400,400.38095238095224
3,529,401,401.095238095238
3,530,402,401.57142857142827
3,531,402,401.61904761904754
3,532,401,401.47619047619037
3,533,401,401.47619047619037
3,534,402,401.5238095238094
3,535,402,401.4285714285713
3,536,401,401.5238095238093
3,537,401,401.8095238095238
3,538,403,402.1904761904761
3,539,403,402.6666666666664
3,540,402,402.4761904761905
3,541,402,401.8095238095237
3,542,401,401.190476190476
3,543,401,400.8095238095238
3,544,400,400.19047619047603
3,545,400,399.8095238095237
3,546,399,399.19047619047603
3,547,399,398.9047619047617
3,548,398,398.1428571428571
3,549,398,397.3809523809522
3,550,396,396.76190476190476
3,551,396,395.99999999999994
3,552,396,395.04761904761887
3,553,394,394.71428571428567
3,554,394,394.7142857142858
3,555,395,394.33333333333314
3,556,395,393.85714285714283
3,557,392,393.1428571428569
3,558,392,392.47619047619054
3,559,393,392.3809523809521
3,560,393,392.9523809523808
3,561,393,393.09523809523796
3,562,393,393.09523809523796
3,563,393,392.95238095238096
3,564,393,392.47619047619037
3,565,392,392.4285714285713
3,566,392,392.8095238095238
3,567,394,393.1904761904761
3,568,394,393.7619047619049
3,569,393,393.4285714285713
3,570,393,392.28571428571416
3,571,391,391.6190476190476
3,572,391,391.42857142857133
3,573,392,391.4761904761903
3,574,392,392.04761904761887
3,575,392,392.047619047619
3,576,392,391.76190476190476
3,577,391,391.38095238095224
3,578,391,390.6666666666666
3,579,390,389.9999999999999
3,580,389,389.33333333333326
3,581,389,388.61904761904754
3,582,388,388.238095238095
3,583,388,387.95238095238085
3,584,388,387.95238095238074
3,585,388,388.4285714285713
3,586,389,388.61904761904736
3,587,389,388.71428571428567
3,588,388,388.3809523809524
3,589,388,387.42857142857133
3,590,387,387.38095238095224
3,591,387,388.3333333333333
3,592,390,388.7619047619047
3,593,390,388.8571428571427
3,594,387,388.2857142857143
3,595,387,387.4285714285715
3,596,387,386.57142857142844
3,597,387,385.7142857142858
3,598,384,385.14285714285705
3,599,384,385.71428571428555
3,600,387,385.42857142857133
3,601,387,384.5714285714285
3,602,381,383.42857142857144
3,603,381,382.6666666666666
3,604,384,382.2380952380951
3,605,384,382.52380952380946
3,606,380,381.61904761904754
3,607,380,380.1904761904762
3,608,380,379.42857142857133
3,609,380,380.09523809523796
3,610,380,380.8571428571427
3,611,382,381.238095238095
3,612,382,381.238095238095
3,613,380,380.85714285714266
3,614,380,380.19047619047603
3,615,380,379.7619047619046
3,616,380,379.76190476190476
3,617,379,379.28571428571405
3,618,379,378.80952380952374
3,619,378,378.19047619047603
3,620,378,377.6190476190476
3,621,377,377.2857142857143
3,622,377,377.4761904761904
3,623,378,377.5238095238093
3,624,378,377.7142857142856
3,625,377,377.3809523809523
3,626,377,376.71428571428567
3,627,376,376.33333333333326
3,628,376,375.99999999999994
3,629,376,375.57142857142856
3,630,375,375.3333333333332
3,631,375,375.14285714285705
3,632,375,374.8571428571428
3,633,375,374.57142857142856
3,634,374,374.38095238095224
3,635,374,374.38095238095224
3,636,375,374.5714285714285
3,637,375,374.9523809523808
3,638,375,375.09523809523796
3,639,375,374.99999999999983
3,640,375,374.99999999999983
3,641,375,375.0952380952379
3,642,375,374.95238095238085
3,643,375,374.6666666666665
3,644,374,374.3333333333332
3,645,374,373.9523809523808
3,646,374,373.9523809523808
3,647,374,374.42857142857133
3,648,375,374.6190476190476
3,649,375,374.6190476190476
3,650,374,374.4285714285713
3,651,374,374.04761904761904
3,652,374,373.9047619047618
3,653,374,373.99999999999994
3,654,374,373.9047619047618
3,655,374,374.04761904761904
3,656,374,374.42857142857133
3,657,375,374.6190476190476
3,658,375,374.6190476190476
3,659,374,374.2380952380951
3,660,374,374.14285714285705
3,661,374,374.09523809523796
3,662,376,375.6666666666665
3,663,376,377.52380952380935
3,664,381,379.09523809523796
3,665,380,380.142857142857
3,666,380,380.8571428571428
3,667,381,380.57142857142856
3,668,381,380.5714285714285
3,669,381,381.28571428571416
3,670,381,383.38095238095224
3,671,385,383.1428571428569
3,672,385,380.9523809523808
3,673,374,378.14285714285705
3,674,374,375.3809523809523
3,675,376,374.19047619047615
3,676,376,375.4285714285713
3,677,374,374.76190476190465
3,678,374,372.76190476190465
3,679,372,372.8095238095237
3,680,372,374.90476190476176
3,681,379,376.2380952380952
3,682,379,376.42857142857133
3,683,374,376.6190476190474
3,684,374,376.61904761904754
3,685,380,377.33333333333314
3,686,380,378.28571428571416
3,687,376,378.04761904761904
3,688,376,376.47619047619037
3,689,377,375.38095238095235
3,690,376,376.57142857142844
3,691,376,378.23809523809507
3,692,382,379.85714285714266
3,693,382,381.47619047619037
3,694,381,381.8571428571428
3,695,381,380.6190476190474
3,696,380,380.28571428571416
3,697,380,380.5714285714285
3,698,381,380.4761904761903
3,699,381,379.90476190476176
3,700,379,379.95238095238074
3,701,379,380.42857142857116
3,702,383,381.4761904761903
3,703,383,382.8095238095236
3,704,383,383.38095238095235
3,705,383,383.0
3,706,383,383.095238095238
3,707,383,382.9523809523809
3,708,383,382.2857142857142
3,709,382,382.52380952380946
3,710,382,383.6666666666666
3,711,386,384.4285714285713
3,712,386,384.5238095238093
3,713,383,384.5238095238094
3,714,383,384.2380952380951
3,715,386,384.6666666666665
3,716,386,385.14285714285705
3,717,385,385.80952380952374
3,718,385,386.76190476190476
3,719,389,387.38095238095224
3,720,389,387.09523809523796
3,721,385,386.9047619047618
3,722,385,386.7142857142856
3,723,389,387.1904761904761
3,724,389,387.66666666666646
3,725,387,388.28571428571416
3,726,387,388.85714285714266
3,727,392,390.095238095238
3,728,392,391.2380952380952
3,729,391,391.90476190476176
3,730,391,391.90476190476187
3,731,393,392.14285714285694
3,732,393,392.238095238095
3,733,391,391.38095238095224
3,734,391,391.3333333333332
3,735,391,392.7619047619047
3,736,396,394.1904761904761
3,737,396,394.6666666666665
3,738,393,394.5238095238095
3,739,393,393.3809523809522
3,740,394,393.4285714285711
3,741,394,394.28571428571405
3,742,395,394.7619047619045
3,743,395,394.95238095238074
3,744,395,395.0952380952379
3,745,395,394.8095238095237
3,746,395,395.0952380952379
3,747,395,395.6666666666666
3,748,397,396.3333333333331
3,749,397,396.90476190476176
3,750,397,397.19047619047615
3,751,397,396.90476190476176
3,752,397,397.04761904761904
3,753,397,397.142857142857
3,754,398,397.7619047619047
3,755,398,398.80952380952357
3,756,400,399.33333333333326
3,757,400,399.142857142857
3,758,398,398.90476190476187
3,759,398,398.4285714285714
3,760,399,398.5714285714284
3,761,399,398.90476190476176
3,762,399,398.6666666666667
3,763,398,398.3809523809522
3,764,398,398.2857142857142
3,765,399,398.48571428571444
3,766,399,399.22857142857123
3,767,400,399.8999999999999
3,768,400,395.66666666666663
3,769,400,399.3809523809522
3,770,400,401.14285714285705
3,771,400,400.047619047619
3,772,400,400.33333333333326
3,773,401,400.66666666666663
3,774,401,400.95238095238085
3,775,401,401.095238095238
3,776,401,401.0
3,777,401,401.0
3,778,401,401.0
3,779,401,401.0
3,780,401,400.90476190476176
3,781,401,401.047619047619
3,782,401,401.3333333333333
3,783,402,401.6666666666666
3,784,402,401.9523809523808
3,785,402,402.09523809523796
3,786,402,401.99999999999983
3,787,402,402.09523809523796
3,788,402,401.9523809523808
3,789,402,401.57142857142844
3,790,401,401.3809523809523
3,791,401,401.47619047619037
3,792,402,401.5238095238094
3,793,402,401.61904761904736
3,794,401,401.4285714285711
3,795,401,401.047619047619
3,796,401,400.90476190476176
3,797,401,400.90476190476176
3,798,401,401.047619047619
3,799,401,401.3333333333333
3,800,402,401.76190476190465
3,801,402,401.9047619047617
3,802,402,401.76190476190453
3,803,401,401.3333333333333
3,804,401,401.047619047619
3,805,401,400.90476190476176
3,806,401,401.095238095238
3,807,401,400.952380952381
3,808,401,400.5714285714283
3,809,400,400.38095238095207
3,810,400,400.47619047619037
3,811,401,400.52380952380946
3,812,401,400.6190476190474
3,813,400,400.42857142857133
3,814,400,400.0476190476189
3,815,400,399.9047619047618
3,816,400,399.9047619047618
3,817,400,400.047619047619
3,818,400,400.33333333333326
3,819,401,400.66666666666663
3,820,401,401.047619047619
3,821,401,401.0476190476188
3,822,401,400.66666666666663
3,823,400,400.52380952380946
3,824,400,399.95238095238085
3,825,400,399.33333333333326
3,826,398,398.61904761904754
3,827,398,397.6666666666666
3,828,397,397.19047619047615
3,829,397,397.3809523809523
3,830,398,397.57142857142844
3,831,398,397.95238095238085
3,832,398,398.09523809523796
3,833,398,398.0
3,834,398,398.0
3,835,398,398.0
3,836,398,398.0
3,837,398,398.2857142857142
3,838,398,397.85714285714266
3,839,398,396.90476190476176
3,840,395,396.047619047619
3,841,395,395.5714285714284
3,842,396,395.3333333333332
3,843,396,395.71428571428555
3,844,395,395.3809523809523
3,845,395,394.71428571428567
3,846,394,394.2380952380951
3,847,394,394.04761904761904
3,848,394,393.80952380952357
3,849,394,394.04761904761887
3,850,394,394.6190476190475
3,851,395,394.5238095238095
3,852,395,393.7619047619047
3,853,392,393.1904761904761
3,854,392,393.00000000000006
3,855,394,392.9523809523808
3,856,394,393.4285714285713
3,857,392,392.76190476190465
3,858,392,391.6190476190476
3,859,390,390.3809523809523
3,860,390,389.23809523809507
3,861,388,388.5714285714284
3,862,388,389.0476190476189
3,863,390,388.99999999999983
3,864,390,389.1904761904759
3,865,387,388.04761904761887
3,866,387,386.5238095238094
3,867,384,384.5238095238094
3,868,384,382.8095238095237
3,869,380,381.0476190476189
3,870,380,380.66666666666646
3,871,380,379.38095238095224
3,872,380,378.33333333333314
3,873,375,376.6666666666665
3,874,375,374.9523809523809
3,875,375,374.66666666666663
3,876,375,376.28571428571416
3,877,378,376.8571428571428
3,878,378,376.6666666666665
3,879,375,376.38095238095235
3,880,375,375.90476190476187
3,881,377,376.0
3,882,377,376.3809523809521
3,883,376,376.61904761904754
3,884,376,376.7142857142856
3,885,378,377.2380952380952
3,886,378,377.6190476190474
3,887,378,378.3333333333332
3,888,378,379.09523809523796
3,889,381,379.95238095238074
3,890,381,380.4285714285712
3,891,380,380.6666666666666
3,892,380,380.28571428571416
3,893,381,380.6190476190475
3,894,381,381.2857142857141
3,895,382,381.76190476190465
3,896,382,382.23809523809524
3,897,382,381.76190476190465
3,898,382,381.09523809523785
3,899,379,381.0476190476189
3,900,381,380.28571428571416
3,901,381,379.2857142857141
3,902,377,378.52380952380946
3,903,377,377.19047619047603
3,904,377,376.6190476190476
3,905,377,377.2857142857143
3,906,377,376.8571428571427
3,907,377,375.8095238095237
3,908,374,375.0952380952379
3,909,374,374.9999999999998
3,910,376,374.95238095238085
3,911,376,375.238095238095
3,912,374,374.85714285714255
3,913,374,374.1904761904762
3,914,374,373.7619047619046
3,915,374,373.3809523809523
3,916,373,373.4761904761904
3,917,373,374.3333333333332
3,918,376,374.76190476190453
3,919,376,374.76190476190465
3,920,373,374.3333333333332
3,921,373,373.66666666666646
3,922,374,373.1904761904761
3,923,374,373.33333333333326
3,924,372,373.19047619047615
3,925,373,372.71428571428567
3,926,373,372.4285714285713
3,927,372,372.42857142857133
3,928,372,372.0476190476189
3,929,372,371.9047619047618
3,930,372,371.9999999999999
3,931,372,371.9999999999999
3,932,372,371.9999999999999
3,933,372,371.9999999999999
3,934,372,371.9999999999999
3,935,372,371.9999999999999
3,936,372,371.9999999999999
3,937,372,371.9999999999999
3,938,372,371.9999999999999
3,939,372,371.9999999999999
3,940,372,372.095238095238
3,941,372,371.8571428571427
3,942,372,371.7142857142856
3,943,371,371.57142857142844
3,944,372,371.7619047619046
3,945,372,372.095238095238
3,946,373,372.8095238095237
3,947,373,373.2857142857142
3,948,374,373.76190476190465
3,949,374,373.9523809523808
3,950,374,374.09523809523813
3,951,374,374.09523809523796
3,952,374,373.95238095238096
3,953,374,373.47619047619037
3,954,373,373.42857142857133
3,955,373,373.9047619047618
3,956,375,374.14285714285705
3,957,375,374.047619047619
3,958,373,373.9523809523809
3,959,373,373.76190476190476
3,960,375,374.0476190476189
3,961,375,374.95238095238085
3,962,375,375.7142857142856
3,963,376,375.5714285714284
3,964,376,374.9999999999999
3,965,374,374.9047619047617
3,966,374,375.190476190476
3,967,377,375.76190476190465
3,968,377,376.23809523809507
3,969,376,376.76190476190465
3,970,376,377.0476190476188
3,971,379,377.90476190476187
3,972,379,378.66666666666646
3,973,379,379.3809523809524
3,974,379,379.95238095238096
3,975,381,380.19047619047626
3,976,381,379.7142857142856
3,977,378,379.2857142857143
3,978,378,378.71428571428567
3,979,380,379.09523809523796
3,980,380,380.33333333333314
3,981,381,380.80952380952374
3,982,381,380.52380952380946
3,983,380,380.4761904761903
3,984,380,380.09523809523796
3,985,381,380.71428571428567
3,986,381,381.76190476190453
3,987,384,383.19047619047615
3,988,384,384.52380952380946
3,989,386,385.5238095238094
3,990,386,385.9523809523808
3,991,386,386.42857142857133
3,992,387,386.7142857142857
3,993,387,387.2857142857141
3,994,388,387.76190476190465
3,995,388,387.8571428571428
3,996,388,388.14285714285705
3,997,388,388.33333333333314
3,998,389,388.6666666666666
3,999,389,388.9523809523808
3,1000,389,389.0952380952379
3,1001,389,389.1904761904761
3,1002,389,388.9047619047617
3,1003,389,387.8571428571427
3,1004,387,387.9047619047619
3,1005,387,388.7619047619047
3,1006,392,390.142857142857
3,1007,392,391.5714285714283
3,1008,392,392.5714285714285
3,1009,392,392.5714285714285
3,1010,394,393.2857142857142
3,1011,394,394.28571428571405
3,1012,395,395.19047619047603
3,1013,396,395.6190476190474
3,1014,396,395.95238095238085
3,1015,396,396.1428571428571
3,1016,396,396.2380952380951
3,1017,397,396.7142857142856
3,1018,397,397.38095238095235
3,1019,398,397.7142857142856
3,1020,398,397.61904761904754
3,1021,397,397.5142857142859
3,1022,397,397.0285714285713
3,1023,397,397.0499999999999
3,1024,397,393.99999999999983
3,1025,398,397.190476190476
3,1026,398,398.9999999999999
3,1027,398,398.047619047619
3,1028,398,397.3809523809522
3,1029,397,397.57142857142844
3,1030,397,397.99999999999994
3,1031,400,398.47619047619037
3,1032,399,399.2380952380951
3,1033,399,399.57142857142844
3,1034,400,399.6190476190474
3,1035,400,400.2857142857141
3,1036,401,400.76190476190465
3,1037,401,400.95238095238085
3,1038,401,401.095238095238
3,1039,401,401.0
3,1040,401,401.0
3,1041,401,401.0
3,1042,401,401.0
3,1043,401,400.90476190476176
3,1044,401,401.047619047619
3,1045,401,401.3333333333333
3,1046,402,401.6666666666666
3,1047,402,401.9523809523808
3,1048,402,402.09523809523796
3,1049,402,401.99999999999983
3,1050,402,401.99999999999983
3,1051,402,401.99999999999983
3,1052,402,401.99999999999983
3,1053,402,401.99999999999983
3,1054,402,401.99999999999983
3,1055,402,401.99999999999983
3,1056,402,401.99999999999983
3,1057,402,401.99999999999983
3,1058,402,402.09523809523796
3,1059,402,401.9523809523808
3,1060,402,401.66666666666674
3,1061,401,401.3333333333333
3,1062,401,401.047619047619
3,1063,401,400.90476190476176
3,1064,401,401.0
3,1065,401,401.0
3,1066,401,401.0
3,1067,401,401.0
3,1068,401,401.2857142857141
3,1069,401,400.8571428571429
3,1070,401,402.38095238095235
3,1071,398,397.80952380952374
3,1072,398,389.80952380952374
3,1073,373,381.0476190476189
3,1074,373,374.19047619047603
3,1075,373,370.7142857142855
3,1076,373,372.95238095238096
3,1077,373,372.6666666666665
3,1078,372,372.3333333333332
3,1079,372,372.0476190476189
3,1080,372,371.9047619047618
3,1081,372,372.095238095238
3,1082,372,371.9523809523808
3,1083,372,371.57142857142844
3,1084,371,371.3809523809523
3,1085,371,371.38095238095224
3,1086,372,371.5714285714285
3,1087,372,371.85714285714283
3,1088,372,372.2380952380952
3,1089,372,372.2857142857142
3,1090,373,370.42857142857116
3,1091,372,373.23809523809524
3,1092,372,378.33333333333326
3,1093,392,385.4761904761903
3,1094,392,392.9999999999999
3,1095,397,397.095238095238
3,1096,397,395.4761904761904
3,1097,394,395.6190476190474
3,1098,394,395.3333333333332
3,1099,397,395.6190476190476
3,1100,397,396.190476190476
3,1101,395,395.95238095238096
3,1102,395,395.0952380952379
3,1103,395,394.8095238095237
3,1104,395,395.1904761904762
3,1105,395,394.9047619047618
3,1106,395,394.42857142857156
3,1107,393,393.6190476190476
3,1108,393,392.85714285714266
3,1109,392,392.095238095238
3,1110,392,391.7142857142856
3,1111,391,390.95238095238085
3,1112,391,391.19047619047603
3,1113,391,392.38095238095224
3,1114,394,392.7619047619048
3,1115,394,391.8095238095238
3,1116,389,391.1428571428571
3,1117,389,390.95238095238085
3,1118,393,390.99999999999994
3,1119,393,391.47619047619054
3,1120,389,390.7142857142857
3,1121,389,389.3809523809522
3,1122,389,388.5238095238093
3,1123,389,388.1428571428569
3,1124,387,387.76190476190476
3,1125,387,388.2380952380952
3,1126,389,387.90476190476187
3,1127,389,387.0476190476189
3,1128,384,385.95238095238085
3,1129,384,385.19047619047615
3,1130,386,384.9047619047618
3,1131,386,384.80952380952374
3,1132,383,383.5238095238094
3,1133,381,381.8095238095236
3,1134,381,380.9999999999999
3,1135,381,380.71428571428567
3,1136,381,380.3333333333332
3,1137,379,379.6666666666666
3,1138,379,379.38095238095224
3,1139,379,378.6666666666666
3,1140,379,377.71428571428544
3,1141,376,377.142857142857
3,1142,376,377.42857142857133
3,1143,379,377.57142857142844
3,1144,379,377.8571428571426
3,1145,376,377.2857142857143
3,1146,376,376.1428571428571
3,1147,376,375.71428571428567
3,1148,376,375.9047619047618
3,1149,376,376.0476190476189
3,1150,376,376.61904761904754
3,1151,377,376.52380952380946
3,1152,377,375.9523809523809
3,1153,374,375.2857142857141
3,1154,374,374.0476190476189
3,1155,374,372.9523809523808
3,1156,372,372.71428571428555
3,1157,372,372.5238095238095
3,1158,373,372.4285714285713
3,1159,373,372.5238095238095
3,1160,372,372.47619047619037
3,1161,372,372.3809523809523
3,1162,373,372.5714285714284
3,1163,373,372.95238095238085
3,1164,373,373.095238095238
3,1165,373,372.90476190476187
3,1166,373,373.0476190476189
3,1167,373,373.4285714285714
3,1168,374,373.6190476190475
3,1169,374,373.7142857142856
3,1170,373,373.38095238095224
3,1171,373,372.4285714285713
3,1172,372,372.47619047619037
3,1173,372,372.99999999999994
3,1174,375,373.4761904761904
3,1175,374,374.2380952380951
3,1176,374,374.66666666666663
3,1177,375,374.5714285714285
3,1178,375,374.7619047619047
3,1179,375,375.190476190476
3,1180,375,375.47619047619037
3,1181,377,376.42857142857133
3,1182,377,377.66666666666663
3,1183,379,378.4761904761903
3,1184,379,378.4761904761904
3,1185,378,378.5714285714283
3,1186,378,378.28571428571416
3,1187,379,378.6190476190475
3,1188,379,379.09523809523796
3,1189,380,379.8571428571428
3,1190,380,380.7142857142854
3,1191,382,381.3809523809523
3,1192,382,381.4761904761904
3,1193,381,381.5714285714284
3,1194,381,381.38095238095235
3,1195,382,381.5714285714285
3,1196,382,381.9523809523809
3,1197,382,382.09523809523796
3,1198,382,381.9999999999997
3,1199,382,381.6190476190475
3,1200,382,382.19047619047615
3,1201,382,383.42857142857133
3,1202,386,384.61904761904754
3,1203,386,385.19047619047615
3,1204,385,385.8571428571427
3,1205,385,385.9523809523809
3,1206,388,386.95238095238085
3,1207,388,387.90476190476176
3,1208,389,389.09523809523796
3,1209,389,390.2380952380951
3,1210,392,390.95238095238085
3,1211,392,390.5714285714284
3,1212,389,390.4285714285714
3,1213,389,390.4285714285714
3,1214,392,390.57142857142844
3,1215,392,390.7619047619048
3,1216,389,390.3333333333331
3,1217,389,389.4761904761905
3,1218,390,389.2857142857142
3,1219,390,390.0
3,1220,390,390.4285714285713
3,1221,391,390.6666666666665
3,1222,391,390.76190476190465
3,1223,391,391.19047619047603
3,1224,391,391.57142857142844
3,1225,393,392.38095238095207
3,1226,393,393.2380952380952
3,1227,394,393.85714285714266
3,1228,394,393.85714285714266
3,1229,394,394.142857142857
3,1230,394,394.2380952380951
3,1231,395,394.7142857142856
3,1232,395,395.4761904761904
3,1233,396,395.66666666666663
3,1234,396,395.2857142857142
3,1235,394,394.5714285714285
3,1236,394,394.1904761904761
3,1237,394,394.47619047619025
3,1238,396,395.33333333333314
3,1239,396,395.8095238095237
3,1240,396,396.23809523809507
3,1241,396,396.2380952380951
3,1242,397,396.7142857142856
3,1243,397,397.19047619047615
3,1244,398,397.8095238095237
3,1245,398,398.38095238095224
3,1246,399,398.7142857142856
3,1247,399,398.52380952380935
3,1248,398,398.47619047619037
3,1249,398,398.2857142857142
3,1250,399,398.6190476190475
3,1251,399,399.3809523809523
3,1252,400,399.7142857142857
3,1253,400,399.6190476190476
3,1254,399,399.4285714285713
3,1255,399,398.95238095238085
3,1256,399,399.04761904761887
3,1257,399,399.28571428571416
3,1258,400,399.1428571428569
3,1259,399,399.3809523809522
3,1260,399,399.9047619047617
3,1261,401,400.19047619047603
3,1262,401,400.4761904761902
3,1263,400,400.5714285714285
3,1264,400,400.38095238095207
3,1265,401,400.5714285714283
3,1266,401,400.95238095238085
3,1267,401,401.095238095238
3,1268,401,401.0
3,1269,401,401.0
3,1270,401,401.0
3,1271,401,401.0
3,1272,401,401.0
3,1273,401,401.0
3,1274,401,402.7142857142856
3,1275,401,400.1428571428571
3,1276,401,394.99999999999994
3,1277,383,389.6857142857145
3,1278,383,383.5142857142857
3,1279,383,383.89999999999986
3,1280,383,384.19047619047603
3,1281,383,380.0952380952381
3,1282,380,381.7619047619046
3,1283,380,387.42857142857116
3,1284,402,394.04761904761904
3,1285,401,400.2857142857143
3,1286,401,403.142857142857
3,1287,401,400.90476190476176
3,1288,401,401.0
3,1289,401,401.0
3,1290,401,401.0
3,1291,401,401.0
3,1292,401,401.2857142857141
3,1293,401,400.8571428571429
3,1294,401,399.71428571428567
3,1295,398,399.14285714285705
3,1296,398,399.2380952380951
3,1297,401,399.6666666666665
3,1298,401,400.5238095238093
3,1299,400,400.6190476190474
3,1300,400,400.1428571428571
3,1301,400,399.8571428571427
3,1302,400,399.95238095238085
3,1303,399,399.19047619047586
3,1304,399,398.142857142857
3,1305,396,396.8571428571429
3,1306,396,395.8095238095237
3,1307,395,395.04761904761887
3,1308,395,395.04761904761904
3,1309,395,394.9047619047618
3,1310,395,394.99999999999994
3,1311,395,394.90476190476164
3,1312,395,395.04761904761887
3,1313,395,395.142857142857
3,1314,396,395.7619047619046
3,1315,396,396.9999999999998
3,1316,398,397.2380952380951
3,1317,398,396.2857142857141
3,1318,394,395.66666666666663
3,1319,394,395.3809523809521
3,1320,397,395.52380952380946
3,1321,397,396.2857142857143
3,1322,395,395.9047619047618
3,1323,395,394.9523809523808
3,1324,394,394.04761904761887
3,1325,394,393.28571428571416
3,1326,392,392.61904761904754
3,1327,392,393.09523809523796
3,1328,393,392.142857142857
3,1329,393,390.2380952380951
3,1330,386,388.61904761904736
3,1331,386,388.04761904761904
3,1332,390,387.6190476190475
3,1333,390,388.5714285714286
3,1334,386,388.5714285714286
3,1335,388,387.4285714285712
3,1336,388,386.6666666666666
3,1337,386,386.9523809523808
3,1338,386,386.95238095238085
3,1339,388,387.0476190476189
3,1340,388,387.0476190476188
3,1341,386,386.9523809523808
3,1342,386,386.8571428571427
3,1343,388,387.0952380952381
3,1344,388,387.38095238095224
3,1345,387,387.61904761904736
3,1346,387,388.0952380952382
3,1347,389,388.0476190476189
3,1348,389,387.190476190476
3,1349,385,386.7142857142855
3,1350,385,386.9047619047616
3,1351,389,387.09523809523796
3,1352,389,387.6666666666665
3,1353,385,386.8095238095237
3,1354,385,384.42857142857133
3,1355,383,382.61904761904754
3,1356,381,381.76190476190465
3,1357,381,381.19047619047603
3,1358,381,380.66666666666663
3,1359,381,379.8095238095236
3,1360,378,379.09523809523796
3,1361,378,378.90476190476176
3,1362,380,378.99999999999983
3,1363,380,379.76190476190465
3,1364,379,379.4285714285712
3,1365,379,378.095238095238
3,1366,377,377.71428571428567
3,1367,377,378.28571428571416
3,1368,380,378.71428571428555
3,1369,380,378.99999999999994
3,1370,378,379.0476190476188
3,1371,378,379.0476190476188
3,1372,380,378.9999999999999
3,1373,380,378.8095238095236
3,1374,377,378.23809523809524
3,1375,377,377.76190476190465
3,1376,378,377.2380952380952
3,1377,378,376.9523809523809
3,1378,375,376.095238095238
3,1379,375,375.2380952380951
3,1380,375,374.66666666666663
3,1381,375,374.4761904761903
3,1382,374,374.52380952380923
3,1383,374,374.66666666666663
3,1384,376,374.80952380952374
3,1385,375,375.2857142857141
3,1386,375,375.6666666666665
3,1387,376,375.52380952380946
3,1388,376,375.71428571428567
3,1389,375,375.38095238095224
3,1390,375,374.71428571428567
3,1391,374,374.2380952380951
3,1392,374,373.9523809523808
3,1393,374,373.9523809523808
3,1394,374,374.3333333333332
3,1395,375,374.66666666666663
3,1396,375,375.0476190476189
3,1397,375,375.04761904761904
3,1398,375,374.57142857142856
3,1399,374,374.4761904761903
3,1400,374,374.33333333333326
3,1401,375,374.1428571428572
3,1402,374,374.3333333333332
3,1403,374,374.47619047619037
3,1404,375,374.5714285714285
3,1405,375,375.0476190476189
3,1406,375,375.04761904761904
3,1407,375,374.57142857142856
3,1408,374,374.38095238095224
3,1409,374,374.38095238095224
3,1410,375,374.5714285714285
3,1411,375,374.9523809523808
3,1412,375,375.09523809523796
3,1413,375,374.99999999999983
3,1414,375,374.99999999999983
3,1415,375,374.99999999999983
3,1416,375,374.99999999999983
3,1417,375,374.90476190476187
3,1418,375,375.047619047619
3,1419,375,375.33333333333326
3,1420,376,375.4761904761903
3,1421,376,376.0476190476189
3,1422,376,376.85714285714266
3,1423,378,377.2857142857141
3,1424,378,377.3809523809521
3,1425,377,377.61904761904754
3,1426,377,377.6190476190474
3,1427,379,378.28571428571416
3,1428,379,379.4285714285714
3,1429,380,379.76190476190453
3,1430,380,379.2857142857142
3,1431,378,378.76190476190453
3,1432,378,377.99999999999983
3,1433,378,377.8571428571428
3,1434,378,378.4285714285712
3,1435,379,378.6190476190474
3,1436,379,378.33333333333326
3,1437,378,378.57142857142856
3,1438,378,379.047619047619
3,1439,381,379.8095238095236
3,1440,381,380.9047619047618
3,1441,381,381.6190476190475
3,1442,382,381.6666666666666
3,1443,382,381.6666666666665
3,1444,382,382.2380952380952
3,1445,382,383.0952380952381
3,1446,385,383.95238095238085
3,1447,385,384.52380952380946
3,1448,384,384.61904761904754
3,1449,384,383.9523809523808
3,1450,384,383.9523809523808
3,1451,384,384.33333333333326
3,1452,385,384.66666666666663
3,1453,385,384.7619047619046
3,1454,385,385.2857142857142
3,1455,385,385.6190476190474
3,1456,387,385.80952380952374
3,1457,386,386.3333333333332
3,1458,386,386.90476190476176
3,1459,388,387.2380952380951
3,1460,388,387.80952380952374
3,1461,388,388.2380952380952
3,1462,388,388.14285714285705
3,1463,389,388.76190476190453
3,1464,389,389.90476190476176
3,1465,391,390.285714285714
3,1466,391,389.80952380952374
3,1467,388,389.23809523809507
3,1468,388,388.38095238095224
3,1469,389,388.42857142857133
3,1470,389,389.1904761904762
3,1471,390,389.80952380952374
3,1472,390,390.19047619047603
3,1473,391,390.8095238095235
3,1474,391,391.0952380952379
3,1475,392,391.7619047619046
3,1476,392,392.6666666666664
3,1477,394,393.76190476190453
3,1478,395,394.57142857142856
3,1479,395,395.142857142857
3,1480,395,396.2380952380951
3,1481,395,394.4285714285714
3,1482,395,390.99999999999983
3,1483,383,386.99999999999983
3,1484,383,383.5714285714285
3,1485,383,381.952380952381
3,1486,383,382.9523809523809
3,1487,383,382.66666666666646
3,1488,382,382.33333333333314
3,1489,382,381.47619047619037
3,1490,382,382.1904761904762
3,1491,382,383.04761904761887
3,1492,388,386.4761904761903
3,1493,388,391.0476190476188
3,1494,398,395.23809523809507
3,1495,398,397.52380952380946
3,1496,398,398.95238095238085
3,1497,398,397.9047619047617
3,1498,398,398.047619047619
3,1499,398,398.3333333333332
3,1500,399,398.6666666666665
3,1501,399,398.95238095238085
3,1502,399,398.9999999999998
3,1503,399,399.0476190476189
3,1504,399,399.2380952380952
3,1505,400,399.71428571428555
3,1506,400,400.2857142857141
3,1507,401,400.76190476190465
3,1508,401,400.95238095238085
3,1509,401,401.095238095238
3,1510,401,401.095238095238
3,1511,401,400.952380952381
3,1512,401,400.66666666666663
3,1513,400,400.3333333333332
3,1514,400,400.0476190476189
3,1515,400,399.9047619047618
3,1516,400,399.99999999999983
3,1517,400,399.99999999999983
3,1518,400,399.99999999999983
3,1519,400,399.99999999999983
3,1520,400,399.9047619047618
3,1521,400,400.14285714285677
3,1522,400,400.2857142857141
3,1523,401,400.33333333333326
3,1524,400,400.2857142857141
3,1525,400,400.3333333333331
3,1526,400,399.80952380952385
3,1527,400,399.33333333333326
3,1528,398,398.6666666666665
3,1529,398,398.0952380952381
3,1530,398,397.8095238095237
3,1531,398,397.9047619047617
3,1532,398,398.047619047619
3,1533,398,398.25714285714287
3,1534,399,398.6285714285713
3,1535,399,399.0999999999999
3,1536,399,394.9047619047618
3,1537,399,397.76190476190453
3,1538,397,398.80952380952374
3,1539,397,397.28571428571445
3,1540,397,396.90476190476176
3,1541,397,396.23809523809524
3,1542,395,394.99999999999994
3,1543,393,393.7619047619046
3,1544,393,392.7142857142855
3,1545,393,392.9047619047618
3,1546,393,393.95238095238074
3,1547,395,394.1904761904761
3,1548,395,393.7142857142856
3,1549,392,393.2857142857142
3,1550,392,393.00000000000006
3,1551,394,392.9523809523808
3,1552,394,393.0476190476189
3,1553,392,392.9523809523808
3,1554,392,392.76190476190453
3,1555,394,393.1428571428569
3,1556,394,393.7142857142856
3,1557,394,394.2857142857143
3,1558,394,395.04761904761887
3,1559,396,395.14285714285705
3,1560,396,394.7619047619047
3,1561,392,393.33333333333314
3,1562,392,391.57142857142844
3,1563,390,390.90476190476176
3,1564,391,390.61904761904754
3,1565,391,389.4761904761903
3,1566,388,389.2380952380952
3,1567,388,389.5238095238095
3,1568,391,389.5238095238095
3,1569,391,389.14285714285694
3,1570,387,388.8095238095236
3,1571,387,388.8095238095238
3,1572,391,389.14285714285705
3,1573,391,389.5238095238095
3,1574,388,389.52380952380935
3,1575,388,389.5238095238095
3,1576,391,389.5238095238095
3,1577,391,389.4285714285714
3,1578,387,388.6666666666664
3,1579,387,387.71428571428567
3,1580,388,387.19047619047615
3,1581,388,386.9999999999999
3,1582,386,386.90476190476187
3,1583,386,387.190476190476
3,1584,389,387.76190476190465
3,1585,389,388.61904761904736
3,1586,388,388.57142857142844
3,1587,388,387.71428571428567
3,1588,387,387.2285714285716
3,1589,387,387.0285714285714
3,1590,387,387.04999999999995
