channel,index,raw,filtered
1,0,382,389.12850678733037
1,1,382,387.1230769230771
1,2,382,385.67873303167437
1,3,382,384.8678733031675
1,4,382,384.7628959276019
1,5,382,385.5773755656109
1,6,395,387.40180995475134
1,7,395,390.0624434389143
1,8,392,391.1574660633486
1,9,392,392.07873303167435
1,10,392,392.6063348416292
1,11,392,392.72941176470596
1,12,390,392.09592760181
1,13,390,390.8923076923078
1,14,392,390.9692307692309
1,15,392,391.17737556561093
1,16,391,390.9348416289594
1,17,391,390.85972850678746
1,18,390,391.08416289592776
1,19,392,391.34027149321287
1,20,392,391.4307692307693
1,21,390,391.3583710407241
1,22,390,391.18823529411776
1,23,393,391.185520361991
1,24,393,391.13212669683264
1,25,391,391.2099547511313
1,26,391,391.3239819004526
1,27,390,391.65610859728514
1,28,390,391.985520361991
1,29,393,392.1556561085974
1,30,393,392.412669683258
1,31,394,392.8769230769231
1,32,394,393.20452488687783
1,33,393,393.3864253393667
1,34,393,393.53665158371047
1,35,394,393.4895927601812
1,36,394,393.20904977375574
1,37,392,393.2036199095024
1,38,392,393.2434389140272
1,39,394,393.3782805429866
1,40,394,393.7285067873305
1,41,394,394.0081447963801
1,42,394,394.2696832579187
1,43,395,394.63348416289597
1,44,395,395.0904977375567
1,45,395,395.2253393665159
1,46,396,395.0904977375567
1,47,395,395.0742081447965
1,48,395,395.0262443438915
1,49,395,394.9375565610861
1,50,395,394.79909502262467
1,51,394,394.7402714932128
1,52,394,394.7610859728508
1,53,395,394.7321266968327
1,54,395,394.7303167420816
1,55,395,394.69411764705893
1,56,395,394.69411764705893
1,57,395,394.73031674208164
1,58,395,394.7321266968327
1,59,394,394.69049773755677
1,60,394,394.5873303167421
1,61,395,394.6723981900453
1,62,395,394.85701357466087
1,63,395,395.26425339366523
1,64,395,395.6171945701359
1,65,396,395.84524886877836
1,66,396,396.0778280542988
1,67,397,396.1674208144797
1,68,397,396.16651583710416
1,69,397,396.1248868778281
1,70,395,396.0923076923079
1,71,395,396.1212669683259
1,72,396,396.06425339366524
1,73,396,395.98009049773765
1,74,396,395.9276018099549
1,75,396,396.0361990950228
1,76,397,396.2352941176472
1,77,397,396.5954751131223
1,78,396,396.7104072398192
1,79,396,396.71221719457026
1,80,397,396.7303167420815
1,81,397,396.6941176470589
1,82,397,396.5330316742083
1,83,397,396.3764705882355
1,84,396,396.35384615384623
1,85,396,396.39457013574673
1,86,396,396.4307692307693
1,87,396,396.39457013574673
1,88,396,396.42443438914046
1,89,397,396.45882352941186
1,90,397,396.50678733031685
1,91,397,396.577375565611
1,92,397,396.54117647058825
1,93,396,396.4687782805432
1,94,396,396.36018099547505
1,95,396,396.2153846153847
1,96,396,396.0343891402716
1,97,396,395.9556561085975
1,98,396,395.84705882352955
1,99,396,395.84705882352955
1,100,396,395.9556561085973
1,101,396,396.0343891402716
1,102,396,396.1447963800906
1,103,396,396.34841628959293
1,104,396,396.5067873303169
1,105,397,396.61990950226266
1,106,397,396.68778280542995
1,107,397,396.78099547511323
1,108,397,396.7701357466065
1,109,397,396.7348416289594
1,110,396,396.55475113122185
1,111,396,396.17737556561104
1,112,396,395.75022624434393
1,113,396,395.4914027149323
1,114,395,395.21900452488705
1,115,395,394.889592760181
1,116,394,394.6597285067875
1,117,394,394.6180995475114
1,118,395,394.5149321266969
1,119,395,394.36832579185534
1,120,394,394.3257918552037
1,121,394,394.46696832579187
1,122,395,394.53303167420836
1,123,395,394.60361990950236
1,124,394,394.5493212669684
1,125,394,394.4407239819005
1,126,395,394.48687782805445
1,127,395,394.49683257918565
1,128,394,394.2796380090499
1,129,394,394.0443438914028
1,130,394,394.00000000000017
1,131,394,393.95565610859734
1,132,394,393.79095022624443
1,133,393,393.585520361991
1,134,393,393.4868778280544
1,135,394,393.44253393665167
1,136,394,393.3321266968326
1,137,393,393.23529411764713
1,138,393,393.2316742081449
1,139,393,393.20090497737567
1,140,393,393.1610859728508
1,141,393,392.99185520362005
1,142,393,392.8434389140272
1,143,393,392.5221719457015
1,144,393,392.3728506787331
1,145,392,392.32760180995484
1,146,392,392.3185520361992
1,147,392,392.2751131221721
1,148,392,392.3266968325793
1,149,391,392.6054298642535
1,150,394,392.8434389140272
1,151,394,392.90859728506797
1,152,393,393.06877828054314
1,153,393,393.31764705882364
1,154,394,393.44886877828066
1,155,394,393.39185520362
1,156,392,393.27601809954757
1,157,392,393.0950226244345
1,158,394,393.05791855203637
1,159,394,392.9800904977377
1,160,392,392.750226244344
1,161,392,392.598190045249
1,162,393,392.4217194570137
1,163,393,392.26606334841637
1,164,391,391.7701357466064
1,165,391,391.11131221719467
1,166,391,390.5321266968328
1,167,391,390.0751131221721
1,168,389,389.5791855203621
1,169,389,389.0832579185522
1,170,388,388.76199095022645
1,171,388,388.5900452488689
1,172,388,388.406334841629
1,173,389,388.2497737556562
1,174,389,388.227149321267
1,175,388,388.2452488687783
1,176,388,388.1429864253395
1,177,388,387.9592760180997
1,178,388,387.6624434389142
1,179,387,387.2208144796381
1,180,387,386.74117647058836
1,181,386,386.26877828054313
1,182,386,385.8579185520363
1,183,385,385.29502262443447
1,184,385,384.5638009049775
1,185,384,383.977375565611
1,186,384,383.78371040723994
1,187,383,383.4923076923079
1,188,383,383.01628959276024
1,189,382,382.7303167420815
1,190,382,382.59366515837115
1,191,384,382.56561085972874
1,192,384,382.6054298642536
1,193,381,382.6723981900453
1,194,381,382.72579185520374
1,195,384,382.58371040723995
1,196,383,382.4642533936653
1,197,383,382.3791855203621
1,198,382,382.1402714932127
1,199,382,382.11312217194586
1,200,381,382.0633484162897
1,201,381,381.55022624434395
1,202,382,380.9330316742083
1,203,382,380.7067873303169
1,204,380,380.4280542986426
1,205,380,380.20361990950244
1,206,379,379.93122171945714
1,207,379,379.70859728506804
1,208,380,379.42443438914046
1,209,380,379.16742081447984
1,210,379,379.0941176470589
1,211,379,379.16108597285086
1,212,379,379.11855203619916
1,213,379,379.11674208144814
1,214,379,379.0262443438915
1,215,379,378.91764705882366
1,216,379,379.0
1,217,379,379.08235294117657
1,218,379,378.9737556561088
1,219,379,378.88325791855215
1,220,379,378.88144796380107
1,221,379,378.8389140271495
1,222,379,378.69411764705893
1,223,378,378.5855203619911
1,224,378,378.4425339366517
1,225,379,378.3945701357467
1,226,379,378.36199095022636
1,227,378,378.46515837104073
1,228,378,378.61538461538464
1,229,379,378.9239819004526
1,230,379,379.3638009049775
1,231,380,379.76923076923083
1,232,380,380.0334841628961
1,233,381,380.58823529411757
1,234,381,381.1882352941177
1,235,382,381.65882352941185
1,236,382,382.025339366516
1,237,382,382.38099547511325
1,238,382,382.54841628959286
1,239,384,382.7592760180997
1,240,383,382.9773755656109
1,241,383,383.1755656108598
1,242,383,383.26515837104085
1,243,383,383.2959276018101
1,244,383,383.3176470588237
1,245,384,383.38280542986433
1,246,384,383.34389140271486
1,247,383,383.1864253393667
1,248,383,383.1574660633484
1,249,383,383.1282247164597
1,250,384,383.12587412587396
1,251,384,383.2403152403151
1,252,383,383.6876456876459
1,253,383,384.42051282051307
1,254,387,385.4595959595951
1,255,387,387.56060606060606
1,256,387,392.83348416289596
1,257,387,390.4660633484164
1,258,386,388.5511312217195
1,259,386,387.37285067873313
1,260,387,386.6153846153848
1,261,387,386.16651583710427
1,262,387,387.0027149321268
1,263,387,388.68506787330324
1,264,392,388.90135746606353
1,265,392,389.3393665158373
1,266,389,390.00904977375575
1,267,389,390.5203619909503
1,268,392,390.5429864253395
1,269,389,390.7466063348418
1,270,389,391.4642533936652
1,271,394,391.8289592760183
1,272,394,392.2850678733033
1,273,391,392.8769230769232
1,274,391,393.171040723982
1,275,397,393.33393665158394
1,276,397,393.6651583710409
1,277,391,393.6488687782807
1,278,391,393.3013574660635
1,279,394,393.51945701357477
1,280,394,393.923076923077
1,281,394,393.99909502262454
1,282,394,394.03438914027157
1,283,395,394.866968325792
1,284,395,395.93484162895936
1,285,397,396.26606334841625
1,286,397,396.48868778280564
1,287,397,397.0868778280544
1,288,398,397.54479638009053
1,289,398,397.6941176470589
1,290,397,397.7665158371041
1,291,397,397.8552036199096
1,292,399,397.8533936651586
1,293,399,398.00180995475114
1,294,397,398.1411764705884
1,295,397,398.2533936651586
1,296,399,398.4588235294118
1,297,399,398.5366515837106
1,298,399,398.52760180995494
1,299,399,398.59547511312235
1,300,399,399.0425339366517
1,301,399,399.57104072398215
1,302,399,399.88597285067897
1,303,399,400.0923076923078
1,304,401,400.4307692307694
1,305,402,400.7420814479639
1,306,402,401.0081447963803
1,307,401,401.2108597285069
1,308,401,401.3321266968328
1,309,401,401.3538461538463
1,310,401,401.3285067873304
1,311,401,401.10859728506813
1,312,401,400.89140271493227
1,313,401,400.812669683258
1,314,401,400.81085972850695
1,315,401,400.7565610859731
1,316,401,400.7203619909504
1,317,400,400.7022624434391
1,318,400,400.63167420814494
1,319,401,400.6380090497738
1,320,401,400.78280542986454
1,321,401,400.9276018099549
1,322,401,401.1429864253396
1,323,401,401.2995475113122
1,324,401,401.335746606335
1,325,402,401.32217194570154
1,326,402,401.19095022624464
1,327,401,401.0099547511313
1,328,401,400.8470588235297
1,329,400,400.7728506787332
1,330,400,400.6579185520365
1,331,401,400.51131221719464
1,332,400,400.3420814479641
1,333,400,400.2977375565612
1,334,401,400.3257918552037
1,335,401,400.30588235294124
1,336,400,400.3176470588236
1,337,400,400.2316742081449
1,338,400,400.1185520361993
1,339,400,400.1873303167422
1,340,400,400.1085972850681
1,341,400,400.03257918552066
1,342,400,399.9773755656109
1,343,400,399.8289592760183
1,344,400,399.6054298642536
1,345,400,399.45701357466083
1,346,399,399.26334841628983
1,347,399,399.0425339366517
1,348,398,398.7420814479639
1,349,398,398.50950226244345
1,350,399,398.42443438914034
1,351,399,398.36651583710415
1,352,398,398.3538461538464
1,353,398,398.40452488687794
1,354,398,398.468778280543
1,355,399,398.4968325791855
1,356,399,398.2977375565612
1,357,398,398.08054298642537
1,358,398,398.19547511312226
1,359,398,398.19276018099555
1,360,398,397.8289592760183
1,361,397,397.460633484163
1,362,397,397.2380090497739
1,363,398,397.0497737556563
1,364,398,396.9321266968327
1,365,395,396.65339366515843
1,366,395,396.32036199095023
1,367,397,395.96923076923093
1,368,397,395.5656108597285
1,369,395,395.13665158371055
1,370,395,394.9122171945703
1,371,394,394.7900452488688
1,372,394,394.67420814479647
1,373,394,394.3945701357467
1,374,394,394.04253393665175
1,375,395,393.9131221719458
1,376,395,393.9013574660636
1,377,393,393.83710407239835
1,378,393,393.75022624434405
1,379,394,393.4588235294119
1,380,393,393.1809954751132
1,381,393,393.066968325792
1,382,393,392.86696832579196
1,383,393,392.8171945701359
1,384,392,392.7538461538464
1,385,392,392.37466063348427
1,386,393,391.97737556561094
1,387,393,391.7891402714933
1,388,391,391.49864253393673
1,389,391,391.20361990950227
1,390,390,390.9312217194571
1,391,390,390.708597285068
1,392,391,390.4244343891403
1,393,391,389.95565610859745
1,394,390,390.0588235294119
1,395,390,390.27511312217194
1,396,390,390.2135746606336
1,397,390,390.2832579185521
1,398,390,390.6190045248871
1,399,390,390.7556561085974
1,400,393,390.77918552036215
1,401,390,390.7755656108598
1,402,390,390.8361990950227
1,403,392,390.65248868778303
1,404,392,390.1194570135747
1,405,388,389.5321266968327
1,406,388,389.12036199095036
1,407,389,388.51402714932146
1,408,389,388.17375565610877
1,409,386,387.5447963800907
1,410,386,386.88416289592766
1,411,388,386.5140271493214
1,412,388,386.356561085973
1,413,385,385.9212669683259
1,414,385,385.51764705882357
1,415,385,385.38190045248876
1,416,385,385.35022624434407
1,417,385,385.05248868778284
1,418,385,384.7185520361991
1,419,385,384.7140271493214
1,420,385,384.80452488687797
1,421,385,384.6199095022625
1,422,384,384.3900452488689
1,423,384,384.13303167420827
1,424,384,383.8669683257919
1,425,384,383.6805429864255
1,426,383,383.4624434389141
1,427,383,383.23981900452503
1,428,383,383.03981900452493
1,429,383,382.8895927601811
1,430,383,382.6778280542987
1,431,383,382.6343891402717
1,432,382,382.51855203619925
1,433,382,382.29592760181004
1,434,382,381.99366515837113
1,435,382,381.70045248868786
1,436,382,381.4343891402716
1,437,382,381.2135746606336
1,438,380,381.12669683257934
1,439,380,381.06244343891404
1,440,381,380.90950226244354
1,441,381,380.7565610859729
1,442,381,380.6217194570137
1,443,381,380.5936651583711
1,444,381,380.56108597285083
1,445,380,380.0570135746608
1,446,380,379.73755656108614
1,447,380,379.68959276018103
1,448,380,379.99728506787346
1,449,380,380.5447963800906
1,450,379,381.9221719457016
1,451,379,382.9194570135747
1,452,386,383.6434389140273
1,453,386,383.8624434389141
1,454,386,383.5420814479639
1,455,386,382.97737556561094
1,456,386,382.2570135746608
1,457,377,381.26968325791864
1,458,377,379.9040723981901
1,459,376,378.17828054298656
1,460,376,377.2090497737558
1,461,378,376.50407239819003
1,462,378,376.2651583710409
1,463,377,376.6262443438915
1,464,377,377.5212669683258
1,465,377,377.6352941176473
1,466,378,377.85339366515836
1,467,378,377.9393665158372
1,468,379,378.0570135746608
1,469,379,378.43800904977377
1,470,378,378.9140271493213
1,471,378,379.31945701357466
1,472,380,379.6886877828055
1,473,380,379.98552036199095
1,474,381,380.31221719457017
1,475,381,380.6416289592761
1,476,381,380.95565610859734
1,477,381,381.2452488687783
1,478,381,381.233484162896
1,479,381,380.9113122171947
1,480,381,380.5348416289593
1,481,381,380.22171945701365
1,482,380,380.162895927602
1,483,380,380.14932126696834
1,484,379,380.11040723981915
1,485,379,380.17556561085985
1,486,380,380.2651583710408
1,487,382,380.49954751131236
1,488,382,380.860633484163
1,489,381,381.33031674208155
1,490,381,381.7520361990951
1,491,382,382.169230769231
1,492,382,382.3457013574663
1,493,383,382.44524886877844
1,494,383,382.49049773755667
1,495,383,382.78099547511323
1,496,383,383.1484162895928
1,497,383,383.427149321267
1,498,383,383.7221719457014
1,499,384,384.00633484162915
1,500,384,384.0497737556562
1,501,385,384.30226244343896
1,502,385,384.5366515837105
1,503,385,384.66425339366526
1,504,385,384.7963800904979
1,505,384,384.8246459422927
1,506,384,384.80619380619385
1,507,386,384.85658785658757
1,508,385,385.09557109557124
1,509,385,385.44498834498825
1,510,386,385.8181818181809
1,511,386,385.939393939394
1,512,386,392.4977375565612
1,513,386,390.52307692307704
1,514,387,388.80633484162905
1,515,387,387.30588235294124
1,516,386,386.38009049773785
1,517,386,386.03981900452504
1,518,389,386.7728506787331
1,519,389,388.3873303167422
1,520,389,389.15837104072403
1,521,389,389.8841628959278
1,522,391,390.43710407239826
1,523,391,391.089592760181
1,524,392,391.56018099547515
1,525,392,391.9674208144797
1,526,394,392.7067873303169
1,527,392,393.37375565610876
1,528,392,393.91402714932127
1,529,395,394.2733031674208
1,530,395,394.67420814479647
1,531,396,394.9393665158372
1,532,396,395.17104072398195
1,533,395,395.27149321266967
1,534,395,395.4199095022626
1,535,395,395.3185520361992
1,536,395,395.00180995475125
1,537,395,394.9782805429865
1,538,395,395.0180995475115
1,539,395,395.2416289592761
1,540,395,395.49864253393673
1,541,396,395.771040723982
1,542,396,396.1022624434391
1,543,397,396.4651583710408
1,544,397,396.83257918552044
1,545,397,397.2479638009051
1,546,397,397.55475113122185
1,547,398,397.59366515837104
1,548,398,397.60542986425344
1,549,398,397.83348416289596
1,550,398,397.92126696832594
1,551,398,397.92760180995487
1,552,397,397.9113122171946
1,553,397,397.72217194570146
1,554,399,397.60995475113134
1,555,399,397.8271493212671
1,556,397,398.0262443438915
1,557,397,398.0660633484164
1,558,398,398.20542986425363
1,559,398,398.4968325791857
1,560,400,398.6542986425342
1,561,400,398.7303167420816
1,562,398,398.9837104072399
1,563,398,399.273303167421
1,564,400,399.3221719457016
1,565,400,399.25339366515846
1,566,399,399.2579185520365
1,567,399,399.1266968325794
1,568,399,399.06606334841644
1,569,399,399.0823529411767
1,570,399,398.90769230769246
1,571,399,398.6742081447965
1,572,399,398.64977375565627
1,573,398,398.7022624434393
1,574,398,398.70226244343917
1,575,399,398.7203619909504
1,576,399,398.75656108597303
1,577,399,398.8108597285069
1,578,399,398.81266968325804
1,579,399,398.8914027149323
1,580,399,399.108597285068
1,581,399,399.1873303167422
1,582,399,399.0479638009051
1,583,399,399.2199095022626
1,584,399,399.35565610859743
1,585,400,399.31402714932153
1,586,400,399.35384615384635
1,587,399,399.4570135746608
1,588,399,399.60542986425355
1,589,401,399.85158371040734
1,590,399,400.0479638009053
1,591,399,400.1149321266971
1,592,401,400.1728506787332
1,593,401,400.4126696832582
1,594,401,400.6253393665161
1,595,401,400.6018099547512
1,596,400,400.53303167420825
1,597,400,400.60723981900446
1,598,401,400.5357466063349
1,599,401,400.5031674208146
1,600,400,400.62986425339386
1,601,400,400.77466063348436
1,602,401,400.9375565610861
1,603,401,401.1185520361993
1,604,402,401.32036199095035
1,605,402,401.34570135746617
1,606,401,401.3420814479638
1,607,401,401.2570135746609
1,608,401,400.89954751131245
1,609,401,400.47873303167427
1,610,401,400.20361990950244
1,611,399,399.8832579185522
1,612,399,399.74479638009075
1,613,399,399.6153846153846
1,614,399,399.3221719457014
1,615,400,399.0923076923077
1,616,400,399.01447963800905
1,617,399,398.977375565611
1,618,399,399.0081447963802
1,619,398,398.8570135746608
1,620,398,398.6036199095024
1,621,399,398.38642533936667
1,622,399,398.1348416289594
1,623,398,398.116742081448
1,624,398,398.2615384615386
1,625,398,398.4307692307694
1,626,398,398.6859728506788
1,627,399,398.8796380090499
1,628,399,399.06425339366524
1,629,400,399.3601809954753
1,630,400,399.68778280542995
1,631,400,399.8995475113124
1,632,400,400.0479638009051
1,633,400,400.11493212669694
1,634,400,400.0823529411766
1,635,400,400.1411764705885
1,636,400,400.0823529411767
1,637,400,400.044343891403
1,638,400,399.96561085972877
1,639,400,399.92579185520384
1,640,400,399.8045248868781
1,641,400,399.6199095022625
1,642,399,399.39004524886894
1,643,399,399.27420814479655
1,644,399,399.0316742081449
1,645,399,398.9104072398192
1,646,398,398.5583710407241
1,647,398,398.03891402714936
1,648,398,397.41538461538477
1,649,398,396.75113122171956
1,650,396,396.1828054298643
1,651,396,395.4470588235296
1,652,393,394.6253393665159
1,653,393,393.9402714932128
1,654,393,393.0760180995476
1,655,393,391.69954751131235
1,656,393,390.80723981900474
1,657,390,390.6380090497738
1,658,390,390.55384615384634
1,659,390,390.59095022624433
1,660,388,390.6289592760182
1,661,388,390.9411764705884
1,662,395,391.3891402714934
1,663,395,391.97285067873304
1,664,392,392.69230769230774
1,665,392,393.13212669683276
1,666,394,393.6180995475114
1,667,394,393.8642533936652
1,668,393,393.5140271493214
1,669,393,392.8108597285068
1,670,393,392.8289592760182
1,671,393,392.8425339366517
1,672,393,392.34027149321275
1,673,391,391.8108597285069
1,674,391,391.5312217194572
1,675,392,391.3782805429866
1,676,392,391.3022624434391
1,677,390,391.25339366515846
1,678,390,391.17918552036207
1,679,392,391.22714932126706
1,680,392,391.406334841629
1,681,392,391.51945701357477
1,682,392,391.569230769231
1,683,391,391.6941176470589
1,684,391,391.83257918552044
1,685,392,391.71674208144816
1,686,392,391.47873303167427
1,687,392,391.4570135746607
1,688,391,391.39004524886894
1,689,391,391.1547511312218
1,690,391,391.0280542986428
1,691,391,391.0832579185522
1,692,391,390.99366515837113
1,693,391,390.9158371040725
1,694,390,390.80633484162917
1,695,390,390.76289592760196
1,696,392,390.54479638009053
1,697,392,390.10859728506796
1,698,389,389.74027149321284
1,699,389,389.44886877828066
1,700,389,389.38461538461553
1,701,389,389.29773755656123
1,702,388,388.8651583710408
1,703,388,388.56380090497737
1,704,390,388.87330316742083
1,705,390,389.27330316742086
1,706,390,389.3140271493214
1,707,388,389.3457013574662
1,708,388,389.4389140271495
1,709,391,389.4642533936653
1,710,391,389.22171945701365
1,711,388,388.9113122171947
1,712,388,388.9420814479639
1,713,389,388.923076923077
1,714,389,388.7402714932128
1,715,388,388.4027149321268
1,716,388,388.2542986425341
1,717,389,388.3131221719459
1,718,389,388.34208144796395
1,719,387,388.10045248868795
1,720,387,387.87963800904987
1,721,389,387.69773755656126
1,722,389,387.3701357466064
1,723,386,387.04434389140283
1,724,386,386.9321266968327
1,725,387,386.8425339366517
1,726,387,386.8615384615386
1,727,386,386.80090497737575
1,728,386,386.6723981900453
1,729,388,386.69140271493217
1,730,388,386.8733031674209
1,731,386,386.8914027149322
1,732,387,386.8190045248871
1,733,387,386.72398190045266
1,734,386,386.6742081447966
1,735,386,386.6018099547512
1,736,387,386.4389140271495
1,737,387,386.5330316742083
1,738,386,386.631674208145
1,739,386,386.41447963800914
1,740,387,386.29954751131226
1,741,387,386.2253393665159
1,742,386,386.1330316742083
1,743,386,385.96380090497746
1,744,385,385.86515837104093
1,745,385,385.78461538461545
1,746,386,385.6018099547513
1,747,386,385.39638009049776
1,748,386,385.3864253393666
1,749,385,385.3900452488689
1,750,385,385.2253393665159
1,751,385,385.1104072398191
1,752,385,384.9158371040726
1,753,385,384.7122171945703
1,754,385,384.6380090497739
1,755,384,384.63167420814483
1,756,384,384.7022624434391
1,757,385,384.72036199095027
1,758,385,384.7565610859729
1,759,385,384.8108597285069
1,760,385,384.88325791855226
1,761,385,384.9915966386553
1,762,385,385.0439560439559
1,763,385,384.9853479853478
1,764,385,385.0000000000002
1,765,385,385.00000000000006
1,766,385,384.9999999999991
1,767,385,384.99999999999994
1,768,385,391.69864253393683
1,769,385,389.40271493212697
1,770,385,387.24253393665174
1,771,384,385.2923076923078
1,772,384,383.82624434389146
1,773,384,383.0506787330318
1,774,385,383.2488687782806
1,775,385,384.44253393665167
1,776,384,384.44072398190065
1,777,384,384.45248868778293
1,778,385,384.48687782805445
1,779,385,384.41447963800925
1,780,384,384.3058823529413
1,781,384,384.1610859728508
1,782,384,384.1185520361992
1,783,384,384.1167420814481
1,784,384,384.0262443438915
1,785,384,383.9176470588236
1,786,384,383.85882352941184
1,787,384,383.91764705882366
1,788,384,384.0262443438915
1,789,384,384.11674208144797
1,790,384,384.25972850678744
1,791,384,384.32579185520376
1,792,384,384.2533936651584
1,793,385,384.18099547511326
1,794,385,384.0380090497738
1,795,384,383.9538461538463
1,796,384,383.990045248869
1,797,383,384.0081447963803
1,798,383,383.93755656108607
1,799,384,383.9076923076924
1,800,384,383.9095022624436
1,801,385,384.0723981900453
1,802,385,384.3963800904979
1,803,384,384.6135746606336
1,804,384,384.79457013574677
1,805,385,384.80090497737564
1,806,385,384.6941176470588
1,807,385,384.60361990950236
1,808,385,384.4588235294118
1,809,384,384.39819004524895
1,810,384,384.3601809954753
1,811,384,384.2153846153847
1,812,384,384.0343891402715
1,813,384,383.95565610859734
1,814,384,383.9176470588236
1,815,384,383.85882352941184
1,816,384,383.91764705882366
1,817,384,384.0262443438915
1,818,384,384.11674208144797
1,819,384,384.1891402714933
1,820,384,384.2434389140272
1,821,384,384.27963800904985
1,822,385,384.2271493212672
1,823,385,384.2153846153848
1,824,384,384.23529411764724
1,825,384,384.2778280542987
1,826,384,384.33393665158377
1,827,384,384.3945701357468
1,828,384,384.3800904977376
1,829,385,384.4108597285069
1,830,385,384.60723981900463
1,831,385,384.8895927601812
1,832,385,385.18099547511315
1,833,385,385.40452488687805
1,834,385,385.40995475113135
1,835,386,385.4470588235295
1,836,386,385.55927601809975
1,837,386,385.72850678733045
1,838,386,385.875113122172
1,839,385,385.99004524886885
1,840,385,386.13484162895946
1,841,387,386.17104072398206
1,842,387,385.95746606334853
1,843,386,385.89140271493216
1,844,386,385.8932126696834
1,845,386,386.02443438914037
1,846,386,386.14660633484186
1,847,385,385.90950226244354
1,848,385,385.762895927602
1,849,387,386.0886877828056
1,850,387,386.4687782805431
1,851,387,386.7647058823531
1,852,386,387.0380090497739
1,853,386,387.2796380090499
1,854,389,387.5511312217196
1,855,389,387.5755656108599
1,856,387,387.6262443438915
1,857,387,387.5828054298643
1,858,387,387.34027149321275
1,859,387,386.9348416289594
1,860,387,386.0524886877829
1,861,386,385.17918552036207
1,862,386,384.65972850678736
1,863,383,384.43891402714934
1,864,383,384.2579185520363
1,865,383,384.25791855203624
1,866,383,384.3683257918553
1,867,386,384.7185520361992
1,868,386,385.29954751131237
1,869,387,386.1049773755657
1,870,387,386.9285067873305
1,871,387,387.07239819004536
1,872,387,387.2389140271494
1,873,388,387.5058823529412
1,874,388,387.55113122171963
1,875,388,387.60361990950236
1,876,386,387.6923076923078
1,877,386,388.0606334841629
1,878,390,388.35203619909527
1,879,390,388.4868778280544
1,880,388,388.585520361991
1,881,388,388.83891402714926
1,882,390,389.03800904977385
1,883,390,389.0416289592762
1,884,388,388.8316742081449
1,885,388,388.58371040723995
1,886,389,388.68597285067875
1,887,389,388.8651583710409
1,888,388,388.8533936651584
1,889,388,388.7122171945701
1,890,390,388.8389140271494
1,891,390,389.16289592760194
1,892,389,389.13665158371055
1,893,389,389.1511312217196
1,894,389,389.31764705882364
1,895,389,389.5475113122173
1,896,390,389.54298642533945
1,897,390,389.60633484162906
1,898,389,390.1104072398192
1,899,391,390.6280542986427
1,900,391,390.9411764705884
1,901,391,391.23167420814474
1,902,391,391.4723981900453
1,903,393,391.6361990950227
1,904,393,391.7638009049774
1,905,391,391.89592760181006
1,906,391,391.9375565610862
1,907,392,392.0705882352942
1,908,392,392.0036199095023
1,909,392,392.12760180995485
1,910,392,392.1565610859729
1,911,393,392.2877828054301
1,912,393,392.51855203619925
1,913,392,392.43076923076944
1,914,392,392.4063348416291
1,915,394,392.61809954751146
1,916,392,392.8389140271494
1,917,392,393.0506787330318
1,918,393,393.23529411764724
1,919,393,393.5131221719458
1,920,395,393.80452488687797
1,921,395,393.8914027149322
1,922,394,393.95565610859745
1,923,394,394.3176470588235
1,924,394,394.42081447963807
1,925,394,394.2470588235295
1,926,394,394.1755656108598
1,927,394,394.17918552036207
1,928,395,394.3782805429865
1,929,395,394.56108597285083
1,930,394,394.78914027149335
1,931,394,394.98552036199106
1,932,396,395.0705882352942
1,933,396,395.1647058823531
1,934,395,395.3203619909504
1,935,395,395.39004524886894
1,936,396,395.3619909502263
1,937,395,395.4244343891404
1,938,395,395.49140271493224
1,939,396,395.47692307692324
1,940,396,395.56923076923084
1,941,395,395.75656108597303
1,942,395,395.96199095022644
1,943,397,396.108597285068
1,944,397,396.25520361990954
1,945,396,396.3221719457014
1,946,396,396.36199095022636
1,947,397,396.49502262443445
1,948,397,396.6416289592761
1,949,396,396.65429864253406
1,950,396,396.5855203619911
1,951,397,396.6235294117647
1,952,397,396.75656108597303
1,953,397,396.83710407239835
1,954,397,396.98823529411777
1,955,397,397.20090497737556
1,956,397,397.40452488687805
1,957,397,397.460633484163
1,958,398,397.4307692307692
1,959,398,397.3737556561087
1,960,398,397.34841628959293
1,961,397,397.3457013574662
1,962,397,397.35656108597294
1,963,397,397.37194570135756
1,964,397,397.38280542986433
1,965,397,397.3800904977376
1,966,398,397.4932126696834
1,967,398,397.6515837104073
1,968,398,397.8552036199097
1,969,398,397.9656108597286
1,970,398,398.0443438914028
1,971,398,398.0823529411766
1,972,398,398.0705882352943
1,973,398,398.00000000000017
1,974,398,398.00000000000017
1,975,398,397.929411764706
1,976,398,397.9176470588236
1,977,398,398.09683257918573
1,978,398,398.1990950226246
1,979,398,398.23348416289593
1,980,398,398.1384615384616
1,981,398,398.0524886877829
1,982,399,398.0461538461539
1,983,399,397.9900452488689
1,984,397,397.8226244343894
1,985,397,397.6823529411765
1,986,397,397.5692307692308
1,987,398,397.4832579185522
1,988,398,397.4244343891404
1,989,397,397.39276018099554
1,990,397,397.59728506787343
1,991,398,397.84705882352955
1,992,398,397.81266968325804
1,993,398,397.76470588235304
1,994,398,397.764705882353
1,995,398,397.81266968325804
1,996,398,397.8470588235295
1,997,397,397.7384615384616
1,998,397,397.55746606334856
1,999,398,397.44253393665167
1,1000,398,397.3321266968327
1,1001,397,397.3058823529413
1,1002,397,397.2434389140272
1,1003,397,397.0923076923078
1,1004,397,397.0000000000001
1,1005,397,396.9076923076924
1,1006,397,396.75656108597303
1,1007,397,396.6941176470588
1,1008,396,396.6678733031674
1,1009,396,396.4868778280544
1,1010,397,396.36018099547516
1,1011,397,396.2877828054301
1,1012,396,396.26968325791864
1,1013,396,396.30588235294124
1,1014,396,396.39638009049787
1,1015,396,396.5411764705883
1,1016,397,396.60180995475133
1,1017,397,396.6892519245457
1,1018,397,396.90309690309675
1,1019,397,397.0480630480629
1,1020,397,397.07459207459215
1,1021,397,396.9888111888113
1,1022,397,396.91919191919106
1,1023,397,396.99999999999983
1,1024,397,398.6434389140274
1,1025,397,398.07692307692326
1,1026,397,397.60361990950236
1,1027,396,397.1212669683259
1,1028,396,396.59547511312235
1,1029,397,396.19185520362004
1,1030,397,396.2850678733032
1,1031,397,396.6497737556563
1,1032,397,396.64796380090513
1,1033,396,396.6416289592761
1,1034,396,396.5692307692308
1,1035,397,396.4307692307693
1,1036,397,396.3583710407241
1,1037,396,396.35203619909515
1,1038,396,396.2796380090499
1,1039,396,396.2796380090499
1,1040,396,396.42262443438926
1,1041,397,396.44072398190053
1,1042,397,396.404524886878
1,1043,396,396.52307692307716
1,1044,396,396.60542986425344
1,1045,397,396.531221719457
1,1046,397,396.3800904977377
1,1047,396,396.23167420814485
1,1048,396,395.9656108597287
1,1049,396,395.73846153846165
1,1050,395,395.50678733031685
1,1051,395,395.1592760180998
1,1052,395,394.7846153846155
1,1053,395,394.5393665158371
1,1054,394,394.3800904977377
1,1055,394,394.3366515837104
1,1056,394,394.2389140271494
1,1057,394,394.05248868778295
1,1058,394,393.804524886878
1,1059,394,393.58371040723995
1,1060,394,393.40814479638027
1,1061,394,393.29592760181004
1,1062,392,393.12669683257934
1,1063,392,392.98009049773765
1,1064,393,392.7945701357467
1,1065,393,392.708597285068
1,1066,393,392.7927601809955
1,1067,393,392.91764705882366
1,1068,393,393.09230769230794
1,1069,393,393.3257918552037
1,1070,393,393.35022624434396
1,1071,394,393.2977375565611
1,1072,394,393.36832579185534
1,1073,393,393.3619909502264
1,1074,393,393.35837104072414
1,1075,393,393.23710407239827
1,1076,393,393.15746606334847
1,1077,393,392.8787330316743
1,1078,393,392.29592760181004
1,1079,392,391.8425339366517
1,1080,392,391.61628959276027
1,1081,391,391.24705882352964
1,1082,391,390.700452488688
1,1083,389,390.3420814479639
1,1084,389,390.06063348416296
1,1085,391,389.81266968325804
1,1086,391,389.7547511312218
1,1087,389,389.83710407239835
1,1088,389,390.0099547511314
1,1089,391,390.0823529411766
1,1090,390,390.2633484162897
1,1091,390,390.2760180995476
1,1092,391,390.24343891402725
1,1093,391,390.49502262443445
1,1094,390,390.7601809954752
1,1095,390,390.5592760180997
1,1096,391,390.412669683258
1,1097,391,390.8434389140274
1,1098,391,391.03619909502277
1,1099,391,390.9294117647059
1,1100,390,390.92941176470606
1,1101,390,391.1067873303169
1,1102,393,391.0642533936652
1,1103,393,390.74027149321284
1,1104,389,390.54117647058825
1,1105,389,390.5375565610861
1,1106,391,390.40000000000003
1,1107,391,390.2760180995476
1,1108,389,390.10678733031676
1,1109,389,389.833484162896
1,1110,391,389.80995475113133
1,1111,391,389.9900452488688
1,1112,389,389.9176470588236
1,1113,390,389.73665158371057
1,1114,390,389.6533936651584
1,1115,389,389.67420814479647
1,1116,389,389.67239819004527
1,1117,390,389.5212669683259
1,1118,390,389.5067873303168
1,1119,389,389.51493212669686
1,1120,389,389.2959276018101
1,1121,390,389.13846153846157
1,1122,390,389.0606334841629
1,1123,388,388.7420814479639
1,1124,388,388.4009049773757
1,1125,388,388.25520361990965
1,1126,388,388.12307692307695
1,1127,388,387.8226244343892
1,1128,388,387.57194570135755
1,1129,387,387.58914027149325
1,1130,388,387.6923076923078
1,1131,388,387.5610859728507
1,1132,387,387.475113122172
1,1133,387,387.57556561085994
1,1134,388,387.6036199095024
1,1135,388,387.4361990950228
1,1136,387,387.350226244344
1,1137,387,387.2072398190045
1,1138,388,387.20723981900466
1,1139,388,387.27963800904996
1,1140,386,387.2859728506789
1,1141,386,387.3583710407241
1,1142,388,387.49683257918565
1,1143,388,387.5692307692308
1,1144,388,387.5755656108598
1,1145,388,387.647963800905
1,1146,388,387.7864253393667
1,1147,388,387.85882352941184
1,1148,387,387.7266968325793
1,1149,387,387.65429864253406
1,1150,388,387.64162895927615
1,1151,388,387.49502262443445
1,1152,387,387.57375565610874
1,1153,387,387.49864253393673
1,1154,388,387.30588235294135
1,1155,388,387.0316742081449
1,1156,386,386.57375565610886
1,1157,386,386.0298642533937
1,1158,387,385.5656108597287
1,1159,384,385.1466063348417
1,1160,384,384.74117647058836
1,1161,384,384.31764705882364
1,1162,384,383.90950226244354
1,1163,384,383.75022624434393
1,1164,384,383.66063348416293
1,1165,384,383.6615384615387
1,1166,384,383.8389140271494
1,1167,383,383.86334841628985
1,1168,383,383.937556561086
1,1169,385,384.05248868778284
1,1170,385,384.1990950226244
1,1171,384,384.36832579185534
1,1172,384,384.62171945701374
1,1173,385,384.82081447963805
1,1174,385,384.89502262443443
1,1175,385,384.83529411764727
1,1176,385,384.764705882353
1,1177,385,384.81266968325804
1,1178,385,384.98823529411777
1,1179,384,384.76199095022633
1,1180,384,384.4814479638011
1,1181,385,384.4968325791856
1,1182,385,384.3583710407241
1,1183,384,384.031674208145
1,1184,384,383.6823529411766
1,1185,382,383.47873303167427
1,1186,384,383.1891402714933
1,1187,384,382.6497737556562
1,1188,381,382.09683257918556
1,1189,381,381.9076923076924
1,1190,382,381.65972850678736
1,1191,382,381.2072398190046
1,1192,380,380.804524886878
1,1193,380,380.2904977375566
1,1194,381,379.9809954751132
1,1195,381,379.7185520361992
1,1196,378,379.2714932126697
1,1197,378,378.9402714932129
1,1198,379,378.7520361990952
1,1199,379,378.6018099547511
1,1200,378,378.3782805429866
1,1201,378,378.23167420814485
1,1202,379,378.23891402714935
1,1203,379,378.4769230769232
1,1204,378,378.53936651583723
1,1205,378,378.6199095022626
1,1206,379,378.9800904977376
1,1207,379,379.28144796380104
1,1208,379,379.3239819004525
1,1209,380,379.30769230769255
1,1210,380,379.43257918552047
1,1211,380,379.49864253393673
1,1212,380,379.23529411764724
1,1213,378,378.97194570135747
1,1214,378,378.8995475113124
1,1215,379,378.8090497737559
1,1216,379,378.62986425339375
1,1217,378,378.62986425339375
1,1218,378,378.80904977375576
1,1219,380,379.03800904977385
1,1220,380,379.3257918552037
1,1221,379,379.404524886878
1,1222,379,379.47692307692313
1,1223,380,379.47239819004534
1,1224,380,379.45882352941186
1,1225,379,379.3683257918552
1,1226,379,379.1330316742083
1,1227,379,378.95927601809973
1,1228,379,378.8533936651585
1,1229,378,378.75656108597286
1,1230,379,378.6099547511312
1,1231,379,378.49049773755667
1,1232,378,378.47511312217205
1,1233,378,378.5049773755657
1,1234,379,378.5212669683259
1,1235,379,378.53303167420825
1,1236,378,378.54932126696843
1,1237,378,378.44072398190065
1,1238,379,378.4162895927602
1,1239,379,378.4144796380092
1,1240,378,378.30588235294135
1,1241,378,378.16108597285074
1,1242,378,378.11855203619916
1,1243,378,378.1167420814482
1,1244,378,378.02624434389156
1,1245,378,377.91764705882366
1,1246,378,377.929411764706
1,1247,378,378.0
1,1248,378,377.92941176470595
1,1249,378,377.9176470588236
1,1250,378,377.95565610859734
1,1251,378,378.0343891402716
1,1252,378,378.0742081447966
1,1253,378,378.1954751131223
1,1254,378,378.5212669683259
1,1255,379,378.77466063348425
1,1256,379,378.8850678733032
1,1257,379,378.98190045248884
1,1258,379,379.1266968325793
1,1259,380,379.18099547511326
1,1260,380,379.1447963800907
1,1261,378,379.01809954751144
1,1262,378,378.8009049773757
1,1263,379,378.6316742081449
1,1264,379,377.8135746606335
1,1265,378,377.52036199095033
1,1266,378,377.6796380090499
1,1267,378,378.42805429864256
1,1268,378,379.50226244343907
1,1269,378,381.27692307692314
1,1270,378,382.5266968325793
1,1271,387,383.33755656108605
1,1272,387,383.7954751131223
1,1273,387,384.29952400540606
1,1274,386,384.0289710289709
1,1275,386,382.5523365523366
1,1276,376,379.7004662004664
1,1277,376,376.42960372960374
1,1278,377,375.7626262626255
1,1279,377,377.62121212121207
1,1280,378,387.619004524887
1,1281,378,384.10407239819017
1,1282,377,380.9058823529414
1,1283,377,378.22352941176484
1,1284,377,376.3266968325794
1,1285,377,375.28506787330326
1,1286,377,375.5837104072399
1,1287,377,377.30769230769243
1,1288,378,377.21900452488694
1,1289,378,377.2796380090499
1,1290,378,377.41266968325795
1,1291,377,377.5411764705883
1,1292,377,377.6561085972852
1,1293,377,377.74841628959285
1,1294,377,377.8090497737559
1,1295,379,377.8289592760182
1,1296,379,377.93755656108607
1,1297,378,378.0642533936653
1,1298,378,378.20904977375574
1,1299,378,378.23348416289605
1,1300,378,378.26968325791864
1,1301,378,378.1791855203621
1,1302,378,377.8208144796382
1,1303,378,377.7303167420816
1,1304,378,377.8371040723983
1,1305,378,377.8733031674209
1,1306,378,377.8389140271493
1,1307,377,377.86334841628974
1,1308,377,377.86696832579196
1,1309,379,377.9701357466065
1,1310,379,378.2253393665159
1,1311,378,378.4850678733033
1,1312,378,378.7402714932128
1,1313,379,378.77013574660646
1,1314,379,378.95384615384626
1,1315,380,379.25791855203624
1,1316,380,379.44886877828066
1,1317,379,379.70588235294133
1,1318,379,380.0081447963801
1,1319,379,380.19909502262465
1,1320,382,380.3221719457015
1,1321,382,380.5592760180997
1,1322,380,380.6923076923078
1,1323,380,380.8506787330318
1,1324,381,380.96380090497746
1,1325,381,380.7520361990952
1,1326,381,380.5357466063349
1,1327,381,380.2877828054299
1,1328,380,380.3963800904978
1,1329,380,380.6497737556562
1,1330,380,380.771040723982
1,1331,380,380.81266968325804
1,1332,382,380.9538461538462
1,1333,382,381.2352941176472
1,1334,382,381.7004524886878
1,1335,382,382.1927601809956
1,1336,382,382.3438914027151
1,1337,382,382.585520361991
1,1338,383,382.9339366515838
1,1339,384,383.2054298642535
1,1340,384,383.702262443439
1,1341,383,384.12669683257934
1,1342,383,384.24886877828067
1,1343,386,384.43891402714934
1,1344,386,384.79276018099563
1,1345,385,385.0063348416291
1,1346,385,385.12036199095024
1,1347,384,385.31402714932136
1,1348,384,385.4986425339368
1,1349,387,385.30588235294135
1,1350,387,385.16742081447967
1,1351,385,385.6561085972852
1,1352,385,386.1447963800906
1,1353,386,386.21266968325807
1,1354,386,386.43891402714945
1,1355,386,386.8515837104074
1,1356,389,387.07873303167423
1,1357,389,387.29683257918566
1,1358,386,387.6823529411764
1,1359,386,388.07239819004536
1,1360,390,388.30407239819016
1,1361,390,388.34751131221736
1,1362,387,388.3728506787332
1,1363,387,388.3438914027151
1,1364,390,388.639819004525
1,1365,390,389.1104072398191
1,1366,388,389.2018099547512
1,1367,388,388.9574660633486
1,1368,390,389.1628959276018
1,1369,390,389.45610859728515
1,1370,390,389.5420814479638
1,1371,390,389.5873303167421
1,1372,389,389.82081447963816
1,1373,389,390.2714932126697
1,1374,391,390.6968325791856
1,1375,391,391.05429864253404
1,1376,392,391.78733031674216
1,1377,392,392.33936651583724
1,1378,392,392.49864253393673
1,1379,394,392.6533936651585
1,1380,394,392.77918552036215
1,1381,393,392.65158371040735
1,1382,393,392.3882352941178
1,1383,390,392.1067873303168
1,1384,390,392.068778280543
1,1385,393,391.93574660633493
1,1386,393,391.5049773755658
1,1387,391,391.4506787330318
1,1388,391,391.9140271493214
1,1389,393,392.23891402714946
1,1390,393,392.2407239819006
1,1391,391,392.1194570135748
1,1392,391,391.92126696832577
1,1393,394,391.8932126696834
1,1394,394,392.08235294117657
1,1395,390,392.4760180995476
1,1396,390,392.66153846153856
1,1397,394,392.7040723981901
1,1398,393,392.86877828054304
1,1399,393,392.9402714932128
1,1400,395,392.90316742081455
1,1401,395,393.15475113122193
1,1402,391,393.4923076923077
1,1403,391,393.4416289592761
1,1404,394,393.1285067873305
1,1405,394,393.0180995475115
1,1406,393,392.83710407239835
1,1407,393,392.6561085972852
1,1408,393,392.7520361990952
1,1409,393,392.93122171945714
1,1410,392,392.716742081448
1,1411,392,392.4932126696833
1,1412,393,392.78099547511323
1,1413,393,393.10045248868795
1,1414,393,393.3221719457015
1,1415,393,393.51674208144794
1,1416,394,393.6135746606337
1,1417,395,393.742081447964
1,1418,395,393.82533936651595
1,1419,393,393.78642533936664
1,1420,393,393.75475113122184
1,1421,393,393.65972850678736
1,1422,393,393.3601809954751
1,1423,394,393.11493212669706
1,1424,394,393.11493212669706
1,1425,393,393.28959276018116
1,1426,393,393.57737556561096
1,1427,393,393.7104072398192
1,1428,393,393.6796380090499
1,1429,395,393.73484162895943
1,1430,395,393.8488687782806
1,1431,394,394.1330316742083
1,1432,394,394.5692307692308
1,1433,394,394.87149321266975
1,1434,394,395.0923076923079
1,1435,396,395.2135746606337
1,1436,396,395.2171945701357
1,1437,396,395.36199095022636
1,1438,396,395.5067873303169
1,1439,395,395.4425339366518
1,1440,395,395.36018099547516
1,1441,395,395.1004524886879
1,1442,395,394.9040723981902
1,1443,395,395.1529411764707
1,1444,395,395.42895927601825
1,1445,395,395.73212669683267
1,1446,396,396.0624434389141
1,1447,396,396.21085972850693
1,1448,398,396.36832579185534
1,1449,398,396.5167420814481
1,1450,396,396.49683257918565
1,1451,396,396.5493212669684
1,1452,396,396.708597285068
1,1453,396,396.80904977375576
1,1454,397,396.8914027149322
1,1455,397,396.99638009049784
1,1456,397,397.4443438914028
1,1457,399,397.9556561085974
1,1458,399,398.1828054298645
1,1459,398,398.37828054298654
1,1460,398,398.51493212669703
1,1461,399,398.56561085972874
1,1462,399,398.64162895927626
1,1463,398,398.6542986425343
1,1464,398,398.58552036199114
1,1465,399,398.6941176470588
1,1466,399,398.8389140271494
1,1467,399,398.81085972850707
1,1468,399,398.8009049773758
1,1469,399,399.49411764705894
1,1470,399,399.77556561085987
1,1471,399,399.57013574660647
1,1472,399,399.0027149321268
1,1473,399,397.56018099547526
1,1474,400,396.5294117647061
1,1475,400,395.8832579185522
1,1476,392,395.5945701357468
1,1477,392,395.7067873303169
1,1478,392,396.06334841628967
1,1479,392,396.5755656108598
1,1480,402,397.3547511312219
1,1481,402,398.37375565610864
1,1482,402,399.74389140271506
1,1483,402,401.3058823529413
1,1484,401,402.0633484162898
1,1485,401,402.48144796380114
1,1486,402,402.4606334841631
1,1487,402,401.97194570135764
1,1488,402,402.171040723982
1,1489,402,402.28144796380104
1,1490,403,402.5031674208147
1,1491,403,402.6977375565611
1,1492,403,402.7266968325795
1,1493,403,402.6515837104073
1,1494,402,402.53122171945705
1,1495,402,402.42443438914023
1,1496,403,402.32217194570154
1,1497,402,402.21538461538483
1,1498,402,402.3040723981901
1,1499,402,402.3882352941178
1,1500,402,402.40633484162913
1,1501,403,402.49683257918565
1,1502,403,402.5918552036201
1,1503,403,402.6235294117649
1,1504,403,402.65972850678753
1,1505,402,402.62986425339375
1,1506,402,402.59547511312235
1,1507,403,402.54751131221724
1,1508,403,402.5475113122174
1,1509,402,402.59547511312235
1,1510,402,402.55927601809975
1,1511,403,402.57737556561096
1,1512,403,402.64977375565627
1,1513,403,402.6380090497738
1,1514,403,402.6036199095024
1,1515,402,402.7466063348418
1,1516,402,402.8669683257921
1,1517,403,402.7647058823531
1,1518,403,402.639819004525
1,1519,403,402.76289592760196
1,1520,403,402.804524886878
1,1521,403,402.6416289592762
1,1522,402,402.5511312217196
1,1523,402,402.46515837104096
1,1524,403,402.31583710407256
1,1525,403,402.1710407239821
1,1526,401,402.0986425339367
1,1527,401,402.169230769231
1,1528,403,402.2533936651586
1,1529,403,402.3784450843271
1,1530,402,402.46453546453523
1,1531,402,402.64901764901754
1,1532,403,402.78321678321714
1,1533,403,402.4494172494174
1,1534,402,402.21212121212017
1,1535,402,401.8484848484848
1,1536,403,402.1647058823531
1,1537,403,402.4687782805432
1,1538,402,402.8552036199097
1,1539,403,403.0380090497738
1,1540,403,403.0787330316743
1,1541,403,402.8389140271495
1,1542,402,402.6660633484164
1,1543,403,402.3076923076925
1,1544,403,401.92941176470595
1,1545,401,401.4968325791857
1,1546,401,400.9076923076925
1,1547,400,400.398190045249
1,1548,400,399.8633484162896
1,1549,399,399.4687782805431
1,1550,399,399.10316742081466
1,1551,399,398.99366515837124
1,1552,399,399.09683257918573
1,1553,399,399.16289592760194
1,1554,399,399.20090497737567
1,1555,400,399.410859728507
1,1556,400,399.71583710407253
1,1557,400,399.9683257918555
1,1558,400,400.2208144796382
1,1559,400,400.525791855204
1,1560,400,400.73574660633506
1,1561,402,400.84162895927614
1,1562,401,400.83438914027175
1,1563,401,400.9140271493213
1,1564,401,400.8805429864255
1,1565,401,400.6018099547512
1,1566,400,400.3457013574663
1,1567,400,400.24434389140293
1,1568,400,400.0298642533938
1,1569,400,399.9882352941179
1,1570,399,399.866968325792
1,1571,399,399.6841628959277
1,1572,401,399.5873303167422
1,1573,401,399.58552036199126
1,1574,399,399.5493212669685
1,1575,399,399.5493212669686
1,1576,399,399.58552036199103
1,1577,399,399.516742081448
1,1578,400,399.4633484162898
1,1579,400,399.44684727037657
1,1580,400,399.7272727272727
1,1581,400,399.98346098346093
1,1582,400,400.2144522144525
1,1583,400,400.5240093240094
1,1584,402,401.14141414141324
1,1585,402,402.2727272727273
2,0,402,393.2398190045249
2,1,402,392.07149321266974
2,2,384,390.6361990950228
2,3,384,388.7013574660634
2,4,383,386.83438914027147
2,5,383,385.11674208144814
2,6,386,383.6298642533937
2,7,386,382.4552036199096
2,8,382,382.92307692307696
2,9,382,384.36380090497744
2,10,385,384.3158371040725
2,11,385,384.3176470588236
2,12,385,384.3628959276019
2,13,385,384.2452488687784
2,14,385,384.3800904977376
2,15,383,384.58280542986444
2,16,383,384.3266968325793
2,17,385,383.8850678733032
2,18,385,383.73484162895943
2,19,383,383.5529411764707
2,20,383,383.29592760181004
2,21,383,383.1203619909503
2,22,383,383.114932126697
2,23,383,382.8914027149323
2,24,383,382.529411764706
2,25,382,382.4443438914029
2,26,382,382.44253393665167
2,27,383,382.39457013574673
2,28,383,382.29140271493225
2,29,382,382.38280542986445
2,30,382,382.6416289592761
2,31,383,383.1113122171947
2,32,383,383.6352941176472
2,33,384,384.1276018099549
2,34,384,384.50226244343907
2,35,386,384.7384615384617
2,36,386,385.0153846153847
2,37,386,385.0968325791857
2,38,385,385.14660633484175
2,39,385,385.11674208144814
2,40,384,385.1592760180996
2,41,384,385.4289592760182
2,42,386,385.68054298642545
2,43,386,386.01357466063365
2,44,387,386.5276018099549
2,45,387,387.1864253393666
2,46,389,387.81538461538474
2,47,389,388.43981900452496
2,48,388,388.8760180995477
2,49,388,388.9285067873304
2,50,390,389.41990950226267
2,51,390,389.75746606334843
2,52,390,390.0434389140274
2,53,390,390.1800904977377
2,54,390,390.558371040724
2,55,390,390.76923076923094
2,56,393,390.6126696832581
2,57,390,390.2886877828055
2,58,390,390.135746606335
2,59,390,389.89230769230784
2,60,390,389.29411764705884
2,61,388,388.8769230769232
2,62,388,388.481447963801
2,63,389,388.3484162895929
2,64,389,388.85701357466075
2,65,388,389.371040723982
2,66,388,389.9954751131222
2,67,392,390.75294117647064
2,68,392,391.72760180995476
2,69,394,392.4470588235295
2,70,394,393.2389140271494
2,71,394,394.0805429864255
2,72,394,394.9493212669684
2,73,395,395.54570135746627
2,74,396,395.9701357466065
2,75,396,396.66787330316754
2,76,398,397.35475113122186
2,77,398,398.10588235294125
2,78,399,399.2289592760182
2,79,399,399.7728506787332
2,80,400,399.7556561085973
2,81,400,399.2633484162897
2,82,400,398.5203619909505
2,83,399,396.9891402714932
2,84,399,395.8796380090499
2,85,392,395.03257918552055
2,86,392,394.56832579185533
2,87,392,394.4072398190046
2,88,393,394.6787330316745
2,89,393,395.31221719457034
2,90,400,396.3076923076925
2,91,400,397.5266968325793
2,92,400,398.9601809954752
2,93,400,399.75927601809974
2,94,400,400.2660633484164
2,95,400,400.5285067873305
2,96,400,400.66515837104083
2,97,400,400.3945701357468
2,98,400,400.5429864253396
2,99,401,400.7366515837105
2,100,401,401.09864253393675
2,101,402,401.35203619909515
2,102,402,401.42624434389154
2,103,401,401.45067873303185
2,104,401,401.41628959276034
2,105,402,401.3140271493214
2,106,402,401.0642533936652
2,107,400,400.9257918552038
2,108,400,400.81900452488696
2,109,401,400.873303167421
2,110,401,401.01809954751144
2,111,401,401.1149321266969
2,112,401,401.22533936651604
2,113,402,401.4787330316745
2,114,402,401.8045248868781
2,115,402,401.99638009049795
2,116,402,402.0479638009051
2,117,402,402.0180995475116
2,118,402,401.9656108597287
2,119,402,402.0226244343893
2,120,402,401.92126696832594
2,121,402,401.7384615384617
2,122,401,401.5511312217197
2,123,401,401.5095022624437
2,124,402,401.3638009049776
2,125,402,401.07058823529417
2,126,400,400.7864253393667
2,127,400,400.6000000000002
2,128,401,400.4000000000002
2,129,401,400.2135746606335
2,130,399,399.929411764706
2,131,399,399.63619909502285
2,132,400,399.5610859728509
2,133,400,399.53122171945716
2,134,399,399.16470588235313
2,135,399,398.87963800904976
2,136,399,398.88506787330334
2,137,399,398.99004524886897
2,138,399,398.8651583710409
2,139,398,398.78099547511323
2,140,398,399.2199095022626
2,141,400,399.4642533936654
2,142,400,399.27963800904985
2,143,399,399.031674208145
2,144,399,398.9502262443441
2,145,400,398.66515837104083
2,146,400,398.0805429864254
2,147,395,397.3619909502264
2,148,395,396.8099547511314
2,149,397,396.3312217194571
2,150,397,395.63619909502273
2,151,394,395.0380090497739
2,152,394,394.77556561085987
2,153,396,394.6850678733033
2,154,396,394.8796380090499
2,155,393,394.7828054298643
2,156,393,394.6180995475115
2,157,396,394.6714932126697
2,158,396,394.82895927601817
2,159,394,394.77285067873316
2,160,395,394.5855203619912
2,161,395,394.69411764705893
2,162,394,394.72579185520374
2,163,394,394.3104072398192
2,164,394,393.6778280542988
2,165,394,393.4027149321268
2,166,393,393.0597285067875
2,167,393,392.36470588235306
2,168,391,391.7719457013575
2,169,391,391.25610859728516
2,170,391,390.72398190045266
2,171,391,390.3529411764707
2,172,389,390.04977375565625
2,173,389,389.9303167420816
2,174,390,389.7013574660635
2,175,390,389.60814479638015
2,176,390,389.48054298642535
2,177,390,389.3484162895928
2,178,389,389.3095022624437
2,179,389,389.2615384615386
2,180,388,388.82262443438924
2,181,389,388.4108597285069
2,182,389,388.4470588235295
2,183,388,388.352036199095
2,184,388,388.17104072398206
2,185,387,387.94932126696835
2,186,387,387.7348416289593
2,187,389,387.3755656108597
2,188,389,386.6461538461539
2,189,385,386.05972850678745
2,190,385,385.8642533936652
2,191,385,385.43981900452496
2,192,385,384.7085972850681
2,193,383,384.12488687782815
2,194,383,383.52760180995483
2,195,385,383.2389140271495
2,196,385,383.1809954751132
2,197,381,383.0045248868779
2,198,381,382.76018099547525
2,199,384,382.3520361990951
2,200,382,382.0841628959277
2,201,382,381.77737556561107
2,202,382,381.45248868778293
2,203,382,381.4751131221721
2,204,380,381.6108597285069
2,205,380,381.4217194570137
2,206,382,381.0696832579186
2,207,382,380.9882352941177
2,208,381,380.73393665158375
2,209,381,380.5457013574662
2,210,380,380.32126696832586
2,211,380,380.0968325791856
2,212,379,379.63167420814483
2,213,379,379.08506787330333
2,214,379,378.75203619909513
2,215,379,378.52760180995483
2,216,378,378.3095022624435
2,217,378,378.1954751131222
2,218,378,378.07420814479644
2,219,378,378.03438914027157
2,220,378,377.9556561085974
2,221,378,377.91764705882366
2,222,378,377.8588235294119
2,223,378,377.9176470588236
2,224,378,378.0262443438915
2,225,378,378.1167420814482
2,226,378,378.18914027149333
2,227,378,378.2434389140273
2,228,378,378.2090497737558
2,229,379,378.2153846153847
2,230,379,377.7592760180996
2,231,378,377.7375565610861
2,232,378,378.0072398190046
2,233,378,378.62533936651585
2,234,378,379.3692307692309
2,235,379,380.4162895927603
2,236,379,381.737556561086
2,237,386,383.24253393665157
2,238,386,384.8497737556562
2,239,387,386.13936651583737
2,240,387,387.2298642533939
2,241,389,388.03076923076947
2,242,389,388.4515837104073
2,243,388,388.54027149321286
2,244,388,388.1447963800906
2,245,387,388.08235294117645
2,246,388,387.9701357466064
2,247,388,387.91945701357486
2,248,388,387.8416289592762
2,249,388,388.00041135335226
2,250,388,388.23276723276706
2,251,388,388.4410034410033
2,252,389,388.57692307692326
2,253,389,388.888344988345
2,254,389,389.07575757575677
2,255,389,388.9545454545454
2,256,389,391.23529411764724
2,257,389,390.69864253393666
2,258,390,390.3339366515838
2,259,390,389.9683257918553
2,260,390,389.8289592760181
2,261,390,390.0045248868779
2,262,391,390.38371040723996
2,263,391,390.92307692307696
2,264,391,391.01628959276024
2,265,391,391.1185520361991
2,266,392,391.40271493212686
2,267,392,391.6416289592762
2,268,391,391.7466063348417
2,269,391,391.8289592760183
2,270,392,391.99999999999994
2,271,393,392.1710407239821
2,272,393,392.3239819004526
2,273,392,392.44072398190053
2,274,392,392.5710407239821
2,275,393,392.76470588235304
2,276,393,392.8651583710409
2,277,393,392.91583710407247
2,278,393,393.02805429864264
2,279,393,393.2515837104073
2,280,393,393.5067873303167
2,281,394,393.64615384615394
2,282,394,393.7221719457016
2,283,394,393.5728506787332
2,284,394,393.63619909502273
2,285,394,393.86696832579196
2,286,394,394.2199095022625
2,287,394,394.64977375565627
2,288,394,395.2524886877829
2,289,394,395.86244343891406
2,290,398,396.3909502262445
2,291,398,396.8199095022626
2,292,398,397.1312217194572
2,293,398,397.30678733031687
2,294,398,397.32850678733035
2,295,396,397.10769230769245
2,296,396,396.75565610859746
2,297,396,396.2452488687784
2,298,396,396.10316742081454
2,299,396,396.05610859728523
2,300,396,396.1131221719458
2,301,396,396.3538461538463
2,302,397,396.6579185520363
2,303,397,396.69592760180996
2,304,397,396.7384615384617
2,305,397,396.7764705882354
2,306,397,396.8009049773756
2,307,397,396.8027149321269
2,308,396,396.77285067873316
2,309,396,396.7728506787331
2,310,397,396.80271493212666
2,311,397,396.73031674208147
2,312,397,396.6941176470589
2,313,397,396.6941176470589
2,314,397,396.7303167420815
2,315,397,396.8027149321269
2,316,396,396.77285067873316
2,317,396,396.702262443439
2,318,397,396.7203619909504
2,319,397,396.75656108597303
2,320,397,396.81085972850695
2,321,397,396.883257918552
2,322,397,396.9737556561087
2,323,397,397.0823529411766
2,324,397,397.14117647058833
2,325,397,397.08235294117657
2,326,397,397.04434389140295
2,327,397,396.96561085972866
2,328,397,396.9257918552038
2,329,397,396.8045248868779
2,330,397,396.6904977375567
2,331,396,396.4723981900454
2,332,396,396.17737556561104
2,333,396,395.83257918552044
2,334,396,395.535746606335
2,335,395,395.0434389140273
2,336,395,394.6506787330317
2,337,394,394.51674208144817
2,338,394,394.40090497737566
2,339,394,394.1303167420816
2,340,394,393.9321266968327
2,341,393,393.9656108597286
2,342,395,393.99004524886885
2,343,395,393.8325791855204
2,344,393,393.7203619909503
2,345,393,393.6742081447964
2,346,394,393.514932126697
2,347,394,393.05791855203626
2,348,392,392.71855203619924
2,349,392,392.6407239819005
2,350,393,392.64524886877837
2,351,393,392.4244343891403
2,352,391,392.13484162895935
2,353,391,392.12941176470594
2,354,394,392.08778280543
2,355,394,392.10497737556574
2,356,390,392.07239819004536
2,357,390,391.881447963801
2,358,393,391.5565610859729
2,359,393,391.3221719457015
2,360,390,391.060633484163
2,361,391,390.654298642534
2,362,391,390.4660633484164
2,363,389,390.4588235294119
2,364,389,390.11493212669694
2,365,391,389.71674208144805
2,366,391,389.75022624434405
2,367,389,389.90135746606336
2,368,389,389.79095022624455
2,369,390,389.7782805429866
2,370,390,389.81085972850695
2,371,390,389.6298642533938
2,372,390,389.5176470588236
2,373,389,389.4923076923078
2,374,389,389.4488687782807
2,375,389,389.1466063348417
2,376,389,388.7447963800906
2,377,389,388.40000000000003
2,378,389,388.0687782805431
2,379,387,387.7782805429865
2,380,387,387.55565610859753
2,381,387,387.3601809954752
2,382,387,387.1511312217196
2,383,387,386.8850678733033
2,384,387,386.71855203619924
2,385,387,386.7402714932128
2,386,387,386.8389140271494
2,387,387,386.7647058823532
2,388,386,386.66787330316754
2,389,386,386.62805429864267
2,390,387,386.5248868778281
2,391,387,386.2352941176471
2,392,386,386.03619909502277
2,393,386,385.9981900452489
2,394,386,385.99185520362
2,395,386,386.02624434389145
2,396,385,385.97194570135747
2,397,385,385.9701357466064
2,398,387,385.9592760180998
2,399,387,386.01628959276036
2,400,386,386.0823529411766
2,401,386,386.09864253393687
2,402,386,386.0036199095025
2,403,386,385.9357466063349
2,404,385,385.8271493212671
2,405,386,385.6099547511312
2,406,386,385.5610859728507
2,407,385,385.55746606334856
2,408,385,385.47873303167427
2,409,386,385.404524886878
2,410,386,385.34389140271503
2,411,385,385.30588235294124
2,412,385,385.16108597285074
2,413,385,385.1185520361992
2,414,385,385.0461538461539
2,415,385,384.943891402715
2,416,385,384.943891402715
2,417,385,385.0461538461539
2,418,385,385.11855203619916
2,419,385,385.23167420814485
2,420,385,385.3176470588236
2,421,386,385.30588235294135
2,422,386,385.3257918552036
2,423,385,385.3683257918553
2,424,385,385.42443438914046
2,425,386,385.5556561085974
2,426,385,385.6235294117647
2,427,385,385.62805429864267
2,428,386,385.56923076923084
2,429,386,385.5149321266969
2,430,386,385.5330316742082
2,431,386,385.48506787330325
2,432,385,385.43257918552047
2,433,385,385.5049773755657
2,434,385,385.49321266968326
2,435,385,385.4588235294119
2,436,386,385.53122171945716
2,437,386,385.7104072398192
2,438,386,385.866968325792
2,439,386,385.9393665158373
2,440,386,385.92760180995487
2,441,386,385.8932126696834
2,442,386,385.82714932126703
2,443,386,385.7203619909504
2,444,385,385.70226244343894
2,445,385,385.7022624434389
2,446,386,385.7203619909504
2,447,386,385.756561085973
2,448,386,385.8108597285068
2,449,386,385.8832579185521
2,450,386,385.97375565610866
2,451,386,386.0823529411765
2,452,386,386.0000000000001
2,453,386,385.91764705882366
2,454,386,385.95565610859745
2,455,386,386.0343891402715
2,456,386,386.21538461538466
2,457,386,386.3601809954753
2,458,386,386.398190045249
2,459,387,386.4588235294119
2,460,387,386.5330316742082
2,461,387,386.6117647058825
2,462,387,386.6859728506789
2,463,386,386.67601809954766
2,464,386,386.702262443439
2,465,387,386.8171945701359
2,466,387,386.87330316742083
2,467,387,386.92941176470595
2,468,387,387.0443438914029
2,469,387,387.2796380090499
2,470,388,387.4968325791856
2,471,388,387.41628959276017
2,472,387,387.35837104072414
2,473,387,387.5049773755658
2,474,388,387.63800904977387
2,475,388,387.6778280542988
2,476,387,387.7447963800906
2,477,387,387.8914027149322
2,478,389,388.10859728506796
2,479,389,388.1846153846154
2,480,388,388.239819004525
2,481,388,388.3882352941178
2,482,389,388.6117647058825
2,483,389,388.7601809954753
2,484,388,388.81538461538474
2,485,388,388.8208144796381
2,486,390,389.0262443438915
2,487,390,389.2814479638011
2,488,389,389.43891402714945
2,489,389,389.55113122171963
2,490,390,389.7384615384616
2,491,390,389.921266968326
2,492,390,389.81085972850695
2,493,390,389.71855203619924
2,494,390,389.8850678733032
2,495,390,390.1511312217196
2,496,390,390.3601809954753
2,497,390,390.55565610859736
2,498,390,390.9900452488689
2,499,392,391.3158371040725
2,500,392,391.321266968326
2,501,392,391.53574660633495
2,502,392,391.673303167421
2,503,392,391.58371040724
2,504,392,391.51674208144806
2,505,390,391.29758476817284
2,506,390,391.08991008991006
2,507,393,391.097569097569
2,508,391,391.311188811189
2,509,391,391.8072261072262
2,510,393,392.49999999999915
2,511,393,392.9696969696968
2,512,391,392.5511312217196
2,513,391,392.09049773755675
2,514,392,391.8108597285069
2,515,392,391.59185520362007
2,516,392,391.5131221719458
2,517,392,391.58371040723995
2,518,391,391.8126696832581
2,519,391,392.2090497737557
2,520,393,392.3665158371042
2,521,393,392.3375565610861
2,522,393,392.50135746606355
2,523,393,392.83076923076925
2,524,393,393.1692307692308
2,525,393,393.4280542986426
2,526,393,393.50950226244345
2,527,393,393.57737556561096
2,528,395,393.9339366515838
2,529,395,394.281447963801
2,530,394,394.53122171945716
2,531,394,394.7945701357467
2,532,395,395.0443438914029
2,533,396,395.25339366515857
2,534,396,395.3945701357468
2,535,395,395.44072398190065
2,536,395,395.71221719457026
2,537,396,395.929411764706
2,538,396,395.8832579185522
2,539,396,395.76470588235316
2,540,396,395.69411764705893
2,541,396,395.73031674208147
2,542,396,395.80271493212683
2,543,395,395.7728506787332
2,544,395,395.63167420814494
2,545,396,395.6380090497738
2,546,396,395.71221719457026
2,547,396,395.9158371040725
2,548,396,396.11040723981904
2,549,396,396.2959276018101
2,550,396,396.4723981900454
2,551,397,396.43076923076933
2,552,397,396.36199095022647
2,553,397,396.4570135746607
2,554,396,396.5067873303169
2,555,396,396.5113122171947
2,556,396,396.47058823529426
2,557,396,396.3140271493214
2,558,397,396.171040723982
2,559,397,396.2416289592761
2,560,396,396.3257918552037
2,561,396,396.36199095022636
2,562,396,396.35022624434407
2,563,396,396.3520361990951
2,564,397,396.358371040724
2,565,397,396.43076923076933
2,566,396,396.56923076923096
2,567,396,396.64162895927603
2,568,397,396.647963800905
2,569,397,396.6497737556562
2,570,397,396.63800904977387
2,571,397,396.60361990950236
2,572,396,396.67601809954766
2,573,396,396.7846153846154
2,574,397,396.79095022624455
2,575,397,396.75656108597303
2,576,397,396.8814479638011
2,577,397,396.9656108597286
2,578,397,397.0180995475114
2,579,397,397.0479638009051
2,580,397,396.8552036199097
2,581,397,396.639819004525
2,582,397,396.53122171945716
2,583,396,396.4588235294118
2,584,396,396.4932126696834
2,585,396,396.5049773755657
2,586,396,396.43257918552047
2,587,397,396.4144796380091
2,588,397,396.45067873303185
2,589,397,396.5411764705883
2,590,397,396.6859728506788
2,591,396,396.7466063348417
2,592,396,396.7846153846154
2,593,397,396.79095022624455
2,594,397,396.75656108597303
2,595,397,396.7402714932127
2,596,397,396.8009049773756
2,597,397,396.92941176470595
2,598,397,397.116742081448
2,599,397,397.2859728506789
2,600,397,397.36018099547516
2,601,397,397.53936651583723
2,602,398,397.6235294117648
2,603,398,397.5511312217195
2,604,398,397.46063348416294
2,605,398,397.4226244343892
2,606,397,397.30769230769243
2,607,397,397.19547511312226
2,608,396,396.9656108597286
2,609,396,396.7067873303168
2,610,397,396.37556561085984
2,611,397,396.0669683257919
2,612,396,395.9493212669684
2,613,396,395.7909502262445
2,614,395,395.49864253393673
2,615,395,395.1791855203622
2,616,394,394.7303167420816
2,617,395,394.24977375565624
2,618,395,393.9737556561088
2,619,393,393.73846153846165
2,620,393,393.45067873303174
2,621,393,393.21719457013586
2,622,393,392.935746606335
2,623,393,392.70407239819025
2,624,393,392.3402714932128
2,625,392,392.20090497737556
2,626,392,392.3040723981901
2,627,392,392.2615384615386
2,628,392,392.01176470588246
2,629,392,391.9520361990952
2,630,392,392.27601809954757
2,631,393,392.577375565611
2,632,393,392.72398190045277
2,633,392,392.9158371040725
2,634,392,393.07601809954764
2,635,395,393.2660633484164
2,636,395,393.3475113122173
2,637,392,393.32036199095046
2,638,392,393.11402714932143
2,639,394,392.99638009049784
2,640,393,392.89683257918557
2,641,393,392.67692307692323
2,642,392,392.398190045249
2,643,392,392.46696832579204
2,644,392,392.6895927601811
2,645,393,392.66877828054317
2,646,393,392.60723981900463
2,647,393,392.8434389140272
2,648,393,392.9773755656109
2,649,393,393.0886877828056
2,650,393,393.04796380090517
2,651,393,392.99638009049784
2,652,393,392.804524886878
2,653,393,392.61990950226254
2,654,392,392.39004524886883
2,655,392,392.2036199095025
2,656,392,391.9493212669684
2,657,392,391.5837104072399
2,658,391,391.2633484162897
2,659,391,391.07692307692315
2,660,391,390.9131221719458
2,661,391,390.79909502262467
2,662,390,390.55294117647065
2,663,390,390.39276018099554
2,664,391,390.2570135746608
2,665,391,390.28416289592775
2,666,390,390.3357466063349
2,667,390,390.473303167421
2,668,390,390.7583710407241
2,669,391,391.05248868778284
2,670,391,391.2171945701359
2,671,392,391.31402714932136
2,672,392,391.5429864253395
2,673,392,391.7040723981901
2,674,392,391.5972850678735
2,675,391,391.4226244343892
2,676,391,391.24162895927617
2,677,391,391.0542986425341
2,678,391,390.86968325791867
2,679,390,390.7764705882355
2,680,390,390.6018099547511
2,681,391,390.38190045248876
2,682,391,390.1529411764707
2,683,390,389.812669683258
2,684,390,389.45882352941186
2,685,389,389.11855203619916
2,686,388,388.81900452488696
2,687,388,388.44886877828066
2,688,388,388.0968325791856
2,689,388,387.99004524886885
2,690,388,387.9556561085974
2,691,388,388.10316742081454
2,692,388,388.14208144796385
2,693,388,388.05882352941194
2,694,388,387.7013574660634
2,695,388,387.185520361991
2,696,387,386.7683257918552
2,697,387,386.1067873303168
2,698,384,384.84977375565626
2,699,384,383.84615384615404
2,700,383,383.18461538461537
2,701,383,382.7538461538462
2,702,383,382.51040723981913
2,703,380,382.6108597285069
2,704,380,383.0054298642535
2,705,386,383.57375565610863
2,706,386,384.0479638009052
2,707,385,384.55113122171963
2,708,385,385.0561085972852
2,709,386,385.66787330316754
2,710,386,386.2208144796381
2,711,385,386.27239819004535
2,712,386,385.98009049773765
2,713,386,386.12036199095036
2,714,387,386.2696832579187
2,715,387,386.3601809954752
2,716,386,386.32398190045257
2,717,386,386.22895927601814
2,718,386,386.1429864253395
2,719,386,385.9276018099549
2,720,386,385.78280542986437
2,721,386,385.70859728506804
2,722,385,385.7140271493214
2,723,385,385.7466063348417
2,724,386,385.6153846153847
2,725,386,385.5294117647059
2,726,386,385.5592760180996
2,727,386,385.5755656108598
2,728,385,385.58733031674217
2,729,385,385.60361990950236
2,730,385,385.7067873303169
2,731,386,385.5791855203621
2,732,386,385.3158371040725
2,733,385,385.0117647058825
2,734,385,384.90588235294126
2,735,385,384.63710407239836
2,736,385,383.9800904977378
2,737,382,383.30950226244346
2,738,382,382.7230769230771
2,739,383,382.25701357466073
2,740,383,381.8153846153848
2,741,380,381.43438914027166
2,742,380,381.28235294117667
2,743,382,381.1864253393667
2,744,382,381.3122171945703
2,745,381,381.342081447964
2,746,381,381.358371040724
2,747,382,381.508597285068
2,748,382,381.74027149321284
2,749,381,381.65610859728514
2,750,382,381.45882352941186
2,751,382,381.41628959276034
2,752,381,381.3963800904978
2,753,381,381.34027149321287
2,754,381,381.1891402714933
2,755,381,381.09049773755663
2,756,381,380.99185520362
2,757,381,380.7728506787332
2,758,381,380.65158371040735
2,759,381,380.64615384615394
2,760,380,380.50678733031685
2,761,380,380.3340189222541
2,762,380,380.151848151848
2,763,380,379.9842379842379
2,764,380,379.855477855478
2,765,380,379.74358974358995
2,766,379,379.46969696969603
2,767,379,378.86363636363615
2,768,379,385.47963800904984
2,769,379,383.54751131221735
2,770,380,381.9348416289594
2,771,380,380.50950226244356
2,772,380,379.4778280542988
2,773,380,378.9755656108598
2,774,381,379.1384615384616
2,775,381,380.1022624434391
2,776,380,379.8552036199097
2,777,379,379.58552036199103
2,778,379,379.4932126696834
2,779,379,379.37828054298654
2,780,379,379.1791855203622
2,781,379,379.03438914027157
2,782,379,379.0823529411765
2,783,380,379.2615384615385
2,784,380,379.37194570135745
2,785,379,379.47511312217205
2,786,379,379.6941176470589
2,787,380,379.88144796380107
2,788,380,379.95746606334853
2,789,380,380.04253393665175
2,790,380,380.1891402714934
2,791,381,380.3882352941178
2,792,381,380.5692307692308
2,793,380,380.59366515837115
2,794,380,380.5936651583712
2,795,381,380.5692307692308
2,796,381,380.4588235294119
2,797,380,380.20090497737567
2,798,380,379.9339366515838
2,799,380,379.8669683257919
2,800,380,379.8090497737557
2,801,379,379.4986425339368
2,802,379,379.27420814479655
2,803,379,379.2651583710408
2,804,380,379.4009049773758
2,805,380,379.5429864253395
2,806,379,379.7529411764707
2,807,379,380.0217194570137
2,808,381,380.3402714932128
2,809,381,380.49049773755655
2,810,381,380.654298642534
2,811,381,380.804524886878
2,812,381,381.123076923077
2,813,381,381.3918552036199
2,814,381,381.3221719457015
2,815,381,381.225339366516
2,816,382,381.41266968325806
2,817,382,381.5954751131223
2,818,382,381.694117647059
2,819,381,381.8289592760182
2,820,381,381.98190045248884
2,821,383,382.1348416289594
2,822,383,382.19909502262453
2,823,382,382.28597285067883
2,824,382,382.577375565611
2,825,383,382.8552036199097
2,826,383,382.8986425339368
2,827,383,382.9484162895928
2,828,383,383.17104072398195
2,829,384,383.53936651583723
2,830,384,383.8325791855205
2,831,383,384.0325791855205
2,832,383,384.2533936651585
2,833,386,384.4769230769232
2,834,386,384.5529411764706
2,835,384,384.67239819004527
2,836,384,384.68778280542995
2,837,385,384.58733031674217
2,838,385,384.5592760180997
2,839,384,384.4470588235295
2,840,384,384.29411764705907
2,841,385,384.55927601809964
2,842,384,384.9013574660635
2,843,384,384.9819004524888
2,844,386,385.06244343891404
2,845,386,385.19276018099555
2,846,386,385.4226244343893
2,847,386,385.5248868778282
2,848,385,385.6723981900454
2,849,385,386.03800904977385
2,850,386,386.25610859728516
2,851,386,386.2289592760182
2,852,387,386.4651583710409
2,853,387,386.79638009049785
2,854,388,387.12488687782815
2,855,388,387.55294117647065
2,856,387,387.9058823529414
2,857,387,388.20904977375585
2,858,389,388.62624434389164
2,859,389,388.921266968326
2,860,389,389.2054298642535
2,861,390,389.39004524886883
2,862,390,389.5248868778282
2,863,390,389.6597285067874
2,864,390,389.7085972850679
2,865,389,389.5855203619911
2,866,389,389.5493212669685
2,867,389,389.45882352941186
2,868,389,389.24343891402725
2,869,390,389.171040723982
2,870,390,389.17104072398206
2,871,389,389.24343891402725
2,872,389,389.3882352941176
2,873,389,389.4669683257919
2,874,389,389.54117647058837
2,875,390,389.53122171945716
2,876,390,389.5574660633485
2,877,390,389.66968325791856
2,878,390,389.9176470588237
2,879,390,390.2153846153848
2,880,390,390.47692307692313
2,881,390,390.54298642533945
2,882,391,390.654298642534
2,883,391,390.91312217194593
2,884,392,391.22171945701365
2,885,392,391.55294117647065
2,886,391,391.8796380090498
2,887,391,392.03348416289606
2,888,393,392.246153846154
2,889,393,392.6135746606335
2,890,393,392.97013574660633
2,891,393,393.08597285067884
2,892,393,393.3402714932128
2,893,393,393.6352941176473
2,894,395,393.8054298642536
2,895,395,393.8144796380092
2,896,393,394.0325791855205
2,897,393,394.785520361991
2,898,395,395.1402714932127
2,899,395,395.1330316742084
2,900,395,394.5882352941178
2,901,395,393.9303167420817
2,902,396,393.0923076923078
2,903,396,392.6072398190046
2,904,389,392.18009049773764
2,905,389,391.91583710407235
2,906,389,392.0552036199096
2,907,392,392.4389140271494
2,908,392,393.0488687782807
2,909,397,393.86696832579196
2,910,397,395.01357466063354
2,911,397,396.40904977375584
2,912,397,396.9339366515837
2,913,397,397.2687782805431
2,914,397,397.323076923077
2,915,397,397.42171945701364
2,916,397,397.2895927601811
2,917,397,397.5556561085973
2,918,397,397.84886877828063
2,919,399,398.1511312217196
2,920,399,398.514932126697
2,921,399,398.79276018099574
2,922,399,399.04615384615397
2,923,399,399.13665158371055
2,924,399,399.0642533936653
2,925,399,398.68778280543006
2,926,399,398.2660633484163
2,927,398,398.1285067873305
2,928,398,398.0045248868779
2,929,397,397.76199095022633
2,930,397,397.6687782805431
2,931,397,397.64524886877854
2,932,399,397.8117647058824
2,933,399,398.22081447963814
2,934,398,398.7248868778282
2,935,398,399.1058823529414
2,936,400,399.5457013574663
2,937,400,399.87873303167436
2,938,401,400.13936651583725
2,939,401,400.2208144796382
2,940,400,400.4932126696834
2,941,400,400.929411764706
2,942,401,401.10497737556585
2,943,401,401.0018099547513
2,944,401,401.00814479638024
2,945,401,401.0443438914029
2,946,402,401.1104072398191
2,947,402,401.14479638009067
2,948,400,401.01809954751144
2,949,400,400.73031674208164
2,950,401,400.54932126696855
2,951,401,400.404524886878
2,952,400,400.2253393665159
2,953,400,400.1411764705885
2,954,400,400.3520361990951
2,955,400,400.6579185520363
2,956,401,400.6497737556562
2,957,401,400.7185520361992
2,958,401,401.04615384615397
2,959,402,401.4144796380091
2,960,402,401.67601809954755
2,961,401,401.88325791855215
2,962,401,402.0180995475115
2,963,403,402.06244343891416
2,964,403,402.13665158371055
2,965,402,402.1610859728508
2,966,402,402.1972850678735
2,967,402,402.24524886877856
2,968,402,402.1728506787333
2,969,402,401.9800904977377
2,970,402,401.7990950226246
2,971,402,401.7683257918554
2,972,402,401.76470588235316
2,973,401,401.5972850678735
2,974,401,401.47511312217205
2,975,402,401.398190045249
2,976,402,401.36651583710415
2,977,401,401.45067873303174
2,978,401,401.521266968326
2,979,401,401.5873303167423
2,980,402,401.6579185520364
2,981,402,401.60361990950236
2,982,402,401.49502262443457
2,983,402,401.4705882352943
2,984,401,401.468778280543
2,985,401,401.4307692307694
2,986,401,401.29773755656123
2,987,401,401.0787330316744
2,988,401,400.921266968326
2,989,401,400.7728506787332
2,990,401,400.65158371040724
2,991,401,400.64615384615394
2,992,400,400.5067873303169
2,993,400,400.32217194570137
2,994,400,400.03981900452516
2,995,400,399.8072398190046
2,996,400,399.633484162896
2,997,400,399.52760180995494
2,998,399,399.4986425339368
2,999,399,399.5556561085974
2,1000,399,399.5692307692309
2,1001,400,399.6099547511313
2,1002,400,399.67782805429874
2,1003,400,399.7728506787333
2,1004,400,399.89502262443455
2,1005,400,400.0443438914028
2,1006,400,400.15294117647073
2,1007,400,400.15294117647073
2,1008,400,399.97375565610866
2,1009,400,399.88325791855215
2,1010,400,399.881447963801
2,1011,400,399.8389140271496
2,1012,400,399.8352941176473
2,1013,399,399.67963800905
2,1014,399,399.51945701357477
2,1015,400,399.43438914027166
2,1016,400,399.30407239819027
2,1017,399,399.17206323088664
2,1018,399,399.040959040959
2,1019,398,398.8811188811187
2,1020,399,398.5815850815852
2,1021,399,398.348717948718
2,1022,398,398.3383838383829
2,1023,398,397.8484848484849
2,1024,399,396.6787330316743
2,1025,399,397.35113122171964
2,1026,399,398.03257918552043
2,1027,399,398.6190045248869
2,1028,398,399.00633484162904
2,1029,398,399.08778280543
2,1030,399,398.9565610859731
2,1031,399,398.638009049774
2,1032,399,398.64977375565627
2,1033,399,398.64796380090513
2,1034,398,398.6416289592762
2,1035,398,398.71040723981923
2,1036,399,398.59547511312235
2,1037,399,398.37647058823546
2,1038,398,398.2009049773757
2,1039,398,398.01628959276024
2,1040,398,397.84072398190057
2,1041,398,397.69230769230774
2,1042,397,397.45067873303174
2,1043,397,397.1954751131223
2,1044,397,397.0742081447965
2,1045,397,397.03438914027157
2,1046,397,397.09683257918573
2,1047,397,397.08235294117657
2,1048,397,397.01809954751144
2,1049,397,396.9312217194571
2,1050,397,396.7104072398192
2,1051,397,396.44434389140275
2,1052,397,396.15113122171954
2,1053,395,395.84886877828063
2,1054,395,395.55565610859736
2,1055,395,395.2895927601811
2,1056,395,394.99819004524903
2,1057,395,394.9701357466065
2,1058,395,394.9556561085973
2,1059,395,394.84072398190057
2,1060,395,394.9113122171947
2,1061,395,395.04072398190056
2,1062,395,395.102262443439
2,1063,396,395.17556561085985
2,1064,394,395.14027149321277
2,1065,394,395.08506787330333
2,1066,396,394.8986425339368
2,1067,396,394.6081447963802
2,1068,394,394.24072398190054
2,1069,394,393.8941176470589
2,1070,393,393.4660633484164
2,1071,393,393.27239819004524
2,1072,392,392.75203619909513
2,1073,392,392.0208144796381
2,1074,392,391.53031674208154
2,1075,392,391.1936651583711
2,1076,391,390.78823529411784
2,1077,391,390.4208144796381
2,1078,389,390.1185520361993
2,1079,389,389.89954751131233
2,1080,390,389.7022624434391
2,1081,390,389.72669683257936
2,1082,390,390.0343891402715
2,1083,390,390.48687782805445
2,1084,391,390.87511312217214
2,1085,391,391.39004524886894
2,1086,392,391.87782805429873
2,1087,393,392.1846153846155
2,1088,393,392.5013574660634
2,1089,392,392.6190045248869
2,1090,392,392.60814479638026
2,1091,393,392.3393665158371
2,1092,393,391.9601809954751
2,1093,391,391.41809954751136
2,1094,391,390.8696832579186
2,1095,390,390.4099547511313
2,1096,390,390.0751131221721
2,1097,389,389.633484162896
2,1098,389,389.1212669683259
2,1099,389,388.8425339366517
2,1100,389,388.9040723981901
2,1101,389,388.80633484162917
2,1102,389,388.37375565610876
2,1103,388,388.15113122171954
2,1104,388,388.19095022624435
2,1105,389,388.3366515837105
2,1106,389,388.6316742081449
2,1107,387,389.54298642533945
2,1108,387,390.1375565610861
2,1109,392,390.3809954751132
2,1110,392,390.4389140271495
2,1111,392,390.2000000000002
2,1112,392,389.75294117647076
2,1113,392,389.25429864253397
2,1114,385,388.6606334841631
2,1115,385,387.86334841628974
2,1116,386,386.7538461538462
2,1117,386,386.05158371040733
2,1118,386,385.6877828054299
2,1119,386,385.3466063348417
2,1120,386,384.98642533936663
2,1121,386,384.96561085972866
2,1122,384,384.3257918552037
2,1123,384,383.7085972850681
2,1124,384,383.1909502262445
2,1125,381,382.84977375565626
2,1126,381,382.7647058823531
2,1127,383,382.81538461538463
2,1128,383,382.9493212669684
2,1129,384,383.3140271493214
2,1130,384,383.71221719457014
2,1131,385,384.14660633484186
2,1132,385,384.54660633484167
2,1133,384,384.6262443438915
2,1134,384,384.6316742081449
2,1135,385,384.6742081447965
2,1136,385,384.67420814479635
2,1137,384,384.6316742081449
2,1138,384,384.4144796380092
2,1139,385,384.2995475113122
2,1140,385,384.3665158371041
2,1141,384,384.22714932126706
2,1142,384,383.758371040724
2,1143,383,383.5049773755657
2,1144,383,383.60814479638026
2,1145,384,383.5411764705884
2,1146,384,383.11040723981915
2,1147,382,383.20180995475124
2,1148,382,383.3475113122173
2,1149,385,383.35656108597294
2,1150,385,383.4380090497737
2,1151,382,383.6651583710407
2,1152,382,383.71131221719475
2,1153,386,383.59185520362007
2,1154,383,383.52217194570136
2,1155,383,383.37556561085984
2,1156,384,383.025339366516
2,1157,384,382.89592760181
2,1158,381,382.81176470588247
2,1159,381,382.3936651583711
2,1160,383,381.8624434389141
2,1161,383,381.7809954751133
2,1162,381,381.4968325791856
2,1163,381,381.23981900452503
2,1164,381,381.16651583710416
2,1165,381,381.23348416289605
2,1166,381,380.98190045248873
2,1167,381,380.7529411764707
2,1168,381,380.88506787330334
2,1169,381,381.1167420814481
2,1170,381,381.1185520361993
2,1171,381,381.1610859728508
2,1172,381,381.3764705882354
2,1173,382,381.49683257918565
2,1174,382,381.5312217194571
2,1175,381,381.4886877828056
2,1176,381,381.3076923076923
2,1177,382,381.1266968325792
2,1178,382,380.875113122172
2,1179,380,380.68235294117653
2,1180,380,380.6805429864255
2,1181,380,380.74027149321273
2,1182,380,380.8090497737558
2,1183,381,380.7665158371041
2,1184,381,380.69230769230774
2,1185,382,380.73393665158375
2,1186,382,380.90950226244354
2,1187,380,380.8307692307694
2,1188,380,380.577375565611
2,1189,380,380.28778280543
2,1190,380,379.9619909502264
2,1191,380,379.7384615384618
2,1192,380,379.5556561085974
2,1193,379,379.5610859728508
2,1194,379,379.702262443439
2,1195,380,379.6497737556562
2,1196,380,379.6742081447965
2,1197,380,379.83710407239835
2,1198,380,380.0
2,1199,380,380.23348416289593
2,1200,380,380.40814479638016
2,1201,380,380.3239819004527
2,1202,381,380.1809954751132
2,1203,381,380.1791855203622
2,1204,380,380.1185520361993
2,1205,380,379.93755656108607
2,1206,379,379.7746606334843
2,1207,379,379.7004524886879
2,1208,380,379.514932126697
2,1209,380,379.356561085973
2,1210,379,379.3638009049775
2,1211,379,379.47511312217205
2,1212,380,379.56108597285083
2,1213,380,379.69230769230785
2,1214,379,379.6597285067874
2,1215,380,379.65429864253406
2,1216,380,379.93755656108607
2,1217,380,380.17104072398206
2,1218,380,380.225339366516
2,1219,380,380.171040723982
2,1220,380,380.1466063348417
2,1221,381,380.0904977375567
2,1222,381,379.94389140271505
2,1223,379,379.7864253393666
2,1224,379,379.49502262443457
2,1225,379,379.217194570136
2,1226,379,379.0325791855205
2,1227,379,378.82081447963805
2,1228,379,378.6000000000001
2,1229,378,378.5266968325793
2,1230,378,377.99276018099556
2,1231,379,377.7837104072399
2,1232,379,378.0479638009051
2,1233,378,378.5927601809956
2,1234,378,379.36380090497744
2,1235,378,380.3067873303168
2,1236,378,381.3674208144797
2,1237,386,382.3529411764707
2,1238,386,383.34117647058827
2,1239,385,384.2072398190046
2,1240,385,384.96470588235303
2,1241,385,385.350226244344
2,1242,385,385.50045248868787
2,1243,385,385.34298642533935
2,1244,385,384.8054298642536
2,1245,384,384.85248868778297
2,1246,385,385.0488687782807
2,1247,385,385.24705882352947
2,1248,386,385.4995475113123
2,1249,386,385.7882352941177
2,1250,386,386.0950226244345
2,1251,386,386.40180995475123
2,1252,387,386.69049773755665
2,1253,387,386.8045248868779
2,1254,387,386.92579185520367
2,1255,387,386.96561085972854
2,1256,387,387.04434389140283
2,1257,387,387.1529411764706
2,1258,387,387.2235294117649
2,1259,387,387.1266968325794
2,1260,387,386.93936651583715
2,1261,387,386.7384615384617
2,1262,387,386.53303167420825
2,1263,387,386.33212669683274
2,1264,386,386.2153846153847
2,1265,385,386.0624434389141
2,1266,385,385.750226244344
2,1267,386,385.55565610859736
2,1268,386,385.4787330316744
2,1269,386,385.5194570135748
2,1270,386,385.67782805429863
2,1271,385,385.9538461538463
2,1272,385,386.20904977375574
2,1273,387,386.37180466592207
2,1274,387,386.5874125874124
2,1275,387,386.90720390720395
2,1276,387,387.2027972027974
2,1277,387,387.2890442890442
2,1278,387,386.9797979797972
2,1279,387,387.12121212121207
2,1280,387,390.2443438914028
2,1281,388,389.3294117647061
2,1282,388,388.5321266968326
2,1283,387,387.7864253393667
2,1284,387,387.2262443438915
2,1285,389,386.91493212669695
2,1286,387,386.9158371040726
2,1287,387,387.22171945701365
2,1288,387,387.05610859728523
2,1289,387,387.0425339366518
2,1290,387,387.11040723981904
2,1291,387,387.0506787330318
2,1292,387,387.05429864253404
2,1293,387,387.45067873303174
2,1294,388,387.69230769230785
2,1295,388,387.9113122171948
2,1296,388,388.0986425339368
2,1297,388,388.17466063348434
2,1298,389,388.25972850678744
2,1299,389,388.33574660633485
2,1300,388,388.3846153846154
2,1301,388,388.4588235294118
2,1302,388,388.5493212669684
2,1303,388,388.5855203619911
2,1304,389,388.56742081447976
2,1305,389,388.4950226244345
2,1306,389,388.50678733031697
2,1307,389,389.03529411764725
2,1308,388,389.04524886877834
2,1309,388,388.67058823529413
2,1310,388,387.762895927602
2,1311,388,386.7737556561086
2,1312,388,385.5248868778281
2,1313,388,384.63800904977387
2,1314,381,384.0425339366517
2,1315,381,383.8678733031675
2,1316,381,383.9665158371042
2,1317,384,384.3909502262445
2,1318,384,385.123076923077
2,1319,389,386.14479638009055
2,1320,389,387.4380090497738
2,1321,390,388.98461538461555
2,1322,390,389.7972850678734
2,1323,390,390.2180995475115
2,1324,390,390.2950226244344
2,1325,390,390.4235294117648
2,1326,390,390.19909502262453
2,1327,390,390.1891402714933
2,1328,390,390.16108597285086
2,1329,390,390.30588235294135
2,1330,391,390.41447963800914
2,1331,391,390.41628959276017
2,1332,390,390.44072398190053
2,1333,390,390.4787330316743
2,1334,391,390.5212669683259
2,1335,391,390.48868778280547
2,1336,390,390.5013574660635
2,1337,390,390.6117647058823
2,1338,391,390.81085972850684
2,1339,391,390.95746606334853
2,1340,391,391.0425339366517
2,1341,391,391.1185520361993
2,1342,392,391.37647058823535
2,1343,392,391.6072398190045
2,1344,391,391.53122171945716
2,1345,391,391.46877828054306
2,1346,392,391.5312217194571
2,1347,392,391.6298642533938
2,1348,392,391.74660633484166
2,1349,391,391.8633484162896
2,1350,391,392.2416289592762
2,1351,393,392.5429864253394
2,1352,393,392.42624434389154
2,1353,393,392.350226244344
2,1354,393,392.5674208144798
2,1355,393,392.73031674208147
2,1356,393,392.7683257918553
2,1357,391,392.67239819004544
2,1358,391,392.5656108597286
2,1359,394,392.577375565611
2,1360,394,392.4343891402715
2,1361,392,392.40452488687794
2,1362,392,392.54932126696843
2,1363,393,392.73031674208147
2,1364,393,392.80633484162917
2,1365,392,392.8298642533938
2,1366,392,392.7764705882354
2,1367,394,393.0343891402716
2,1368,394,393.3918552036201
2,1369,393,393.5013574660635
2,1370,393,393.61538461538476
2,1371,395,393.9158371040725
2,1372,394,394.18461538461554
2,1373,394,394.2742081447965
2,1374,394,394.2371040723983
2,1375,394,394.3321266968327
2,1376,395,394.4180995475115
2,1377,395,394.2859728506789
2,1378,394,394.1266968325793
2,1379,394,394.2696832579187
2,1380,394,394.30588235294124
2,1381,394,394.23529411764713
2,1382,394,394.18733031674225
2,1383,394,394.2235294117649
2,1384,395,394.2027149321268
2,1385,395,394.32217194570137
2,1386,394,394.5755656108598
2,1387,394,394.7565610859729
2,1388,395,394.79457013574677
2,1389,395,394.81900452488696
2,1390,394,394.89140271493227
2,1391,396,394.873303167421
2,1392,396,394.76199095022633
2,1393,394,394.75475113122184
2,1394,394,394.77466063348425
2,1395,395,394.7447963800907
2,1396,395,394.7945701357467
2,1397,394,394.8533936651584
2,1398,394,394.7828054298643
2,1399,396,394.9212669683258
2,1400,396,395.0660633484165
2,1401,395,395.07873303167435
2,1402,395,395.0117647058825
2,1403,395,395.1855203619911
2,1404,395,395.3819004524888
2,1405,395,395.4533936651585
2,1406,395,395.45248868778293
2,1407,396,395.63800904977387
2,1408,396,395.86877828054304
2,1409,397,396.006334841629
2,1410,396,396.1122171945703
2,1411,396,396.1773755656111
2,1412,396,396.1927601809956
2,1413,396,396.07873303167435
2,1414,396,395.95565610859745
2,1415,396,395.9438914027151
2,1416,396,395.96380090497746
2,1417,396,396.1447963800906
2,1418,396,396.2778280542987
2,1419,396,396.49502262443445
2,1420,397,396.6579185520363
2,1421,397,396.62533936651596
2,1422,397,396.65610859728497
2,1423,397,396.873303167421
2,1424,397,397.0000000000001
2,1425,397,396.9656108597285
2,1426,396,396.89954751131233
2,1427,396,396.79276018099563
2,1428,398,396.7746606334842
2,1429,398,396.7746606334842
2,1430,396,396.7927601809956
2,1431,396,396.82895927601817
2,1432,397,396.8832579185521
2,1433,397,396.95565610859734
2,1434,397,396.9076923076924
2,1435,397,396.8009049773757
2,1436,397,396.90316742081455
2,1437,397,397.0823529411766
2,1438,397,397.07058823529434
2,1439,397,397.0000000000001
2,1440,397,397.0000000000001
2,1441,397,397.0000000000001
2,1442,397,396.9294117647059
2,1443,397,396.91764705882366
2,1444,397,397.02624434389145
2,1445,397,397.1167420814482
2,1446,397,397.1891402714932
2,1447,397,397.2434389140272
2,1448,397,397.2796380090498
2,1449,398,397.227149321267
2,1450,398,397.2153846153849
2,1451,397,397.3058823529413
2,1452,397,397.3601809954752
2,1453,397,397.3782805429865
2,1454,397,397.3601809954753
2,1455,397,397.30588235294135
2,1456,398,397.2153846153849
2,1457,398,397.22714932126706
2,1458,397,397.2796380090499
2,1459,397,397.2434389140272
2,1460,397,397.1891402714934
2,1461,397,397.116742081448
2,1462,397,397.02624434389156
2,1463,397,396.9176470588237
2,1464,397,396.92941176470595
2,1465,397,397.0000000000001
2,1466,397,397.0000000000001
2,1467,397,397.0000000000001
2,1468,397,397.0000000000001
2,1469,397,397.0000000000001
2,1470,397,397.0000000000001
2,1471,397,397.0000000000001
2,1472,397,397.0000000000001
2,1473,397,397.0000000000001
2,1474,397,397.0000000000001
2,1475,397,397.0000000000001
2,1476,397,397.0705882352943
2,1477,397,397.08235294117657
2,1478,397,397.04434389140295
2,1479,397,396.96561085972866
2,1480,397,396.78461538461545
2,1481,397,396.639819004525
2,1482,397,396.6018099547512
2,1483,396,396.5411764705883
2,1484,396,396.39638009049787
2,1485,396,396.30588235294124
2,1486,396,396.2696832579187
2,1487,397,396.28778280543
2,1488,397,396.36018099547516
2,1489,396,396.4868778280545
2,1490,396,396.6678733031674
2,1491,397,396.764705882353
2,1492,397,396.9095022624436
2,1493,397,396.96380090497746
2,1494,397,396.92760180995487
2,1495,397,396.9393665158371
2,1496,397,396.9375565610862
2,1497,397,396.7927601809955
2,1498,397,396.5755656108599
2,1499,396,396.42443438914034
2,1500,396,396.27782805429877
2,1501,396,396.1447963800906
2,1502,396,396.0343891402716
2,1503,396,395.9556561085975
2,1504,396,395.91764705882366
2,1505,396,395.92941176470606
2,1506,396,396.0000000000001
2,1507,396,396.0000000000001
2,1508,396,396.0000000000001
2,1509,396,396.0000000000001
2,1510,396,396.0000000000001
2,1511,396,396.0000000000001
2,1512,396,395.6470588235296
2,1513,396,395.58823529411774
2,1514,396,395.77828054298647
2,1515,396,396.10135746606346
2,1516,396,396.6416289592761
2,1517,396,397.6977375565611
2,1518,396,398.56832579185544
2,1519,401,399.2443438914028
2,1520,401,399.71674208144833
2,1521,401,399.9764705882355
2,1522,402,400.0144796380092
2,1523,402,399.8217194570138
2,1524,397,399.4597285067876
2,1525,397,398.79004524886886
2,1526,397,397.81266968325804
2,1527,397,397.21990950226245
2,1528,397,396.7040723981902
2,1529,397,396.4058882294175
2,1530,397,396.45554445554427
2,1531,396,396.35508935508915
2,1532,396,396.1200466200466
2,1533,396,395.91724941724954
2,1534,396,395.8636363636354
2,1535,396,396.09090909090884
2,1536,396,395.37466063348427
2,1537,397,395.7882352941178
2,1538,397,396.19728506787345
2,1539,396,396.454298642534
2,1540,396,396.68235294117665
2,1541,397,396.7339366515838
2,1542,397,396.6000000000001
2,1543,396,396.2714932126698
2,1544,396,396.0162895927603
2,1545,396,395.9113122171945
2,1546,396,395.7746606334843
2,1547,395,395.4244343891404
2,1548,395,395.0787330316743
2,1549,395,395.02624434389145
2,1550,395,394.95565610859745
2,1551,395,394.6235294117648
2,1552,394,394.38642533936655
2,1553,394,394.3239819004526
2,1554,395,394.3158371040724
2,1555,395,394.1004524886878
2,1556,393,394.0162895927603
2,1557,393,394.05429864253404
2,1558,395,394.2054298642535
2,1559,395,394.460633484163
2,1560,394,394.6723981900453
2,1561,394,394.89321266968335
2,1562,396,395.24343891402725
2,1563,396,395.71402714932145
2,1564,396,395.8895927601811
2,1565,396,395.8932126696833
2,1566,396,396.0542986425341
2,1567,396,396.10226244343903
2,1568,396,395.8371040723983
2,1569,396,395.4588235294119
2,1570,395,395.30588235294124
2,1571,395,395.116742081448
2,1572,395,394.83891402714937
2,1573,394,394.6199095022625
2,1574,394,394.6099547511314
2,1575,395,394.5592760180997
2,1576,395,394.35384615384623
2,1577,394,394.27963800904985
2,1578,394,394.2778280542988
2,1579,395,394.28959276018116
2,1580,395,394.3239819004526
2,1581,393,394.25158371040726
2,1582,393,394.14298642533953
2,1583,395,394.1622495151906
2,1584,395,394.1898101898101
2,1585,394,394.193695193695
2,1586,394,394.32284382284405
2,1587,394,394.29580419580435
2,1588,394,393.8434343434335
2,1589,394,394.2121212121211
3,0,395,397.50226244343907
3,1,395,396.85429864253405
3,2,395,396.44253393665167
3,3,397,396.1737556561087
3,4,397,395.8904977375567
3,5,396,395.76742081447986
3,6,396,395.97285067873315
3,7,397,396.2633484162898
3,8,397,396.2416289592762
3,9,395,396.3746606334842
3,10,395,396.37647058823546
3,11,397,396.37375565610876
3,12,397,396.4932126696833
3,13,396,396.7285067873304
3,14,398,396.87330316742094
3,15,398,396.9954751131224
3,16,396,397.162895927602
3,17,396,397.16923076923086
3,18,398,397.0081447963801
3,19,398,396.9475113122173
3,20,396,396.8552036199097
3,21,396,396.53122171945716
3,22,397,396.4524886877829
3,23,397,396.48687782805445
3,24,396,396.36651583710415
3,25,396,396.22352941176484
3,26,396,396.3257918552037
3,27,396,396.5411764705883
3,28,397,396.53122171945716
3,29,397,396.55746606334856
3,30,397,396.810859728507
3,31,397,397.08235294117657
3,32,397,397.23348416289605
3,33,397,397.32579185520376
3,34,397,397.350226244344
3,35,398,397.29773755656123
3,36,398,397.22714932126706
3,37,397,397.1972850678734
3,38,397,397.26968325791864
3,39,397,397.30588235294135
3,40,397,397.3058823529413
3,41,397,397.2696832579186
3,42,397,397.1972850678734
3,43,398,396.8742081447964
3,44,398,396.88597285067885
3,45,397,397.05791855203637
3,46,397,397.41538461538465
3,47,397,397.9131221719458
3,48,397,398.8588235294119
3,49,397,399.5601809954753
3,50,402,399.9466063348419
3,51,402,400.2859728506789
3,52,402,400.6488687782807
3,53,402,400.5674208144797
3,54,402,400.2506787330319
3,55,397,399.6986425339368
3,56,397,398.91131221719473
3,57,398,397.8886877828055
3,58,398,397.3230769230771
3,59,396,396.90678733031683
3,60,397,396.6850678733032
3,61,397,396.70316742081457
3,62,397,397.00633484162904
3,63,397,396.9475113122173
3,64,397,396.8796380090498
3,65,397,397.01176470588246
3,66,397,397.1529411764708
3,67,397,396.9737556561088
3,68,397,396.88325791855215
3,69,397,396.8814479638009
3,70,397,396.83891402714937
3,71,397,396.8352941176472
3,72,396,396.750226244344
3,73,396,396.60180995475116
3,74,397,396.40814479638027
3,75,397,396.1167420814481
3,76,396,395.875113122172
3,77,396,395.76289592760196
3,78,395,395.6597285067874
3,79,395,395.58371040723983
3,80,395,395.343891402715
3,81,395,395.1493212669685
3,82,396,395.2090497737558
3,83,396,395.3321266968327
3,84,395,395.39819004524895
3,85,395,395.48687782805445
3,86,395,395.46877828054306
3,87,396,395.4144796380092
3,88,396,395.3239819004527
3,89,395,395.1972850678734
3,90,395,395.2434389140272
3,91,395,395.2714932126697
3,92,395,395.16108597285074
3,93,395,394.9918552036201
3,94,395,394.7728506787331
3,95,395,394.6515837104073
3,96,395,394.646153846154
3,97,394,394.5067873303168
3,98,394,394.2515837104074
3,99,394,394.0280542986426
3,100,394,393.8452488687784
3,101,394,393.7122171945703
3,102,394,393.63800904977387
3,103,393,393.702262443439
3,104,393,393.7846153846155
3,105,394,393.9058823529413
3,106,394,393.88687782805437
3,107,394,393.7547511312218
3,108,394,393.5366515837105
3,109,394,393.1891402714932
3,110,393,392.8687782805431
3,111,393,392.52579185520386
3,112,391,392.1104072398191
3,113,391,391.77918552036203
3,114,391,391.48868778280564
3,115,391,391.33665158371053
3,116,392,391.2208144796382
3,117,392,391.1773755656109
3,118,391,391.1040723981902
3,119,391,391.0986425339368
3,120,391,390.9113122171947
3,121,391,390.69230769230785
3,122,390,390.5212669683259
3,123,390,390.27782805429877
3,124,390,390.11855203619916
3,125,390,390.00000000000017
3,126,390,389.81085972850695
3,127,390,389.6398190045249
3,128,390,389.5755656108597
3,129,389,389.50678733031685
3,130,389,389.32217194570154
3,131,389,389.1104072398192
3,132,389,388.8190045248869
3,133,389,388.5954751131222
3,134,389,388.44886877828066
3,135,388,388.38823529411775
3,136,388,388.4226244343893
3,137,388,388.42262443438926
3,138,388,388.4588235294118
3,139,389,388.53122171945705
3,140,389,388.7104072398191
3,141,389,388.86696832579196
3,142,389,389.08054298642554
3,143,389,389.09230769230777
3,144,389,388.9819004524889
3,145,389,388.8995475113124
3,146,389,388.59547511312223
3,147,388,388.16470588235313
3,148,388,387.70226244343894
3,149,387,387.3058823529413
3,150,387,386.87330316742094
3,151,387,386.2995475113124
3,152,385,385.87963800904987
3,153,385,385.77285067873316
3,154,386,385.73846153846176
3,155,386,385.6036199095023
3,156,385,385.59547511312223
3,157,385,385.5936651583711
3,158,387,385.67782805429874
3,159,387,385.85701357466075
3,160,385,385.8633484162897
3,161,385,385.8289592760182
3,162,386,385.88325791855215
3,163,386,385.95565610859745
3,164,386,385.9782805429865
3,165,386,385.8832579185521
3,166,386,385.8769230769232
3,167,386,385.96561085972843
3,168,386,386.02262443438923
3,169,386,385.921266968326
3,170,386,385.7384615384616
3,171,385,385.55113122171963
3,172,385,385.36832579185517
3,173,386,385.19909502262453
3,174,386,385.0524886877829
3,175,384,384.9375565610861
3,176,384,384.8633484162897
3,177,385,384.8389140271494
3,178,385,384.80271493212683
3,179,385,384.75475113122184
3,180,385,384.7565610859729
3,181,385,384.9375565610862
3,182,385,385.2271493212671
3,183,385,385.34841628959293
3,184,385,385.4950226244345
3,185,386,385.6579185520364
3,186,386,385.7665158371042
3,187,386,385.8208144796381
3,188,386,385.8208144796381
3,189,386,385.7665158371042
3,190,386,385.6579185520363
3,191,385,385.42443438914046
3,192,385,385.1954751131222
3,193,385,385.17104072398195
3,194,385,385.1511312217196
3,195,385,385.0742081447965
3,196,385,385.0787330316743
3,197,385,385.1647058823531
3,198,386,385.3321266968327
3,199,386,385.3719457013577
3,200,385,385.4751131221721
3,201,385,385.6941176470588
3,202,386,385.6696832579186
3,203,386,385.78099547511323
3,204,386,386.06244343891404
3,205,386,386.34841628959293
3,206,387,386.75022624434405
3,207,387,387.1791855203621
3,208,386,387.4787330316743
3,209,389,387.69230769230785
3,210,389,387.9312217194572
3,211,388,388.1067873303168
3,212,388,388.2009049773756
3,213,388,388.1954751131223
3,214,388,388.14027149321277
3,215,388,388.0850678733034
3,216,388,387.87330316742094
3,217,388,387.9638009049774
3,218,388,388.2153846153847
3,219,388,388.3601809954752
3,220,388,388.39819004524895
3,221,389,388.4588235294118
3,222,389,388.5330316742083
3,223,389,388.5411764705883
3,224,389,388.60361990950236
3,225,388,388.7728506787331
3,226,388,388.9013574660635
3,227,389,388.76832579185526
3,228,389,388.7529411764707
3,229,389,388.9574660633485
3,230,390,389.2841628959277
3,231,390,389.7058823529414
3,232,389,390.19547511312226
3,233,389,390.516742081448
3,234,392,390.8334841628961
3,235,392,391.23891402714946
3,236,392,391.62624434389147
3,237,392,392.24162895927617
3,238,392,392.66968325791856
3,239,392,392.77828054298664
3,240,393,392.5674208144798
3,241,393,392.0986425339367
3,242,393,391.70769230769235
3,243,393,391.3303167420815
3,244,389,390.9755656108598
3,245,389,390.652488687783
3,246,390,390.3701357466065
3,247,390,390.2787330316744
3,248,390,390.26696832579205
3,249,391,390.4986777927952
3,250,391,390.9070929070928
3,251,391,391.06582306582294
3,252,391,390.9055944055946
3,253,391,390.56456876456883
3,254,389,389.7676767676758
3,255,389,388.7878787878788
3,256,389,394.1556561085974
3,257,388,392.9782805429866
3,258,388,391.9547511312219
3,259,393,391.2959276018101
3,260,393,390.87149321266986
3,261,393,390.8832579185522
3,262,393,391.5266968325794
3,263,392,392.7266968325793
3,264,392,392.7411764705884
3,265,392,392.68959276018103
3,266,392,392.7728506787331
3,267,394,392.9312217194571
3,268,394,393.3203619909503
3,269,393,394.0361990950228
3,270,393,394.7746606334842
3,271,397,395.2289592760182
3,272,397,395.69230769230774
3,273,394,396.2515837104074
3,274,398,396.59366515837104
3,275,398,396.8180995475114
3,276,396,397.0244343891404
3,277,396,397.1791855203622
3,278,398,397.0488687782806
3,279,398,397.16018099547523
3,280,396,397.23981900452503
3,281,396,396.810859728507
3,282,398,396.7502262443441
3,283,398,396.8552036199097
3,284,396,396.5873303167423
3,285,396,396.3466063348417
3,286,396,396.32126696832586
3,287,396,396.4995475113123
3,288,397,396.52488687782807
3,289,397,396.64072398190063
3,290,396,397.0877828054299
3,291,398,397.7067873303168
3,292,398,398.2027149321269
3,293,399,398.6805429864254
3,294,399,399.1040723981903
3,295,400,399.4371040723983
3,296,400,399.7819004524888
3,297,400,400.0407239819007
3,298,400,400.11855203619933
3,299,400,400.1972850678734
3,300,400,400.05610859728523
3,301,400,399.95384615384626
3,302,400,399.810859728507
3,303,400,399.75656108597303
3,304,400,399.72036199095044
3,305,399,399.70226244343905
3,306,399,399.70226244343905
3,307,400,399.7203619909503
3,308,400,399.756561085973
3,309,400,399.810859728507
3,310,400,399.88325791855215
3,311,400,399.97375565610866
3,312,400,400.0823529411766
3,313,400,400.07058823529417
3,314,400,400.0000000000001
3,315,400,400.0000000000001
3,316,400,400.0000000000001
3,317,400,400.0705882352943
3,318,400,400.0823529411767
3,319,400,399.97375565610866
3,320,400,399.88325791855215
3,321,400,399.881447963801
3,322,400,399.8389140271496
3,323,400,399.7647058823531
3,324,399,399.66787330316754
3,325,399,399.6280542986426
3,326,400,399.5248868778282
3,327,400,399.37647058823546
3,328,399,399.13031674208173
3,329,399,398.9339366515839
3,330,399,398.93755656108607
3,331,399,398.8914027149323
3,332,398,398.6135746606337
3,333,398,398.32217194570154
3,334,398,398.2352941176472
3,335,399,398.17104072398206
3,336,399,397.94751131221733
3,337,397,397.78280542986437
3,338,397,397.8271493212671
3,339,398,397.8307692307693
3,340,398,397.61176470588254
3,341,397,397.3882352941178
3,342,397,397.3104072398191
3,343,398,397.26696832579194
3,344,398,397.22352941176496
3,345,396,396.93936651583715
3,346,396,396.6443438914028
3,347,397,396.29502262443447
3,348,397,395.9864253393666
3,349,395,395.6778280542987
3,350,395,395.32850678733047
3,351,395,395.03348416289606
3,352,395,394.88778280543
3,353,394,394.8533936651584
3,354,395,394.6923076923078
3,355,395,394.57918552036205
3,356,394,394.48868778280547
3,357,394,394.3303167420816
3,358,395,394.0135746606336
3,359,395,393.44253393665167
3,360,392,392.92126696832594
3,361,392,392.4796380090499
3,362,392,392.0859728506788
3,363,392,391.64434389140274
3,364,390,391.1909502262444
3,365,390,390.8941176470589
3,366,392,390.79004524886886
3,367,392,390.85339366515853
3,368,390,390.71402714932134
3,369,390,390.60180995475116
3,370,391,390.53484162895944
3,371,391,390.53122171945705
3,372,390,390.40271493212674
3,373,390,390.1610859728507
3,374,390,390.233484162896
3,375,390,390.2470588235295
3,376,390,389.89954751131245
3,377,390,389.48868778280564
3,378,390,389.17104072398195
3,379,389,388.90316742081467
3,380,389,388.64434389140285
3,381,387,388.3538461538462
3,382,387,388.0588235294119
3,383,388,387.7864253393666
3,384,388,387.5638009049775
3,385,388,387.4180995475114
3,386,388,387.44705882352946
3,387,387,387.40995475113147
3,388,387,387.3339366515838
3,389,387,387.0986425339367
3,390,387,387.05701357466074
3,391,387,386.88868778280556
3,392,387,386.6886877828056
3,393,386,386.62533936651585
3,394,386,386.46696832579204
3,395,387,385.9791855203622
3,396,387,385.5276018099549
3,397,384,385.2009049773757
3,398,385,384.88778280542994
3,399,385,384.6153846153848
3,400,383,384.41085972850686
3,401,383,384.09230769230777
3,402,385,383.87782805429873
3,403,385,383.91493212669684
3,404,384,384.15113122171954
3,405,384,384.2597285067874
3,406,384,384.45248868778293
3,407,384,384.6678733031674
3,408,385,384.63800904977387
3,409,385,384.5656108597287
3,410,385,384.5891402714933
3,411,385,384.5855203619911
3,412,384,384.4343891402716
3,413,384,384.2153846153848
3,414,384,383.93755656108607
3,415,384,383.6099547511313
3,416,383,383.45067873303174
3,417,383,383.2778280542988
3,418,383,383.1891402714933
3,419,383,383.08235294117657
3,420,383,382.7140271493212
3,421,383,382.4407239819006
3,422,383,382.41266968325795
3,423,382,382.38009049773774
3,424,382,382.16108597285074
3,425,381,381.9737556561088
3,426,381,381.8271493212672
3,427,383,381.7303167420815
3,428,383,381.7628959276019
3,429,381,381.80452488687797
3,430,381,381.8733031674209
3,431,382,381.8488687782807
3,432,382,381.74027149321284
3,433,382,381.54751131221735
3,434,382,381.4027149321268
3,435,381,381.44434389140287
3,436,381,381.54932126696855
3,437,381,381.458823529412
3,438,381,381.3140271493213
3,439,382,381.18280542986435
3,440,382,381.13303167420827
3,441,381,381.2352941176472
3,442,381,381.36018099547516
3,443,381,381.3782805429865
3,444,381,381.36018099547516
3,445,381,381.3058823529413
3,446,382,381.2153846153847
3,447,382,381.15656108597295
3,448,381,381.19728506787345
3,449,381,381.26968325791876
3,450,381,381.3058823529413
3,451,381,381.02352941176474
3,452,381,380.94027149321283
3,453,381,380.94932126696847
3,454,382,381.28235294117655
3,455,382,381.83257918552044
3,456,381,382.6371040723983
3,457,381,383.5447963800906
3,458,385,384.1493212669685
3,459,385,384.2479638009051
3,460,386,384.2380090497739
3,461,386,384.2425339366518
3,462,386,384.123076923077
3,463,383,383.67692307692306
3,464,380,383.03348416289595
3,465,380,382.1746606334844
3,466,383,381.76561085972855
3,467,383,381.5330316742082
3,468,381,381.62443438914033
3,469,381,381.8461538461539
3,470,383,382.4751131221722
3,471,383,383.09592760181
3,472,384,383.4778280542987
3,473,384,383.70769230769247
3,474,384,384.41719457013585
3,475,384,385.0995475113122
3,476,386,385.24796380090504
3,477,386,385.35565610859743
3,478,386,385.77737556561084
3,479,386,386.0678733031676
3,480,387,386.3384615384616
3,481,385,386.50045248868787
3,482,385,386.6769230769232
3,483,388,386.5909502262444
3,484,388,386.37828054298654
3,485,386,386.1746606334842
3,486,386,385.98009049773765
3,487,386,385.7945701357466
3,488,386,385.75656108597286
3,489,384,385.5276018099549
3,490,384,385.16923076923104
3,491,386,385.2171945701358
3,492,386,385.32760180995484
3,493,386,385.4914027149322
3,494,386,385.89321266968346
3,495,386,386.3764705882354
3,496,386,386.923076923077
3,497,387,387.2380090497739
3,498,387,387.3556561085973
3,499,389,387.6461538461539
3,500,389,387.94117647058835
3,501,388,388.1429864253394
3,502,388,388.35384615384635
3,503,388,388.60814479638026
3,504,388,388.74027149321284
3,505,389,388.86196156784365
3,506,389,389.062937062937
3,507,389,389.43323343323334
3,508,390,389.66433566433574
3,509,390,389.72051282051285
3,510,389,389.45454545454464
3,511,389,388.87878787878776
3,512,390,394.8380090497739
3,513,390,393.3918552036201
3,514,391,392.06787330316746
3,515,391,391.01538461538473
3,516,392,390.38371040724
3,517,392,390.11583710407257
3,518,390,390.35475113122175
3,519,390,391.102262443439
3,520,391,391.1755656108599
3,521,391,391.25339366515846
3,522,392,391.3764705882354
3,523,392,391.5855203619911
3,524,392,391.99185520361993
3,525,392,392.50678733031697
3,526,393,392.69411764705893
3,527,393,392.91764705882366
3,528,393,393.3321266968327
3,529,394,393.6923076923079
3,530,394,393.9592760180997
3,531,394,394.29411764705895
3,532,394,394.6515837104074
3,533,396,394.98642533936663
3,534,396,395.3918552036199
3,535,395,395.7610859728509
3,536,395,396.1285067873304
3,537,397,396.466968325792
3,538,397,396.6171945701359
3,539,397,396.61990950226243
3,540,397,396.5773755656109
3,541,397,396.87149321266986
3,542,397,397.0841628959278
3,543,396,397.00633484162904
3,544,396,396.8289592760184
3,545,397,396.74027149321273
3,546,398,396.7285067873304
3,547,398,396.78461538461556
3,548,396,396.89954751131233
3,549,396,397.0642533936653
3,550,397,397.2696832579186
3,551,397,397.2977375565611
3,552,398,397.3303167420815
3,553,398,397.47873303167427
3,554,398,397.79276018099563
3,555,398,398.26334841628966
3,556,398,398.47511312217216
3,557,398,398.55113122171963
3,558,399,398.61176470588254
3,559,399,398.57737556561113
3,560,399,398.6479638009052
3,561,399,398.6235294117648
3,562,398,398.4425339366518
3,563,398,398.2434389140274
3,564,398,398.02624434389156
3,565,398,397.7909502262445
3,566,398,397.67601809954766
3,567,397,397.6199095022625
3,568,397,397.63167420814483
3,569,398,397.7203619909503
3,570,398,397.6859728506788
3,571,398,397.72850678733045
3,572,398,397.90950226244354
3,573,398,398.0904977375567
3,574,398,398.20090497737584
3,575,398,398.23167420814497
3,576,398,398.16470588235296
3,577,399,398.2497737556563
3,578,399,398.398190045249
3,579,398,398.59185520362
3,580,398,398.8126696832581
3,581,399,399.0425339366517
3,582,399,399.26334841628966
3,583,400,399.527601809955
3,584,400,399.68778280543
3,585,400,399.80271493212695
3,586,400,399.93122171945726
3,587,400,399.92579185520384
3,588,400,399.8389140271496
3,589,400,399.7203619909503
3,590,399,399.6199095022627
3,591,399,399.65791855203645
3,592,400,399.75475113122195
3,593,400,399.9013574660636
3,594,400,400.0886877828056
3,595,400,400.3076923076924
3,596,401,400.54932126696855
3,597,401,400.804524886878
3,598,401,400.9257918552036
3,599,401,400.96561085972866
3,600,401,401.04434389140295
3,601,401,401.0823529411766
3,602,401,401.1411764705884
3,603,401,401.08235294117674
3,604,401,400.9737556561086
3,605,401,400.88325791855226
3,606,401,400.88144796380107
3,607,401,400.8389140271495
3,608,401,400.8352941176472
3,609,400,400.75022624434405
3,610,400,400.531221719457
3,611,401,400.3257918552039
3,612,401,400.28416289592775
3,613,400,400.15656108597307
3,614,400,400.0407239819006
3,615,399,399.83438914027164
3,616,399,399.5737556561087
3,617,400,399.085972850679
3,618,400,398.598190045249
3,619,398,398.3375565610862
3,620,398,398.1312217194571
3,621,397,397.87692307692316
3,622,397,397.67239819004544
3,623,397,397.406334841629
3,624,398,397.16742081447984
3,625,398,397.0416289592761
3,626,397,397.11493212669694
3,627,397,397.1285067873304
3,628,397,397.2235294117648
3,629,397,397.19095022624447
3,630,397,397.22171945701365
3,631,397,397.36832579185534
3,632,398,397.62171945701374
3,633,398,397.77013574660646
3,634,398,397.93393665158385
3,635,398,398.2271493212671
3,636,399,398.4932126696835
3,637,399,398.6434389140274
3,638,398,398.78914027149335
3,639,398,399.04434389140295
3,640,400,399.26153846153863
3,641,400,399.2995475113123
3,642,399,399.42895927601825
3,643,399,399.3819004524889
3,644,400,399.3058823529413
3,645,400,399.14841628959294
3,646,398,398.78914027149347
3,647,398,398.2371040723984
3,648,399,397.9076923076924
3,649,397,397.67782805429863
3,650,397,397.56832579185533
3,651,397,397.4000000000001
3,652,397,397.26787330316745
3,653,397,397.26696832579194
3,654,398,397.1475113122173
3,655,398,397.05972850678745
3,656,398,397.1511312217196
3,657,396,397.3040723981901
3,658,396,397.2714932126699
3,659,397,397.0805429864254
3,660,397,396.8289592760182
3,661,397,396.414479638009
3,662,397,395.7294117647059
3,663,397,395.2660633484163
3,664,394,395.03348416289595
3,665,394,394.76380090497753
3,666,394,394.5185520361992
3,667,393,394.55656108597304
3,668,393,395.00995475113126
3,669,397,395.481447963801
3,670,397,395.84796380090506
3,671,397,396.3864253393666
3,672,397,396.8226244343892
3,673,398,397.08235294117657
3,674,398,397.2271493212671
3,675,395,396.98009049773765
3,676,395,396.40271493212686
3,677,397,396.1104072398191
3,678,397,395.71855203619907
3,679,395,395.2633484162897
3,680,395,394.7809954751133
3,681,394,394.446153846154
3,682,394,394.233484162896
3,683,394,393.7728506787331
3,684,393,393.29411764705895
3,685,393,393.1628959276019
3,686,393,393.1447963800906
3,687,393,392.937556561086
3,688,393,392.8389140271495
3,689,393,392.58733031674217
3,690,393,392.52126696832585
3,691,393,392.6316742081449
3,692,392,392.77104072398197
3,693,392,392.99185520362005
3,694,393,393.41719457013585
3,695,393,393.7701357466064
3,696,395,394.12126696832587
3,697,395,394.3411764705884
3,698,395,394.5095022624436
3,699,395,394.50588235294134
3,700,395,394.1393665158372
3,701,393,393.61900452488703
3,702,393,393.22443438914036
3,703,392,392.6352941176473
3,704,392,392.1556561085974
3,705,391,391.68959276018114
3,706,391,391.28235294117655
3,707,392,390.9791855203622
3,708,392,390.75475113122184
3,709,390,390.5067873303168
3,710,390,390.46515837104084
3,711,390,390.3800904977377
3,712,390,390.3402714932128
3,713,390,390.225339366516
3,714,390,390.11493212669694
3,715,391,390.1565610859729
3,716,391,390.43891402714945
3,717,390,390.37375565610864
3,718,390,390.2497737556562
3,719,390,390.2171945701358
3,720,390,390.0262443438915
3,721,390,389.633484162896
3,722,390,389.1954751131224
3,723,388,389.0099547511313
3,724,389,388.77466063348436
3,725,389,388.1140271493215
3,726,387,387.65248868778303
3,727,387,387.53122171945705
3,728,388,387.4914027149323
3,729,388,387.48054298642535
3,730,386,387.64615384615394
3,731,386,387.86153846153854
3,732,390,388.13846153846174
3,733,390,388.35384615384623
3,734,388,388.3782805429866
3,735,388,388.4850678733033
3,736,389,388.54479638009065
3,737,389,388.5049773755656
3,738,387,388.1067873303169
3,739,387,387.4914027149323
3,740,388,387.21266968325796
3,741,388,387.0244343891404
3,742,386,386.6859728506788
3,743,386,386.42714932126705
3,744,386,386.27511312217206
3,745,386,386.19547511312226
3,746,386,385.94751131221733
3,747,386,385.69049773755665
3,748,386,385.5104072398191
3,749,386,385.4932126696833
3,750,385,385.3800904977376
3,751,385,385.3122171945702
3,752,385,385.3601809954752
3,753,385,385.3945701357467
3,754,385,385.4244343891404
3,755,386,385.45882352941186
3,756,386,385.5067873303168
3,757,386,385.5773755656109
3,758,386,385.4705882352943
3,759,385,385.3864253393666
3,760,385,385.3864253393666
3,761,385,385.2468707762823
3,762,385,385.15384615384596
3,763,385,385.2224442224443
3,764,385,385.4242424242426
3,765,386,385.66363636363633
3,766,386,385.61111111111035
3,767,385,385.1818181818181
3,768,385,391.4389140271495
3,769,385,389.2280542986427
3,770,385,387.3049773755658
3,771,385,385.80542986425354
3,772,385,384.8036199095023
3,773,386,384.30588235294135
3,774,386,384.51855203619914
3,775,386,385.5773755656109
3,776,386,385.54117647058837
3,777,385,385.4687782805432
3,778,385,385.3601809954752
3,779,385,385.2153846153847
3,780,385,385.03438914027157
3,781,385,384.95565610859734
3,782,385,384.91764705882366
3,783,385,385.00000000000006
3,784,385,385.08235294117657
3,785,385,384.97375565610866
3,786,385,384.8832579185522
3,787,385,384.8108597285069
3,788,385,384.75656108597315
3,789,385,384.72036199095027
3,790,384,384.63167420814494
3,791,384,384.61990950226254
3,792,385,384.74660633484166
3,793,385,384.8733031674208
3,794,385,385.0000000000001
3,795,385,385.12669683257934
3,796,385,385.18280542986435
3,797,386,385.2977375565612
3,798,386,385.39457013574656
3,799,385,385.39638009049776
3,800,385,385.36199095022636
3,801,385,385.3502262443441
3,802,385,385.4226244343892
3,803,386,385.4407239819006
3,804,386,385.404524886878
3,805,385,385.45248868778293
3,806,385,385.5230769230769
3,807,386,385.48687782805445
3,808,386,385.4144796380091
3,809,385,385.30588235294124
3,810,385,385.09049773755675
3,811,385,385.0361990950227
3,812,385,385.0723981900453
3,813,385,385.060633484163
3,814,385,385.0624434389142
3,815,385,385.20723981900466
3,816,385,385.4244343891405
3,817,386,385.57556561085977
3,818,386,385.72217194570135
3,819,386,385.8552036199097
3,820,386,385.9656108597287
3,821,386,386.0443438914027
3,822,386,386.0823529411765
3,823,386,386.0705882352942
3,824,386,386.00000000000006
3,825,386,386.00000000000006
3,826,386,386.00000000000006
3,827,386,385.9294117647059
3,828,386,385.91764705882366
3,829,386,385.95565610859745
3,830,386,386.0343891402715
3,831,386,386.1447963800906
3,832,386,386.27782805429877
3,833,386,386.4950226244345
3,834,387,386.6579185520362
3,835,387,386.6959276018101
3,836,387,386.73846153846165
3,837,387,386.7764705882355
3,838,387,386.6597285067875
3,839,387,386.6380090497738
3,840,386,386.7547511312219
3,841,386,386.8533936651584
3,842,387,387.0542986425339
3,843,387,387.2778280542988
3,844,387,387.4443438914028
3,845,389,387.67420814479647
3,846,389,387.9493212669684
3,847,388,388.2515837104073
3,848,388,388.42443438914034
3,849,388,388.5113122171947
3,850,388,388.55294117647077
3,851,389,388.5900452488688
3,852,389,388.5954751131223
3,853,389,388.81900452488696
3,854,389,389.18099547511326
3,855,389,389.40452488687794
3,856,389,389.4805429864255
3,857,390,389.529411764706
3,858,390,389.53303167420825
3,859,390,389.6117647058825
3,860,390,389.68597285067887
3,861,389,389.7466063348418
3,862,389,390.41990950226256
3,863,390,390.5321266968328
3,864,390,390.1556561085974
3,865,390,389.21900452488694
3,866,390,388.2506787330318
3,867,390,387.0135746606335
3,868,390,386.07058823529417
3,869,381,385.2217194570137
3,870,381,384.6669683257919
3,871,381,384.60633484162906
3,872,385,384.839819004525
3,873,385,385.3058823529412
3,874,389,386.1429864253395
3,875,389,387.3511312217195
3,876,390,388.9303167420815
3,877,390,389.6343891402716
3,878,389,389.87601809954776
3,879,389,389.83257918552033
3,880,390,389.9583710407241
3,881,390,389.9076923076923
3,882,390,390.1004524886879
3,883,390,390.35656108597294
3,884,390,390.7782805429866
3,885,392,391.26787330316756
3,886,392,391.6597285067876
3,887,392,391.98823529411766
3,888,392,392.4262443438916
3,889,393,392.74660633484166
3,890,393,392.860633484163
3,891,393,392.8796380090499
3,892,393,392.84705882352955
3,893,393,392.88325791855215
3,894,393,392.8470588235295
3,895,392,392.6678733031676
3,896,392,392.47511312217193
3,897,393,392.4687782805431
3,898,393,392.44886877828054
3,899,392,392.28325791855224
3,900,392,392.23981900452503
3,901,392,392.3095022624435
3,902,393,392.4832579185521
3,903,393,392.54298642533956
3,904,392,392.6705882352941
3,905,392,393.0479638009051
3,906,394,393.4570135746608
3,907,394,393.67963800904994
3,908,394,393.89773755656125
3,909,394,394.1547511312219
3,910,395,394.4325791855206
3,911,395,394.5809954751131
3,912,394,394.58190045248875
3,913,394,394.4081447963802
3,914,395,394.58009049773773
3,915,395,394.6796380090498
3,916,394,394.63619909502285
3,917,394,394.5791855203621
3,918,395,394.7085972850679
3,919,395,394.82443438914044
3,920,396,394.65610859728514
3,921,394,394.5330316742082
3,922,394,394.64615384615394
3,923,395,394.78642533936676
3,924,395,394.67420814479647
3,925,394,394.62986425339386
3,926,394,394.7647058823531
3,927,396,394.99004524886897
3,928,396,395.42624434389154
3,929,395,395.7167420814481
3,930,395,395.97556561085986
3,931,397,396.31402714932136
3,932,397,396.64343891402723
3,933,397,396.87782805429873
3,934,397,396.9312217194572
3,935,397,397.0624434389141
3,936,397,397.1303167420816
3,937,397,396.9963800904977
3,938,397,396.7221719457014
3,939,397,396.50497737556566
3,940,396,396.342081447964
3,941,396,396.3040723981902
3,942,396,396.2615384615386
3,943,396,396.15294117647073
3,944,396,396.1167420814481
3,945,396,396.2235294117647
3,946,397,396.3438914027151
3,947,397,396.4162895927602
3,948,396,396.44072398190053
3,949,396,396.47873303167427
3,950,397,396.5212669683259
3,951,397,396.5592760180997
3,952,396,396.58371040723995
3,953,396,396.5855203619911
3,954,397,396.694117647059
3,955,397,396.7683257918553
3,956,397,396.79909502262456
3,957,397,396.8389140271494
3,958,397,397.07873303167435
3,959,397,397.3095022624435
3,960,397,397.3927601809955
3,961,397,397.39004524886883
3,962,398,397.4307692307692
3,963,398,397.4443438914028
3,964,398,397.4307692307693
3,965,397,397.39004524886894
3,966,397,397.3221719457014
3,967,397,397.2271493212672
3,968,397,397.10497737556574
3,969,397,396.95565610859745
3,970,397,396.9176470588237
3,971,397,396.92941176470595
3,972,397,396.9294117647059
3,973,397,396.91764705882366
3,974,397,397.02624434389145
3,975,397,397.0461538461539
3,976,397,397.1067873303169
3,977,397,397.2696832579186
3,978,397,397.39638009049787
3,979,398,397.48687782805445
3,980,398,397.54117647058837
3,981,397,397.62986425339375
3,982,398,397.6235294117648
3,983,398,397.46063348416294
3,984,397,397.27963800904985
3,985,397,397.08054298642537
3,986,397,396.86334841628974
3,987,397,396.8371040723982
3,988,396,396.81085972850695
3,989,396,396.6642533936652
3,990,397,396.6153846153847
3,991,397,396.54117647058837
3,992,397,396.4506787330318
3,993,397,396.4850678733032
3,994,396,396.5149321266969
3,995,396,396.4787330316743
3,996,396,396.37647058823546
3,997,396,396.34027149321275
3,998,397,396.2995475113123
3,999,397,396.3221719457015
3,1000,396,396.47873303167415
3,1001,396,396.63981900452507
3,1002,397,396.6760180995476
3,1003,397,396.6579185520363
3,1004,396,396.65610859728525
3,1005,397,396.54117647058825
3,1006,397,396.46063348416294
3,1007,396,396.3619909502263
3,1008,396,396.05429864253404
3,1009,396,395.7466063348416
3,1010,396,395.64796380090513
3,1011,395,395.5674208144797
3,1012,395,395.3846153846154
3,1013,395,395.31764705882364
3,1014,395,395.31402714932136
3,1015,396,395.25339366515857
3,1016,396,395.28597285067883
3,1017,395,395.32285361697103
3,1018,395,395.3196803196801
3,1019,395,395.1869241869241
3,1020,395,394.9825174825177
3,1021,395,394.7911421911423
3,1022,395,394.727272727272
3,1023,394,394.0454545454546
3,1024,394,397.0533936651584
3,1025,395,396.1239819004526
3,1026,395,395.2307692307694
3,1027,395,394.6371040723983
3,1028,394,394.206334841629
3,1029,394,393.80180995475126
3,1030,394,393.6868778280544
3,1031,394,393.91583710407247
3,1032,394,393.7122171945703
3,1033,394,393.56742081447976
3,1034,393,393.5493212669685
3,1035,393,393.7990950226245
3,1036,394,393.9194570135748
3,1037,394,393.91945701357474
3,1038,394,393.9375565610862
3,1039,394,394.0443438914028
3,1040,395,394.11040723981915
3,1041,395,394.14479638009067
3,1042,393,394.0180995475115
3,1043,393,393.8009049773757
3,1044,394,393.63167420814494
3,1045,394,393.4488687782806
3,1046,393,393.3321266968327
3,1047,393,393.1610859728508
3,1048,393,393.0923076923079
3,1049,393,393.0823529411766
3,1050,393,392.88144796380107
3,1051,393,392.63981900452507
3,1052,393,392.5049773755658
3,1053,392,392.4244343891404
3,1054,392,392.2778280542987
3,1055,392,392.14479638009055
3,1056,392,392.03438914027157
3,1057,392,391.9556561085974
3,1058,392,391.91764705882366
3,1059,392,391.92941176470595
3,1060,392,392.0705882352943
3,1061,392,392.01176470588246
3,1062,392,391.9619909502264
3,1063,392,391.9212669683259
3,1064,392,391.9601809954752
3,1065,392,391.9493212669684
3,1066,392,391.61538461538476
3,1067,391,391.4850678733032
3,1068,392,391.460633484163
3,1069,392,391.64434389140285
3,1070,392,392.0000000000001
3,1071,391,392.84434389140284
3,1072,391,393.49411764705894
3,1073,395,393.9583710407241
3,1074,395,394.24615384615396
3,1075,396,394.22805429864263
3,1076,396,394.1131221719458
3,1077,396,393.9104072398191
3,1078,391,393.4995475113123
3,1079,391,392.7601809954752
3,1080,391,391.77194570135754
3,1081,391,391.0977375565611
3,1082,391,390.50045248868787
3,1083,391,390.3049773755657
3,1084,390,390.23619909502276
3,1085,390,390.225339366516
3,1086,390,389.98190045248873
3,1087,390,389.7384615384616
3,1088,390,389.58371040723983
3,1089,390,389.40633484162913
3,1090,388,389.30407239819016
3,1091,388,389.1746606334843
3,1092,390,388.84524886877836
3,1093,389,388.5429864253395
3,1094,389,388.2153846153848
3,1095,388,388.0099547511314
3,1096,388,388.006334841629
3,1097,387,388.0841628959277
3,1098,387,387.9140271493214
3,1099,388,387.76651583710424
3,1100,388,388.05067873303165
3,1101,389,388.2371040723983
3,1102,389,388.34389140271503
3,1103,388,388.3800904977377
3,1104,388,388.5574660633485
3,1105,389,388.4081447963802
3,1106,389,388.14117647058833
3,1107,387,387.9656108597286
3,1108,387,387.69049773755665
3,1109,388,387.47239819004534
3,1110,388,387.2678733031675
3,1111,386,387.03619909502277
3,1112,387,386.73665158371045
3,1113,387,386.46425339366533
3,1114,386,386.31402714932136
3,1115,386,386.03619909502277
3,1116,386,385.78099547511323
3,1117,386,385.6253393665159
3,1118,385,385.6461538461539
3,1119,385,385.57556561085977
3,1120,386,385.6841628959277
3,1121,386,385.9719457013574
3,1122,386,386.171040723982
3,1123,386,386.35203619909515
3,1124,387,386.514932126697
3,1125,387,386.6597285067875
3,1126,387,386.57737556561096
3,1127,387,386.4588235294119
3,1128,386,386.49502262443445
3,1129,386,386.4769230769232
3,1130,386,386.4045248868779
3,1131,386,386.2778280542989
3,1132,386,386.2352941176473
3,1133,387,386.21538461538466
3,1134,387,386.22714932126706
3,1135,386,386.2796380090499
3,1136,386,386.31402714932136
3,1137,386,386.2714932126698
3,1138,386,386.09049773755663
3,1139,386,385.9095022624435
3,1140,386,385.79909502262444
3,1141,386,385.76832579185526
3,1142,386,385.6235294117647
3,1143,385,385.5031674208146
3,1144,385,385.6099547511313
3,1145,386,385.6760180995476
3,1146,386,385.63981900452507
3,1147,385,385.639819004525
3,1148,385,385.7466063348418
3,1149,387,385.8307692307693
3,1150,387,385.9013574660635
3,1151,385,385.82895927601817
3,1152,385,385.6841628959277
3,1153,386,385.6054298642535
3,1154,386,385.5312217194572
3,1155,385,385.33212669683263
3,1156,385,385.0787330316743
3,1157,385,385.04796380090505
3,1158,385,385.1167420814481
3,1159,385,385.0262443438916
3,1160,385,384.91764705882366
3,1161,385,384.929411764706
3,1162,385,385.0000000000001
3,1163,385,384.92941176470606
3,1164,385,384.91764705882355
3,1165,385,385.02624434389145
3,1166,385,385.1167420814481
3,1167,385,385.11855203619916
3,1168,385,385.16108597285074
3,1169,385,385.3058823529413
3,1170,386,385.4144796380092
3,1171,386,385.48687782805433
3,1172,385,385.5230769230769
3,1173,385,385.5230769230769
3,1174,386,385.48687782805445
3,1175,386,385.4144796380091
3,1176,385,385.30588235294124
3,1177,385,385.16108597285074
3,1178,385,385.1185520361992
3,1179,385,385.1167420814481
3,1180,385,385.0262443438916
3,1181,385,384.91764705882366
3,1182,385,384.929411764706
3,1183,385,385.0000000000001
3,1184,385,385.0000000000001
3,1185,385,385.0000000000001
3,1186,385,385.0000000000001
3,1187,385,385.0000000000001
3,1188,385,385.0000000000001
3,1189,385,385.0000000000001
3,1190,385,385.0000000000001
3,1191,385,385.0000000000001
3,1192,385,385.0000000000001
3,1193,385,385.0000000000001
3,1194,385,385.0000000000001
3,1195,385,385.0000000000001
3,1196,385,385.0000000000001
3,1197,385,385.0000000000001
3,1198,385,385.0000000000001
3,1199,385,385.0000000000001
3,1200,385,385.0000000000001
3,1201,385,385.0000000000001
3,1202,385,385.0000000000001
3,1203,385,385.0000000000001
3,1204,385,385.0000000000001
3,1205,385,385.0000000000001
3,1206,385,385.0000000000001
3,1207,385,385.0000000000001
3,1208,385,385.0000000000001
3,1209,385,385.0000000000001
3,1210,385,385.0000000000001
3,1211,385,385.0000000000001
3,1212,385,385.0000000000001
3,1213,385,385.0000000000001
3,1214,385,385.0000000000001
3,1215,385,384.92941176470606
3,1216,385,384.91764705882355
3,1217,385,384.95565610859734
3,1218,385,385.03438914027157
3,1219,385,385.1447963800906
3,1220,385,385.3484162895928
3,1221,385,385.50678733031685
3,1222,386,385.6199095022625
3,1223,386,385.68778280542995
3,1224,386,385.71040723981906
3,1225,386,385.68778280542995
3,1226,386,385.5493212669684
3,1227,385,385.42443438914046
3,1228,385,385.3040723981902
3,1229,385,385.1791855203621
3,1230,385,385.10859728506784
3,1231,385,385.15113122171965
3,1232,385,385.3683257918554
3,1233,386,385.62171945701357
3,1234,386,385.8407239819006
3,1235,386,386.01628959276036
3,1236,386,386.4126696832579
3,1237,387,386.69411764705904
3,1238,387,386.7402714932127
3,1239,386,386.5692307692309
3,1240,386,386.19909502262453
3,1241,387,385.8570135746607
3,1242,387,385.37013574660637
3,1243,384,384.70407239819014
3,1244,383,384.0244343891403
3,1245,383,383.56742081447976
3,1246,383,383.1692307692309
3,1247,383,382.73665158371057
3,1248,382,382.37647058823546
3,1249,382,382.19276018099555
3,1250,383,382.2895927601812
3,1251,383,382.35837104072414
3,1252,382,382.35203619909515
3,1253,382,382.35022624434396
3,1254,382,382.3619909502264
3,1255,382,382.3963800904978
3,1256,383,382.3239819004527
3,1257,383,382.2153846153847
3,1258,382,382.2090497737558
3,1259,382,382.2434389140272
3,1260,382,382.1891402714933
3,1261,382,382.116742081448
3,1262,382,382.02624434389145
3,1263,382,381.9176470588237
3,1264,382,381.929411764706
3,1265,382,382.0000000000002
3,1266,382,381.929411764706
3,1267,382,381.91764705882366
3,1268,382,382.0262443438915
3,1269,382,382.11674208144814
3,1270,382,382.3303167420816
3,1271,382,382.40814479638016
3,1272,382,382.01538461538473
3,1273,383,381.89821942763115
3,1274,383,381.7112887112887
3,1275,382,381.44222444222436
3,1276,382,381.1212121212123
3,1277,380,380.9275058275058
3,1278,380,381.47979797979707
3,1279,385,384.4696969696969
3,1280,385,391.30135746606345
3,1281,385,388.6488687782807
3,1282,385,386.12307692307695
3,1283,385,384.025339366516
3,1284,381,382.4570135746608
3,1285,382,381.45158371040736
3,1286,382,381.24253393665174
3,1287,382,381.9927601809955
3,1288,382,381.7176470588237
3,1289,382,381.6325791855204
3,1290,382,381.7556561085974
3,1291,382,382.10497737556574
3,1292,382,382.14479638009055
3,1293,382,382.2778280542987
3,1294,382,382.4244343891404
3,1295,383,382.57556561085977
3,1296,383,382.72217194570146
3,1297,383,382.8552036199097
3,1298,383,383.0361990950227
3,1299,383,382.98552036199106
3,1300,383,382.9619909502263
3,1301,383,383.0886877828055
3,1302,383,383.0886877828055
3,1303,383,383.0298642533937
3,1304,383,382.9800904977376
3,1305,382,382.93936651583726
3,1306,384,382.9076923076924
3,1307,384,382.88506787330334
3,1308,382,382.87149321266986
3,1309,382,382.86696832579196
3,1310,383,382.87149321267
3,1311,383,382.88506787330334
3,1312,383,382.9076923076923
3,1313,383,382.80090497737564
3,1314,383,382.90316742081467
3,1315,383,383.0823529411765
3,1316,383,383.0705882352942
3,1317,383,382.85882352941195
3,1318,383,382.83529411764715
3,1319,383,383.05248868778295
3,1320,383,383.23348416289605
3,1321,383,383.3076923076925
3,1322,383,383.4045248868779
3,1323,383,383.5855203619912
3,1324,385,383.6416289592762
3,1325,385,383.702262443439
3,1326,383,383.8289592760182
3,1327,383,383.88325791855215
3,1328,384,383.7945701357467
3,1329,384,383.69230769230785
3,1330,383,383.4968325791856
3,1331,384,383.3285067873304
3,1332,384,383.51674208144806
3,1333,383,383.79095022624443
3,1334,383,383.74208144796387
3,1335,384,383.76108597285076
3,1336,384,384.0298642533937
3,1337,385,384.3303167420816
3,1338,385,384.44434389140287
3,1339,384,384.6923076923077
3,1340,384,385.0561085972853
3,1341,386,385.179185520362
3,1342,386,385.24343891402737
3,1343,385,385.5013574660634
3,1344,385,385.6054298642535
3,1345,386,385.55294117647065
3,1346,386,385.54117647058837
3,1347,385,385.4932126696834
3,1348,386,385.3321266968327
3,1349,386,385.1846153846155
3,1350,384,385.1773755656109
3,1351,384,385.3040723981902
3,1352,386,385.3583710407241
3,1353,386,385.2669683257919
3,1354,385,385.35656108597306
3,1355,385,385.6117647058825
3,1356,387,385.9556561085974
3,1357,387,386.2470588235296
3,1358,385,386.3384615384617
3,1359,385,386.34389140271503
3,1360,388,386.51312217194584
3,1361,388,386.62533936651585
3,1362,386,386.6624434389142
3,1363,386,386.73846153846165
3,1364,387,386.9737556561088
3,1365,387,387.2271493212671
3,1366,387,387.2217194570136
3,1367,387,387.08054298642537
3,1368,388,387.2714932126698
3,1369,388,387.4624434389141
3,1370,387,387.2533936651584
3,1371,387,387.04434389140283
3,1372,387,387.0968325791857
3,1373,387,387.07239819004536
3,1374,387,386.9095022624435
3,1375,386,386.7466063348417
3,1376,386,386.7927601809956
3,1377,388,386.8570135746607
3,1378,388,386.74841628959285
3,1379,386,386.67601809954766
3,1380,386,386.639819004525
3,1381,387,386.63981900452495
3,1382,387,386.53484162895944
3,1383,386,386.4452488687783
3,1384,386,386.4850678733032
3,1385,387,386.63348416289597
3,1386,387,387.00814479638024
3,1387,387,387.3846153846154
3,1388,387,387.73846153846165
3,1389,389,388.11040723981904
3,1390,389,388.54117647058837
3,1391,388,389.00633484162904
3,1392,390,389.28144796380093
3,1393,390,389.3457013574662
3,1394,389,389.3782805429865
3,1395,389,389.3520361990951
3,1396,390,389.23981900452503
3,1397,390,389.220814479638
3,1398,388,389.2742081447964
3,1399,388,389.38461538461553
3,1400,390,389.61357466063356
3,1401,390,389.68778280542995
3,1402,390,389.7366515837105
3,1403,390,389.88325791855215
3,1404,391,390.047963800905
3,1405,391,390.289592760181
3,1406,389,390.3221719457015
3,1407,389,390.25972850678744
3,1408,391,390.3520361990952
3,1409,391,390.44886877828066
3,1410,390,390.5411764705883
3,1411,391,390.6199095022626
3,1412,391,390.8850678733032
3,1413,391,391.13665158371055
3,1414,391,390.96561085972854
3,1415,391,390.76289592760185
3,1416,391,390.7782805429865
3,1417,391,390.8615384615386
3,1418,391,390.7945701357467
3,1419,390,390.8977375565612
3,1420,390,391.1529411764707
3,1421,392,391.412669683258
3,1422,392,391.59728506787343
3,1423,392,391.8271493212669
3,1424,392,392.2253393665159
3,1425,393,392.5149321266968
3,1426,393,392.5547511312218
3,1427,392,392.4651583710409
3,1428,392,392.3601809954752
3,1429,393,392.3601809954752
3,1430,393,392.25339366515834
3,1431,391,392.239819004525
3,1432,391,392.18099547511326
3,1433,393,392.2153846153848
3,1434,393,392.281447963801
3,1435,392,392.24977375565624
3,1436,392,392.1909502262445
3,1437,393,392.1728506787331
3,1438,392,392.26334841628983
3,1439,392,392.11493212669694
3,1440,392,391.9800904977377
3,1441,392,392.1791855203622
3,1442,392,392.43257918552047
3,1443,392,392.5312217194572
3,1444,393,392.6660633484164
3,1445,393,392.95746606334853
3,1446,394,393.18733031674225
3,1447,394,393.40814479638016
3,1448,393,393.6018099547513
3,1449,393,393.75022624434405
3,1450,394,393.8352941176472
3,1451,394,393.8389140271494
3,1452,394,393.8108597285069
3,1453,394,393.80090497737575
3,1454,394,394.00000000000006
3,1455,394,394.19909502262453
3,1456,394,394.18914027149333
3,1457,394,394.16108597285074
3,1458,394,394.2352941176471
3,1459,395,394.3321266968326
3,1460,395,394.3719457013576
3,1461,394,394.47511312217193
3,1462,394,394.69411764705893
3,1463,395,394.88144796380107
3,1464,395,394.9574660633486
3,1465,395,395.04253393665164
3,1466,395,395.11855203619916
3,1467,396,395.30588235294135
3,1468,396,395.524886877828
3,1469,395,395.6280542986426
3,1470,395,395.7384615384616
3,1471,396,395.84705882352955
3,1472,396,395.74208144796404
3,1473,396,395.68235294117676
3,1474,396,395.7909502262444
3,1475,396,395.92941176470606
3,1476,396,396.10678733031693
3,1477,395,396.0642533936653
3,1478,395,395.88144796380107
3,1479,397,395.7764705882353
3,1480,397,395.56742081447976
3,1481,395,395.1402714932128
3,1482,395,394.7809954751133
3,1483,394,394.35746606334857
3,1484,394,394.13755656108606
3,1485,394,394.1149321266969
3,1486,393,394.0832579185521
3,1487,393,394.1782805429865
3,1488,395,394.535746606335
3,1489,395,394.73755656108614
3,1490,397,395.1656108597286
3,1491,397,395.7864253393667
3,1492,395,396.3665158371043
3,1493,395,396.66696832579186
3,1494,397,396.9104072398193
3,1495,397,397.2452488687784
3,1496,399,397.6262443438916
3,1497,399,397.8144796380092
3,1498,397,398.18914027149333
3,1499,397,398.8027149321269
3,1500,400,398.97194570135775
3,1501,400,398.6877828054299
3,1502,398,398.6886877828056
3,1503,398,398.4361990950229
3,1504,399,398.01357466063365
3,1505,399,397.70407239819014
3,1506,396,397.310407239819
3,1507,396,396.8352941176471
3,1508,398,396.62352941176493
3,1509,395,396.61990950226254
3,1510,395,396.56561085972857
3,1511,398,396.60180995475116
3,1512,398,396.79638009049796
3,1513,397,397.2171945701358
3,1514,397,397.44886877828066
3,1515,398,397.6760180995476
3,1516,398,398.14841628959294
3,1517,398,398.300452488688
3,1518,398,398.2371040723983
3,1519,399,398.4669683257921
3,1520,399,398.9013574660635
3,1521,399,399.12488687782826
3,1522,399,399.1990950226246
3,1523,399,399.2533936651585
3,1524,399,399.217194570136
3,1525,400,399.0199095022625
3,1526,400,398.79095022624455
3,1527,398,398.7303167420816
3,1528,398,398.638009049774
3,1529,398,398.47681730034634
3,1530,398,398.33966033966016
3,1531,398,398.31546231546236
3,1532,399,398.56293706293724
3,1533,399,398.7997668997669
3,1534,398,398.4646464646457
3,1535,398,397.81818181818176
3,1536,397,398.45882352941186
3,1537,397,398.1493212669685
3,1538,397,397.9076923076924
3,1539,397,397.88144796380095
3,1540,399,398.01809954751144
3,1541,399,398.12669683257946
3,1542,399,398.4162895927604
3,1543,399,398.8868778280545
3,1544,399,399.12307692307706
3,1545,399,399.3095022624437
3,1546,399,399.41900452488693
3,1547,399,399.42443438914046
3,1548,400,399.57556561085977
3,1549,400,399.72217194570163
3,1550,400,399.9257918552038
3,1551,400,400.0479638009052
3,1552,400,400.0886877828057
3,1553,400,400.0479638009051
3,1554,400,399.9257918552038
3,1555,400,399.72217194570146
3,1556,400,399.5049773755658
3,1557,399,399.342081447964
3,1558,399,399.23348416289616
3,1559,399,399.17918552036224
3,1560,399,399.2497737556561
3,1561,399,399.31583710407244
3,1562,399,399.3158371040726
3,1563,400,399.38823529411786
3,1564,400,399.5330316742083
3,1565,400,399.6117647058825
3,1566,400,399.6859728506789
3,1567,399,399.7466063348419
3,1568,399,399.7846153846155
3,1569,400,399.79095022624455
3,1570,400,399.756561085973
3,1571,400,399.810859728507
3,1572,400,399.88325791855215
3,1573,400,399.9031674208147
3,1574,400,400.00000000000006
3,1575,400,400.0262443438917
3,1576,400,400.0343891402717
3,1577,400,400.2153846153848
3,1578,400,400.3601809954752
3,1579,400,400.3981900452491
3,1580,401,400.4588235294119
3,1581,401,400.60361990950247
3,1582,401,400.694117647059
3,1583,401,400.7303167420816
3,1584,400,400.72039724980885
3,1585,400,400.6303696303695
3,1586,401,400.48684648684645
3,1587,401,400.4382284382285
3,1588,400,400.3892773892774
3,1589,400,400.25252525252426
3,1590,400,399.77272727272737
