channel,index,raw,filtered
1,0,371,374.5238095238094
1,1,371,372.9999999999999
1,2,371,377.0952380952381
1,3,395,387.09523809523796
1,4,395,394.4285714285714
1,5,397,398.6666666666665
1,6,397,397.3333333333333
1,7,398,397.80952380952374
1,8,398,397.7142857142856
1,9,397,397.38095238095235
1,10,397,396.6190476190477
1,11,396,396.2857142857143
1,12,396,396.47619047619037
1,13,397,396.23809523809524
1,14,397,396.76190476190465
1,15,396,397.90476190476187
1,16,399,397.80952380952374
1,17,399,396.9999999999999
1,18,394,395.99999999999983
1,19,394,394.3809523809523
1,20,395,394.28571428571405
1,21,395,396.095238095238
1,22,397,396.19047619047615
1,23,397,394.9523809523808
1,24,392,393.99999999999983
1,25,392,393.52380952380935
1,26,395,393.3809523809523
1,27,395,393.7619047619046
1,28,392,393.33333333333314
1,29,392,392.5714285714285
1,30,393,392.33333333333314
1,31,393,392.61904761904754
1,32,392,392.71428571428567
1,33,392,391.90476190476176
1,34,392,390.904761904762
1,35,389,390.19047619047615
1,36,389,388.9523809523808
1,37,389,388.095238095238
1,38,387,388.3809523809523
1,39,388,387.5714285714285
1,40,388,386.4285714285712
1,41,384,385.42857142857133
1,42,384,384.2857142857142
1,43,384,383.57142857142856
1,44,384,383.6666666666664
1,45,383,383.33333333333314
1,46,383,383.14285714285717
1,47,383,382.8571428571428
1,48,383,382.57142857142844
1,49,382,382.38095238095235
1,50,382,382.5714285714284
1,51,383,382.4761904761904
1,52,383,382.0952380952379
1,53,381,381.95238095238085
1,54,381,381.7142857142856
1,55,383,382.095238095238
1,56,382,382.09523809523796
1,57,382,381.42857142857133
1,58,379,379.80952380952374
1,59,379,378.5714285714284
1,60,377,377.3333333333333
1,61,377,376.47619047619037
1,62,376,376.2857142857141
1,63,376,376.85714285714283
1,64,379,377.9999999999999
1,65,379,380.1904761904761
1,66,381,380.28571428571416
1,67,381,378.2857142857142
1,68,374,376.6666666666666
1,69,374,375.4285714285714
1,70,377,375.2857142857141
1,71,377,376.5238095238093
1,72,376,376.71428571428567
1,73,376,375.99999999999994
1,74,376,375.57142857142856
1,75,375,375.3333333333332
1,76,375,374.95238095238074
1,77,375,374.95238095238096
1,78,375,375.0476190476189
1,79,376,375.80952380952357
1,80,376,376.95238095238085
1,81,379,378.09523809523813
1,82,379,378.4761904761903
1,83,379,379.47619047619037
1,84,379,380.52380952380935
1,85,383,381.57142857142844
1,86,383,381.95238095238085
1,87,381,382.14285714285694
1,88,381,381.6666666666664
1,89,383,382.38095238095224
1,90,383,383.14285714285694
1,91,384,382.9047619047618
1,92,382,382.76190476190465
1,93,382,383.38095238095224
1,94,385,383.7142857142858
1,95,385,383.80952380952374
1,96,383,384.142857142857
1,97,383,384.3333333333332
1,98,387,385.5238095238096
1,99,387,387.4285714285714
1,100,388,387.9047619047617
1,101,388,386.95238095238074
1,102,385,386.0952380952381
1,103,385,385.142857142857
1,104,385,384.7142857142856
1,105,385,384.9999999999999
1,106,385,385.0952380952379
1,107,385,384.9523809523808
1,108,385,383.90476190476164
1,109,384,384.7142857142858
1,110,384,386.33333333333314
1,111,392,389.4285714285712
1,112,392,393.3333333333332
1,113,396,395.14285714285705
1,114,396,394.5238095238095
1,115,392,394.61904761904754
1,116,393,392.5714285714285
1,117,393,389.7142857142856
1,118,387,389.5238095238095
1,119,387,390.28571428571416
1,120,396,392.4285714285713
1,121,396,395.19047619047603
1,122,396,397.0476190476189
1,123,396,397.4285714285713
1,124,400,398.6190476190473
1,125,400,399.3809523809523
1,126,399,399.76190476190465
1,127,399,400.0476190476188
1,128,400,399.2380952380951
1,129,400,396.8571428571428
1,130,393,395.71428571428555
1,131,393,396.0476190476188
1,132,401,398.09523809523796
1,133,402,401.2380952380952
1,134,402,403.14285714285717
1,135,401,401.047619047619
1,136,401,397.6190476190474
1,137,393,395.9523809523808
1,138,393,396.33333333333337
1,139,401,397.42857142857133
1,140,401,399.5238095238093
1,141,398,399.8095238095237
1,142,398,398.66666666666663
1,143,399,398.2857142857142
1,144,399,397.9047619047618
1,145,397,397.95238095238096
1,146,397,398.6190476190473
1,147,401,399.3809523809523
1,148,401,400.04761904761864
1,149,399,399.99999999999994
1,150,399,399.4761904761904
1,151,400,399.90476190476164
1,152,401,400.5714285714283
1,153,401,400.8095238095238
1,154,400,400.3809523809524
1,155,400,399.904761904762
1,156,399,399.14285714285705
1,157,399,398.9523809523809
1,158,397,397.28571428571445
1,159,397,394.33333333333326
1,160,391,393.1904761904761
1,161,391,394.04761904761904
1,162,399,395.71428571428555
1,163,399,399.2380952380951
1,164,398,398.6190476190475
1,165,398,394.7142857142856
1,166,388,391.23809523809507
1,167,388,387.6190476190475
1,168,388,387.47619047619037
1,169,388,391.2857142857142
1,170,397,393.8571428571427
1,171,397,395.5714285714284
1,172,394,396.61904761904736
1,173,394,393.7619047619047
1,174,394,390.19047619047603
1,175,386,389.0952380952379
1,176,386,390.142857142857
1,177,395,390.8571428571428
1,178,395,391.23809523809524
1,179,387,390.8571428571428
1,180,387,390.3809523809523
1,181,394,390.5714285714284
1,182,394,391.1428571428571
1,183,387,390.09523809523813
1,184,387,388.3809523809521
1,185,389,387.4761904761903
1,186,389,387.5714285714285
1,187,385,386.52380952380935
1,188,385,385.19047619047615
1,189,385,384.61904761904765
1,190,385,385.3809523809522
1,191,385,384.61904761904754
1,192,385,383.7619047619045
1,193,381,383.3809523809523
1,194,383,382.3333333333332
1,195,383,381.095238095238
1,196,379,380.5714285714285
1,197,379,379.4285714285713
1,198,380,379.33333333333326
1,199,380,380.3809523809521
1,200,381,380.71428571428555
1,201,381,380.9047619047619
1,202,380,380.285714285714
1,203,380,378.76190476190465
1,204,377,378.0476190476189
1,205,377,378.52380952380946
1,206,380,378.52380952380935
1,207,380,378.52380952380946
1,208,376,377.6190476190474
1,209,376,376.2857142857143
1,210,376,375.5714285714285
1,211,376,375.6666666666665
1,212,375,375.3333333333332
1,213,375,375.0476190476189
1,214,375,374.8095238095238
1,215,375,375.047619047619
1,216,375,375.4285714285715
1,217,376,375.6190476190475
1,218,376,375.14285714285694
1,219,375,375.6666666666665
1,220,375,377.095238095238
1,221,380,378.0476190476189
1,222,380,378.7142857142856
1,223,376,377.6666666666665
1,224,376,374.9047619047618
1,225,373,373.7619047619047
1,226,373,374.23809523809507
1,227,376,374.6666666666667
1,228,376,375.42857142857133
1,229,375,375.6666666666665
1,230,375,375.3809523809523
1,231,376,375.2857142857141
1,232,376,376.09523809523796
1,233,376,377.47619047619025
1,234,379,377.8095238095236
1,235,379,377.0476190476189
1,236,375,376.8571428571427
1,237,375,376.5714285714285
1,238,380,378.09523809523796
1,239,380,380.95238095238074
1,240,383,382.3809523809522
1,241,383,382.09523809523796
1,242,381,381.9999999999999
1,243,381,381.14285714285694
1,244,382,381.6190476190476
1,245,382,383.047619047619
1,246,385,384.04761904761904
1,247,385,384.52380952380946
1,248,384,384.61904761904754
1,249,384,383.7619047619046
1,250,384,384.047619047619
1,251,384,385.19047619047603
1,252,387,385.80952380952374
1,253,387,386.4000000000001
1,254,385,386.4285714285712
1,255,386,385.7499999999999
1,256,386,387.42857142857133
1,257,387,386.66666666666663
1,258,387,385.19047619047615
1,259,384,385.3333333333332
1,260,384,386.19047619047603
1,261,389,386.8571428571427
1,262,389,387.0476190476188
1,263,385,386.9999999999999
1,264,385,386.9999999999999
1,265,389,387.0476190476189
1,266,389,386.95238095238085
1,267,384,386.14285714285705
1,268,384,384.04761904761887
1,269,386,386.4285714285713
1,270,386,388.33333333333314
1,271,395,387.14285714285694
1,272,383,387.0952380952379
1,273,383,389.2380952380952
1,274,394,388.61904761904754
1,275,394,388.238095238095
1,276,382,387.66666666666646
1,277,382,388.4285714285713
1,278,395,388.76190476190453
1,279,395,387.52380952380946
1,280,379,386.33333333333326
1,281,379,386.0476190476188
1,282,395,387.66666666666663
1,283,395,389.8571428571428
1,284,385,390.3809523809524
1,285,385,388.7619047619047
1,286,396,391.57142857142844
1,287,396,399.28571428571416
1,288,400,398.47619047619065
1,289,400,388.95238095238096
1,290,374,383.9523809523808
1,291,374,382.99999999999983
1,292,397,388.6666666666666
1,293,399,396.66666666666663
1,294,399,396.2380952380949
1,295,387,391.6190476190476
1,296,387,390.3809523809521
1,297,396,391.9523809523807
1,298,396,397.3809523809522
1,299,398,397.61904761904754
1,300,398,392.9523809523808
1,301,386,390.6666666666665
1,302,386,390.19047619047603
1,303,396,391.38095238095224
1,304,396,395.66666666666663
1,305,393,394.3809523809523
1,306,393,390.09523809523785
1,307,381,384.2380952380951
1,308,381,378.238095238095
1,309,371,373.190476190476
1,310,371,371.4761904761903
1,311,371,369.6666666666665
1,312,371,371.1904761904761
1,313,371,371.76190476190465
1,314,375,373.095238095238
1,315,375,377.238095238095
1,316,381,382.2857142857141
1,317,390,386.76190476190476
1,318,390,391.1428571428571
1,319,391,391.1904761904762
1,320,391,388.9047619047617
1,321,384,386.2857142857141
1,322,384,382.5714285714285
1,323,381,381.71428571428555
1,324,381,383.71428571428567
1,325,389,386.095238095238
1,326,389,389.1428571428569
1,327,390,390.3333333333333
1,328,390,389.5714285714286
1,329,388,388.61904761904754
1,330,388,387.38095238095224
1,331,385,385.66666666666646
1,332,385,384.1428571428571
1,333,382,383.095238095238
1,334,382,381.95238095238085
1,335,382,380.3809523809523
1,336,378,379.3333333333333
1,337,378,378.28571428571416
1,338,378,377.57142857142844
1,339,378,377.57142857142827
1,340,377,377.3809523809523
1,341,377,377.5714285714283
1,342,378,377.47619047619037
1,343,378,377.19047619047603
1,344,376,376.8095238095236
1,345,376,376.5238095238094
1,346,377,376.42857142857116
1,347,377,376.61904761904754
1,348,376,376.4285714285712
1,349,376,376.0476190476189
1,350,376,375.9047619047618
1,351,376,376.0952380952381
1,352,376,375.95238095238085
1,353,376,375.4761904761903
1,354,375,375.42857142857133
1,355,375,375.90476190476187
1,356,377,376.14285714285705
1,357,377,376.1428571428571
1,358,375,375.80952380952374
1,359,375,375.4761904761903
1,360,376,375.71428571428567
1,361,377,376.66666666666646
1,362,377,377.38095238095224
1,363,378,377.7619047619047
1,364,378,377.66666666666646
1,365,378,378.2380952380952
1,366,378,378.90476190476187
1,367,381,380.047619047619
1,368,381,381.66666666666646
1,369,382,381.7142857142856
1,370,382,379.80952380952357
1,371,377,378.99999999999983
1,372,377,379.0
1,373,382,379.80952380952374
1,374,382,381.71428571428567
1,375,381,381.66666666666663
1,376,381,379.6666666666667
1,377,378,378.99999999999983
1,378,378,379.5238095238094
1,379,382,380.90476190476176
1,380,383,382.3809523809522
1,381,383,382.1904761904762
1,382,381,381.9999999999999
1,383,381,383.04761904761887
1,384,386,383.9999999999999
1,385,386,384.47619047619037
1,386,383,384.6190476190476
1,387,383,384.3333333333332
1,388,386,384.61904761904754
1,389,386,384.90476190476176
1,390,384,385.095238095238
1,391,384,385.1904761904761
1,392,387,385.7619047619048
1,393,387,386.4285714285713
1,394,386,386.6666666666666
1,395,386,386.09523809523796
1,396,387,386.71428571428555
1,397,387,387.8571428571427
1,398,390,389.14285714285705
1,399,390,390.190476190476
1,400,391,390.9523809523808
1,401,391,390.76190476190465
1,402,391,391.19047619047603
1,403,391,391.57142857142844
1,404,393,393.14285714285705
1,405,393,392.8571428571428
1,406,394,390.5238095238093
1,407,386,388.9523809523808
1,408,386,388.52380952380923
1,409,393,390.047619047619
1,410,393,393.7619047619047
1,411,396,395.6190476190474
1,412,396,396.2857142857141
1,413,395,395.23809523809524
1,414,395,391.4285714285712
1,415,387,390.04761904761904
1,416,387,391.19047619047603
1,417,397,392.6666666666664
1,418,397,394.3809523809521
1,419,392,394.8571428571426
1,420,392,393.90476190476176
1,421,397,395.99999999999994
1,422,397,396.190476190476
1,423,397,392.8095238095238
1,424,385,389.33333333333326
1,425,385,387.23809523809507
1,426,392,388.85714285714266
1,427,392,395.04761904761887
1,428,399,396.8095238095236
1,429,399,394.04761904761887
1,430,388,392.8095238095238
1,431,388,391.95238095238085
1,432,398,393.57142857142844
1,433,398,398.3333333333332
1,434,397,397.7142857142856
1,435,397,391.9999999999999
1,436,385,389.4285714285714
1,437,385,389.33333333333326
1,438,396,391.14285714285705
1,439,396,395.42857142857133
1,440,395,396.2380952380951
1,441,395,394.04761904761887
1,442,392,392.90476190476176
1,443,392,392.9999999999999
1,444,392,391.2857142857142
1,445,392,388.2380952380951
1,446,383,386.57142857142856
1,447,383,385.99999999999994
1,448,391,386.9999999999998
1,449,389,389.1904761904759
1,450,389,389.2857142857142
1,451,387,387.4285714285712
1,452,387,386.7619047619047
1,453,386,386.14285714285717
1,454,386,386.14285714285705
1,455,386,385.85714285714283
1,456,386,385.6666666666666
1,457,385,385.3333333333332
1,458,385,385.2380952380951
1,459,385,384.8095238095237
1,460,385,384.4285714285713
1,461,383,383.6190476190474
1,462,383,382.95238095238074
1,463,382,382.04761904761887
1,464,382,381.3809523809523
1,465,380,380.4761904761902
1,466,380,380.1428571428571
1,467,380,380.52380952380935
1,468,381,380.4761904761904
1,469,381,379.61904761904754
1,470,377,378.4285714285714
1,471,377,377.19047619047603
1,472,377,376.6190476190476
1,473,377,376.9999999999999
1,474,377,376.9999999999999
1,475,377,376.9999999999999
1,476,377,376.9999999999999
1,477,377,377.0952380952381
1,478,377,376.952380952381
1,479,377,376.7619047619048
1,480,376,376.2857142857141
1,481,376,375.61904761904754
1,482,375,375.28571428571416
1,483,375,375.5714285714285
1,484,376,375.4761904761905
1,485,376,375.2857142857141
1,486,374,374.76190476190465
1,487,374,374.095238095238
1,488,374,373.80952380952374
1,489,374,373.99999999999994
1,490,374,373.52380952380946
1,491,374,374.2380952380951
1,492,374,376.14285714285705
1,493,379,377.0952380952379
1,494,379,376.7142857142855
1,495,374,376.33333333333326
1,496,374,375.8571428571427
1,497,378,376.0476190476189
1,498,378,376.42857142857133
1,499,375,376.57142857142844
1,500,375,376.6666666666665
1,501,379,377.2857142857142
1,502,379,378.14285714285705
1,503,377,378.047619047619
1,504,377,376.90476190476176
1,505,377,376.90476190476176
1,506,377,377.6666666666665
1,507,379,378.33333333333326
1,508,379,378.99999999999983
1,509,379,379.2857142857145
1,510,379,378.74285714285696
1,511,378,378.0499999999999
1,512,378,383.4761904761904
1,513,384,382.52380952380935
1,514,384,382.4761904761903
1,515,384,384.6666666666665
1,516,384,384.6666666666665
1,517,386,385.99999999999983
1,518,386,385.5714285714284
1,519,386,383.19047619047603
1,520,379,381.66666666666646
1,521,379,382.23809523809507
1,522,386,382.71428571428567
1,523,386,383.57142857142844
1,524,380,382.7142857142856
1,525,380,380.3333333333332
1,526,381,380.23809523809507
1,527,381,382.2380952380952
1,528,384,382.9523809523808
1,529,384,382.57142857142844
1,530,381,382.4285714285712
1,531,381,381.9523809523808
1,532,384,382.8095238095236
1,533,384,384.7142857142855
1,534,386,385.0476190476189
1,535,386,385.4761904761905
1,536,384,386.142857142857
1,537,389,387.6190476190475
1,538,389,389.80952380952357
1,539,393,392.190476190476
1,540,393,392.95238095238074
1,541,394,394.1428571428568
1,542,394,394.9047619047619
1,543,396,395.28571428571416
1,544,396,394.6190476190473
1,545,393,394.33333333333326
1,546,393,394.9047619047618
1,547,396,394.33333333333314
1,548,396,392.42857142857144
1,549,388,391.3333333333332
1,550,388,390.76190476190465
1,551,396,392.7142857142855
1,552,396,396.7142857142855
1,553,399,398.6190476190475
1,554,399,398.5714285714284
1,555,398,399.0476190476189
1,556,399,398.66666666666663
1,557,399,398.4285714285712
1,558,398,398.47619047619037
1,559,398,398.4761904761905
1,560,399,398.52380952380935
1,561,399,398.52380952380935
1,562,398,398.47619047619037
1,563,398,398.4761904761905
1,564,399,398.52380952380935
1,565,399,398.52380952380935
1,566,398,398.47619047619037
1,567,398,398.4761904761905
1,568,399,398.52380952380935
1,569,399,398.6190476190475
1,570,398,398.42857142857133
1,571,398,398.0476190476189
1,572,398,397.9047619047618
1,573,398,398.0
1,574,398,398.09523809523796
1,575,398,397.9523809523808
1,576,398,397.57142857142844
1,577,397,397.38095238095235
1,578,397,397.57142857142856
1,579,398,397.4761904761903
1,580,398,397.28571428571405
1,581,396,396.76190476190476
1,582,396,396.095238095238
1,583,396,395.8095238095237
1,584,396,395.99999999999994
1,585,396,395.99999999999994
1,586,396,396.19047619047615
1,587,396,395.9047619047618
1,588,396,395.52380952380946
1,589,394,394.57142857142856
1,590,394,393.3333333333332
1,591,392,392.5238095238096
1,592,392,392.8095238095238
1,593,393,392.19047619047615
1,594,393,391.66666666666663
1,595,389,390.85714285714283
1,596,390,389.8095238095238
1,597,390,389.6190476190476
1,598,389,389.2380952380952
1,599,389,387.71428571428567
1,600,385,386.23809523809507
1,601,385,385.2857142857141
1,602,385,384.57142857142844
1,603,385,384.7619047619047
1,604,384,384.2857142857142
1,605,384,383.9999999999998
1,606,383,383.09523809523796
1,607,383,381.8571428571427
1,608,380,380.9999999999997
1,609,380,381.190476190476
1,610,382,380.8571428571428
1,611,382,380.5714285714285
1,612,378,379.52380952380935
1,613,378,378.19047619047615
1,614,378,377.6190476190476
1,615,378,377.9999999999999
1,616,378,377.9999999999999
1,617,378,378.1904761904761
1,618,378,377.90476190476187
1,619,378,377.33333333333326
1,620,376,376.6666666666666
1,621,376,376.09523809523796
1,622,376,375.8095238095237
1,623,376,375.9999999999999
1,624,376,375.9999999999999
1,625,376,375.9999999999999
1,626,376,376.0952380952381
1,627,376,375.95238095238085
1,628,376,375.57142857142844
1,629,375,375.38095238095224
1,630,375,375.3809523809523
1,631,376,375.5714285714284
1,632,376,375.8571428571428
1,633,376,376.14285714285705
1,634,376,376.33333333333326
1,635,377,376.5714285714285
1,636,377,376.99999999999994
1,637,377,377.33333333333337
1,638,378,377.7142857142856
1,639,378,378.190476190476
1,640,379,378.8095238095237
1,641,379,378.99999999999983
1,642,380,379.90476190476176
1,643,380,381.0476190476189
1,644,383,382.04761904761904
1,645,383,382.1428571428571
1,646,382,382.8095238095237
1,647,382,383.2857142857142
1,648,386,384.61904761904754
1,649,386,386.14285714285694
1,650,387,387.0476190476188
1,651,387,386.8571428571427
1,652,387,387.1428571428571
1,653,387,387.047619047619
1,654,388,387.80952380952374
1,655,388,389.0476190476189
1,656,391,390.04761904761887
1,657,391,390.33333333333326
1,658,390,390.71428571428555
1,659,390,390.6190476190474
1,660,392,391.38095238095224
1,661,392,392.190476190476
1,662,393,392.2380952380952
1,663,392,392.4285714285713
1,664,392,393.14285714285705
1,665,395,393.9047619047617
1,666,395,394.6666666666665
1,667,395,395.3809523809523
1,668,395,395.6666666666666
1,669,397,396.3333333333331
1,670,397,396.90476190476176
1,671,397,397.19047619047615
1,672,397,396.8095238095236
1,673,397,397.09523809523785
1,674,397,397.6666666666665
1,675,399,398.3333333333331
1,676,399,398.80952380952357
1,677,399,399.2380952380951
1,678,399,399.3333333333333
1,679,400,399.6666666666666
1,680,400,399.95238095238085
1,681,400,400.0952380952379
1,682,400,399.99999999999983
1,683,400,399.99999999999983
1,684,400,399.99999999999983
1,685,400,400.0952380952379
1,686,400,399.95238095238085
1,687,400,399.6666666666667
1,688,399,399.33333333333326
1,689,399,399.0476190476189
1,690,399,398.90476190476187
1,691,399,398.99999999999994
1,692,399,398.99999999999994
1,693,399,399.0952380952379
1,694,399,398.9523809523809
1,695,399,398.8571428571428
1,696,398,398.23809523809507
1,697,398,397.19047619047603
1,698,396,396.66666666666663
1,699,396,396.95238095238096
1,700,398,397.04761904761887
1,701,398,397.4285714285713
1,702,396,396.7619047619046
1,703,396,395.6190476190475
1,704,394,394.3809523809521
1,705,394,393.4285714285713
1,706,392,392.5714285714285
1,707,392,392.047619047619
1,708,392,391.7619047619046
1,709,391,391.19047619047603
1,710,391,390.047619047619
1,711,388,388.90476190476187
1,712,388,388.1428571428568
1,713,388,387.52380952380946
1,714,388,388.095238095238
1,715,388,390.3809523809523
1,716,390,388.4761904761904
1,717,390,383.9047619047617
1,718,372,378.19047619047603
1,719,372,372.8571428571426
1,720,372,370.2857142857141
1,721,372,371.80952380952374
1,722,372,372.0952380952379
1,723,372,372.8571428571428
1,724,374,373.0476190476188
1,725,374,373.33333333333326
1,726,372,372.76190476190476
1,727,374,373.8095238095236
1,728,374,376.28571428571416
1,729,382,379.5714285714285
1,730,382,382.33333333333314
1,731,383,383.238095238095
1,732,383,381.80952380952374
1,733,379,380.3333333333331
1,734,379,378.6190476190475
1,735,377,377.238095238095
1,736,377,376.76190476190465
1,737,376,376.14285714285705
1,738,376,376.0476190476189
1,739,376,375.99999999999994
1,740,376,375.95238095238085
1,741,376,375.4761904761903
1,742,375,375.42857142857133
1,743,375,375.71428571428567
1,744,377,376.2380952380952
1,745,377,376.90476190476176
1,746,377,377.190476190476
1,747,377,376.90476190476187
1,748,377,377.04761904761915
1,749,377,377.33333333333326
1,750,378,377.6666666666665
1,751,378,377.8571428571427
1,752,378,378.14285714285705
1,753,378,378.23809523809507
1,754,379,378.71428571428555
1,755,379,379.2857142857143
1,756,380,379.76190476190465
1,757,380,379.66666666666663
1,758,380,380.2380952380952
1,759,380,380.90476190476176
1,760,383,382.0476190476189
1,761,383,383.2857142857141
1,762,384,383.61904761904754
1,763,384,383.76190476190476
1,764,383,384.3333333333333
1,765,386,384.9142857142859
1,766,386,386.02857142857135
1,767,387,386.79999999999984
1,768,387,387.61904761904736
1,769,388,387.85714285714255
1,770,388,388.33333333333314
1,771,390,389.47619047619037
1,772,390,390.142857142857
1,773,391,390.90476190476176
1,774,391,391.19047619047603
1,775,392,391.8095238095236
1,776,392,392.190476190476
1,777,393,392.8095238095236
1,778,393,393.2857142857142
1,779,394,393.76190476190453
1,780,394,393.6666666666666
1,781,394,394.2380952380951
1,782,394,394.9999999999998
1,783,397,395.9999999999997
1,784,397,396.85714285714266
1,785,397,397.28571428571405
1,786,397,396.9999999999999
1,787,397,396.90476190476176
1,788,397,397.04761904761904
1,789,397,397.2380952380952
1,790,398,397.71428571428555
1,791,398,398.28571428571405
1,792,399,398.7619047619045
1,793,399,398.8571428571427
1,794,399,399.142857142857
1,795,399,399.3333333333333
1,796,400,399.6666666666666
1,797,400,399.95238095238085
1,798,400,400.0952380952379
1,799,400,399.99999999999983
1,800,400,399.99999999999983
1,801,400,399.99999999999983
1,802,400,399.99999999999983
1,803,400,399.99999999999983
1,804,400,400.0952380952379
1,805,400,399.95238095238085
1,806,400,399.57142857142844
1,807,399,399.3809523809523
1,808,399,399.3809523809522
1,809,400,399.5714285714284
1,810,400,400.04761904761864
1,811,400,400.0476190476188
1,812,400,399.76190476190465
1,813,399,399.28571428571416
1,814,399,398.71428571428567
1,815,398,398.2380952380951
1,816,398,398.0476190476189
1,817,398,397.9047619047618
1,818,398,398.09523809523796
1,819,398,397.9523809523808
1,820,398,397.4761904761903
1,821,397,397.4285714285713
1,822,397,397.90476190476187
1,823,399,398.142857142857
1,824,399,398.33333333333326
1,825,397,397.80952380952357
1,826,397,396.85714285714266
1,827,396,395.90476190476187
1,828,396,395.8095238095237
1,829,395,396.2857142857141
1,830,397,396.190476190476
1,831,397,395.28571428571433
1,832,393,394.6190476190475
1,833,393,393.95238095238074
1,834,395,393.90476190476187
1,835,395,394.6666666666665
1,836,394,394.4761904761904
1,837,394,393.90476190476187
1,838,393,393.14285714285705
1,839,393,392.47619047619037
1,840,391,391.52380952380946
1,841,391,390.95238095238085
1,842,390,390.04761904761904
1,843,390,389.8571428571428
1,844,388,388.33333333333326
1,845,388,386.238095238095
1,846,383,384.5714285714285
1,847,383,383.9999999999999
1,848,385,383.8095238095237
1,849,385,384.85714285714283
1,850,384,384.3809523809522
1,851,384,383.0476190476189
1,852,381,381.9999999999998
1,853,381,381.095238095238
1,854,381,380.5714285714285
1,855,380,380.2380952380953
1,856,380,379.3809523809523
1,857,378,378.57142857142844
1,858,378,378.0952380952379
1,859,378,377.8095238095237
1,860,378,378.1904761904761
1,861,378,377.90476190476187
1,862,378,377.33333333333326
1,863,376,376.6666666666666
1,864,376,376.09523809523796
1,865,376,375.8095238095237
1,866,376,376.0952380952381
1,867,376,375.95238095238085
1,868,376,375.6666666666665
1,869,375,375.3333333333332
1,870,375,375.0476190476189
1,871,375,374.9047619047617
1,872,375,374.99999999999983
1,873,375,374.90476190476187
1,874,375,375.047619047619
1,875,375,375.14285714285705
1,876,376,375.7619047619046
1,877,376,376.6190476190475
1,878,378,377.4285714285712
1,879,378,377.8095238095237
1,880,378,378.2380952380952
1,881,378,378.0476190476189
1,882,379,378.8095238095236
1,883,379,379.95238095238085
1,884,382,381.0952380952379
1,885,382,381.6666666666665
1,886,382,382.3809523809523
1,887,382,382.5714285714285
1,888,384,383.3809523809521
1,889,384,384.23809523809507
1,890,385,384.85714285714266
1,891,385,384.6666666666665
1,892,385,385.0476190476189
1,893,385,386.095238095238
1,894,388,387.8571428571428
1,895,390,389.09523809523796
1,896,390,389.3333333333332
1,897,388,388.95238095238096
1,898,388,388.4761904761904
1,899,390,389.2857142857141
1,900,390,390.9047619047619
1,901,393,392.1904761904761
1,902,393,392.85714285714266
1,903,393,393.28571428571405
1,904,393,392.8095238095236
1,905,393,393.0952380952378
1,906,393,393.6666666666666
1,907,395,394.3333333333331
1,908,395,394.90476190476164
1,909,395,395.19047619047603
1,910,395,394.8095238095237
1,911,395,395.0952380952379
1,912,395,395.6666666666666
1,913,397,396.23809523809507
1,914,397,396.9523809523808
1,915,397,397.5238095238094
1,916,398,397.6666666666665
1,917,398,397.95238095238085
1,918,398,398.09523809523796
1,919,398,398.0
1,920,398,399.61904761904736
1,921,398,397.19047619047615
1,922,398,392.33333333333326
1,923,381,386.7619047619047
1,924,381,381.7619047619046
1,925,381,377.3333333333331
1,926,380,381.190476190476
1,927,380,385.8571428571427
1,928,398,391.9999999999999
1,929,398,398.0952380952381
1,930,400,400.90476190476176
1,931,400,398.61904761904736
1,932,397,398.33333333333326
1,933,397,398.2380952380951
1,934,400,398.9523809523809
1,935,400,399.3809523809523
1,936,399,398.4285714285712
1,937,396,397.14285714285705
1,938,396,396.8095238095238
1,939,398,396.9999999999999
1,940,398,397.7619047619047
1,941,397,397.42857142857116
1,942,397,396.3809523809524
1,943,395,395.5714285714284
1,944,395,395.0952380952379
1,945,395,394.8095238095237
1,946,395,395.1904761904762
1,947,395,394.9047619047618
1,948,395,394.2380952380951
1,949,393,393.71428571428555
1,950,393,393.42857142857133
1,951,394,393.4761904761905
1,952,394,394.04761904761887
1,953,394,394.4285714285712
1,954,394,393.4761904761903
1,955,393,391.6190476190474
1,956,389,390.57142857142856
1,957,389,390.7142857142855
1,958,393,391.1428571428571
1,959,393,392.095238095238
1,960,390,391.23809523809507
1,961,390,389.42857142857133
1,962,387,387.5714285714283
1,963,387,386.23809523809507
1,964,384,384.66666666666663
1,965,384,383.5238095238095
1,966,383,383.19047619047603
1,967,383,384.3333333333331
1,968,386,384.76190476190476
1,969,386,384.85714285714266
1,970,383,384.2857142857141
1,971,383,383.3333333333332
1,972,383,382.6190476190475
1,973,383,382.14285714285694
1,974,381,381.76190476190465
1,975,381,382.1428571428571
1,976,383,381.8571428571427
1,977,383,381.6190476190475
1,978,379,380.95238095238085
1,979,380,379.8095238095238
1,980,380,379.42857142857133
1,981,379,379.3333333333332
1,982,379,378.19047619047603
1,983,377,377.66666666666646
1,984,377,378.0476190476189
1,985,379,377.99999999999994
1,986,379,377.8095238095236
1,987,376,377.2380952380952
1,988,376,376.5714285714286
1,989,377,376.33333333333326
1,990,377,376.7142857142856
1,991,376,376.38095238095235
1,992,376,375.71428571428555
1,993,375,375.2380952380953
1,994,375,374.95238095238074
1,995,375,374.95238095238096
1,996,375,375.2380952380951
1,997,376,375.7142857142855
1,998,376,376.2857142857143
1,999,377,376.76190476190476
1,1000,377,376.9523809523808
1,1001,377,377.095238095238
1,1002,377,376.9999999999999
1,1003,377,376.90476190476187
1,1004,377,377.04761904761915
1,1005,377,377.33333333333326
1,1006,378,377.6666666666665
1,1007,378,377.66666666666646
1,1008,378,378.2380952380952
1,1009,378,379.09523809523796
1,1010,381,379.95238095238074
1,1011,381,380.2380952380949
1,1012,380,380.7619047619047
1,1013,380,381.0476190476188
1,1014,383,381.6190476190475
1,1015,383,382.9999999999999
1,1016,383,384.3809523809523
1,1017,386,384.9523809523808
1,1018,386,385.5238095238094
1,1019,385,385.61904761904754
1,1020,385,384.76190476190465
1,1021,385,384.85714285714306
1,1022,385,385.7714285714285
1,1023,388,387.84999999999997
1,1024,388,387.5238095238095
1,1025,387,387.52380952380946
1,1026,387,387.8571428571427
1,1027,390,388.9523809523808
1,1028,390,390.095238095238
1,1029,391,390.99999999999983
1,1030,391,391.28571428571433
1,1031,392,391.7619047619046
1,1032,392,391.8571428571427
1,1033,392,392.142857142857
1,1034,392,392.2380952380951
1,1035,393,392.71428571428567
1,1036,393,393.3809523809522
1,1037,394,393.7142857142856
1,1038,394,393.33333333333314
1,1039,393,393.57142857142844
1,1040,393,394.142857142857
1,1041,396,394.8571428571426
1,1042,396,395.5238095238094
1,1043,395,395.428571428571
1,1044,395,395.142857142857
1,1045,395,395.4761904761904
1,1046,397,396.38095238095235
1,1047,397,397.3333333333333
1,1048,398,397.80952380952374
1,1049,398,397.7142857142856
1,1050,397,397.38095238095235
1,1051,397,397.8571428571427
1,1052,396,395.66666666666663
1,1053,396,391.95238095238085
1,1054,384,387.9523809523809
1,1055,384,384.8095238095237
1,1056,385,383.5714285714284
1,1057,385,385.6666666666665
1,1058,386,384.4285714285712
1,1059,386,385.19047619047603
1,1060,382,388.6666666666666
1,1061,394,389.57142857142844
1,1062,394,387.95238095238085
1,1063,381,386.85714285714266
1,1064,381,384.8571428571428
1,1065,389,384.80952380952374
1,1066,389,385.9523809523808
1,1067,383,386.09523809523785
1,1068,383,386.5714285714284
1,1069,390,386.61904761904736
1,1070,390,386.23809523809507
1,1071,380,384.0476190476188
1,1072,380,381.19047619047603
1,1073,381,379.5238095238094
1,1074,381,379.0476190476189
1,1075,377,378.7142857142857
1,1076,377,379.7619047619046
1,1077,383,380.3333333333331
1,1078,383,380.4285714285712
1,1079,377,379.7142857142856
1,1080,377,378.28571428571416
1,1081,380,378.42857142857133
1,1082,380,379.8571428571428
1,1083,380,380.1904761904761
1,1084,380,380.047619047619
1,1085,380,380.4285714285714
1,1086,381,380.6190476190476
1,1087,381,380.14285714285694
1,1088,380,380.66666666666646
1,1089,380,382.00000000000006
1,1090,385,383.09523809523796
1,1091,385,383.6666666666665
1,1092,382,383.5238095238094
1,1093,382,382.6666666666665
1,1094,383,382.2857142857141
1,1095,383,381.9047619047618
1,1096,381,381.95238095238085
1,1097,381,382.9999999999999
1,1098,385,383.1904761904759
1,1099,385,382.33333333333314
1,1100,379,381.71428571428555
1,1101,379,380.9047619047617
1,1102,384,381.5238095238095
1,1103,383,383.0476190476188
1,1104,383,383.095238095238
1,1105,382,382.28571428571416
1,1106,382,382.5714285714284
1,1107,383,382.4761904761904
1,1108,383,382.1904761904761
1,1109,381,381.80952380952374
1,1110,381,381.5238095238095
1,1111,382,381.42857142857144
1,1112,382,381.7142857142856
1,1113,381,381.38095238095246
1,1114,381,380.52380952380935
1,1115,380,380.3333333333333
1,1116,380,381.09523809523796
1,1117,382,381.0476190476189
1,1118,382,380.19047619047603
1,1119,378,379.7142857142857
1,1120,378,379.7142857142857
1,1121,382,380.19047619047603
1,1122,382,381.14285714285705
1,1123,380,380.76190476190453
1,1124,380,380.52380952380946
1,1125,380,380.6666666666666
1,1126,383,380.99999999999983
1,1127,380,380.8571428571426
1,1128,380,380.2380952380952
1,1129,380,379.8095238095235
1,1130,380,380.19047619047603
1,1131,382,381.5714285714285
1,1132,382,383.95238095238085
1,1133,387,385.04761904761887
1,1134,387,385.5714285714284
1,1135,383,385.90476190476176
1,1136,386,385.14285714285705
1,1137,386,385.14285714285705
1,1138,385,385.61904761904754
1,1139,385,385.2380952380951
1,1140,385,384.8095238095237
1,1141,385,384.1428571428571
1,1142,383,383.76190476190476
1,1143,383,383.76190476190465
1,1144,385,384.142857142857
1,1145,385,384.9999999999999
1,1146,385,385.14285714285694
1,1147,385,384.85714285714266
1,1148,384,384.23809523809507
1,1149,384,382.9999999999999
1,1150,382,382.76190476190465
1,1151,382,383.7142857142856
1,1152,386,384.142857142857
1,1153,386,384.90476190476176
1,1154,383,384.57142857142856
1,1155,385,384.71428571428567
1,1156,385,386.66666666666646
1,1157,390,388.3333333333333
1,1158,390,387.95238095238085
1,1159,386,388.0476190476191
1,1160,386,388.42857142857133
1,1161,391,388.66666666666674
1,1162,391,387.9999999999999
1,1163,385,387.8571428571427
1,1164,385,388.8095238095237
1,1165,393,389.3333333333331
1,1166,393,389.33333333333326
1,1167,384,387.90476190476176
1,1168,384,385.5238095238094
1,1169,387,385.09523809523796
1,1170,387,386.71428571428555
1,1171,386,386.71428571428544
1,1172,386,385.28571428571433
1,1173,384,383.52380952380935
1,1174,382,382.95238095238085
1,1175,382,383.6190476190475
1,1176,386,384.2857142857142
1,1177,386,383.6190476190475
1,1178,382,384.14285714285705
1,1179,382,385.95238095238085
1,1180,391,387.23809523809524
1,1181,391,387.90476190476187
1,1182,383,386.52380952380946
1,1183,383,383.0952380952381
1,1184,383,382.3809523809523
1,1185,383,383.33333333333326
1,1186,386,385.33333333333326
1,1187,386,389.4285714285712
1,1188,393,390.33333333333326
1,1189,393,388.71428571428555
1,1190,380,384.80952380952374
1,1191,380,378.42857142857133
1,1192,376,376.5238095238093
1,1193,376,379.38095238095235
1,1194,385,381.4285714285714
1,1195,385,383.9523809523808
1,1196,383,384.8571428571428
1,1197,384,383.76190476190465
1,1198,384,384.14285714285705
1,1199,384,383.90476190476176
1,1200,384,381.6190476190475
1,1201,380,381.8571428571427
1,1202,380,384.90476190476187
1,1203,391,386.42857142857133
1,1204,391,387.09523809523796
1,1205,380,384.5714285714285
1,1206,380,379.3333333333331
1,1207,377,377.0476190476189
1,1208,377,377.71428571428567
1,1209,379,378.0952380952379
1,1210,379,379.14285714285694
1,1211,380,379.9047619047617
1,1212,380,380.4761904761904
1,1213,381,380.3809523809523
1,1214,381,380.4285714285712
1,1215,379,380.76190476190465
1,1216,382,381.095238095238
1,1217,382,381.8571428571427
1,1218,382,382.1904761904761
1,1219,382,381.2380952380951
1,1220,380,380.71428571428555
1,1221,380,380.42857142857144
1,1222,381,380.47619047619037
1,1223,381,380.95238095238096
1,1224,381,381.09523809523796
1,1225,381,380.9999999999999
1,1226,381,380.9999999999999
1,1227,381,380.90476190476176
1,1228,381,381.0476190476189
1,1229,381,381.3333333333333
1,1230,382,381.6666666666666
1,1231,382,381.9523809523809
1,1232,382,382.09523809523796
1,1233,382,381.9999999999997
1,1234,382,381.9999999999997
1,1235,382,381.9999999999997
1,1236,382,381.9999999999997
1,1237,382,381.90476190476176
1,1238,382,382.04761904761887
1,1239,382,382.3333333333333
1,1240,383,382.76190476190465
1,1241,383,382.9047619047618
1,1242,383,382.7619047619046
1,1243,382,382.33333333333314
1,1244,382,381.7619047619047
1,1245,382,382.0476190476189
1,1246,382,382.99999999999994
1,1247,385,383.9999999999999
1,1248,385,385.142857142857
1,1249,385,385.14285714285705
1,1250,385,383.9999999999999
1,1251,382,382.99999999999994
1,1252,382,381.9523809523809
1,1253,382,381.8095238095238
1,1254,382,382.5714285714285
1,1255,384,383.3809523809521
1,1256,384,384.23809523809507
1,1257,385,384.85714285714266
1,1258,385,384.9523809523808
1,1259,385,385.095238095238
1,1260,385,384.9999999999999
1,1261,385,384.9999999999999
1,1262,385,384.9999999999999
1,1263,385,384.9999999999999
1,1264,385,384.9999999999999
1,1265,385,384.9999999999999
1,1266,385,384.9999999999999
1,1267,385,384.9999999999999
1,1268,385,384.9999999999999
1,1269,385,384.9999999999999
1,1270,385,384.9999999999999
1,1271,385,384.9999999999999
1,1272,385,384.9999999999999
1,1273,385,384.9047619047618
1,1274,385,385.0476190476188
1,1275,385,385.2380952380951
1,1276,386,385.7142857142857
1,1277,386,386.2285714285717
1,1278,387,386.7714285714284
1,1279,387,387.0999999999999
1,1280,389,387.38095238095224
1,1281,389,387.5714285714285
1,1282,383,389.8571428571427
1,1283,395,390.85714285714283
1,1284,395,390.6666666666665
1,1285,386,390.238095238095
1,1286,386,386.5238095238094
1,1287,388,386.7619047619046
1,1288,388,390.19047619047586
1,1289,394,392.047619047619
1,1290,394,393.76190476190453
1,1291,391,392.047619047619
1,1292,391,387.09523809523796
1,1293,380,383.57142857142844
1,1294,380,381.57142857142844
1,1295,384,381.76190476190465
1,1296,384,384.61904761904736
1,1297,387,386.47619047619014
1,1298,387,387.61904761904754
1,1299,389,387.9999999999999
1,1300,389,388.85714285714266
1,1301,388,391.2857142857142
1,1302,394,391.66666666666663
1,1303,394,390.09523809523796
1,1304,386,389.6666666666666
1,1305,386,390.5238095238095
1,1306,395,390.6666666666667
1,1307,395,389.2380952380952
1,1308,383,388.5238095238094
1,1309,383,388.1428571428569
1,1310,397,391.238095238095
1,1311,397,398.0952380952381
1,1312,398,398.2857142857142
1,1313,398,391.8095238095238
1,1314,383,388.6666666666666
1,1315,383,389.14285714285694
1,1316,395,388.85714285714266
1,1317,395,388.95238095238085
1,1318,380,386.38095238095224
1,1319,380,382.38095238095235
1,1320,385,381.9047619047618
1,1321,385,384.7619047619046
1,1322,385,385.2857142857142
1,1323,385,385.0952380952379
1,1324,385,385.7619047619045
1,1325,387,386.28571428571416
1,1326,387,386.57142857142856
1,1327,386,386.90476190476187
1,1328,386,385.8571428571427
1,1329,386,385.6190476190475
1,1330,382,382.80952380952374
1,1331,382,378.5238095238094
1,1332,371,374.190476190476
1,1333,371,371.57142857142844
1,1334,371,369.5238095238094
1,1335,372,372.04761904761904
1,1336,372,374.5238095238095
1,1337,380,377.4761904761903
1,1338,380,380.14285714285694
1,1339,381,381.3333333333333
1,1340,381,380.19047619047603
1,1341,379,379.8095238095237
1,1342,379,379.42857142857144
1,1343,380,379.47619047619025
1,1344,380,380.14285714285705
1,1345,380,379.99999999999994
1,1346,380,378.95238095238096
1,1347,378,378.85714285714266
1,1348,378,379.61904761904754
1,1349,382,380.3809523809523
1,1350,382,381.52380952380946
1,1351,380,380.3809523809523
1,1352,380,378.9999999999999
1,1353,376,379.2857142857143
1,1354,381,379.28571428571416
1,1355,381,378.0476190476189
1,1356,376,378.47619047619037
1,1357,376,378.6666666666666
1,1358,383,380.14285714285694
1,1359,383,382.9999999999999
1,1360,382,382.66666666666646
1,1361,382,379.5238095238094
1,1362,375,377.3333333333331
1,1363,375,375.6190476190474
1,1364,377,375.8571428571427
1,1365,377,378.14285714285705
1,1366,381,379.9047619047618
1,1367,381,381.7142857142856
1,1368,382,381.76190476190465
1,1369,382,379.28571428571405
1,1370,376,378.4285714285712
1,1371,376,378.9047619047618
1,1372,383,379.76190476190476
1,1373,383,381.7619047619047
1,1374,380,382.4285714285712
1,1375,382,381.4285714285714
1,1376,382,380.99999999999994
1,1377,381,381.6666666666666
1,1378,381,382.0476190476189
1,1379,384,382.9047619047618
1,1380,384,383.7619047619045
1,1381,384,384.3333333333332
1,1382,384,384.2380952380951
1,1383,385,384.7142857142856
1,1384,385,385.2857142857142
1,1385,386,385.76190476190476
1,1386,386,385.95238095238085
1,1387,386,386.095238095238
1,1388,386,385.90476190476187
1,1389,386,385.9523809523811
1,1390,386,386.3809523809523
1,1391,387,387.28571428571394
1,1392,388,387.47619047619037
1,1393,388,386.38095238095224
1,1394,385,386.42857142857133
1,1395,385,388.14285714285705
1,1396,392,389.0476190476189
1,1397,392,389.3333333333332
1,1398,385,387.9999999999998
1,1399,385,385.3333333333332
1,1400,385,384.3333333333332
1,1401,385,384.14285714285717
1,1402,385,385.42857142857133
1,1403,385,388.5714285714284
1,1404,394,390.7142857142854
1,1405,394,390.8095238095237
1,1406,388,391.2380952380949
1,1407,388,391.6190476190476
1,1408,396,392.4285714285713
1,1409,396,393.8571428571427
1,1410,389,391.8095238095236
1,1411,389,387.42857142857133
1,1412,383,384.2857142857141
1,1413,383,382.7619047619046
1,1414,382,381.8571428571428
1,1415,382,382.7142857142856
1,1416,384,383.5238095238094
1,1417,384,383.7619047619047
1,1418,384,383.0952380952381
1,1419,381,382.047619047619
1,1420,381,381.5714285714285
1,1421,382,381.33333333333314
1,1422,382,381.52380952380935
1,1423,381,381.47619047619037
1,1424,381,381.6666666666665
1,1425,382,381.4285714285713
1,1426,382,379.9999999999997
1,1427,379,380.57142857142844
1,1428,379,383.4285714285713
1,1429,389,384.90476190476176
1,1430,389,384.7142857142856
1,1431,379,383.5238095238095
1,1432,379,381.4285714285713
1,1433,384,381.238095238095
1,1434,384,382.85714285714283
1,1435,381,382.4285714285713
1,1436,381,381.0
1,1437,380,379.95238095238074
1,1438,380,378.8095238095236
1,1439,378,378.8571428571428
1,1440,378,380.66666666666646
1,1441,384,381.5238095238095
1,1442,384,381.80952380952374
1,1443,378,380.4285714285712
1,1444,378,377.99999999999994
1,1445,377,376.42857142857133
1,1446,378,378.0476190476189
1,1447,378,380.95238095238085
1,1448,385,382.3809523809522
1,1449,385,381.7142857142855
1,1450,377,380.4761904761902
1,1451,377,378.47619047619037
1,1452,380,378.19047619047603
1,1453,380,379.33333333333326
1,1454,379,379.71428571428555
1,1455,379,379.99999999999983
1,1456,381,380.09523809523796
1,1457,381,379.80952380952357
1,1458,378,379.2380952380951
1,1459,378,378.4761904761904
1,1460,379,378.28571428571433
1,1461,379,378.9999999999999
1,1462,379,379.33333333333326
1,1463,380,379.71428571428555
1,1464,380,380.2857142857142
1,1465,381,380.7619047619047
1,1466,381,380.95238095238096
1,1467,381,381.09523809523796
1,1468,381,380.90476190476176
1,1469,381,381.0476190476189
1,1470,381,381.3333333333333
1,1471,382,381.6666666666666
1,1472,382,382.0476190476189
1,1473,382,382.0476190476189
1,1474,382,381.4761904761903
1,1475,381,381.4285714285714
1,1476,381,381.80952380952374
1,1477,383,382.1904761904761
1,1478,383,382.5714285714283
1,1479,382,382.52380952380946
1,1480,382,382.142857142857
1,1481,382,381.76190476190465
1,1482,382,381.7142857142856
1,1483,381,381.66666666666646
1,1484,382,381.7142857142857
1,1485,382,381.76190476190465
1,1486,382,382.142857142857
1,1487,382,382.42857142857133
1,1488,383,382.6190476190475
1,1489,383,382.52380952380946
1,1490,382,382.4761904761904
1,1491,382,382.19047619047626
1,1492,383,382.6666666666665
1,1493,383,383.8095238095238
1,1494,385,384.33333333333326
1,1495,385,384.33333333333326
1,1496,383,383.8095238095237
1,1497,383,382.5714285714283
1,1498,382,382.23809523809524
1,1499,382,382.7142857142856
1,1500,384,383.1428571428569
1,1501,384,383.9523809523808
1,1502,384,384.5238095238093
1,1503,385,384.66666666666663
1,1504,385,384.9523809523808
1,1505,385,385.095238095238
1,1506,385,384.9047619047618
1,1507,385,385.0476190476188
1,1508,385,385.2380952380951
1,1509,386,385.7142857142857
1,1510,386,386.4761904761904
1,1511,387,386.6666666666666
1,1512,387,386.19047619047603
1,1513,385,385.8095238095238
1,1514,385,385.6190476190476
1,1515,386,385.3809523809522
1,1516,386,385.0
1,1517,384,384.9047619047617
1,1518,384,385.1904761904761
1,1519,387,385.7619047619048
1,1520,387,386.4285714285713
1,1521,386,386.95238095238085
1,1522,386,386.2380952380951
1,1523,387,385.57142857142844
1,1524,384,384.95238095238085
1,1525,384,384.2380952380952
1,1526,384,383.7142857142856
1,1527,384,383.8095238095238
1,1528,384,384.0952380952379
1,1529,384,384.95238095238085
1,1530,386,385.19047619047603
1,1531,386,384.9047619047618
1,1532,383,383.9047619047618
1,1533,383,383.0857142857144
1,1534,383,383.342857142857
1,1535,386,385.84999999999997
1,1536,386,385.23809523809524
1,1537,381,382.76190476190465
1,1538,381,380.9047619047618
1,1539,380,379.71428571428555
1,1540,380,378.19047619047615
1,1541,377,378.33333333333326
1,1542,377,380.9047619047618
1,1543,386,382.3333333333333
1,1544,386,382.7142857142856
1,1545,378,381.61904761904736
1,1546,378,378.6666666666666
1,1547,380,379.2380952380952
1,1548,380,380.9999999999999
1,1549,384,381.19047619047615
1,1550,379,379.80952380952374
1,1551,379,379.2857142857141
1,1552,379,381.1904761904761
1,1553,386,385.99999999999994
1,1554,393,390.33333333333326
1,1555,393,393.3333333333332
1,1556,393,393.6666666666666
1,1557,393,392.90476190476176
1,1558,393,393.0476190476189
1,1559,393,393.52380952380935
1,1560,394,393.57142857142844
1,1561,394,393.2857142857142
1,1562,392,392.7619047619049
1,1563,392,392.19047619047615
1,1564,392,391.76190476190476
1,1565,392,391.38095238095224
1,1566,391,391.47619047619037
1,1567,391,392.2380952380952
1,1568,394,392.8095238095238
1,1569,394,393.1904761904761
1,1570,392,392.76190476190453
1,1571,392,392.19047619047615
1,1572,392,393.0476190476191
1,1573,394,393.0476190476191
1,1574,394,391.42857142857133
1,1575,388,390.4285714285714
1,1576,388,390.2380952380951
1,1577,393,390.61904761904754
1,1578,393,391.66666666666646
1,1579,390,391.5238095238093
1,1580,390,390.6666666666666
1,1581,391,390.28571428571416
1,1582,391,390.4571428571431
1,1583,389,389.8857142857141
1,1584,389,388.7999999999999
2,0,392,387.66666666666646
2,1,392,392.5238095238094
2,2,392,392.6666666666664
2,3,392,387.80952380952374
2,4,380,384.0952380952381
2,5,380,380.9523809523809
2,6,382,380.33333333333314
2,7,382,382.8095238095237
2,8,385,384.23809523809507
2,9,385,385.38095238095235
2,10,386,385.85714285714283
2,11,386,385.0
2,12,384,385.2857142857141
2,13,384,384.9047619047618
2,14,387,384.2857142857142
2,15,383,384.2857142857142
2,16,383,383.9523809523808
2,17,385,384.04761904761887
2,18,385,385.66666666666663
2,19,387,386.4761904761903
2,20,387,386.4761904761904
2,21,386,386.57142857142856
2,22,386,386.57142857142856
2,23,387,386.4761904761903
2,24,387,386.8571428571428
2,25,385,385.47619047619054
2,26,385,382.5238095238094
2,27,379,381.09523809523796
2,28,379,381.6666666666665
2,29,385,382.04761904761904
2,30,385,383.4761904761903
2,31,381,383.57142857142844
2,32,383,382.5238095238095
2,33,383,382.4285714285714
2,34,383,383.2380952380951
2,35,383,383.6190476190475
2,36,384,383.52380952380935
2,37,384,382.8571428571428
2,38,381,382.14285714285694
2,39,381,381.6666666666665
2,40,382,381.2857142857143
2,41,382,381.0952380952379
2,42,380,380.8571428571428
2,43,380,380.95238095238085
2,44,382,381.047619047619
2,45,382,381.238095238095
2,46,380,380.85714285714266
2,47,380,379.99999999999994
2,48,380,379.8571428571429
2,49,380,380.52380952380935
2,50,381,380.3809523809521
2,51,381,380.3809523809523
2,52,379,380.6190476190475
2,53,381,380.3333333333332
2,54,381,380.047619047619
2,55,379,379.8571428571428
2,56,379,378.8095238095237
2,57,379,378.9523809523808
2,58,379,380.19047619047603
2,59,382,380.9047619047619
2,60,382,381.3809523809523
2,61,380,380.8571428571427
2,62,380,379.42857142857133
2,63,378,378.47619047619037
2,64,378,378.19047619047603
2,65,378,377.7619047619047
2,66,378,377.7619047619048
2,67,377,377.2857142857141
2,68,377,376.42857142857133
2,69,376,376.3809523809523
2,70,376,377.14285714285705
2,71,379,377.8571428571427
2,72,379,378.42857142857133
2,73,378,378.38095238095224
2,74,378,378.5238095238094
2,75,379,379.8571428571429
2,76,382,380.80952380952374
2,77,382,380.47619047619037
2,78,379,380.52380952380935
2,79,379,381.19047619047603
2,80,384,381.85714285714283
2,81,384,381.95238095238074
2,82,380,382.0476190476189
2,83,380,382.3333333333333
2,84,385,382.7142857142856
2,85,385,382.90476190476176
2,86,380,382.23809523809524
2,87,380,380.6190476190475
2,88,382,380.9999999999999
2,89,382,382.9999999999999
2,90,385,384.1428571428571
2,91,385,384.2380952380951
2,92,384,385.14285714285717
2,93,384,384.8571428571427
2,94,387,384.09523809523796
2,95,383,384.4285714285713
2,96,383,385.14285714285694
2,97,388,385.95238095238085
2,98,388,387.66666666666663
2,99,388,388.5238095238094
2,100,388,388.90476190476187
2,101,389,388.38095238095224
2,102,389,386.28571428571416
2,103,383,385.42857142857133
2,104,383,385.2380952380951
2,105,390,387.2857142857141
2,106,390,390.99999999999983
2,107,394,393.33333333333314
2,108,394,393.6190476190473
2,109,394,394.47619047619025
2,110,394,394.76190476190465
2,111,396,396.047619047619
2,112,396,395.1904761904761
2,113,395,391.9999999999999
2,114,387,390.142857142857
2,115,387,390.6666666666667
2,116,396,392.04761904761887
2,117,396,393.8571428571427
2,118,392,394.3809523809523
2,119,392,393.52380952380935
2,120,396,394.2857142857142
2,121,396,395.6190476190474
2,122,396,396.47619047619025
2,123,396,396.66666666666646
2,124,398,397.33333333333314
2,125,398,397.99999999999966
2,126,398,398.1428571428568
2,127,398,397.6666666666666
2,128,397,397.3333333333333
2,129,397,396.8571428571429
2,130,397,396.9999999999999
2,131,397,399.0952380952381
2,132,399,397.6190476190477
2,133,399,392.8571428571428
2,134,384,389.6190476190475
2,135,384,388.42857142857133
2,136,395,389.95238095238085
2,137,396,395.28571428571416
2,138,396,398.95238095238074
2,139,399,397.61904761904754
2,140,399,394.5714285714284
2,141,389,393.09523809523796
2,142,389,393.9523809523809
2,143,399,394.142857142857
2,144,399,394.047619047619
2,145,387,392.1904761904761
2,146,387,388.85714285714283
2,147,392,389.38095238095235
2,148,392,392.8095238095238
2,149,396,395.28571428571416
2,150,396,397.4761904761903
2,151,399,398.0476190476191
2,152,399,396.04761904761887
2,153,392,394.85714285714295
2,154,392,394.6666666666665
2,155,397,393.95238095238074
2,156,397,394.6190476190475
2,157,390,394.3333333333334
2,158,394,392.9047619047619
2,159,394,392.4761904761902
2,160,392,392.85714285714266
2,161,392,392.19047619047615
2,162,392,394.6666666666667
2,163,394,392.238095238095
2,164,394,386.2380952380951
2,165,371,378.8571428571426
2,166,371,372.09523809523796
2,167,371,367.09523809523785
2,168,371,371.85714285714283
2,169,371,376.71428571428555
2,170,389,383.1428571428571
2,171,389,389.4285714285714
2,172,392,392.5714285714283
2,173,392,391.14285714285705
2,174,389,390.142857142857
2,175,389,388.142857142857
2,176,386,387.190476190476
2,177,386,385.9047619047619
2,178,386,383.3809523809523
2,179,381,382.9999999999998
2,180,381,383.85714285714283
2,181,388,385.0476190476189
2,182,388,387.1428571428571
2,183,385,386.4285714285713
2,184,385,383.19047619047626
2,185,380,381.52380952380935
2,186,380,381.61904761904754
2,187,383,381.33333333333326
2,188,383,381.52380952380946
2,189,379,380.6190476190474
2,190,379,379.0952380952381
2,191,379,378.66666666666646
2,192,379,379.6190476190475
2,193,380,379.52380952380946
2,194,380,378.95238095238085
2,195,377,378.09523809523796
2,196,377,377.142857142857
2,197,377,376.7142857142858
2,198,377,377.1904761904761
2,199,377,376.9047619047617
2,200,377,376.33333333333326
2,201,375,375.5714285714285
2,202,375,375.14285714285717
2,203,375,375.3333333333332
2,204,376,375.5714285714284
2,205,376,375.2857142857141
2,206,374,374.76190476190465
2,207,374,373.9999999999998
2,208,374,373.8571428571427
2,209,374,374.3333333333332
2,210,375,374.66666666666663
2,211,375,374.85714285714283
2,212,375,375.14285714285705
2,213,375,375.2380952380951
2,214,376,375.7142857142855
2,215,376,375.9999999999999
2,216,377,376.9047619047618
2,217,377,377.95238095238085
2,218,380,378.90476190476164
2,219,380,379.95238095238074
2,220,380,381.0476190476189
2,221,382,381.2857142857141
2,222,382,381.2857142857141
2,223,381,381.6666666666666
2,224,381,382.1428571428571
2,225,384,382.85714285714266
2,226,384,383.3333333333332
2,227,383,383.7142857142856
2,228,383,383.7142857142856
2,229,385,384.2380952380952
2,230,385,384.7142857142857
2,231,385,385.28571428571416
2,232,385,385.66666666666646
2,233,387,386.3333333333332
2,234,387,386.8095238095237
2,235,387,387.23809523809524
2,236,387,387.047619047619
2,237,388,387.80952380952374
2,238,388,389.1428571428569
2,239,391,389.99999999999983
2,240,391,389.80952380952357
2,241,389,390.5238095238095
2,242,389,390.2380952380951
2,243,393,389.6666666666666
2,244,389,390.38095238095224
2,245,389,391.3333333333332
2,246,394,391.9047619047616
2,247,394,393.4285714285713
2,248,393,393.80952380952374
2,249,393,392.9523809523808
2,250,393,392.9523809523808
2,251,393,393.33333333333314
2,252,394,393.6666666666666
2,253,394,393.9714285714287
2,254,394,394.14285714285694
2,255,394,394.0
2,256,394,389.0476190476189
2,257,394,393.6190476190475
2,258,395,396.09523809523796
2,259,395,394.8571428571426
2,260,395,395.142857142857
2,261,395,395.142857142857
2,262,396,395.7619047619046
2,263,396,396.6190476190475
2,264,398,397.4285714285711
2,265,398,397.9047619047618
2,266,398,398.190476190476
2,267,398,398.0
2,268,398,398.0
2,269,398,398.0
2,270,398,398.0
2,271,398,398.0
2,272,398,398.0
2,273,398,398.0
2,274,398,397.80952380952374
2,275,398,398.09523809523796
2,276,398,398.95238095238074
2,277,400,399.19047619047603
2,278,400,398.80952380952374
2,279,397,398.2380952380951
2,280,397,397.38095238095235
2,281,398,397.4285714285713
2,282,398,398.47619047619037
2,283,399,398.6666666666667
2,284,399,398.2857142857141
2,285,397,398.047619047619
2,286,397,396.9523809523808
2,287,397,395.6190476190475
2,288,394,395.0952380952379
2,289,394,395.095238095238
2,290,396,394.9047619047618
2,291,396,394.80952380952385
2,292,393,394.23809523809507
2,293,393,393.4761904761905
2,294,394,393.38095238095235
2,295,394,394.14285714285717
2,296,394,393.99999999999983
2,297,394,393.42857142857144
2,298,392,392.6190476190477
2,299,392,391.66666666666663
2,300,391,391.19047619047603
2,301,391,391.5714285714285
2,302,392,391.4761904761903
2,303,392,390.99999999999994
2,304,390,391.4761904761902
2,305,390,390.80952380952385
2,306,393,389.7142857142856
2,307,387,388.9047619047617
2,308,387,387.90476190476187
2,309,388,387.09523809523796
2,310,388,388.4285714285713
2,311,388,387.8571428571427
2,312,388,386.14285714285705
2,313,383,384.7619047619045
2,314,383,384.095238095238
2,315,385,383.76190476190476
2,316,385,384.5238095238096
2,317,383,383.7142857142856
2,318,383,381.9999999999999
2,319,380,380.8571428571426
2,320,380,380.5714285714285
2,321,381,380.3333333333332
2,322,381,380.6190476190474
2,323,380,380.4285714285713
2,324,380,380.1428571428571
2,325,380,379.8571428571428
2,326,380,379.57142857142844
2,327,379,379.38095238095224
2,328,379,379.57142857142844
2,329,380,379.4761904761904
2,330,380,379.2857142857142
2,331,378,378.8571428571428
2,332,378,378.0476190476189
2,333,378,377.57142857142844
2,334,377,377.2857142857141
2,335,377,376.8095238095236
2,336,376,376.1904761904761
2,337,376,375.61904761904754
2,338,375,375.28571428571416
2,339,375,375.3809523809523
2,340,376,375.5714285714284
2,341,376,375.95238095238085
2,342,376,376.09523809523796
2,343,376,375.9999999999999
2,344,376,375.9999999999999
2,345,376,375.9047619047618
2,346,376,376.0476190476189
2,347,376,376.4285714285712
2,348,377,376.6190476190475
2,349,377,376.52380952380946
2,350,376,376.4761904761903
2,351,376,376.3809523809523
2,352,377,376.38095238095224
2,353,377,377.0476190476189
2,354,377,377.6666666666667
2,355,379,378.38095238095224
2,356,379,379.14285714285694
2,357,380,379.9047619047617
2,358,380,380.2857142857142
2,359,381,380.7619047619047
2,360,381,380.95238095238096
2,361,381,381.09523809523796
2,362,381,380.8095238095237
2,363,381,381.09523809523796
2,364,381,381.6666666666666
2,365,383,382.42857142857116
2,366,383,382.85714285714283
2,367,383,382.5714285714285
2,368,382,382.28571428571416
2,369,382,383.14285714285705
2,370,385,384.5714285714285
2,371,387,386.3809523809522
2,372,387,387.0952380952381
2,373,387,386.2380952380951
2,374,385,385.80952380952374
2,375,385,386.19047619047615
2,376,388,386.76190476190465
2,377,388,387.42857142857133
2,378,387,387.66666666666663
2,379,387,387.47619047619037
2,380,388,387.52380952380946
2,381,388,387.61904761904754
2,382,387,386.9523809523809
2,383,387,387.28571428571394
2,384,387,388.3809523809524
2,385,392,390.4285714285714
2,386,392,392.4285714285713
2,387,394,393.80952380952374
2,388,394,393.80952380952357
2,389,394,394.23809523809496
2,390,394,394.1428571428568
2,391,395,394.76190476190465
2,392,395,395.71428571428555
2,393,397,396.38095238095224
2,394,397,396.2857142857142
2,395,396,396.66666666666646
2,396,396,397.04761904761875
2,397,399,397.9047619047617
2,398,399,398.95238095238074
2,399,399,399.2380952380951
2,400,399,398.6666666666665
2,401,398,398.33333333333326
2,402,398,397.9523809523808
2,403,398,398.0476190476191
2,404,398,398.2857142857141
2,405,399,398.4285714285712
2,406,398,398.2380952380951
2,407,398,397.99999999999983
2,408,397,397.14285714285705
2,409,397,396.2857142857141
2,410,395,395.6190476190474
2,411,395,395.52380952380946
2,412,396,395.4285714285713
2,413,396,395.71428571428555
2,414,395,395.3809523809523
2,415,395,394.9047619047618
2,416,394,394.142857142857
2,417,394,393.19047619047603
2,418,392,392.6666666666666
2,419,392,392.9523809523809
2,420,394,393.0476190476191
2,421,394,393.238095238095
2,422,392,393.0476190476189
2,423,392,391.9999999999999
2,424,392,391.0476190476189
2,425,390,390.7142857142857
2,426,390,390.8095238095237
2,427,391,390.28571428571416
2,428,391,389.5238095238093
2,429,387,388.4761904761905
2,430,387,387.71428571428567
2,431,388,387.19047619047615
2,432,388,387.4761904761903
2,433,386,386.6666666666665
2,434,386,385.2380952380951
2,435,384,384.5714285714285
2,436,384,384.85714285714266
2,437,386,385.3809523809523
2,438,386,385.42857142857133
2,439,385,384.5238095238095
2,440,382,383.0476190476189
2,441,382,382.0476190476189
2,442,382,381.7142857142856
2,443,382,382.28571428571416
2,444,382,381.85714285714283
2,445,382,380.99999999999983
2,446,379,379.99999999999983
2,447,379,379.142857142857
2,448,379,378.7142857142856
2,449,379,379.095238095238
2,450,379,378.952380952381
2,451,379,378.76190476190465
2,452,378,378.28571428571416
2,453,378,377.6190476190476
2,454,377,377.2857142857143
2,455,377,377.4761904761904
2,456,378,377.5238095238093
2,457,378,377.7142857142856
2,458,377,377.3809523809523
2,459,377,376.71428571428567
2,460,376,376.2380952380951
2,461,376,376.0476190476189
2,462,376,375.9047619047618
2,463,376,375.9999999999999
2,464,376,375.9999999999999
2,465,376,375.9999999999999
2,466,376,375.9047619047618
2,467,376,376.0476190476189
2,468,376,376.33333333333326
2,469,377,376.6666666666667
2,470,377,376.76190476190476
2,471,377,377.1904761904761
2,472,377,377.76190476190465
2,473,379,378.28571428571416
2,474,379,378.4761904761904
2,475,378,378.5714285714283
2,476,378,378.28571428571416
2,477,379,378.6190476190475
2,478,379,379.1904761904761
2,479,380,379.8095238095238
2,480,380,380.09523809523813
2,481,381,380.7619047619047
2,482,381,381.6666666666665
2,483,383,382.7619047619046
2,484,384,383.57142857142856
2,485,384,384.047619047619
2,486,384,384.14285714285694
2,487,384,384.2380952380951
2,488,385,384.7142857142856
2,489,385,385.190476190476
2,490,386,385.8095238095238
2,491,386,386.2857142857142
2,492,387,386.7619047619046
2,493,387,386.8571428571427
2,494,387,387.1428571428571
2,495,387,387.14285714285694
2,496,388,387.76190476190476
2,497,388,388.8095238095236
2,498,390,389.3333333333331
2,499,390,388.95238095238096
2,500,388,388.99999999999983
2,501,388,389.0952380952378
2,502,391,389.80952380952374
2,503,391,390.76190476190465
2,504,391,391.23809523809524
2,505,391,391.38095238095224
2,506,392,391.9999999999999
2,507,393,392.61904761904736
2,508,393,392.85714285714266
2,509,393,393.14285714285734
2,510,393,393.51428571428556
2,511,395,394.9
2,512,395,389.99999999999983
2,513,396,394.9047619047618
2,514,396,397.3809523809523
2,515,396,396.1428571428571
2,516,396,396.3333333333332
2,517,397,396.66666666666663
2,518,397,396.7619047619046
2,519,397,397.19047619047615
2,520,397,397.6666666666665
2,521,399,398.3333333333331
2,522,399,398.9047619047617
2,523,399,399.19047619047603
2,524,399,398.90476190476187
2,525,399,399.0476190476189
2,526,399,399.3333333333333
2,527,400,399.8571428571427
2,528,400,399.8571428571429
2,529,400,399.5238095238094
2,530,398,398.61904761904754
2,531,398,397.8571428571427
2,532,397,397.095238095238
2,533,397,396.71428571428567
2,534,396,396.23809523809524
2,535,396,396.1428571428571
2,536,396,395.8571428571427
2,537,396,395.8571428571427
2,538,395,395.23809523809507
2,539,395,394.3809523809521
2,540,393,393.57142857142844
2,541,393,393.1904761904761
2,542,393,392.76190476190465
2,543,393,392.76190476190453
2,544,392,392.2857142857143
2,545,392,391.7142857142856
2,546,391,391.23809523809507
2,547,391,391.2380952380952
2,548,391,390.8095238095237
2,549,391,390.5238095238095
2,550,389,389.4761904761903
2,551,389,388.4761904761903
2,552,387,387.9999999999999
2,553,388,387.66666666666646
2,554,388,387.09523809523796
2,555,386,386.76190476190453
2,556,386,386.2857142857141
2,557,386,385.71428571428555
2,558,386,385.14285714285705
2,559,384,384.7619047619046
2,560,384,384.7619047619046
2,561,386,385.142857142857
2,562,386,386.2857142857141
2,563,386,385.99999999999994
2,564,386,384.2857142857141
2,565,382,383.5238095238095
2,566,382,384.095238095238
2,567,386,383.9047619047618
2,568,386,383.85714285714266
2,569,380,382.71428571428555
2,570,381,380.9523809523809
2,571,381,380.3809523809523
2,572,381,381.7619047619047
2,573,381,380.6666666666666
2,574,381,378.6666666666666
2,575,374,376.33333333333326
2,576,374,374.3333333333332
2,577,374,372.95238095238085
2,578,374,374.19047619047603
2,579,374,375.4285714285712
2,580,378,376.61904761904754
2,581,378,377.28571428571433
2,582,377,377.8095238095236
2,583,377,377.6190476190474
2,584,379,378.28571428571416
2,585,379,379.61904761904754
2,586,380,379.6666666666667
2,587,380,378.5238095238093
2,588,376,377.4761904761904
2,589,376,376.5238095238094
2,590,377,376.2857142857142
2,591,377,376.76190476190476
2,592,377,377.1904761904761
2,593,377,377.6666666666665
2,594,379,378.33333333333326
2,595,379,378.9047619047619
2,596,379,379.19047619047603
2,597,379,378.99999999999983
2,598,379,378.90476190476176
2,599,379,379.047619047619
2,600,379,379.4285714285714
2,601,380,379.6190476190474
2,602,380,379.52380952380935
2,603,379,379.4761904761903
2,604,379,379.57142857142844
2,605,380,379.4761904761904
2,606,380,379.1904761904761
2,607,378,378.8095238095237
2,608,378,378.33333333333314
2,609,379,378.5238095238094
2,610,379,379.09523809523796
2,611,380,379.4761904761904
2,612,380,380.80952380952357
2,613,382,382.95238095238096
2,614,386,384.4761904761904
2,615,386,384.7619047619046
2,616,384,385.33333333333337
2,617,384,386.09523809523796
2,618,390,387.8095238095236
2,619,390,389.4285714285714
2,620,390,390.71428571428555
2,621,390,391.28571428571416
2,622,393,391.8571428571427
2,623,393,391.4761904761902
2,624,390,391.4761904761902
2,625,390,391.66666666666646
2,626,394,392.28571428571394
2,627,394,392.9523809523808
2,628,392,393.1428571428569
2,629,392,392.76190476190453
2,630,394,393.1428571428569
2,631,394,393.80952380952357
2,632,394,394.23809523809496
2,633,394,394.33333333333314
2,634,395,394.66666666666646
2,635,395,394.7619047619045
2,636,395,395.19047619047603
2,637,395,395.6666666666666
2,638,397,396.3333333333331
2,639,397,396.90476190476176
2,640,397,396.9047619047618
2,641,397,397.14285714285705
2,642,397,398.2857142857142
2,643,400,398.8571428571426
2,644,400,398.6666666666665
2,645,397,398.3809523809522
2,646,397,397.90476190476187
2,647,399,397.99999999999983
2,648,399,398.4761904761903
2,649,398,398.5714285714284
2,650,398,398.4761904761905
2,651,399,398.52380952380935
2,652,399,398.52380952380935
2,653,398,398.6666666666667
2,654,398,398.28571428571405
2,655,399,397.8095238095237
2,656,397,397.6666666666666
2,657,397,398.8571428571427
2,658,398,396.8095238095236
2,659,398,393.66666666666663
2,660,384,388.5714285714284
2,661,384,382.7619047619047
2,662,380,380.28571428571416
2,663,380,382.3809523809523
2,664,386,383.5238095238094
2,665,386,385.14285714285705
2,666,384,385.190476190476
2,667,384,383.38095238095224
2,668,383,383.3333333333333
2,669,383,384.7619047619047
2,670,387,384.8095238095237
2,671,387,385.76190476190476
2,672,383,387.09523809523796
2,673,389,386.99999999999994
2,674,389,386.9047619047617
2,675,385,386.952380952381
2,676,385,386.1904761904761
2,677,386,384.9523809523808
2,678,386,383.142857142857
2,679,379,381.6666666666665
2,680,379,381.1904761904762
2,681,384,381.5714285714285
2,682,384,383.28571428571405
2,683,382,383.04761904761887
2,684,382,381.2380952380951
2,685,380,380.5714285714285
2,686,380,380.2857142857143
2,687,382,381.3809523809523
2,688,382,384.1428571428571
2,689,387,385.238095238095
2,690,387,384.7619047619046
2,691,381,383.4761904761904
2,692,381,381.2857142857141
2,693,381,380.42857142857133
2,694,381,380.9999999999999
2,695,381,380.9999999999999
2,696,381,380.9999999999999
2,697,381,380.9999999999999
2,698,381,380.9999999999999
2,699,381,381.0952380952378
2,700,381,380.95238095238085
2,701,381,380.5714285714285
2,702,380,380.38095238095224
2,703,380,380.47619047619037
2,704,381,380.52380952380946
2,705,381,380.52380952380946
2,706,380,380.4761904761903
2,707,380,380.3809523809523
2,708,381,380.47619047619037
2,709,381,380.9999999999998
2,710,381,381.80952380952374
2,711,382,381.47619047619037
2,712,382,380.2380952380952
2,713,378,379.6190476190476
2,714,378,379.6190476190473
2,715,382,380.23809523809535
2,716,382,381.2857142857143
2,717,381,381.80952380952374
2,718,381,381.90476190476187
2,719,383,382.142857142857
2,720,383,382.23809523809507
2,721,381,381.85714285714283
2,722,381,380.9999999999999
2,723,381,380.8571428571428
2,724,381,381.61904761904754
2,725,382,381.52380952380946
2,726,382,380.5714285714285
2,727,379,380.2857142857142
2,728,379,380.5714285714285
2,729,383,381.33333333333326
2,730,383,382.47619047619054
2,731,382,382.90476190476187
2,732,382,381.95238095238085
2,733,382,380.8571428571427
2,734,380,380.8571428571427
2,735,380,381.52380952380935
2,736,384,382.4285714285713
2,737,384,383.3809523809521
2,738,383,383.76190476190465
2,739,383,383.2857142857142
2,740,384,383.61904761904736
2,741,384,384.4761904761903
2,742,385,384.6666666666664
2,743,385,384.095238095238
2,744,383,383.85714285714266
2,745,383,383.76190476190465
2,746,385,384.142857142857
2,747,385,384.9047619047618
2,748,385,385.2857142857142
2,749,385,384.9523809523808
2,750,385,384.4761904761903
2,751,384,384.4285714285713
2,752,384,384.8095238095236
2,753,386,385.19047619047603
2,754,386,385.57142857142844
2,755,385,385.5238095238094
2,756,385,385.1428571428571
2,757,385,384.8571428571427
2,758,385,384.85714285714266
2,759,384,384.23809523809507
2,760,384,383.38095238095224
2,761,382,382.5714285714286
2,762,382,382.09523809523796
2,763,382,381.80952380952374
2,764,382,381.71428571428555
2,765,382,382.00000000000017
2,766,382,382.7714285714283
2,767,385,384.84999999999997
2,768,385,384.047619047619
2,769,387,385.85714285714266
2,770,387,386.2380952380951
2,771,383,384.47619047619025
2,772,383,382.5714285714285
2,773,382,382.09523809523785
2,774,382,383.14285714285705
2,775,385,383.85714285714266
2,776,385,384.99999999999994
2,777,384,384.38095238095224
2,778,384,382.47619047619037
2,779,379,380.52380952380946
2,780,379,378.9999999999999
2,781,378,377.8095238095238
2,782,378,377.7142857142856
2,783,377,377.2380952380952
2,784,377,376.4761904761903
2,785,377,377.19047619047603
2,786,377,378.99999999999983
2,787,383,380.9999999999999
2,788,383,382.8095238095235
2,789,383,383.5238095238094
2,790,383,382.8571428571426
2,791,382,382.23809523809524
2,792,382,380.9999999999999
2,793,380,380.76190476190465
2,794,380,380.38095238095224
2,795,384,382.9999999999999
2,796,384,388.80952380952385
2,797,395,389.90476190476176
2,798,395,390.3809523809521
2,799,381,391.47619047619037
2,800,393,389.28571428571394
2,801,393,388.4285714285713
2,802,385,388.8095238095237
2,803,385,385.76190476190465
2,804,385,384.04761904761887
2,805,385,383.85714285714266
2,806,381,382.23809523809507
2,807,381,379.76190476190465
2,808,379,379.66666666666674
2,809,379,381.5714285714284
2,810,387,384.23809523809507
2,811,387,387.47619047619037
2,812,389,388.99999999999983
2,813,389,388.52380952380946
2,814,387,387.71428571428567
2,815,387,385.71428571428555
2,816,384,384.99999999999983
2,817,384,385.9523809523808
2,818,388,386.142857142857
2,819,388,386.142857142857
2,820,383,385.0476190476188
2,821,383,383.52380952380923
2,822,383,382.3809523809523
2,823,383,381.9047619047617
2,824,380,381.1428571428571
2,825,380,380.4285714285713
2,826,381,379.9523809523809
2,827,380,380.33333333333314
2,828,380,380.38095238095224
2,829,381,380.6190476190475
2,830,381,381.47619047619037
2,831,382,381.66666666666663
2,832,382,381.28571428571416
2,833,380,380.76190476190465
2,834,380,380.0952380952379
2,835,380,379.80952380952357
2,836,380,379.90476190476176
2,837,380,380.047619047619
2,838,380,380.33333333333326
2,839,381,380.6666666666666
2,840,381,381.04761904761887
2,841,381,381.04761904761887
2,842,381,380.6666666666666
2,843,380,380.33333333333314
2,844,380,379.8571428571428
2,845,380,379.9999999999999
2,846,380,381.142857142857
2,847,382,380.71428571428555
2,848,382,380.42857142857133
2,849,377,380.6666666666666
2,850,381,379.66666666666663
2,851,381,378.4761904761903
2,852,376,378.14285714285705
2,853,376,376.80952380952374
2,854,378,376.9047619047617
2,855,378,377.76190476190465
2,856,379,379.0952380952381
2,857,379,380.7142857142855
2,858,384,382.3809523809523
2,859,384,383.33333333333314
2,860,383,383.85714285714266
2,861,383,383.4761904761903
2,862,384,383.52380952380935
2,863,384,383.90476190476187
2,864,383,383.2857142857141
2,865,383,381.6666666666666
2,866,380,381.0952380952379
2,867,380,381.6666666666666
2,868,384,381.9999999999999
2,869,384,383.2857142857142
2,870,382,383.9523809523809
2,871,385,384.142857142857
2,872,385,385.095238095238
2,873,386,385.9047619047618
2,874,386,385.142857142857
2,875,385,385.66666666666646
2,876,385,387.09523809523796
2,877,390,388.0476190476189
2,878,390,388.5238095238096
2,879,386,387.76190476190465
2,880,386,385.8571428571428
2,881,385,384.9523809523809
2,882,385,384.57142857142844
2,883,385,385.142857142857
2,884,385,386.95238095238085
2,885,390,388.190476190476
2,886,390,387.9047619047616
2,887,387,388.9047619047618
2,888,387,390.9047619047618
2,889,396,392.33333333333314
2,890,396,392.142857142857
2,891,388,392.9523809523808
2,892,388,390.5238095238095
2,893,396,388.52380952380946
2,894,385,388.4761904761903
2,895,385,386.8571428571428
2,896,389,386.99999999999994
2,897,389,391.38095238095246
2,898,397,394.7619047619045
2,899,397,398.1904761904759
2,900,398,397.80952380952357
2,901,398,393.42857142857133
2,902,385,389.52380952380946
2,903,385,386.3809523809523
2,904,387,385.04761904761904
2,905,387,385.14285714285705
2,906,386,387.23809523809507
2,907,386,391.14285714285694
2,908,401,395.85714285714255
2,909,401,401.19047619047615
2,910,400,400.8571428571427
2,911,400,395.8571428571429
2,912,387,392.8095238095238
2,913,390,389.33333333333326
2,914,390,386.61904761904754
2,915,384,386.2857142857141
2,916,384,384.38095238095235
2,917,384,383.3809523809523
2,918,384,383.28571428571405
2,919,383,383.5238095238094
2,920,383,384.6666666666666
2,921,387,385.42857142857133
2,922,387,385.4285714285713
2,923,384,385.5714285714284
2,924,384,385.8571428571427
2,925,388,386.1904761904761
2,926,388,385.42857142857133
2,927,384,386.23809523809507
2,928,384,389.2857142857141
2,929,395,390.238095238095
2,930,395,388.9047619047617
2,931,380,386.33333333333326
2,932,380,382.047619047619
2,933,386,382.9047619047618
2,934,386,389.09523809523796
2,935,393,390.71428571428567
2,936,393,388.14285714285705
2,937,382,386.76190476190476
2,938,382,386.2857142857141
2,939,391,386.095238095238
2,940,391,388.1428571428569
2,941,383,388.4761904761904
2,942,388,386.57142857142844
2,943,388,385.8095238095236
2,944,385,386.5714285714284
2,945,385,386.2857142857142
2,946,387,385.80952380952374
2,947,387,385.2380952380951
2,948,382,383.8571428571428
2,949,382,382.33333333333326
2,950,382,381.47619047619037
2,951,382,381.8571428571428
2,952,381,381.23809523809507
2,953,381,380.1904761904761
2,954,379,379.6666666666666
2,955,379,379.8571428571427
2,956,381,380.09523809523796
2,957,381,380.4761904761903
2,958,380,380.5714285714284
2,959,380,380.3809523809523
2,960,381,380.57142857142856
2,961,381,380.95238095238096
2,962,381,381.1904761904761
2,963,381,380.95238095238085
2,964,381,380.5714285714285
2,965,380,380.38095238095224
2,966,380,380.3809523809523
2,967,381,380.57142857142856
2,968,381,380.85714285714266
2,969,381,381.142857142857
2,970,381,381.3333333333333
2,971,382,381.6666666666666
2,972,382,382.14285714285694
2,973,382,381.9999999999999
2,974,382,381.047619047619
2,975,380,380.8095238095237
2,976,380,381.28571428571416
2,977,383,381.71428571428555
2,978,383,381.90476190476187
2,979,381,382.095238095238
2,980,381,382.28571428571416
2,981,384,382.61904761904754
2,982,384,383.23809523809507
2,983,382,383.28571428571416
2,984,383,382.76190476190465
2,985,383,382.76190476190453
2,986,383,382.8095238095237
2,987,383,383.142857142857
2,988,383,384.0952380952381
2,989,386,384.9523809523808
2,990,386,385.5238095238094
2,991,385,385.61904761904754
2,992,385,384.95238095238096
2,993,385,384.95238095238085
2,994,385,385.33333333333326
2,995,386,385.6666666666666
2,996,386,386.0476190476189
2,997,386,386.0476190476189
2,998,386,385.8571428571427
2,999,385,385.238095238095
2,1000,385,384.2857142857142
2,1001,383,383.6190476190476
2,1002,383,383.52380952380935
2,1003,384,383.4285714285713
2,1004,384,383.71428571428567
2,1005,383,383.3809523809523
2,1006,383,382.61904761904754
2,1007,382,381.99999999999983
2,1008,382,382.52380952380946
2,1009,383,382.9047619047618
2,1010,386,385.2857142857142
2,1011,386,388.76190476190453
2,1012,393,390.7142857142855
2,1013,393,390.99999999999983
2,1014,388,390.33333333333326
2,1015,388,388.52380952380946
2,1016,388,387.38095238095224
2,1017,388,386.90476190476187
2,1018,385,386.04761904761887
2,1019,385,384.8095238095236
2,1020,386,385.71428571428567
2,1021,386,387.7714285714286
2,1022,393,390.5428571428569
2,1023,393,393.7
2,1024,383,381.90476190476176
2,1025,383,385.047619047619
2,1026,388,384.9047619047618
2,1027,388,386.52380952380935
2,1028,382,390.57142857142856
2,1029,398,392.5714285714283
2,1030,398,394.1904761904761
2,1031,390,394.0952380952378
2,1032,390,389.42857142857133
2,1033,388,388.0476190476189
2,1034,388,388.99999999999983
2,1035,391,389.8571428571429
2,1036,391,391.95238095238085
2,1037,392,391.5714285714283
2,1038,392,389.57142857142844
2,1039,384,386.61904761904754
2,1040,384,382.238095238095
2,1041,381,381.8095238095238
2,1042,381,385.5238095238094
2,1043,393,388.5238095238094
2,1044,393,390.9999999999998
2,1045,389,391.52380952380946
2,1046,389,389.5238095238095
2,1047,390,389.28571428571405
2,1048,390,390.2380952380951
2,1049,390,389.95238095238074
2,1050,390,389.09523809523796
2,1051,387,387.95238095238074
2,1052,387,386.5238095238094
2,1053,386,385.9047619047618
2,1054,386,387.1904761904761
2,1055,389,389.76190476190465
2,1056,392,390.4285714285714
2,1057,392,388.6666666666666
2,1058,383,386.5238095238094
2,1059,383,385.1904761904761
2,1060,388,385.4285714285714
2,1061,388,387.23809523809496
2,1062,387,387.90476190476176
2,1063,387,387.9047619047619
2,1064,389,388.14285714285705
2,1065,389,388.61904761904754
2,1066,387,387.66666666666646
2,1067,387,385.6666666666666
2,1068,383,384.19047619047603
2,1069,383,383.71428571428555
2,1070,384,383.19047619047615
2,1071,384,383.3809523809523
2,1072,382,382.7142857142856
2,1073,382,381.76190476190465
2,1074,381,381.142857142857
2,1075,381,381.0476190476188
2,1076,381,380.9999999999999
2,1077,381,380.95238095238085
2,1078,381,380.6666666666666
2,1079,380,380.33333333333314
2,1080,380,379.8571428571428
2,1081,380,379.9999999999999
2,1082,380,380.66666666666646
2,1083,382,381.3333333333332
2,1084,382,382.3809523809523
2,1085,382,381.95238095238074
2,1086,382,380.1428571428571
2,1087,377,378.76190476190465
2,1088,377,377.99999999999983
2,1089,379,377.80952380952374
2,1090,379,378.28571428571416
2,1091,378,378.6666666666666
2,1092,378,379.047619047619
2,1093,381,379.90476190476187
2,1094,381,381.2380952380953
2,1095,381,381.09523809523785
2,1096,381,379.38095238095224
2,1097,377,378.28571428571416
2,1098,377,378.28571428571416
2,1099,380,379.6666666666666
2,1100,382,380.9999999999999
2,1101,382,380.85714285714283
2,1102,378,379.52380952380935
2,1103,378,377.80952380952374
2,1104,378,377.8095238095238
2,1105,378,379.3333333333332
2,1106,382,380.66666666666646
2,1107,382,381.7142857142856
2,1108,382,382.4285714285713
2,1109,382,382.7142857142856
2,1110,383,382.4761904761905
2,1111,383,381.238095238095
2,1112,379,380.6190476190475
2,1113,379,380.4285714285714
2,1114,383,381.33333333333314
2,1115,383,383.04761904761887
2,1116,384,384.095238095238
2,1117,384,384.38095238095224
2,1118,385,384.71428571428555
2,1119,385,384.52380952380935
2,1120,384,384.4761904761903
2,1121,384,384.47619047619025
2,1122,385,384.52380952380946
2,1123,385,383.95238095238074
2,1124,384,385.33333333333326
2,1125,384,386.0952380952379
2,1126,391,386.4761904761902
2,1127,385,386.71428571428567
2,1128,385,385.7142857142856
2,1129,386,385.38095238095224
2,1130,386,388.71428571428567
2,1131,392,389.7142857142856
2,1132,392,388.76190476190453
2,1133,384,387.38095238095224
2,1134,384,384.9999999999999
2,1135,387,385.42857142857133
2,1136,387,387.9999999999999
2,1137,391,390.04761904761887
2,1138,391,392.5238095238094
2,1139,393,392.190476190476
2,1140,393,388.7619047619047
2,1141,382,386.0952380952381
2,1142,382,384.3809523809523
2,1143,387,384.1904761904761
2,1144,387,386.19047619047603
2,1145,385,386.0952380952379
2,1146,385,384.7619047619046
2,1147,384,384.23809523809507
2,1148,384,383.9999999999999
2,1149,384,383.095238095238
2,1150,383,383.5714285714285
2,1151,383,385.09523809523796
2,1152,388,386.04761904761887
2,1153,388,385.3809523809522
2,1154,384,386.3333333333331
2,1155,384,387.8571428571427
2,1156,395,390.9523809523808
2,1157,395,394.2857142857141
2,1158,395,396.14285714285694
2,1159,395,395.7619047619046
2,1160,397,396.2857142857142
2,1161,397,396.6666666666665
2,1162,396,396.47619047619054
2,1163,396,395.8095238095237
2,1164,395,395.1904761904762
2,1165,395,394.8095238095237
2,1166,394,394.19047619047626
2,1167,394,394.095238095238
2,1168,393,393.0476190476189
2,1169,393,391.7142857142857
2,1170,389,390.5238095238095
2,1171,389,389.047619047619
2,1172,389,387.52380952380935
2,1173,386,387.047619047619
2,1174,386,386.6666666666667
2,1175,387,386.28571428571416
2,1176,387,386.66666666666646
2,1177,385,385.5714285714284
2,1178,385,383.4761904761904
2,1179,381,382.28571428571416
2,1180,381,382.3809523809522
2,1181,384,382.5238095238094
2,1182,384,383.0952380952379
2,1183,382,382.9999999999999
2,1184,382,382.7142857142856
2,1185,383,382.33333333333314
2,1186,383,382.42857142857116
2,1187,380,380.8571428571427
2,1188,380,378.4761904761903
2,1189,375,376.3809523809524
2,1190,375,375.142857142857
2,1191,375,374.5714285714284
2,1192,375,375.33333333333326
2,1193,376,375.5714285714284
2,1194,376,375.9999999999999
2,1195,376,376.52380952380946
2,1196,377,376.6190476190475
2,1197,377,376.61904761904754
2,1198,376,376.4285714285712
2,1199,376,376.0476190476189
2,1200,376,375.9047619047618
2,1201,376,375.9999999999999
2,1202,376,375.9999999999999
2,1203,376,375.9047619047618
2,1204,376,376.0476190476189
2,1205,376,376.2380952380951
2,1206,377,376.71428571428555
2,1207,377,377.2857142857142
2,1208,378,377.7619047619047
2,1209,378,377.66666666666646
2,1210,378,378.2380952380952
2,1211,378,379.09523809523796
2,1212,381,379.8571428571428
2,1213,381,380.5714285714285
2,1214,380,380.95238095238085
2,1215,381,380.71428571428555
2,1216,381,380.95238095238085
2,1217,381,381.04761904761887
2,1218,381,380.5714285714285
2,1219,380,380.38095238095224
2,1220,380,380.47619047619037
2,1221,381,380.52380952380946
2,1222,381,380.2380952380952
2,1223,380,380.6190476190476
2,1224,380,381.47619047619037
2,1225,384,382.52380952380935
2,1226,384,383.095238095238
2,1227,383,383.90476190476176
2,1228,383,384.38095238095224
2,1229,387,385.5714285714284
2,1230,387,386.6190476190474
2,1231,387,387.47619047619037
2,1232,387,387.66666666666663
2,1233,389,388.238095238095
2,1234,389,388.95238095238096
2,1235,389,389.6190476190475
2,1236,390,389.6190476190473
2,1237,390,389.52380952380946
2,1238,389,389.4761904761903
2,1239,389,389.28571428571405
2,1240,390,389.6190476190474
2,1241,390,390.095238095238
2,1242,391,390.8571428571428
2,1243,391,391.6190476190474
2,1244,393,392.4285714285713
2,1245,393,392.8095238095236
2,1246,393,393.238095238095
2,1247,393,393.33333333333314
2,1248,394,393.6666666666666
2,1249,394,393.7619047619047
2,1250,394,394.1904761904759
2,1251,394,394.4761904761904
2,1252,396,395.42857142857133
2,1253,396,396.5714285714283
2,1254,398,397.61904761904754
2,1255,398,397.85714285714266
2,1256,398,397.7619047619046
2,1257,397,397.38095238095235
2,1258,397,397.3809523809523
2,1259,398,397.57142857142844
2,1260,398,397.95238095238085
2,1261,398,398.09523809523796
2,1262,398,397.9047619047617
2,1263,398,398.047619047619
2,1264,398,398.4285714285712
2,1265,399,398.61904761904754
2,1266,399,398.52380952380935
2,1267,398,398.47619047619037
2,1268,398,398.4761904761905
2,1269,399,398.52380952380935
2,1270,399,398.42857142857133
2,1271,398,398.52380952380923
2,1272,398,398.99999999999994
2,1273,400,399.0952380952381
2,1274,400,398.7142857142855
2,1275,397,398.5714285714288
2,1276,397,397.6666666666666
2,1277,399,397.0571428571429
2,1278,396,397.0571428571426
2,1279,396,395.5999999999998
2,1280,396,390.3809523809523
2,1281,396,395.71428571428555
2,1282,397,398.1904761904759
2,1283,397,396.2857142857141
2,1284,395,395.76190476190476
2,1285,395,395.19047619047603
2,1286,395,394.76190476190465
2,1287,395,394.6666666666667
2,1288,394,394.33333333333326
2,1289,394,394.4285714285712
2,1290,394,393.71428571428544
2,1291,394,392.6666666666666
2,1292,390,391.33333333333337
2,1293,390,390.285714285714
2,1294,390,389.5714285714283
2,1295,390,389.8571428571427
2,1296,389,389.4285714285712
2,1297,389,388.2857142857141
2,1298,387,386.6190476190474
2,1299,385,385.9047619047618
2,1300,385,386.2857142857143
2,1301,388,386.61904761904754
2,1302,388,386.5238095238095
2,1303,384,385.6190476190475
2,1304,384,384.2857142857142
2,1305,384,383.57142857142856
2,1306,384,383.76190476190465
2,1307,383,383.2857142857142
2,1308,383,382.80952380952357
2,1309,382,382.1904761904761
2,1310,382,381.9047619047618
2,1311,381,381.142857142857
2,1312,381,380.47619047619037
2,1313,379,379.61904761904754
2,1314,379,378.7142857142855
2,1315,378,377.8095238095239
2,1316,377,377.3809523809523
2,1317,377,377.0476190476189
2,1318,377,376.8571428571427
2,1319,377,376.66666666666663
2,1320,376,376.3333333333333
2,1321,376,375.95238095238085
2,1322,376,375.95238095238085
2,1323,376,376.4285714285712
2,1324,377,376.6190476190475
2,1325,377,376.52380952380946
2,1326,376,376.4761904761903
2,1327,376,376.3809523809523
2,1328,377,376.57142857142844
2,1329,377,376.9523809523808
2,1330,377,377.095238095238
2,1331,377,376.8095238095238
2,1332,377,377.0952380952379
2,1333,377,377.76190476190465
2,1334,379,378.28571428571416
2,1335,379,378.38095238095224
2,1336,378,378.6190476190475
2,1337,378,378.7142857142857
2,1338,380,379.047619047619
2,1339,380,379.9999999999998
2,1340,380,380.7619047619047
2,1341,382,381.3809523809523
2,1342,382,382.23809523809507
2,1343,383,382.85714285714266
2,1344,383,382.66666666666646
2,1345,383,383.2380952380951
2,1346,383,383.9999999999998
2,1347,386,384.99999999999994
2,1348,386,385.7619047619046
2,1349,386,386.33333333333337
2,1350,386,386.2380952380951
2,1351,387,386.7142857142857
2,1352,387,387.09523809523796
2,1353,388,387.8571428571427
2,1354,388,388.90476190476187
2,1355,390,388.8095238095238
2,1356,390,389.1428571428571
2,1357,387,389.76190476190465
2,1358,392,390.5238095238094
2,1359,392,391.71428571428555
2,1360,393,393.1904761904761
2,1361,393,393.09523809523796
2,1362,394,393.85714285714283
2,1363,394,394.5238095238094
2,1364,396,395.47619047619025
2,1365,396,396.23809523809507
2,1366,397,396.85714285714266
2,1367,397,397.04761904761887
2,1368,397,397.04761904761887
2,1369,397,396.47619047619037
2,1370,396,396.4285714285713
2,1371,396,396.8095238095236
2,1372,398,397.190476190476
2,1373,398,397.3809523809522
2,1374,397,397.61904761904754
2,1375,397,397.61904761904754
2,1376,399,398.3809523809522
2,1377,399,399.19047619047603
2,1378,400,399.8095238095237
2,1379,399,399.142857142857
2,1380,399,398.142857142857
2,1381,396,396.90476190476176
2,1382,396,396.142857142857
2,1383,396,395.7142857142857
2,1384,396,395.90476190476164
2,1385,396,396.047619047619
2,1386,396,396.1428571428571
2,1387,397,396.76190476190476
2,1388,397,397.61904761904754
2,1389,399,398.42857142857133
2,1390,399,398.9047619047617
2,1391,399,401.0952380952379
2,1392,399,398.0476190476189
2,1393,399,392.71428571428555
2,1394,379,385.47619047619037
2,1395,379,377.38095238095207
2,1396,375,375.0476190476189
2,1397,375,378.47619047619037
2,1398,388,383.8095238095237
2,1399,388,391.14285714285694
2,1400,399,396.5238095238094
2,1401,399,398.23809523809496
2,1402,398,399.3333333333333
2,1403,398,397.61904761904754
2,1404,397,397.5714285714286
2,1405,397,397.238095238095
2,1406,398,396.7619047619046
2,1407,395,395.8571428571427
2,1408,395,394.76190476190465
2,1409,393,393.28571428571405
2,1410,393,392.33333333333314
2,1411,391,391.52380952380963
2,1412,391,391.6190476190475
2,1413,392,391.38095238095235
2,1414,392,391.1904761904761
2,1415,390,390.80952380952385
2,1416,390,390.7142857142857
2,1417,391,390.33333333333326
2,1418,391,390.14285714285705
2,1419,388,389.0
2,1420,388,387.38095238095224
2,1421,386,386.4285714285713
2,1422,386,386.61904761904754
2,1423,387,386.38095238095235
2,1424,387,386.285714285714
2,1425,385,385.7619047619046
2,1426,385,385.3809523809523
2,1427,385,384.6666666666665
2,1428,385,383.9999999999999
2,1429,382,383.09523809523785
2,1430,382,382.09523809523796
2,1431,382,381.6666666666666
2,1432,381,381.19047619047615
2,1433,381,379.9523809523809
2,1434,378,378.9523809523808
2,1435,378,378.57142857142844
2,1436,379,378.3333333333331
2,1437,379,378.6190476190474
2,1438,378,378.4285714285712
2,1439,378,378.142857142857
2,1440,378,377.8571428571427
2,1441,378,377.6666666666665
2,1442,377,377.33333333333326
2,1443,377,377.2380952380952
2,1444,377,376.80952380952385
2,1445,377,376.2380952380952
2,1446,375,375.71428571428567
2,1447,375,375.33333333333326
2,1448,376,375.5238095238094
2,1449,376,376.2857142857143
2,1450,377,376.38095238095224
2,1451,377,377.14285714285705
2,1452,377,378.6190476190474
2,1453,381,379.5714285714285
2,1454,381,380.0476190476189
2,1455,379,380.0952380952381
2,1456,379,379.71428571428567
2,1457,380,379.33333333333326
2,1458,380,378.7619047619048
2,1459,377,378.19047619047615
2,1460,377,377.6190476190476
2,1461,379,378.14285714285705
2,1462,379,379.47619047619037
2,1463,381,380.5714285714285
2,1464,381,381.4285714285713
2,1465,382,381.7619047619047
2,1466,382,380.71428571428555
2,1467,380,381.0476190476189
2,1468,380,382.1904761904761
2,1469,386,383.57142857142844
2,1470,386,385.47619047619025
2,1471,385,386.2857142857142
2,1472,387,386.52380952380935
2,1473,387,387.90476190476176
2,1474,390,389.14285714285694
2,1475,390,389.2380952380952
2,1476,389,389.7619047619045
2,1477,389,390.142857142857
2,1478,392,390.8571428571426
2,1479,392,391.33333333333337
2,1480,391,391.7142857142857
2,1481,391,391.8095238095238
2,1482,393,392.1904761904761
2,1483,393,392.38095238095224
2,1484,392,392.61904761904736
2,1485,392,392.8095238095238
2,1486,394,393.1904761904761
2,1487,394,393.38095238095235
2,1488,393,393.6190476190475
2,1489,393,393.80952380952374
2,1490,395,394.1904761904761
2,1491,395,394.47619047619025
2,1492,394,394.4761904761904
2,1493,394,394.4285714285712
2,1494,395,394.9047619047618
2,1495,396,395.6190476190474
2,1496,396,396.04761904761887
2,1497,396,396.095238095238
2,1498,396,395.90476190476164
2,1499,396,396.047619047619
2,1500,396,396.3333333333332
2,1501,397,396.66666666666663
2,1502,397,397.14285714285705
2,1503,397,396.9999999999999
2,1504,397,395.95238095238096
2,1505,395,395.85714285714266
2,1506,395,396.6190476190475
2,1507,399,397.3809523809522
2,1508,399,398.23809523809496
2,1509,397,398.1904761904761
2,1510,397,396.66666666666663
2,1511,396,395.8571428571427
2,1512,394,394.5238095238095
2,1513,394,392.4761904761904
2,1514,390,391.2380952380952
2,1515,390,390.85714285714283
2,1516,392,390.9523809523808
2,1517,392,392.09523809523796
2,1518,392,392.095238095238
2,1519,392,391.4285714285714
2,1520,390,390.6190476190476
2,1521,390,389.76190476190465
2,1522,389,389.14285714285705
2,1523,389,388.9523809523808
2,1524,389,388.9523809523806
2,1525,389,389.6190476190475
2,1526,390,389.52380952380946
2,1527,390,389.14285714285694
2,1528,387,387.9999999999999
2,1529,387,386.5714285714284
2,1530,385,385.3333333333332
2,1531,385,385.14285714285694
2,1532,384,383.9523809523808
2,1533,384,383.00000000000017
2,1534,380,381.34285714285693
2,1535,380,379.6000000000001
2,1536,380,379.90476190476176
2,1537,381,380.66666666666663
2,1538,381,381.2857142857141
2,1539,382,381.8095238095237
2,1540,382,382.1904761904761
2,1541,383,382.80952380952374
2,1542,383,383.0952380952381
2,1543,384,383.85714285714266
2,1544,384,385.0952380952379
2,1545,386,385.1904761904761
2,1546,386,384.142857142857
2,1547,381,382.9047619047619
2,1548,381,381.7619047619047
2,1549,382,381.09523809523796
2,1550,382,381.28571428571416
2,1551,380,380.76190476190465
2,1552,380,380.285714285714
2,1553,380,379.7142857142856
2,1554,380,379.4285714285712
2,1555,378,378.52380952380935
2,1556,378,377.8095238095236
2,1557,377,377.57142857142844
2,1558,378,377.6666666666665
2,1559,378,377.61904761904754
2,1560,377,377.3809523809523
2,1561,377,376.5238095238094
2,1562,376,376.33333333333326
2,1563,376,376.6190476190475
2,1564,378,377.2857142857141
2,1565,378,378.4285714285712
2,1566,379,378.7619047619046
2,1567,379,378.28571428571416
2,1568,377,377.7619047619047
2,1569,377,376.99999999999994
2,1570,377,376.8571428571426
2,1571,377,377.2380952380951
2,1572,378,377.7142857142856
2,1573,378,378.38095238095224
2,1574,379,378.7142857142855
2,1575,379,378.71428571428555
2,1576,378,378.38095238095224
2,1577,378,377.4285714285713
2,1578,377,377.28571428571405
2,1579,377,378.09523809523796
2,1580,380,379.4285714285715
2,1581,381,380.42857142857116
2,1582,381,380.4761904761904
2,1583,379,379.8095238095237
2,1584,379,379.52380952380935
2,1585,380,379.4285714285714
2,1586,380,379.61904761904754
2,1587,379,379.4285714285713
2,1588,379,379.02857142857147
2,1589,379,378.8571428571427
2,1590,379,379.0
3,0,378,378.95238095238085
3,1,378,379.61904761904754
3,2,382,380.3809523809523
3,3,382,381.14285714285705
3,4,380,381.0476190476189
3,5,380,380.0952380952379
3,6,380,379.80952380952357
3,7,380,379.90476190476176
3,8,380,380.047619047619
3,9,380,380.52380952380935
3,10,381,380.5714285714285
3,11,381,380.19047619047603
3,12,379,379.7142857142857
3,13,379,379.4761904761902
3,14,380,379.9999999999999
3,15,381,380.5238095238094
3,16,381,380.4761904761903
3,17,379,379.71428571428555
3,18,379,378.7619047619046
3,19,378,378.14285714285717
3,20,378,378.238095238095
3,21,378,377.80952380952374
3,22,378,377.142857142857
3,23,376,376.7619047619048
3,24,376,376.85714285714266
3,25,378,377.0952380952379
3,26,378,377.5714285714285
3,27,377,377.52380952380946
3,28,377,377.047619047619
3,29,377,376.9047619047618
3,30,377,376.90476190476187
3,31,377,377.04761904761915
3,32,377,377.33333333333326
3,33,378,377.6666666666665
3,34,378,377.95238095238096
3,35,378,378.19047619047603
3,36,378,377.9523809523808
3,37,378,377.6666666666665
3,38,377,377.33333333333326
3,39,377,376.8571428571427
3,40,377,376.99999999999994
3,41,377,377.76190476190465
3,42,379,378.28571428571416
3,43,379,378.57142857142844
3,44,378,378.52380952380946
3,45,378,378.04761904761887
3,46,378,377.90476190476176
3,47,378,377.9999999999999
3,48,378,377.9999999999999
3,49,378,377.9999999999999
3,50,378,377.9999999999999
3,51,378,377.9999999999999
3,52,378,377.90476190476176
3,53,378,378.04761904761887
3,54,378,378.23809523809507
3,55,379,378.71428571428555
3,56,379,379.1904761904761
3,57,380,379.8095238095238
3,58,380,380.2857142857142
3,59,381,380.7619047619047
3,60,381,380.5714285714285
3,61,381,381.28571428571416
3,62,381,382.4285714285712
3,63,385,383.6190476190474
3,64,385,384.2857142857141
3,65,384,384.80952380952374
3,66,384,384.8095238095236
3,67,386,385.19047619047603
3,68,386,385.66666666666646
3,69,385,385.0
3,70,385,384.9523809523808
3,71,384,386.38095238095224
3,72,389,387.14285714285705
3,73,389,386.61904761904765
3,74,384,386.33333333333314
3,75,384,385.7619047619046
3,76,388,386.0952380952381
3,77,388,386.7619047619047
3,78,386,387.2380952380951
3,79,386,387.42857142857133
3,80,390,388.47619047619014
3,81,390,389.6190476190475
3,82,390,390.4761904761904
3,83,390,390.5714285714284
3,84,392,391.38095238095224
3,85,392,392.333333333333
3,86,393,392.8095238095236
3,87,393,392.33333333333314
3,88,392,392.5714285714285
3,89,392,392.9523809523809
3,90,395,393.95238095238085
3,91,395,395.0952380952381
3,92,396,395.99999999999983
3,93,396,396.2857142857142
3,94,397,396.76190476190465
3,95,397,396.7619047619046
3,96,397,397.19047619047615
3,97,397,397.9523809523808
3,98,399,397.90476190476187
3,99,399,398.047619047619
3,100,396,398.190476190476
3,101,399,398.1428571428568
3,102,399,398.4761904761903
3,103,399,399.3333333333331
3,104,399,399.42857142857116
3,105,400,399.6190476190474
3,106,400,399.6190476190476
3,107,399,399.4285714285713
3,108,399,398.95238095238085
3,109,399,398.95238095238074
3,110,399,399.3333333333333
3,111,400,399.6666666666666
3,112,400,400.04761904761864
3,113,400,400.0476190476188
3,114,400,399.6666666666667
3,115,399,399.33333333333326
3,116,399,399.0476190476189
3,117,399,398.90476190476187
3,118,399,398.99999999999994
3,119,399,399.0952380952379
3,120,399,398.9523809523809
3,121,399,398.6666666666665
3,122,398,398.33333333333326
3,123,398,397.9523809523808
3,124,398,397.9523809523808
3,125,398,398.52380952380935
3,126,399,398.5714285714285
3,127,399,398.1904761904761
3,128,397,397.8095238095237
3,129,397,397.4285714285713
3,130,398,397.4761904761903
3,131,398,398.04761904761875
3,132,398,398.047619047619
3,133,398,397.6666666666666
3,134,397,397.3333333333333
3,135,397,397.142857142857
3,136,397,396.76190476190476
3,137,397,396.7142857142855
3,138,396,396.95238095238074
3,139,397,396.5714285714285
3,140,397,395.95238095238085
3,141,394,395.04761904761904
3,142,394,393.90476190476176
3,143,393,392.9999999999999
3,144,393,392.90476190476176
3,145,392,392.142857142857
3,146,392,391.38095238095224
3,147,390,390.57142857142856
3,148,390,390.1904761904762
3,149,390,389.76190476190465
3,150,390,389.8571428571427
3,151,389,389.2380952380952
3,152,389,388.4761904761903
3,153,387,387.52380952380946
3,154,387,386.7619047619047
3,155,386,386.14285714285717
3,156,386,386.04761904761904
3,157,386,386.09523809523796
3,158,386,385.9047619047618
3,159,386,385.3333333333333
3,160,384,384.6666666666666
3,161,384,384.2857142857141
3,162,384,383.7142857142858
3,163,384,383.4285714285713
3,164,382,382.61904761904754
3,165,382,381.9523809523808
3,166,381,381.04761904761887
3,167,381,380.3809523809523
3,168,379,379.5714285714283
3,169,379,379.38095238095224
3,170,379,378.6666666666666
3,171,379,377.8095238095238
3,172,376,377.0952380952379
3,173,376,376.9047619047618
3,174,378,376.99999999999983
3,175,378,377.5714285714285
3,176,377,377.61904761904754
3,177,377,376.99999999999994
3,178,377,376.5714285714285
3,179,376,376.3333333333333
3,180,376,376.14285714285705
3,181,376,375.8571428571427
3,182,376,375.57142857142844
3,183,375,375.38095238095224
3,184,375,375.4761904761905
3,185,376,375.52380952380946
3,186,376,375.52380952380946
3,187,375,375.47619047619037
3,188,375,375.3809523809523
3,189,376,375.5714285714284
3,190,376,375.95238095238085
3,191,376,376.09523809523796
3,192,376,376.0952380952381
3,193,376,375.95238095238085
3,194,376,375.2857142857142
3,195,375,375.52380952380946
3,196,375,376.38095238095224
3,197,379,377.66666666666663
3,198,379,378.76190476190465
3,199,379,378.76190476190465
3,200,378,378.47619047619037
3,201,378,379.2380952380951
3,202,381,379.8095238095236
3,203,381,379.90476190476176
3,204,379,380.095238095238
3,205,379,380.0
3,206,382,380.85714285714266
3,207,382,382.28571428571416
3,208,383,382.90476190476176
3,209,383,382.3333333333332
3,210,382,382.5714285714285
3,211,382,382.7619047619047
3,212,385,384.04761904761887
3,213,385,385.9523809523808
3,214,388,387.23809523809507
3,215,388,387.61904761904754
3,216,387,387.5714285714285
3,217,387,386.3333333333332
3,218,386,386.42857142857133
3,219,386,387.38095238095224
3,220,390,388.57142857142827
3,221,390,390.28571428571416
3,222,390,390.14285714285717
3,223,390,388.33333333333326
3,224,385,386.5714285714283
3,225,385,385.28571428571416
3,226,385,384.19047619047615
3,227,386,385.99999999999983
3,228,386,388.3809523809524
3,229,393,390.71428571428555
3,230,393,392.047619047619
3,231,392,393.14285714285705
3,232,392,393.1428571428569
3,233,395,393.85714285714266
3,234,395,394.33333333333326
3,235,394,394.71428571428567
3,236,394,394.52380952380935
3,237,396,395.3333333333332
3,238,396,396.66666666666663
3,239,398,397.3809523809522
3,240,398,397.61904761904754
3,241,397,397.85714285714266
3,242,398,397.7142857142856
3,243,398,397.85714285714266
3,244,398,398.09523809523796
3,245,398,397.9047619047617
3,246,398,398.047619047619
3,247,398,398.2380952380951
3,248,399,398.7142857142856
3,249,399,399.28571428571416
3,250,400,399.76190476190465
3,251,400,399.8571428571427
3,252,400,400.1428571428571
3,253,400,400.25714285714287
3,254,401,400.6285714285713
3,255,401,401.09999999999997
3,256,400,393.4285714285713
3,257,400,399.90476190476164
3,258,400,400.9999999999999
3,259,400,397.2380952380952
3,260,391,395.28571428571416
3,261,396,394.95238095238074
3,262,396,396.61904761904736
3,263,400,398.95238095238074
3,264,400,398.6666666666665
3,265,396,397.6190476190476
3,266,396,395.3333333333332
3,267,394,394.3809523809523
3,268,394,396.2857142857141
3,269,396,394.3809523809524
3,270,396,389.33333333333326
3,271,380,386.1428571428571
3,272,380,385.09523809523796
3,273,393,387.14285714285694
3,274,393,392.4761904761902
3,275,393,394.09523809523796
3,276,393,392.71428571428567
3,277,392,392.9523809523808
3,278,393,392.5714285714285
3,279,393,392.1428571428571
3,280,390,390.95238095238085
3,281,390,388.85714285714283
3,282,387,387.8571428571428
3,283,387,388.14285714285705
3,284,390,388.71428571428555
3,285,390,390.4285714285714
3,286,390,389.99999999999983
3,287,390,387.80952380952357
3,288,384,386.09523809523813
3,289,384,384.7619047619046
3,290,386,384.85714285714266
3,291,386,386.85714285714283
3,292,388,387.38095238095207
3,293,388,387.09523809523796
3,294,385,386.19047619047615
3,295,385,384.4285714285714
3,296,383,383.04761904761887
3,297,382,382.4285714285713
3,298,382,381.95238095238085
3,299,382,381.8571428571428
3,300,382,381.4761904761903
3,301,381,381.4285714285714
3,302,381,381.80952380952374
3,303,383,382.1904761904761
3,304,383,382.76190476190453
3,305,382,382.42857142857116
3,306,382,381.4761904761905
3,307,380,380.52380952380946
3,308,380,379.5714285714285
3,309,379,379.238095238095
3,310,379,379.99999999999983
3,311,381,380.09523809523796
3,312,381,379.80952380952357
3,313,378,379.2380952380951
3,314,378,378.2857142857142
3,315,379,378.47619047619037
3,316,379,379.8095238095237
3,317,381,380.3333333333332
3,318,381,380.14285714285705
3,319,379,379.90476190476176
3,320,379,379.33333333333326
3,321,380,379.5238095238094
3,322,380,380.4761904761904
3,323,381,380.5714285714285
3,324,381,380.3333333333332
3,325,379,380.3809523809521
3,326,380,379.61904761904754
3,327,380,378.6666666666666
3,328,377,378.14285714285705
3,329,377,377.38095238095224
3,330,378,377.4285714285714
3,331,378,378.09523809523796
3,332,379,378.8571428571428
3,333,379,379.90476190476187
3,334,381,380.28571428571416
3,335,381,379.61904761904754
3,336,378,379.33333333333326
3,337,378,379.23809523809507
3,338,381,379.6666666666666
3,339,381,380.6190476190476
3,340,380,380.5714285714283
3,341,380,379.52380952380935
3,342,379,379.33333333333326
3,343,379,379.52380952380935
3,344,381,380.3333333333332
3,345,381,381.4761904761904
3,346,383,382.5714285714284
3,347,383,383.33333333333314
3,348,384,383.6190476190473
3,349,384,383.7142857142856
3,350,383,384.0952380952379
3,351,385,384.38095238095224
3,352,385,384.7142857142856
3,353,385,385.2380952380951
3,354,385,385.2380952380951
3,355,386,385.7142857142857
3,356,386,386.1904761904759
3,357,387,386.8095238095236
3,358,387,387.09523809523796
3,359,388,387.8571428571427
3,360,388,388.52380952380946
3,361,390,389.47619047619037
3,362,390,390.5238095238093
3,363,391,390.71428571428555
3,364,391,389.3809523809522
3,365,388,389.38095238095235
3,366,388,390.14285714285705
3,367,394,391.71428571428555
3,368,394,393.90476190476176
3,369,394,394.1904761904759
3,370,394,393.4761904761904
3,371,392,393.7619047619047
3,372,395,394.04761904761887
3,373,395,394.2380952380951
3,374,394,394.6666666666665
3,375,394,394.6666666666665
3,376,395,394.4285714285714
3,377,395,393.57142857142827
3,378,392,393.28571428571405
3,379,392,394.14285714285717
3,380,396,394.047619047619
3,381,396,392.9047619047618
3,382,389,391.9999999999999
3,383,389,391.8095238095238
3,384,395,392.095238095238
3,385,395,392.28571428571416
3,386,390,392.6190476190475
3,387,390,392.9047619047618
3,388,398,394.8571428571426
3,389,398,397.61904761904754
3,390,398,398.6666666666665
3,391,398,398.047619047619
3,392,398,398.61904761904736
3,393,399,398.5238095238095
3,394,399,397.57142857142844
3,395,396,397.28571428571433
3,396,396,397.8571428571427
3,397,400,398.1904761904761
3,398,400,398.28571428571405
3,399,396,397.80952380952374
3,400,396,397.2380952380953
3,401,398,396.7619047619046
3,402,398,396.38095238095235
3,403,394,395.6190476190474
3,404,394,394.85714285714266
3,405,396,394.9523809523809
3,406,396,396.38095238095224
3,407,396,395.95238095238085
3,408,396,394.33333333333337
3,409,391,392.6666666666666
3,410,391,391.1428571428571
3,411,391,390.57142857142844
3,412,391,391.6190476190476
3,413,392,391.52380952380963
3,414,392,391.047619047619
3,415,389,390.047619047619
3,416,389,388.8095238095238
3,417,388,388.33333333333314
3,418,388,387.90476190476176
3,419,388,386.90476190476176
3,420,385,385.99999999999994
3,421,385,384.8571428571427
3,422,385,384.8571428571426
3,423,385,385.99999999999994
3,424,388,387.190476190476
3,425,388,387.7619047619044
3,426,388,388.9523809523808
3,427,386,385.9999999999998
3,428,386,381.4285714285713
3,429,372,376.4761904761903
3,430,372,372.66666666666646
3,431,372,369.9047619047616
3,432,372,372.3809523809522
3,433,372,374.47619047619037
3,434,380,377.6190476190475
3,435,380,380.1904761904762
3,436,382,381.52380952380946
3,437,380,380.52380952380935
3,438,380,379.9523809523808
3,439,379,379.14285714285705
3,440,379,379.14285714285705
3,441,379,378.85714285714266
3,442,379,378.38095238095224
3,443,378,378.47619047619037
3,444,378,379.142857142857
3,445,381,379.8571428571426
3,446,381,380.52380952380946
3,447,380,380.61904761904765
3,448,380,380.04761904761887
3,449,380,379.9047619047617
3,450,380,380.09523809523813
3,451,380,379.9523809523809
3,452,380,379.47619047619037
3,453,379,379.42857142857133
3,454,379,379.99999999999983
3,455,381,379.9999999999999
3,456,381,379.95238095238085
3,457,378,379.6190476190474
3,458,379,378.7619047619046
3,459,379,378.14285714285705
3,460,378,378.52380952380935
3,461,378,378.9047619047618
3,462,380,379.142857142857
3,463,380,378.95238095238085
3,464,378,378.99999999999994
3,465,378,379.190476190476
3,466,381,379.7619047619046
3,467,381,380.6190476190476
3,468,380,380.5714285714283
3,469,380,379.4285714285713
3,470,379,379.38095238095224
3,471,379,380.0476190476189
3,472,382,380.9047619047618
3,473,382,381.76190476190465
3,474,382,382.3333333333333
3,475,382,382.23809523809507
3,476,383,382.71428571428555
3,477,383,383.2857142857141
3,478,384,383.6666666666665
3,479,384,383.9999999999998
3,480,384,384.33333333333326
3,481,385,384.7142857142856
3,482,385,385.2857142857142
3,483,386,385.76190476190476
3,484,386,385.95238095238085
3,485,386,386.095238095238
3,486,386,386.09523809523796
3,487,386,385.9523809523808
3,488,386,385.6666666666666
3,489,385,385.3333333333332
3,490,385,385.0476190476189
3,491,385,384.9047619047618
3,492,385,384.80952380952374
3,493,385,385.0952380952379
3,494,385,385.57142857142856
3,495,387,386.4761904761903
3,496,387,387.190476190476
3,497,388,387.61904761904754
3,498,387,387.2380952380951
3,499,387,386.5238095238093
3,500,386,386.3809523809523
3,501,386,387.23809523809507
3,502,389,387.80952380952374
3,503,389,387.9999999999999
3,504,387,388.04761904761904
3,505,387,387.8571428571429
3,506,389,388.0952380952382
3,507,389,388.4761904761903
3,508,388,388.57142857142827
3,509,388,388.28571428571445
3,510,389,388.48571428571427
3,511,389,389.09999999999997
3,512,389,386.142857142857
3,513,389,388.61904761904736
3,514,390,390.6666666666666
3,515,390,391.23809523809507
3,516,393,391.95238095238085
3,517,393,391.85714285714255
3,518,390,391.4761904761905
3,519,390,390.04761904761904
3,520,390,388.76190476190465
3,521,388,388.8095238095236
3,522,388,389.0952380952378
3,523,391,389.80952380952374
3,524,391,390.3809523809523
3,525,391,391.5238095238093
3,526,391,393.04761904761904
3,527,396,394.142857142857
3,528,396,394.42857142857105
3,529,392,393.80952380952357
3,530,392,392.3809523809521
3,531,392,391.52380952380935
3,532,392,391.0476190476189
3,533,390,390.8095238095237
3,534,390,391.6666666666666
3,535,393,391.52380952380946
3,536,393,390.85714285714295
3,537,387,389.2857142857142
3,538,387,387.6666666666665
3,539,387,386.23809523809507
3,540,387,385.66666666666674
3,541,383,384.6190476190474
3,542,383,383.047619047619
3,543,383,381.33333333333314
3,544,380,381.14285714285694
3,545,380,380.66666666666663
3,546,383,381.95238095238074
3,547,383,384.9047619047618
3,548,388,386.42857142857116
3,549,388,386.61904761904765
3,550,384,385.7142857142855
3,551,384,383.3333333333332
3,552,382,382.3809523809523
3,553,382,383.14285714285705
3,554,384,382.9523809523808
3,555,384,382.1904761904761
3,556,380,381.7142857142856
3,557,380,381.6190476190475
3,558,384,382.23809523809507
3,559,384,383.6666666666665
3,560,383,383.6190476190474
3,561,383,382.2857142857142
3,562,381,381.6190476190474
3,563,381,381.5238095238095
3,564,382,381.42857142857144
3,565,382,381.6190476190475
3,566,381,381.52380952380935
3,567,381,380.9999999999999
3,568,381,380.6666666666667
3,569,380,380.28571428571416
3,570,380,379.52380952380935
3,571,379,379.33333333333326
3,572,379,379.8095238095237
3,573,381,380.19047619047603
3,574,381,380.5714285714285
3,575,380,380.5238095238094
3,576,380,380.1428571428571
3,577,380,379.8571428571428
3,578,380,379.47619047619037
3,579,379,379.42857142857133
3,580,379,379.99999999999983
3,581,381,380.09523809523796
3,582,381,379.80952380952357
3,583,378,379.2380952380951
3,584,378,378.57142857142844
3,585,379,378.3333333333331
3,586,379,378.5238095238094
3,587,378,378.4761904761903
3,588,378,378.3809523809523
3,589,379,378.38095238095224
3,590,379,379.0476190476189
3,591,379,379.85714285714283
3,592,381,380.285714285714
3,593,381,380.6666666666666
3,594,380,380.4761904761904
3,595,380,379.52380952380935
3,596,379,379.33333333333326
3,597,379,379.7142857142856
3,598,381,380.2380952380951
3,599,381,380.9047619047618
3,600,381,381.1904761904761
3,601,381,380.9999999999999
3,602,381,380.9999999999999
3,603,381,380.8095238095237
3,604,381,380.9999999999999
3,605,381,381.7142857142857
3,606,383,382.66666666666646
3,607,384,383.57142857142856
3,608,384,384.14285714285705
3,609,384,384.095238095238
3,610,384,383.90476190476176
3,611,384,384.04761904761875
3,612,384,384.2380952380951
3,613,385,384.7142857142856
3,614,385,385.09523809523796
3,615,386,385.8571428571428
3,616,386,386.42857142857133
3,617,388,387.52380952380946
3,618,388,388.6666666666666
3,619,390,389.4761904761903
3,620,390,389.6666666666666
3,621,389,389.4761904761905
3,622,389,388.5238095238094
3,623,388,388.0476190476189
3,624,388,388.85714285714266
3,625,390,390.2380952380951
3,626,393,391.90476190476187
3,627,393,393.0476190476189
3,628,393,393.0952380952378
3,629,393,393.0952380952378
3,630,393,394.7142857142856
3,631,395,393.80952380952374
3,632,395,391.23809523809507
3,633,384,387.8571428571428
3,634,384,384.9047619047618
3,635,384,382.76190476190465
3,636,384,382.09523809523796
3,637,380,381.6190476190474
3,638,380,381.90476190476176
3,639,386,383.7619047619046
3,640,386,386.52380952380935
3,641,389,388.6666666666666
3,642,389,390.0
3,643,391,390.38095238095224
3,644,391,387.90476190476176
3,645,386,388.5238095238094
3,646,386,392.33333333333314
3,647,400,394.14285714285694
3,648,400,393.4761904761903
3,649,385,391.7619047619047
3,650,385,388.142857142857
3,651,394,389.8571428571427
3,652,394,396.61904761904765
3,653,400,398.3333333333332
3,654,400,395.38095238095235
3,655,389,393.5714285714286
3,656,389,391.66666666666663
3,657,396,393.38095238095235
3,658,396,395.9999999999997
3,659,398,395.4761904761904
3,660,391,393.3333333333332
3,661,391,393.0476190476189
3,662,393,391.2380952380952
3,663,393,389.23809523809507
3,664,384,387.52380952380946
3,665,384,387.047619047619
3,666,391,387.6666666666665
3,667,391,389.7619047619045
3,668,388,389.6190476190475
3,669,388,387.52380952380935
3,670,387,387.19047619047615
3,671,387,388.2380952380951
3,672,390,388.8095238095237
3,673,390,389.1904761904759
3,674,388,388.9523809523808
3,675,388,388.2857142857141
3,676,388,387.7142857142855
3,677,388,387.33333333333326
3,678,386,386.6666666666667
3,679,386,386.3809523809523
3,680,386,385.66666666666646
3,681,386,384.9999999999998
3,682,383,384.095238095238
3,683,383,383.09523809523796
3,684,383,382.3809523809522
3,685,382,382.33333333333314
3,686,382,382.142857142857
3,687,382,381.8571428571428
3,688,382,381.4761904761903
3,689,381,381.4285714285714
3,690,381,381.7142857142856
3,691,383,382.2380952380951
3,692,383,382.9047619047618
3,693,383,383.1904761904761
3,694,383,383.095238095238
3,695,383,382.9523809523809
3,696,383,382.8571428571426
3,697,382,382.23809523809524
3,698,382,381.3809523809523
3,699,380,380.57142857142844
3,700,380,380.0952380952379
3,701,380,379.9999999999999
3,702,380,379.90476190476187
3,703,380,379.142857142857
3,704,378,378.76190476190465
3,705,378,379.1428571428569
3,706,380,378.9523809523809
3,707,380,378.4761904761903
3,708,376,377.57142857142844
3,709,376,376.33333333333314
3,710,377,376.3809523809523
3,711,377,377.61904761904754
3,712,379,378.4285714285713
3,713,379,378.9047619047619
3,714,379,379.19047619047603
3,715,379,378.90476190476176
3,716,379,379.047619047619
3,717,379,379.4285714285714
3,718,380,379.6190476190474
3,719,380,379.3333333333332
3,720,379,379.5714285714285
3,721,379,380.0476190476189
3,722,382,380.9047619047618
3,723,382,381.85714285714283
3,724,382,382.19047619047603
3,725,382,382.04761904761887
3,726,382,382.23809523809507
3,727,383,382.71428571428555
3,728,383,383.2857142857141
3,729,384,383.76190476190476
3,730,384,383.8571428571428
3,731,384,384.14285714285694
3,732,384,384.2380952380951
3,733,385,384.7142857142856
3,734,385,385.190476190476
3,735,386,385.8095238095238
3,736,386,386.2857142857142
3,737,387,386.7619047619046
3,738,387,386.47619047619025
3,739,387,387.3333333333332
3,740,387,388.9523809523808
3,741,392,390.095238095238
3,742,392,390.8095238095237
3,743,389,390.71428571428555
3,744,390,389.8571428571427
3,745,390,389.90476190476187
3,746,391,390.8095238095235
3,747,391,391.4761904761903
3,748,392,391.66666666666663
3,749,392,390.71428571428567
3,750,390,391.047619047619
3,751,390,392.6666666666665
3,752,396,393.5238095238093
3,753,396,393.0476190476189
3,754,390,392.90476190476176
3,755,390,392.90476190476176
3,756,397,393.95238095238085
3,757,397,395.285714285714
3,758,394,395.85714285714283
3,759,394,395.47619047619025
3,760,398,396.38095238095224
3,761,398,397.8095238095237
3,762,398,398.38095238095224
3,763,398,398.0
3,764,398,398.0
3,765,398,398.0000000000001
3,766,398,398.00000000000006
3,767,398,397.9999999999998
3,768,398,391.8571428571427
3,769,397,396.4285714285713
3,770,397,398.3333333333331
3,771,396,396.2857142857143
3,772,396,396.2857142857142
3,773,397,396.61904761904754
3,774,397,397.4761904761903
3,775,398,397.6666666666666
3,776,398,397.190476190476
3,777,396,396.8095238095238
3,778,396,396.52380952380935
3,779,397,396.4285714285713
3,780,397,396.61904761904754
3,781,396,396.4285714285713
3,782,396,396.2380952380951
3,783,396,395.7142857142856
3,784,396,395.3809523809523
3,785,394,395.3809523809521
3,786,395,394.5714285714285
3,787,395,393.42857142857144
3,788,391,392.4285714285713
3,789,391,391.38095238095224
3,790,391,390.5238095238095
3,791,391,390.33333333333326
3,792,389,389.6666666666666
3,793,389,389.4761904761902
3,794,389,388.6190476190474
3,795,389,387.47619047619037
3,796,385,386.4285714285713
3,797,385,385.8571428571427
3,798,387,385.95238095238074
3,799,387,387.09523809523796
3,800,387,387.09523809523796
3,801,387,386.33333333333314
3,802,385,385.66666666666646
3,803,385,385.0952380952379
3,804,385,384.80952380952357
3,805,385,385.2857142857142
3,806,385,384.8571428571427
3,807,385,383.9999999999999
3,808,382,383.09523809523785
3,809,382,382.09523809523796
3,810,382,381.57142857142856
3,811,381,381.23809523809507
3,812,381,380.47619047619037
3,813,379,379.5238095238094
3,814,379,378.66666666666663
3,815,378,378.19047619047603
3,816,378,378.47619047619037
3,817,379,378.5238095238094
3,818,379,378.71428571428555
3,819,378,378.38095238095224
3,820,378,377.8095238095236
3,821,377,377.190476190476
3,822,377,376.8095238095236
3,823,376,376.1904761904761
3,824,376,375.71428571428555
3,825,375,375.2380952380953
3,826,375,375.0476190476189
3,827,375,374.9047619047617
3,828,375,374.99999999999983
3,829,375,374.99999999999983
3,830,375,374.99999999999983
3,831,375,374.90476190476187
3,832,375,375.047619047619
3,833,375,375.0476190476189
3,834,376,375.80952380952357
3,835,376,376.5714285714284
3,836,379,378.2857142857142
3,837,379,380.19047619047626
3,838,383,381.9523809523809
3,839,383,382.8095238095236
3,840,383,383.85714285714283
3,841,383,382.7619047619047
3,842,383,381.5238095238094
3,843,378,379.5714285714286
3,844,378,377.38095238095235
3,845,376,376.2857142857143
3,846,376,376.76190476190465
3,847,378,377.142857142857
3,848,378,377.52380952380946
3,849,378,378.38095238095224
3,850,378,379.4285714285714
3,851,382,380.6190476190476
3,852,382,381.38095238095224
3,853,381,381.76190476190476
3,854,381,381.19047619047626
3,855,382,381.6666666666666
3,856,382,382.23809523809507
3,857,384,383.6190476190474
3,858,384,385.14285714285705
3,859,388,386.90476190476187
3,860,388,387.95238095238085
3,861,389,389.0476190476189
3,862,389,389.6666666666666
3,863,391,390.6666666666665
3,864,392,391.6190476190475
3,865,392,392.4761904761904
3,866,393,392.76190476190453
3,867,393,392.85714285714266
3,868,393,393.14285714285694
3,869,393,393.52380952380935
3,870,394,393.57142857142844
3,871,394,392.9047619047618
3,872,392,392.95238095238096
3,873,392,393.4285714285713
3,874,396,394.47619047619025
3,875,396,395.7142857142857
3,876,396,396.4285714285713
3,877,396,396.3333333333332
3,878,397,396.66666666666663
3,879,397,396.8571428571429
3,880,397,397.142857142857
3,881,397,397.4285714285713
3,882,398,397.5238095238094
3,883,398,397.6666666666665
3,884,397,397.6666666666664
3,885,398,397.7619047619047
3,886,398,398.1904761904761
3,887,399,398.7619047619045
3,888,399,398.95238095238085
3,889,399,399.0952380952379
3,890,399,399.3809523809522
3,891,399,398.80952380952374
3,892,399,397.2857142857142
3,893,395,396.5238095238094
3,894,395,396.52380952380923
3,895,399,397.28571428571405
3,896,399,398.90476190476187
3,897,399,399.33333333333326
3,898,399,398.6666666666665
3,899,398,398.33333333333326
3,900,398,397.9523809523808
3,901,398,397.9523809523808
3,902,398,398.3333333333332
3,903,399,398.6666666666665
3,904,399,399.14285714285717
3,905,399,398.9999999999999
3,906,399,398.2380952380951
3,907,397,397.9047619047617
3,908,397,397.3333333333332
3,909,398,396.71428571428567
3,910,396,396.66666666666663
3,911,396,396.71428571428567
3,912,397,396.3809523809524
3,913,397,396.4761904761904
3,914,395,395.6666666666666
3,915,395,394.61904761904754
3,916,393,393.3809523809522
3,917,393,392.33333333333314
3,918,391,391.52380952380963
3,919,391,391.6190476190475
3,920,392,391.38095238095235
3,921,392,391.28571428571433
3,922,390,390.76190476190465
3,923,390,390.28571428571416
3,924,390,389.61904761904765
3,925,390,389.38095238095224
3,926,388,389.2857142857142
3,927,389,388.6190476190474
3,928,389,387.8571428571428
3,929,386,387.0476190476188
3,930,386,385.99999999999994
3,931,385,384.9523809523808
3,932,385,384.38095238095224
3,933,383,383.5714285714284
3,934,383,383.47619047619025
3,935,383,382.6190476190474
3,936,383,381.5714285714284
3,937,379,380.38095238095224
3,938,379,379.6190476190475
3,939,380,379.23809523809496
3,940,380,379.7142857142858
3,941,379,379.38095238095235
3,942,379,378.71428571428555
3,943,378,378.238095238095
3,944,378,378.142857142857
3,945,378,377.8571428571427
3,946,378,377.6666666666665
3,947,377,377.4285714285714
3,948,377,376.99999999999994
3,949,377,376.6666666666665
3,950,376,376.2857142857141
3,951,376,375.71428571428555
3,952,375,375.2380952380953
3,953,375,374.95238095238074
3,954,375,374.95238095238096
3,955,375,375.33333333333326
3,956,376,375.6666666666666
3,957,376,375.8571428571428
3,958,376,376.14285714285705
3,959,376,376.2380952380951
3,960,377,376.71428571428555
3,961,377,377.2857142857142
3,962,378,377.7619047619047
3,963,378,377.95238095238096
3,964,378,378.09523809523796
3,965,378,377.80952380952374
3,966,378,378.0952380952381
3,967,378,378.6666666666666
3,968,380,379.047619047619
3,969,380,380.047619047619
3,970,380,380.99999999999983
3,971,383,382.0952380952382
3,972,383,383.52380952380935
3,973,385,384.61904761904754
3,974,385,384.9999999999999
3,975,385,385.14285714285694
3,976,385,384.4761904761903
3,977,384,384.4285714285713
3,978,384,384.6190476190474
3,979,386,385.2857142857142
3,980,386,386.33333333333314
3,981,387,386.8095238095236
3,982,387,386.4285714285715
3,983,386,386.52380952380946
3,984,386,386.7142857142856
3,985,388,387.2380952380951
3,986,388,387.80952380952374
3,987,388,388.2380952380952
3,988,388,388.33333333333314
3,989,389,388.6666666666666
3,990,389,388.57142857142827
3,991,389,389.47619047619037
3,992,389,390.2380952380951
3,993,393,390.8095238095237
3,994,391,391.5714285714283
3,995,391,392.0476190476188
3,996,393,392.190476190476
3,997,393,393.2380952380952
3,998,394,393.85714285714266
3,999,394,393.85714285714266
3,1000,394,394.142857142857
3,1001,394,394.33333333333314
3,1002,395,394.66666666666646
3,1003,395,394.7619047619045
3,1004,395,395.19047619047603
3,1005,395,395.7619047619046
3,1006,397,396.2857142857142
3,1007,397,396.2857142857142
3,1008,396,396.66666666666646
3,1009,396,397.14285714285705
3,1010,399,397.7619047619047
3,1011,399,398.5714285714284
3,1012,398,399.0476190476189
3,1013,399,398.66666666666663
3,1014,399,398.52380952380946
3,1015,398,398.42857142857133
3,1016,398,398.14285714285694
3,1017,398,397.85714285714283
3,1018,398,397.4761904761903
3,1019,397,397.4285714285713
3,1020,397,398.0
3,1021,399,398.11428571428587
3,1022,399,398.1714285714284
3,1023,396,396.0499999999999
3,1024,396,389.7142857142856
3,1025,394,394.09523809523813
3,1026,394,397.14285714285705
3,1027,398,396.38095238095235
3,1028,398,396.9523809523808
3,1029,396,397.3333333333332
3,1030,396,396.66666666666663
3,1031,398,396.66666666666646
3,1032,396,396.47619047619054
3,1033,396,395.42857142857133
3,1034,394,394.5714285714285
3,1035,394,394.9523809523809
3,1036,396,395.04761904761904
3,1037,396,395.23809523809507
3,1038,394,394.76190476190465
3,1039,394,394.142857142857
3,1040,394,396.2380952380951
3,1041,395,393.6190476190475
3,1042,395,387.6190476190475
3,1043,373,380.6190476190474
3,1044,373,373.9523809523808
3,1045,373,368.71428571428555
3,1046,371,372.4285714285713
3,1047,371,375.95238095238074
3,1048,387,381.71428571428555
3,1049,387,388.2857142857143
3,1050,392,391.66666666666646
3,1051,392,390.5238095238095
3,1052,388,389.76190476190465
3,1053,388,387.8571428571428
3,1054,387,386.9523809523808
3,1055,387,387.14285714285705
3,1056,387,386.8571428571428
3,1057,387,386.85714285714266
3,1058,386,386.23809523809507
3,1059,386,385.57142857142844
3,1060,384,384.5714285714285
3,1061,384,383.38095238095224
3,1062,382,382.3333333333332
3,1063,381,381.3333333333332
3,1064,381,380.28571428571416
3,1065,379,379.5238095238094
3,1066,379,378.66666666666663
3,1067,378,378.19047619047603
3,1068,378,378.6666666666665
3,1069,379,378.42857142857133
3,1070,379,377.8571428571427
3,1071,376,377.142857142857
3,1072,376,376.66666666666646
3,1073,377,376.2857142857141
3,1074,377,376.0952380952381
3,1075,375,375.8571428571429
3,1076,375,375.8571428571427
3,1077,377,376.095238095238
3,1078,377,376.57142857142844
3,1079,376,376.5238095238095
3,1080,376,375.95238095238085
3,1081,376,375.95238095238085
3,1082,376,376.52380952380946
3,1083,377,376.57142857142844
3,1084,377,375.99999999999994
3,1085,375,376.0952380952379
3,1086,375,375.9999999999999
3,1087,378,375.8571428571427
3,1088,376,376.6666666666666
3,1089,376,377.57142857142844
3,1090,379,377.7142857142856
3,1091,379,378.0952380952381
3,1092,377,377.99999999999983
3,1093,377,377.2380952380952
3,1094,378,377.57142857142844
3,1095,378,378.52380952380935
3,1096,380,379.4761904761904
3,1097,380,380.047619047619
3,1098,381,380.95238095238085
3,1099,381,381.4285714285713
3,1100,383,382.52380952380935
3,1101,383,383.5714285714284
3,1102,385,384.52380952380946
3,1103,385,384.9999999999999
3,1104,385,384.6666666666665
3,1105,385,384.90476190476176
3,1106,384,386.09523809523785
3,1107,389,387.33333333333337
3,1108,389,388.14285714285705
3,1109,388,388.90476190476187
3,1110,388,388.99999999999983
3,1111,390,389.09523809523796
3,1112,390,388.42857142857144
3,1113,387,388.4285714285713
3,1114,387,389.09523809523796
3,1115,392,389.9047619047617
3,1116,392,390.47619047619054
3,1117,389,390.6190476190474
3,1118,389,390.04761904761887
3,1119,392,390.76190476190465
3,1120,392,392.190476190476
3,1121,393,392.9523809523808
3,1122,393,392.9523809523808
3,1123,393,393.09523809523796
3,1124,393,392.7142857142855
3,1125,393,393.2380952380952
3,1126,393,393.95238095238085
3,1127,396,394.47619047619025
3,1128,395,395.28571428571416
3,1129,395,395.99999999999983
3,1130,397,396.2380952380951
3,1131,397,396.8095238095238
3,1132,397,397.238095238095
3,1133,397,397.4285714285713
3,1134,398,397.6190476190474
3,1135,398,397.61904761904754
3,1136,397,397.4285714285713
3,1137,397,396.9523809523809
3,1138,397,396.9523809523808
3,1139,397,397.33333333333314
3,1140,398,397.6666666666665
3,1141,398,397.95238095238085
3,1142,398,398.09523809523796
3,1143,398,398.0
3,1144,398,398.0
3,1145,398,398.0
3,1146,398,398.09523809523796
3,1147,398,397.9523809523808
3,1148,398,397.85714285714283
3,1149,397,397.2380952380952
3,1150,397,396.3809523809524
3,1151,395,395.5714285714284
3,1152,395,395.0952380952379
3,1153,395,394.8095238095237
3,1154,395,395.3809523809523
3,1155,395,394.8095238095237
3,1156,395,393.5714285714283
3,1157,391,392.38095238095224
3,1158,391,391.6190476190474
3,1159,392,391.23809523809507
3,1160,392,391.5238095238093
3,1161,391,391.4761904761902
3,1162,391,391.47619047619037
3,1163,392,391.52380952380946
3,1164,392,391.7142857142856
3,1165,391,391.38095238095224
3,1166,391,390.904761904762
3,1167,390,390.142857142857
3,1168,390,389.4761904761903
3,1169,388,388.5238095238094
3,1170,388,387.76190476190465
3,1171,387,387.2380952380951
3,1172,387,386.9999999999999
3,1173,387,386.7619047619046
3,1174,386,386.23809523809507
3,1175,386,385.47619047619037
3,1176,384,384.5238095238094
3,1177,384,383.76190476190476
3,1178,383,383.14285714285705
3,1179,383,383.33333333333314
3,1180,383,382.76190476190465
3,1181,383,382.09523809523796
3,1182,380,380.95238095238085
3,1183,380,379.90476190476187
3,1184,379,378.9999999999999
3,1185,379,378.80952380952374
3,1186,378,378.19047619047603
3,1187,378,377.7142857142856
3,1188,377,377.2380952380952
3,1189,377,377.047619047619
3,1190,377,377.0
3,1191,377,376.952380952381
3,1192,377,376.66666666666663
3,1193,376,376.3333333333333
3,1194,376,375.95238095238085
3,1195,376,375.95238095238085
3,1196,376,376.33333333333326
3,1197,377,376.6666666666667
3,1198,377,376.8571428571427
3,1199,377,377.14285714285705
3,1200,377,377.33333333333326
3,1201,378,377.6666666666665
3,1202,378,377.95238095238096
3,1203,378,378.09523809523796
3,1204,378,377.9999999999999
3,1205,378,377.9999999999999
3,1206,378,377.90476190476176
3,1207,378,378.04761904761887
3,1208,378,378.33333333333326
3,1209,379,378.6666666666666
3,1210,379,378.6666666666666
3,1211,379,379.23809523809507
3,1212,379,379.99999999999983
3,1213,382,380.8095238095237
3,1214,382,381.95238095238085
3,1215,382,382.76190476190476
3,1216,384,383.4285714285712
3,1217,384,384.4761904761904
3,1218,386,385.57142857142856
3,1219,386,386.2380952380953
3,1220,387,386.8571428571427
3,1221,387,386.8571428571427
3,1222,387,387.1428571428571
3,1223,387,387.3333333333332
3,1224,388,387.66666666666646
3,1225,388,387.7619047619046
3,1226,388,388.1904761904758
3,1227,388,388.85714285714283
3,1228,390,389.2380952380952
3,1229,390,388.8571428571427
3,1230,388,389.1428571428569
3,1231,388,389.38095238095235
3,1232,392,390.142857142857
3,1233,391,391.14285714285694
3,1234,391,391.2380952380952
3,1235,391,390.9999999999998
3,1236,391,391.66666666666646
3,1237,393,392.33333333333314
3,1238,393,392.8095238095236
3,1239,393,393.238095238095
3,1240,393,393.33333333333314
3,1241,394,393.6666666666666
3,1242,394,393.95238095238057
3,1243,394,393.99999999999983
3,1244,394,394.9999999999998
3,1245,394,393.85714285714283
3,1246,395,391.52380952380935
3,1247,385,388.19047619047603
3,1248,385,384.9047619047618
3,1249,383,382.1428571428571
3,1250,383,383.38095238095224
3,1251,383,383.76190476190465
3,1252,389,387.7142857142855
3,1253,389,392.28571428571416
3,1254,400,396.14285714285694
3,1255,398,398.1904761904761
3,1256,398,400.3333333333331
3,1257,399,398.0476190476191
3,1258,399,395.3809523809523
3,1259,390,393.38095238095235
3,1260,390,393.00000000000006
3,1261,396,392.85714285714266
3,1262,396,393.80952380952357
3,1263,390,392.5238095238094
3,1264,390,390.5238095238094
3,1265,389,388.4761904761904
3,1266,389,386.85714285714266
3,1267,383,384.9999999999999
3,1268,383,384.23809523809507
3,1269,385,383.14285714285694
3,1270,385,384.1428571428571
3,1271,382,385.3333333333332
3,1272,387,385.2380952380951
3,1273,387,384.3333333333332
3,1274,382,384.38095238095224
3,1275,382,384.28571428571416
3,1276,387,384.66666666666663
3,1277,387,385.82857142857154
3,1278,383,385.19999999999993
3,1279,383,382.5999999999999
3,1280,384,382.90476190476187
3,1281,384,384.90476190476176
3,1282,387,386.33333333333314
3,1283,387,386.4285714285713
3,1284,386,386.6666666666666
3,1285,386,386.28571428571416
3,1286,387,386.6190476190474
3,1287,387,387.2857142857141
3,1288,388,388.142857142857
3,1289,388,387.76190476190465
3,1290,388,386.47619047619054
3,1291,384,385.4761904761903
3,1292,384,385.47619047619037
3,1293,387,385.47619047619037
3,1294,387,385.76190476190476
3,1295,384,385.3333333333333
3,1296,384,384.95238095238085
3,1297,385,384.14285714285705
3,1298,385,382.9047619047619
3,1299,380,381.95238095238085
3,1300,380,381.8571428571428
3,1301,384,382.047619047619
3,1302,384,382.8095238095237
3,1303,381,382.3809523809523
3,1304,381,381.0476190476189
3,1305,381,380.7619047619047
3,1306,381,381.3333333333333
3,1307,382,381.6666666666666
3,1308,382,381.85714285714283
3,1309,382,382.33333333333314
3,1310,382,382.23809523809507
3,1311,383,381.9999999999999
3,1312,381,381.61904761904754
3,1313,381,381.09523809523796
3,1314,381,380.8571428571428
3,1315,381,381.80952380952374
3,1316,382,381.42857142857144
3,1317,382,380.0
3,1318,377,378.90476190476187
3,1319,377,377.9523809523807
3,1320,380,378.6666666666666
3,1321,380,381.52380952380935
3,1322,383,381.95238095238074
3,1323,383,380.047619047619
3,1324,376,378.8571428571426
3,1325,376,378.38095238095224
3,1326,381,378.4761904761903
3,1327,381,378.8571428571427
3,1328,377,379.3809523809523
3,1329,377,379.0476190476189
3,1330,383,379.9047619047618
3,1331,380,380.5714285714285
3,1332,380,379.4285714285712
3,1333,377,377.8571428571429
3,1334,377,377.95238095238085
3,1335,380,378.8095238095236
3,1336,380,380.33333333333314
3,1337,382,381.7142857142856
3,1338,382,382.57142857142844
3,1339,384,383.5238095238094
3,1340,384,383.9999999999998
3,1341,384,384.142857142857
3,1342,384,383.6666666666664
3,1343,383,383.33333333333314
3,1344,383,382.85714285714266
3,1345,383,382.99999999999983
3,1346,383,383.7619047619046
3,1347,385,384.0952380952379
3,1348,385,384.6666666666666
3,1349,384,384.99999999999983
3,1350,386,385.47619047619037
3,1351,386,386.38095238095224
3,1352,388,387.5714285714283
3,1353,388,388.5238095238093
3,1354,389,388.71428571428555
3,1355,389,387.8571428571429
3,1356,386,387.14285714285705
3,1357,386,385.9999999999998
3,1358,387,386.61904761904736
3,1359,387,389.38095238095235
3,1360,392,390.04761904761904
3,1361,392,388.42857142857144
3,1362,384,387.4761904761905
3,1363,384,387.2857142857142
3,1364,391,387.6190476190475
3,1365,391,388.19047619047615
3,1366,385,387.90476190476176
3,1367,385,386.47619047619025
3,1368,390,387.9999999999997
3,1369,390,391.99999999999983
3,1370,395,392.9523809523808
3,1371,395,393.0476190476189
3,1372,389,393.09523809523796
3,1373,395,393.4761904761903
3,1374,395,395.38095238095246
3,1375,399,398.2857142857141
3,1376,399,399.1428571428568
3,1377,400,400.0476190476189
3,1378,400,400.52380952380946
3,1379,400,399.80952380952357
3,1380,400,398.95238095238085
3,1381,394,395.52380952380946
3,1382,394,389.6190476190475
3,1383,384,387.4285714285714
3,1384,384,390.8571428571428
3,1385,398,391.52380952380946
3,1386,398,390.5714285714284
3,1387,380,387.71428571428567
3,1388,380,383.6190476190475
3,1389,388,383.5714285714285
3,1390,388,386.238095238095
3,1391,387,389.09523809523796
3,1392,387,390.47619047619025
3,1393,398,393.33333333333303
3,1394,393,393.7619047619046
3,1395,393,391.0476190476188
3,1396,385,387.4761904761905
3,1397,385,387.6666666666665
3,1398,391,388.095238095238
3,1399,391,389.0476190476189
3,1400,388,389.90476190476176
3,1401,388,391.52380952380946
3,1402,395,391.8571428571427
3,1403,395,390.8095238095237
3,1404,384,388.42857142857133
3,1405,384,385.28571428571416
3,1406,386,384.23809523809507
3,1407,386,384.9999999999999
3,1408,385,385.80952380952357
3,1409,385,387.42857142857133
3,1410,391,388.71428571428567
3,1411,391,389.2857142857142
3,1412,387,389.42857142857133
3,1413,387,387.2857142857143
3,1414,388,385.8095238095237
3,1415,383,384.52380952380946
3,1416,383,382.28571428571416
3,1417,381,381.3809523809523
3,1418,381,382.3333333333333
3,1419,385,383.52380952380935
3,1420,385,385.3333333333332
3,1421,386,385.9523809523809
3,1422,386,385.4761904761904
3,1423,384,384.6666666666665
3,1424,384,383.42857142857144
3,1425,382,382.4761904761904
3,1426,382,382.1904761904762
3,1427,382,381.76190476190465
3,1428,382,381.4761904761903
3,1429,381,381.4285714285714
3,1430,381,381.7142857142856
3,1431,383,382.3333333333331
3,1432,383,382.85714285714283
3,1433,383,382.7619047619046
3,1434,382,382.38095238095235
3,1435,382,382.38095238095224
3,1436,383,382.57142857142844
3,1437,383,382.95238095238074
3,1438,383,383.0952380952379
3,1439,383,383.5714285714285
3,1440,383,382.7142857142856
3,1441,383,380.99999999999983
3,1442,377,378.9999999999999
3,1443,377,377.38095238095224
3,1444,377,376.3809523809524
3,1445,377,376.09523809523796
3,1446,376,376.6190476190476
3,1447,376,378.04761904761887
3,1448,382,379.90476190476187
3,1449,382,381.7142857142856
3,1450,382,382.8571428571427
3,1451,382,381.85714285714283
3,1452,382,380.99999999999983
3,1453,379,379.8095238095236
3,1454,379,379.238095238095
3,1455,379,378.90476190476176
3,1456,381,380.5714285714285
3,1457,381,382.6666666666665
3,1458,386,384.47619047619037
3,1459,386,385.2380952380951
3,1460,385,385.9047619047618
3,1461,385,385.61904761904754
3,1462,387,386.47619047619054
3,1463,387,387.14285714285694
3,1464,388,387.38095238095224
3,1465,386,386.5238095238095
3,1466,386,385.42857142857133
3,1467,384,384.52380952380946
3,1468,384,384.61904761904765
3,1469,385,384.38095238095224
3,1470,385,384.3809523809523
3,1471,383,383.7142857142856
3,1472,383,382.66666666666663
3,1473,382,382.1904761904762
3,1474,382,382.19047619047626
3,1475,383,382.6666666666665
3,1476,383,383.4285714285713
3,1477,385,384.5238095238094
3,1478,385,385.5714285714284
3,1479,387,386.5238095238095
3,1480,387,386.61904761904736
3,1481,387,387.14285714285694
3,1482,387,388.095238095238
3,1483,390,389.6666666666666
3,1484,392,391.19047619047603
3,1485,392,392.47619047619037
3,1486,392,392.04761904761887
3,1487,392,390.7142857142857
3,1488,389,390.142857142857
3,1489,389,389.6666666666666
3,1490,392,390.95238095238085
3,1491,392,393.80952380952374
3,1492,397,395.4761904761903
3,1493,397,395.8571428571427
3,1494,394,395.42857142857133
3,1495,394,393.23809523809507
3,1496,393,393.33333333333314
3,1497,393,396.2857142857141
3,1498,399,396.2857142857142
3,1499,399,393.99999999999983
3,1500,386,390.5238095238095
3,1501,386,388.2380952380951
3,1502,390,389.42857142857133
3,1503,396,393.8095238095237
3,1504,396,395.9999999999997
3,1505,396,396.61904761904754
3,1506,396,396.9999999999999
3,1507,397,396.33333333333337
3,1508,397,394.142857142857
3,1509,390,392.6666666666664
3,1510,390,392.2857142857143
3,1511,395,392.5238095238096
3,1512,395,393.1904761904761
3,1513,392,393.76190476190476
3,1514,392,395.28571428571416
3,1515,398,395.142857142857
3,1516,398,392.5714285714285
3,1517,386,391.4285714285712
3,1518,386,390.4285714285714
3,1519,398,391.8571428571429
3,1520,395,395.42857142857133
3,1521,395,397.4285714285713
3,1522,395,394.142857142857
3,1523,395,390.142857142857
3,1524,383,387.4285714285712
3,1525,383,387.14285714285694
3,1526,392,387.5714285714285
3,1527,392,389.8571428571428
3,1528,386,388.71428571428567
3,1529,386,385.095238095238
3,1530,383,383.52380952380935
3,1531,383,384.095238095238
3,1532,385,383.90476190476176
3,1533,385,384.17142857142875
3,1534,382,383.39999999999986
3,1535,382,381.6999999999998
3,1536,382,381.2857142857142
3,1537,382,380.90476190476176
3,1538,379,380.2857142857141
3,1539,379,379.09523809523796
3,1540,379,378.38095238095235
3,1541,378,378.3333333333331
3,1542,378,377.76190476190465
3,1543,378,378.0476190476189
3,1544,378,379.09523809523796
3,1545,381,379.95238095238074
3,1546,381,380.6190476190476
3,1547,380,380.5714285714283
3,1548,380,379.6190476190475
3,1549,379,379.28571428571416
3,1550,379,379.28571428571416
3,1551,380,379.6190476190476
3,1552,380,380.19047619047603
3,1553,381,380.80952380952374
3,1554,381,381.57142857142844
3,1555,382,381.61904761904754
3,1556,382,381.1428571428571
3,1557,379,379.9999999999998
3,1558,379,378.47619047619037
3,1559,377,377.4761904761905
3,1560,377,377.0476190476189
3,1561,377,376.38095238095224
3,1562,376,376.3809523809523
3,1563,376,376.3809523809523
3,1564,377,376.57142857142844
3,1565,377,376.4761904761903
3,1566,377,377.3333333333333
3,1567,377,378.76190476190465
3,1568,382,380.28571428571416
3,1569,382,381.8095238095238
3,1570,381,381.61904761904754
3,1571,381,379.71428571428567
3,1572,377,378.23809523809507
3,1573,377,376.9047619047617
3,1574,377,376.76190476190476
3,1575,377,378.28571428571416
3,1576,380,378.8571428571428
3,1577,380,378.8571428571426
3,1578,377,378.4761904761903
3,1579,377,377.04761904761904
3,1580,377,376.0476190476188
3,1581,375,375.38095238095235
3,1582,375,375.4285714285712
3,1583,375,375.7142857142856
3,1584,378,376.0476190476189
3,1585,376,376.6666666666666
3,1586,376,377.2857142857143
3,1587,379,377.85714285714266
3,1588,379,379.1714285714286
3,1589,380,380.05714285714276
3,1590,380,380.1
