channel,index,raw,filtered
1,0,388,388.83891402714937
1,1,388,388.08597285067896
1,2,388,387.69502262443456
1,3,388,387.62986425339375
1,4,387,387.9927601809956
1,5,387,388.75656108597303
1,6,389,389.6262443438915
1,7,389,390.6452488687783
1,8,394,391.50950226244356
1,9,394,392.2443438914029
1,10,394,393.07511312217207
1,11,394,393.6886877828055
1,12,393,393.839819004525
1,13,393,393.6832579185521
1,14,393,393.51221719457016
1,15,393,393.01990950226264
1,16,394,392.8714932126697
1,17,392,392.7321266968327
1,18,392,392.69049773755665
1,19,393,392.63529411764716
1,20,393,392.59638009049786
1,21,392,392.4036199095024
1,22,392,392.0932126696833
1,23,392,391.7013574660634
1,24,392,391.4027149321268
1,25,391,390.8950226244346
1,26,391,390.4877828054301
1,27,389,390.08778280543
1,28,389,389.6081447963801
1,29,389,389.1647058823531
1,30,389,388.7348416289595
1,31,389,388.36380090497744
1,32,389,388.09683257918556
1,33,387,387.98190045248873
1,34,387,387.8669683257921
1,35,388,387.45882352941186
1,36,387,387.0642533936653
1,37,387,386.85158371040734
1,38,387,386.58914027149336
1,39,387,386.2515837104074
1,40,385,386.01357466063354
1,41,385,385.70497737556576
1,42,386,385.3556561085974
1,43,386,385.1312217194572
1,44,384,384.8588235294118
1,45,384,384.7067873303168
1,46,385,384.57285067873306
1,47,385,384.42262443438926
1,48,384,384.1447963800906
1,49,384,383.9601809954754
1,50,384,383.8868778280544
1,51,384,383.881447963801
1,52,383,383.69411764705893
1,53,383,383.404524886878
1,54,384,383.2895927601811
1,55,384,383.28778280543
1,56,383,383.1285067873305
1,57,383,383.1411764705884
1,58,383,383.2371040723982
1,59,383,383.52760180995483
1,60,384,383.8470588235296
1,61,384,384.2298642533937
1,62,384,384.6371040723983
1,63,386,385.2298642533937
1,64,386,385.8244343891404
1,65,387,386.4371040723982
1,66,387,387.0135746606336
1,67,387,387.8524886877829
1,68,387,388.3909502262445
1,69,389,388.6995475113123
1,70,389,388.5194570135748
1,71,389,387.9339366515838
1,72,389,387.2262443438915
1,73,389,385.9085972850679
1,74,384,385.09321266968345
1,75,384,384.78733031674227
1,76,382,384.79819004524893
1,77,382,385.2072398190046
1,78,385,386.09592760181016
1,79,385,387.5511312217196
1,80,394,389.25972850678744
1,81,394,391.18552036199105
1,82,393,392.6000000000001
1,83,393,393.7040723981902
1,84,395,394.33936651583724
1,85,395,394.4090497737557
1,86,393,394.2995475113124
1,87,393,393.5972850678734
1,88,393,393.4850678733033
1,89,393,393.3457013574661
1,90,394,393.2000000000001
1,91,393,392.8687782805431
1,92,393,392.7266968325793
1,93,392,392.5484162895928
1,94,392,392.1819004524888
1,95,392,391.67511312217204
1,96,392,391.21447963800915
1,97,390,390.58642533936666
1,98,390,389.9221719457015
1,99,389,389.2144796380091
1,100,389,388.729411764706
1,101,388,388.1239819004526
1,102,388,387.53212669683273
1,103,386,387.0171945701358
1,104,386,386.71312217194577
1,105,387,386.2769230769232
1,106,387,385.9040723981902
1,107,385,385.5104072398191
1,108,385,385.2117647058825
1,109,385,384.9855203619911
1,110,385,384.8090497737558
1,111,384,384.3800904977376
1,112,384,383.9963800904978
1,113,384,383.8144796380093
1,114,384,383.7909502262445
1,115,384,383.6054298642535
1,116,383,383.53755656108603
1,117,383,383.51674208144806
1,118,384,383.6723981900453
1,119,384,383.78642533936664
1,120,384,384.0407239819006
1,121,384,384.26696832579205
1,122,385,384.6968325791857
1,123,385,385.2144796380091
1,124,386,385.7656108597286
1,125,386,386.28687782805446
1,126,387,386.9828054298644
1,127,387,387.7194570135748
1,128,389,388.2923076923079
1,129,389,388.8968325791856
1,130,390,389.66063348416304
1,131,390,390.31131221719477
1,132,391,390.92398190045253
1,133,391,391.37375565610864
1,134,391,391.67420814479647
1,135,393,391.8389140271495
1,136,393,392.0904977375566
1,137,392,392.25158371040743
1,138,392,392.42443438914046
1,139,392,392.51131221719464
1,140,392,392.55294117647077
1,141,393,392.59004524886876
1,142,393,392.66606334841634
1,143,393,392.9013574660635
1,144,393,393.1547511312219
1,145,393,393.28778280542997
1,146,393,393.43257918552035
1,147,394,393.45067873303174
1,148,394,393.3420814479639
1,149,393,393.24524886877833
1,150,393,393.16923076923086
1,151,393,392.993665158371
1,152,393,392.7366515837105
1,153,392,392.5574660633486
1,154,392,392.2153846153847
1,155,392,391.8850678733033
1,156,392,391.54117647058825
1,157,391,391.1610859728508
1,158,391,390.7221719457015
1,159,391,390.34027149321275
1,160,389,389.9312217194571
1,161,389,389.4108597285069
1,162,389,388.8950226244345
1,163,389,388.5701357466064
1,164,388,388.2226244343893
1,165,388,387.84796380090506
1,166,387,387.4416289592761
1,167,387,387.06696832579195
1,168,387,386.510407239819
1,169,387,385.95837104072416
1,170,385,385.45610859728515
1,171,385,385.04886877828056
1,172,384,384.6434389140273
1,173,384,384.3466063348417
1,174,384,383.98552036199106
1,175,384,383.7873303167422
1,176,384,383.8407239819006
1,177,384,384.03438914027157
1,178,384,383.9773755656109
1,179,384,384.0787330316743
1,180,384,384.2615384615386
1,181,385,384.4488687782807
1,182,385,384.5610859728508
1,183,384,384.71855203619924
1,184,384,384.69140271493234
1,185,386,384.8497737556564
1,186,386,385.0778280542988
1,187,385,385.4597285067874
1,188,385,385.8705882352941
1,189,386,386.5239819004526
1,190,386,387.22443438914047
1,191,389,387.90859728506797
1,192,389,388.50407239819003
1,193,390,389.34479638009066
1,194,390,390.22624434389155
1,195,391,390.9466063348418
1,196,391,391.5040723981901
1,197,392,391.96470588235303
1,198,392,392.19457013574674
1,199,393,392.5457013574662
1,200,393,392.7701357466064
1,201,393,392.97013574660645
1,202,393,393.04796380090494
1,203,393,393.18552036199105
1,204,393,393.16470588235296
1,205,393,393.0443438914028
1,206,393,392.8832579185521
1,207,393,392.95203619909523
1,208,393,392.9212669683259
1,209,393,392.8796380090499
1,210,392,392.71583710407253
1,211,392,392.52760180995483
1,212,393,392.2126696832581
1,213,393,391.80723981900456
1,214,391,391.41809954751136
1,215,391,390.95203619909523
1,216,390,390.454298642534
1,217,390,389.97013574660645
1,218,389,389.4769230769232
1,219,389,388.9520361990951
1,220,389,388.64977375565616
1,221,388,388.42443438914034
1,222,388,388.1330316742083
1,223,388,387.8325791855205
1,224,388,387.5800904977376
1,225,387,387.23257918552054
1,226,387,386.64434389140285
1,227,386,386.0696832579187
1,228,386,385.5538461538463
1,229,385,385.0036199095024
1,230,385,384.4552036199095
1,231,383,384.07420814479656
1,232,383,383.88778280542994
1,233,384,383.78461538461545
1,234,384,383.8533936651586
1,235,384,383.9737556561087
1,236,384,384.15475113122193
1,237,385,384.39638009049787
1,238,385,384.6895927601812
1,239,385,384.8778280542987
1,240,385,384.9954751131222
1,241,385,385.34479638009054
1,242,385,385.68959276018114
1,243,386,385.93212669683254
1,244,386,386.1746606334843
1,245,387,386.4488687782807
1,246,387,386.7864253393666
1,247,388,387.08054298642537
1,248,387,387.4244343891403
1,249,387,387.6806135041426
1,250,388,387.9110889110888
1,251,388,388.20845820845807
1,252,389,388.6689976689979
1,253,389,389.2265734265734
1,254,390,389.8585858585852
1,255,390,390.06060606060595
1,256,390,390.6624434389141
1,257,390,390.8506787330318
1,258,392,391.12941176470605
1,259,392,391.53303167420825
1,260,392,392.03438914027157
1,261,392,392.5447963800906
1,262,393,392.9782805429865
1,263,393,393.24886877828067
1,264,394,393.4090497737558
1,265,394,393.31131221719454
1,266,393,393.2235294117648
1,267,393,393.0135746606336
1,268,393,392.7610859728508
1,269,392,392.3457013574661
1,270,392,392.0651583710409
1,271,391,391.61719457013584
1,272,391,391.46787330316755
1,273,391,391.0832579185522
1,274,391,390.4153846153847
1,275,390,389.54570135746616
1,276,390,388.68506787330324
1,277,388,387.6968325791857
1,278,388,386.8443438914028
1,279,384,386.11402714932143
1,280,384,385.4923076923078
1,281,384,385.1040723981901
1,282,385,384.87420814479646
1,283,385,384.65701357466065
1,284,386,384.7067873303168
1,285,386,384.9330316742081
1,286,385,385.2452488687784
1,287,385,385.06425339366535
1,288,384,384.8108597285069
1,289,384,384.48506787330325
1,290,385,384.225339366516
1,291,385,383.97013574660645
1,292,383,383.86696832579196
1,293,383,383.7927601809957
1,294,384,383.68597285067887
1,295,384,383.7466063348417
1,296,384,383.82714932126714
1,297,384,383.98009049773776
1,298,384,384.25520361990965
1,299,384,384.7022624434391
1,300,385,384.95565610859734
1,301,386,385.2497737556563
1,302,386,385.60723981900463
1,303,386,386.05067873303176
1,304,386,386.5348416289593
1,305,387,387.01447963800916
1,306,387,387.30316742081465
1,307,388,387.61447963800913
1,308,388,387.95294117647074
1,309,389,388.46153846153857
1,310,389,388.94479638009057
1,311,389,389.4778280542988
1,312,389,390.0678733031675
1,313,391,390.66063348416293
1,314,391,391.06968325791865
1,315,392,391.51764705882357
1,316,392,391.88868778280556
1,317,393,392.27601809954757
1,318,393,392.5728506787332
1,319,392,392.7429864253394
1,320,392,392.7502262443439
1,321,393,392.9058823529413
1,322,393,392.92126696832594
1,323,393,392.99638009049784
1,324,393,392.931221719457
1,325,393,392.8733031674209
1,326,393,392.7701357466064
1,327,393,392.5013574660635
1,328,392,392.14660633484186
1,329,392,391.9945701357467
1,330,391,391.73393665158386
1,331,391,391.4009049773758
1,332,391,391.03167420814486
1,333,391,390.87420814479657
1,334,391,390.5764705882355
1,335,391,390.20180995475124
1,336,389,389.67511312217204
1,337,389,389.19185520362
1,338,389,388.60904977375577
1,339,389,387.92217194570145
1,340,386,387.1239819004526
1,341,386,386.4072398190046
1,342,386,385.8968325791856
1,343,386,385.51764705882357
1,344,385,385.0561085972852
1,345,384,384.6986425339368
1,346,384,384.5610859728509
1,347,385,384.5592760180997
1,348,385,384.2615384615385
1,349,384,384.0361990950227
1,350,384,383.9013574660634
1,351,384,383.8751131221721
1,352,384,383.7665158371042
1,353,383,383.64615384615405
1,354,383,383.50497737556583
1,355,384,383.6018099547512
1,356,384,383.78642533936664
1,357,384,384.0407239819006
1,358,384,384.40814479638027
1,359,385,384.6497737556562
1,360,385,385.1266968325793
1,361,386,385.64615384615394
1,362,386,386.21538461538466
1,363,387,386.8389140271494
1,364,387,387.5212669683259
1,365,387,388.1990950226246
1,366,390,388.80904977375576
1,367,390,389.2850678733033
1,368,390,389.76108597285076
1,369,390,390.3737556561087
1,370,391,390.85972850678746
1,371,391,391.2325791855205
1,372,391,391.50588235294134
1,373,391,391.6253393665159
1,374,393,391.9520361990952
1,375,393,392.3176470588237
1,376,392,392.5656108597286
1,377,392,392.6778280542988
1,378,393,392.7746606334842
1,379,393,392.84705882352955
1,380,393,392.8271493212671
1,381,393,392.5855203619911
1,382,392,392.33755656108616
1,383,392,392.0986425339368
1,384,392,391.8190045248871
1,385,392,391.4488687782807
1,386,391,391.2153846153847
1,387,390,390.9457013574661
1,388,390,390.7466063348418
1,389,391,390.52488687782824
1,390,391,390.25791855203636
1,391,390,389.92307692307713
1,392,390,389.63619909502273
1,393,389,389.31312217194574
1,394,389,388.8696832579186
1,395,388,388.2832579185522
1,396,388,387.73122171945715
1,397,387,387.258823529412
1,398,387,386.84977375565626
1,399,386,386.41990950226256
1,400,386,386.0850678733032
1,401,386,385.68144796380096
1,402,386,385.4452488687784
1,403,385,385.33574660633485
1,404,385,385.3122171945703
1,405,385,385.3339366515838
1,406,385,385.3601809954753
1,407,385,385.2090497737558
1,408,386,385.0986425339368
1,409,386,385.0380090497739
1,410,385,385.0361990950227
1,411,385,384.89321266968335
1,412,384,384.80904977375576
1,413,384,384.77466063348425
1,414,385,384.7809954751133
1,415,385,384.67782805429874
1,416,385,384.8533936651585
1,417,385,385.1484162895929
1,418,386,385.5357466063349
1,419,386,385.97918552036214
1,420,386,386.3628959276019
1,421,386,386.8325791855204
1,422,388,387.4633484162897
1,423,388,388.13031674208156
1,424,389,388.77918552036215
1,425,389,389.35565610859743
1,426,390,389.87330316742094
1,427,391,390.34570135746617
1,428,391,390.7185520361991
1,429,391,390.93755656108607
1,430,391,391.2253393665159
1,431,391,391.4045248868779
1,432,391,391.5067873303168
1,433,392,391.56380090497754
1,434,392,391.6778280542988
1,435,392,391.88959276018113
1,436,392,392.2515837104074
1,437,392,392.48687782805445
1,438,392,392.59547511312223
1,439,393,392.647963800905
1,440,393,392.51493212669686
1,441,393,392.41447963800925
1,442,393,392.1647058823531
1,443,391,391.8633484162897
1,444,391,391.40814479638027
1,445,391,390.9764705882353
1,446,390,390.3457013574662
1,447,390,389.7791855203621
1,448,389,389.1402714932127
1,449,389,388.5013574660635
1,450,388,387.93484162895936
1,451,388,387.2361990950227
1,452,386,386.60090497737565
1,453,386,386.15384615384625
1,454,385,385.681447963801
1,455,385,385.308597285068
1,456,385,384.95113122171955
1,457,385,384.7248868778282
1,458,385,384.5366515837105
1,459,385,384.4226244343893
1,460,384,384.34208144796395
1,461,384,384.3158371040725
1,462,384,384.1529411764706
1,463,384,384.06244343891416
1,464,384,383.9737556561087
1,465,384,384.01628959276036
1,466,385,384.18099547511315
1,467,384,384.45882352941186
1,468,384,384.6316742081449
1,469,385,384.88144796380095
1,470,385,385.1104072398191
1,471,386,385.4208144796381
1,472,386,385.6352941176471
1,473,386,385.9764705882354
1,474,386,386.5285067873304
1,475,387,387.03710407239834
1,476,387,387.5185520361992
1,477,388,388.5511312217195
1,478,388,389.1131221719458
1,479,390,389.3610859728508
1,480,390,389.2515837104074
1,481,390,388.81176470588247
1,482,390,387.5040723981902
1,483,390,386.52941176470597
1,484,383,385.71040723981906
1,485,383,385.2787330316744
1,486,383,385.19819004524896
1,487,383,385.5800904977376
1,488,383,386.27420814479655
1,489,391,387.27149321266984
1,490,391,388.5628959276019
1,491,392,390.13936651583725
1,492,392,391.02262443438923
1,493,391,391.6343891402715
1,494,391,391.9022624434391
1,495,391,391.8244343891404
1,496,391,391.19909502262465
1,497,391,391.2117647058824
1,498,391,391.0479638009052
1,499,391,390.8733031674209
1,500,391,390.65339366515843
1,501,391,390.4271493212671
1,502,390,390.033484162896
1,503,390,389.5176470588237
1,504,388,388.9248868778282
1,505,388,388.2857142857141
1,506,388,387.6403596403595
1,507,388,387.071817071817
1,508,386,386.64102564102586
1,509,386,386.24568764568784
1,510,386,386.01010101010024
1,511,386,386.090909090909
1,512,384,386.73574660633494
1,513,384,385.78371040724
1,514,384,384.8950226244345
1,515,384,384.1239819004526
1,516,384,383.5927601809956
1,517,384,383.4235294117648
1,518,384,383.5321266968328
1,519,384,384.03438914027157
1,520,384,384.07420814479644
1,521,384,384.19547511312226
1,522,384,384.3095022624435
1,523,385,384.52760180995494
1,524,385,384.68144796380096
1,525,385,385.00271493212693
1,526,385,385.3755656108599
1,527,386,385.8841628959276
1,528,386,386.47420814479653
1,529,387,387.0914027149323
1,530,387,387.6108597285069
1,531,389,388.24615384615385
1,532,389,388.8723981900453
1,533,390,389.4352941176472
1,534,390,389.7393665158372
1,535,390,390.12760180995485
1,536,390,390.5366515837106
1,537,391,390.91221719457025
1,538,391,391.0678733031676
1,539,391,391.364705882353
1,540,391,391.6253393665159
1,541,393,391.9520361990952
1,542,393,392.3176470588237
1,543,392,392.5656108597286
1,544,392,392.6778280542988
1,545,393,392.7746606334842
1,546,393,392.77647058823544
1,547,393,392.6742081447966
1,548,393,392.4588235294118
1,549,392,392.53936651583723
1,550,392,392.52488687782824
1,551,392,392.30407239819004
1,552,392,391.9656108597287
1,553,392,391.66606334841646
1,554,392,391.36199095022636
1,555,392,391.1511312217196
1,556,390,390.9312217194571
1,557,390,390.74117647058836
1,558,390,390.41990950226256
1,559,390,390.012669683258
1,560,390,389.56470588235305
1,561,390,389.1212669683259
1,562,389,388.72760180995493
1,563,389,388.4995475113123
1,564,387,388.1466063348417
1,565,387,387.716742081448
1,566,387,387.25520361990965
1,567,387,386.8072398190046
1,568,387,386.41809954751136
1,569,387,386.1330316742082
1,570,386,385.92941176470595
1,571,385,385.7846153846156
1,572,385,385.4669683257918
1,573,385,385.1447963800906
1,574,385,384.7746606334843
1,575,385,384.5131221719459
1,576,385,384.37828054298654
1,577,384,384.3882352941178
1,578,384,384.4226244343893
1,579,384,384.42262443438926
1,580,384,384.3882352941178
1,581,385,384.4488687782807
1,582,385,384.45429864253396
1,583,385,384.58371040724
1,584,385,384.9393665158373
1,585,385,385.2760180995476
1,586,385,385.74841628959285
1,587,386,386.302262443439
1,588,386,386.8832579185521
1,589,388,387.5049773755658
1,590,389,388.18099547511326
1,591,389,388.8570135746607
1,592,390,389.47873303167427
1,593,390,389.85067873303177
1,594,390,390.177375565611
1,595,390,390.59547511312235
1,596,391,390.84162895927614
1,597,391,391.13846153846157
1,598,391,391.44705882352946
1,599,391,391.6696832579186
1,600,393,391.91764705882366
1,601,393,392.102262443439
1,602,392,392.20542986425346
1,603,392,392.27963800904985
1,604,392,392.3158371040725
1,605,392,392.2434389140271
1,606,392,392.0624434389141
1,607,392,391.77285067873316
1,608,392,391.7221719457015
1,609,392,391.6579185520363
1,610,391,391.46877828054306
1,611,391,391.24343891402725
1,612,391,391.0705882352942
1,613,391,390.83891402714937
1,614,391,390.71674208144793
1,615,390,390.47239819004534
1,616,390,390.15113122171954
1,617,390,389.79819004524904
1,618,390,389.3909502262444
1,619,389,388.90678733031694
1,620,389,388.46153846153857
1,621,387,387.97104072398207
1,622,387,387.48959276018115
1,623,387,386.93303167420834
1,624,387,386.48778280543
1,625,386,386.0696832579186
1,626,386,385.6624434389141
1,627,385,385.31131221719465
1,628,385,385.1936651583711
1,629,385,384.93936651583726
1,630,385,384.64615384615394
1,631,384,384.40000000000015
1,632,384,384.348416289593
1,633,385,384.3619909502263
1,634,385,384.51131221719476
1,635,384,384.51674208144817
1,636,384,384.6986425339368
1,637,385,385.0298642533938
1,638,386,385.48325791855217
1,639,386,385.82262443438924
1,640,386,386.2117647058825
1,641,386,386.74389140271506
1,642,388,387.3122171945702
1,643,388,387.67149321266976
1,644,388,387.97647058823526
1,645,388,388.2407239819006
1,646,389,388.6162895927602
1,647,389,388.91674208144804
1,648,389,389.2262443438915
1,649,389,389.41990950226256
1,650,390,389.92036199095037
1,651,390,390.4117647058825
1,652,391,390.78733031674216
1,653,391,391.14027149321277
1,654,392,391.5638009049775
1,655,392,391.95113122171966
1,656,393,392.26606334841637
1,657,392,392.47239819004534
1,658,392,392.6723981900453
1,659,393,392.7683257918554
1,660,393,392.9420814479639
1,661,393,392.9755656108598
1,662,393,393.0687782805431
1,663,393,393.02171945701366
1,664,393,393.0524886877829
1,665,393,392.8407239819005
1,666,393,392.40452488687794
1,667,392,392.02986425339384
1,668,392,391.73484162895943
1,669,391,391.6199095022626
1,670,391,391.32398190045257
1,671,390,390.8307692307693
1,672,390,390.32398190045257
1,673,391,389.8488687782807
1,674,391,389.4506787330318
1,675,390,389.177375565611
1,676,387,388.87692307692316
1,677,387,388.53574660633495
1,678,388,388.14027149321277
1,679,388,387.60633484162906
1,680,388,387.12036199095036
1,681,388,386.73665158371045
1,682,386,386.306787330317
1,683,386,386.01447963800916
1,684,385,385.5511312217196
1,685,385,385.0669683257919
1,686,385,384.8389140271494
1,687,384,385.01719457013587
1,688,384,385.2226244343893
1,689,386,385.4914027149323
1,690,386,385.5828054298644
1,691,386,385.5149321266969
1,692,387,385.42624434389154
1,693,387,385.3076923076924
1,694,384,385.35022624434407
1,695,384,385.2678733031675
1,696,384,385.1131221719457
1,697,384,385.14479638009067
1,698,386,385.0805429864256
1,699,386,385.17918552036195
1,700,387,385.4904977375566
1,701,386,386.06425339366524
1,702,386,386.39638009049787
1,703,386,386.7828054298643
1,704,386,387.0986425339368
1,705,388,387.41900452488693
1,706,388,387.81628959276026
1,707,389,388.36289592760187
1,708,389,389.204524886878
1,709,390,389.94841628959284
1,710,390,390.61085972850685
1,711,391,391.1375565610861
1,712,391,391.47420814479653
1,713,393,391.77285067873305
1,714,393,391.9855203619911
1,715,392,392.27601809954757
1,716,392,392.4081447963802
1,717,392,392.4932126696834
1,718,392,392.4425339366517
1,719,392,392.3764705882355
1,720,393,392.2153846153847
1,721,393,392.2271493212671
1,722,392,392.2796380090499
1,723,392,392.3140271493213
1,724,392,392.2714932126698
1,725,392,392.16108597285074
1,726,392,391.99185520362005
1,727,392,391.84343891402733
1,728,392,391.73393665158386
1,729,392,391.6199095022625
1,730,391,391.390045248869
1,731,391,391.2036199095023
1,732,391,390.9493212669684
1,733,391,390.7248868778282
1,734,390,390.63981900452495
1,735,390,390.3420814479639
1,736,390,389.8950226244345
1,737,390,389.36199095022636
1,738,389,388.7384615384616
1,739,389,388.0199095022626
1,740,388,387.26968325791876
1,741,385,386.55113122171963
1,742,385,385.7891402714933
1,743,385,385.10859728506796
1,744,385,384.4932126696833
1,745,384,384.12669683257934
1,746,384,383.9158371040725
1,747,384,383.9674208144798
1,748,384,384.17918552036207
1,749,384,384.233484162896
1,750,384,384.2714932126697
1,751,385,384.4226244343892
1,752,385,384.60723981900463
1,753,385,384.66606334841634
1,754,385,384.9013574660634
1,755,385,385.2678733031675
1,756,385,385.72036199095027
1,757,386,386.1429864253395
1,758,386,386.6199095022626
1,759,387,387.1647058823532
1,760,389,387.79095022624443
1,761,389,388.45795381089476
1,762,389,389.056943056943
1,763,389,389.5088245088244
1,764,390,389.85198135198146
1,765,390,390.04405594405597
1,766,391,390.52525252525174
1,767,391,391.090909090909
1,768,391,390.9601809954752
1,769,391,391.21900452488705
1,770,392,391.42081447963824
1,771,392,391.6678733031674
1,772,392,392.0624434389142
1,773,392,392.50678733031697
1,774,393,392.9058823529412
1,775,393,393.16470588235296
1,776,393,393.3945701357467
1,777,394,393.5067873303169
1,778,394,393.762895927602
1,779,394,393.8244343891403
1,780,394,393.62986425339375
1,781,393,393.31764705882364
1,782,393,393.1674208144797
1,783,393,392.85882352941195
1,784,393,392.48959276018115
1,785,391,392.0959276018101
1,786,391,391.7936651583711
1,787,392,391.3692307692309
1,788,392,390.8153846153848
1,789,390,390.18642533936674
1,790,390,389.73936651583716
1,791,389,389.26063348416295
1,792,389,388.81357466063366
1,793,387,388.25520361990965
1,794,387,387.64253393665166
1,795,388,387.16832579185524
1,796,388,386.8253393665159
1,797,386,386.47058823529426
1,798,386,386.1610859728508
1,799,386,385.8126696832581
1,800,385,385.5411764705882
1,801,385,385.11493212669694
1,802,385,384.702262443439
1,803,385,384.4687782805431
1,804,384,384.3800904977377
1,805,384,384.12488687782826
1,806,384,383.99185520362005
1,807,384,384.0606334841631
1,808,384,384.07239819004536
1,809,384,383.96561085972866
1,810,384,384.0081447963803
1,811,384,384.1203619909503
1,812,385,384.2841628959277
1,813,385,384.40180995475134
1,814,384,384.70497737556576
1,815,384,385.00723981900455
1,816,386,385.5221719457014
1,817,386,386.1864253393667
1,818,387,386.86606334841645
1,819,387,387.6271493212671
1,820,389,388.465158371041
1,821,389,389.3755656108599
1,822,391,390.14751131221726
1,823,391,390.7701357466064
1,824,391,391.43891402714934
1,825,392,391.9493212669685
1,826,392,392.3764705882355
1,827,393,392.5954751131222
1,828,393,392.82895927601834
1,829,393,392.8995475113122
1,830,393,393.1185520361992
1,831,393,393.1972850678734
1,832,393,393.1266968325794
1,833,393,393.0361990950227
1,834,393,392.8552036199096
1,835,393,392.7221719457014
1,836,393,392.64615384615394
1,837,392,392.5773755656109
1,838,392,392.40452488687794
1,839,392,392.2253393665159
1,840,392,391.9375565610861
1,841,392,391.57737556561096
1,842,392,391.18099547511326
1,843,391,390.8552036199096
1,844,390,390.50678733031685
1,845,390,390.1131221719458
1,846,389,389.65158371040746
1,847,389,389.2380090497739
1,848,389,388.78823529411756
1,849,389,388.356561085973
1,850,388,387.99728506787346
1,851,388,387.6968325791857
1,852,387,387.3031674208147
1,853,387,386.9321266968327
1,854,386,386.49049773755667
1,855,386,386.0850678733032
1,856,386,385.82262443438924
1,857,386,385.6099547511312
1,858,385,385.28325791855207
1,859,385,385.07873303167423
1,860,385,384.95565610859734
1,861,385,384.8733031674209
1,862,385,384.64977375565627
1,863,384,384.50316742081463
1,864,384,384.37194570135756
1,865,385,384.3945701357467
1,866,385,384.43257918552047
1,867,384,384.5475113122173
1,868,384,384.6597285067874
1,869,385,384.8895927601812
1,870,385,385.21900452488694
1,871,386,385.4914027149323
1,872,386,385.750226244344
1,873,386,386.1067873303168
1,874,386,386.40180995475123
1,875,387,386.60814479638015
1,876,387,386.6895927601812
1,877,387,386.87782805429873
1,878,387,387.06606334841644
1,879,387,387.356561085973
1,880,387,387.72217194570146
1,881,388,387.9357466063349
1,882,388,388.10859728506796
1,883,389,388.35203619909515
1,884,389,388.50678733031697
1,885,389,388.6841628959278
1,886,389,389.3511312217196
1,887,388,389.5746606334842
1,888,389,389.17918552036207
1,889,389,388.7276018099549
1,890,389,388.4497737556562
1,891,390,387.98461538461555
1,892,390,386.9719457013576
1,893,383,386.1221719457014
1,894,383,385.2416289592761
1,895,386,384.598190045249
1,896,386,384.3828054298644
1,897,382,384.5158371040725
1,898,382,384.9882352941177
1,899,387,385.92941176470606
1,900,387,387.40995475113135
1,901,390,388.20180995475124
1,902,390,388.75384615384627
1,903,390,389.43619909502263
1,904,390,390.089592760181
1,905,390,390.01266968325797
1,906,390,389.58371040723995
1,907,388,389.1909502262444
1,908,388,388.49954751131236
1,909,388,387.9429864253394
1,910,388,387.35475113122186
1,911,387,386.8506787330318
1,912,387,386.3466063348418
1,913,385,385.8262443438916
1,914,385,385.47330316742097
1,915,385,384.985520361991
1,916,385,384.6606334841629
1,917,385,384.5167420814481
1,918,384,384.57194570135755
1,919,384,384.5647058823531
1,920,385,384.833484162896
1,921,385,385.0923076923078
1,922,386,385.4552036199095
1,923,386,385.8244343891404
1,924,386,386.302262443439
1,925,386,386.7819004524889
1,926,388,387.2180995475113
1,927,388,387.62714932126704
1,928,388,388.0932126696834
1,929,388,388.35927601809965
1,930,389,388.77737556561095
1,931,389,389.2226244343893
1,932,390,389.64072398190046
1,933,390,389.97737556561094
1,934,390,390.52579185520375
1,935,390,390.9791855203621
1,936,392,391.23981900452503
1,937,392,391.40995475113124
1,938,392,391.59185520362
1,939,392,391.68778280543
1,940,392,391.8090497737558
1,941,391,391.8669683257919
1,942,391,391.91402714932127
1,943,392,391.8027149321268
1,944,392,391.8714932126698
1,945,392,391.85882352941184
1,946,392,391.7828054298644
1,947,392,391.66153846153856
1,948,392,391.58371040723995
1,949,391,391.2995475113123
1,950,391,390.8977375565612
1,951,390,390.5348416289593
1,952,390,390.308597285068
1,953,390,390.05791855203626
1,954,390,389.6986425339367
1,955,389,389.35565610859743
1,956,389,388.95384615384626
1,957,389,388.4180995475115
1,958,389,387.873303167421
1,959,387,387.3058823529413
1,960,386,386.7022624434391
1,961,386,386.0461538461539
1,962,385,385.5212669683259
1,963,385,385.0343891402715
1,964,385,384.6923076923078
1,965,385,384.5312217194571
1,966,384,384.58733031674217
1,967,384,384.61990950226243
1,968,385,384.64977375565616
1,969,385,384.6859728506788
1,970,385,384.72850678733033
1,971,385,384.76832579185526
1,972,385,384.9257918552038
1,973,385,385.11221719457023
1,974,385,385.3004524886879
1,975,385,385.4542986425341
1,976,386,385.80542986425354
1,977,386,386.1764705882355
1,978,387,386.66063348416304
1,979,387,387.1420814479638
1,980,388,388.0579185520363
1,981,388,388.7067873303169
1,982,389,389.29140271493225
1,983,389,389.41447963800914
1,984,390,389.2325791855205
1,985,390,388.70226244343905
1,986,391,387.9891402714933
1,987,386,387.0588235294118
1,988,386,386.15656108597295
1,989,383,385.12760180995485
1,990,383,384.16470588235296
1,991,383,383.260633484163
1,992,383,382.6171945701358
1,993,383,382.2361990950227
1,994,383,382.3285067873304
1,995,382,382.2126696832579
1,996,382,382.2778280542989
1,997,382,382.1447963800906
1,998,382,381.9638009049775
1,999,382,381.8733031674209
1,1000,382,381.8733031674209
1,1001,382,381.96380090497746
1,1002,382,382.14479638009055
1,1003,382,382.20723981900466
1,1004,382,382.34208144796395
1,1005,383,382.6018099547512
1,1006,383,382.8389140271495
1,1007,383,383.04434389140295
1,1008,383,383.20904977375585
1,1009,383,383.25339366515846
1,1010,384,383.29773755656123
1,1011,384,383.3239819004525
1,1012,383,383.31402714932136
1,1013,383,383.38823529411775
1,1014,383,383.4669683257919
1,1015,383,383.54117647058837
1,1016,384,383.60180995475116
1,1017,384,383.6892519245459
1,1018,384,383.9030969030968
1,1019,384,384.048063048063
1,1020,384,384.07459207459243
1,1021,384,383.9888111888113
1,1022,384,383.91919191919106
1,1023,384,383.9999999999999
1,1024,384,386.9447963800906
1,1025,385,385.99909502262454
1,1026,385,385.1484162895929
1,1027,384,384.4380090497738
1,1028,384,384.0515837104073
1,1029,384,383.9728506787332
1,1030,384,384.1176470588237
1,1031,385,384.60180995475133
1,1032,385,384.7104072398191
1,1033,385,384.86696832579196
1,1034,385,385.0099547511313
1,1035,385,385.0099547511313
1,1036,385,384.93755656108607
1,1037,385,384.7927601809956
1,1038,385,384.646153846154
1,1039,384,384.50678733031697
1,1040,384,384.32217194570154
1,1041,384,384.11040723981915
1,1042,384,383.88959276018096
1,1043,384,383.67782805429874
1,1044,384,383.5638009049774
1,1045,383,383.3656108597286
1,1046,383,383.23981900452503
1,1047,383,383.06606334841644
1,1048,383,382.92398190045265
1,1049,383,382.8226244343892
1,1050,383,382.77104072398197
1,1051,382,382.7782805429865
1,1052,383,382.8533936651585
1,1053,383,382.93755656108607
1,1054,383,382.9719457013576
1,1055,383,382.89502262443443
1,1056,383,382.8452488687784
1,1057,383,382.8226244343891
1,1058,383,382.82714932126703
1,1059,383,382.64977375565627
1,1060,382,382.6199095022625
1,1061,382,382.65791855203634
1,1062,383,382.7547511312217
1,1063,383,382.9013574660635
1,1064,383,383.0886877828055
1,1065,383,383.3076923076924
1,1066,384,383.5493212669686
1,1067,384,383.80452488687786
1,1068,384,383.9257918552037
1,1069,384,383.9656108597286
1,1070,384,383.9737556561088
1,1071,384,384.0000000000001
1,1072,384,384.02624434389145
1,1073,384,384.03438914027157
1,1074,384,384.1447963800907
1,1075,384,384.2778280542988
1,1076,384,384.35384615384635
1,1077,385,384.4932126696834
1,1078,385,384.7484162895928
1,1079,385,384.9719457013575
1,1080,385,385.2253393665159
1,1081,385,385.37013574660637
1,1082,385,385.33574660633485
1,1083,386,385.2515837104074
1,1084,386,385.17918552036207
1,1085,385,385.1185520361993
1,1086,385,385.0081447963802
1,1087,384,384.8570135746608
1,1088,384,384.60361990950236
1,1089,385,384.52760180995483
1,1090,385,384.37013574660654
1,1091,384,384.28778280543
1,1092,384,384.23710407239827
1,1093,384,384.1067873303168
1,1094,384,383.9855203619911
1,1095,385,383.7529411764707
1,1096,383,383.41809954751125
1,1097,383,383.25791855203636
1,1098,383,383.210859728507
1,1099,383,383.1475113122173
1,1100,383,383.13846153846157
1,1101,383,383.18371040723986
1,1102,383,383.2832579185521
1,1103,384,383.5755656108598
1,1104,384,383.7927601809956
1,1105,384,383.93755656108607
1,1106,384,384.0099547511314
1,1107,384,384.00995475113126
1,1108,384,383.866968325792
1,1109,384,383.7104072398191
1,1110,384,383.53122171945716
1,1111,383,383.4588235294119
1,1112,383,383.4226244343892
1,1113,383,383.3520361990952
1,1114,383,383.37647058823546
1,1115,384,383.55746606334844
1,1116,384,383.756561085973
1,1117,384,383.90316742081467
1,1118,384,384.12669683257917
1,1119,384,384.2796380090499
1,1120,385,384.4144796380092
1,1121,385,384.5131221719458
1,1122,384,384.55746606334856
1,1123,384,384.6678733031675
1,1124,385,384.7647058823531
1,1125,385,384.9095022624436
1,1126,385,384.9638009049775
1,1127,385,384.92760180995487
1,1128,385,384.9393665158373
1,1129,385,384.93755656108607
1,1130,385,384.7927601809956
1,1131,385,384.5755656108598
1,1132,384,384.4244343891403
1,1133,384,384.2778280542987
1,1134,384,384.1447963800906
1,1135,384,384.0343891402715
1,1136,384,383.95565610859734
1,1137,384,383.9176470588236
1,1138,384,383.92941176470606
1,1139,384,384.0000000000001
1,1140,384,384.0000000000001
1,1141,384,384.0000000000001
1,1142,384,384.0705882352942
1,1143,384,384.0823529411765
1,1144,384,383.97375565610866
1,1145,384,383.8832579185521
1,1146,384,383.81085972850684
1,1147,384,383.756561085973
1,1148,384,383.79095022624443
1,1149,383,383.7846153846155
1,1150,383,383.6760180995478
1,1151,384,383.60361990950236
1,1152,384,383.63800904977387
1,1153,384,383.5791855203621
1,1154,384,383.56561085972874
1,1155,383,383.59728506787343
1,1156,383,383.67420814479635
1,1157,384,383.72850678733045
1,1158,384,383.6923076923078
1,1159,383,383.633484162896
1,1160,384,383.6199095022626
1,1161,384,383.6515837104074
1,1162,384,383.7285067873305
1,1163,384,383.71221719457014
1,1164,383,383.6642533936653
1,1165,383,383.7140271493214
1,1166,384,383.79095022624443
1,1167,384,383.756561085973
1,1168,384,383.81085972850684
1,1169,384,383.8126696832582
1,1170,384,383.89140271493227
1,1171,384,384.03800904977385
1,1172,384,384.1049773755657
1,1173,384,384.1447963800907
1,1174,384,384.2778280542988
1,1175,384,384.42443438914034
1,1176,385,384.64615384615394
1,1177,385,384.80452488687797
1,1178,385,384.89954751131233
1,1179,385,384.93122171945714
1,1180,385,384.82895927601817
1,1181,385,384.7221719457016
1,1182,385,384.67239819004527
1,1183,384,384.54117647058837
1,1184,384,384.53755656108615
1,1185,384,384.47058823529426
1,1186,384,384.28778280543
1,1187,385,384.1366515837106
1,1188,385,384.0262443438916
1,1189,384,383.9656108597287
1,1190,384,383.9638009049776
1,1191,383,383.89140271493227
1,1192,383,383.81900452488713
1,1193,384,383.7466063348418
1,1194,384,383.6742081447966
1,1195,384,383.7402714932128
1,1196,384,383.88325791855215
1,1197,384,384.04434389140283
1,1198,384,384.164705882353
1,1199,384,384.114932126697
1,1200,384,383.9656108597286
1,1201,384,383.8552036199096
1,1202,384,383.7221719457015
1,1203,384,383.5755656108599
1,1204,383,383.4244343891404
1,1205,383,383.27782805429877
1,1206,383,383.1447963800906
1,1207,383,382.9638009049776
1,1208,383,382.87330316742106
1,1209,383,382.8733031674209
1,1210,383,382.9638009049775
1,1211,383,383.14479638009055
1,1212,383,383.2778280542987
1,1213,383,383.42443438914034
1,1214,384,383.5755656108598
1,1215,384,383.7221719457015
1,1216,384,383.8552036199097
1,1217,384,383.9656108597286
1,1218,384,384.04434389140283
1,1219,384,384.0823529411765
1,1220,384,384.0000000000001
1,1221,384,383.91764705882366
1,1222,384,384.0262443438915
1,1223,384,384.11674208144797
1,1224,384,384.1891402714933
1,1225,384,384.2434389140272
1,1226,384,384.20904977375574
1,1227,385,384.2153846153848
1,1228,385,384.25339366515846
1,1229,384,384.31402714932136
1,1230,384,384.38823529411775
1,1231,384,384.4669683257919
1,1232,384,384.6117647058825
1,1233,385,384.68416289592767
1,1234,385,384.61357466063356
1,1235,385,384.6678733031675
1,1236,385,384.84705882352955
1,1237,385,384.8832579185521
1,1238,385,384.8470588235296
1,1239,384,384.7384615384616
1,1240,384,384.6280542986428
1,1241,385,384.45429864253407
1,1242,385,384.29411764705895
1,1243,384,384.2271493212671
1,1244,384,384.1330316742082
1,1245,384,384.02986425339384
1,1246,384,383.935746606335
1,1247,383,383.7303167420816
1,1248,384,383.4932126696835
1,1249,384,383.3719457013576
1,1250,383,383.3140271493214
1,1251,383,383.2696832579186
1,1252,383,383.18914027149333
1,1253,383,383.0199095022626
1,1254,383,382.9095022624435
1,1255,383,382.6579185520362
1,1256,383,382.6036199095024
1,1257,383,382.6760180995476
1,1258,382,382.73665158371057
1,1259,382,382.91764705882366
1,1260,383,383.08054298642537
1,1261,383,383.1547511312218
1,1262,384,383.26968325791853
1,1263,384,383.41628959276034
1,1264,384,383.58552036199103
1,1265,384,383.76832579185526
1,1266,383,383.8171945701359
1,1267,383,383.78461538461545
1,1268,384,383.79095022624443
1,1269,384,383.756561085973
1,1270,384,383.74027149321284
1,1271,384,383.80090497737575
1,1272,384,383.92941176470595
1,1273,384,384.05235940530036
1,1274,384,384.072927072927
1,1275,384,384.1628371628371
1,1276,384,384.34032634032644
1,1277,385,384.5937062937064
1,1278,385,384.8939393939384
1,1279,385,385.07575757575756
1,1280,385,387.0316742081449
1,1281,384,386.2081447963802
1,1282,384,385.4524886877828
1,1283,385,384.80995475113133
1,1284,385,384.4642533936652
1,1285,385,384.3990950226245
1,1286,385,384.5303167420816
1,1287,385,384.97375565610866
1,1288,385,385.08235294117657
1,1289,385,385.0705882352942
1,1290,385,385.0000000000001
1,1291,385,385.0705882352942
1,1292,385,385.08235294117657
1,1293,385,385.04434389140283
1,1294,385,384.96561085972854
1,1295,385,384.8552036199095
1,1296,385,384.7927601809956
1,1297,385,384.6579185520362
1,1298,384,384.5393665158373
1,1299,384,384.32579185520376
1,1300,384,384.04434389140283
1,1301,384,383.5104072398192
1,1302,384,383.13936651583725
1,1303,383,383.0018099547513
1,1304,383,382.9683257918553
1,1305,382,383.0479638009051
1,1306,382,383.1819004524888
1,1307,382,383.31131221719454
1,1308,385,383.37466063348427
1,1309,385,383.5104072398191
1,1310,384,383.78914027149335
1,1311,384,383.9429864253395
1,1312,384,384.04253393665175
1,1313,383,383.9493212669685
1,1314,383,383.7248868778281
1,1315,384,383.3601809954753
1,1316,384,383.19095022624447
1,1317,383,383.15294117647073
1,1318,383,383.1873303167422
1,1319,383,383.23529411764713
1,1320,383,383.23529411764713
1,1321,383,383.1873303167422
1,1322,383,383.15294117647073
1,1323,384,383.2615384615386
1,1324,384,383.4425339366517
1,1325,383,383.55746606334844
1,1326,383,383.6678733031675
1,1327,384,383.694117647059
1,1328,384,383.756561085973
1,1329,384,383.8371040723984
1,1330,384,383.9176470588238
1,1331,384,384.1891402714933
1,1332,384,384.44253393665167
1,1333,384,384.4687782805431
1,1334,385,384.4588235294118
1,1335,385,384.5330316742082
1,1336,385,384.6117647058825
1,1337,385,384.6859728506788
1,1338,384,384.74660633484166
1,1339,384,384.7846153846155
1,1340,385,384.7909502262444
1,1341,385,384.82714932126703
1,1342,385,384.89321266968335
1,1343,385,384.85701357466064
1,1344,385,384.92760180995487
1,1345,385,384.9755656108599
1,1346,385,384.87149321266986
1,1347,385,384.68597285067887
1,1348,384,384.55746606334856
1,1349,384,384.4244343891404
1,1350,385,384.2959276018102
1,1351,384,384.18099547511326
1,1352,384,384.15927601809966
1,1353,384,384.11040723981915
1,1354,384,384.05248868778284
1,1355,384,384.0036199095024
1,1356,384,383.84343891402733
1,1357,384,383.6515837104074
1,1358,384,383.5755656108599
1,1359,383,383.4244343891404
1,1360,383,383.27782805429877
1,1361,383,383.1447963800906
1,1362,383,383.03438914027157
1,1363,383,382.9556561085974
1,1364,383,382.91764705882366
1,1365,383,382.929411764706
1,1366,383,383.00000000000006
1,1367,383,383.00000000000006
1,1368,383,383.00000000000006
1,1369,383,383.00000000000006
1,1370,383,383.00000000000006
1,1371,383,383.00000000000006
1,1372,383,383.00000000000006
1,1373,383,383.00000000000006
1,1374,383,383.00000000000006
1,1375,383,382.92941176470595
1,1376,383,382.91764705882366
1,1377,383,382.95565610859745
1,1378,383,383.03438914027157
1,1379,383,383.14479638009055
1,1380,383,383.2778280542987
1,1381,383,383.42443438914034
1,1382,384,383.5755656108598
1,1383,384,383.6515837104074
1,1384,384,383.7728506787333
1,1385,384,383.99185520361993
1,1386,384,384.16108597285074
1,1387,384,384.2009049773758
1,1388,384,384.2316742081447
1,1389,384,384.30588235294124
1,1390,385,384.4144796380092
1,1391,385,384.48687782805445
1,1392,384,384.4524886877829
1,1393,384,384.44072398190053
1,1394,385,384.5131221719457
1,1395,385,384.53122171945705
1,1396,384,384.49502262443457
1,1397,384,384.40452488687794
1,1398,384,384.3981900452489
1,1399,385,384.4144796380092
1,1400,385,384.3945701357468
1,1401,384,384.2796380090498
1,1402,384,384.1466063348417
1,1403,384,384.07239819004536
1,1404,384,383.9981900452489
1,1405,384,383.8651583710408
1,1406,384,383.75294117647064
1,1407,383,383.6796380090498
1,1408,383,383.5312217194571
1,1409,384,383.3257918552038
1,1410,384,383.14298642533953
1,1411,383,382.9918552036201
1,1412,383,382.8814479638011
1,1413,382,382.82081447963816
1,1414,382,382.8190045248869
1,1415,383,382.7466063348418
1,1416,383,382.6742081447966
1,1417,383,382.66968325791873
1,1418,383,382.80090497737564
1,1419,383,382.92941176470595
1,1420,383,383.116742081448
1,1421,383,383.21538461538483
1,1422,383,383.2778280542987
1,1423,383,383.42443438914034
1,1424,384,383.5755656108598
1,1425,384,383.7221719457015
1,1426,384,383.8552036199097
1,1427,384,383.89502262443455
1,1428,384,383.9619909502264
1,1429,384,384.03800904977385
1,1430,384,384.1049773755657
1,1431,384,384.2153846153848
1,1432,384,384.36018099547516
1,1433,384,384.398190045249
1,1434,385,384.4588235294118
1,1435,385,384.5330316742082
1,1436,385,384.6117647058825
1,1437,385,384.6859728506788
1,1438,384,384.81719457013594
1,1439,384,384.86696832579185
1,1440,385,384.76470588235316
1,1441,385,384.6398190045249
1,1442,385,384.69230769230785
1,1443,385,384.72217194570146
1,1444,385,384.7384615384616
1,1445,384,384.750226244344
1,1446,384,384.6986425339368
1,1447,385,384.5248868778282
1,1448,385,384.3764705882354
1,1449,384,384.2009049773758
1,1450,384,384.0162895927603
1,1451,384,383.8407239819007
1,1452,384,383.6923076923078
1,1453,383,383.4506787330318
1,1454,383,383.19547511312226
1,1455,383,383.07420814479644
1,1456,383,383.03438914027157
1,1457,383,382.9556561085974
1,1458,383,382.91764705882366
1,1459,383,382.929411764706
1,1460,383,383.00000000000006
1,1461,383,383.00000000000006
1,1462,383,383.00000000000006
1,1463,383,383.00000000000006
1,1464,383,383.00000000000006
1,1465,383,383.00000000000006
1,1466,383,383.00000000000006
1,1467,383,382.92941176470595
1,1468,383,382.91764705882366
1,1469,383,382.95565610859745
1,1470,383,383.03438914027157
1,1471,383,383.14479638009055
1,1472,383,383.2778280542987
1,1473,383,383.42443438914034
1,1474,384,383.5755656108598
1,1475,384,383.7221719457015
1,1476,384,383.8552036199097
1,1477,384,383.9656108597286
1,1478,384,384.04434389140283
1,1479,384,384.0823529411765
1,1480,384,384.0705882352942
1,1481,384,384.0000000000001
1,1482,384,384.0000000000001
1,1483,384,384.0000000000001
1,1484,384,384.0000000000001
1,1485,384,384.0000000000001
1,1486,384,383.92941176470606
1,1487,384,383.91764705882366
1,1488,384,384.0262443438915
1,1489,384,384.11674208144797
1,1490,384,384.11855203619916
1,1491,384,384.16108597285074
1,1492,384,384.2352941176472
1,1493,385,384.33212669683274
1,1494,385,384.44253393665167
1,1495,384,384.55746606334856
1,1496,384,384.73846153846165
1,1497,385,384.84705882352955
1,1498,385,384.81266968325804
1,1499,385,384.76470588235316
1,1500,385,384.69411764705893
1,1501,385,384.87149321266986
1,1502,385,384.96742081447974
1,1503,384,384.86153846153866
1,1504,384,384.63348416289597
1,1505,385,384.5013574660635
1,1506,385,384.28325791855207
1,1507,385,384.00633484162915
1,1508,383,383.6977375565612
1,1509,383,383.3846153846156
1,1510,383,383.164705882353
1,1511,383,382.7972850678734
1,1512,382,382.2389140271495
1,1513,382,381.9140271493214
1,1514,382,381.6995475113123
1,1515,382,381.74298642533944
1,1516,382,381.8470588235295
1,1517,381,382.0144796380092
1,1518,381,382.2452488687784
1,1519,383,382.5393665158372
1,1520,383,382.68778280542995
1,1521,384,382.88144796380095
1,1522,384,383.172850678733
1,1523,383,383.41447963800914
1,1524,383,383.5266968325793
1,1525,383,383.4914027149322
1,1526,383,383.3520361990951
1,1527,384,383.35837104072414
1,1528,384,383.36018099547516
1,1529,383,383.4980901451488
1,1530,383,383.64435564435564
1,1531,384,383.7182817182818
1,1532,384,383.77855477855496
1,1533,384,383.89347319347337
1,1534,384,384.1464646464638
1,1535,384,383.84848484848493
1,1536,384,387.0135746606336
1,1537,384,386.13755656108606
1,1538,385,385.3882352941178
1,1539,385,384.8018099547512
1,1540,385,384.55294117647065
1,1541,385,384.61628959276027
1,1542,385,384.8986425339368
1,1543,385,385.50678733031685
1,1544,386,385.646153846154
1,1545,386,385.72217194570135
1,1546,386,385.8552036199097
1,1547,386,386.0361990950227
1,1548,386,386.12669683257934
1,1549,386,385.9855203619911
1,1550,386,385.87149321266975
1,1551,386,385.76651583710424
1,1552,386,385.7203619909503
1,1553,386,385.78280542986425
1,1554,385,385.9357466063349
1,1555,385,386.1610859728508
1,1556,387,386.4407239819006
1,1557,387,386.75656108597286
1,1558,387,387.09049773755663
1,1559,388,387.4244343891403
1,1560,388,387.59909502262457
1,1561,388,387.85520361990956
1,1562,388,388.01809954751144
1,1563,388,388.11312217194575
1,1564,388,388.44253393665167
1,1565,388,388.708597285068
1,1566,388,388.82262443438924
1,1567,390,389.0343891402716
1,1568,390,389.25520361990965
1,1569,390,389.46696832579187
1,1570,390,389.6515837104073
1,1571,389,389.7909502262445
1,1572,389,389.866968325792
1,1573,390,389.86153846153854
1,1574,390,389.7565610859729
1,1575,390,389.74027149321273
1,1576,390,389.8009049773756
1,1577,390,390.0000000000001
1,1578,390,390.19909502262453
1,1579,390,390.25133689839555
1,1580,390,390.3096903096902
1,1581,390,390.43800643800625
1,1582,391,390.5629370629372
1,1583,391,390.6207459207459
1,1584,390,390.4646464646455
1,1585,390,389.81818181818176
2,0,390,386.7520361990952
2,1,390,387.3755656108597
2,2,390,387.6796380090498
2,3,390,387.70769230769247
2,4,385,387.43257918552047
2,5,385,386.96561085972854
2,6,385,386.21809954751143
2,7,385,385.17194570135763
2,8,385,384.77828054298647
2,9,385,384.5882352941178
2,10,385,384.64705882352956
2,11,385,385.0000000000001
2,12,385,385.0705882352942
2,13,385,385.08235294117657
2,14,385,384.97375565610866
2,15,385,384.8832579185522
2,16,385,384.8108597285069
2,17,385,384.75656108597315
2,18,385,384.72036199095027
2,19,384,384.70226244343905
2,20,384,384.7022624434391
2,21,385,384.72036199095027
2,22,385,384.82714932126703
2,23,385,384.89321266968335
2,24,385,384.85701357466064
2,25,385,384.85701357466075
2,26,385,384.89321266968335
2,27,385,384.8271493212669
2,28,385,384.72036199095027
2,29,384,384.70226244343905
2,30,384,384.7728506787332
2,31,385,384.80271493212683
2,32,385,384.80090497737564
2,33,385,384.7764705882353
2,34,385,384.7384615384616
2,35,385,384.6959276018101
2,36,385,384.65791855203634
2,37,384,384.49502262443457
2,38,384,384.2778280542987
2,39,384,384.2153846153848
2,40,384,384.1167420814481
2,41,384,383.929411764706
2,42,384,383.8009049773757
2,43,384,383.8108597285069
2,44,384,383.8389140271494
2,45,384,383.694117647059
2,46,383,383.5855203619911
2,47,383,383.58371040723995
2,48,384,383.48868778280547
2,49,384,383.43891402714945
2,50,383,383.43438914027166
2,51,383,383.4751131221721
2,52,384,383.5610859728507
2,53,384,383.6923076923078
2,54,383,383.80090497737575
2,55,384,383.8190045248871
2,56,384,383.8144796380092
2,57,384,383.85520361990973
2,58,384,383.8027149321268
2,59,384,383.71855203619907
2,60,384,383.6615384615386
2,61,383,383.6904977375567
2,62,383,383.6579185520363
2,63,384,383.75475113122184
2,64,384,383.9013574660634
2,65,384,384.0886877828056
2,66,384,384.30769230769243
2,67,385,384.5493212669685
2,68,385,384.80452488687797
2,69,385,384.9257918552036
2,70,385,384.9656108597286
2,71,385,385.04434389140283
2,72,385,385.08235294117657
2,73,385,385.0705882352942
2,74,385,384.92941176470606
2,75,385,384.91764705882355
2,76,385,384.95565610859734
2,77,385,384.9638009049775
2,78,385,385.0624434389143
2,79,385,385.1628959276018
2,80,385,385.37647058823535
2,81,386,385.6760180995476
2,82,386,386.0343891402716
2,83,386,386.35384615384635
2,84,387,386.7366515837105
2,85,387,387.0760180995477
2,86,388,387.4651583710409
2,87,388,387.7176470588237
2,88,388,388.04705882352954
2,89,388,388.52850678733034
2,90,389,389.0371040723983
2,91,389,389.5185520361992
2,92,390,390.05701357466074
2,93,390,390.6072398190047
2,94,392,391.1330316742082
2,95,392,391.53665158371064
2,96,392,391.72036199095027
2,97,392,391.78642533936653
2,98,392,391.83710407239835
2,99,392,391.7746606334843
2,100,391,391.7104072398191
2,101,391,391.55565610859736
2,102,391,391.5692307692309
2,103,392,391.60995475113134
2,104,392,391.74841628959297
2,105,392,391.85520361990956
2,106,392,391.9393665158371
2,107,392,392.0099547511314
2,108,392,392.0787330316743
2,109,392,391.9574660633486
2,110,392,391.66425339366526
2,111,391,391.35565610859743
2,112,391,391.129411764706
2,113,391,390.7538461538463
2,114,391,390.34479638009066
2,115,389,389.81809954751145
2,116,389,389.29864253393674
2,117,389,388.7113122171947
2,118,389,387.9782805429867
2,119,387,387.2832579185522
2,120,387,386.73303167420823
2,121,386,386.29321266968344
2,122,386,386.129411764706
2,123,385,386.2742081447965
2,124,385,386.3601809954752
2,125,387,386.36199095022636
2,126,387,386.45429864253407
2,127,387,386.3963800904979
2,128,388,386.34751131221736
2,129,388,386.18733031674225
2,130,384,385.99547511312227
2,131,384,385.64253393665166
2,132,385,385.19909502262453
2,133,385,384.94208144796403
2,134,385,384.7484162895929
2,135,385,384.6361990950227
2,136,385,384.76199095022633
2,137,385,385.01176470588234
2,138,385,384.9176470588237
2,139,385,384.8733031674209
2,140,385,384.84886877828075
2,141,385,385.01447963800916
2,142,385,385.3339366515838
2,143,385,385.7710407239819
2,144,386,386.219004524887
2,145,387,386.77104072398186
2,146,387,387.2407239819005
2,147,389,387.84162895927614
2,148,389,388.4398190045251
2,149,389,389.1013574660635
2,150,389,389.8244343891405
2,151,390,390.4072398190047
2,152,390,390.78371040723994
2,153,392,391.22624434389144
2,154,392,391.6714932126698
2,155,393,392.2036199095024
2,156,393,392.64524886877837
2,157,392,392.9601809954753
2,158,392,393.11221719457035
2,159,394,393.2036199095023
2,160,394,393.1366515837105
2,161,393,393.23167420814497
2,162,393,393.2090497737557
2,163,393,393.20723981900466
2,164,393,393.16470588235313
2,165,393,393.0226244343893
2,166,393,392.7221719457016
2,167,393,392.902262443439
2,168,392,392.8018099547512
2,169,392,392.425339366516
2,170,392,391.77737556561095
2,171,392,391.0009049773758
2,172,391,390.0389140271494
2,173,391,388.9728506787332
2,174,386,387.8841628959277
2,175,386,386.8542986425342
2,176,385,385.82624434389146
2,177,385,384.94298642533954
2,178,384,384.2769230769232
2,179,384,383.900452488688
2,180,384,383.74751131221734
2,181,384,383.9520361990952
2,182,384,383.88506787330334
2,183,384,383.9176470588236
2,184,384,383.92941176470606
2,185,384,384.0000000000001
2,186,384,383.92941176470606
2,187,384,383.91764705882366
2,188,384,384.0262443438915
2,189,384,384.11674208144797
2,190,384,384.1891402714933
2,191,384,384.2434389140272
2,192,384,384.20904977375574
2,193,385,384.2153846153848
2,194,385,384.18280542986435
2,195,384,384.23167420814485
2,196,384,384.4144796380092
2,197,384,384.58371040723995
2,198,384,384.6597285067875
2,199,385,384.69230769230774
2,200,385,384.7927601809956
2,201,386,385.07239819004536
2,202,386,385.44253393665167
2,203,385,385.7466063348418
2,204,385,386.0280542986426
2,205,386,386.2597285067875
2,206,387,386.4144796380092
2,207,387,386.53303167420825
2,208,387,386.6561085972852
2,209,387,386.89502262443455
2,210,387,387.16108597285086
2,211,387,387.2977375565611
2,212,387,387.3484162895929
2,213,387,387.49502262443445
2,214,388,387.65791855203634
2,215,388,387.83710407239835
2,216,388,387.90316742081455
2,217,388,387.79457013574665
2,218,388,387.64977375565616
2,219,388,387.4687782805431
2,220,387,387.2515837104074
2,221,387,386.998190045249
2,222,386,386.84705882352955
2,223,386,386.80723981900456
2,224,387,386.8289592760182
2,225,387,386.80090497737564
2,226,387,386.6796380090498
2,227,387,386.62171945701374
2,228,387,386.5773755656109
2,229,387,386.4968325791856
2,230,386,386.25972850678744
2,231,385,385.94570135746613
2,232,385,385.70226244343905
2,233,386,385.4769230769232
2,234,386,385.28778280543
2,235,385,385.1529411764706
2,236,385,385.1610859728508
2,237,385,385.2009049773757
2,238,385,385.1610859728508
2,239,385,384.9918552036201
2,240,385,384.7728506787331
2,241,385,384.65158371040724
2,242,385,384.5755656108598
2,243,384,384.4244343891403
2,244,384,384.2778280542987
2,245,384,384.07420814479656
2,246,384,383.9520361990952
2,247,384,383.9819004524888
2,248,384,384.03438914027157
2,249,384,384.15049656226114
2,250,384,384.30969030969015
2,251,384,384.43800643800637
2,252,385,384.5629370629374
2,253,385,384.62074592074606
2,254,384,384.46464646464557
2,255,384,383.81818181818187
2,256,384,383.70045248868803
2,257,384,384.2914027149322
2,258,385,384.825339366516
2,259,385,385.1864253393666
2,260,386,385.5882352941176
2,261,386,386.10588235294125
2,262,387,386.543891402715
2,263,387,386.97737556561106
2,264,387,387.481447963801
2,265,387,387.9312217194571
2,266,389,388.34027149321275
2,267,389,388.7221719457015
2,268,389,389.0904977375567
2,269,390,389.45882352941186
2,270,390,389.9113122171947
2,271,390,390.3321266968327
2,272,390,390.7466063348418
2,273,391,390.98009049773776
2,274,391,391.34389140271503
2,275,392,391.54932126696855
2,276,392,391.5873303167422
2,277,392,391.5873303167421
2,278,392,391.54932126696843
2,279,391,391.34389140271503
2,280,391,390.98009049773765
2,281,390,390.6054298642535
2,282,390,390.16742081447967
2,283,390,389.8226244343892
2,284,390,389.598190045249
2,285,389,389.39185520361997
2,286,389,389.2398190045249
2,287,389,389.039819004525
2,288,389,388.8895927601811
2,289,389,388.74841628959285
2,290,389,388.5755656108599
2,291,388,388.4687782805432
2,292,388,388.3257918552037
2,293,388,388.0443438914029
2,294,388,387.72217194570146
2,295,388,387.4570135746609
2,296,387,387.14660633484175
2,297,387,386.89773755656125
2,298,386,386.61719457013584
2,299,386,386.21176470588233
2,300,386,385.78823529411767
2,301,386,385.3828054298644
2,302,385,385.03167420814486
2,303,385,384.7004524886878
2,304,384,384.48687782805445
2,305,384,384.35022624434407
2,306,384,384.10859728506796
2,307,384,383.98009049773765
2,308,384,383.9737556561087
2,309,384,384.0986425339367
2,310,385,384.1547511312219
2,311,384,384.342081447964
2,312,384,384.44253393665167
2,313,385,384.63800904977387
2,314,385,384.90135746606336
2,315,385,385.2054298642536
2,316,385,385.3819004524888
2,317,386,385.6624434389141
2,318,386,386.14027149321265
2,319,387,386.57013574660647
2,320,387,386.97737556561106
2,321,387,387.3846153846155
2,322,387,387.81447963800923
2,323,389,388.78642533936653
2,324,389,389.2199095022626
2,325,389,389.28054298642536
2,326,389,388.86334841628974
2,327,389,388.2723981900454
2,328,390,387.40271493212686
2,329,390,386.41990950226267
2,330,382,385.2805429864255
2,331,382,384.3475113122172
2,332,382,383.6452488687784
2,333,383,383.20090497737567
2,334,383,383.0416289592762
2,335,384,383.1945701357467
2,336,384,383.82533936651595
2,337,385,384.8995475113122
2,338,386,385.3457013574662
2,339,386,385.6923076923079
2,340,386,385.90316742081455
2,341,386,386.08054298642554
2,342,386,386.12669683257934
2,343,386,386.1529411764708
2,344,386,386.0705882352942
2,345,386,386.1411764705884
2,346,386,386.164705882353
2,347,386,386.0886877828055
2,348,386,385.9312217194571
2,349,386,385.7104072398192
2,350,386,385.44434389140287
2,351,386,385.15113122171954
2,352,384,384.8488687782805
2,353,384,384.5556561085974
2,354,384,384.28959276018105
2,355,384,384.0687782805431
2,356,384,383.9819004524889
2,357,384,383.9176470588236
2,358,384,383.83257918552056
2,359,384,383.8832579185521
2,360,384,383.81085972850684
2,361,384,383.756561085973
2,362,384,383.7203619909503
2,363,383,383.7022624434391
2,364,383,383.6316742081449
2,365,384,383.63800904977387
2,366,384,383.71221719457014
2,367,384,383.8452488687784
2,368,384,384.02805429864264
2,369,384,384.2515837104074
2,370,384,384.5067873303168
2,371,385,384.6461538461539
2,372,385,384.7221719457015
2,373,385,384.8552036199095
2,374,385,384.9656108597286
2,375,385,385.04434389140283
2,376,385,384.87058823529424
2,377,385,384.82352941176487
2,378,385,384.8669683257919
2,379,385,384.9619909502263
2,380,385,385.26968325791876
2,381,385,385.74479638009046
2,382,385,386.3420814479639
2,383,388,387.01628959276036
2,384,388,387.72217194570146
2,385,388,388.4144796380092
2,386,390,389.04796380090505
2,387,390,389.5773755656111
2,388,390,389.95746606334853
2,389,390,390.1429864253395
2,390,390,390.08868778280566
2,391,390,389.9529411764707
2,392,390,389.8941176470589
2,393,390,389.86696832579196
2,394,390,390.10316742081454
2,395,390,390.5755656108598
2,396,390,390.99819004524886
2,397,390,391.3619909502263
2,398,393,391.72850678733045
2,399,393,391.9592760180997
2,400,393,392.05429864253404
2,401,393,392.0135746606336
2,402,391,391.83710407239835
2,403,391,391.5248868778282
2,404,391,391.1475113122173
2,405,390,390.5755656108599
2,406,390,390.23348416289605
2,407,390,389.94570135746613
2,408,390,389.8895927601812
2,409,390,389.84253393665165
2,410,390,389.6524886877829
2,411,389,389.36742081447966
2,412,389,389.1031674208146
2,413,389,388.6371040723983
2,414,389,388.1556561085974
2,415,387,387.5746606334843
2,416,387,386.9484162895929
2,417,386,386.33122171945723
2,418,386,385.70678733031684
2,419,385,385.1203619909503
2,420,385,384.6787330316743
2,421,384,384.4180995475114
2,422,384,384.3746606334843
2,423,384,384.2371040723984
2,424,384,384.29411764705895
2,425,385,384.3457013574661
2,426,385,384.59185520361996
2,427,385,384.8850678733033
2,428,385,385.2778280542987
2,429,385,385.5429864253394
2,430,386,385.8533936651585
2,431,386,386.1728506787332
2,432,387,386.4651583710408
2,433,387,386.7619909502264
2,434,387,387.0950226244344
2,435,387,387.4280542986426
2,436,388,387.7248868778281
2,437,388,387.8787330316743
2,438,388,387.9800904977377
2,439,388,388.18099547511326
2,440,389,388.63619909502285
2,441,389,389.1004524886878
2,442,389,389.4669683257919
2,443,389,389.8289592760181
2,444,390,390.27963800904996
2,445,392,390.71221719457026
2,446,392,391.0199095022624
2,447,391,391.29592760181004
2,448,391,391.7040723981902
2,449,392,392.0081447963802
2,450,392,392.11040723981904
2,451,392,392.11312217194575
2,452,392,392.1891402714934
2,453,393,392.3882352941177
2,454,393,392.5692307692309
2,455,392,392.59366515837104
2,456,392,392.6642533936652
2,457,393,392.65158371040735
2,458,393,392.5031674208145
2,459,392,392.3076923076924
2,460,392,391.95384615384626
2,461,392,391.6778280542987
2,462,392,391.3158371040725
2,463,390,390.84524886877836
2,464,390,390.2434389140272
2,465,390,389.7647058823531
2,466,389,389.2633484162898
2,467,389,388.6642533936652
2,468,388,388.09230769230777
2,469,388,387.6723981900454
2,470,387,387.329411764706
2,471,387,386.92036199095037
2,472,386,386.5022624434391
2,473,386,386.05882352941194
2,474,386,385.63529411764716
2,475,386,385.4090497737557
2,476,385,385.07782805429883
2,477,385,384.87782805429873
2,478,384,384.7683257918554
2,479,384,384.70859728506804
2,480,385,384.58733031674217
2,481,385,384.4932126696834
2,482,384,384.3737556561087
2,483,385,384.37647058823535
2,484,385,384.3719457013577
2,485,384,384.4307692307694
2,486,384,384.34389140271514
2,487,384,384.302262443439
2,488,384,384.35565610859743
2,489,385,384.5538461538463
2,490,385,384.59909502262457
2,491,385,384.9321266968327
2,492,385,385.3755656108599
2,493,386,385.8841628959276
2,494,386,386.40361990950237
2,495,387,387.0090497737558
2,496,387,387.63710407239836
2,497,389,388.36289592760187
2,498,389,388.99095022624454
2,499,390,389.59638009049786
2,500,390,390.11583710407245
2,501,391,390.6244343891404
2,502,391,390.9972850678734
2,503,391,391.31855203619915
2,504,391,391.47239819004534
2,505,392,391.69465828289344
2,506,392,391.84115884115863
2,507,392,391.96592296592286
2,508,392,392.1013986013987
2,509,392,392.09976689976696
2,510,392,391.9898989898982
2,511,392,392.0606060606061
2,512,393,388.45520361990975
2,513,393,389.88597285067897
2,514,392,391.02443438914037
2,515,392,391.8597285067875
2,516,392,392.3104072398191
2,517,392,392.5040723981902
2,518,391,392.16832579185524
2,519,391,391.2398190045249
2,520,391,391.18099547511326
2,521,391,391.05429864253404
2,522,391,390.83710407239835
2,523,391,390.5067873303168
2,524,390,390.10859728506796
2,525,390,389.68778280542995
2,526,390,389.1511312217195
2,527,388,388.60542986425344
2,528,388,388.08687782805447
2,529,387,387.6316742081449
2,530,387,387.2760180995477
2,531,387,387.19728506787334
2,532,387,387.03438914027157
2,533,387,386.9737556561087
2,534,387,386.931221719457
2,535,387,386.6841628959276
2,536,387,386.4099547511314
2,537,387,385.93574660633493
2,538,385,385.48868778280547
2,539,385,385.0868778280544
2,540,384,384.7484162895928
2,541,384,384.49140271493224
2,542,384,384.33393665158377
2,543,384,384.29411764705895
2,544,385,384.3900452488689
2,545,385,384.56923076923084
2,546,385,384.7022624434391
2,547,385,384.9918552036199
2,548,385,385.09049773755663
2,549,385,385.1891402714934
2,550,385,385.19909502262465
2,551,385,385.231674208145
2,552,386,385.39819004524895
2,553,386,385.6099547511313
2,554,385,385.7782805429865
2,555,386,386.0144796380091
2,556,386,386.36199095022636
2,557,387,386.66425339366526
2,558,387,386.90316742081467
2,559,387,387.06063348416296
2,560,387,387.2570135746608
2,561,388,387.41266968325795
2,562,388,387.30950226244363
2,563,387,387.2678733031675
2,564,387,387.19909502262465
2,565,387,387.22352941176484
2,566,387,387.2615384615386
2,567,387,387.30407239819027
2,568,387,387.5538461538463
2,569,388,387.7520361990951
2,570,388,387.78461538461545
2,571,388,387.66968325791856
2,572,388,387.4868778280544
2,573,388,387.2452488687784
2,574,388,387.02443438914037
2,575,385,386.8452488687784
2,576,385,386.4669683257919
2,577,386,386.0642533936652
2,578,386,385.6117647058824
2,579,386,385.08416289592776
2,580,386,384.6561085972852
2,581,385,384.36380090497744
2,582,383,384.24343891402737
2,583,383,383.9158371040724
2,584,383,383.6018099547513
2,585,383,383.44886877828066
2,586,384,383.4045248868778
2,587,384,383.4162895927603
2,588,384,383.631674208145
2,589,384,383.92126696832594
2,590,384,384.14932126696846
2,591,384,384.3095022624435
2,592,384,384.3221719457015
2,593,384,384.30769230769243
2,594,385,384.38642533936655
2,595,385,384.47873303167427
2,596,385,384.57556561085977
2,597,384,384.6678733031675
2,598,384,384.7466063348417
2,599,385,384.80271493212683
2,600,385,384.82714932126703
2,601,385,384.8108597285069
2,602,385,384.88325791855226
2,603,385,384.97375565610866
2,604,385,385.08235294117657
2,605,385,385.0705882352942
2,606,385,384.92941176470606
2,607,385,384.91764705882355
2,608,385,385.02624434389145
2,609,385,385.1167420814481
2,610,385,385.1891402714934
2,611,385,385.2434389140273
2,612,385,385.2796380090499
2,613,386,385.2977375565612
2,614,386,385.29773755656123
2,615,385,385.2796380090498
2,616,385,385.2434389140273
2,617,385,385.25972850678744
2,618,385,385.19909502262453
2,619,385,385.1411764705883
2,620,385,384.9656108597286
2,621,385,384.7583710407241
2,622,385,384.60542986425344
2,623,385,384.3158371040725
2,624,384,384.0986425339367
2,625,384,384.09502262443453
2,626,383,384.04615384615397
2,627,383,383.8995475113124
2,628,384,383.80271493212683
2,629,384,383.8352941176472
2,630,385,383.806334841629
2,631,385,383.8633484162897
2,632,383,383.87692307692316
2,633,383,383.91764705882366
2,634,384,383.91764705882366
2,635,384,383.80904977375576
2,636,383,383.7303167420816
2,637,384,383.6199095022626
2,638,384,383.5547511312218
2,639,384,383.6117647058824
2,640,384,383.59366515837115
2,641,383,383.50316742081446
2,642,383,383.4081447963801
2,643,383,383.37647058823546
2,644,383,383.2696832579187
2,645,384,383.28778280542997
2,646,384,383.36018099547516
2,647,383,383.48687782805445
2,648,383,383.6678733031675
2,649,384,383.76470588235287
2,650,384,383.8389140271494
2,651,384,383.881447963801
2,652,384,383.88325791855215
2,653,384,383.9737556561088
2,654,384,384.0823529411765
2,655,384,384.0705882352942
2,656,384,384.0000000000001
2,657,384,383.92941176470606
2,658,384,383.91764705882366
2,659,384,383.95565610859734
2,660,384,384.03438914027157
2,661,384,384.1447963800907
2,662,384,384.2778280542988
2,663,384,384.42443438914034
2,664,385,384.5755656108599
2,665,385,384.7221719457015
2,666,385,384.8552036199095
2,667,385,384.89502262443443
2,668,385,384.96199095022627
2,669,385,385.10859728506796
2,670,385,385.18733031674213
2,671,385,385.11855203619916
2,672,385,385.16108597285074
2,673,385,385.3058823529413
2,674,386,385.4144796380092
2,675,386,385.48687782805433
2,676,385,385.5230769230769
2,677,385,385.5230769230769
2,678,386,385.48687782805445
2,679,386,385.4144796380091
2,680,385,385.30588235294124
2,681,385,385.16108597285074
2,682,385,385.1185520361992
2,683,385,385.1167420814481
2,684,385,385.0262443438916
2,685,385,384.91764705882366
2,686,385,384.929411764706
2,687,385,385.0000000000001
2,688,385,385.0705882352942
2,689,385,385.08235294117657
2,690,385,385.04434389140283
2,691,385,384.96561085972854
2,692,385,384.92579185520367
2,693,385,384.80452488687797
2,694,385,384.5493212669684
2,695,384,384.30769230769243
2,696,384,384.0886877828055
2,697,384,383.9719457013576
2,698,384,383.83710407239823
2,699,383,383.6316742081449
2,700,383,383.50316742081463
2,701,384,383.460633484163
2,702,384,383.5131221719458
2,703,384,383.53122171945705
2,704,383,383.5855203619911
2,705,383,383.67601809954755
2,706,384,383.80271493212683
2,707,384,383.8271493212671
2,708,384,383.81085972850684
2,709,384,383.88325791855215
2,710,384,383.9737556561088
2,711,384,384.0117647058824
2,712,384,383.98823529411777
2,713,384,384.0262443438915
2,714,384,384.11674208144797
2,715,384,384.11855203619916
2,716,384,384.16108597285074
2,717,384,384.2352941176472
2,718,385,384.33212669683274
2,719,385,384.44253393665167
2,720,384,384.55746606334856
2,721,384,384.6678733031675
2,722,385,384.6941176470588
2,723,385,384.75656108597303
2,724,385,384.83710407239835
2,725,385,384.91764705882366
2,726,385,385.18914027149333
2,727,385,385.4425339366517
2,728,385,385.6099547511314
2,729,386,385.62352941176476
2,730,386,385.6217194570136
2,731,386,385.47239819004534
2,732,386,385.45520361990964
2,733,385,385.3113122171947
2,734,385,385.0588235294118
2,735,384,384.71583710407253
2,736,384,384.30045248868794
2,737,384,383.9692307692309
2,738,385,383.67873303167437
2,739,383,383.314932126697
2,740,383,383.16380090497745
2,741,383,383.1665158371042
2,742,383,383.2642533936651
2,743,383,383.3276018099548
2,744,383,383.42714932126705
2,745,383,383.5628959276019
2,746,385,383.8733031674209
2,747,385,384.09049773755663
2,748,384,384.21719457013586
2,749,384,384.18280542986446
2,750,384,384.11674208144814
2,751,384,384.0099547511313
2,752,384,383.8533936651584
2,753,384,383.63800904977376
2,754,383,383.6316742081449
2,755,383,383.6316742081449
2,756,384,383.63800904977387
2,757,384,383.78280542986437
2,758,384,383.9276018099548
2,759,384,384.0018099547512
2,760,384,384.1348416289594
2,761,384,384.30022918258214
2,762,385,384.3416583416582
2,763,385,384.40581640581627
2,764,384,384.4778554778556
2,765,384,384.52820512820523
2,766,385,384.62626262626173
2,767,385,385.1515151515151
2,768,385,384.1909502262444
2,769,385,384.7665158371042
2,770,385,385.21719457013586
2,771,386,385.5773755656109
2,772,386,385.81085972850684
2,773,386,386.0199095022626
2,774,386,386.177375565611
2,775,386,386.12669683257934
2,776,386,386.12669683257934
2,777,386,386.0361990950226
2,778,386,385.85520361990956
2,779,386,385.7221719457014
2,780,386,385.57556561085977
2,781,385,385.49502262443445
2,782,385,385.3601809954753
2,783,385,385.18914027149333
2,784,385,385.0000000000001
2,785,385,384.7402714932128
2,786,385,384.5574660633485
2,787,385,384.53122171945716
2,788,384,384.54117647058837
2,789,384,384.466968325792
2,790,384,384.38823529411775
2,791,384,384.3846153846155
2,792,385,384.3357466063349
2,793,385,384.2597285067875
2,794,384,384.17466063348434
2,795,384,384.0280542986427
2,796,384,383.8289592760182
2,797,384,383.7185520361992
2,798,383,383.5674208144797
2,799,383,383.3846153846154
2,800,383,383.2470588235294
2,801,383,383.231674208145
2,802,384,383.27963800904996
2,803,384,383.33212669683263
2,804,383,383.398190045249
2,805,383,383.4868778280545
2,806,383,383.398190045249
2,807,384,383.3321266968328
2,808,384,383.27963800904996
2,809,383,383.2316742081449
2,810,383,383.2470588235294
2,811,383,383.3846153846156
2,812,383,383.5674208144799
2,813,384,383.7185520361992
2,814,384,383.75837104072406
2,815,384,383.9457013574662
2,816,384,384.20090497737567
2,817,385,384.37647058823546
2,818,385,384.5248868778282
2,819,384,384.6280542986427
2,820,384,384.5972850678734
2,821,385,384.68235294117653
2,822,385,384.86515837104076
2,823,385,384.998190045249
2,824,385,385.07239819004536
2,825,385,385.21719457013586
2,826,385,385.36199095022636
2,827,386,385.36832579185534
2,828,386,385.29773755656123
2,829,385,385.350226244344
2,830,385,385.32579185520376
2,831,385,385.1628959276019
2,832,385,385.0000000000001
2,833,385,384.90769230769234
2,834,385,384.7565610859729
2,835,385,384.62352941176476
2,836,384,384.58552036199103
2,837,384,384.58371040723995
2,838,385,384.5592760180997
2,839,385,384.52126696832596
2,840,384,384.4787330316743
2,841,384,384.51131221719476
2,842,385,384.49864253393673
2,843,385,384.38823529411786
2,844,384,384.18914027149333
2,845,384,383.9719457013575
2,846,384,383.8751131221721
2,847,384,383.83710407239823
2,848,383,383.7285067873304
2,849,383,383.6199095022625
2,850,384,383.6497737556562
2,851,384,383.82714932126703
2,852,384,383.8226244343893
2,853,384,383.8452488687784
2,854,384,383.96561085972866
2,855,384,384.05429864253404
2,856,384,383.9113122171946
2,857,384,383.73665158371045
2,858,383,383.7303167420815
2,859,384,383.6923076923078
2,860,384,383.63167420814483
2,861,383,383.5574660633485
2,862,383,383.40814479638027
2,863,384,383.32217194570154
2,864,384,383.2995475113124
2,865,383,383.3402714932128
2,866,383,383.30588235294124
2,867,383,383.3963800904978
2,868,383,383.54117647058837
2,869,384,383.60180995475116
2,870,384,383.63981900452507
2,871,384,383.71402714932134
2,872,384,383.8832579185522
2,873,384,384.00000000000017
2,874,384,384.1167420814481
2,875,384,384.28597285067883
2,876,384,384.36018099547516
2,877,384,384.46877828054306
2,878,385,384.54117647058837
2,879,385,384.57737556561096
2,880,385,384.57737556561096
2,881,385,384.5411764705884
2,882,384,384.46877828054323
2,883,384,384.3601809954753
2,884,384,384.2153846153847
2,885,384,384.0343891402715
2,886,384,383.95565610859734
2,887,384,383.9176470588236
2,888,384,383.92941176470606
2,889,384,384.0000000000001
2,890,384,384.0000000000001
2,891,384,384.0000000000001
2,892,384,384.0000000000001
2,893,384,383.92941176470606
2,894,384,383.98823529411777
2,895,384,384.0380090497738
2,896,384,384.0787330316743
2,897,384,384.11040723981915
2,898,384,384.20361990950244
2,899,384,384.22895927601814
2,900,385,384.12488687782815
2,901,384,384.0298642533937
2,902,384,383.943891402715
2,903,384,383.86696832579196
2,904,384,383.8696832579186
2,905,383,383.8226244343893
2,906,383,383.7348416289594
2,907,384,383.61538461538464
2,908,384,383.5411764705883
2,909,384,383.4506787330318
2,910,384,383.34389140271503
2,911,383,383.350226244344
2,912,383,383.53122171945716
2,913,383,383.6099547511312
2,914,383,383.57737556561096
2,915,384,383.6923076923079
2,916,384,383.8751131221721
2,917,385,384.1167420814481
2,918,385,384.4081447963803
2,919,384,384.60180995475133
2,920,384,384.750226244344
2,921,385,384.8352941176471
2,922,385,384.83891402714937
2,923,385,384.881447963801
2,924,385,384.88325791855226
2,925,385,384.97375565610866
2,926,385,385.08235294117657
2,927,385,385.0705882352942
2,928,385,385.0000000000001
2,929,385,385.0000000000001
2,930,385,385.0000000000001
2,931,385,385.0000000000001
2,932,385,385.0000000000001
2,933,385,385.0000000000001
2,934,385,385.0000000000001
2,935,385,385.0000000000001
2,936,385,385.0000000000001
2,937,385,385.0705882352942
2,938,385,385.08235294117657
2,939,385,385.04434389140283
2,940,385,385.0361990950227
2,941,385,384.93755656108596
2,942,385,384.69592760181
2,943,385,384.4588235294119
2,944,384,384.2352941176472
2,945,384,384.0343891402715
2,946,384,383.8651583710409
2,947,383,383.73665158371057
2,948,383,383.6579185520364
2,949,384,383.63800904977376
2,950,384,383.68597285067887
2,951,384,383.81085972850684
2,952,384,383.9538461538462
2,953,384,384.0561085972852
2,954,384,384.0561085972851
2,955,384,383.9538461538463
2,956,384,383.81085972850684
2,957,384,383.756561085973
2,958,384,383.7203619909503
2,959,383,383.7022624434391
2,960,383,383.702262443439
2,961,384,383.7203619909503
2,962,384,383.756561085973
2,963,384,383.74027149321284
2,964,384,383.80090497737575
2,965,384,383.92941176470595
2,966,384,384.1167420814481
2,967,384,384.2153846153848
2,968,384,384.2778280542988
2,969,384,384.42443438914034
2,970,385,384.5755656108599
2,971,385,384.7221719457015
2,972,385,384.8552036199095
2,973,385,384.9656108597286
2,974,385,385.04434389140283
2,975,385,385.08235294117657
2,976,385,385.0705882352942
2,977,385,385.0000000000001
2,978,385,385.0000000000001
2,979,385,384.92941176470606
2,980,385,384.91764705882355
2,981,385,385.02624434389145
2,982,385,385.1167420814481
2,983,385,385.1891402714934
2,984,385,385.2434389140273
2,985,385,385.2796380090499
2,986,386,385.2977375565612
2,987,386,385.29773755656123
2,988,385,385.2796380090498
2,989,385,385.2434389140273
2,990,385,385.25972850678744
2,991,385,385.19909502262453
2,992,385,385.0705882352942
2,993,385,384.8832579185522
2,994,385,384.7846153846155
2,995,385,384.7221719457015
2,996,385,384.5755656108598
2,997,384,384.4244343891403
2,998,384,384.3484162895929
2,999,384,384.22714932126706
2,1000,384,384.0081447963801
2,1001,384,383.8389140271494
2,1002,384,383.7285067873304
2,1003,384,383.7565610859729
2,1004,384,383.80271493212683
2,1005,383,383.67601809954766
2,1006,383,383.58552036199103
2,1007,384,383.53122171945705
2,1008,384,383.5131221719458
2,1009,384,383.6018099547512
2,1010,383,383.6678733031676
2,1011,383,383.6497737556562
2,1012,384,383.6859728506788
2,1013,384,383.63800904977376
2,1014,384,383.5674208144797
2,1015,384,383.6036199095024
2,1016,383,383.6760180995477
2,1017,383,383.74660633484143
2,1018,384,383.7262737262737
2,1019,384,383.7957597957597
2,1020,384,383.9662004662005
2,1021,384,384.16013986013985
2,1022,384,384.1717171717162
2,1023,384,383.9696969696967
2,1024,384,383.4705882352942
2,1025,384,383.7665158371042
2,1026,384,383.8669683257921
2,1027,384,383.9538461538463
2,1028,384,384.0705882352941
2,1029,384,384.1990950226245
2,1030,384,384.11855203619916
2,1031,384,384.0787330316743
2,1032,384,384.2615384615386
2,1033,385,384.4488687782807
2,1034,385,384.631674208145
2,1035,384,384.8009049773756
2,1036,384,384.9475113122174
2,1037,386,385.0624434389143
2,1038,386,385.13665158371055
2,1039,385,385.1610859728507
2,1040,385,385.12669683257917
2,1041,385,385.1628959276018
2,1042,385,385.1990950226245
2,1043,385,385.0968325791856
2,1044,385,384.91764705882366
2,1045,385,385.00000000000006
2,1046,385,385.08235294117657
2,1047,385,385.04434389140283
2,1048,385,384.96561085972854
2,1049,385,384.78461538461545
2,1050,385,384.639819004525
2,1051,385,384.6018099547513
2,1052,384,384.54117647058837
2,1053,384,384.466968325792
2,1054,384,384.38823529411775
2,1055,384,384.3140271493215
2,1056,385,384.2533936651584
2,1057,385,384.2153846153847
2,1058,384,384.20904977375574
2,1059,384,384.3140271493215
2,1060,384,384.2714932126699
2,1061,384,384.09049773755663
2,1062,384,383.9095022624436
2,1063,384,383.7990950226246
2,1064,384,383.7683257918554
2,1065,384,383.694117647059
2,1066,383,383.5855203619911
2,1067,383,383.5131221719458
2,1068,384,383.54751131221724
2,1069,384,383.5592760180997
2,1070,383,383.4868778280544
2,1071,383,383.46877828054306
2,1072,384,383.5049773755658
2,1073,384,383.5954751131223
2,1074,384,383.6018099547512
2,1075,383,383.65610859728525
2,1076,383,383.75837104072406
2,1077,384,383.7764705882354
2,1078,384,383.78099547511323
2,1079,384,383.70407239819014
2,1080,384,383.61357466063356
2,1081,384,383.57737556561096
2,1082,383,383.5954751131223
2,1083,383,383.529411764706
2,1084,384,383.51131221719464
2,1085,383,383.5411764705883
2,1086,383,383.4868778280544
2,1087,384,383.48687782805445
2,1088,384,383.47058823529414
2,1089,384,383.5674208144797
2,1090,384,383.7004524886879
2,1091,383,383.79276018099563
2,1092,383,383.90316742081467
2,1093,384,383.9520361990952
2,1094,384,383.92126696832594
2,1095,385,384.1312217194571
2,1096,385,384.3638009049775
2,1097,384,384.6099547511313
2,1098,384,384.8606334841631
2,1099,385,385.03891402714936
2,1100,385,385.06787330316746
2,1101,386,385.00633484162904
2,1102,385,384.91312217194576
2,1103,385,384.9882352941177
2,1104,385,385.031674208145
2,1105,385,384.9140271493213
2,1106,384,384.70588235294133
2,1107,384,384.61628959276027
2,1108,385,384.45429864253407
2,1109,385,384.30588235294135
2,1110,384,384.1185520361992
2,1111,384,384.0425339366517
2,1112,384,383.9574660633484
2,1113,384,383.8108597285069
2,1114,383,383.61176470588254
2,1115,383,383.3601809954753
2,1116,384,383.3239819004525
2,1117,384,383.5031674208145
2,1118,383,383.6298642533938
2,1119,383,383.70407239819025
2,1120,384,383.8552036199095
2,1121,384,384.1447963800906
2,1122,385,384.225339366516
2,1123,385,384.28778280542997
2,1124,384,384.52307692307704
2,1125,384,384.72217194570146
2,1126,385,384.7466063348418
2,1127,385,384.6579185520363
2,1128,384,384.585520361991
2,1129,385,384.4588235294118
2,1130,385,384.4162895927603
2,1131,384,384.3963800904978
2,1132,384,384.2696832579187
2,1133,384,384.1067873303169
2,1134,384,383.97556561085975
2,1135,384,383.943891402715
2,1136,384,383.943891402715
2,1137,384,384.04615384615397
2,1138,384,384.11855203619916
2,1139,384,384.16108597285074
2,1140,384,384.2352941176472
2,1141,385,384.33212669683274
2,1142,385,384.58371040724
2,1143,384,384.7221719457015
2,1144,384,384.75656108597303
2,1145,385,384.6253393665159
2,1146,385,384.4669683257919
2,1147,385,384.28144796380104
2,1148,385,384.06877828054314
2,1149,383,383.9674208144798
2,1150,383,383.9158371040725
2,1151,383,383.78461538461556
2,1152,384,383.6443438914029
2,1153,384,383.7040723981901
2,1154,384,383.7728506787333
2,1155,384,383.798190045249
2,1156,384,383.9276018099548
2,1157,384,383.8226244343892
2,1158,384,383.7447963800905
2,1159,384,383.7466063348418
2,1160,383,383.8190045248871
2,1161,383,383.8914027149324
2,1162,384,383.89321266968335
2,1163,384,383.95384615384637
2,1164,385,384.06425339366524
2,1165,385,384.2153846153847
2,1166,384,384.3981900452489
2,1167,384,384.60361990950236
2,1168,384,384.68416289592767
2,1169,385,384.6923076923079
2,1170,385,384.7484162895929
2,1171,385,384.7728506787331
2,1172,385,384.96561085972866
2,1173,385,385.12669683257934
2,1174,385,385.1266968325792
2,1175,385,385.0361990950228
2,1176,385,384.8552036199095
2,1177,385,384.7221719457015
2,1178,385,384.5755656108598
2,1179,384,384.35384615384623
2,1180,384,384.19547511312237
2,1181,384,384.1004524886879
2,1182,384,384.0687782805431
2,1183,384,384.171040723982
2,1184,384,384.27782805429877
2,1185,384,384.3276018099549
2,1186,385,384.4588235294118
2,1187,385,384.46244343891414
2,1188,385,384.52941176470597
2,1189,385,384.5710407239821
2,1190,384,384.69864253393666
2,1191,384,384.88506787330334
2,1192,385,385.10316742081454
2,1193,385,385.32579185520376
2,1194,386,385.6642533936652
2,1195,386,385.81809954751134
2,1196,387,386.22805429864263
2,1197,387,386.7194570135747
2,1198,387,387.0470588235295
2,1199,387,387.36561085972863
2,1200,387,387.7592760180997
2,1201,387,388.11221719457023
2,1202,390,388.4470588235296
2,1203,389,388.7864253393666
2,1204,389,389.29411764705895
2,1205,390,389.7339366515838
2,1206,390,390.1493212669685
2,1207,390,390.38371040723996
2,1208,390,390.419004524887
2,1209,391,390.2371040723982
2,1210,391,390.1647058823531
2,1211,390,389.990045248869
2,1212,390,389.8452488687785
2,1213,389,389.7303167420816
2,1214,389,389.654298642534
2,1215,389,389.49683257918565
2,1216,389,389.2760180995476
2,1217,390,389.1484162895929
2,1218,390,389.14117647058845
2,1219,389,389.0841628959277
2,1220,389,388.94570135746613
2,1221,388,388.694117647059
2,1222,388,388.29773755656123
2,1223,388,387.7927601809957
2,1224,388,387.21538461538466
2,1225,387,386.8108597285069
2,1226,386,386.4244343891404
2,1227,386,385.9013574660635
2,1228,385,385.4868778280544
2,1229,385,385.14932126696834
2,1230,385,384.8570135746608
2,1231,385,384.6461538461539
2,1232,384,384.5529411764707
2,1233,384,384.47511312217205
2,1234,385,384.3719457013575
2,1235,385,384.19095022624447
2,1236,384,384.0705882352941
2,1237,384,384.1429864253395
2,1238,384,384.2696832579186
2,1239,384,384.3800904977377
2,1240,384,384.3945701357467
2,1241,384,384.49502262443457
2,1242,386,384.7221719457014
2,1243,386,385.11674208144814
2,1244,385,385.44253393665167
2,1245,385,385.8633484162897
2,1246,386,386.2633484162897
2,1247,387,386.7266968325793
2,1248,387,387.19909502262453
2,1249,388,387.6262443438915
2,1250,388,388.16018099547523
2,1251,389,388.7529411764707
2,1252,389,389.2914027149323
2,1253,390,389.66244343891424
2,1254,390,389.9592760180996
2,1255,390,390.2135746606336
2,1256,390,390.3276018099549
2,1257,391,390.4126696832581
2,1258,391,390.45067873303185
2,1259,390,390.43257918552047
2,1260,390,390.28778280542997
2,1261,390,390.1547511312218
2,1262,390,389.9719457013576
2,1263,390,389.74841628959285
2,1264,390,389.4932126696833
2,1265,389,389.4244343891404
2,1266,389,389.36018099547516
2,1267,389,389.11855203619916
2,1268,389,388.91764705882355
2,1269,389,388.90769230769246
2,1270,389,388.8389140271493
2,1271,389,388.8090497737558
2,1272,388,388.71583710407253
2,1273,388,388.54516072163113
2,1274,389,388.3156843156842
2,1275,389,388.0166500166499
2,1276,387,387.6305361305364
2,1277,387,387.115850815851
2,1278,386,386.4090909090901
2,1279,386,385.9242424242425
2,1280,386,384.22714932126706
2,1281,386,384.5972850678733
2,1282,385,384.82895927601817
2,1283,385,384.9656108597286
2,1284,384,384.98009049773776
2,1285,384,384.9837104072399
2,1286,385,384.88778280543
2,1287,385,384.67420814479635
2,1288,385,384.66968325791873
2,1289,385,384.8009049773757
2,1290,385,384.85882352941195
2,1291,385,385.0343891402716
2,1292,385,385.17104072398206
2,1293,385,385.3122171945703
2,1294,385,385.49864253393673
2,1295,386,385.77104072398186
2,1296,386,386.0316742081448
2,1297,387,386.38280542986433
2,1298,387,386.7882352941178
2,1299,387,387.21176470588244
2,1300,387,387.5466063348417
2,1301,388,387.8859728506789
2,1302,388,388.1846153846155
2,1303,389,388.7475113122173
2,1304,389,389.07963800904986
2,1305,389,389.45158371040736
2,1306,389,389.53393665158376
2,1307,390,389.2742081447965
2,1308,390,388.8199095022626
2,1309,390,388.31855203619926
2,1310,387,387.7176470588236
2,1311,387,387.1737556561087
2,1312,385,386.64343891402734
2,1313,385,386.22443438914047
2,1314,386,385.8144796380091
2,1315,386,385.65882352941196
2,1316,386,385.6027149321268
2,1317,386,385.7004524886878
2,1318,386,385.59095022624444
2,1319,386,385.51312217194584
2,1320,385,385.2171945701359
2,1321,385,384.85339366515853
2,1322,384,384.5692307692308
2,1323,384,384.3122171945702
2,1324,384,384.10045248868795
2,1325,384,383.9520361990952
2,1326,384,383.88506787330334
2,1327,384,383.9176470588236
2,1328,384,384.0000000000001
2,1329,384,384.0823529411765
2,1330,384,384.04434389140283
2,1331,384,383.9656108597286
2,1332,384,383.7846153846155
2,1333,384,383.63981900452495
2,1334,384,383.53122171945716
2,1335,383,383.4588235294119
2,1336,383,383.4226244343892
2,1337,383,383.4226244343892
2,1338,383,383.38823529411775
2,1339,384,383.4488687782806
2,1340,384,383.66606334841646
2,1341,384,383.9013574660634
2,1342,384,384.08416289592776
2,1343,384,384.20542986425346
2,1344,384,384.2470588235295
2,1345,385,384.3203619909504
2,1346,385,384.5393665158371
2,1347,384,384.75656108597303
2,1348,384,385.04253393665175
2,1349,385,385.13846153846157
2,1350,385,385.06244343891404
2,1351,386,384.7619909502264
2,1352,386,384.3846153846155
2,1353,384,384.0778280542988
2,1354,384,383.7891402714933
2,1355,382,383.398190045249
2,1356,382,382.98461538461544
2,1357,382,382.69592760181
2,1358,383,382.4090497737559
2,1359,383,382.4099547511313
2,1360,383,382.71674208144816
2,1361,383,382.94117647058835
2,1362,383,383.233484162896
2,1363,383,383.3257918552037
2,1364,383,383.27963800904996
2,1365,384,383.2153846153847
2,1366,384,383.25339366515846
2,1367,383,383.31402714932136
2,1368,383,383.38823529411775
2,1369,383,383.4669683257919
2,1370,383,383.54117647058837
2,1371,384,383.60180995475116
2,1372,384,383.63981900452507
2,1373,384,383.78461538461545
2,1374,384,383.9656108597286
2,1375,384,384.114932126697
2,1376,384,384.164705882353
2,1377,384,384.0443438914027
2,1378,384,383.8832579185521
2,1379,384,383.81085972850684
2,1380,384,383.756561085973
2,1381,384,383.7203619909503
2,1382,383,383.7022624434391
2,1383,383,383.6316742081449
2,1384,384,383.63800904977387
2,1385,384,383.78280542986437
2,1386,384,383.9276018099548
2,1387,384,384.0723981900452
2,1388,384,384.2171945701359
2,1389,384,384.36199095022636
2,1390,385,384.36832579185534
2,1391,385,384.2271493212672
2,1392,384,384.1972850678734
2,1393,384,384.12850678733037
2,1394,384,384.14117647058845
2,1395,384,384.2171945701358
2,1396,384,384.2678733031675
2,1397,384,384.404524886878
2,1398,385,384.7384615384616
2,1399,385,385.1809954751132
2,1400,386,385.5049773755657
2,1401,386,385.88325791855215
2,1402,386,386.35022624434396
2,1403,387,386.74027149321273
2,1404,387,387.0262443438914
2,1405,387,387.1809954751132
2,1406,387,387.2452488687783
2,1407,388,387.25972850678744
2,1408,388,387.335746606335
2,1409,387,387.38461538461553
2,1410,387,387.38823529411775
2,1411,387,387.46696832579187
2,1412,387,387.6117647058824
2,1413,388,387.6841628959277
2,1414,388,387.68416289592767
2,1415,388,387.75022624434405
2,1416,388,387.8208144796381
2,1417,388,387.83710407239835
2,1418,388,387.74027149321273
2,1419,387,387.6099547511314
2,1420,387,387.32579185520365
2,1421,387,387.0443438914027
2,1422,387,386.7221719457015
2,1423,387,386.45701357466066
2,1424,386,386.14660633484186
2,1425,386,385.82714932126714
2,1426,385,385.53484162895944
2,1427,385,385.1674208144797
2,1428,385,384.8226244343893
2,1429,385,384.52760180995494
2,1430,384,384.30950226244363
2,1431,384,384.19547511312237
2,1432,384,384.07420814479656
2,1433,384,383.96380090497746
2,1434,384,383.87330316742094
2,1435,384,383.80271493212683
2,1436,384,383.95203619909506
2,1437,384,384.1828054298645
2,1438,384,384.28597285067883
2,1439,384,384.45248868778293
2,1440,385,384.66425339366526
2,1441,385,384.90316742081455
2,1442,386,385.0805429864254
2,1443,385,385.30769230769243
2,1444,385,385.6280542986427
2,1445,386,385.8850678733033
2,1446,386,385.9194570135748
2,1447,386,385.9719457013576
2,1448,386,386.21538461538466
2,1449,387,386.4226244343892
2,1450,387,386.6434389140273
2,1451,386,386.78914027149335
2,1452,386,386.9031674208146
2,1453,388,387.0968325791857
2,1454,388,387.2108597285068
2,1455,387,387.3565610859731
2,1456,387,387.50678733031685
2,1457,388,387.8434389140272
2,1458,388,388.14841628959283
2,1459,388,388.27420814479643
2,1460,388,388.273303167421
2,1461,389,388.40452488687794
2,1462,389,388.5266968325793
2,1463,389,388.57194570135755
2,1464,388,388.4723981900454
2,1465,388,388.2959276018101
2,1466,388,388.110407239819
2,1467,388,387.9864253393667
2,1468,388,387.79457013574677
2,1469,388,387.68235294117653
2,1470,387,387.59728506787354
2,1471,387,387.69864253393683
2,1472,388,387.6072398190046
2,1473,388,387.4208144796381
2,1474,387,387.1665158371041
2,1475,387,386.8714932126697
2,1476,387,386.5628959276019
2,1477,387,386.26787330316756
2,1478,385,385.87511312217197
2,1479,385,385.54389140271496
2,1480,385,385.30135746606345
2,1481,385,385.04253393665164
2,1482,385,384.79457013574665
2,1483,385,384.6461538461539
2,1484,385,384.54479638009065
2,1485,385,384.6380090497739
2,1486,384,384.65791855203634
2,1487,384,384.73665158371057
2,1488,385,384.9357466063348
2,1489,385,385.11674208144814
2,1490,385,385.2796380090499
2,1491,386,385.4244343891403
2,1492,386,385.55113122171963
2,1493,386,385.6597285067875
2,1494,386,385.54117647058837
2,1495,385,385.3864253393666
2,1496,385,385.3158371040724
2,1497,385,385.2497737556563
2,1498,385,385.1791855203621
2,1499,385,385.23348416289605
2,1500,385,385.3420814479639
2,1501,386,385.4343891402716
2,1502,386,385.63981900452507
2,1503,386,385.81085972850684
2,1504,386,386.0000000000001
2,1505,386,386.11855203619916
2,1506,386,386.2778280542987
2,1507,386,386.45067873303174
2,1508,387,386.60995475113134
2,1509,387,386.8669683257919
2,1510,387,387.13303167420815
2,1511,387,387.4606334841629
2,1512,388,387.70226244343905
2,1513,388,387.84886877828063
2,1514,388,387.8914027149323
2,1515,388,387.8914027149323
2,1516,388,387.8488687782807
2,1517,388,387.70226244343905
2,1518,387,387.460633484163
2,1519,387,387.2036199095025
2,1520,387,386.94932126696847
2,1521,387,386.654298642534
2,1522,386,386.4162895927603
2,1523,386,386.1330316742083
2,1524,386,385.8407239819006
2,1525,386,385.57556561085977
2,1526,385,385.23529411764713
2,1527,385,384.9176470588236
2,1528,385,384.64977375565616
2,1529,384,384.417288593759
2,1530,384,384.1588411588409
2,1531,384,383.9987789987789
2,1532,384,383.9545454545457
2,1533,384,383.9002331002331
2,1534,384,384.01010101010024
2,1535,384,383.9393939393938
2,1536,384,383.6153846153846
2,1537,384,384.04434389140283
2,1538,384,384.2914027149322
2,1539,385,384.529411764706
2,1540,385,384.65158371040735
2,1541,385,384.8895927601812
2,1542,385,385.1366515837105
2,1543,385,385.3565610859728
2,1544,385,385.65158371040735
2,1545,386,385.9239819004526
2,1546,386,386.2171945701359
2,1547,387,386.5131221719458
2,1548,387,386.7321266968327
2,1549,387,386.8651583710408
2,1550,387,386.90316742081467
2,1551,387,386.8371040723983
2,1552,387,386.79909502262444
2,1553,386,386.6597285067875
2,1554,386,386.3665158371042
2,1555,386,386.0760180995476
2,1556,386,385.74479638009063
2,1557,386,385.4705882352943
2,1558,386,385.0805429864254
2,1559,384,384.74027149321273
2,1560,384,384.40633484162896
2,1561,384,384.0968325791857
2,1562,384,383.75022624434405
2,1563,384,383.63438914027165
2,1564,383,383.74027149321273
2,1565,384,384.05882352941194
2,1566,384,384.58099547511335
2,1567,385,385.0208144796381
2,1568,385,385.4923076923078
2,1569,387,385.96832579185536
2,1570,387,386.3511312217195
2,1571,387,386.74298642533955
2,1572,387,387.03981900452504
2,1573,387,387.27601809954757
2,1574,387,387.56561085972857
2,1575,387,387.6316742081449
2,1576,387,387.4832579185521
2,1577,388,387.3475113122172
2,1578,388,386.99004524886885
2,1579,387,386.45610859728515
2,1580,387,385.7203619909504
2,1581,384,384.95746606334853
2,1582,384,384.2036199095023
2,1583,383,383.3082211905739
2,1584,382,382.55944055944036
2,1585,382,382.1912531912531
2,1586,382,382.1981351981355
2,1587,383,382.61351981352
2,1588,383,382.81313131313044
2,1589,383,383.0454545454545
3,0,383,385.9936651583712
3,1,383,387.41990950226244
3,2,393,388.8760180995477
3,3,393,390.2280542986427
3,4,393,391.4126696832579
3,5,393,392.3665158371042
3,6,393,392.88778280543005
3,7,393,393.04524886877834
3,8,391,392.70769230769235
3,9,391,391.68235294117665
3,10,391,391.1583710407241
3,11,391,390.72488687782817
3,12,391,390.4705882352942
3,13,391,390.2841628959278
3,14,390,390.1927601809956
3,15,389,390.22352941176473
3,16,389,390.1266968325792
3,17,391,390.05248868778295
3,18,391,390.0805429864255
3,19,390,390.0904977375568
3,20,390,390.0298642533939
3,21,390,390.0461538461539
3,22,390,390.22171945701353
3,23,390,390.1004524886879
3,24,390,389.91221719457025
3,25,389,389.6932126696834
3,26,389,389.0742081447964
3,27,390,388.4886877828055
3,28,390,388.0868778280543
3,29,387,387.67782805429886
3,30,387,387.40904977375567
3,31,385,387.36018099547516
3,32,385,387.410859728507
3,33,389,387.4407239819006
3,34,389,387.52941176470597
3,35,388,387.9656108597286
3,36,389,388.4380090497738
3,37,389,388.4968325791857
3,38,388,388.49230769230775
3,39,388,388.2886877828055
3,40,388,387.75022624434405
3,41,388,387.43076923076944
3,42,386,387.08416289592776
3,43,386,386.466968325792
3,44,387,386.07420814479644
3,45,387,385.99457013574664
3,46,385,385.8488687782807
3,47,385,385.7348416289593
3,48,385,385.67963800904994
3,49,385,385.7104072398191
3,50,387,385.6479638009051
3,51,387,385.5131221719458
3,52,385,385.39185520362
3,53,385,385.3701357466065
3,54,385,385.25972850678744
3,55,385,385.0723981900454
3,56,385,384.81719457013594
3,57,384,384.50316742081463
3,58,384,384.41628959276034
3,59,385,384.44253393665167
3,60,385,384.33212669683274
3,61,384,384.2352941176472
3,62,384,384.1610859728508
3,63,384,384.1185520361992
3,64,384,384.1167420814481
3,65,384,384.0262443438915
3,66,384,383.9176470588236
3,67,384,383.92941176470606
3,68,384,383.92941176470606
3,69,384,383.91764705882366
3,70,384,383.95565610859734
3,71,384,384.03438914027157
3,72,384,384.1447963800907
3,73,384,384.20723981900466
3,74,384,384.342081447964
3,75,385,384.460633484163
3,76,385,384.67420814479647
3,77,385,384.8850678733033
3,78,385,385.1954751131222
3,79,385,385.49864253393685
3,80,386,385.88778280543
3,81,386,386.31764705882364
3,82,387,386.7429864253395
3,83,387,387.1158371040725
3,84,388,387.58823529411774
3,85,388,388.1058823529413
3,86,389,388.61447963800924
3,87,389,388.98914027149334
3,88,389,389.4434389140273
3,89,389,389.78190045248874
3,90,391,390.21809954751154
3,91,391,390.69773755656115
3,92,391,391.17556561085985
3,93,391,391.5447963800906
3,94,392,391.9076923076924
3,95,392,392.1665158371042
3,96,393,392.2235294117649
3,97,393,392.1809954751133
3,98,392,392.350226244344
3,99,392,392.4425339366517
3,100,392,392.44886877828066
3,101,392,392.3601809954752
3,102,392,392.3764705882354
3,103,393,392.29773755656134
3,104,393,392.2714932126697
3,105,392,392.2452488687784
3,106,392,392.0986425339368
3,107,392,391.9113122171947
3,108,392,391.9040723981901
3,109,391,391.6977375565612
3,110,391,391.4696832579187
3,111,391,391.135746606335
3,112,391,390.6180995475113
3,113,391,389.97104072398196
3,114,391,389.31040723981914
3,115,388,388.68144796380096
3,116,388,388.12941176470594
3,117,386,387.63167420814494
3,118,386,387.16561085972864
3,119,387,386.8470588235295
3,120,387,386.59185520362
3,121,387,386.5248868778281
3,122,387,386.57104072398204
3,123,387,386.3076923076925
3,124,386,386.1122171945702
3,125,386,385.80542986425354
3,126,385,385.4081447963801
3,127,385,385.1475113122173
3,128,384,384.8506787330317
3,129,384,384.48325791855206
3,130,385,384.2108597285068
3,131,385,384.0606334841631
3,132,384,383.92126696832594
3,133,384,383.881447963801
3,134,383,383.8208144796381
3,135,383,383.81900452488713
3,136,384,383.6760180995475
3,137,384,383.59185520362007
3,138,384,383.76651583710424
3,139,384,384.0000000000002
3,140,384,384.16289592760194
3,141,384,384.3257918552038
3,142,384,384.27963800904985
3,143,385,384.2153846153848
3,144,385,384.0416289592761
3,145,384,384.066968325792
3,146,384,384.1846153846155
3,147,384,384.4877828054301
3,148,384,384.8606334841629
3,149,385,385.3873303167422
3,150,385,385.8723981900454
3,151,388,386.6588235294119
3,152,388,387.54208144796394
3,153,389,388.44977375565617
3,154,389,389.371040723982
3,155,390,390.22443438914036
3,156,390,390.99909502262454
3,157,392,391.6226244343892
3,158,392,392.31402714932136
3,159,393,392.7782805429866
3,160,393,393.1656108597287
3,161,393,392.97647058823543
3,162,393,392.20361990950244
3,163,392,390.9782805429865
3,164,392,389.431674208145
3,165,387,387.833484162896
3,166,387,386.2533936651585
3,167,382,384.9022624434391
3,168,382,383.7909502262444
3,169,382,383.0009049773757
3,170,383,382.6135746606337
3,171,383,382.5719457013575
3,172,384,383.019004524887
3,173,384,383.3348416289594
3,174,384,383.8995475113124
3,175,384,384.04796380090517
3,176,384,384.114932126697
3,177,384,384.0823529411765
3,178,384,384.0705882352942
3,179,384,384.0000000000001
3,180,384,384.0000000000001
3,181,384,384.0000000000001
3,182,384,384.0000000000001
3,183,384,384.0000000000001
3,184,384,383.92941176470606
3,185,384,383.91764705882366
3,186,384,383.95565610859734
3,187,384,384.03438914027157
3,188,384,384.1447963800907
3,189,384,384.2778280542988
3,190,384,384.35384615384635
3,191,385,384.4932126696834
3,192,385,384.67782805429874
3,193,385,384.8895927601812
3,194,385,385.1104072398192
3,195,385,385.3221719457014
3,196,385,385.50678733031685
3,197,386,385.646153846154
3,198,386,385.72217194570135
3,199,386,385.8552036199097
3,200,386,385.9656108597287
3,201,386,386.0443438914027
3,202,386,386.0823529411765
3,203,386,386.1411764705884
3,204,386,386.08235294117657
3,205,386,386.0443438914028
3,206,386,385.96561085972866
3,207,386,385.85520361990956
3,208,386,385.7221719457014
3,209,386,385.57556561085977
3,210,385,385.4244343891404
3,211,385,385.2778280542987
3,212,385,385.14479638009067
3,213,385,385.03438914027157
3,214,385,384.95565610859734
3,215,385,384.9882352941177
3,216,385,385.01176470588246
3,217,385,385.04434389140283
3,218,385,384.96561085972854
3,219,385,384.8552036199095
3,220,385,384.7221719457015
3,221,385,384.5755656108598
3,222,384,384.4244343891403
3,223,384,384.2778280542987
3,224,384,384.1447963800906
3,225,384,384.0343891402715
3,226,384,383.95565610859734
3,227,384,383.9176470588236
3,228,384,383.92941176470606
3,229,384,384.0000000000001
3,230,384,384.0000000000001
3,231,384,384.0000000000001
3,232,384,384.0000000000001
3,233,384,384.0000000000001
3,234,384,384.0000000000001
3,235,384,384.0000000000001
3,236,384,383.92941176470606
3,237,384,383.91764705882366
3,238,384,383.95565610859734
3,239,384,384.03438914027157
3,240,384,384.1447963800907
3,241,384,384.3484162895929
3,242,384,384.5067873303168
3,243,385,384.5493212669685
3,244,385,384.6054298642535
3,245,385,384.66606334841646
3,246,385,384.72217194570146
3,247,385,384.76470588235316
3,248,384,384.7846153846155
3,249,384,384.73173884938564
3,250,385,384.70429570429565
3,251,385,384.7957597957597
3,252,385,384.9662004662006
3,253,385,385.16013986013985
3,254,385,385.1717171717164
3,255,385,384.969696969697
3,256,385,384.3665158371042
3,257,385,384.4787330316744
3,258,385,384.66606334841646
3,259,385,384.77828054298647
3,260,385,384.9357466063349
3,261,385,385.12036199095036
3,262,385,385.17556561085985
3,263,385,385.1447963800906
3,264,385,385.3484162895928
3,265,385,385.50678733031685
3,266,386,385.6199095022625
3,267,386,385.68778280542995
3,268,386,385.639819004525
3,269,386,385.6054298642535
3,270,386,385.64615384615394
3,271,385,385.6235294117649
3,272,385,385.5375565610861
3,273,385,385.38823529411775
3,274,385,385.3846153846154
3,275,386,385.26515837104085
3,276,386,385.17737556561104
3,277,385,385.13031674208156
3,278,385,385.13303167420827
3,279,385,385.1266968325792
3,280,385,385.05248868778284
3,281,384,384.84886877828075
3,282,385,384.65429864253394
3,283,385,384.6778280542988
3,284,385,384.7285067873306
3,285,385,384.68597285067875
3,286,384,384.62986425339375
3,287,384,384.5692307692309
3,288,385,384.5131221719458
3,289,385,384.33212669683274
3,290,384,384.2352941176472
3,291,384,384.09049773755663
3,292,384,384.03619909502277
3,293,384,384.1429864253395
3,294,384,384.14298642533953
3,295,384,384.1067873303169
3,296,384,384.17285067873314
3,297,384,384.350226244344
3,298,385,384.3800904977376
3,299,385,384.3420814479639
3,300,384,384.2452488687783
3,301,384,384.09864253393675
3,302,384,383.8407239819005
3,303,384,383.60995475113134
3,304,383,383.4769230769232
3,305,383,383.3122171945702
3,306,383,383.1927601809956
3,307,383,383.19547511312226
3,308,383,383.1203619909503
3,309,384,383.1674208144798
3,310,384,383.39819004524895
3,311,383,383.6742081447964
3,312,383,383.85701357466064
3,313,384,384.00814479638024
3,314,384,384.04796380090517
3,315,385,384.0968325791857
3,316,385,384.1366515837105
3,317,384,384.2877828054301
3,318,384,384.47058823529426
3,319,384,384.53755656108615
3,320,384,384.6117647058825
3,321,385,384.6135746606336
3,322,385,384.6018099547512
3,323,385,384.6352941176473
3,324,385,384.77285067873305
3,325,385,384.9375565610861
3,326,385,385.0524886877829
3,327,384,385.1085972850679
3,328,385,385.0968325791858
3,329,385,385.1466063348418
3,330,386,385.1873303167422
3,331,386,385.14841628959283
3,332,385,385.1592760180996
3,333,385,385.281447963801
3,334,385,385.37647058823535
3,335,385,385.3058823529413
3,336,385,385.26968325791864
3,337,385,385.19728506787334
3,338,386,385.22714932126706
3,339,386,385.36832579185517
3,340,385,385.3619909502263
3,341,385,385.28778280542997
3,342,385,385.1547511312217
3,343,385,384.97194570135764
3,344,385,384.7484162895929
3,345,385,384.49321266968326
3,346,384,384.35384615384635
3,347,384,384.2778280542987
3,348,384,384.1447963800906
3,349,384,384.0343891402715
3,350,384,383.95565610859734
3,351,384,383.9176470588236
3,352,384,383.92941176470606
3,353,384,384.0000000000001
3,354,384,384.0000000000001
3,355,384,384.0000000000001
3,356,384,384.0000000000001
3,357,384,384.0000000000001
3,358,384,384.0000000000001
3,359,384,384.0000000000001
3,360,384,384.0000000000001
3,361,384,384.0000000000001
3,362,384,384.0000000000001
3,363,384,384.0000000000001
3,364,384,383.7882352941178
3,365,384,383.75294117647076
3,366,384,383.8669683257921
3,367,384,384.10316742081466
3,368,384,384.43438914027166
3,369,384,384.9040723981901
3,370,384,385.3556561085973
3,371,387,385.8416289592762
3,372,387,386.21447963800915
3,373,387,386.39457013574685
3,374,387,386.5022624434392
3,375,387,386.51945701357477
3,376,386,386.4280542986427
3,377,386,386.20995475113136
3,378,385,385.8470588235296
3,379,385,385.7366515837105
3,380,386,385.6760180995476
3,381,386,385.67420814479664
3,382,386,385.74027149321284
3,383,386,385.9538461538463
3,384,386,386.0561085972852
3,385,386,386.12669683257934
3,386,386,385.96561085972854
3,387,386,385.77285067873316
3,388,386,385.74841628959285
3,389,386,385.69230769230785
3,390,385,385.61357466063356
3,391,385,385.5212669683259
3,392,385,385.42443438914046
3,393,386,385.3321266968327
3,394,386,385.2533936651585
3,395,385,385.19728506787345
3,396,385,385.2434389140271
3,397,385,385.2714932126697
3,398,385,385.1610859728508
3,399,385,384.9918552036201
3,400,385,384.7728506787331
3,401,385,384.65158371040724
3,402,385,384.5755656108598
3,403,384,384.4244343891403
3,404,384,384.2778280542987
3,405,384,384.2153846153848
3,406,384,384.1167420814481
3,407,384,383.929411764706
3,408,384,383.8009049773757
3,409,384,383.7402714932128
3,410,384,383.756561085973
3,411,384,383.7203619909503
3,412,383,383.7022624434391
3,413,383,383.6316742081449
3,414,384,383.63800904977387
3,415,384,383.78280542986437
3,416,384,383.9276018099548
3,417,384,384.0723981900452
3,418,384,384.2171945701359
3,419,384,384.2914027149322
3,420,385,384.28597285067883
3,421,385,384.25339366515846
3,422,384,384.31402714932136
3,423,384,384.38823529411775
3,424,384,384.4669683257919
3,425,384,384.6117647058825
3,426,385,384.68416289592767
3,427,385,384.61357466063356
3,428,385,384.6678733031675
3,429,385,384.7764705882353
3,430,385,384.80090497737564
3,431,385,384.80271493212683
3,432,384,384.77285067873305
3,433,384,384.7022624434391
3,434,385,384.72036199095027
3,435,385,384.7565610859729
3,436,385,384.8108597285069
3,437,385,384.88325791855226
3,438,385,384.90316742081467
3,439,385,385.00000000000006
3,440,385,385.0968325791858
3,441,385,385.1167420814481
3,442,385,385.1891402714934
3,443,385,385.2434389140273
3,444,385,385.20904977375574
3,445,386,385.2859728506789
3,446,386,385.33574660633485
3,447,385,385.2877828054299
3,448,385,385.27149321266984
3,449,385,385.27782805429877
3,450,385,385.2977375565612
3,451,386,385.3927601809956
3,452,385,385.42443438914046
3,453,385,385.460633484163
3,454,386,385.56923076923084
3,455,386,385.6823529411766
3,456,386,385.73212669683267
3,457,386,385.71855203619924
3,458,385,385.64162895927615
3,459,385,385.639819004525
3,460,386,385.5131221719458
3,461,386,385.40271493212686
3,462,385,385.3176470588236
3,463,385,385.2054298642535
3,464,385,385.0841628959277
3,465,385,384.97194570135764
3,466,385,384.7484162895929
3,467,385,384.49321266968326
3,468,384,384.35384615384635
3,469,384,384.2778280542987
3,470,384,384.1447963800906
3,471,384,384.0343891402715
3,472,384,383.95565610859734
3,473,384,383.9176470588236
3,474,384,383.92941176470606
3,475,384,384.0000000000001
3,476,384,383.92941176470606
3,477,384,383.91764705882366
3,478,384,384.0262443438915
3,479,384,384.11674208144797
3,480,384,384.1891402714933
3,481,384,384.2434389140272
3,482,384,384.27963800904985
3,483,385,384.2977375565612
3,484,385,384.2977375565611
3,485,384,384.2090497737557
3,486,384,384.16108597285086
3,487,384,384.14479638009067
3,488,384,384.15113122171954
3,489,384,384.171040723982
3,490,384,384.19547511312237
3,491,384,384.2832579185521
3,492,385,384.4932126696834
3,493,385,384.7484162895928
3,494,385,384.9719457013575
3,495,385,385.15475113122176
3,496,385,385.28778280542997
3,497,385,385.29140271493225
3,498,386,385.2859728506789
3,499,386,385.2533936651585
3,500,385,385.3140271493213
3,501,385,385.458823529412
3,502,385,385.5493212669684
3,503,385,385.5855203619911
3,504,386,385.6380090497738
3,505,386,385.6693306693303
3,506,386,385.7802197802195
3,507,386,385.7559107559107
3,508,385,385.52564102564145
3,509,385,385.0808857808858
3,510,385,384.56060606060527
3,511,384,384.151515151515
3,512,384,384.0262443438915
3,513,385,384.0886877828056
3,514,385,384.32398190045257
3,515,384,384.523076923077
3,516,384,384.68597285067887
3,517,385,384.812669683258
3,518,385,384.7647058823531
3,519,385,384.60361990950236
3,520,385,384.4588235294118
3,521,384,384.39819004524895
3,522,384,384.3601809954753
3,523,384,384.2153846153847
3,524,384,383.96380090497746
3,525,384,383.87330316742094
3,526,384,383.873303167421
3,527,384,383.96380090497746
3,528,384,384.1447963800907
3,529,384,384.2778280542988
3,530,384,384.42443438914034
3,531,385,384.5755656108599
3,532,385,384.7221719457015
3,533,385,384.8552036199095
3,534,385,384.9656108597286
3,535,385,384.97375565610866
3,536,385,385.00000000000006
3,537,385,385.02624434389156
3,538,385,385.03438914027157
3,539,385,385.2153846153847
3,540,385,385.36018099547516
3,541,385,385.398190045249
3,542,386,385.4588235294118
3,543,386,385.60361990950236
3,544,386,385.69411764705893
3,545,386,385.65972850678736
3,546,385,385.6298642533938
3,547,385,385.59547511312235
3,548,386,385.54751131221724
3,549,386,385.4769230769233
3,550,385,385.51312217194584
3,551,385,385.58552036199114
3,552,386,385.8352941176471
3,553,386,386.00361990950233
3,554,386,385.8995475113123
3,555,386,385.73212669683267
3,556,386,385.639819004525
3,557,386,385.56108597285083
3,558,386,385.36651583710415
3,559,384,385.12669683257934
3,560,384,384.9800904977377
3,561,385,384.8651583710409
3,562,385,384.86153846153854
3,563,385,384.84886877828075
3,564,385,384.77466063348413
3,565,385,384.7864253393666
3,566,385,385.03438914027157
3,567,385,384.99185520362005
3,568,385,384.8090497737559
3,569,384,384.633484162896
3,570,384,384.412669683258
3,571,385,384.1647058823531
3,572,385,383.90769230769246
3,573,383,383.58914027149336
3,574,383,383.35656108597294
3,575,383,383.219004524887
3,576,383,383.1149321266969
3,577,383,383.0443438914028
3,578,383,383.06877828054303
3,579,383,383.3176470588237
3,580,384,383.79095022624443
3,581,384,384.08235294117645
3,582,384,384.3239819004526
3,583,385,384.5067873303168
3,584,385,384.62171945701374
3,585,385,384.65972850678736
3,586,385,384.5411764705885
3,587,384,384.3864253393666
3,588,384,384.3864253393667
3,589,384,384.33212669683274
3,590,384,384.1529411764707
3,591,384,384.04615384615397
3,592,384,384.07058823529417
3,593,385,384.2171945701359
3,594,385,384.4769230769232
3,595,384,384.77285067873305
3,596,384,385.0280542986426
3,597,385,385.23348416289593
3,598,386,385.3800904977377
3,599,386,385.38823529411775
3,600,386,385.37828054298654
3,601,386,385.47058823529414
3,602,385,385.5855203619911
3,603,385,385.57556561085977
3,604,385,385.49321266968326
3,605,385,385.4588235294119
3,606,386,385.53122171945716
3,607,386,385.63981900452507
3,608,386,385.7846153846156
3,609,386,385.9656108597287
3,610,386,386.0443438914027
3,611,386,386.0823529411765
3,612,386,386.0705882352942
3,613,386,386.00000000000006
3,614,386,386.00000000000006
3,615,386,386.00000000000006
3,616,386,386.0705882352942
3,617,386,386.08235294117657
3,618,386,386.0443438914028
3,619,386,385.96561085972866
3,620,386,385.85520361990956
3,621,386,385.7221719457014
3,622,386,385.646153846154
3,623,385,385.5067873303168
3,624,385,385.2515837104073
3,625,385,385.02805429864264
3,626,385,384.9158371040725
3,627,385,384.79457013574677
3,628,385,384.6823529411767
3,629,384,384.5972850678734
3,630,384,384.5574660633486
3,631,385,384.44253393665167
3,632,385,384.33212669683274
3,633,384,384.2352941176472
3,634,384,384.1610859728508
3,635,384,384.1185520361992
3,636,384,384.1167420814481
3,637,384,384.0262443438915
3,638,384,383.9176470588236
3,639,384,383.92941176470606
3,640,384,384.0000000000001
3,641,384,384.0000000000001
3,642,384,384.0000000000001
3,643,384,383.92941176470606
3,644,384,383.91764705882366
3,645,384,383.95565610859734
3,646,384,384.03438914027157
3,647,384,384.07420814479644
3,648,384,384.19547511312226
3,649,384,384.4506787330318
3,650,385,384.6923076923079
3,651,385,384.91131221719473
3,652,385,385.0986425339367
3,653,385,385.2452488687784
3,654,386,385.3420814479639
3,655,386,385.3800904977376
3,656,385,385.3502262443439
3,657,385,385.2434389140273
3,658,385,385.18914027149333
3,659,385,385.1167420814481
3,660,385,385.0262443438916
3,661,385,384.91764705882366
3,662,385,384.85882352941184
3,663,385,384.91764705882355
3,664,385,384.95565610859734
3,665,385,385.03438914027157
3,666,385,385.2153846153847
3,667,385,385.36018099547516
3,668,385,385.398190045249
3,669,386,385.4588235294118
3,670,386,385.60361990950236
3,671,386,385.69411764705893
3,672,386,385.65972850678736
3,673,385,385.6298642533938
3,674,385,385.59547511312235
3,675,386,385.4769230769233
3,676,386,385.3945701357468
3,677,385,385.4687782805431
3,678,385,385.6199095022626
3,679,386,385.83891402714954
3,680,386,386.1167420814482
3,681,386,386.3764705882354
3,682,387,386.54117647058837
3,683,387,386.6696832579187
3,684,387,386.82081447963805
3,685,387,386.9176470588237
3,686,387,386.88325791855215
3,687,387,386.91764705882355
3,688,386,386.8208144796382
3,689,386,386.60180995475133
3,690,387,386.4081447963802
3,691,387,386.116742081448
3,692,386,385.8751131221721
3,693,386,385.7628959276019
3,694,385,385.6597285067875
3,695,385,385.58371040723983
3,696,385,385.4144796380092
3,697,385,385.2316742081449
3,698,386,385.1828054298643
3,699,386,385.2153846153848
3,700,385,385.2090497737557
3,701,385,385.2434389140273
3,702,385,385.25972850678744
3,703,385,385.19909502262453
3,704,385,385.1411764705883
3,705,385,384.9656108597286
3,706,385,384.7583710407241
3,707,385,384.60542986425344
3,708,385,384.3158371040725
3,709,384,384.0986425339367
3,710,384,384.02443438914037
3,711,383,383.96380090497746
3,712,383,383.8552036199096
3,713,384,383.83710407239835
3,714,384,383.9095022624436
3,715,385,384.0723981900453
3,716,385,384.32579185520376
3,717,384,384.5312217194571
3,718,384,384.6796380090499
3,719,385,384.75294117647076
3,720,385,384.7945701357467
3,721,385,384.9158371040726
3,722,385,385.02805429864253
3,723,385,385.1809954751132
3,724,385,385.42443438914046
3,725,386,385.6018099547513
3,726,386,385.7565610859729
3,727,386,385.929411764706
3,728,386,386.1610859728509
3,729,386,386.4244343891404
3,730,387,386.69230769230774
3,731,387,387.00814479638024
3,732,387,387.2153846153848
3,733,387,387.36380090497744
3,734,388,387.50316742081463
3,735,388,387.6859728506789
3,736,388,387.76470588235304
3,737,388,387.73031674208147
3,738,387,387.7122171945702
3,739,387,387.639819004525
3,740,388,387.5131221719459
3,741,388,387.3321266968327
3,742,387,387.2352941176471
3,743,387,387.30226244343896
3,744,387,387.21266968325807
3,745,387,387.123076923077
3,746,387,386.91312217194576
3,747,387,386.6624434389142
3,748,387,386.44796380090503
3,749,387,386.3466063348418
3,750,385,386.29954751131237
3,751,386,386.24796380090504
3,752,386,386.2714932126698
3,753,386,386.24977375565624
3,754,386,386.2009049773757
3,755,387,386.1429864253394
3,756,387,386.164705882353
3,757,386,386.15475113122193
3,758,386,385.8633484162897
3,759,385,385.5791855203621
3,760,385,385.2497737556561
3,761,385,384.85767174002444
3,762,385,384.5144855144855
3,763,384,384.315795315795
3,764,384,384.12004662004676
3,765,384,384.0067599067599
3,766,384,383.8636363636355
3,767,384,384.0909090909092
3,768,384,384.14479638009067
3,769,385,384.2497737556562
3,770,385,384.4886877828056
3,771,385,384.7728506787331
3,772,385,385.15475113122193
3,773,385,385.4868778280543
3,774,385,385.69230769230774
3,775,386,385.69411764705893
3,776,386,385.6217194570136
3,777,386,385.5429864253395
3,778,386,385.32579185520376
3,779,385,385.1085972850679
3,780,385,384.89140271493227
3,781,384,384.74479638009063
3,782,384,384.5393665158373
3,783,384,384.4226244343893
3,784,384,384.3420814479638
3,785,385,384.3158371040725
3,786,385,384.3619909502263
3,787,385,384.36018099547516
3,788,384,384.39004524886894
3,789,384,384.39276018099554
3,790,384,384.3095022624436
3,791,384,384.0787330316743
3,792,384,383.8389140271494
3,793,384,383.7990950226246
3,794,384,383.7683257918554
3,795,384,383.76470588235304
3,796,383,383.6678733031676
3,797,383,383.5574660633485
3,798,384,383.44253393665167
3,799,384,383.33212669683274
3,800,383,383.30588235294135
3,801,383,383.24343891402725
3,802,383,383.0923076923078
3,803,383,383.0
3,804,383,382.83710407239835
3,805,383,382.67420814479647
3,806,383,382.64977375565627
3,807,382,382.70226244343905
3,808,382,382.702262443439
3,809,383,382.7203619909504
3,810,383,382.68597285067887
3,811,383,382.7285067873304
3,812,383,382.83891402714937
3,813,383,383.0081447963802
3,814,383,383.22714932126706
3,815,383,383.3484162895929
3,816,383,383.3538461538463
3,817,384,383.4932126696835
3,818,384,383.67782805429863
3,819,384,383.8895927601811
3,820,384,384.1104072398191
3,821,384,384.3221719457014
3,822,384,384.5067873303168
3,823,385,384.6461538461539
3,824,385,384.7221719457015
3,825,385,384.8552036199095
3,826,385,384.9656108597286
3,827,385,385.04434389140283
3,828,385,385.08235294117657
3,829,385,385.0705882352942
3,830,385,385.0000000000001
3,831,385,384.92941176470606
3,832,385,384.91764705882355
3,833,385,384.95565610859734
3,834,385,385.03438914027157
3,835,385,385.1447963800906
3,836,385,385.2778280542987
3,837,385,385.4244343891405
3,838,386,385.57556561085977
3,839,386,385.72217194570135
3,840,386,385.7846153846156
3,841,386,385.88325791855215
3,842,386,386.0705882352942
3,843,386,386.19909502262453
3,844,386,386.25972850678744
3,845,386,386.24343891402725
3,846,386,386.27963800904996
3,847,387,386.2977375565611
3,848,387,386.2977375565612
3,849,386,386.2796380090499
3,850,386,386.31402714932136
3,851,386,386.2714932126698
3,852,386,386.16108597285074
3,853,386,385.99185520362
3,854,386,385.7728506787331
3,855,386,385.65158371040735
3,856,386,385.57556561085977
3,857,385,385.4244343891404
3,858,385,385.34841628959276
3,859,385,385.22714932126706
3,860,385,385.07873303167435
3,861,385,384.9918552036199
3,862,385,384.8552036199095
3,863,385,384.69592760181007
3,864,385,384.5411764705884
3,865,384,384.2090497737558
3,866,384,383.9176470588236
3,867,384,383.6760180995476
3,868,383,383.4932126696834
3,869,383,383.3782805429866
3,870,383,383.3402714932127
3,871,383,383.38823529411775
3,872,384,383.53122171945705
3,873,384,383.63981900452507
3,874,384,383.78461538461545
3,875,384,383.9656108597286
3,876,384,384.04434389140283
3,877,384,384.0823529411765
3,878,384,384.0705882352942
3,879,384,384.0000000000001
3,880,384,383.92941176470606
3,881,384,383.91764705882366
3,882,384,383.95565610859734
3,883,384,384.03438914027157
3,884,384,384.07420814479644
3,885,384,384.19547511312226
3,886,384,384.3095022624435
3,887,385,384.52760180995494
3,888,385,384.8226244343893
3,889,385,385.1674208144796
3,890,385,385.4642533936654
3,891,386,385.81538461538474
3,892,386,386.1846153846155
3,893,387,386.53574660633495
3,894,387,386.8325791855204
3,895,387,387.17737556561104
3,896,387,387.4723981900453
3,897,388,387.69049773755677
3,898,388,387.9457013574661
3,899,388,388.09049773755675
3,900,388,387.98371040723987
3,901,388,387.89321266968335
3,902,388,387.88959276018113
3,903,388,387.71402714932134
3,904,388,387.31402714932136
3,905,386,386.97556561085986
3,906,386,386.7167420814481
3,907,387,386.4262443438914
3,908,387,386.13122171945713
3,909,385,385.92941176470595
3,910,385,385.71855203619924
3,911,386,385.60542986425344
3,912,386,385.4968325791856
3,913,385,385.16108597285074
3,914,385,384.76651583710424
3,915,385,384.4081447963802
3,916,384,384.18099547511326
3,917,384,383.76470588235304
3,918,383,383.4389140271494
3,919,383,383.3420814479639
3,920,383,383.412669683258
3,921,383,383.52126696832596
3,922,384,383.7384615384616
3,923,384,384.06425339366524
3,924,385,384.36018099547516
3,925,385,384.6171945701359
3,926,385,384.817194570136
3,927,385,385.00361990950233
3,928,385,385.1493212669684
3,929,385,385.2271493212671
3,930,385,385.34841628959293
3,931,385,385.3538461538462
3,932,386,385.5638009049774
3,933,386,385.76018099547525
3,934,386,385.9339366515839
3,935,386,386.07601809954764
3,936,386,386.177375565611
3,937,386,386.2289592760182
3,938,387,386.29230769230765
3,939,386,386.22895927601826
3,940,386,386.1773755656109
3,941,386,386.07601809954764
3,942,386,385.93393665158385
3,943,386,385.7601809954753
3,944,386,385.5638009049775
3,945,385,385.3538461538461
3,946,385,385.34841628959276
3,947,385,385.22714932126706
3,948,385,385.07873303167435
3,949,385,384.9212669683259
3,950,385,384.7728506787331
3,951,385,384.65158371040724
3,952,385,384.5755656108598
3,953,384,384.4244343891403
3,954,384,384.2778280542987
3,955,384,384.1447963800906
3,956,384,384.0343891402715
3,957,384,383.95565610859734
3,958,384,383.9176470588236
3,959,384,384.0000000000001
3,960,384,384.0823529411765
3,961,384,383.97375565610866
3,962,384,383.8832579185521
3,963,384,383.81085972850684
3,964,384,383.756561085973
3,965,384,383.6497737556562
3,966,383,383.6199095022626
3,967,383,383.6579185520363
3,968,384,383.75475113122184
3,969,384,383.9719457013575
3,970,384,384.10045248868795
3,971,384,384.26968325791864
3,972,385,384.54117647058837
3,973,385,384.7764705882354
3,974,385,384.8371040723983
3,975,385,384.7846153846156
3,976,384,384.7484162895928
3,977,385,384.6579185520363
3,978,385,384.5131221719458
3,979,384,384.17285067873314
3,980,384,384.03438914027157
3,981,384,384.01809954751144
3,982,384,384.18552036199105
3,983,384,384.398190045249
3,984,384,384.5882352941178
3,985,384,384.82624434389146
3,986,386,385.0506787330318
3,987,386,385.13212669683264
3,988,386,385.1411764705884
3,989,385,385.0778280542988
3,990,385,384.9420814479639
3,991,384,384.7339366515839
3,992,384,384.52398190045267
3,993,384,384.11221719457023
3,994,384,383.91402714932144
3,995,384,383.8063348416291
3,996,384,383.8072398190046
3,997,384,383.79638009049785
3,998,384,383.85339366515853
3,999,383,383.91945701357486
3,1000,384,383.935746606335
3,1001,384,383.9113122171946
3,1002,384,383.8552036199095
3,1003,384,383.7764705882354
3,1004,384,383.6841628959277
3,1005,384,383.5873303167422
3,1006,383,383.4950226244344
3,1007,383,383.20723981900466
3,1008,383,383.06244343891416
3,1009,383,382.99004524886885
3,1010,383,382.99004524886885
3,1011,383,383.06244343891416
3,1012,383,383.20723981900466
3,1013,383,383.42443438914034
3,1014,384,383.5755656108598
3,1015,384,383.7221719457015
3,1016,384,383.8552036199097
3,1017,384,383.9804900981369
3,1018,384,384.0439560439558
3,1019,384,384.02064602064587
3,1020,384,383.94405594405606
3,1021,384,384.0000000000001
3,1022,384,383.9999999999991
3,1023,384,383.9999999999999
3,1024,384,383.74660633484166
3,1025,384,383.7909502262445
3,1026,384,383.95565610859745
3,1027,384,384.16108597285086
3,1028,384,384.39819004524895
3,1029,385,384.65791855203634
3,1030,385,384.7927601809956
3,1031,385,384.8552036199095
3,1032,385,384.89502262443443
3,1033,385,384.96199095022627
3,1034,385,385.0380090497739
3,1035,385,385.1049773755657
3,1036,385,385.0742081447965
3,1037,385,385.1954751131222
3,1038,385,385.38009049773774
3,1039,386,385.5393665158372
3,1040,386,385.78461538461556
3,1041,386,386.08868778280555
3,1042,386,386.4244343891404
3,1043,387,386.694117647059
3,1044,387,387.00000000000006
3,1045,387,387.37647058823546
3,1046,388,387.65791855203645
3,1047,388,387.9556561085974
3,1048,388,388.1809954751134
3,1049,388,388.2452488687784
3,1050,389,388.25972850678744
3,1051,389,388.4063348416292
3,1052,388,388.4669683257919
3,1053,388,388.36199095022636
3,1054,388,388.4208144796381
3,1055,388,388.43438914027155
3,1056,389,388.40271493212674
3,1057,389,388.3257918552037
3,1058,388,388.412669683258
3,1059,388,388.4723981900454
3,1060,389,388.45520361990964
3,1061,388,388.3113122171947
3,1062,388,388.0588235294119
3,1063,388,387.7158371040724
3,1064,388,387.43891402714945
3,1065,387,387.1846153846156
3,1066,387,386.9122171945703
3,1067,386,386.5809954751133
3,1068,386,386.4271493212671
3,1069,386,386.14841628959283
3,1070,386,385.8515837104073
3,1071,386,385.5728506787332
3,1072,386,385.3484162895928
3,1073,385,385.0760180995476
3,1074,385,384.85339366515853
3,1075,384,384.5692307692308
3,1076,384,384.3122171945702
3,1077,384,384.10045248868795
3,1078,384,383.88144796380107
3,1079,384,383.80271493212683
3,1080,384,383.873303167421
3,1081,384,383.96380090497746
3,1082,384,384.1447963800907
3,1083,384,384.2778280542988
3,1084,384,384.42443438914034
3,1085,385,384.50497737556566
3,1086,385,384.6398190045249
3,1087,385,384.7402714932127
3,1088,385,384.9176470588236
3,1089,385,385.14479638009067
3,1090,385,385.3945701357466
3,1091,385,385.56923076923096
3,1092,386,385.77104072398186
3,1093,386,386.10226244343903
3,1094,387,386.4651583710408
3,1095,387,386.7619909502264
3,1096,387,387.0950226244344
3,1097,387,387.4986425339368
3,1098,388,387.7366515837105
3,1099,388,387.9113122171948
3,1100,388,388.12488687782826
3,1101,388,388.2796380090498
3,1102,389,388.48687782805445
3,1103,389,388.65791855203634
3,1104,388,388.8452488687784
3,1105,389,388.90135746606353
3,1106,389,388.95565610859745
3,1107,389,388.93755656108607
3,1108,389,388.84705882352955
3,1109,389,388.68416289592767
3,1110,389,388.72850678733045
3,1111,388,388.6597285067874
3,1112,388,388.2959276018101
3,1113,388,387.9936651583712
3,1114,388,387.771040723982
3,1115,388,387.5167420814481
3,1116,388,387.25791855203624
3,1117,386,387.0217194570137
3,1118,386,386.9058823529413
3,1119,387,386.6696832579187
3,1120,387,386.48144796380103
3,1121,386,386.23891402714935
3,1122,386,385.9782805429865
3,1123,386,385.73574660633494
3,1124,386,385.5475113122173
3,1125,385,385.1728506787331
3,1126,385,384.771040723982
3,1127,384,384.4280542986427
3,1128,384,384.22986425339377
3,1129,384,384.0561085972851
3,1130,384,383.98642533936663
3,1131,384,384.0298642533938
3,1132,384,384.19547511312237
3,1133,384,384.2832579185521
3,1134,385,384.4932126696834
3,1135,385,384.7484162895928
3,1136,385,384.9719457013575
3,1137,385,385.0841628959277
3,1138,385,385.2054298642535
3,1139,385,385.3176470588236
3,1140,386,385.40271493212686
3,1141,386,385.3719457013577
3,1142,385,385.404524886878
3,1143,385,385.5411764705883
3,1144,386,385.75475113122184
3,1145,386,386.01809954751144
3,1146,386,386.30407239819016
3,1147,386,386.585520361991
3,1148,387,387.2561085972853
3,1149,388,387.70950226244355
3,1150,388,387.825339366516
3,1151,388,387.6832579185521
3,1152,388,387.43076923076933
3,1153,388,387.01538461538485
3,1154,388,386.4552036199096
3,1155,384,385.7683257918554
3,1156,384,385.1819004524887
3,1157,384,384.6615384615385
3,1158,384,384.18190045248883
3,1159,384,383.7882352941178
3,1160,384,383.5257918552038
3,1161,384,383.439819004525
3,1162,384,383.5755656108599
3,1163,383,383.3538461538463
3,1164,383,383.1954751131222
3,1165,383,383.171040723982
3,1166,383,383.1511312217195
3,1167,383,383.07420814479644
3,1168,383,383.07873303167435
3,1169,383,383.1647058823531
3,1170,384,383.33212669683263
3,1171,384,383.3719457013575
3,1172,383,383.4751131221721
3,1173,383,383.62352941176476
3,1174,384,383.7990950226246
3,1175,384,384.0542986425341
3,1176,384,384.2416289592761
3,1177,384,384.35203619909527
3,1178,385,384.51493212669703
3,1179,385,384.6597285067874
3,1180,385,384.647963800905
3,1181,385,384.4705882352942
3,1182,384,384.3864253393666
3,1183,384,384.31583710407256
3,1184,384,384.2497737556561
3,1185,384,384.17918552036207
3,1186,384,384.233484162896
3,1187,384,384.34208144796395
3,1188,385,384.57556561085977
3,1189,385,384.80452488687797
3,1190,385,384.8289592760182
3,1191,385,384.84886877828063
3,1192,385,384.85520361990973
3,1193,385,384.83891402714937
3,1194,385,384.8615384615385
3,1195,384,384.7846153846155
3,1196,384,384.7466063348417
3,1197,385,384.6859728506788
3,1198,385,384.6117647058825
3,1199,385,384.5330316742082
3,1200,385,384.4588235294118
3,1201,384,384.39819004524895
3,1202,384,384.3601809954753
3,1203,384,384.2153846153847
3,1204,384,384.0343891402715
3,1205,384,383.95565610859734
3,1206,384,383.9176470588236
3,1207,384,383.92941176470606
3,1208,384,384.0000000000001
3,1209,384,384.0000000000001
3,1210,384,384.0000000000001
3,1211,384,384.0000000000001
3,1212,384,384.0000000000001
3,1213,384,384.0705882352942
3,1214,384,384.0823529411765
3,1215,384,383.97375565610866
3,1216,384,383.8832579185521
3,1217,384,383.81085972850684
3,1218,384,383.756561085973
3,1219,384,383.7203619909503
3,1220,383,383.7022624434391
3,1221,383,383.702262443439
3,1222,384,383.7203619909503
3,1223,384,383.6859728506788
3,1224,384,383.7285067873304
3,1225,384,383.83891402714937
3,1226,384,384.0081447963803
3,1227,384,384.2271493212671
3,1228,384,384.3484162895929
3,1229,384,384.42443438914034
3,1230,385,384.5755656108599
3,1231,385,384.7221719457015
3,1232,385,384.92579185520367
3,1233,385,385.047963800905
3,1234,385,385.0180995475115
3,1235,385,384.9656108597286
3,1236,385,384.88144796380107
3,1237,385,384.75656108597315
3,1238,385,384.79095022624443
3,1239,384,384.7846153846155
3,1240,384,384.7466063348417
3,1241,385,384.6859728506788
3,1242,385,384.6117647058825
3,1243,385,384.5330316742082
3,1244,385,384.4588235294118
3,1245,384,384.39819004524895
3,1246,384,384.3601809954753
3,1247,384,384.28597285067883
3,1248,384,384.1167420814481
3,1249,384,384.0000000000002
3,1250,384,383.88325791855215
3,1251,384,383.78461538461545
3,1252,384,383.7221719457015
3,1253,384,383.5049773755658
3,1254,383,383.3420814479639
3,1255,383,383.2334841628961
3,1256,383,383.17918552036207
3,1257,383,383.24977375565624
3,1258,383,383.3158371040724
3,1259,383,383.38642533936667
3,1260,384,383.47058823529426
3,1261,384,383.57737556561096
3,1262,384,383.57737556561096
3,1263,384,383.40000000000003
3,1264,383,383.30407239819004
3,1265,383,383.2714932126698
3,1266,383,383.28416289592764
3,1267,383,383.3945701357468
3,1268,383,383.59366515837127
3,1269,383,383.7402714932129
3,1270,385,383.96380090497735
3,1271,385,384.2552036199096
3,1272,385,384.466968325792
3,1273,385,384.6374801668918
3,1274,384,384.6913086913085
3,1275,384,384.6031746031745
3,1276,385,384.4801864801868
3,1277,385,384.739393939394
3,1278,385,384.98484848484776
3,1279,385,384.9848484848483
3,1280,385,384.4570135746607
3,1281,386,384.5330316742082
3,1282,386,384.6841628959277
3,1283,384,384.8307692307694
3,1284,384,384.9638009049775
3,1285,385,385.0742081447965
3,1286,385,385.01447963800916
3,1287,385,384.83710407239835
3,1288,385,384.80090497737564
3,1289,385,384.9737556561087
3,1290,385,385.16470588235313
3,1291,385,385.11493212669694
3,1292,385,384.96561085972854
3,1293,385,384.8552036199095
3,1294,385,384.7221719457015
3,1295,385,384.5755656108598
3,1296,384,384.4244343891403
3,1297,384,384.2778280542987
3,1298,384,384.1447963800906
3,1299,384,384.0343891402715
3,1300,384,383.95565610859734
3,1301,384,383.98823529411777
3,1302,384,384.01176470588234
3,1303,384,383.97375565610866
3,1304,384,383.8832579185521
3,1305,384,383.88144796380107
3,1306,384,383.8389140271494
3,1307,384,383.76470588235304
3,1308,383,383.6678733031676
3,1309,383,383.4868778280544
3,1310,384,383.3601809954752
3,1311,384,383.3583710407241
3,1312,383,383.281447963801
3,1313,383,383.2678733031677
3,1314,383,383.3882352941178
3,1315,383,383.5131221719459
3,1316,384,383.4425339366517
3,1317,384,383.3764705882354
3,1318,383,383.44434389140275
3,1319,384,383.5755656108599
3,1320,384,383.5610859728508
3,1321,383,383.5918552036201
3,1322,383,383.6497737556562
3,1323,384,383.7167420814481
3,1324,384,383.9131221719459
3,1325,384,384.1592760180996
3,1326,384,384.30769230769243
3,1327,385,384.5493212669685
3,1328,385,384.80452488687797
3,1329,385,384.9257918552036
3,1330,385,384.9656108597286
3,1331,385,385.04434389140283
3,1332,385,385.08235294117657
3,1333,385,385.0000000000001
3,1334,385,384.91764705882355
3,1335,385,385.02624434389145
3,1336,385,385.1167420814481
3,1337,385,385.1891402714934
3,1338,385,385.2434389140273
3,1339,385,385.2796380090499
3,1340,386,385.2977375565612
3,1341,386,385.29773755656123
3,1342,385,385.2796380090498
3,1343,385,385.2434389140273
3,1344,385,385.18914027149333
3,1345,385,385.18733031674213
3,1346,385,385.10859728506784
3,1347,385,384.9619909502264
3,1348,385,384.89502262443443
3,1349,385,384.8552036199095
3,1350,385,384.7221719457015
3,1351,385,384.5755656108598
3,1352,384,384.4244343891403
3,1353,384,384.3484162895929
3,1354,384,384.22714932126706
3,1355,384,384.0787330316742
3,1356,384,383.8506787330317
3,1357,384,383.6904977375567
3,1358,384,383.67782805429874
3,1359,384,383.6923076923077
3,1360,383,383.6135746606336
3,1361,383,383.52126696832596
3,1362,383,383.4244343891404
3,1363,384,383.33212669683274
3,1364,384,383.25339366515846
3,1365,383,383.1972850678733
3,1366,383,383.10226244343903
3,1367,383,383.1067873303168
3,1368,383,383.07239819004536
3,1369,383,383.06063348416296
3,1370,383,383.06244343891416
3,1371,383,383.20723981900466
3,1372,383,383.42443438914034
3,1373,384,383.5755656108598
3,1374,384,383.6515837104074
3,1375,384,383.7728506787333
3,1376,384,383.92126696832594
3,1377,384,384.0787330316744
3,1378,384,384.2271493212671
3,1379,384,384.419004524887
3,1380,384,384.5067873303168
3,1381,385,384.5493212669685
3,1382,385,384.6054298642535
3,1383,385,384.66606334841646
3,1384,385,384.72217194570146
3,1385,385,384.76470588235316
3,1386,384,384.7846153846155
3,1387,384,384.7728506787332
3,1388,385,384.7909502262445
3,1389,385,384.8389140271494
3,1390,385,384.8552036199096
3,1391,385,384.84886877828075
3,1392,385,384.8289592760183
3,1393,385,384.80452488687797
3,1394,385,384.64615384615394
3,1395,384,384.4244343891403
3,1396,384,384.2778280542987
3,1397,384,384.1447963800906
3,1398,384,384.0343891402715
3,1399,384,383.95565610859734
3,1400,384,383.9176470588236
3,1401,384,383.92941176470606
3,1402,384,384.0000000000001
3,1403,384,384.0000000000001
3,1404,384,384.0705882352942
3,1405,384,384.0823529411765
3,1406,384,383.97375565610866
3,1407,384,383.8832579185521
3,1408,384,383.81085972850684
3,1409,384,383.8271493212671
3,1410,384,383.80271493212683
3,1411,383,383.7466063348418
3,1412,383,383.6678733031674
3,1413,384,383.5049773755659
3,1414,384,383.39638009049787
3,1415,384,383.34208144796395
3,1416,383,383.3420814479639
3,1417,383,383.3963800904978
3,1418,383,383.5049773755658
3,1419,383,383.52941176470597
3,1420,384,383.53122171945705
3,1421,384,383.63981900452507
3,1422,384,383.78461538461545
3,1423,384,383.9656108597286
3,1424,384,384.04434389140283
3,1425,384,384.0117647058824
3,1426,384,383.98823529411777
3,1427,384,383.95565610859734
3,1428,384,384.03438914027157
3,1429,384,384.1447963800907
3,1430,384,384.2778280542988
3,1431,384,384.42443438914034
3,1432,385,384.64615384615394
3,1433,385,384.80452488687797
3,1434,385,384.8289592760182
3,1435,385,384.84886877828063
3,1436,385,384.9257918552038
3,1437,385,384.921266968326
3,1438,385,384.8352941176471
3,1439,384,384.6678733031674
3,1440,384,384.5574660633486
3,1441,385,384.44253393665167
3,1442,385,384.33212669683274
3,1443,384,384.2352941176472
3,1444,384,384.1610859728508
3,1445,384,384.1185520361992
3,1446,384,384.1167420814481
3,1447,384,384.0262443438915
3,1448,384,383.9176470588236
3,1449,384,384.0000000000001
3,1450,384,384.0823529411765
3,1451,384,384.04434389140283
3,1452,384,383.9656108597286
3,1453,384,383.8552036199096
3,1454,384,383.7221719457015
3,1455,384,383.5049773755658
3,1456,383,383.3420814479639
3,1457,383,383.30407239819
3,1458,383,383.26153846153846
3,1459,383,383.2235294117648
3,1460,383,383.19909502262453
3,1461,383,383.19728506787345
3,1462,384,383.22714932126706
3,1463,384,383.22714932126706
3,1464,383,383.1972850678735
3,1465,383,383.1990950226246
3,1466,383,383.22352941176484
3,1467,383,383.1909502262445
3,1468,383,383.22171945701365
3,1469,383,383.2977375565611
3,1470,384,383.53936651583723
3,1471,384,383.8669683257919
3,1472,384,384.1330316742082
3,1473,384,384.3900452488689
3,1474,385,384.6904977375566
3,1475,385,384.88687782805437
3,1476,385,384.9701357466064
3,1477,385,384.93122171945714
3,1478,385,384.82895927601817
3,1479,385,384.7221719457016
3,1480,385,384.67239819004527
3,1481,384,384.54117647058837
3,1482,384,384.39638009049787
3,1483,384,384.30588235294135
3,1484,384,384.3402714932127
3,1485,385,384.37013574660637
3,1486,385,384.40452488687794
3,1487,384,384.45248868778293
3,1488,384,384.5230769230771
3,1489,385,384.48687782805445
3,1490,385,384.41447963800925
3,1491,384,384.3058823529413
3,1492,384,384.2316742081448
3,1493,384,384.20090497737567
3,1494,384,384.1610859728508
3,1495,384,383.9918552036201
3,1496,384,383.7728506787333
3,1497,384,383.5809954751131
3,1498,384,383.49321266968326
3,1499,383,383.4506787330319
3,1500,383,383.3945701357467
3,1501,383,383.33393665158377
3,1502,383,383.2778280542986
3,1503,383,383.2352941176471
3,1504,384,383.2153846153847
3,1505,384,383.1565610859729
3,1506,383,383.1972850678735
3,1507,383,383.2696832579186
3,1508,383,383.30588235294135
3,1509,383,383.23529411764713
3,1510,383,383.1873303167422
3,1511,383,383.15294117647073
3,1512,384,383.2615384615386
3,1513,384,383.4425339366517
3,1514,383,383.55746606334844
3,1515,383,383.6678733031675
3,1516,384,383.76470588235287
3,1517,384,383.8389140271494
3,1518,384,383.81085972850684
3,1519,384,383.80090497737575
3,1520,384,384.0000000000002
3,1521,384,384.1990950226245
3,1522,384,384.2597285067874
3,1523,384,384.2434389140272
3,1524,384,384.27963800904985
3,1525,385,384.2977375565612
3,1526,385,384.2977375565611
3,1527,384,384.2796380090498
3,1528,384,384.17285067873314
3,1529,384,384.0665217135804
3,1530,384,383.92707292707286
3,1531,384,383.81784881784876
3,1532,384,383.916083916084
3,1533,384,384.10909090909087
3,1534,384,384.2828282828275
3,1535,385,384.89393939393943
3,1536,385,384.2497737556562
3,1537,385,384.4307692307694
3,1538,385,384.58733031674217
3,1539,385,384.5873303167421
3,1540,384,384.56923076923084
3,1541,384,384.5330316742083
3,1542,385,384.3402714932127
3,1543,385,384.0524886877829
3,1544,383,383.93755656108607
3,1545,383,383.86334841628974
3,1546,384,383.8389140271493
3,1547,384,383.8027149321268
3,1548,384,383.7547511312218
3,1549,384,383.8271493212671
3,1550,384,384.0199095022626
3,1551,384,384.2714932126699
3,1552,384,384.31402714932136
3,1553,384,384.350226244344
3,1554,385,384.3800904977376
3,1555,385,384.3420814479639
3,1556,384,384.2452488687783
3,1557,384,384.09864253393675
3,1558,384,383.9113122171947
3,1559,384,383.6217194570136
3,1560,383,383.3683257918553
3,1561,383,383.15113122171954
3,1562,383,383.17918552036207
3,1563,383,383.26153846153863
3,1564,383,383.2778280542988
3,1565,383,383.30769230769243
3,1566,384,383.3601809954753
3,1567,384,383.44434389140275
3,1568,384,383.3601809954752
3,1569,383,383.30769230769243
3,1570,383,383.3484162895928
3,1571,383,383.343891402715
3,1572,383,383.29411764705895
3,1573,383,383.19909502262453
3,1574,383,383.19728506787345
3,1575,384,383.22714932126706
3,1576,384,383.22714932126706
3,1577,383,383.1972850678735
3,1578,383,383.1990950226246
3,1579,383,383.22352941176484
3,1580,383,383.3321266968327
3,1581,383,383.38642533936667
3,1582,383,383.4591291061877
3,1583,384,383.6843156843156
3,1584,384,383.8761238761237
3,1585,384,383.97086247086264
3,1586,384,383.881351981352
3,1587,383,383.47979797979707
3,1588,383,382.8333333333333
