channel,index,raw,filtered
1,0,386,381.33333333333314
1,1,386,386.0952380952381
1,2,386,386.95238095238085
1,3,386,383.33333333333314
1,4,378,380.6666666666666
1,5,378,378.28571428571416
1,6,378,377.2857142857143
1,7,378,378.4285714285712
1,8,379,378.6190476190474
1,9,379,378.6190476190474
1,10,378,378.4285714285712
1,11,378,377.95238095238085
1,12,378,377.95238095238096
1,13,378,378.52380952380946
1,14,379,378.57142857142844
1,15,379,378.0952380952379
1,16,377,377.85714285714266
1,17,377,378.0476190476189
1,18,379,377.99999999999994
1,19,379,377.9047619047617
1,20,376,377.2857142857141
1,21,376,376.09523809523796
1,22,376,375.4761904761903
1,23,375,375.2857142857142
1,24,375,374.71428571428567
1,25,374,374.2380952380951
1,26,374,374.2380952380952
1,27,374,373.80952380952374
1,28,374,373.23809523809507
1,29,372,372.71428571428555
1,30,372,372.5238095238095
1,31,373,372.4285714285713
1,32,373,372.7142857142856
1,33,372,372.3809523809521
1,34,372,371.6190476190477
1,35,371,371.28571428571416
1,36,371,371.38095238095224
1,37,372,371.5714285714285
1,38,372,371.95238095238074
1,39,372,372.0952380952379
1,40,372,371.90476190476187
1,41,372,372.0476190476188
1,42,372,372.2380952380952
1,43,373,372.61904761904754
1,44,373,373.3333333333332
1,45,374,373.90476190476164
1,46,375,374.71428571428567
1,47,375,375.6190476190476
1,48,377,376.4761904761904
1,49,377,377.142857142857
1,50,378,377.90476190476187
1,51,378,378.2857142857143
1,52,379,378.76190476190465
1,53,379,378.95238095238085
1,54,379,379.095238095238
1,55,379,378.90476190476176
1,56,379,379.047619047619
1,57,379,379.33333333333314
1,58,380,379.66666666666646
1,59,380,379.9523809523808
1,60,380,380.095238095238
1,61,380,379.99999999999983
1,62,380,379.99999999999983
1,63,380,380.09523809523813
1,64,380,380.14285714285705
1,65,380,379.5714285714286
1,66,379,378.8571428571428
1,67,377,377.61904761904754
1,68,377,376.42857142857133
1,69,375,375.4285714285713
1,70,375,374.95238095238085
1,71,374,374.0476190476188
1,72,374,373.28571428571416
1,73,372,372.6190476190475
1,74,372,372.5238095238095
1,75,373,372.4285714285713
1,76,373,372.5238095238095
1,77,372,372.47619047619037
1,78,372,372.1904761904761
1,79,373,372.6666666666667
1,80,373,373.5238095238094
1,81,375,374.47619047619054
1,82,375,375.0476190476189
1,83,376,375.95238095238085
1,84,376,376.6190476190475
1,85,378,377.2380952380951
1,86,378,377.99999999999983
1,87,378,378.8571428571428
1,88,380,379.33333333333326
1,89,380,379.90476190476187
1,90,380,380.19047619047615
1,91,380,380.09523809523813
1,92,380,379.9523809523809
1,93,380,379.6666666666664
1,94,379,379.33333333333314
1,95,379,379.3333333333333
1,96,379,378.76190476190465
1,97,379,378.0
1,98,376,376.99999999999994
1,99,376,376.33333333333314
1,100,376,375.61904761904736
1,101,376,375.33333333333326
1,102,374,374.6666666666666
1,103,374,374.2857142857141
1,104,374,373.8095238095237
1,105,374,373.2857142857141
1,106,372,372.142857142857
1,107,371,371.52380952380935
1,108,371,371.5238095238094
1,109,373,372.23809523809524
1,110,373,372.90476190476176
1,111,373,372.9047619047618
1,112,373,373.1428571428571
1,113,373,373.99999999999983
1,114,376,374.8095238095236
1,115,376,375.95238095238085
1,116,376,376.8571428571429
1,117,378,377.38095238095224
1,118,378,378.23809523809507
1,119,379,378.7619047619048
1,120,379,378.9999999999999
1,121,379,379.61904761904754
1,122,380,379.5714285714286
1,123,380,379.3809523809523
1,124,378,378.7142857142855
1,125,378,377.8571428571427
1,126,377,377.0952380952379
1,127,377,376.9047619047619
1,128,376,376.14285714285705
1,129,376,375.5714285714284
1,130,374,374.4761904761903
1,131,374,373.4285714285713
1,132,372,372.47619047619037
1,133,372,372.09523809523785
1,134,372,371.80952380952374
1,135,372,371.9999999999999
1,136,372,371.9999999999999
1,137,372,371.90476190476187
1,138,372,372.0476190476188
1,139,372,372.2380952380952
1,140,373,372.7142857142856
1,141,373,373.19047619047615
1,142,374,373.80952380952357
1,143,374,374.0952380952379
1,144,375,374.8571428571426
1,145,375,375.42857142857133
1,146,377,376.5238095238096
1,147,377,377.57142857142844
1,148,379,378.4285714285714
1,149,379,378.95238095238085
1,150,379,379.6190476190474
1,151,380,379.6190476190474
1,152,380,379.8095238095237
1,153,379,379.3333333333332
1,154,379,378.28571428571405
1,155,377,377.61904761904765
1,156,377,377.71428571428567
1,157,378,377.3333333333332
1,158,378,376.9523809523809
1,159,375,376.095238095238
1,160,375,375.33333333333314
1,161,375,374.61904761904736
1,162,375,374.4285714285712
1,163,373,373.61904761904754
1,164,373,372.76190476190476
1,165,372,372.14285714285717
1,166,372,372.0476190476189
1,167,372,371.7142857142856
1,168,372,372.0952380952379
1,169,372,372.5714285714285
1,170,374,373.38095238095235
1,171,374,374.14285714285705
1,172,375,374.90476190476176
1,173,375,375.190476190476
1,174,376,375.8095238095238
1,175,376,376.1904761904761
1,176,377,376.80952380952374
1,177,377,377.1904761904759
1,178,378,377.8095238095237
1,179,378,378.190476190476
1,180,379,378.8095238095237
1,181,379,379.1904761904761
1,182,380,379.8095238095238
1,183,380,380.4761904761904
1,184,381,380.6666666666666
1,185,381,380.4761904761904
1,186,379,379.6666666666664
1,187,379,378.6190476190475
1,188,377,377.57142857142844
1,189,377,376.33333333333326
1,190,375,374.8095238095235
1,191,373,373.76190476190476
1,192,373,372.99999999999983
1,193,373,372.7619047619046
1,194,373,372.6666666666665
1,195,372,372.3333333333332
1,196,372,372.0476190476189
1,197,372,371.9047619047618
1,198,372,371.9999999999999
1,199,372,371.9999999999999
1,200,372,371.71428571428567
1,201,372,372.1428571428571
1,202,372,372.90476190476187
1,203,375,374.0476190476189
1,204,375,374.99999999999994
1,205,376,376.04761904761904
1,206,376,376.52380952380935
1,207,378,377.47619047619037
1,208,378,378.14285714285694
1,209,379,378.90476190476187
1,210,379,379.2857142857143
1,211,380,379.95238095238096
1,212,380,379.8571428571428
1,213,380,379.42857142857133
1,214,378,378.66666666666646
1,215,378,378.19047619047603
1,216,378,377.7619047619047
1,217,378,377.8571428571428
1,218,377,377.2380952380953
1,219,377,376.57142857142844
1,220,375,375.4761904761903
1,221,375,374.4285714285714
1,222,373,373.4761904761904
1,223,373,373.19047619047615
1,224,373,372.7619047619046
1,225,373,372.76190476190476
1,226,372,372.28571428571405
1,227,372,371.6190476190477
1,228,371,371.28571428571416
1,229,371,371.28571428571416
1,230,372,371.6190476190475
1,231,372,372.0952380952379
1,232,373,372.8571428571427
1,233,373,373.5238095238094
1,234,375,374.47619047619054
1,235,375,375.0476190476189
1,236,376,375.95238095238085
1,237,376,376.52380952380935
1,238,378,377.47619047619037
1,239,378,378.14285714285694
1,240,379,378.90476190476187
1,241,379,379.2857142857143
1,242,380,379.76190476190465
1,243,380,380.0476190476189
1,244,380,380.047619047619
1,245,380,379.6666666666664
1,246,379,379.4285714285714
1,247,379,378.99999999999983
1,248,379,378.7619047619047
1,249,378,378.2380952380952
1,250,378,377.57142857142844
1,251,376,376.47619047619037
1,252,376,375.5238095238094
1,253,374,374.45714285714314
1,254,374,373.79999999999984
1,255,373,373.15
1,256,373,372.3333333333332
1,257,372,372.2857142857142
1,258,372,372.14285714285705
1,259,372,371.9047619047618
1,260,372,371.80952380952374
1,261,372,372.0952380952379
1,262,372,372.3809523809522
1,263,374,373.47619047619025
1,264,374,374.9047619047617
1,265,377,376.19047619047603
1,266,377,376.66666666666663
1,267,377,377.3809523809522
1,268,377,377.57142857142827
1,269,379,378.28571428571416
1,270,379,379.2857142857141
1,271,380,380.2857142857143
1,272,381,380.57142857142844
1,273,381,380.71428571428555
1,274,380,380.4285714285713
1,275,380,380.2380952380951
1,276,380,379.8095238095237
1,277,380,379.4285714285712
1,278,378,378.6190476190475
1,279,378,377.9523809523809
1,280,377,377.0476190476189
1,281,377,376.4761904761903
1,282,375,375.5238095238094
1,283,375,374.95238095238085
1,284,374,374.0476190476188
1,285,374,373.47619047619037
1,286,372,372.5238095238094
1,287,372,371.6666666666666
1,288,371,371.09523809523796
1,289,371,371.42857142857133
1,290,372,371.71428571428555
1,291,373,372.7142857142856
1,292,373,373.5238095238095
1,293,375,374.52380952380935
1,294,375,375.47619047619037
1,295,377,376.5714285714285
1,296,377,377.142857142857
1,297,378,377.90476190476187
1,298,378,378.190476190476
1,299,379,378.8095238095237
1,300,379,379.1904761904761
1,301,380,379.8095238095238
1,302,380,380.3809523809521
1,303,381,380.71428571428555
1,304,381,380.6190476190474
1,305,380,380.4285714285713
1,306,380,380.3333333333333
1,307,380,379.7619047619046
1,308,380,378.99999999999994
1,309,377,378.0
1,310,377,377.4285714285714
1,311,377,376.6666666666666
1,312,377,375.95238095238085
1,313,374,374.7619047619046
1,314,373,373.42857142857133
1,315,373,372.1428571428571
1,316,372,372.3809523809523
1,317,372,373.047619047619
1,318,375,373.9047619047618
1,319,375,374.95238095238074
1,320,375,375.2380952380951
1,321,375,374.6666666666665
1,322,374,374.0476190476189
1,323,374,374.19047619047615
1,324,374,374.8095238095236
1,325,377,376.047619047619
1,326,377,376.99999999999994
1,327,378,378.0476190476188
1,328,378,378.6190476190476
1,329,380,379.4285714285714
1,330,380,379.9999999999999
1,331,380,380.14285714285705
1,332,380,379.6666666666664
1,333,379,379.33333333333314
1,334,379,379.2380952380951
1,335,379,378.80952380952385
1,336,379,378.4285714285712
1,337,377,377.6190476190474
1,338,377,376.8571428571428
1,339,376,376.0952380952379
1,340,376,375.8095238095237
1,341,375,375.19047619047603
1,342,375,374.80952380952374
1,343,374,374.2857142857141
1,344,374,373.6666666666666
1,345,373,372.9047619047618
1,346,372,372.3809523809523
1,347,372,371.95238095238085
1,348,372,371.9047619047618
1,349,372,371.90476190476187
1,350,372,372.0476190476188
1,351,372,372.3333333333332
1,352,373,372.66666666666663
1,353,373,372.6666666666666
1,354,373,373.2380952380951
1,355,373,373.99999999999983
1,356,376,374.9999999999999
1,357,376,375.5714285714284
1,358,376,376.42857142857133
1,359,376,376.99999999999994
1,360,379,377.99999999999983
1,361,379,378.66666666666646
1,362,379,379.3809523809524
1,363,379,379.6666666666666
1,364,381,380.4285714285712
1,365,381,380.8571428571427
1,366,381,380.95238095238085
1,367,380,380.28571428571416
1,368,380,380.0
1,369,379,379.095238095238
1,370,379,378.2380952380952
1,371,376,376.8095238095237
1,372,376,375.5714285714284
1,373,374,374.3333333333332
1,374,374,373.8571428571427
1,375,373,373.0952380952379
1,376,373,372.61904761904754
1,377,372,372.2857142857143
1,378,372,372.47619047619025
1,379,373,372.5238095238094
1,380,373,372.6190476190475
1,381,372,372.238095238095
1,382,372,372.14285714285705
1,383,372,372.57142857142856
1,384,374,373.33333333333326
1,385,374,373.7142857142857
1,386,374,374.2857142857141
1,387,374,374.6666666666665
1,388,376,375.33333333333326
1,389,376,375.71428571428567
1,390,376,376.2857142857142
1,391,376,376.57142857142844
1,392,378,377.38095238095224
1,393,378,378.3333333333331
1,394,379,378.8095238095237
1,395,379,378.6190476190474
1,396,378,378.4285714285712
1,397,378,378.142857142857
1,398,378,377.8571428571427
1,399,378,377.7619047619048
1,400,377,377.2857142857141
1,401,377,376.9047619047619
1,402,376,376.14285714285705
1,403,376,375.38095238095224
1,404,374,374.76190476190465
1,405,374,374.0000000000001
1,406,374,373.1428571428571
1,407,372,372.6666666666666
1,408,372,372.09523809523785
1,409,372,371.80952380952374
1,410,372,371.9999999999999
1,411,372,371.9999999999999
1,412,372,371.90476190476187
1,413,372,372.0476190476188
1,414,372,372.1428571428571
1,415,373,372.7619047619046
1,416,373,373.42857142857133
1,417,375,374.52380952380935
1,418,375,375.47619047619037
1,419,377,376.5714285714285
1,420,377,377.142857142857
1,421,378,377.90476190476187
1,422,378,378.190476190476
1,423,379,378.8095238095237
1,424,379,379.1904761904761
1,425,380,379.8095238095238
1,426,380,380.2857142857142
1,427,381,380.66666666666646
1,428,381,380.9999999999998
1,429,381,381.5238095238094
1,430,382,381.6190476190475
1,431,382,381.7142857142856
1,432,381,381.38095238095246
1,433,381,380.9047619047618
1,434,380,380.14285714285705
1,435,380,379.4761904761904
1,436,378,378.5238095238094
1,437,378,378.0476190476189
1,438,377,376.99999999999994
1,439,377,376.2380952380952
1,440,374,374.80952380952374
1,441,374,373.4761904761904
1,442,372,372.38095238095224
1,443,372,372.1904761904761
1,444,372,371.5714285714285
1,445,372,371.7619047619046
1,446,371,371.80952380952374
1,447,373,372.47619047619037
1,448,373,373.3809523809523
1,449,375,374.5714285714285
1,450,375,375.14285714285694
1,451,376,375.9047619047617
1,452,376,376.095238095238
1,453,377,376.8571428571427
1,454,377,377.61904761904754
1,455,379,378.4285714285713
1,456,379,378.8095238095236
1,457,379,379.2380952380952
1,458,379,379.33333333333314
1,459,380,379.66666666666646
1,460,380,380.0476190476189
1,461,380,380.047619047619
1,462,380,379.6666666666664
1,463,379,379.33333333333314
1,464,379,379.2380952380951
1,465,379,378.90476190476187
1,466,379,378.2857142857141
1,467,377,377.52380952380946
1,468,376,376.3333333333333
1,469,376,375.38095238095224
1,470,374,374.4761904761903
1,471,374,373.4285714285713
1,472,372,372.47619047619037
1,473,372,372.09523809523785
1,474,372,371.80952380952374
1,475,372,371.9999999999999
1,476,372,371.9999999999999
1,477,372,371.90476190476187
1,478,372,372.0476190476188
1,479,372,372.1428571428571
1,480,373,372.7619047619046
1,481,373,373.5238095238094
1,482,375,374.47619047619054
1,483,375,374.9523809523808
1,484,376,375.9999999999999
1,485,376,376.8571428571427
1,486,379,378.047619047619
1,487,379,379.2380952380952
1,488,380,380.38095238095224
1,489,381,380.57142857142844
1,490,381,380.71428571428555
1,491,380,380.4285714285713
1,492,380,380.04761904761887
1,493,380,379.9047619047617
1,494,380,380.1904761904761
1,495,380,379.90476190476187
1,496,380,379.4285714285712
1,497,378,378.6190476190475
1,498,378,377.7619047619047
1,499,377,377.1428571428572
1,500,377,377.3333333333333
1,501,377,376.76190476190465
1,502,377,376.09523809523796
1,503,374,374.9523809523808
1,504,374,373.9047619047618
1,505,373,372.99999999999994
1,506,373,372.80952380952357
1,507,372,372.095238095238
1,508,372,371.76190476190476
1,509,371,371.4857142857143
1,510,372,371.6571428571427
1,511,372,372.15000000000003
1,512,372,372.0476190476188
1,513,372,372.1428571428571
1,514,373,372.7619047619046
1,515,373,373.6190476190474
1,516,375,374.4285714285713
1,517,375,374.90476190476176
1,518,375,374.9999999999999
1,519,375,375.0952380952381
1,520,375,375.47619047619037
1,521,377,376.42857142857133
1,522,377,377.57142857142844
1,523,379,378.6190476190475
1,524,379,378.8571428571428
1,525,379,378.9523809523808
1,526,378,378.28571428571416
1,527,378,377.9047619047617
1,528,377,377.142857142857
1,529,377,376.4761904761903
1,530,375,375.5238095238094
1,531,375,374.8571428571427
1,532,374,374.09523809523796
1,533,374,373.7142857142856
1,534,373,373.2380952380951
1,535,373,373.0476190476189
1,536,373,372.9047619047618
1,537,373,372.8095238095237
1,538,373,373.095238095238
1,539,373,373.5714285714285
1,540,375,374.3809523809524
1,541,375,375.14285714285694
1,542,376,375.6190476190475
1,543,376,376.4285714285712
1,544,377,377.7619047619046
1,545,380,378.9523809523808
1,546,380,379.7619047619046
1,547,380,380.38095238095224
1,548,380,380.66666666666646
1,549,382,381.3333333333332
1,550,382,381.99999999999994
1,551,382,382.142857142857
1,552,382,381.76190476190465
1,553,381,381.2857142857142
1,554,381,380.9047619047618
1,555,380,380.14285714285705
1,556,380,379.4761904761904
1,557,378,378.5238095238094
1,558,378,377.9523809523809
1,559,377,377.0476190476189
1,560,377,376.2857142857141
1,561,375,375.6190476190475
1,562,375,375.80952380952374
1,563,376,375.2857142857142
1,564,376,374.5238095238094
1,565,372,373.4761904761904
1,566,372,372.71428571428555
1,567,373,372.09523809523796
1,568,373,372.3333333333332
1,569,371,371.90476190476176
1,570,372,371.8571428571428
1,571,372,372.3333333333331
1,572,374,373.4761904761904
1,573,374,374.0476190476189
1,574,375,374.9523809523807
1,575,375,375.52380952380935
1,576,377,376.4761904761904
1,577,377,377.142857142857
1,578,378,377.90476190476187
1,579,378,378.190476190476
1,580,379,378.8095238095237
1,581,379,379.2857142857143
1,582,380,379.76190476190465
1,583,380,380.0476190476189
1,584,380,380.047619047619
1,585,380,379.6666666666664
1,586,379,379.4285714285714
1,587,379,378.99999999999983
1,588,379,378.7619047619047
1,589,378,378.2380952380952
1,590,378,377.47619047619025
1,591,376,376.52380952380935
1,592,376,375.8571428571427
1,593,375,375.09523809523796
1,594,375,374.90476190476176
1,595,374,374.142857142857
1,596,374,373.38095238095235
1,597,372,372.5714285714285
1,598,372,372.09523809523785
1,599,372,371.80952380952374
1,600,372,371.9999999999999
1,601,372,371.9999999999999
1,602,372,371.90476190476187
1,603,372,372.0476190476188
1,604,372,372.3333333333332
1,605,373,372.66666666666663
1,606,373,372.6666666666666
1,607,373,373.2380952380951
1,608,373,373.99999999999983
1,609,376,374.8095238095236
1,610,376,375.95238095238085
1,611,376,376.76190476190465
1,612,378,377.4285714285713
1,613,378,378.57142857142844
1,614,380,379.5238095238094
1,615,380,379.90476190476187
1,616,380,380.19047619047615
1,617,380,379.99999999999983
1,618,380,379.99999999999983
1,619,380,380.09523809523813
1,620,380,379.9523809523809
1,621,380,379.85714285714283
1,622,379,379.2380952380952
1,623,379,378.57142857142844
1,624,377,377.4761904761904
1,625,377,376.52380952380946
1,626,375,375.6190476190475
1,627,375,374.66666666666646
1,628,374,373.57142857142844
1,629,372,372.6666666666666
1,630,372,371.6666666666667
1,631,371,371.1428571428571
1,632,371,371.047619047619
1,633,371,370.90476190476176
1,634,371,370.8095238095237
1,635,371,371.095238095238
1,636,371,371.6666666666665
1,637,373,372.33333333333326
1,638,373,372.61904761904754
1,639,373,373.33333333333326
1,640,373,373.80952380952374
1,641,376,375.09523809523813
1,642,376,376.4285714285714
1,643,378,377.6666666666665
1,644,378,378.23809523809507
1,645,379,378.85714285714266
1,646,379,378.76190476190465
1,647,379,379.19047619047586
1,648,379,379.7619047619046
1,649,381,380.285714285714
1,650,381,380.6666666666666
1,651,380,380.4761904761904
1,652,380,379.8095238095237
1,653,379,379.2857142857143
1,654,379,378.66666666666646
1,655,378,377.9999999999999
1,656,377,377.33333333333326
1,657,377,376.80952380952374
1,658,376,376.14285714285705
1,659,376,375.4761904761903
1,660,374,374.52380952380946
1,661,374,373.8571428571427
1,662,373,373.0952380952379
1,663,373,372.7142857142856
1,664,372,372.2380952380952
1,665,372,372.0476190476189
1,666,372,371.9047619047618
1,667,372,371.90476190476187
1,668,372,372.0476190476188
1,669,372,372.2380952380952
1,670,373,372.7142857142856
1,671,373,372.9999999999999
1,672,374,373.9047619047618
1,673,374,374.8571428571427
1,674,377,376.047619047619
1,675,377,377.2380952380952
1,676,378,378.19047619047615
1,677,379,378.6666666666666
1,678,379,379.28571428571405
1,679,380,379.8095238095238
1,680,380,380.2857142857142
1,681,381,380.7619047619047
1,682,381,381.04761904761887
1,683,381,381.04761904761887
1,684,381,380.6666666666666
1,685,380,380.33333333333314
1,686,380,380.2380952380951
1,687,380,379.8095238095237
1,688,380,379.4285714285712
1,689,378,378.6190476190475
1,690,378,378.14285714285694
1,691,377,376.95238095238085
1,692,377,375.8095238095238
1,693,373,374.1904761904761
1,694,373,372.76190476190465
1,695,372,371.99999999999994
1,696,372,372.2857142857141
1,697,373,372.6190476190475
1,698,373,373.19047619047615
1,699,374,373.7142857142856
1,700,374,374.3333333333332
1,701,375,374.9047619047617
1,702,376,375.71428571428567
1,703,376,376.61904761904754
1,704,378,377.47619047619037
1,705,378,378.0476190476188
1,706,379,378.9523809523809
1,707,379,379.61904761904754
1,708,381,380.42857142857144
1,709,381,380.9047619047618
1,710,381,381.1904761904761
1,711,381,380.9999999999999
1,712,381,380.9999999999999
1,713,381,381.19047619047603
1,714,381,380.9047619047619
1,715,381,380.4285714285712
1,716,379,379.6190476190475
1,717,379,378.8571428571428
1,718,378,378.2857142857142
1,719,378,377.6190476190476
1,720,377,376.6666666666665
1,721,375,375.6666666666666
1,722,375,374.66666666666663
1,723,374,374.23809523809507
1,724,374,373.9999999999998
1,725,374,373.3809523809523
1,726,373,373.42857142857133
1,727,373,373.7142857142857
1,728,375,374.2380952380952
1,729,375,374.90476190476176
1,730,375,374.9047619047617
1,731,375,375.1428571428571
1,732,375,375.8095238095237
1,733,378,377.0952380952381
1,734,378,378.4285714285714
1,735,380,379.6666666666666
1,736,380,380.2380952380952
1,737,381,380.8571428571427
1,738,381,380.95238095238096
1,739,381,381.1904761904761
1,740,381,380.95238095238085
1,741,381,380.9523809523809
1,742,380,380.1904761904762
1,743,380,379.2380952380951
1,744,377,377.8095238095237
1,745,377,376.47619047619037
1,746,375,375.3809523809522
1,747,375,375.2857142857141
1,748,375,374.7142857142855
1,749,375,374.4285714285712
1,750,373,373.61904761904754
1,751,373,372.76190476190476
1,752,372,372.14285714285717
1,753,372,371.95238095238085
1,754,372,371.9523809523808
1,755,372,372.3333333333332
1,756,373,372.66666666666663
1,757,373,372.95238095238085
1,758,373,373.095238095238
1,759,373,372.7142857142856
1,760,373,373.1428571428571
1,761,373,373.99999999999983
1,762,376,374.8095238095236
1,763,376,375.95238095238085
1,764,376,376.76190476190465
1,765,378,377.25714285714304
1,766,378,378.45714285714274
1,767,380,379.8
1,768,380,377.23809523809524
1,769,380,379.6666666666665
1,770,380,381.1904761904761
1,771,381,380.6190476190476
1,772,381,380.6190476190474
1,773,380,380.4285714285713
1,774,380,380.3333333333333
1,775,380,379.7619047619046
1,776,380,379.0952380952381
1,777,377,377.95238095238085
1,778,377,377.0952380952379
1,779,376,375.9047619047617
1,780,376,375.047619047619
1,781,373,373.99999999999994
1,782,373,373.09523809523796
1,783,373,372.3809523809523
1,784,372,372.3333333333332
1,785,372,371.8571428571427
1,786,372,371.99999999999983
1,787,372,372.5714285714285
1,788,374,373.38095238095235
1,789,374,374.0476190476189
1,790,375,374.9523809523807
1,791,375,375.52380952380935
1,792,377,376.4761904761904
1,793,377,377.142857142857
1,794,378,377.90476190476187
1,795,378,378.09523809523796
1,796,379,378.8571428571428
1,797,379,379.61904761904754
1,798,381,380.42857142857144
1,799,381,380.9999999999999
1,800,381,381.142857142857
1,801,381,380.6666666666666
1,802,380,380.5238095238094
1,803,380,379.9523809523809
1,804,380,379.2380952380951
1,805,378,378.66666666666646
1,806,378,378.3809523809523
1,807,378,377.6666666666665
1,808,378,377.0952380952379
1,809,375,375.9523809523809
1,810,375,374.9047619047617
1,811,374,373.99999999999994
1,812,374,373.80952380952357
1,813,373,373.19047619047615
1,814,373,372.7142857142856
1,815,372,372.2380952380952
1,816,372,371.95238095238085
1,817,372,371.9523809523808
1,818,372,372.04761904761887
1,819,373,372.80952380952374
1,820,373,373.9523809523808
1,821,376,374.90476190476187
1,822,376,375.95238095238085
1,823,376,376.8571428571429
1,824,378,377.38095238095224
1,825,378,378.14285714285694
1,826,379,378.90476190476187
1,827,379,379.1904761904761
1,828,380,379.8095238095238
1,829,380,380.2857142857142
1,830,381,380.7619047619047
1,831,381,381.04761904761887
1,832,381,381.04761904761887
1,833,381,380.7619047619047
1,834,380,380.28571428571416
1,835,380,379.9047619047617
1,836,379,379.14285714285705
1,837,379,378.4761904761905
1,838,377,377.52380952380946
1,839,377,376.95238095238096
1,840,376,376.0476190476189
1,841,376,375.4761904761903
1,842,374,374.52380952380946
1,843,374,373.76190476190476
1,844,373,373.2380952380951
1,845,373,372.99999999999994
1,846,373,372.57142857142856
1,847,372,372.3333333333332
1,848,372,371.7619047619047
1,849,372,372.04761904761887
1,850,372,372.90476190476187
1,851,375,374.0476190476189
1,852,375,374.99999999999994
1,853,376,376.04761904761904
1,854,376,376.52380952380935
1,855,378,377.47619047619037
1,856,378,378.14285714285694
1,857,379,378.90476190476187
1,858,379,379.1904761904761
1,859,380,379.9047619047617
1,860,380,380.2380952380951
1,861,381,380.4285714285713
1,862,380,380.28571428571416
1,863,380,380.238095238095
1,864,380,379.8571428571428
1,865,380,379.6666666666664
1,866,379,379.33333333333314
1,867,379,379.2380952380951
1,868,379,378.80952380952385
1,869,379,378.4285714285712
1,870,377,377.6190476190474
1,871,377,376.95238095238096
1,872,376,376.0476190476189
1,873,376,375.4761904761903
1,874,374,374.52380952380946
1,875,374,373.8571428571427
1,876,373,373.0952380952379
1,877,373,372.61904761904754
1,878,372,372.19047619047603
1,879,372,372.4285714285712
1,880,373,372.8095238095238
1,881,374,373.66666666666646
1,882,374,374.38095238095224
1,883,375,374.76190476190465
1,884,375,374.6666666666665
1,885,375,375.23809523809507
1,886,375,375.90476190476187
1,887,378,377.0476190476189
1,888,378,378.09523809523813
1,889,379,378.99999999999983
1,890,379,379.1904761904761
1,891,380,379.8095238095238
1,892,380,380.3809523809521
1,893,381,380.71428571428555
1,894,381,380.6190476190474
1,895,380,380.4285714285713
1,896,380,380.1428571428571
1,897,380,379.8571428571428
1,898,380,379.85714285714283
1,899,379,379.2380952380952
1,900,379,378.4761904761905
1,901,377,377.52380952380946
1,902,377,376.8571428571428
1,903,376,376.1904761904762
1,904,376,375.6666666666666
1,905,375,374.99999999999983
1,906,374,374.33333333333314
1,907,374,373.61904761904754
1,908,373,373.2380952380951
1,909,373,373.14285714285717
1,910,373,372.85714285714266
1,911,373,372.57142857142856
1,912,372,372.3809523809523
1,913,372,372.1904761904761
1,914,373,372.6666666666667
1,915,373,373.5238095238094
1,916,375,374.47619047619054
1,917,375,375.0476190476189
1,918,376,375.95238095238085
1,919,376,376.52380952380935
1,920,378,377.47619047619037
1,921,378,378.14285714285694
1,922,379,378.90476190476187
1,923,379,379.2857142857143
1,924,380,379.85714285714266
1,925,380,379.90476190476187
1,926,380,379.76190476190453
1,927,379,379.4285714285714
1,928,379,378.99999999999983
1,929,379,378.57142857142844
1,930,378,378.3333333333331
1,931,378,377.95238095238085
1,932,378,377.95238095238096
1,933,378,378.52380952380946
1,934,379,378.57142857142844
1,935,379,378.6666666666666
1,936,377,377.57142857142844
1,937,377,375.76190476190465
1,938,373,374.142857142857
1,939,373,373.095238095238
1,940,373,372.66666666666646
1,941,373,373.1428571428571
1,942,374,373.76190476190465
1,943,374,374.6190476190476
1,944,376,375.42857142857133
1,945,376,375.71428571428567
1,946,376,376.2857142857142
1,947,376,376.57142857142844
1,948,378,377.28571428571405
1,949,378,378.2857142857142
1,950,379,379.19047619047603
1,951,380,379.61904761904754
1,952,380,380.14285714285705
1,953,380,380.047619047619
1,954,380,379.85714285714283
1,955,379,379.2380952380952
1,956,379,378.3809523809524
1,957,377,377.57142857142844
1,958,377,377.2857142857143
1,959,377,376.71428571428544
1,960,377,376.5238095238095
1,961,375,375.5714285714284
1,962,375,374.4285714285714
1,963,373,373.4761904761904
1,964,373,373.19047619047615
1,965,373,372.7619047619046
1,966,373,372.57142857142856
1,967,372,372.3809523809523
1,968,372,372.3809523809523
1,969,373,372.5714285714284
1,970,373,372.95238095238085
1,971,373,373.095238095238
1,972,373,372.8095238095237
1,973,373,373.095238095238
1,974,373,373.5714285714285
1,975,375,374.190476190476
1,976,375,375.3333333333332
1,977,376,376.42857142857133
1,978,378,377.3333333333333
1,979,378,378.2380952380951
1,980,379,378.90476190476187
1,981,379,379.1904761904761
1,982,380,379.8095238095238
1,983,380,380.3809523809521
1,984,381,380.71428571428555
1,985,381,380.6190476190474
1,986,380,380.4285714285713
1,987,380,380.3333333333333
1,988,380,379.7619047619046
1,989,380,378.99999999999994
1,990,377,378.0
1,991,377,377.4285714285714
1,992,377,376.5714285714286
1,993,377,375.99999999999994
1,994,374,375.09523809523796
1,995,374,374.0952380952379
1,996,374,373.4761904761904
1,997,373,373.2857142857142
1,998,373,372.61904761904754
1,999,372,372.2857142857143
1,1000,372,372.3809523809523
1,1001,373,372.4761904761905
1,1002,373,372.9047619047618
1,1003,373,373.4761904761903
1,1004,374,373.9047619047618
1,1005,375,374.6666666666665
1,1006,375,375.190476190476
1,1007,376,375.85714285714266
1,1008,376,376.52380952380935
1,1009,378,377.47619047619037
1,1010,378,378.0476190476188
1,1011,379,378.9523809523809
1,1012,379,379.61904761904754
1,1013,381,380.42857142857144
1,1014,381,380.9999999999999
1,1015,381,381.142857142857
1,1016,381,380.7619047619047
1,1017,380,380.28571428571416
1,1018,380,379.7142857142856
1,1019,379,379.238095238095
1,1020,379,379.3333333333333
1,1021,379,378.857142857143
1,1022,379,378.2285714285713
1,1023,376,376.1499999999999
1,1024,376,373.99999999999994
1,1025,374,374.57142857142856
1,1026,374,374.4285714285713
1,1027,374,373.57142857142844
1,1028,373,373.2857142857142
1,1029,373,372.7142857142856
1,1030,372,372.2380952380952
1,1031,372,371.95238095238085
1,1032,372,371.9523809523808
1,1033,372,372.1428571428571
1,1034,373,372.7619047619046
1,1035,373,373.6190476190474
1,1036,375,374.4285714285713
1,1037,375,374.7142857142856
1,1038,375,375.2857142857141
1,1039,375,375.5714285714284
1,1040,377,376.38095238095235
1,1041,377,377.142857142857
1,1042,378,377.8095238095238
1,1043,378,378.3333333333332
1,1044,379,378.99999999999994
1,1045,380,379.6666666666665
1,1046,380,380.47619047619025
1,1047,381,380.71428571428555
1,1048,381,380.7142857142857
1,1049,380,380.3809523809523
1,1050,380,379.8095238095237
1,1051,379,379.1904761904761
1,1052,379,378.80952380952374
1,1053,378,378.19047619047603
1,1054,378,377.9047619047617
1,1055,377,377.142857142857
1,1056,377,376.4761904761903
1,1057,375,375.5238095238094
1,1058,375,374.95238095238085
1,1059,374,374.0476190476188
1,1060,374,373.38095238095235
1,1061,372,372.4761904761904
1,1062,372,372.14285714285705
1,1063,372,372.142857142857
1,1064,373,372.66666666666663
1,1065,373,372.8571428571429
1,1066,373,373.14285714285705
1,1067,373,373.1428571428571
1,1068,374,373.76190476190465
1,1069,374,374.5238095238094
1,1070,376,375.4761904761903
1,1071,376,376.0476190476189
1,1072,377,376.95238095238085
1,1073,377,377.52380952380963
1,1074,379,378.4761904761905
1,1075,379,379.2380952380951
1,1076,380,379.8571428571427
1,1077,380,379.9523809523808
1,1078,380,380.095238095238
1,1079,380,379.99999999999983
1,1080,380,380.28571428571416
1,1081,380,379.8571428571429
1,1082,380,379.0952380952381
1,1083,377,377.95238095238085
1,1084,377,376.8095238095237
1,1085,376,376.04761904761904
1,1086,376,376.14285714285705
1,1087,376,375.8571428571427
1,1088,376,375.85714285714283
1,1089,375,375.2380952380951
1,1090,375,374.38095238095235
1,1091,373,373.57142857142844
1,1092,373,373.19047619047615
1,1093,373,372.7619047619046
1,1094,373,372.57142857142856
1,1095,372,372.3809523809523
1,1096,372,372.3809523809523
1,1097,373,372.5714285714284
1,1098,373,372.76190476190465
1,1099,373,373.19047619047603
1,1100,373,373.5714285714285
1,1101,375,374.3809523809524
1,1102,375,375.0476190476189
1,1103,376,375.8571428571427
1,1104,376,376.6666666666667
1,1105,378,377.6666666666665
1,1106,379,378.6190476190476
1,1107,379,379.47619047619025
1,1108,380,379.76190476190465
1,1109,380,379.85714285714266
1,1110,380,380.14285714285705
1,1111,380,380.52380952380935
1,1112,381,380.5714285714285
1,1113,381,380.2857142857141
1,1114,379,379.7619047619048
1,1115,379,379.285714285714
1,1116,379,378.7142857142856
1,1117,379,378.52380952380946
1,1118,377,377.57142857142844
1,1119,377,376.52380952380946
1,1120,375,375.4285714285713
1,1121,375,374.8571428571427
1,1122,374,374.09523809523796
1,1123,374,373.7142857142856
1,1124,373,373.3333333333332
1,1125,373,372.99999999999994
1,1126,373,372.47619047619037
1,1127,372,372.3809523809523
1,1128,372,372.2857142857141
1,1129,373,372.6190476190475
1,1130,373,373.095238095238
1,1131,374,373.8571428571427
1,1132,374,374.5238095238094
1,1133,376,375.4761904761903
1,1134,376,376.33333333333326
1,1135,377,376.8095238095236
1,1136,377,376.61904761904754
1,1137,376,376.4285714285712
1,1138,376,376.0476190476189
1,1139,376,375.9047619047618
1,1140,376,375.9999999999999
1,1141,376,375.9999999999999
1,1142,376,375.9047619047618
1,1143,376,376.0476190476189
1,1144,376,376.2380952380951
1,1145,377,376.71428571428555
1,1146,377,377.2857142857142
1,1147,378,377.7619047619047
1,1148,378,378.2380952380952
1,1149,378,377.9523809523808
1,1150,378,377.0952380952379
1,1151,375,375.9523809523809
1,1152,375,374.80952380952357
1,1153,374,374.0476190476189
1,1154,374,374.2380952380952
1,1155,374,373.80952380952374
1,1156,374,373.23809523809507
1,1157,372,372.71428571428555
1,1158,372,372.3333333333333
1,1159,373,372.5238095238094
1,1160,373,373.19047619047615
1,1161,374,373.80952380952357
1,1162,374,374.0952380952379
1,1163,375,374.8571428571426
1,1164,375,375.61904761904754
1,1165,377,376.4285714285714
1,1166,377,376.8095238095237
1,1167,377,377.04761904761904
1,1168,377,377.4285714285714
1,1169,378,378.23809523809524
1,1170,380,379.33333333333326
1,1171,380,380.3333333333332
1,1172,381,380.8571428571427
1,1173,381,381.04761904761887
1,1174,381,381.04761904761887
1,1175,381,380.6666666666666
1,1176,380,380.33333333333314
1,1177,380,380.2380952380951
1,1178,380,379.8095238095237
1,1179,380,379.6190476190474
1,1180,378,378.52380952380935
1,1181,378,377.1904761904761
1,1182,375,375.76190476190465
1,1183,375,374.9047619047617
1,1184,374,373.99999999999994
1,1185,374,373.7142857142856
1,1186,373,373.3333333333332
1,1187,373,372.99999999999994
1,1188,373,372.47619047619037
1,1189,372,372.3809523809523
1,1190,372,372.2857142857141
1,1191,373,372.6190476190475
1,1192,373,372.9999999999999
1,1193,374,373.9047619047618
1,1194,374,374.8571428571427
1,1195,377,376.14285714285705
1,1196,377,376.99999999999994
1,1197,378,378.0476190476188
1,1198,378,378.6190476190476
1,1199,380,379.4285714285714
1,1200,380,379.90476190476187
1,1201,380,380.19047619047615
1,1202,380,379.99999999999983
1,1203,380,379.99999999999983
1,1204,380,379.99999999999983
1,1205,380,379.99999999999983
1,1206,380,379.99999999999983
1,1207,380,379.99999999999983
1,1208,380,380.1904761904761
1,1209,380,379.90476190476187
1,1210,380,379.52380952380946
1,1211,378,378.66666666666646
1,1212,378,377.3809523809522
1,1213,376,376.2380952380952
1,1214,375,375.38095238095224
1,1215,375,374.7142857142856
1,1216,374,374.142857142857
1,1217,374,373.38095238095235
1,1218,372,372.5714285714285
1,1219,372,372.0
1,1220,372,371.8571428571428
1,1221,372,372.1428571428571
1,1222,373,372.7619047619046
1,1223,373,373.6190476190474
1,1224,375,374.4285714285713
1,1225,375,374.8095238095237
1,1226,375,375.23809523809507
1,1227,375,375.2380952380951
1,1228,376,375.7142857142855
1,1229,376,376.095238095238
1,1230,377,376.76190476190465
1,1231,377,377.6666666666666
1,1232,379,378.6666666666666
1,1233,380,379.61904761904754
1,1234,380,380.38095238095224
1,1235,381,380.80952380952374
1,1236,381,381.47619047619037
1,1237,382,381.66666666666663
1,1238,382,381.38095238095235
1,1239,380,380.7142857142855
1,1240,380,379.8571428571428
1,1241,379,379.09523809523796
1,1242,379,378.90476190476187
1,1243,378,378.14285714285705
1,1244,378,377.57142857142844
1,1245,376,376.47619047619037
1,1246,376,375.5238095238094
1,1247,374,374.42857142857133
1,1248,374,373.8571428571427
1,1249,373,373.0952380952379
1,1250,373,372.80952380952357
1,1251,372,372.095238095238
1,1252,372,371.76190476190476
1,1253,371,371.4761904761904
1,1254,372,371.7619047619046
1,1255,372,371.99999999999994
1,1256,373,372.8571428571427
1,1257,373,373.42857142857133
1,1258,375,374.52380952380935
1,1259,375,375.3809523809522
1,1260,377,376.61904761904754
1,1261,377,377.57142857142844
1,1262,379,378.5238095238094
1,1263,379,378.8095238095236
1,1264,379,379.2380952380952
1,1265,379,379.33333333333314
1,1266,380,379.66666666666646
1,1267,380,379.85714285714266
1,1268,380,380.14285714285705
1,1269,380,380.52380952380935
1,1270,381,380.5714285714285
1,1271,381,380.38095238095224
1,1272,379,379.90476190476176
1,1273,379,378.6666666666666
1,1274,378,377.6666666666664
1,1275,376,376.61904761904765
1,1276,376,375.4285714285714
1,1277,374,374.45714285714314
1,1278,374,373.79999999999984
1,1279,373,373.15
1,1280,373,371.9047619047618
1,1281,371,371.66666666666663
1,1282,371,371.4285714285712
1,1283,372,371.52380952380946
1,1284,372,372.2857142857142
1,1285,373,372.76190476190476
1,1286,373,372.8571428571429
1,1287,373,373.14285714285705
1,1288,373,373.23809523809507
1,1289,374,373.71428571428555
1,1290,374,374.0952380952379
1,1291,375,374.7619047619047
1,1292,375,375.6666666666666
1,1293,377,376.66666666666663
1,1294,378,377.6190476190476
1,1295,378,378.47619047619037
1,1296,379,378.76190476190465
1,1297,379,379.0476190476189
1,1298,379,379.0476190476189
1,1299,379,378.76190476190465
1,1300,378,378.28571428571416
1,1301,378,377.8095238095236
1,1302,377,377.190476190476
1,1303,377,376.9047619047619
1,1304,376,376.14285714285705
1,1305,376,375.4761904761903
1,1306,374,374.52380952380946
1,1307,374,373.8571428571427
1,1308,373,373.0952380952379
1,1309,373,372.80952380952357
1,1310,372,372.1904761904761
1,1311,372,371.6190476190477
1,1312,371,371.28571428571416
1,1313,371,371.28571428571416
1,1314,372,371.5238095238094
1,1315,372,372.3333333333332
1,1316,373,372.9047619047617
1,1317,374,373.7142857142856
1,1318,374,374.61904761904754
1,1319,376,375.4761904761903
1,1320,376,376.0476190476189
1,1321,377,376.95238095238085
1,1322,377,377.52380952380963
1,1323,379,378.4761904761905
1,1324,379,379.2380952380951
1,1325,380,379.8571428571427
1,1326,380,379.9523809523808
1,1327,380,380.095238095238
1,1328,380,379.90476190476176
1,1329,380,380.047619047619
1,1330,380,380.4285714285714
1,1331,381,380.6190476190476
1,1332,381,380.80952380952374
1,1333,380,380.33333333333314
1,1334,380,379.57142857142844
1,1335,378,378.47619047619037
1,1336,378,377.4285714285714
1,1337,376,376.4761904761904
1,1338,376,376.19047619047615
1,1339,376,375.76190476190476
1,1340,376,375.4761904761903
1,1341,375,375.42857142857133
1,1342,375,375.71428571428567
1,1343,377,376.3333333333333
1,1344,377,376.85714285714283
1,1345,377,377.14285714285705
1,1346,376,376.19047619047615
1,1347,376,374.6666666666666
1,1348,373,374.09523809523796
1,1349,373,374.4761904761903
1,1350,377,375.0952380952381
1,1351,377,376.9523809523808
1,1352,377,378.38095238095224
1,1353,380,378.99999999999994
1,1354,380,379.8571428571428
1,1355,380,380.28571428571416
1,1356,380,379.99999999999983
1,1357,380,379.99999999999983
1,1358,380,379.99999999999983
1,1359,380,379.99999999999983
1,1360,380,379.99999999999983
1,1361,380,379.99999999999983
1,1362,380,380.1904761904761
1,1363,380,379.90476190476187
1,1364,380,379.52380952380946
1,1365,378,378.57142857142844
1,1366,378,377.5238095238093
1,1367,376,376.4285714285712
1,1368,376,375.7619047619047
1,1369,375,375.4285714285712
1,1370,375,374.90476190476187
1,1371,375,373.9047619047619
1,1372,372,372.99999999999994
1,1373,372,372.14285714285705
1,1374,372,371.7142857142855
1,1375,372,371.90476190476187
1,1376,372,372.0476190476188
1,1377,372,372.04761904761887
1,1378,373,372.80952380952374
1,1379,373,373.9523809523808
1,1380,376,375.0952380952379
1,1381,376,375.3809523809522
1,1382,376,376.5238095238094
1,1383,376,377.8571428571426
1,1384,381,379.2380952380952
1,1385,381,379.90476190476176
1,1386,379,380.238095238095
1,1387,379,379.76190476190476
1,1388,381,380.1428571428571
1,1389,381,380.9999999999999
1,1390,381,381.142857142857
1,1391,381,380.6666666666666
1,1392,380,380.5238095238094
1,1393,380,379.9523809523809
1,1394,380,379.2380952380951
1,1395,378,378.66666666666646
1,1396,378,378.2857142857141
1,1397,378,377.7142857142856
1,1398,378,377.52380952380935
1,1399,376,376.57142857142844
1,1400,376,375.5238095238094
1,1401,374,374.42857142857133
1,1402,374,373.76190476190476
1,1403,373,373.1428571428571
1,1404,373,373.0476190476189
1,1405,373,372.9047619047618
1,1406,373,372.90476190476187
1,1407,373,373.0476190476189
1,1408,373,373.33333333333326
1,1409,374,373.4761904761904
1,1410,374,374.04761904761887
1,1411,374,374.6666666666666
1,1412,376,375.38095238095235
1,1413,376,376.0476190476189
1,1414,377,376.95238095238085
1,1415,377,377.61904761904754
1,1416,379,378.4285714285713
1,1417,379,378.9047619047619
1,1418,379,379.19047619047603
1,1419,379,378.90476190476176
1,1420,379,379.047619047619
1,1421,379,379.52380952380946
1,1422,380,379.5714285714286
1,1423,380,379.3809523809523
1,1424,378,378.7142857142855
1,1425,378,377.9523809523809
1,1426,377,377.0476190476189
1,1427,377,376.38095238095224
1,1428,375,375.57142857142844
1,1429,375,375.2857142857141
1,1430,375,374.7142857142855
1,1431,375,374.4285714285712
1,1432,373,373.61904761904754
1,1433,373,372.76190476190476
1,1434,372,372.14285714285717
1,1435,372,372.0476190476189
1,1436,372,371.7142857142856
1,1437,372,372.0952380952379
1,1438,372,372.6666666666665
1,1439,374,373.33333333333326
1,1440,374,373.7142857142857
1,1441,374,374.2857142857141
1,1442,374,374.4761904761903
1,1443,376,375.42857142857133
1,1444,376,376.4761904761903
1,1445,378,377.57142857142844
1,1446,378,378.14285714285694
1,1447,379,378.90476190476187
1,1448,379,379.1904761904761
1,1449,380,379.8095238095238
1,1450,380,380.3809523809521
1,1451,381,380.71428571428555
1,1452,381,380.7142857142857
1,1453,380,380.3809523809523
1,1454,380,379.7142857142856
1,1455,379,379.4285714285714
1,1456,379,378.95238095238085
1,1457,379,378.3333333333332
1,1458,377,377.6190476190474
1,1459,377,376.95238095238096
1,1460,376,376.0476190476189
1,1461,376,375.4761904761903
1,1462,374,374.52380952380946
1,1463,374,373.8571428571427
1,1464,373,373.0952380952379
1,1465,373,372.7142857142856
1,1466,372,372.2380952380952
1,1467,372,371.95238095238085
1,1468,372,371.9523809523808
1,1469,372,372.3333333333332
1,1470,373,372.4761904761905
1,1471,373,373.047619047619
1,1472,373,373.5714285714284
1,1473,375,374.4285714285713
1,1474,375,375.47619047619037
1,1475,377,376.5714285714285
1,1476,377,377.142857142857
1,1477,378,377.90476190476187
1,1478,378,378.190476190476
1,1479,379,378.8095238095237
1,1480,379,379.1904761904761
1,1481,380,379.8095238095238
1,1482,380,380.2857142857142
1,1483,381,380.7619047619047
1,1484,381,381.04761904761887
1,1485,381,381.04761904761887
1,1486,381,380.8571428571428
1,1487,380,380.2380952380953
1,1488,380,379.4761904761904
1,1489,378,378.5238095238094
1,1490,378,378.0476190476189
1,1491,377,377.095238095238
1,1492,377,375.9999999999999
1,1493,374,374.6666666666665
1,1494,373,373.42857142857133
1,1495,373,372.42857142857144
1,1496,372,372.2380952380952
1,1497,372,372.0476190476189
1,1498,372,371.9047619047618
1,1499,372,371.90476190476187
1,1500,372,372.0476190476188
1,1501,372,372.2380952380952
1,1502,373,372.7142857142856
1,1503,373,372.9999999999999
1,1504,374,373.9047619047618
1,1505,374,374.8571428571427
1,1506,377,376.14285714285705
1,1507,377,376.99999999999994
1,1508,378,378.0476190476188
1,1509,378,378.52380952380935
1,1510,380,379.4761904761904
1,1511,380,380.2380952380952
1,1512,381,380.95238095238074
1,1513,381,380.9047619047619
1,1514,381,380.8571428571428
1,1515,380,380.28571428571416
1,1516,380,379.9047619047617
1,1517,379,379.14285714285705
1,1518,379,378.3809523809524
1,1519,377,377.57142857142844
1,1520,377,377.2857142857143
1,1521,377,376.71428571428544
1,1522,377,376.5238095238095
1,1523,375,375.5714285714284
1,1524,375,374.3333333333332
1,1525,373,373.52380952380946
1,1526,373,373.52380952380946
1,1527,374,373.4285714285713
1,1528,374,373.7142857142856
1,1529,373,373.38095238095224
1,1530,373,372.7142857142856
1,1531,372,372.2380952380952
1,1532,372,371.7619047619047
1,1533,372,371.85714285714295
1,1534,372,372.77142857142843
1,1535,375,374.8499999999999
1,1536,377,375.33333333333314
1,1537,377,376.6666666666666
1,1538,377,377.52380952380935
1,1539,377,377.2380952380951
1,1540,378,377.7142857142856
1,1541,378,378.2857142857143
1,1542,379,378.57142857142844
1,1543,379,379.0476190476189
1,1544,379,379.66666666666646
1,1545,381,380.3809523809523
1,1546,381,381.2380952380951
1,1547,382,381.8571428571428
1,1548,382,381.9523809523809
1,1549,382,382.1904761904761
1,1550,382,381.9523809523809
1,1551,382,381.6666666666664
1,1552,381,381.33333333333314
1,1553,381,381.1428571428572
1,1554,381,380.85714285714283
1,1555,381,380.7619047619047
1,1556,380,380.28571428571416
1,1557,380,379.7142857142856
1,1558,379,379.238095238095
1,1559,379,379.04761904761887
1,1560,379,378.90476190476176
1,1561,379,379.190476190476
1,1562,379,378.90476190476187
1,1563,379,378.33333333333326
1,1564,377,377.85714285714283
1,1565,377,376.9999999999999
1,1566,377,376.14285714285705
1,1567,375,375.6666666666666
1,1568,375,375.19047619047615
1,1569,375,374.7619047619047
1,1570,375,374.7619047619046
1,1571,374,374.2857142857143
1,1572,374,373.7142857142856
1,1573,373,373.2380952380951
1,1574,373,373.0476190476189
1,1575,373,372.9047619047618
1,1576,373,372.99999999999983
1,1577,373,372.99999999999983
1,1578,373,373.19047619047603
1,1579,373,372.9047619047618
1,1580,373,372.23809523809507
1,1581,371,371.7142857142857
1,1582,371,371.4285714285712
1,1583,372,371.34285714285727
1,1584,372,371.9714285714284
1,1585,372,371.95
2,0,372,371.5238095238094
2,1,372,372.23809523809507
2,2,372,373.7619047619048
2,3,377,375.2857142857143
2,4,377,376.42857142857133
2,5,376,376.80952380952374
2,6,376,376.0476190476189
2,7,376,375.9047619047618
2,8,376,375.9999999999999
2,9,376,375.9999999999999
2,10,376,375.9999999999999
2,11,376,375.9047619047618
2,12,376,376.0476190476189
2,13,376,376.4285714285712
2,14,377,376.6190476190475
2,15,377,376.61904761904754
2,16,376,376.4285714285712
2,17,376,376.14285714285705
2,18,376,375.8571428571427
2,19,376,375.4761904761903
2,20,375,375.42857142857133
2,21,375,375.9999999999999
2,22,377,376.09523809523796
2,23,377,375.90476190476187
2,24,374,375.19047619047615
2,25,374,374.23809523809507
2,26,374,373.66666666666663
2,27,374,373.66666666666663
2,28,373,373.33333333333326
2,29,373,373.14285714285717
2,30,373,372.85714285714266
2,31,373,372.6666666666665
2,32,372,372.3333333333332
2,33,372,372.0476190476189
2,34,372,371.8095238095238
2,35,372,372.0476190476188
2,36,372,372.3333333333332
2,37,373,372.66666666666663
2,38,373,372.8571428571429
2,39,373,373.14285714285705
2,40,373,373.23809523809507
2,41,374,373.71428571428555
2,42,374,374.1904761904761
2,43,375,374.8095238095237
2,44,375,375.0952380952379
2,45,376,375.85714285714266
2,46,376,376.42857142857133
2,47,378,377.5238095238095
2,48,378,378.57142857142844
2,49,380,379.33333333333326
2,50,380,379.9999999999998
2,51,380,380.95238095238085
2,52,382,381.2857142857141
2,53,382,381.5714285714283
2,54,381,381.52380952380946
2,55,381,381.0476190476188
2,56,381,380.9047619047617
2,57,381,381.0952380952378
2,58,381,380.95238095238085
2,59,381,380.5714285714285
2,60,380,380.38095238095224
2,61,380,380.5714285714285
2,62,381,380.4761904761903
2,63,381,380.2857142857141
2,64,379,379.95238095238085
2,65,379,379.0
2,66,379,378.2380952380951
2,67,377,377.6190476190474
2,68,377,377.14285714285705
2,69,376,375.95238095238085
2,70,376,374.8095238095236
2,71,372,373.19047619047615
2,72,372,371.66666666666646
2,73,371,371.04761904761904
2,74,371,371.6190476190475
2,75,373,372.2857142857142
2,76,373,372.95238095238085
2,77,374,373.9999999999999
2,78,374,374.7619047619045
2,79,377,376.1904761904762
2,80,377,377.5238095238094
2,81,379,378.6190476190475
2,82,379,378.8095238095236
2,83,379,379.2380952380952
2,84,379,379.33333333333314
2,85,380,379.66666666666646
2,86,380,379.9523809523808
2,87,380,380.1904761904762
2,88,380,379.9523809523809
2,89,380,379.76190476190476
2,90,379,379.28571428571405
2,91,379,378.90476190476187
2,92,378,378.14285714285705
2,93,378,377.3809523809523
2,94,376,376.57142857142856
2,95,376,376.38095238095235
2,96,376,375.6666666666666
2,97,376,374.90476190476187
2,98,373,374.0476190476189
2,99,373,373.66666666666646
2,100,374,373.2857142857142
2,101,374,373.2857142857141
2,102,372,372.76190476190465
2,103,372,372.09523809523785
2,104,372,371.80952380952374
2,105,372,371.90476190476187
2,106,372,372.0476190476188
2,107,372,372.2380952380952
2,108,373,372.7142857142856
2,109,373,372.9999999999999
2,110,374,373.8095238095238
2,111,374,374.9999999999999
2,112,377,376.2380952380951
2,113,378,377.61904761904736
2,114,378,378.90476190476176
2,115,380,379.4285714285714
2,116,380,379.90476190476187
2,117,380,380.19047619047615
2,118,380,380.09523809523813
2,119,380,379.9523809523809
2,120,380,379.9523809523808
2,121,379,379.19047619047615
2,122,379,378.0476190476189
2,123,376,376.90476190476187
2,124,376,376.33333333333314
2,125,376,375.61904761904736
2,126,376,375.42857142857133
2,127,374,374.6190476190474
2,128,374,373.8571428571427
2,129,373,373.0952380952379
2,130,373,372.61904761904754
2,131,372,372.3809523809523
2,132,372,372.3333333333333
2,133,373,372.1428571428571
2,134,372,372.3333333333333
2,135,372,372.3809523809521
2,136,373,372.6190476190475
2,137,373,373.19047619047615
2,138,374,373.80952380952357
2,139,374,374.1904761904761
2,140,375,374.8095238095237
2,141,375,375.190476190476
2,142,376,375.8095238095238
2,143,376,376.095238095238
2,144,377,376.8571428571427
2,145,377,377.52380952380963
2,146,379,378.4761904761905
2,147,379,379.2380952380951
2,148,380,379.8571428571427
2,149,380,380.14285714285705
2,150,380,379.99999999999994
2,151,380,379.4285714285712
2,152,378,378.7142857142857
2,153,378,377.71428571428544
2,154,377,377.095238095238
2,155,376,376.238095238095
2,156,376,374.9523809523808
2,157,373,373.90476190476187
2,158,373,373.142857142857
2,159,373,372.7142857142856
2,160,373,373.095238095238
2,161,373,372.95238095238096
2,162,373,372.57142857142856
2,163,372,372.3809523809523
2,164,372,372.2857142857141
2,165,373,372.6190476190475
2,166,373,373.095238095238
2,167,374,373.8571428571427
2,168,374,374.6190476190476
2,169,376,375.42857142857133
2,170,376,375.71428571428567
2,171,376,376.2857142857142
2,172,376,376.57142857142844
2,173,378,377.38095238095224
2,174,378,378.0476190476188
2,175,379,378.9523809523809
2,176,379,379.61904761904754
2,177,381,380.42857142857144
2,178,381,380.9047619047618
2,179,381,381.38095238095224
2,180,381,380.9047619047619
2,181,381,380.4285714285712
2,182,379,379.6190476190475
2,183,379,378.8571428571428
2,184,378,378.09523809523785
2,185,378,377.9999999999998
2,186,377,377.0952380952381
2,187,377,376.14285714285694
2,188,374,374.8571428571428
2,189,374,373.99999999999994
2,190,373,372.9523809523808
2,191,373,372.2857142857141
2,192,371,371.61904761904736
2,193,371,371.33333333333337
2,194,372,371.4285714285712
2,195,372,372.3333333333332
2,196,373,372.9047619047617
2,197,374,373.7142857142856
2,198,374,374.61904761904754
2,199,376,375.4761904761903
2,200,376,376.0476190476189
2,201,377,376.95238095238085
2,202,377,377.52380952380963
2,203,379,378.4761904761905
2,204,379,379.14285714285694
2,205,380,379.9047619047617
2,206,380,380.3809523809521
2,207,381,380.71428571428555
2,208,381,380.7142857142857
2,209,380,380.3809523809523
2,210,380,379.8095238095237
2,211,379,379.1904761904761
2,212,379,378.90476190476187
2,213,378,378.14285714285705
2,214,378,377.47619047619025
2,215,376,376.52380952380935
2,216,376,375.95238095238096
2,217,375,375.0476190476188
2,218,375,374.38095238095235
2,219,373,373.7619047619047
2,220,373,373.00000000000006
2,221,373,371.95238095238096
2,222,371,371.76190476190465
2,223,371,371.57142857142844
2,224,373,372.23809523809524
2,225,373,373.4761904761904
2,226,375,374.5714285714285
2,227,375,375.14285714285694
2,228,376,375.9047619047617
2,229,376,376.095238095238
2,230,377,376.8571428571427
2,231,377,377.52380952380963
2,232,379,378.4761904761905
2,233,379,379.2380952380951
2,234,380,379.8571428571427
2,235,380,379.9523809523808
2,236,380,380.095238095238
2,237,380,379.99999999999983
2,238,380,380.09523809523813
2,239,380,379.9523809523809
2,240,380,379.76190476190476
2,241,379,379.28571428571405
2,242,379,378.90476190476187
2,243,378,378.14285714285705
2,244,378,377.47619047619025
2,245,376,376.52380952380935
2,246,376,375.95238095238096
2,247,375,375.0476190476188
2,248,375,374.38095238095235
2,249,373,373.57142857142844
2,250,373,373.095238095238
2,251,373,372.42857142857133
2,252,373,373.19047619047615
2,253,373,374.0285714285715
2,254,377,375.5142857142855
2,255,377,377.3999999999999
2,256,377,375.61904761904754
2,257,377,376.6190476190474
2,258,377,376.2857142857142
2,259,374,375.0952380952379
2,260,374,374.7142857142856
2,261,376,374.99999999999983
2,262,376,376.2857142857143
2,263,377,376.99999999999994
2,264,378,377.71428571428544
2,265,378,378.71428571428555
2,266,380,379.4285714285714
2,267,380,379.9999999999999
2,268,380,380.14285714285705
2,269,380,379.6666666666664
2,270,379,379.33333333333314
2,271,379,379.14285714285705
2,272,379,378.85714285714266
2,273,379,378.8571428571428
2,274,378,378.2380952380952
2,275,378,377.3809523809523
2,276,376,376.57142857142856
2,277,376,376.2857142857143
2,278,376,375.71428571428567
2,279,376,375.42857142857133
2,280,374,374.6190476190474
2,281,374,373.8571428571427
2,282,373,373.0952380952379
2,283,373,372.7142857142856
2,284,372,372.1428571428571
2,285,372,372.0952380952381
2,286,372,372.23809523809507
2,287,373,372.66666666666663
2,288,373,372.76190476190465
2,289,373,373.19047619047603
2,290,373,373.4761904761904
2,291,375,374.4285714285713
2,292,375,375.47619047619037
2,293,377,376.5714285714285
2,294,377,377.142857142857
2,295,378,377.90476190476187
2,296,378,378.190476190476
2,297,379,378.8095238095237
2,298,379,379.2857142857143
2,299,380,379.76190476190465
2,300,380,379.9523809523808
2,301,380,380.1904761904762
2,302,380,379.9523809523809
2,303,380,379.9523809523808
2,304,379,379.19047619047615
2,305,379,378.142857142857
2,306,376,376.85714285714283
2,307,376,375.90476190476176
2,308,375,374.99999999999994
2,309,375,374.90476190476176
2,310,374,374.142857142857
2,311,374,373.28571428571416
2,312,372,372.6190476190475
2,313,372,372.5238095238095
2,314,373,372.4285714285713
2,315,373,372.6190476190475
2,316,372,372.42857142857133
2,317,372,371.95238095238085
2,318,372,371.9523809523808
2,319,372,372.3333333333332
2,320,373,372.66666666666663
2,321,373,372.6666666666666
2,322,373,373.2380952380951
2,323,373,373.90476190476187
2,324,376,375.047619047619
2,325,376,376.095238095238
2,326,377,376.8095238095237
2,327,377,377.3809523809522
2,328,378,378.4285714285712
2,329,380,379.28571428571416
2,330,380,379.9999999999998
2,331,380,380.19047619047615
2,332,380,380.09523809523813
2,333,380,379.9523809523809
2,334,380,379.85714285714283
2,335,379,379.2380952380952
2,336,379,378.4761904761905
2,337,377,377.52380952380946
2,338,377,376.95238095238096
2,339,376,376.0476190476189
2,340,376,375.5714285714284
2,341,374,374.4761904761903
2,342,374,373.4285714285713
2,343,372,372.47619047619037
2,344,372,372.1904761904761
2,345,372,371.76190476190476
2,346,372,371.57142857142844
2,347,371,371.3809523809523
2,348,371,371.28571428571416
2,349,372,371.6190476190475
2,350,372,372.0952380952379
2,351,373,372.6666666666667
2,352,373,373.7142857142856
2,353,375,374.99999999999994
2,354,377,376.2857142857143
2,355,377,377.33333333333337
2,356,378,377.90476190476187
2,357,378,378.190476190476
2,358,379,378.8095238095237
2,359,379,379.1904761904761
2,360,380,379.8095238095238
2,361,380,380.2857142857142
2,362,381,380.7619047619047
2,363,381,381.04761904761887
2,364,381,381.04761904761887
2,365,381,380.8571428571428
2,366,380,380.2380952380953
2,367,380,379.4761904761904
2,368,378,378.5238095238094
2,369,378,377.9523809523809
2,370,377,377.142857142857
2,371,377,376.3333333333332
2,372,375,375.3333333333333
2,373,374,374.3809523809522
2,374,374,373.61904761904754
2,375,373,373.19047619047615
2,376,373,372.7142857142856
2,377,372,372.2380952380952
2,378,372,371.95238095238085
2,379,372,371.9523809523808
2,380,372,372.1428571428571
2,381,373,372.7619047619046
2,382,373,373.42857142857133
2,383,375,374.52380952380935
2,384,375,375.47619047619037
2,385,377,376.5714285714285
2,386,377,377.142857142857
2,387,378,377.90476190476187
2,388,378,378.09523809523796
2,389,379,378.7619047619046
2,390,379,379.6666666666666
2,391,381,380.76190476190465
2,392,382,381.5714285714285
2,393,382,382.142857142857
2,394,382,382.09523809523796
2,395,382,381.9999999999997
2,396,382,381.9999999999997
2,397,382,382.19047619047603
2,398,382,381.9047619047618
2,399,382,381.42857142857144
2,400,380,380.6190476190474
2,401,380,380.047619047619
2,402,379,378.99999999999983
2,403,379,378.142857142857
2,404,376,376.85714285714283
2,405,376,375.9999999999999
2,406,375,374.9523809523808
2,407,375,374.28571428571416
2,408,373,373.6190476190474
2,409,373,373.42857142857133
2,410,374,373.4761904761904
2,411,374,373.85714285714283
2,412,374,374.14285714285705
2,413,374,374.1428571428571
2,414,375,374.7619047619047
2,415,375,375.61904761904754
2,416,377,376.3333333333333
2,417,377,376.9523809523808
2,418,377,377.4285714285714
2,419,378,377.7142857142856
2,420,378,378.190476190476
2,421,379,378.8095238095237
2,422,379,379.38095238095224
2,423,380,379.7142857142855
2,424,380,379.52380952380935
2,425,379,379.4761904761903
2,426,379,379.57142857142844
2,427,380,379.4761904761904
2,428,380,379.3809523809523
2,429,378,378.7142857142855
2,430,378,377.9523809523809
2,431,377,377.0476190476189
2,432,377,376.4761904761903
2,433,375,375.4285714285715
2,434,375,374.80952380952374
2,435,374,374.76190476190453
2,436,375,374.5714285714284
2,437,375,373.85714285714283
2,438,372,373.0952380952379
2,439,372,372.14285714285705
2,440,372,371.7142857142855
2,441,372,371.90476190476187
2,442,372,372.0476190476188
2,443,372,372.1428571428571
2,444,373,372.7619047619046
2,445,373,373.42857142857133
2,446,375,374.52380952380935
2,447,375,375.3809523809522
2,448,377,376.61904761904754
2,449,377,377.47619047619037
2,450,379,378.57142857142844
2,451,379,379.14285714285694
2,452,380,379.9047619047617
2,453,380,380.3809523809521
2,454,381,380.71428571428555
2,455,381,380.7142857142857
2,456,380,380.3809523809523
2,457,380,379.7142857142856
2,458,379,379.238095238095
2,459,379,379.04761904761887
2,460,379,379.095238095238
2,461,379,378.90476190476187
2,462,379,378.6190476190475
2,463,377,377.52380952380935
2,464,377,376.09523809523813
2,465,374,374.80952380952357
2,466,374,374.3333333333332
2,467,374,373.6190476190474
2,468,374,373.3333333333333
2,469,372,372.6666666666666
2,470,372,372.0
2,471,372,371.8571428571428
2,472,372,372.2380952380952
2,473,373,372.7142857142856
2,474,373,373.095238095238
2,475,374,373.8571428571427
2,476,374,374.5238095238094
2,477,376,375.4761904761903
2,478,376,376.14285714285705
2,479,377,376.9047619047618
2,480,377,377.1904761904759
2,481,378,377.8095238095237
2,482,378,378.2857142857143
2,483,379,378.6666666666666
2,484,379,378.9999999999999
2,485,379,379.33333333333326
2,486,380,379.71428571428555
2,487,380,380.4761904761904
2,488,381,380.6666666666666
2,489,381,380.38095238095224
2,490,379,379.71428571428555
2,491,379,378.95238095238085
2,492,378,378.0476190476188
2,493,378,377.57142857142844
2,494,376,376.47619047619037
2,495,376,375.42857142857133
2,496,374,374.47619047619037
2,497,374,374.2857142857141
2,498,374,373.71428571428555
2,499,374,373.23809523809507
2,500,372,372.71428571428555
2,501,372,372.5238095238095
2,502,373,372.4285714285713
2,503,373,372.5238095238095
2,504,372,372.3809523809523
2,505,372,372.4285714285712
2,506,373,372.7142857142857
2,507,374,373.7142857142856
2,508,374,374.61904761904754
2,509,376,375.40000000000015
2,510,376,376.1999999999998
2,511,377,376.8500000000001
2,512,377,375.90476190476187
2,513,379,378.14285714285694
2,514,379,379.61904761904754
2,515,380,379.9047619047617
2,516,380,380.2857142857142
2,517,381,380.7619047619047
2,518,381,381.04761904761887
2,519,381,381.04761904761887
2,520,381,380.6666666666666
2,521,380,380.33333333333314
2,522,380,380.3333333333333
2,523,380,379.7619047619046
2,524,380,379.0952380952381
2,525,377,378.04761904761887
2,526,377,376.76190476190465
2,527,376,375.8095238095237
2,528,375,375.3333333333332
2,529,375,374.6190476190474
2,530,374,374.2380952380951
2,531,374,374.04761904761904
2,532,374,373.9047619047618
2,533,374,373.9047619047618
2,534,374,374.04761904761904
2,535,374,374.23809523809507
2,536,375,374.7142857142855
2,537,375,375.0952380952379
2,538,376,375.85714285714266
2,539,376,376.42857142857133
2,540,378,377.5238095238095
2,541,378,378.47619047619037
2,542,380,379.57142857142844
2,543,380,380.33333333333314
2,544,381,380.6190476190475
2,545,381,380.71428571428567
2,546,380,381.0952380952379
2,547,382,381.38095238095224
2,548,382,381.9047619047618
2,549,382,382.142857142857
2,550,382,381.76190476190465
2,551,381,381.2857142857142
2,552,381,380.9999999999999
2,553,380,380.09523809523813
2,554,380,379.142857142857
2,555,377,377.85714285714283
2,556,377,376.90476190476187
2,557,376,375.9999999999999
2,558,376,375.90476190476187
2,559,375,375.142857142857
2,560,375,374.47619047619037
2,561,373,373.5238095238094
2,562,373,372.85714285714266
2,563,372,371.99999999999994
2,564,372,371.76190476190476
2,565,371,371.3809523809522
2,566,372,371.8095238095236
2,567,372,372.4285714285713
2,568,374,373.4761904761904
2,569,374,373.9523809523808
2,570,375,374.99999999999983
2,571,375,375.8571428571427
2,572,378,377.14285714285705
2,573,378,378.09523809523813
2,574,379,378.99999999999983
2,575,379,379.2857142857143
2,576,380,379.76190476190465
2,577,380,379.85714285714266
2,578,380,380.14285714285705
2,579,380,380.4285714285714
2,580,381,380.6190476190476
2,581,381,380.6190476190474
2,582,380,380.4285714285713
2,583,380,380.1428571428571
2,584,380,380.04761904761875
2,585,380,379.5714285714286
2,586,379,378.66666666666663
2,587,377,377.71428571428567
2,588,377,377.1904761904761
2,589,377,376.71428571428544
2,590,377,376.4285714285712
2,591,375,375.6190476190475
2,592,375,374.8571428571427
2,593,374,374.09523809523796
2,594,374,373.7142857142856
2,595,373,373.2380952380951
2,596,373,373.0476190476189
2,597,373,372.9047619047618
2,598,373,372.8095238095237
2,599,373,373.095238095238
2,600,373,373.4761904761904
2,601,375,374.4285714285713
2,602,375,375.47619047619037
2,603,377,376.5714285714285
2,604,377,377.0476190476189
2,605,378,377.95238095238085
2,606,378,378.52380952380935
2,607,380,379.4761904761904
2,608,380,380.2380952380952
2,609,381,380.8571428571427
2,610,381,380.95238095238096
2,611,381,381.09523809523796
2,612,381,380.9999999999999
2,613,381,381.0952380952378
2,614,381,380.95238095238085
2,615,381,380.8571428571428
2,616,380,380.2380952380953
2,617,380,379.4761904761904
2,618,378,378.5238095238094
2,619,378,377.8571428571427
2,620,377,377.0952380952379
2,621,377,376.9047619047619
2,622,376,376.14285714285705
2,623,376,375.4761904761903
2,624,374,374.52380952380946
2,625,374,373.8571428571427
2,626,373,373.0952380952379
2,627,373,372.61904761904754
2,628,372,372.2857142857143
2,629,372,372.2857142857141
2,630,373,372.6190476190475
2,631,373,373.095238095238
2,632,374,373.8571428571427
2,633,374,374.42857142857133
2,634,376,375.5238095238094
2,635,376,376.5714285714283
2,636,378,377.4285714285713
2,637,378,377.9523809523807
2,638,378,378.4285714285715
2,639,379,378.71428571428555
2,640,379,379.2857142857143
2,641,380,379.76190476190465
2,642,380,379.9523809523808
2,643,380,380.095238095238
2,644,380,379.99999999999983
2,645,380,379.99999999999983
2,646,380,380.09523809523813
2,647,380,379.9523809523809
2,648,380,379.76190476190476
2,649,379,379.28571428571405
2,650,379,378.80952380952374
2,651,378,378.19047619047603
2,652,378,377.9047619047617
2,653,377,377.142857142857
2,654,377,376.38095238095224
2,655,375,375.76190476190465
2,656,375,374.9999999999999
2,657,375,374.142857142857
2,658,373,373.66666666666646
2,659,373,373.095238095238
2,660,373,372.5238095238094
2,661,373,373.1428571428571
2,662,373,373.99999999999983
2,663,376,374.9999999999999
2,664,376,375.8571428571427
2,665,376,376.28571428571416
2,666,376,375.9999999999999
2,667,376,375.8095238095237
2,668,376,376.0952380952381
2,669,376,376.6666666666665
2,670,378,377.3333333333333
2,671,378,377.71428571428555
2,672,378,378.2857142857142
2,673,378,378.6666666666666
2,674,380,379.33333333333326
2,675,380,380.095238095238
2,676,380,380.09523809523796
2,677,380,379.33333333333326
2,678,378,378.66666666666646
2,679,378,378.2857142857141
2,680,378,377.7142857142856
2,681,378,377.4285714285712
2,682,376,376.7142857142856
2,683,376,375.7142857142856
2,684,375,374.9047619047617
2,685,374,374.33333333333314
2,686,374,373.61904761904754
2,687,373,373.2380952380951
2,688,373,373.2380952380952
2,689,373,372.80952380952374
2,690,373,372.142857142857
2,691,371,371.76190476190465
2,692,371,371.7619047619047
2,693,373,372.14285714285705
2,694,373,372.7142857142856
2,695,373,373.2857142857142
2,696,373,373.5714285714285
2,697,375,374.3809523809524
2,698,375,375.0476190476189
2,699,376,375.95238095238085
2,700,376,376.52380952380935
2,701,378,377.3809523809523
2,702,378,378.2857142857142
2,703,379,379.0952380952381
2,704,380,379.6666666666665
2,705,380,380.28571428571433
2,706,381,380.80952380952374
2,707,381,381.3809523809523
2,708,382,381.7142857142856
2,709,382,381.52380952380935
2,710,381,381.47619047619037
2,711,381,381.6666666666665
2,712,382,381.4285714285713
2,713,382,380.95238095238085
2,714,379,380.095238095238
2,715,379,379.42857142857133
2,716,379,378.57142857142844
2,717,379,378.0952380952379
2,718,376,376.9523809523809
2,719,376,375.9999999999999
2,720,375,374.9523809523808
2,721,375,374.38095238095235
2,722,373,373.57142857142844
2,723,373,373.00000000000006
2,724,373,372.8571428571427
2,725,373,373.33333333333326
2,726,374,373.5714285714284
2,727,374,373.99999999999994
2,728,374,374.33333333333314
2,729,375,374.7142857142855
2,730,375,375.0952380952379
2,731,376,375.85714285714266
2,732,376,376.52380952380935
2,733,378,377.47619047619037
2,734,378,378.14285714285694
2,735,379,378.90476190476187
2,736,379,379.09523809523796
2,737,380,379.8571428571428
2,738,380,380.7142857142854
2,739,382,381.3809523809523
2,740,382,381.5714285714283
2,741,381,381.52380952380946
2,742,381,381.23809523809507
2,743,381,380.8095238095238
2,744,381,380.4285714285712
2,745,379,379.6190476190475
2,746,379,378.8571428571428
2,747,378,378.2857142857142
2,748,378,377.6190476190476
2,749,377,376.7619047619046
2,750,375,375.6190476190474
2,751,375,374.3333333333332
2,752,373,373.4761904761904
2,753,373,373.19047619047615
2,754,373,372.7619047619046
2,755,373,372.57142857142856
2,756,372,372.3809523809523
2,757,372,372.2857142857141
2,758,373,372.6190476190475
2,759,373,373.19047619047615
2,760,374,373.80952380952357
2,761,374,374.0952380952379
2,762,375,374.8571428571426
2,763,375,375.52380952380935
2,764,377,376.4761904761904
2,765,377,377.2
2,766,378,377.9142857142855
2,767,378,378.09999999999985
2,768,380,377.23809523809524
2,769,380,379.6666666666665
2,770,380,381.1904761904761
2,771,381,380.6190476190476
2,772,381,380.6190476190474
2,773,380,380.4285714285713
2,774,380,380.1428571428571
2,775,380,379.8571428571428
2,776,380,379.6666666666664
2,777,379,379.33333333333314
2,778,379,379.2380952380951
2,779,379,378.80952380952385
2,780,379,378.52380952380946
2,781,377,377.57142857142844
2,782,377,376.52380952380946
2,783,375,375.4285714285713
2,784,375,374.8571428571427
2,785,374,374.09523809523796
2,786,374,373.7142857142856
2,787,373,373.2380952380951
2,788,373,373.14285714285717
2,789,373,372.85714285714266
2,790,373,372.57142857142856
2,791,372,372.3809523809523
2,792,372,372.1904761904761
2,793,373,372.6666666666667
2,794,373,373.33333333333314
2,795,375,374.4761904761904
2,796,375,375.95238095238085
2,797,378,377.4285714285713
2,798,379,378.57142857142844
2,799,379,379.5714285714283
2,800,380,379.76190476190465
2,801,380,379.9523809523808
2,802,380,380.095238095238
2,803,380,380.09523809523813
2,804,380,379.9523809523809
2,805,380,379.6666666666664
2,806,379,379.33333333333314
2,807,379,379.14285714285705
2,808,379,378.85714285714266
2,809,379,378.8571428571428
2,810,378,378.2380952380952
2,811,378,377.47619047619025
2,812,376,376.52380952380935
2,813,376,375.8571428571427
2,814,375,375.09523809523796
2,815,375,374.71428571428567
2,816,374,374.3333333333332
2,817,374,373.9999999999998
2,818,374,373.5714285714285
2,819,373,373.33333333333326
2,820,373,372.9523809523809
2,821,373,372.95238095238096
2,822,373,373.33333333333326
2,823,374,373.66666666666663
2,824,374,373.7619047619046
2,825,374,374.19047619047615
2,826,374,374.57142857142827
2,827,376,375.38095238095235
2,828,376,376.0476190476189
2,829,377,376.95238095238085
2,830,377,377.52380952380963
2,831,379,378.4761904761905
2,832,379,379.14285714285694
2,833,380,379.9047619047617
2,834,380,380.3809523809521
2,835,381,380.8095238095238
2,836,381,380.5714285714285
2,837,380,380.1904761904761
2,838,379,379.33333333333326
2,839,379,378.7142857142855
2,840,378,378.19047619047603
2,841,378,377.9999999999998
2,842,377,377.0952380952381
2,843,377,376.14285714285694
2,844,374,374.8571428571428
2,845,374,373.9047619047618
2,846,373,372.99999999999994
2,847,373,372.61904761904754
2,848,372,372.2857142857143
2,849,372,372.47619047619025
2,850,373,372.5238095238094
2,851,373,372.5238095238095
2,852,372,372.47619047619037
2,853,372,372.2857142857141
2,854,373,372.5238095238095
2,855,373,373.3333333333332
2,856,374,373.90476190476164
2,857,375,374.71428571428567
2,858,375,375.6190476190476
2,859,377,376.4761904761904
2,860,377,377.0476190476189
2,861,378,377.95238095238085
2,862,378,378.6190476190476
2,863,380,379.4285714285714
2,864,380,379.90476190476187
2,865,380,380.09523809523796
2,866,380,380.047619047619
2,867,380,380.33333333333326
2,868,381,380.7619047619047
2,869,381,380.9047619047619
2,870,381,381.142857142857
2,871,380,380.142857142857
2,872,380,378.99999999999994
2,873,376,377.0952380952379
2,874,376,375.19047619047603
2,875,373,373.6190476190476
2,876,373,373.23809523809507
2,877,373,372.66666666666663
2,878,373,372.57142857142856
2,879,372,372.3809523809523
2,880,372,372.095238095238
2,881,373,372.6190476190475
2,882,373,373.99999999999994
2,883,376,375.33333333333326
2,884,377,376.5714285714286
2,885,377,377.5714285714284
2,886,378,377.7619047619047
2,887,378,377.7619047619047
2,888,378,378.19047619047603
2,889,378,378.6666666666666
2,890,380,379.33333333333326
2,891,380,379.8095238095236
2,892,380,380.2380952380951
2,893,380,380.33333333333326
2,894,381,380.6666666666666
2,895,381,381.04761904761887
2,896,381,381.04761904761887
2,897,381,380.6666666666666
2,898,380,380.33333333333314
2,899,380,380.2380952380951
2,900,380,379.8095238095237
2,901,380,379.52380952380946
2,902,378,378.8571428571428
2,903,378,377.2857142857142
2,904,376,375.4761904761903
2,905,373,374.095238095238
2,906,373,373.04761904761904
2,907,373,372.66666666666663
2,908,373,372.6666666666665
2,909,372,372.3333333333332
2,910,372,371.8571428571427
2,911,372,371.99999999999983
2,912,372,372.6666666666665
2,913,374,373.33333333333326
2,914,374,373.7142857142857
2,915,374,374.2857142857141
2,916,374,374.57142857142827
2,917,376,375.38095238095235
2,918,376,376.0476190476189
2,919,377,376.95238095238085
2,920,377,377.52380952380963
2,921,379,378.4761904761905
2,922,379,379.2380952380951
2,923,380,379.9523809523807
2,924,380,379.90476190476187
2,925,380,379.76190476190453
2,926,379,379.33333333333314
2,927,379,379.2380952380951
2,928,379,378.80952380952385
2,929,379,378.33333333333326
2,930,377,377.6666666666665
2,931,377,377.38095238095224
2,932,377,376.66666666666674
2,933,377,375.99999999999994
2,934,374,374.9999999999999
2,935,374,374.23809523809507
2,936,374,373.66666666666663
2,937,374,373.76190476190476
2,938,373,373.2857142857142
2,939,373,372.61904761904754
2,940,372,372.2857142857143
2,941,372,372.3809523809523
2,942,373,372.5714285714284
2,943,373,372.76190476190465
2,944,373,373.19047619047603
2,945,373,373.5714285714285
2,946,375,374.3809523809524
2,947,375,375.0476190476189
2,948,376,375.7619047619047
2,949,376,376.71428571428567
2,950,378,378.0952380952379
2,951,380,379.2380952380952
2,952,380,380.09523809523796
2,953,380,380.19047619047615
2,954,380,380.09523809523813
2,955,380,379.9523809523809
2,956,380,379.6666666666664
2,957,379,379.33333333333314
2,958,379,379.2380952380951
2,959,379,378.80952380952385
2,960,379,378.33333333333326
2,961,377,377.6666666666665
2,962,377,377.2857142857143
2,963,377,376.71428571428544
2,964,377,376.4285714285712
2,965,375,375.6190476190475
2,966,375,374.95238095238085
2,967,374,374.0476190476188
2,968,374,373.38095238095235
2,969,372,372.5714285714285
2,970,372,372.1904761904761
2,971,372,371.66666666666663
2,972,372,371.7142857142856
2,973,371,371.4761904761905
2,974,372,371.8095238095236
2,975,372,372.3333333333332
2,976,374,373.5238095238094
2,977,374,374.38095238095224
2,978,376,375.6190476190475
2,979,376,376.4761904761903
2,980,378,377.57142857142844
2,981,378,378.14285714285694
2,982,379,378.90476190476187
2,983,379,379.1904761904761
2,984,380,379.8095238095238
2,985,380,380.3809523809521
2,986,381,380.71428571428555
2,987,381,380.7142857142857
2,988,380,380.3809523809523
2,989,380,379.8095238095237
2,990,379,379.1904761904761
2,991,379,378.71428571428555
2,992,378,378.52380952380935
2,993,378,377.9047619047618
2,994,378,377.0952380952379
2,995,375,375.90476190476176
2,996,375,374.4761904761903
2,997,373,373.38095238095235
2,998,373,373.19047619047615
2,999,373,372.7619047619046
2,1000,373,372.6666666666665
2,1001,372,372.3333333333332
2,1002,372,372.0476190476189
2,1003,372,371.9047619047618
2,1004,372,371.90476190476187
2,1005,372,372.0476190476188
2,1006,372,372.1428571428571
2,1007,373,372.7619047619046
2,1008,373,373.42857142857133
2,1009,375,374.52380952380935
2,1010,375,375.47619047619037
2,1011,377,376.5714285714285
2,1012,377,377.142857142857
2,1013,378,377.90476190476187
2,1014,378,378.190476190476
2,1015,379,378.8095238095237
2,1016,379,379.2857142857143
2,1017,380,379.76190476190465
2,1018,380,379.9523809523808
2,1019,380,380.095238095238
2,1020,380,380.1904761904761
2,1021,380,380.00000000000017
2,1022,380,379.4857142857142
2,1023,378,378.10000000000014
2,1024,378,375.8571428571427
2,1025,378,376.8095238095238
2,1026,375,376.5238095238094
2,1027,375,374.9047619047617
2,1028,374,373.99999999999994
2,1029,374,373.80952380952357
2,1030,373,373.19047619047615
2,1031,373,372.7142857142856
2,1032,372,372.2380952380952
2,1033,372,372.0476190476189
2,1034,372,371.9047619047618
2,1035,372,371.80952380952374
2,1036,372,372.0952380952379
2,1037,372,372.47619047619025
2,1038,374,373.42857142857133
2,1039,374,374.4761904761903
2,1040,376,375.5714285714285
2,1041,376,376.14285714285705
2,1042,377,376.80952380952374
2,1043,377,377.33333333333326
2,1044,378,377.99999999999994
2,1045,379,378.6666666666666
2,1046,379,379.28571428571405
2,1047,380,379.8095238095238
2,1048,380,380.3809523809521
2,1049,381,380.71428571428555
2,1050,381,380.7142857142857
2,1051,380,380.3809523809523
2,1052,380,379.8095238095237
2,1053,379,379.1904761904761
2,1054,379,378.90476190476187
2,1055,378,378.14285714285705
2,1056,378,377.57142857142844
2,1057,376,376.47619047619037
2,1058,376,375.5238095238094
2,1059,374,374.42857142857133
2,1060,374,373.8571428571427
2,1061,373,373.0952380952379
2,1062,373,372.7142857142856
2,1063,372,372.2380952380952
2,1064,372,372.0476190476189
2,1065,372,371.8095238095238
2,1066,372,372.0476190476188
2,1067,372,372.3333333333332
2,1068,373,372.57142857142844
2,1069,373,372.99999999999994
2,1070,373,372.9523809523808
2,1071,374,373.9047619047618
2,1072,374,375.61904761904754
2,1073,379,377.33333333333314
2,1074,379,378.8095238095237
2,1075,379,379.8095238095238
2,1076,380,379.66666666666646
2,1077,380,379.9523809523808
2,1078,380,380.095238095238
2,1079,380,379.99999999999983
2,1080,380,379.99999999999983
2,1081,380,380.1904761904761
2,1082,380,379.90476190476187
2,1083,380,379.33333333333326
2,1084,378,378.66666666666646
2,1085,378,378.3809523809523
2,1086,378,377.6666666666665
2,1087,378,377.1904761904761
2,1088,375,375.90476190476176
2,1089,375,374.57142857142844
2,1090,373,373.33333333333314
2,1091,373,372.76190476190476
2,1092,372,372.14285714285717
2,1093,372,372.0476190476189
2,1094,372,371.8095238095238
2,1095,372,372.0476190476188
2,1096,372,372.2380952380952
2,1097,373,372.7142857142856
2,1098,373,373.095238095238
2,1099,374,373.8571428571427
2,1100,374,374.42857142857133
2,1101,376,375.5238095238094
2,1102,376,376.5714285714283
2,1103,378,377.52380952380946
2,1104,378,377.71428571428555
2,1105,378,378.2857142857142
2,1106,378,378.6666666666666
2,1107,380,379.33333333333326
2,1108,380,379.90476190476187
2,1109,380,380.19047619047615
2,1110,380,379.99999999999983
2,1111,380,379.99999999999983
2,1112,380,380.09523809523813
2,1113,380,379.9523809523809
2,1114,380,379.6666666666664
2,1115,379,379.52380952380946
2,1116,379,378.95238095238085
2,1117,379,378.3333333333332
2,1118,377,377.6190476190474
2,1119,377,376.95238095238096
2,1120,376,376.0476190476189
2,1121,376,375.5714285714284
2,1122,374,374.4761904761903
2,1123,374,373.4285714285713
2,1124,372,372.47619047619037
2,1125,372,372.09523809523785
2,1126,372,371.80952380952374
2,1127,372,371.90476190476187
2,1128,372,372.0476190476188
2,1129,372,372.1428571428571
2,1130,373,372.7619047619046
2,1131,373,373.5238095238094
2,1132,375,374.3809523809522
2,1133,375,375.2857142857141
2,1134,376,375.9047619047618
2,1135,377,376.76190476190465
2,1136,377,377.9523809523808
2,1137,380,379.14285714285705
2,1138,380,380.1904761904761
2,1139,381,380.9523809523808
2,1140,381,380.95238095238096
2,1141,381,381.09523809523796
2,1142,381,380.9999999999999
2,1143,381,380.9999999999999
2,1144,381,381.0952380952378
2,1145,381,380.95238095238085
2,1146,381,380.7619047619047
2,1147,380,380.28571428571416
2,1148,380,380.09523809523796
2,1149,379,379.0476190476189
2,1150,379,377.7142857142855
2,1151,375,376.2380952380951
2,1152,375,375.38095238095235
2,1153,375,374.5238095238094
2,1154,375,374.5238095238094
2,1155,373,373.4761904761904
2,1156,373,372.4761904761904
2,1157,371,371.80952380952374
2,1158,372,371.7619047619046
2,1159,372,371.5714285714285
2,1160,372,372.1904761904761
2,1161,372,372.5714285714285
2,1162,374,373.38095238095235
2,1163,374,374.0476190476189
2,1164,375,374.9523809523807
2,1165,375,375.52380952380935
2,1166,377,376.4761904761904
2,1167,377,377.142857142857
2,1168,378,377.90476190476187
2,1169,378,378.190476190476
2,1170,379,378.8095238095237
2,1171,379,379.1904761904761
2,1172,380,379.8095238095238
2,1173,380,380.3809523809521
2,1174,381,380.71428571428555
2,1175,381,380.6190476190474
2,1176,380,380.5238095238095
2,1177,380,379.9999999999999
2,1178,380,379.8571428571426
2,1179,379,379.19047619047615
2,1180,379,378.142857142857
2,1181,376,376.85714285714283
2,1182,376,375.9999999999999
2,1183,375,374.9523809523808
2,1184,375,374.5714285714285
2,1185,373,373.4761904761904
2,1186,373,372.23809523809507
2,1187,371,371.57142857142856
2,1188,371,371.85714285714283
2,1189,373,372.095238095238
2,1190,373,372.4761904761904
2,1191,372,372.5714285714284
2,1192,372,372.1904761904761
2,1193,373,372.47619047619025
2,1194,373,373.7142857142856
2,1195,375,374.99999999999994
2,1196,377,376.2857142857143
2,1197,377,377.2380952380952
2,1198,378,377.95238095238085
2,1199,378,378.6190476190476
2,1200,380,379.4285714285714
2,1201,380,379.8095238095236
2,1202,380,380.2380952380951
2,1203,380,380.4285714285714
2,1204,381,380.6190476190476
2,1205,381,380.7142857142857
2,1206,380,380.3809523809523
2,1207,380,379.8095238095237
2,1208,379,379.1904761904761
2,1209,379,378.90476190476187
2,1210,378,378.14285714285705
2,1211,378,377.47619047619025
2,1212,376,376.52380952380935
2,1213,376,375.95238095238096
2,1214,375,375.0476190476188
2,1215,375,374.47619047619037
2,1216,373,373.5238095238094
2,1217,373,372.76190476190476
2,1218,372,371.9523809523808
2,1219,372,372.14285714285705
2,1220,372,372.57142857142856
2,1221,374,373.33333333333326
2,1222,374,373.7142857142857
2,1223,374,374.2857142857141
2,1224,374,374.4761904761903
2,1225,376,375.42857142857133
2,1226,376,376.38095238095224
2,1227,378,377.6190476190476
2,1228,378,378.57142857142844
2,1229,380,379.42857142857133
2,1230,380,379.95238095238085
2,1231,380,380.4285714285714
2,1232,381,380.71428571428567
2,1233,381,381.47619047619037
2,1234,382,381.66666666666663
2,1235,382,381.28571428571416
2,1236,380,380.76190476190465
2,1237,380,380.19047619047603
2,1238,380,379.7619047619046
2,1239,380,379.85714285714283
2,1240,379,379.2380952380952
2,1241,379,378.3809523809524
2,1242,377,377.57142857142844
2,1243,377,377.2857142857143
2,1244,377,376.71428571428544
2,1245,377,376.5238095238095
2,1246,375,375.5714285714284
2,1247,375,374.4285714285714
2,1248,373,373.4761904761904
2,1249,373,373.19047619047615
2,1250,373,372.7619047619046
2,1251,373,372.6666666666665
2,1252,372,372.3333333333332
2,1253,372,371.7619047619047
2,1254,372,372.04761904761887
2,1255,372,372.9999999999998
2,1256,375,373.80952380952374
2,1257,375,374.95238095238085
2,1258,375,375.76190476190476
2,1259,377,376.42857142857133
2,1260,377,377.47619047619037
2,1261,379,378.57142857142844
2,1262,379,379.14285714285694
2,1263,380,379.9047619047617
2,1264,380,380.3809523809521
2,1265,381,380.71428571428555
2,1266,381,380.52380952380946
2,1267,380,380.4761904761903
2,1268,380,380.5714285714285
2,1269,381,380.4761904761903
2,1270,381,380.4761904761904
2,1271,379,379.6666666666664
2,1272,379,378.42857142857133
2,1273,377,377.57142857142844
2,1274,377,377.0476190476189
2,1275,377,376.0952380952381
2,1276,376,376.52380952380946
2,1277,376,377.057142857143
2,1278,380,378.37142857142845
2,1279,380,380.4
2,1280,380,377.6666666666666
2,1281,379,378.52380952380946
2,1282,379,377.52380952380946
2,1283,372,374.6666666666665
2,1284,373,372.95238095238085
2,1285,373,371.7619047619047
2,1286,372,372.52380952380935
2,1287,372,372.5238095238095
2,1288,374,373.3333333333333
2,1289,374,374.38095238095224
2,1290,376,375.6190476190475
2,1291,376,376.4761904761903
2,1292,378,377.57142857142844
2,1293,378,378.23809523809507
2,1294,379,378.85714285714266
2,1295,379,378.85714285714266
2,1296,379,379.14285714285705
2,1297,379,379.52380952380946
2,1298,380,379.5714285714286
2,1299,380,379.2857142857142
2,1300,378,378.76190476190453
2,1301,378,378.3809523809523
2,1302,378,377.6666666666665
2,1303,378,376.99999999999994
2,1304,375,375.99999999999994
2,1305,375,375.2380952380951
2,1306,375,374.85714285714283
2,1307,375,374.57142857142844
2,1308,374,373.66666666666663
2,1309,372,372.71428571428567
2,1310,372,372.09523809523796
2,1311,372,371.76190476190476
2,1312,372,371.3809523809524
2,1313,371,371.47619047619025
2,1314,371,372.142857142857
2,1315,374,372.8571428571427
2,1316,374,373.3333333333332
2,1317,373,373.7142857142856
2,1318,373,373.7142857142857
2,1319,375,374.2380952380952
2,1320,375,374.8095238095237
2,1321,375,375.23809523809507
2,1322,375,375.2380952380951
2,1323,376,375.7142857142855
2,1324,376,375.9999999999999
2,1325,377,376.9047619047618
2,1326,377,377.95238095238085
2,1327,380,379.0952380952379
2,1328,380,379.8571428571428
2,1329,380,380.28571428571416
2,1330,380,379.99999999999983
2,1331,380,379.99999999999983
2,1332,380,379.99999999999983
2,1333,380,380.28571428571416
2,1334,380,379.8571428571429
2,1335,380,378.99999999999994
2,1336,377,378.0
2,1337,377,377.3333333333331
2,1338,377,376.61904761904736
2,1339,377,376.33333333333326
2,1340,375,375.6666666666666
2,1341,375,375.2857142857141
2,1342,375,374.7142857142855
2,1343,375,374.4285714285712
2,1344,373,373.61904761904754
2,1345,373,372.76190476190476
2,1346,372,372.14285714285717
2,1347,372,372.0476190476189
2,1348,372,371.7142857142856
2,1349,372,372.0952380952379
2,1350,372,372.7619047619046
2,1351,374,373.2857142857142
2,1352,374,373.1904761904761
2,1353,373,373.7142857142857
2,1354,373,374.38095238095235
2,1355,377,375.5714285714285
2,1356,377,376.52380952380935
2,1357,377,377.52380952380935
2,1358,377,378.0
2,1359,380,378.99999999999994
2,1360,380,379.8571428571428
2,1361,380,380.28571428571416
2,1362,380,379.90476190476176
2,1363,380,380.047619047619
2,1364,380,380.52380952380935
2,1365,381,380.5714285714285
2,1366,381,380.2857142857141
2,1367,379,380.1428571428571
2,1368,379,378.90476190476176
2,1369,379,377.4761904761904
2,1370,375,376.33333333333326
2,1371,375,375.38095238095235
2,1372,375,374.5238095238094
2,1373,375,374.3333333333332
2,1374,373,373.66666666666646
2,1375,373,373.095238095238
2,1376,373,372.80952380952374
2,1377,373,372.99999999999983
2,1378,373,372.99999999999983
2,1379,373,372.99999999999983
2,1380,373,372.99999999999983
2,1381,373,372.8095238095237
2,1382,373,373.095238095238
2,1383,373,373.5714285714285
2,1384,375,374.3809523809524
2,1385,375,375.0476190476189
2,1386,376,375.95238095238085
2,1387,376,376.52380952380935
2,1388,378,377.47619047619037
2,1389,378,378.14285714285694
2,1390,379,378.8095238095237
2,1391,379,379.33333333333314
2,1392,380,380.09523809523813
2,1393,381,380.6190476190475
2,1394,381,381.142857142857
2,1395,381,381.04761904761887
2,1396,381,380.7619047619047
2,1397,380,380.28571428571416
2,1398,380,379.7142857142856
2,1399,379,379.238095238095
2,1400,379,379.3333333333333
2,1401,379,378.76190476190465
2,1402,379,378.0952380952379
2,1403,376,376.9523809523809
2,1404,376,375.90476190476176
2,1405,375,374.99999999999994
2,1406,375,374.80952380952374
2,1407,374,374.1904761904761
2,1408,374,373.7142857142856
2,1409,373,373.2380952380951
2,1410,373,373.0476190476189
2,1411,373,372.9047619047618
2,1412,373,372.99999999999983
2,1413,373,372.99999999999983
2,1414,373,372.8095238095237
2,1415,373,373.095238095238
2,1416,373,373.66666666666663
2,1417,375,374.04761904761887
2,1418,375,375.0476190476189
2,1419,375,376.190476190476
2,1420,378,376.9999999999999
2,1421,378,377.7619047619046
2,1422,378,378.3333333333331
2,1423,378,378.33333333333326
2,1424,379,378.6666666666666
2,1425,379,378.95238095238085
2,1426,379,379.095238095238
2,1427,379,379.190476190476
2,1428,379,378.90476190476187
2,1429,379,378.52380952380946
2,1430,377,377.57142857142844
2,1431,377,376.52380952380946
2,1432,375,375.4285714285713
2,1433,375,374.7619047619047
2,1434,374,374.1428571428571
2,1435,374,374.14285714285717
2,1436,374,373.8571428571428
2,1437,374,373.76190476190476
2,1438,373,373.19047619047615
2,1439,373,372.76190476190476
2,1440,372,372.5714285714284
2,1441,373,372.7142857142856
2,1442,373,372.7619047619046
2,1443,373,373.14285714285705
2,1444,373,373.1428571428571
2,1445,374,373.76190476190465
2,1446,374,374.5238095238094
2,1447,376,375.4761904761903
2,1448,376,376.14285714285705
2,1449,377,376.9047619047618
2,1450,377,377.095238095238
2,1451,378,377.8571428571428
2,1452,378,378.6190476190476
2,1453,380,379.4285714285714
2,1454,380,379.90476190476187
2,1455,380,380.19047619047615
2,1456,380,380.09523809523813
2,1457,380,379.9523809523809
2,1458,380,379.76190476190476
2,1459,379,379.28571428571405
2,1460,379,378.80952380952374
2,1461,378,378.38095238095224
2,1462,378,377.6190476190476
2,1463,377,376.6666666666665
2,1464,375,375.6666666666666
2,1465,375,374.76190476190465
2,1466,374,374.09523809523796
2,1467,374,373.80952380952357
2,1468,373,373.19047619047615
2,1469,373,372.7142857142856
2,1470,372,372.2380952380952
2,1471,372,371.95238095238085
2,1472,372,371.9523809523808
2,1473,372,372.2380952380952
2,1474,373,372.7142857142856
2,1475,373,373.19047619047615
2,1476,374,373.80952380952357
2,1477,374,374.28571428571416
2,1478,375,374.5714285714285
2,1479,375,375.14285714285705
2,1480,375,375.7142857142856
2,1481,377,375.9999999999999
2,1482,376,376.2380952380951
2,1483,376,376.14285714285705
2,1484,376,375.95238095238085
2,1485,376,375.95238095238085
2,1486,377,377.04761904761904
2,1487,377,378.19047619047603
2,1488,381,379.09523809523796
2,1489,379,379.47619047619037
2,1490,379,379.6666666666667
2,1491,379,378.7142857142856
2,1492,379,378.52380952380946
2,1493,377,377.57142857142844
2,1494,377,376.61904761904754
2,1495,375,375.3809523809523
2,1496,375,374.4285714285714
2,1497,373,373.4761904761904
2,1498,373,373.19047619047615
2,1499,373,372.7619047619046
2,1500,373,372.47619047619037
2,1501,372,372.42857142857133
2,1502,372,372.6190476190475
2,1503,374,373.2857142857141
2,1504,374,374.2380952380951
2,1505,375,374.6666666666665
2,1506,375,375.0476190476189
2,1507,375,375.66666666666674
2,1508,377,376.38095238095235
2,1509,377,377.142857142857
2,1510,378,377.90476190476187
2,1511,378,378.2857142857143
2,1512,379,378.76190476190465
2,1513,379,378.76190476190465
2,1514,379,379.19047619047586
2,1515,379,379.6666666666666
2,1516,381,380.3333333333332
2,1517,381,380.9999999999999
2,1518,381,381.142857142857
2,1519,381,380.6666666666666
2,1520,380,380.33333333333314
2,1521,380,380.3333333333333
2,1522,380,379.7619047619046
2,1523,380,379.0952380952381
2,1524,377,377.95238095238085
2,1525,377,376.9999999999999
2,1526,376,375.9523809523809
2,1527,376,375.5714285714284
2,1528,374,374.4761904761903
2,1529,374,373.4285714285713
2,1530,372,372.47619047619037
2,1531,372,372.09523809523785
2,1532,372,371.7142857142856
2,1533,372,372.00000000000006
2,1534,372,372.25714285714275
2,1535,373,372.95
2,1536,373,372.57142857142844
2,1537,373,372.99999999999994
2,1538,373,373.2380952380951
2,1539,374,373.76190476190465
2,1540,374,374.6190476190476
2,1541,376,375.42857142857133
2,1542,376,375.61904761904736
2,1543,376,376.33333333333326
2,1544,376,376.99999999999994
2,1545,379,377.99999999999983
2,1546,379,378.7619047619047
2,1547,379,379.238095238095
2,1548,379,379.3809523809523
2,1549,380,379.9999999999999
2,1550,381,380.6190476190475
2,1551,381,381.04761904761887
2,1552,381,381.09523809523796
2,1553,381,380.9999999999999
2,1554,381,380.9999999999999
2,1555,381,380.9999999999999
2,1556,381,380.9999999999999
2,1557,381,381.0952380952378
2,1558,381,380.95238095238085
2,1559,381,380.5714285714285
2,1560,380,380.38095238095224
2,1561,380,380.5714285714285
2,1562,381,380.4761904761903
2,1563,381,380.19047619047603
2,1564,379,379.8095238095237
2,1565,379,379.6190476190474
2,1566,380,379.3809523809524
2,1567,380,379.2857142857142
2,1568,378,378.76190476190453
2,1569,378,378.57142857142844
2,1570,378,377.57142857142844
2,1571,378,376.2380952380951
2,1572,373,374.90476190476187
2,1573,373,373.4761904761904
2,1574,374,372.5238095238093
2,1575,372,372.61904761904754
2,1576,372,372.1904761904759
2,1577,372,371.80952380952374
2,1578,372,371.9999999999999
2,1579,372,371.9999999999999
2,1580,372,371.9999999999999
2,1581,372,371.9999999999999
2,1582,372,371.9999999999999
2,1583,372,371.9999999999999
2,1584,372,371.9999999999999
2,1585,372,371.9999999999999
2,1586,372,371.9999999999999
2,1587,372,371.9999999999999
2,1588,372,372.0000000000002
2,1589,372,371.9999999999999
2,1590,372,371.9999999999999
3,0,372,372.3333333333332
3,1,372,371.5714285714284
3,2,372,372.14285714285705
3,3,372,373.57142857142856
3,4,377,375.3809523809523
3,5,377,377.0
3,6,378,378.190476190476
3,7,378,378.38095238095224
3,8,379,378.7142857142855
3,9,379,378.6190476190474
3,10,378,378.4285714285712
3,11,378,378.04761904761887
3,12,378,377.90476190476176
3,13,378,377.9999999999999
3,14,378,377.9999999999999
3,15,378,377.9999999999999
3,16,378,377.9999999999999
3,17,378,377.9999999999999
3,18,378,378.09523809523785
3,19,378,377.9523809523808
3,20,378,377.7619047619048
3,21,377,377.2857142857141
3,22,377,376.61904761904765
3,23,376,376.2857142857143
3,24,376,376.4761904761904
3,25,377,376.5238095238094
3,26,377,376.7142857142856
3,27,376,376.38095238095235
3,28,376,375.8095238095237
3,29,375,375.19047619047603
3,30,375,374.80952380952374
3,31,374,374.1904761904761
3,32,374,373.80952380952357
3,33,373,373.19047619047615
3,34,373,372.7142857142856
3,35,372,372.3333333333332
3,36,372,371.99999999999983
3,37,372,371.47619047619037
3,38,371,371.3809523809523
3,39,371,371.38095238095224
3,40,372,371.5714285714285
3,41,372,371.95238095238074
3,42,372,371.99999999999983
3,43,372,372.0476190476188
3,44,372,372.04761904761887
3,45,373,372.80952380952374
3,46,373,373.9523809523808
3,47,376,375.0952380952379
3,48,376,375.8571428571427
3,49,376,376.0952380952381
3,50,376,376.0952380952381
3,51,376,376.6666666666665
3,52,378,377.3333333333333
3,53,378,377.8095238095237
3,54,378,378.2380952380952
3,55,378,378.23809523809507
3,56,379,378.71428571428555
3,57,379,379.2857142857143
3,58,380,379.76190476190465
3,59,380,379.9523809523808
3,60,380,380.095238095238
3,61,380,379.99999999999983
3,62,380,379.90476190476176
3,63,380,380.047619047619
3,64,380,380.4285714285714
3,65,381,380.6190476190476
3,66,381,380.6190476190474
3,67,380,380.4285714285713
3,68,380,380.42857142857133
3,69,380,379.7142857142856
3,70,380,378.6666666666666
3,71,376,377.33333333333337
3,72,376,376.4761904761903
3,73,376,375.4761904761903
3,74,376,375.0952380952379
3,75,373,373.9523809523808
3,76,373,372.8095238095237
3,77,372,371.95238095238096
3,78,372,372.0952380952381
3,79,372,372.047619047619
3,80,373,372.7619047619046
3,81,373,373.42857142857133
3,82,375,374.52380952380935
3,83,375,375.47619047619037
3,84,377,376.5714285714285
3,85,377,377.238095238095
3,86,378,377.8571428571428
3,87,378,377.8571428571427
3,88,378,378.14285714285705
3,89,378,378.23809523809507
3,90,379,378.71428571428555
3,91,379,379.1904761904761
3,92,380,379.8095238095238
3,93,380,380.3809523809521
3,94,381,380.71428571428555
3,95,381,380.7142857142857
3,96,380,380.28571428571416
3,97,380,379.76190476190476
3,98,379,379.76190476190465
3,99,380,379.6190476190474
3,100,380,379.38095238095224
3,101,378,378.6666666666666
3,102,378,377.71428571428567
3,103,376,376.3333333333332
3,104,376,375.0952380952382
3,105,373,373.8095238095238
3,106,373,373.23809523809507
3,107,373,372.66666666666663
3,108,373,372.6666666666665
3,109,372,372.3333333333332
3,110,372,371.95238095238085
3,111,372,371.9523809523808
3,112,372,372.1428571428571
3,113,373,372.7619047619046
3,114,373,373.5238095238094
3,115,375,374.47619047619054
3,116,375,374.9523809523808
3,117,376,375.9999999999999
3,118,376,376.95238095238085
3,119,379,378.09523809523813
3,120,379,378.7619047619047
3,121,379,379.33333333333326
3,122,379,379.33333333333314
3,123,380,379.85714285714283
3,124,380,379.8571428571428
3,125,380,379.33333333333314
3,126,378,378.7142857142856
3,127,378,378.6190476190475
3,128,379,378.38095238095224
3,129,379,378.3809523809523
3,130,377,377.7142857142856
3,131,377,376.95238095238096
3,132,376,376.0476190476189
3,133,376,375.38095238095224
3,134,374,374.5714285714284
3,135,374,374.1904761904762
3,136,374,373.7619047619046
3,137,374,373.76190476190476
3,138,373,373.2857142857142
3,139,373,372.7142857142856
3,140,372,372.2380952380952
3,141,372,371.95238095238085
3,142,372,371.7619047619047
3,143,372,372.4285714285713
3,144,373,373.142857142857
3,145,375,374.3809523809522
3,146,375,375.4761904761903
3,147,377,376.61904761904754
3,148,377,377.57142857142844
3,149,379,378.5238095238094
3,150,379,378.7142857142855
3,151,379,379.28571428571416
3,152,379,379.7619047619046
3,153,381,380.285714285714
3,154,381,380.6666666666666
3,155,380,380.4761904761904
3,156,380,379.8095238095237
3,157,379,379.1904761904761
3,158,379,378.80952380952374
3,159,378,378.19047619047603
3,160,378,377.9047619047617
3,161,377,377.142857142857
3,162,377,376.57142857142844
3,163,375,375.4761904761903
3,164,375,374.4285714285714
3,165,373,373.4761904761904
3,166,373,373.095238095238
3,167,373,372.9047619047617
3,168,373,372.95238095238096
3,169,373,372.57142857142856
3,170,372,372.3809523809523
3,171,372,372.3809523809523
3,172,373,372.5714285714284
3,173,373,372.76190476190465
3,174,373,373.19047619047603
3,175,373,373.5714285714285
3,176,375,374.3809523809524
3,177,375,375.0476190476189
3,178,376,375.95238095238085
3,179,376,376.42857142857133
3,180,378,377.5238095238095
3,181,378,378.47619047619037
3,182,380,379.57142857142844
3,183,380,380.2380952380952
3,184,381,380.8571428571427
3,185,381,381.04761904761887
3,186,381,381.23809523809524
3,187,381,380.57142857142856
3,188,380,379.7619047619047
3,189,378,378.6666666666666
3,190,378,377.8571428571428
3,191,377,377.0476190476189
3,192,377,376.4761904761903
3,193,375,375.5238095238094
3,194,375,374.8571428571427
3,195,374,374.09523809523796
3,196,374,373.80952380952357
3,197,373,373.19047619047615
3,198,373,372.7142857142856
3,199,372,372.2380952380952
3,200,372,372.0476190476189
3,201,372,371.9047619047618
3,202,372,371.80952380952374
3,203,372,372.0952380952379
3,204,372,372.47619047619025
3,205,374,373.42857142857133
3,206,374,374.38095238095224
3,207,376,375.5238095238094
3,208,376,376.6190476190476
3,209,378,377.7619047619047
3,210,379,378.6190476190476
3,211,379,379.47619047619025
3,212,380,379.76190476190465
3,213,380,379.9523809523808
3,214,380,380.095238095238
3,215,380,380.09523809523813
3,216,380,379.9523809523809
3,217,380,379.76190476190476
3,218,379,379.28571428571405
3,219,379,378.90476190476187
3,220,378,378.14285714285705
3,221,378,377.47619047619025
3,222,376,376.52380952380935
3,223,376,375.95238095238096
3,224,375,375.0476190476188
3,225,375,374.47619047619037
3,226,373,373.5238095238094
3,227,373,372.76190476190476
3,228,372,372.14285714285717
3,229,372,371.95238095238085
3,230,372,371.9523809523808
3,231,372,372.3333333333332
3,232,373,372.57142857142844
3,233,373,372.99999999999994
3,234,373,373.2380952380951
3,235,374,373.76190476190465
3,236,374,374.5238095238094
3,237,376,375.4761904761903
3,238,376,376.0476190476189
3,239,377,376.95238095238085
3,240,377,377.52380952380963
3,241,379,378.4761904761905
3,242,379,379.14285714285694
3,243,380,379.9047619047617
3,244,380,380.3809523809521
3,245,381,380.71428571428555
3,246,381,380.7142857142857
3,247,380,380.3809523809523
3,248,380,379.7142857142856
3,249,379,379.33333333333326
3,250,379,378.99999999999983
3,251,379,378.57142857142844
3,252,378,378.3333333333331
3,253,378,378.02857142857164
3,254,378,377.8571428571428
3,255,378,377.99999999999983
3,256,377,375.5238095238094
3,257,377,375.99999999999994
3,258,374,375.28571428571416
3,259,374,373.3809523809523
3,260,372,372.4285714285713
3,261,372,372.3333333333333
3,262,373,372.5238095238094
3,263,373,373.095238095238
3,264,374,373.8571428571427
3,265,374,374.42857142857133
3,266,376,375.5238095238094
3,267,376,376.38095238095224
3,268,378,377.6190476190476
3,269,378,378.57142857142844
3,270,380,379.5238095238094
3,271,380,379.90476190476187
3,272,380,380.19047619047615
3,273,380,379.99999999999983
3,274,380,379.99999999999983
3,275,380,379.90476190476176
3,276,380,380.047619047619
3,277,380,380.4285714285714
3,278,381,380.80952380952374
3,279,381,380.52380952380946
3,280,380,379.85714285714266
3,281,378,378.6666666666666
3,282,378,377.8571428571428
3,283,377,377.0476190476189
3,284,377,376.57142857142844
3,285,375,375.4761904761903
3,286,375,374.4285714285714
3,287,373,373.4761904761904
3,288,373,373.19047619047615
3,289,373,372.7619047619046
3,290,373,372.57142857142856
3,291,372,372.3809523809523
3,292,372,372.2857142857141
3,293,373,372.6190476190475
3,294,373,373.19047619047615
3,295,374,373.80952380952357
3,296,374,373.99999999999983
3,297,375,374.9999999999999
3,298,375,375.90476190476176
3,299,378,376.4761904761905
3,300,377,377.33333333333326
3,301,377,378.3333333333333
3,302,380,378.9047619047618
3,303,380,379.7619047619046
3,304,380,380.33333333333326
3,305,380,380.33333333333326
3,306,381,380.6666666666666
3,307,381,381.14285714285694
3,308,381,380.9999999999999
3,309,381,380.4285714285712
3,310,379,379.6190476190475
3,311,379,378.8571428571428
3,312,378,378.09523809523785
3,313,378,377.9047619047617
3,314,377,377.142857142857
3,315,377,376.57142857142844
3,316,375,375.4761904761903
3,317,375,374.4285714285714
3,318,373,373.4761904761904
3,319,373,373.19047619047615
3,320,373,372.7619047619046
3,321,373,372.57142857142856
3,322,372,372.47619047619025
3,323,372,372.3333333333333
3,324,373,371.9523809523808
3,325,372,372.4285714285713
3,326,372,372.95238095238074
3,327,375,373.9999999999998
3,328,375,375.3333333333332
3,329,377,376.71428571428555
3,330,377,377.57142857142844
3,331,379,378.5238095238094
3,332,379,378.8095238095236
3,333,379,379.2380952380952
3,334,379,379.238095238095
3,335,380,379.71428571428555
3,336,380,380.3809523809521
3,337,381,380.71428571428555
3,338,381,380.6190476190474
3,339,380,380.4285714285713
3,340,380,380.2380952380951
3,341,380,379.9047619047619
3,342,380,379.28571428571416
3,343,378,378.52380952380946
3,344,377,377.33333333333326
3,345,377,376.2857142857142
3,346,375,375.5238095238094
3,347,375,374.8571428571427
3,348,374,374.09523809523796
3,349,374,373.80952380952357
3,350,373,373.19047619047615
3,351,373,372.61904761904754
3,352,372,372.2857142857143
3,353,372,372.3809523809523
3,354,373,372.5714285714284
3,355,373,372.76190476190465
3,356,373,373.19047619047603
3,357,373,373.4761904761904
3,358,375,374.4285714285713
3,359,375,375.57142857142844
3,360,377,376.52380952380935
3,361,377,376.71428571428567
3,362,377,377.2857142857143
3,363,377,377.4761904761903
3,364,379,378.4285714285712
3,365,379,379.57142857142844
3,366,381,380.5238095238093
3,367,381,380.9047619047618
3,368,381,381.2857142857143
3,369,381,380.95238095238085
3,370,381,380.8571428571428
3,371,380,380.2380952380953
3,372,380,379.4761904761904
3,373,378,378.5238095238094
3,374,378,377.9523809523809
3,375,377,377.0476190476189
3,376,377,376.57142857142844
3,377,375,375.4761904761903
3,378,375,374.4285714285714
3,379,373,373.4761904761904
3,380,373,373.19047619047615
3,381,373,372.7619047619046
3,382,373,372.57142857142856
3,383,372,372.3809523809523
3,384,372,372.3809523809523
3,385,373,372.3809523809523
3,386,373,373.047619047619
3,387,373,373.66666666666646
3,388,375,374.3809523809524
3,389,375,375.14285714285694
3,390,376,375.9047619047617
3,391,376,376.1904761904761
3,392,377,376.80952380952374
3,393,377,377.1904761904759
3,394,378,377.8095238095237
3,395,378,378.2857142857143
3,396,379,378.76190476190465
3,397,379,378.95238095238085
3,398,379,379.095238095238
3,399,379,378.99999999999983
3,400,379,378.99999999999983
3,401,379,379.190476190476
3,402,379,378.90476190476187
3,403,379,378.4285714285712
3,404,377,377.6190476190474
3,405,377,376.95238095238096
3,406,376,376.0476190476189
3,407,376,375.4761904761903
3,408,374,374.52380952380946
3,409,374,373.8571428571427
3,410,373,372.9999999999999
3,411,373,372.76190476190476
3,412,372,372.5714285714284
3,413,373,372.7142857142856
3,414,373,372.85714285714266
3,415,373,373.095238095238
3,416,373,372.90476190476187
3,417,373,373.0476190476189
3,418,373,373.1428571428571
3,419,374,373.76190476190465
3,420,374,374.6190476190476
3,421,376,375.42857142857133
3,422,376,375.61904761904736
3,423,376,376.33333333333326
3,424,376,376.99999999999994
3,425,379,377.99999999999983
3,426,379,378.66666666666646
3,427,379,379.3809523809524
3,428,379,379.6666666666666
3,429,381,380.4285714285712
3,430,381,380.8571428571427
3,431,381,380.85714285714266
3,432,380,380.33333333333314
3,433,380,380.1428571428571
3,434,380,379.8571428571428
3,435,380,379.9523809523808
3,436,379,379.19047619047615
3,437,379,378.2380952380952
3,438,376,376.8095238095237
3,439,376,375.5714285714284
3,440,374,374.3333333333332
3,441,374,373.76190476190476
3,442,373,373.1428571428571
3,443,373,373.14285714285717
3,444,373,372.85714285714266
3,445,373,372.6666666666665
3,446,372,372.3333333333332
3,447,372,371.95238095238085
3,448,372,371.9523809523808
3,449,372,372.1428571428571
3,450,373,372.7619047619046
3,451,373,373.42857142857133
3,452,375,374.52380952380935
3,453,375,375.47619047619037
3,454,377,376.5714285714285
3,455,377,376.95238095238085
3,456,378,377.9999999999997
3,457,378,378.9523809523807
3,458,381,379.99999999999983
3,459,381,380.9047619047618
3,460,381,381.8095238095237
3,461,382,381.57142857142844
3,462,382,381.28571428571416
3,463,380,380.76190476190465
3,464,380,380.285714285714
3,465,380,379.7142857142856
3,466,380,379.52380952380946
3,467,378,378.57142857142844
3,468,378,377.6190476190475
3,469,376,376.38095238095224
3,470,376,375.5238095238094
3,471,374,374.42857142857133
3,472,374,373.8571428571427
3,473,373,372.9999999999999
3,474,373,372.76190476190476
3,475,372,372.47619047619037
3,476,373,372.76190476190465
3,477,373,373.19047619047603
3,478,374,373.76190476190465
3,479,374,373.7619047619046
3,480,374,374.19047619047615
3,481,374,374.6666666666665
3,482,376,375.33333333333326
3,483,376,375.71428571428567
3,484,376,376.2857142857142
3,485,376,376.57142857142844
3,486,378,377.38095238095224
3,487,378,378.0476190476188
3,488,379,378.9523809523809
3,489,379,379.61904761904754
3,490,381,380.42857142857144
3,491,381,380.9047619047618
3,492,381,381.1904761904761
3,493,381,381.0952380952378
3,494,381,381.0476190476188
3,495,381,380.6190476190474
3,496,380,380.1904761904761
3,497,379,379.2857142857142
3,498,379,378.28571428571416
3,499,377,377.57142857142844
3,500,377,377.38095238095224
3,501,377,376.66666666666674
3,502,377,375.99999999999994
3,503,374,374.9999999999999
3,504,374,374.3333333333332
3,505,374,373.6190476190474
3,506,374,373.3333333333333
3,507,372,372.6666666666666
3,508,372,372.0
3,509,372,371.7142857142859
3,510,372,372.25714285714275
3,511,373,372.95
3,512,373,373.5714285714285
3,513,375,374.3809523809524
3,514,375,375.14285714285694
3,515,376,375.7142857142856
3,516,376,376.38095238095224
3,517,377,377.4285714285713
3,518,379,378.2857142857141
3,519,379,378.99999999999983
3,520,379,379.19047619047603
3,521,379,378.99999999999983
3,522,379,378.99999999999983
3,523,379,378.99999999999983
3,524,379,378.99999999999983
3,525,379,379.095238095238
3,526,379,378.952380952381
3,527,379,378.76190476190465
3,528,378,378.28571428571416
3,529,378,377.8095238095236
3,530,377,377.190476190476
3,531,377,376.8095238095236
3,532,376,376.1904761904761
3,533,376,375.8095238095237
3,534,375,375.19047619047603
3,535,375,374.80952380952374
3,536,374,374.1904761904761
3,537,374,373.7142857142856
3,538,373,373.2380952380951
3,539,373,372.85714285714266
3,540,373,372.7142857142856
3,541,373,373.8095238095237
3,542,375,375.3333333333332
3,543,378,376.9047619047618
3,544,378,377.7619047619047
3,545,378,378.42857142857133
3,546,378,378.99999999999983
3,547,381,379.99999999999994
3,548,381,380.7619047619045
3,549,381,381.33333333333326
3,550,381,381.4285714285713
3,551,382,381.6190476190475
3,552,382,381.6190476190475
3,553,381,381.4285714285712
3,554,381,381.1428571428572
3,555,381,380.85714285714283
3,556,381,380.8571428571428
3,557,380,380.2380952380953
3,558,380,379.57142857142844
3,559,378,378.47619047619037
3,560,378,377.6190476190475
3,561,376,376.38095238095224
3,562,376,375.6190476190476
3,563,374,374.38095238095224
3,564,374,373.4285714285713
3,565,372,372.47619047619037
3,566,372,372.09523809523785
3,567,372,371.80952380952374
3,568,372,371.9999999999999
3,569,372,371.9999999999999
3,570,372,371.9999999999999
3,571,372,371.90476190476187
3,572,372,372.0476190476188
3,573,372,372.2380952380952
3,574,373,372.7142857142856
3,575,373,372.9999999999999
3,576,374,373.9047619047618
3,577,374,374.8571428571427
3,578,377,376.14285714285705
3,579,377,376.99999999999994
3,580,378,378.0476190476188
3,581,378,378.52380952380935
3,582,380,379.4761904761904
3,583,380,380.33333333333314
3,584,381,380.90476190476187
3,585,381,380.5714285714285
3,586,380,380.09523809523813
3,587,379,379.38095238095235
3,588,379,379.047619047619
3,589,379,378.85714285714266
3,590,379,378.8571428571428
3,591,378,378.2380952380952
3,592,378,377.47619047619025
3,593,376,376.52380952380935
3,594,376,375.8571428571427
3,595,375,375.09523809523796
3,596,375,374.90476190476176
3,597,374,374.142857142857
3,598,374,373.28571428571416
3,599,372,372.6190476190475
3,600,372,372.42857142857116
3,601,373,372.47619047619025
3,602,373,372.95238095238085
3,603,373,372.90476190476187
3,604,373,373.095238095238
3,605,373,373.66666666666663
3,606,375,374.33333333333326
3,607,375,374.6190476190475
3,608,375,375.33333333333314
3,609,375,375.8095238095237
3,610,378,377.0952380952381
3,611,378,378.5238095238094
3,612,380,379.6190476190475
3,613,380,379.8095238095236
3,614,380,380.2380952380951
3,615,380,380.33333333333326
3,616,381,380.6666666666666
3,617,381,381.04761904761887
3,618,381,381.04761904761887
3,619,381,380.8571428571428
3,620,380,380.4285714285714
3,621,380,379.2857142857142
3,622,378,378.0952380952379
3,623,376,376.66666666666663
3,624,376,375.33333333333326
3,625,374,374.42857142857133
3,626,374,373.8571428571427
3,627,373,373.0952380952379
3,628,373,372.7142857142856
3,629,372,372.2380952380952
3,630,372,372.14285714285717
3,631,372,371.8571428571427
3,632,372,371.6666666666665
3,633,371,371.33333333333326
3,634,371,370.9523809523809
3,635,371,370.9523809523809
3,636,371,371.14285714285694
3,637,372,371.76190476190476
3,638,372,372.5238095238094
3,639,374,373.4761904761904
3,640,374,374.0476190476189
3,641,375,374.9523809523807
3,642,375,375.52380952380935
3,643,377,376.2857142857141
3,644,377,377.33333333333314
3,645,378,378.5238095238094
3,646,380,379.28571428571416
3,647,380,379.9999999999998
3,648,380,380.19047619047615
3,649,380,379.90476190476176
3,650,380,380.047619047619
3,651,380,380.52380952380935
3,652,381,380.5714285714285
3,653,381,380.4761904761904
3,654,379,379.6666666666664
3,655,379,378.6190476190475
3,656,377,377.3809523809523
3,657,377,376.4285714285714
3,658,375,375.5714285714284
3,659,375,375.0476190476189
3,660,375,374.28571428571416
3,661,374,374.4285714285714
3,662,374,374.71428571428555
3,663,376,375.23809523809507
3,664,376,375.9047619047619
3,665,376,376.1904761904761
3,666,376,375.9999999999999
3,667,376,376.0952380952381
3,668,376,375.95238095238085
3,669,376,375.57142857142844
3,670,375,375.38095238095224
3,671,375,375.0952380952381
3,672,376,375.7142857142856
3,673,376,376.8571428571427
3,674,379,378.14285714285705
3,675,379,379.19047619047615
3,676,380,379.9523809523809
3,677,380,379.85714285714266
3,678,380,380.14285714285705
3,679,380,380.33333333333326
3,680,381,380.6666666666666
3,681,381,381.14285714285694
3,682,381,380.9999999999999
3,683,381,380.52380952380935
3,684,379,379.5714285714283
3,685,379,378.52380952380935
3,686,377,377.5238095238093
3,687,377,376.71428571428555
3,688,376,375.9047619047617
3,689,375,375.3333333333332
3,690,375,374.80952380952374
3,691,374,374.142857142857
3,692,374,373.38095238095235
3,693,372,372.5714285714285
3,694,372,372.0
3,695,372,371.8571428571428
3,696,372,372.3333333333332
3,697,373,372.66666666666663
3,698,373,372.76190476190465
3,699,373,373.19047619047603
3,700,373,373.5714285714285
3,701,375,374.3809523809524
3,702,375,374.9523809523808
3,703,376,375.9999999999999
3,704,376,376.95238095238085
3,705,379,377.80952380952385
3,706,379,378.99999999999983
3,707,379,380.28571428571416
3,708,382,380.9999999999999
3,709,382,381.95238095238074
3,710,382,382.23809523809507
3,711,382,381.6666666666664
3,712,381,381.33333333333314
3,713,381,381.1428571428572
3,714,381,380.85714285714283
3,715,381,380.7619047619047
3,716,380,380.28571428571416
3,717,380,380.0
3,718,379,379.095238095238
3,719,379,378.142857142857
3,720,376,376.85714285714283
3,721,376,375.9999999999999
3,722,375,374.9523809523808
3,723,375,374.38095238095235
3,724,373,373.57142857142844
3,725,373,373.095238095238
3,726,373,372.7142857142857
3,727,373,373.0476190476189
3,728,373,373.1428571428571
3,729,374,373.76190476190465
3,730,374,374.5238095238094
3,731,376,375.4761904761903
3,732,376,376.14285714285705
3,733,377,376.9047619047618
3,734,377,377.1904761904759
3,735,378,377.8095238095237
3,736,378,378.09523809523796
3,737,379,378.8571428571428
3,738,379,379.61904761904754
3,739,381,380.42857142857144
3,740,381,380.9047619047618
3,741,381,381.1904761904761
3,742,381,381.0952380952378
3,743,381,380.95238095238085
3,744,381,380.7619047619047
3,745,380,380.3809523809523
3,746,380,379.66666666666646
3,747,379,379.095238095238
3,748,378,378.2857142857142
3,749,378,377.3809523809523
3,750,376,376.52380952380935
3,751,376,375.95238095238096
3,752,375,375.0476190476188
3,753,375,374.47619047619037
3,754,373,373.5238095238094
3,755,373,372.6666666666666
3,756,372,372.19047619047615
3,757,372,372.3809523809523
3,758,373,372.5714285714284
3,759,373,372.8571428571429
3,760,373,373.14285714285705
3,761,373,373.23809523809507
3,762,374,373.71428571428555
3,763,374,374.0952380952379
3,764,375,374.7619047619047
3,765,375,375.4857142857145
3,766,377,376.65714285714273
3,767,378,378.15
3,768,378,376.47619047619025
3,769,379,378.5238095238094
3,770,379,380.095238095238
3,771,381,380.42857142857144
3,772,381,380.9047619047618
3,773,381,381.1904761904761
3,774,381,381.0952380952378
3,775,381,380.95238095238085
3,776,381,380.8571428571428
3,777,380,380.2380952380953
3,778,380,379.4761904761904
3,779,378,378.5238095238094
3,780,378,377.9523809523809
3,781,377,377.0476190476189
3,782,377,376.4761904761903
3,783,375,375.5238095238094
3,784,375,374.95238095238085
3,785,374,374.0476190476188
3,786,374,373.38095238095235
3,787,372,372.5714285714285
3,788,372,372.0
3,789,372,371.8571428571428
3,790,372,372.3333333333332
3,791,373,372.4761904761905
3,792,373,373.047619047619
3,793,373,373.66666666666646
3,794,375,374.3809523809524
3,795,375,374.9523809523808
3,796,376,375.9999999999999
3,797,376,376.8571428571427
3,798,379,378.14285714285705
3,799,379,379.19047619047615
3,800,380,379.9523809523809
3,801,380,379.9523809523808
3,802,380,380.095238095238
3,803,380,379.99999999999983
3,804,380,379.99999999999983
3,805,380,380.09523809523813
3,806,380,379.9523809523809
3,807,380,379.76190476190476
3,808,379,379.4761904761904
3,809,379,378.61904761904765
3,810,378,377.6666666666666
3,811,376,376.66666666666663
3,812,376,375.7619047619047
3,813,375,375.09523809523796
3,814,375,374.80952380952374
3,815,374,374.1904761904761
3,816,374,373.7142857142856
3,817,373,373.2380952380951
3,818,373,373.0476190476189
3,819,373,372.9047619047618
3,820,373,372.99999999999983
3,821,373,372.99999999999983
3,822,373,372.8095238095237
3,823,373,373.095238095238
3,824,373,373.5714285714285
3,825,375,374.3809523809524
3,826,375,375.0476190476189
3,827,376,375.95238095238085
3,828,376,376.42857142857133
3,829,378,377.5238095238095
3,830,378,378.57142857142844
3,831,380,379.42857142857133
3,832,380,379.95238095238085
3,833,380,380.52380952380946
3,834,381,380.6666666666666
3,835,381,381.04761904761887
3,836,381,381.04761904761887
3,837,381,380.8571428571428
3,838,380,380.2380952380953
3,839,380,379.57142857142844
3,840,378,378.47619047619037
3,841,378,377.6190476190475
3,842,376,376.38095238095224
3,843,376,375.42857142857133
3,844,374,374.47619047619037
3,845,374,374.2857142857141
3,846,374,373.71428571428555
3,847,374,373.3333333333333
3,848,372,372.6666666666666
3,849,372,372.0
3,850,372,371.8571428571428
3,851,372,372.2380952380952
3,852,373,372.61904761904754
3,853,373,373.3333333333332
3,854,374,373.90476190476164
3,855,375,374.71428571428567
3,856,375,375.6190476190476
3,857,377,376.4761904761904
3,858,377,377.0476190476189
3,859,378,377.95238095238085
3,860,378,378.6190476190476
3,861,380,379.4285714285714
3,862,380,379.90476190476187
3,863,380,380.19047619047615
3,864,380,379.99999999999983
3,865,380,380.1904761904761
3,866,380,379.90476190476187
3,867,380,379.33333333333326
3,868,378,378.57142857142844
3,869,378,378.14285714285694
3,870,378,378.4285714285714
3,871,379,378.5238095238094
3,872,379,378.2380952380952
3,873,376,376.9523809523809
3,874,376,375.142857142857
3,875,373,373.7142857142856
3,876,373,373.142857142857
3,877,373,372.7142857142856
3,878,373,372.90476190476187
3,879,373,372.8571428571429
3,880,373,373.4285714285714
3,881,374,374.2380952380951
3,882,376,375.3333333333332
3,883,376,376.23809523809507
3,884,377,376.9047619047618
3,885,377,377.1904761904759
3,886,378,377.8095238095237
3,887,378,378.2857142857143
3,888,379,378.76190476190465
3,889,379,378.85714285714266
3,890,379,379.14285714285705
3,891,379,379.33333333333314
3,892,380,379.66666666666646
3,893,380,379.85714285714266
3,894,380,380.14285714285705
3,895,380,380.4285714285714
3,896,381,380.6190476190476
3,897,381,380.80952380952374
3,898,380,380.33333333333314
3,899,380,379.57142857142844
3,900,378,378.47619047619037
3,901,378,377.5238095238093
3,902,376,376.6190476190475
3,903,376,375.66666666666634
3,904,375,374.4761904761903
3,905,373,373.7142857142857
3,906,373,373.095238095238
3,907,373,372.7619047619046
3,908,373,372.6666666666665
3,909,372,372.3333333333332
3,910,372,371.95238095238085
3,911,372,371.9523809523808
3,912,372,372.2380952380952
3,913,373,372.7142857142856
3,914,373,372.9999999999999
3,915,374,373.9047619047618
3,916,374,374.95238095238085
3,917,377,376.09523809523796
3,918,377,376.66666666666663
3,919,377,377.3809523809522
3,920,377,377.57142857142827
3,921,379,378.38095238095224
3,922,379,379.2380952380951
3,923,380,379.8571428571427
3,924,380,379.9523809523808
3,925,380,380.2857142857141
3,926,380,379.90476190476187
3,927,380,379.33333333333326
3,928,378,378.66666666666646
3,929,378,378.19047619047603
3,930,378,377.7619047619047
3,931,378,377.8571428571428
3,932,377,377.2380952380953
3,933,377,376.4761904761903
3,934,375,375.5238095238094
3,935,375,374.8571428571427
3,936,374,374.09523809523796
3,937,374,373.80952380952357
3,938,373,373.19047619047615
3,939,373,372.7142857142856
3,940,372,372.2380952380952
3,941,372,371.95238095238085
3,942,372,371.9523809523808
3,943,372,372.2380952380952
3,944,373,372.7142857142856
3,945,373,373.095238095238
3,946,374,373.6666666666665
3,947,374,374.7142857142856
3,948,376,376.0952380952379
3,949,378,377.2380952380952
3,950,378,377.9047619047617
3,951,378,378.2857142857142
3,952,378,378.6666666666666
3,953,380,379.33333333333326
3,954,380,379.9999999999999
3,955,380,380.14285714285705
3,956,380,379.76190476190476
3,957,379,379.28571428571405
3,958,379,378.80952380952374
3,959,378,378.19047619047603
3,960,378,377.8095238095236
3,961,377,377.190476190476
3,962,377,376.99999999999983
3,963,376,376.0952380952381
3,964,376,375.047619047619
3,965,373,373.99999999999994
3,966,373,373.09523809523796
3,967,373,372.3809523809523
3,968,372,372.3333333333332
3,969,372,371.95238095238085
3,970,372,371.9523809523808
3,971,372,372.4285714285713
3,972,373,372.61904761904754
3,973,373,372.4285714285713
3,974,372,372.52380952380935
3,975,372,372.6190476190475
3,976,374,373.2857142857141
3,977,374,374.0476190476189
3,978,375,374.9523809523807
3,979,375,375.52380952380935
3,980,377,376.4761904761904
3,981,377,377.142857142857
3,982,378,377.90476190476187
3,983,378,378.190476190476
3,984,379,378.8095238095237
3,985,379,379.1904761904761
3,986,380,379.8095238095238
3,987,380,380.3809523809521
3,988,381,380.71428571428555
3,989,381,380.7142857142857
3,990,380,380.57142857142856
3,991,380,379.6190476190476
3,992,379,378.76190476190465
3,993,377,377.61904761904754
3,994,377,376.42857142857133
3,995,375,375.4285714285713
3,996,375,374.8571428571427
3,997,374,374.09523809523796
3,998,374,373.80952380952357
3,999,373,373.19047619047615
3,1000,373,372.7142857142856
3,1001,372,372.2380952380952
3,1002,372,371.95238095238085
3,1003,372,371.9523809523808
3,1004,372,372.2380952380952
3,1005,373,372.7142857142856
3,1006,373,373.19047619047615
3,1007,374,373.80952380952357
3,1008,374,374.1904761904761
3,1009,375,374.8095238095237
3,1010,375,375.190476190476
3,1011,376,375.5238095238094
3,1012,376,376.4285714285712
3,1013,377,377.7619047619046
3,1014,380,378.9523809523808
3,1015,380,379.95238095238085
3,1016,380,380.28571428571416
3,1017,380,379.99999999999983
3,1018,380,379.99999999999983
3,1019,380,379.99999999999983
3,1020,380,379.99999999999983
3,1021,380,380.00000000000017
3,1022,380,379.99999999999994
3,1023,380,379.99999999999994
3,1024,378,376.2380952380951
3,1025,378,377.28571428571416
3,1026,376,377.0476190476189
3,1027,376,375.5238095238094
3,1028,374,374.42857142857133
3,1029,374,373.76190476190476
3,1030,373,373.2380952380951
3,1031,373,372.99999999999994
3,1032,373,372.57142857142856
3,1033,372,372.3333333333332
3,1034,372,371.8571428571427
3,1035,372,371.99999999999983
3,1036,372,372.5714285714285
3,1037,374,373.38095238095235
3,1038,374,374.2380952380951
3,1039,375,374.8571428571426
3,1040,375,374.7619047619047
3,1041,375,375.190476190476
3,1042,375,375.47619047619037
3,1043,377,376.42857142857133
3,1044,377,377.47619047619037
3,1045,379,378.57142857142844
3,1046,379,379.2380952380951
3,1047,380,379.8571428571427
3,1048,380,379.9523809523808
3,1049,380,380.095238095238
3,1050,380,379.99999999999983
3,1051,380,379.99999999999983
3,1052,380,379.99999999999983
3,1053,380,380.1904761904761
3,1054,380,379.90476190476187
3,1055,380,379.4285714285712
3,1056,378,378.6190476190475
3,1057,378,378.0476190476189
3,1058,377,376.99999999999994
3,1059,377,376.14285714285694
3,1060,374,374.8571428571428
3,1061,374,373.99999999999994
3,1062,373,372.9523809523808
3,1063,373,372.2857142857141
3,1064,371,371.61904761904736
3,1065,371,371.4285714285712
3,1066,372,371.4761904761903
3,1067,372,371.85714285714283
3,1068,372,372.142857142857
3,1069,372,371.95238095238096
3,1070,373,372.85714285714283
3,1071,373,374.28571428571416
3,1072,377,375.6666666666665
3,1073,377,376.85714285714266
3,1074,377,377.7142857142856
3,1075,378,377.6666666666665
3,1076,378,377.66666666666646
3,1077,378,378.2380952380952
3,1078,378,379.09523809523796
3,1079,381,379.95238095238074
3,1080,381,380.52380952380946
3,1081,380,380.61904761904765
3,1082,380,380.2380952380951
3,1083,380,379.8095238095237
3,1084,380,379.52380952380946
3,1085,378,378.57142857142844
3,1086,378,377.5238095238093
3,1087,376,376.4285714285712
3,1088,376,375.95238095238096
3,1089,375,375.0476190476188
3,1090,375,374.38095238095235
3,1091,373,373.57142857142844
3,1092,373,373.19047619047615
3,1093,373,372.7619047619046
3,1094,373,372.6666666666665
3,1095,372,372.2380952380952
3,1096,372,372.0952380952381
3,1097,372,372.1428571428571
3,1098,373,372.7142857142856
3,1099,373,373.19047619047615
3,1100,374,373.80952380952357
3,1101,374,374.1904761904761
3,1102,375,374.8095238095237
3,1103,375,375.0952380952379
3,1104,376,375.85714285714266
3,1105,376,376.42857142857133
3,1106,378,377.5238095238095
3,1107,378,378.47619047619037
3,1108,380,379.57142857142844
3,1109,380,380.2380952380952
3,1110,381,380.8571428571427
3,1111,381,380.95238095238096
3,1112,381,381.1904761904761
3,1113,381,380.95238095238085
3,1114,381,380.8571428571428
3,1115,380,380.2380952380953
3,1116,380,379.3809523809523
3,1117,378,378.57142857142844
3,1118,378,378.3809523809523
3,1119,378,377.6666666666665
3,1120,378,377.0952380952379
3,1121,375,375.9523809523809
3,1122,375,374.9999999999999
3,1123,374,373.9523809523809
3,1124,374,373.38095238095235
3,1125,372,372.5714285714285
3,1126,372,372.0
3,1127,372,371.8571428571428
3,1128,372,372.1428571428571
3,1129,373,372.7619047619046
3,1130,373,373.7142857142856
3,1131,375,374.095238095238
3,1132,375,374.71428571428567
3,1133,374,375.4285714285714
3,1134,377,376.0952380952381
3,1135,377,376.90476190476187
3,1136,378,378.0476190476188
3,1137,378,378.6190476190476
3,1138,380,379.4285714285714
3,1139,380,379.8095238095236
3,1140,380,380.2380952380951
3,1141,380,380.23809523809507
3,1142,381,380.71428571428567
3,1143,381,381.3809523809523
3,1144,382,381.7142857142856
3,1145,382,381.7142857142856
3,1146,381,381.38095238095246
3,1147,381,380.9047619047618
3,1148,380,380.14285714285705
3,1149,380,379.4761904761904
3,1150,378,378.5238095238094
3,1151,378,378.0476190476189
3,1152,377,376.99999999999994
3,1153,377,376.0476190476189
3,1154,374,374.90476190476187
3,1155,374,374.3333333333332
3,1156,374,373.6190476190474
3,1157,374,373.3333333333333
3,1158,372,372.5714285714285
3,1159,372,372.14285714285705
3,1160,372,372.047619047619
3,1161,373,372.7142857142856
3,1162,373,373.095238095238
3,1163,374,373.8571428571427
3,1164,374,374.5238095238094
3,1165,376,375.4761904761903
3,1166,376,376.0476190476189
3,1167,377,376.95238095238085
3,1168,377,377.52380952380963
3,1169,379,378.4761904761905
3,1170,379,379.14285714285694
3,1171,380,379.9047619047617
3,1172,380,380.3809523809521
3,1173,381,380.71428571428555
3,1174,381,380.52380952380946
3,1175,380,380.4761904761903
3,1176,380,380.47619047619037
3,1177,381,380.52380952380946
3,1178,381,380.7142857142857
3,1179,380,380.3809523809523
3,1180,380,379.9047619047617
3,1181,379,379.33333333333326
3,1182,379,378.28571428571416
3,1183,377,377.095238095238
3,1184,375,375.6666666666665
3,1185,375,374.33333333333326
3,1186,373,373.4285714285714
3,1187,373,372.6666666666666
3,1188,372,372.19047619047615
3,1189,372,372.3809523809523
3,1190,373,372.5714285714284
3,1191,373,372.8571428571429
3,1192,373,373.14285714285705
3,1193,373,373.1428571428571
3,1194,374,373.76190476190465
3,1195,374,374.5238095238094
3,1196,376,375.4761904761903
3,1197,376,376.14285714285705
3,1198,377,376.9047619047618
3,1199,377,377.095238095238
3,1200,378,377.8571428571428
3,1201,378,378.52380952380935
3,1202,380,379.4761904761904
3,1203,380,380.2380952380952
3,1204,381,380.8571428571427
3,1205,381,380.95238095238096
3,1206,381,381.2857142857142
3,1207,381,380.9047619047619
3,1208,381,380.4285714285712
3,1209,379,379.6190476190475
3,1210,379,378.8571428571428
3,1211,378,378.09523809523785
3,1212,378,377.9999999999998
3,1213,377,377.0952380952381
3,1214,377,376.14285714285694
3,1215,374,374.8571428571428
3,1216,374,373.8095238095236
3,1217,373,373.047619047619
3,1218,373,373.14285714285717
3,1219,373,372.85714285714266
3,1220,373,372.6666666666665
3,1221,372,372.3333333333332
3,1222,372,371.95238095238085
3,1223,372,371.9523809523808
3,1224,372,372.1428571428571
3,1225,373,372.66666666666663
3,1226,373,373.66666666666663
3,1227,375,374.5714285714285
3,1228,376,375.6666666666665
3,1229,376,376.7142857142855
3,1230,378,377.47619047619037
3,1231,378,378.14285714285694
3,1232,379,378.90476190476187
3,1233,379,379.1904761904761
3,1234,380,379.8095238095238
3,1235,380,380.2857142857142
3,1236,381,380.7619047619047
3,1237,381,380.95238095238096
3,1238,381,381.09523809523796
3,1239,381,381.19047619047603
3,1240,381,380.9047619047619
3,1241,381,380.4285714285712
3,1242,379,379.6190476190475
3,1243,379,379.0476190476189
3,1244,378,378.09523809523796
3,1245,378,376.9999999999999
3,1246,375,375.7619047619046
3,1247,374,374.38095238095224
3,1248,374,373.09523809523785
3,1249,372,372.5714285714285
3,1250,372,372.09523809523785
3,1251,372,371.80952380952374
3,1252,372,371.9999999999999
3,1253,372,371.9999999999999
3,1254,372,371.90476190476187
3,1255,372,372.0476190476188
3,1256,372,372.1428571428571
3,1257,373,372.7619047619046
3,1258,373,373.5238095238094
3,1259,375,374.47619047619054
3,1260,375,375.0476190476189
3,1261,376,375.95238095238085
3,1262,376,376.52380952380935
3,1263,378,377.47619047619037
3,1264,378,378.14285714285694
3,1265,379,378.90476190476187
3,1266,379,379.1904761904761
3,1267,380,379.8095238095238
3,1268,380,380.3809523809521
3,1269,381,380.71428571428555
3,1270,381,380.80952380952374
3,1271,380,380.33333333333314
3,1272,380,379.3809523809523
3,1273,378,378.57142857142844
3,1274,378,378.0952380952379
3,1275,378,377.8095238095237
3,1276,378,377.9999999999999
3,1277,378,378.0000000000001
3,1278,378,377.99999999999983
3,1279,378,377.99999999999983
3,1280,377,375.4761904761905
3,1281,377,375.57142857142844
3,1282,373,374.6666666666665
3,1283,373,372.76190476190465
3,1284,372,371.99999999999994
3,1285,372,372.3809523809523
3,1286,373,372.5714285714284
3,1287,373,372.8571428571429
3,1288,373,373.14285714285705
3,1289,373,373.1428571428571
3,1290,374,373.76190476190465
3,1291,374,374.5238095238094
3,1292,376,375.4761904761903
3,1293,376,376.0476190476189
3,1294,377,377.04761904761887
3,1295,377,377.57142857142844
3,1296,379,378.09523809523813
3,1297,378,378.23809523809507
3,1298,378,378.23809523809507
3,1299,378,377.90476190476176
3,1300,378,378.09523809523785
3,1301,378,377.9523809523808
3,1302,378,377.7619047619048
3,1303,377,377.2857142857141
3,1304,377,376.8095238095236
3,1305,376,376.1904761904761
3,1306,376,375.8095238095237
3,1307,375,375.19047619047603
3,1308,375,374.80952380952374
3,1309,374,374.1904761904761
3,1310,374,373.80952380952357
3,1311,373,373.19047619047615
3,1312,373,372.61904761904754
3,1313,372,372.2857142857143
3,1314,372,372.47619047619025
3,1315,373,372.5238095238094
3,1316,373,372.5238095238095
3,1317,372,372.47619047619037
3,1318,372,372.2857142857141
3,1319,373,372.6190476190475
3,1320,373,373.19047619047615
3,1321,374,373.7142857142856
3,1322,374,374.3333333333332
3,1323,375,374.80952380952374
3,1324,376,375.7619047619047
3,1325,376,377.14285714285705
3,1326,379,378.04761904761887
3,1327,379,378.2380952380952
3,1328,378,378.7619047619046
3,1329,378,379.142857142857
3,1330,381,379.8571428571426
3,1331,381,380.6190476190476
3,1332,380,380.5714285714283
3,1333,380,379.7142857142856
3,1334,379,379.238095238095
3,1335,379,379.14285714285705
3,1336,379,378.85714285714266
3,1337,379,378.8571428571428
3,1338,378,378.2380952380952
3,1339,378,377.47619047619025
3,1340,376,376.52380952380935
3,1341,376,375.8571428571427
3,1342,375,375.09523809523796
3,1343,375,374.90476190476176
3,1344,374,374.142857142857
3,1345,374,373.38095238095235
3,1346,372,372.5714285714285
3,1347,372,372.09523809523785
3,1348,372,371.7142857142856
3,1349,372,372.0476190476188
3,1350,372,372.2380952380952
3,1351,373,372.7142857142856
3,1352,373,372.9999999999999
3,1353,374,373.9047619047618
3,1354,374,374.7619047619045
3,1355,377,376.1904761904762
3,1356,377,377.5238095238094
3,1357,379,378.6190476190475
3,1358,379,378.9047619047619
3,1359,379,379.19047619047603
3,1360,379,378.90476190476176
3,1361,379,379.047619047619
3,1362,379,379.33333333333314
3,1363,380,379.66666666666646
3,1364,380,379.9523809523808
3,1365,380,380.1904761904762
3,1366,380,379.9523809523809
3,1367,380,379.85714285714283
3,1368,379,379.2380952380952
3,1369,379,378.4761904761905
3,1370,377,377.52380952380946
3,1371,377,376.95238095238096
3,1372,376,376.0476190476189
3,1373,376,375.5714285714284
3,1374,374,374.4761904761903
3,1375,374,373.33333333333326
3,1376,372,372.5238095238094
3,1377,372,372.42857142857116
3,1378,373,372.47619047619025
3,1379,373,372.8571428571429
3,1380,373,373.14285714285705
3,1381,373,373.1428571428571
3,1382,374,373.76190476190465
3,1383,374,374.5238095238094
3,1384,376,375.4761904761903
3,1385,376,376.0476190476189
3,1386,377,376.95238095238085
3,1387,377,377.61904761904754
3,1388,379,378.23809523809507
3,1389,379,378.99999999999994
3,1390,379,379.8571428571428
3,1391,381,380.3333333333332
3,1392,381,380.9999999999999
3,1393,381,381.142857142857
3,1394,381,380.6666666666666
3,1395,380,380.33333333333314
3,1396,380,380.2380952380951
3,1397,380,379.8095238095237
3,1398,380,379.4285714285712
3,1399,378,378.6190476190475
3,1400,378,377.9523809523809
3,1401,377,377.0476190476189
3,1402,377,376.4761904761903
3,1403,375,375.5238095238094
3,1404,375,374.8571428571427
3,1405,374,374.09523809523796
3,1406,374,373.80952380952357
3,1407,373,373.19047619047615
3,1408,373,372.61904761904754
3,1409,372,372.19047619047603
3,1410,372,372.4285714285712
3,1411,373,372.8095238095238
3,1412,374,373.66666666666646
3,1413,374,374.1904761904761
3,1414,375,374.8571428571426
3,1415,375,375.52380952380935
3,1416,377,376.4761904761904
3,1417,377,377.142857142857
3,1418,378,377.90476190476187
3,1419,378,378.2857142857143
3,1420,379,378.76190476190465
3,1421,379,378.95238095238085
3,1422,379,379.095238095238
3,1423,379,378.99999999999983
3,1424,379,378.99999999999983
3,1425,379,379.190476190476
3,1426,379,378.90476190476187
3,1427,379,378.52380952380946
3,1428,377,377.57142857142844
3,1429,377,376.52380952380946
3,1430,375,375.52380952380935
3,1431,375,374.7142857142855
3,1432,374,373.9047619047617
3,1433,373,373.3333333333333
3,1434,373,372.52380952380946
3,1435,372,372.2857142857143
3,1436,372,372.3809523809523
3,1437,373,372.5714285714284
3,1438,373,372.8571428571429
3,1439,373,373.14285714285705
3,1440,373,373.23809523809507
3,1441,374,373.71428571428555
3,1442,374,374.1904761904761
3,1443,375,374.8095238095237
3,1444,375,375.0952380952379
3,1445,376,375.85714285714266
3,1446,376,376.42857142857133
3,1447,378,377.5238095238095
3,1448,378,378.57142857142844
3,1449,380,379.5238095238094
3,1450,380,379.8095238095236
3,1451,380,380.4285714285715
3,1452,380,380.2380952380952
3,1453,381,379.99999999999983
3,1454,379,379.61904761904754
3,1455,379,379.3809523809521
3,1456,379,378.7142857142856
3,1457,379,378.33333333333326
3,1458,377,377.6666666666665
3,1459,377,377.38095238095224
3,1460,377,376.66666666666674
3,1461,377,376.09523809523796
3,1462,374,374.9523809523808
3,1463,374,373.9047619047618
3,1464,373,372.99999999999994
3,1465,373,372.7142857142856
3,1466,372,372.2380952380952
3,1467,372,372.0476190476189
3,1468,372,371.9047619047618
3,1469,372,371.90476190476187
3,1470,372,372.0476190476188
3,1471,372,372.1428571428571
3,1472,373,372.7619047619046
3,1473,373,373.42857142857133
3,1474,375,374.52380952380935
3,1475,375,375.3809523809522
3,1476,377,376.61904761904754
3,1477,377,377.47619047619037
3,1478,379,378.57142857142844
3,1479,379,379.0476190476188
3,1480,380,379.95238095238096
3,1481,380,380.6190476190475
3,1482,382,381.42857142857144
3,1483,382,381.9047619047618
3,1484,382,382.3809523809523
3,1485,382,381.9047619047618
3,1486,382,381.6190476190475
3,1487,380,380.5238095238094
3,1488,380,379.19047619047615
3,1489,377,377.7619047619047
3,1490,377,376.9999999999999
3,1491,376,375.9523809523809
3,1492,376,375.4761904761903
3,1493,374,374.52380952380946
3,1494,374,373.76190476190476
3,1495,373,373.1428571428571
3,1496,373,373.0476190476189
3,1497,373,372.71428571428555
3,1498,373,373.095238095238
3,1499,373,373.5714285714285
3,1500,375,374.3809523809524
3,1501,375,375.14285714285694
3,1502,376,375.9047619047617
3,1503,376,376.1904761904761
3,1504,377,376.80952380952374
3,1505,377,377.1904761904759
3,1506,378,377.8095238095237
3,1507,378,378.190476190476
3,1508,379,378.8095238095237
3,1509,379,379.2857142857143
3,1510,380,379.76190476190465
3,1511,380,379.85714285714266
3,1512,380,380.14285714285705
3,1513,380,380.4285714285714
3,1514,381,380.6190476190476
3,1515,381,380.7142857142857
3,1516,380,380.3809523809523
3,1517,380,379.8095238095237
3,1518,379,379.2857142857143
3,1519,379,378.66666666666646
3,1520,378,378.0952380952379
3,1521,377,377.2857142857142
3,1522,377,376.38095238095224
3,1523,375,375.5238095238094
3,1524,375,374.8571428571427
3,1525,374,374.09523809523796
3,1526,374,373.80952380952357
3,1527,373,373.19047619047615
3,1528,373,372.7142857142856
3,1529,372,372.2380952380952
3,1530,372,371.8571428571427
3,1531,372,371.99999999999983
3,1532,372,372.5714285714285
3,1533,374,373.25714285714304
3,1534,374,374.1999999999999
3,1535,375,374.8499999999999
3,1536,375,374.47619047619037
3,1537,376,375.6666666666665
3,1538,376,376.61904761904754
3,1539,378,377.5238095238095
3,1540,378,378.47619047619037
3,1541,380,379.57142857142844
3,1542,380,380.2380952380952
3,1543,381,380.95238095238074
3,1544,381,380.9047619047619
3,1545,381,380.76190476190453
3,1546,380,380.4285714285713
3,1547,380,379.80952380952374
3,1548,380,379.6666666666665
3,1549,379,380.2857142857142
3,1550,381,380.2380952380952
3,1551,381,379.71428571428555
3,1552,378,379.2380952380951
3,1553,378,378.76190476190465
3,1554,379,378.2380952380951
3,1555,379,377.95238095238096
3,1556,376,377.095238095238
3,1557,376,376.1428571428571
3,1558,376,375.71428571428567
3,1559,376,376.0952380952381
3,1560,376,375.95238095238085
3,1561,376,375.7619047619048
3,1562,375,375.2857142857142
3,1563,375,374.90476190476176
3,1564,374,374.142857142857
3,1565,374,373.38095238095235
3,1566,372,372.5714285714285
3,1567,372,372.09523809523785
3,1568,372,371.80952380952374
3,1569,372,371.9999999999999
3,1570,372,371.9999999999999
3,1571,372,371.9999999999999
3,1572,372,371.9999999999999
3,1573,372,371.9999999999999
3,1574,372,371.9999999999999
3,1575,372,371.9999999999999
3,1576,372,371.90476190476187
3,1577,372,372.0476190476188
3,1578,372,372.3333333333332
3,1579,373,372.66666666666663
3,1580,373,372.95238095238085
3,1581,373,373.095238095238
3,1582,373,372.99999999999983
3,1583,373,372.99999999999983
3,1584,373,372.99999999999983
3,1585,373,372.99999999999983
3,1586,373,373.0000000000002
3,1587,373,372.9999999999999
3,1588,373,373.0
