channel,index,raw,filtered
1,0,377,384.61904761904754
1,1,377,377.2380952380951
1,2,377,375.28571428571416
1,3,377,380.4285714285712
1,4,387,383.6190476190475
1,5,387,386.2857142857142
1,6,386,387.23809523809507
1,7,386,385.9047619047617
1,8,385,385.14285714285705
1,9,385,384.57142857142844
1,10,383,383.3809523809523
1,11,383,382.47619047619037
1,12,381,381.80952380952374
1,13,382,381.7619047619047
1,14,382,381.6666666666665
1,15,382,382.142857142857
1,16,382,382.42857142857133
1,17,383,382.6190476190475
1,18,383,382.52380952380946
1,19,382,382.4761904761904
1,20,382,382.47619047619037
1,21,383,382.52380952380946
1,22,383,382.61904761904736
1,23,382,382.42857142857133
1,24,382,382.0476190476189
1,25,382,381.9047619047618
1,26,382,381.9999999999997
1,27,382,381.9999999999997
1,28,382,381.90476190476176
1,29,382,382.04761904761887
1,30,382,382.3333333333333
1,31,383,382.66666666666663
1,32,383,382.95238095238074
1,33,383,383.0952380952379
1,34,383,383.0
1,35,383,383.0
1,36,383,383.0
1,37,383,382.9047619047618
1,38,383,383.0476190476188
1,39,383,383.4285714285713
1,40,384,383.6190476190475
1,41,384,383.5238095238093
1,42,383,383.47619047619025
1,43,383,383.3809523809523
1,44,384,383.57142857142856
1,45,384,383.9523809523808
1,46,384,384.095238095238
1,47,384,384.09523809523796
1,48,384,383.9523809523808
1,49,384,383.57142857142844
1,50,383,383.3809523809522
1,51,383,383.4761904761903
1,52,384,383.4285714285712
1,53,384,383.6666666666666
1,54,383,383.7619047619046
1,55,384,383.71428571428567
1,56,384,383.7619047619046
1,57,384,384.14285714285694
1,58,384,384.33333333333326
1,59,385,384.66666666666663
1,60,385,384.9523809523808
1,61,385,385.095238095238
1,62,385,384.9999999999999
1,63,385,384.9999999999999
1,64,385,384.9047619047618
1,65,385,385.0476190476188
1,66,385,385.33333333333326
1,67,386,385.6666666666666
1,68,386,385.8571428571427
1,69,386,386.14285714285717
1,70,386,386.71428571428555
1,71,387,386.47619047619025
1,72,387,385.6190476190475
1,73,383,384.61904761904754
1,74,383,383.095238095238
1,75,383,381.47619047619037
1,76,381,381.9047619047618
1,77,381,382.76190476190453
1,78,386,384.14285714285694
1,79,386,385.6666666666665
1,80,386,386.5238095238093
1,81,386,386.4285714285712
1,82,387,386.6190476190476
1,83,387,386.5238095238093
1,84,386,386.4761904761903
1,85,386,386.38095238095224
1,86,387,386.57142857142856
1,87,387,386.95238095238085
1,88,387,387.0952380952379
1,89,387,386.9999999999999
1,90,387,386.9999999999999
1,91,387,386.9999999999999
1,92,387,387.09523809523796
1,93,387,386.95238095238085
1,94,387,386.6666666666665
1,95,386,386.33333333333314
1,96,386,386.04761904761904
1,97,386,385.90476190476164
1,98,386,385.99999999999994
1,99,386,385.99999999999994
1,100,386,386.09523809523796
1,101,386,385.9523809523808
1,102,386,385.57142857142856
1,103,385,385.3809523809523
1,104,385,385.3809523809523
1,105,386,385.57142857142844
1,106,386,385.95238095238085
1,107,386,386.095238095238
1,108,386,385.99999999999994
1,109,386,385.99999999999994
1,110,386,385.99999999999994
1,111,386,386.09523809523796
1,112,386,385.9523809523808
1,113,386,385.6666666666666
1,114,385,385.3333333333332
1,115,385,385.0476190476189
1,116,385,384.9047619047618
1,117,385,384.9999999999999
1,118,385,384.9999999999999
1,119,385,385.0952380952379
1,120,385,384.9523809523808
1,121,385,384.6666666666665
1,122,384,384.3333333333332
1,123,384,384.142857142857
1,124,384,383.85714285714266
1,125,384,383.57142857142844
1,126,383,383.3809523809522
1,127,383,383.3809523809523
1,128,384,383.57142857142856
1,129,384,384.04761904761887
1,130,384,384.04761904761887
1,131,384,383.6666666666664
1,132,383,383.33333333333314
1,133,383,383.047619047619
1,134,383,382.90476190476164
1,135,383,383.0
1,136,383,383.0
1,137,383,383.0
1,138,383,383.095238095238
1,139,383,382.9523809523809
1,140,383,382.57142857142844
1,141,382,382.38095238095235
1,142,382,382.38095238095224
1,143,383,382.57142857142844
1,144,383,383.04761904761887
1,145,383,383.04761904761887
1,146,383,382.57142857142844
1,147,382,382.38095238095235
1,148,382,382.38095238095224
1,149,383,382.57142857142844
1,150,383,383.04761904761887
1,151,383,383.04761904761887
1,152,383,382.66666666666646
1,153,382,382.33333333333314
1,154,382,382.0476190476189
1,155,382,381.9047619047618
1,156,382,381.9999999999997
1,157,382,382.095238095238
1,158,382,381.9523809523809
1,159,382,381.5714285714284
1,160,381,381.3809523809523
1,161,381,381.38095238095235
1,162,382,381.5714285714285
1,163,382,381.9523809523809
1,164,382,382.09523809523796
1,165,382,382.095238095238
1,166,382,381.9523809523809
1,167,382,381.5714285714284
1,168,381,381.3809523809523
1,169,381,381.38095238095235
1,170,382,381.5714285714285
1,171,382,381.85714285714283
1,172,382,382.142857142857
1,173,382,382.42857142857133
1,174,383,382.6190476190475
1,175,383,382.52380952380946
1,176,382,382.5714285714285
1,177,382,382.33333333333314
1,178,383,382.1428571428571
1,179,382,382.3333333333332
1,180,382,382.57142857142844
1,181,383,382.52380952380946
1,182,383,382.52380952380946
1,183,382,382.4761904761904
1,184,382,382.38095238095224
1,185,383,382.57142857142844
1,186,383,382.95238095238074
1,187,383,383.0952380952379
1,188,383,383.0
1,189,383,383.0
1,190,383,382.9047619047618
1,191,383,383.0476190476188
1,192,383,383.33333333333326
1,193,384,383.6666666666665
1,194,384,383.8571428571428
1,195,384,384.14285714285694
1,196,384,384.4285714285713
1,197,385,384.61904761904754
1,198,385,384.52380952380935
1,199,384,384.4761904761903
1,200,384,384.38095238095224
1,201,385,384.5714285714285
1,202,385,384.9523809523808
1,203,385,385.095238095238
1,204,385,384.9999999999999
1,205,385,384.9047619047618
1,206,385,385.0476190476188
1,207,385,385.33333333333326
1,208,386,385.6666666666666
1,209,386,385.95238095238085
1,210,386,386.095238095238
1,211,386,385.99999999999994
1,212,386,385.99999999999994
1,213,386,385.99999999999994
1,214,386,385.99999999999994
1,215,386,385.90476190476187
1,216,386,386.0476190476189
1,217,386,386.33333333333314
1,218,387,386.6666666666665
1,219,387,386.95238095238085
1,220,387,387.0952380952379
1,221,387,386.9999999999999
1,222,387,386.9999999999999
1,223,387,386.9999999999999
1,224,387,386.9999999999999
1,225,387,386.9999999999999
1,226,387,386.9999999999999
1,227,387,386.9999999999999
1,228,387,386.9999999999999
1,229,387,386.9999999999999
1,230,387,386.9999999999999
1,231,387,386.9999999999999
1,232,387,387.09523809523796
1,233,387,386.95238095238085
1,234,387,386.6666666666665
1,235,386,386.33333333333314
1,236,386,385.95238095238085
1,237,386,385.9523809523808
1,238,386,386.33333333333314
1,239,387,386.6666666666665
1,240,387,387.0476190476188
1,241,387,387.0476190476189
1,242,387,386.6666666666665
1,243,386,386.33333333333314
1,244,386,386.04761904761904
1,245,386,385.90476190476164
1,246,386,385.99999999999994
1,247,386,385.99999999999994
1,248,386,385.99999999999994
1,249,386,385.99999999999994
1,250,386,385.99999999999994
1,251,386,385.99999999999994
1,252,386,385.99999999999994
1,253,386,386.0000000000001
1,254,386,385.9999999999997
1,255,386,385.99999999999994
1,256,385,389.9523809523809
1,257,385,385.8095238095238
1,258,385,383.5714285714285
1,259,385,384.9999999999999
1,260,385,384.9999999999999
1,261,385,384.9999999999999
1,262,385,384.9999999999999
1,263,385,385.0952380952379
1,264,385,384.9523809523808
1,265,385,384.6666666666665
1,266,384,384.3333333333332
1,267,384,384.0476190476189
1,268,384,383.9999999999998
1,269,384,383.9523809523808
1,270,384,383.6666666666664
1,271,383,383.33333333333314
1,272,383,383.047619047619
1,273,383,382.90476190476164
1,274,383,383.0
1,275,383,384.0476190476189
1,276,383,382.47619047619037
1,277,383,379.23809523809524
1,278,372,375.7142857142856
1,279,372,372.85714285714266
1,280,373,371.7142857142855
1,281,373,372.9047619047618
1,282,373,372.6666666666665
1,283,372,372.3809523809523
1,284,372,371.99999999999994
1,285,373,372.76190476190465
1,286,373,373.9047619047618
1,287,377,375.95238095238085
1,288,377,378.14285714285705
1,289,381,380.0476190476189
1,290,381,380.8095238095238
1,291,381,381.3809523809523
1,292,381,380.9999999999999
1,293,381,380.9999999999999
1,294,381,380.9999999999999
1,295,381,380.9999999999999
1,296,381,380.9999999999999
1,297,381,380.90476190476176
1,298,381,381.0476190476189
1,299,381,381.4285714285713
1,300,382,381.6190476190475
1,301,382,381.52380952380935
1,302,381,381.47619047619037
1,303,381,381.47619047619037
1,304,382,381.52380952380935
1,305,382,381.52380952380935
1,306,381,381.47619047619037
1,307,381,381.38095238095235
1,308,382,381.47619047619025
1,309,382,381.9999999999999
1,310,382,382.4285714285713
1,311,383,382.66666666666663
1,312,383,382.76190476190465
1,313,383,383.19047619047603
1,314,383,383.7619047619046
1,315,385,384.28571428571416
1,316,385,384.5714285714285
1,317,384,384.52380952380946
1,318,384,383.9523809523808
1,319,384,383.9523809523808
1,320,384,384.33333333333326
1,321,385,384.66666666666663
1,322,385,384.9523809523808
1,323,385,385.095238095238
1,324,385,384.9999999999999
1,325,385,384.9999999999999
1,326,385,384.9047619047618
1,327,385,385.0476190476188
1,328,385,385.33333333333326
1,329,386,385.76190476190476
1,330,386,385.90476190476187
1,331,386,385.76190476190476
1,332,385,385.3333333333332
1,333,385,385.0476190476189
1,334,385,384.9047619047618
1,335,385,384.9999999999999
1,336,385,384.9999999999999
1,337,385,384.9047619047618
1,338,385,385.0476190476188
1,339,385,385.42857142857133
1,340,386,385.6190476190474
1,341,386,385.52380952380946
1,342,385,385.47619047619014
1,343,385,385.5714285714285
1,344,386,385.4761904761903
1,345,386,385.0
1,346,384,384.9047619047617
1,347,384,385.2857142857142
1,348,387,385.7142857142856
1,349,387,386.095238095238
1,350,385,385.99999999999994
1,351,385,385.5238095238094
1,352,386,385.33333333333326
1,353,386,385.66666666666646
1,354,385,386.04761904761887
1,355,386,385.5714285714284
1,356,386,384.76190476190465
1,357,383,384.142857142857
1,358,383,383.5714285714284
1,359,384,383.3333333333332
1,360,384,383.61904761904754
1,361,383,383.42857142857133
1,362,383,382.95238095238085
1,363,383,382.95238095238085
1,364,383,383.5238095238094
1,365,384,383.57142857142856
1,366,384,383.19047619047615
1,367,382,382.8095238095237
1,368,382,382.7142857142856
1,369,383,382.33333333333314
1,370,383,381.47619047619037
1,371,380,381.8095238095238
1,372,380,381.57142857142844
1,373,385,381.19047619047603
1,374,380,381.52380952380935
1,375,380,381.6666666666667
1,376,382,380.71428571428555
1,377,382,380.6190476190474
1,378,379,380.3333333333332
1,379,379,380.4285714285712
1,380,382,380.57142857142856
1,381,382,380.6666666666666
1,382,379,380.3809523809522
1,383,379,379.7142857142855
1,384,381,380.0952380952379
1,385,381,381.33333333333314
1,386,382,381.80952380952357
1,387,382,381.52380952380935
1,388,381,381.47619047619037
1,389,381,381.38095238095235
1,390,382,381.5714285714285
1,391,382,381.9523809523809
1,392,382,383.04761904761904
1,393,382,381.52380952380946
1,394,382,378.57142857142844
1,395,372,375.3809523809523
1,396,372,372.90476190476176
1,397,373,371.66666666666646
1,398,373,372.6190476190475
1,399,372,372.42857142857133
1,400,372,372.0476190476189
1,401,372,371.9047619047618
1,402,372,372.095238095238
1,403,372,371.9523809523808
1,404,372,371.57142857142844
1,405,371,371.3809523809523
1,406,371,371.38095238095224
1,407,372,371.47619047619037
1,408,372,371.9999999999999
1,409,372,372.3333333333331
1,410,373,372.7142857142856
1,411,373,373.2857142857142
1,412,374,373.76190476190465
1,413,374,373.9523809523808
1,414,374,374.09523809523813
1,415,374,373.9047619047618
1,416,374,374.04761904761904
1,417,374,374.3333333333332
1,418,375,374.66666666666663
1,419,375,374.85714285714283
1,420,375,375.14285714285705
1,421,375,375.2380952380951
1,422,376,375.7142857142855
1,423,376,376.2857142857143
1,424,377,376.76190476190476
1,425,377,376.9523809523808
1,426,377,377.095238095238
1,427,377,376.8095238095238
1,428,377,377.0952380952379
1,429,377,377.4761904761903
1,430,379,378.3333333333331
1,431,379,379.61904761904754
1,432,381,380.85714285714266
1,433,382,381.5714285714285
1,434,382,381.95238095238085
1,435,382,382.1904761904761
1,436,382,382.85714285714266
1,437,384,383.23809523809507
1,438,384,383.0476190476189
1,439,382,382.9523809523809
1,440,382,382.76190476190465
1,441,384,383.14285714285705
1,442,384,383.9047619047618
1,443,384,384.09523809523785
1,444,384,384.04761904761875
1,445,384,384.52380952380946
1,446,385,384.4761904761903
1,447,385,384.3333333333332
1,448,383,384.5714285714284
1,449,384,383.5238095238094
1,450,384,381.9047619047618
1,451,379,380.8571428571426
1,452,379,379.9047619047618
1,453,381,379.85714285714283
1,454,381,380.6190476190474
1,455,381,381.33333333333326
1,456,381,381.9999999999999
1,457,384,382.9999999999999
1,458,384,383.57142857142844
1,459,384,384.4285714285712
1,460,384,384.7142857142856
1,461,387,386.14285714285705
1,462,387,387.8571428571427
1,463,390,389.28571428571405
1,464,390,389.4761904761903
1,465,390,390.3809523809523
1,466,390,391.38095238095224
1,467,394,393.09523809523796
1,468,395,394.4285714285714
1,469,395,394.9999999999998
1,470,394,394.4285714285714
1,471,394,393.9523809523809
1,472,394,393.95238095238074
1,473,394,394.4285714285712
1,474,395,394.6190476190475
1,475,395,394.6190476190475
1,476,394,394.4285714285714
1,477,394,394.04761904761904
1,478,394,393.7142857142856
1,479,394,394.09523809523796
1,480,394,395.9047619047617
1,481,396,394.7142857142855
1,482,396,391.57142857142844
1,483,383,387.6190476190475
1,484,383,383.5714285714285
1,485,383,381.7142857142854
1,486,382,382.1904761904761
1,487,382,380.95238095238085
1,488,379,379.9523809523808
1,489,379,379.7619047619047
1,490,380,379.23809523809507
1,491,380,378.95238095238085
1,492,377,378.09523809523796
1,493,377,377.04761904761915
1,494,377,376.76190476190465
1,495,377,377.4285714285712
1,496,378,377.6190476190474
1,497,378,377.52380952380946
1,498,377,377.57142857142844
1,499,377,377.33333333333326
1,500,378,377.33333333333326
1,501,377,377.23809523809496
1,502,377,376.9047619047618
1,503,376,376.1904761904761
1,504,376,374.0952380952379
1,505,375,376.0476190476189
1,506,375,379.95238095238085
1,507,392,386.61904761904754
1,508,392,393.85714285714283
1,509,400,399.457142857143
1,510,400,399.77142857142843
1,511,400,399.5999999999999
1,512,400,399.95238095238085
1,513,400,400.2857142857141
1,514,400,399.90476190476164
1,515,400,399.5238095238094
1,516,398,398.5714285714284
1,517,398,397.3333333333332
1,518,396,396.5238095238095
1,519,396,396.71428571428567
1,520,397,396.3333333333332
1,521,397,395.8571428571427
1,522,394,395.142857142857
1,523,394,394.66666666666663
1,524,395,394.2857142857142
1,525,395,394.47619047619025
1,526,393,393.66666666666646
1,527,393,392.61904761904754
1,528,391,391.38095238095224
1,529,391,390.4285714285714
1,530,389,389.4761904761905
1,531,389,389.1904761904761
1,532,389,389.1428571428569
1,533,389,388.4761904761903
1,534,388,386.99999999999994
1,535,384,385.38095238095235
1,536,384,384.4761904761903
1,537,384,383.42857142857144
1,538,384,382.66666666666663
1,539,380,381.3333333333333
1,540,380,380.2857142857142
1,541,380,379.5714285714284
1,542,380,379.76190476190476
1,543,379,379.28571428571405
1,544,379,378.80952380952374
1,545,378,378.19047619047603
1,546,378,377.7142857142856
1,547,377,377.2380952380952
1,548,377,377.1428571428571
1,549,377,376.8571428571427
1,550,377,376.7619047619048
1,551,376,376.19047619047615
1,552,376,375.7619047619047
1,553,375,375.5714285714285
1,554,376,375.71428571428567
1,555,376,375.8571428571427
1,556,376,376.09523809523796
1,557,376,375.9999999999999
1,558,376,375.9999999999999
1,559,376,375.7142857142855
1,560,376,376.1428571428571
1,561,376,377.0952380952381
1,562,379,377.9523809523808
1,563,379,378.3333333333333
1,564,378,378.7142857142855
1,565,378,378.7142857142857
1,566,380,379.2380952380951
1,567,380,379.8095238095236
1,568,380,380.2380952380951
1,569,380,380.047619047619
1,570,381,380.9999999999999
1,571,381,381.8571428571428
1,572,384,382.42857142857116
1,573,382,382.5238095238094
1,574,382,381.9047619047618
1,575,382,382.0476190476189
1,576,382,383.5714285714283
1,577,387,385.38095238095224
1,578,387,387.19047619047615
1,579,388,388.095238095238
1,580,388,387.14285714285677
1,581,387,387.66666666666646
1,582,387,388.90476190476187
1,583,392,390.142857142857
1,584,392,390.6190476190474
1,585,390,391.38095238095235
1,586,390,391.8571428571428
1,587,395,393.09523809523796
1,588,395,394.2380952380951
1,589,394,394.9047619047618
1,590,394,394.9999999999998
1,591,396,394.7142857142856
1,592,396,395.0952380952379
1,593,393,395.5238095238093
1,594,397,395.8095238095237
1,595,397,396.5238095238094
1,596,397,397.38095238095235
1,597,397,397.095238095238
1,598,397,396.95238095238096
1,599,397,396.47619047619037
1,600,396,396.4285714285713
1,601,396,396.71428571428567
1,602,398,397.23809523809484
1,603,398,397.71428571428555
1,604,398,398.2857142857141
1,605,398,398.76190476190465
1,606,400,399.28571428571416
1,607,400,399.47619047619025
1,608,399,399.57142857142844
1,609,399,399.4761904761904
1,610,400,399.52380952380946
1,611,400,399.7142857142857
1,612,399,399.3809523809523
1,613,399,398.71428571428567
1,614,398,398.2380952380951
1,615,398,397.9523809523808
1,616,398,397.9523809523808
1,617,398,398.3333333333332
1,618,399,398.6666666666665
1,619,399,399.14285714285717
1,620,399,399.0952380952381
1,621,399,398.2857142857144
1,622,397,397.5238095238094
1,623,396,396.3333333333332
1,624,396,395.0952380952379
1,625,394,394.61904761904765
1,626,394,394.52380952380935
1,627,395,394.4285714285714
1,628,395,394.6190476190475
1,629,394,394.4285714285714
1,630,394,394.142857142857
1,631,394,393.8571428571427
1,632,394,393.57142857142844
1,633,393,393.3809523809522
1,634,393,393.5714285714286
1,635,394,393.4761904761904
1,636,394,393.4761904761903
1,637,392,392.5714285714285
1,638,392,391.47619047619054
1,639,390,390.99999999999994
1,640,391,390.6666666666664
1,641,391,390.3809523809523
1,642,389,389.61904761904765
1,643,389,387.9999999999999
1,644,386,386.8571428571427
1,645,386,386.7619047619046
1,646,387,386.2380952380952
1,647,387,386.142857142857
1,648,384,384.99999999999994
1,649,384,383.5714285714284
1,650,382,382.3333333333332
1,651,382,381.6666666666666
1,652,381,381.19047619047603
1,653,381,381.38095238095235
1,654,382,381.5714285714285
1,655,382,382.14285714285694
1,656,382,381.9999999999999
1,657,382,381.33333333333326
1,658,380,380.8571428571426
1,659,380,379.9999999999999
1,660,380,379.14285714285705
1,661,378,378.66666666666646
1,662,378,378.0952380952379
1,663,378,377.8095238095237
1,664,378,378.1904761904761
1,665,378,377.90476190476187
1,666,378,377.2380952380951
1,667,376,376.71428571428567
1,668,376,376.5238095238094
1,669,377,376.42857142857116
1,670,377,376.61904761904754
1,671,376,376.4285714285712
1,672,376,375.95238095238085
1,673,376,375.95238095238085
1,674,376,376.33333333333326
1,675,377,376.6666666666667
1,676,377,376.9523809523808
1,677,377,377.095238095238
1,678,377,376.90476190476187
1,679,377,377.04761904761915
1,680,377,377.33333333333326
1,681,378,377.3809523809522
1,682,378,378.0952380952379
1,683,378,379.095238095238
1,684,381,379.99999999999994
1,685,381,380.4761904761903
1,686,381,381.4761904761904
1,687,381,382.33333333333314
1,688,385,383.57142857142856
1,689,385,384.8571428571428
1,690,385,385.8095238095236
1,691,386,385.6190476190474
1,692,386,385.8095238095236
1,693,385,385.3333333333332
1,694,385,384.19047619047615
1,695,383,383.6666666666666
1,696,383,383.76190476190465
1,697,385,384.142857142857
1,698,385,384.5238095238094
1,699,385,385.38095238095235
1,700,385,386.61904761904765
1,701,389,387.5238095238093
1,702,389,387.80952380952345
1,703,386,387.19047619047615
1,704,386,386.2380952380951
1,705,386,386.095238095238
1,706,388,387.4761904761905
1,707,388,388.9047619047617
1,708,391,390.19047619047603
1,709,391,390.4761904761904
1,710,391,391.47619047619
1,711,391,392.3333333333333
1,712,395,393.66666666666646
1,713,395,394.8095238095237
1,714,395,395.3809523809522
1,715,395,394.90476190476164
1,716,395,395.04761904761887
1,717,395,395.3333333333332
1,718,396,395.66666666666646
1,719,396,395.95238095238085
1,720,396,396.095238095238
1,721,396,395.8095238095237
1,722,396,396.09523809523785
1,723,396,396.85714285714266
1,724,398,396.85714285714266
1,725,398,397.4285714285713
1,726,396,398.28571428571405
1,727,400,398.71428571428567
1,728,400,399.3809523809523
1,729,399,399.6666666666667
1,730,399,398.71428571428567
1,731,398,398.2380952380951
1,732,398,398.14285714285694
1,733,398,397.85714285714283
1,734,398,397.57142857142844
1,735,397,397.38095238095235
1,736,397,397.3809523809523
1,737,398,397.57142857142844
1,738,398,397.95238095238085
1,739,398,398.09523809523796
1,740,398,398.09523809523796
1,741,398,397.85714285714283
1,742,398,397.7142857142856
1,743,397,397.57142857142844
1,744,398,397.7619047619047
1,745,398,398.2857142857141
1,746,399,398.7142857142856
1,747,399,398.7142857142856
1,748,398,398.38095238095235
1,749,398,397.71428571428555
1,750,397,397.238095238095
1,751,397,397.2380952380952
1,752,397,396.8095238095238
1,753,397,396.4285714285713
1,754,395,395.6190476190476
1,755,395,394.8571428571428
1,756,394,394.0952380952378
1,757,394,393.9999999999999
1,758,393,393.09523809523796
1,759,393,391.95238095238085
1,760,390,390.95238095238096
1,761,390,390.6666666666666
1,762,391,389.9999999999997
1,763,391,390.4285714285714
1,764,389,391.42857142857133
1,765,392,390.94285714285724
1,766,392,389.8285714285713
1,767,385,385.2
1,768,385,391.09523809523796
1,769,387,386.90476190476187
1,770,387,383.6190476190475
1,771,382,383.95238095238085
1,772,382,383.09523809523785
1,773,384,382.7619047619047
1,774,384,383.2380952380951
1,775,382,382.85714285714266
1,776,382,382.1904761904762
1,777,382,381.76190476190465
1,778,382,381.8571428571428
1,779,381,381.23809523809507
1,780,381,380.3809523809523
1,781,379,379.8571428571428
1,782,379,378.9523809523807
1,783,379,377.71428571428567
1,784,376,377.04761904761904
1,785,376,376.38095238095224
1,786,377,376.42857142857133
1,787,377,377.1904761904759
1,788,378,377.8095238095237
1,789,378,378.57142857142844
1,790,379,378.6190476190474
1,791,379,377.95238095238096
1,792,376,377.095238095238
1,793,376,376.1428571428571
1,794,376,375.71428571428567
1,795,376,375.9999999999999
1,796,376,375.9999999999999
1,797,376,375.52380952380946
1,798,376,376.2380952380952
1,799,376,377.38095238095224
1,800,381,379.47619047619037
1,801,381,381.6666666666665
1,802,384,383.52380952380946
1,803,384,384.19047619047603
1,804,385,384.9523809523808
1,805,385,384.8571428571428
1,806,385,385.14285714285705
1,807,385,385.5238095238095
1,808,386,385.5714285714284
1,809,386,385.1904761904762
1,810,384,384.8095238095236
1,811,384,384.4285714285713
1,812,385,384.3809523809523
1,813,385,384.99999999999983
1,814,385,385.5238095238094
1,815,386,385.6190476190474
1,816,386,385.52380952380946
1,817,385,385.47619047619014
1,818,385,385.3809523809523
1,819,386,385.57142857142844
1,820,386,385.95238095238085
1,821,386,386.095238095238
1,822,386,385.99999999999994
1,823,386,385.99999999999994
1,824,386,386.09523809523796
1,825,386,385.9523809523808
1,826,386,385.57142857142856
1,827,385,385.3809523809523
1,828,385,385.47619047619037
1,829,386,385.5238095238095
1,830,386,385.52380952380946
1,831,385,385.47619047619014
1,832,385,385.47619047619037
1,833,386,385.5238095238095
1,834,386,385.52380952380946
1,835,385,385.47619047619014
1,836,385,385.3809523809523
1,837,386,385.57142857142844
1,838,386,385.95238095238085
1,839,386,386.28571428571416
1,840,386,385.9047619047618
1,841,386,385.14285714285705
1,842,384,384.7619047619046
1,843,384,384.95238095238096
1,844,386,385.04761904761887
1,845,386,385.142857142857
1,846,384,384.9047619047618
1,847,384,384.4285714285713
1,848,385,384.47619047619025
1,849,385,384.9523809523808
1,850,385,385.095238095238
1,851,385,385.0952380952379
1,852,385,384.9523809523808
1,853,385,384.57142857142844
1,854,384,384.3809523809522
1,855,384,384.57142857142856
1,856,385,384.38095238095235
1,857,385,384.3333333333332
1,858,383,384.19047619047603
1,859,384,383.7142857142856
1,860,384,383.33333333333326
1,861,383,383.47619047619025
1,862,383,383.4761904761903
1,863,384,383.52380952380935
1,864,384,383.61904761904754
1,865,383,383.42857142857133
1,866,383,383.14285714285717
1,867,383,382.8571428571428
1,868,383,382.66666666666646
1,869,382,382.33333333333314
1,870,382,382.0476190476189
1,871,382,381.9047619047618
1,872,382,381.9999999999997
1,873,382,381.9999999999997
1,874,382,382.095238095238
1,875,382,381.9523809523809
1,876,382,381.6666666666664
1,877,381,381.33333333333314
1,878,381,380.8571428571428
1,879,381,380.9999999999999
1,880,381,381.85714285714283
1,881,383,382.238095238095
1,882,383,382.23809523809507
1,883,381,381.85714285714283
1,884,381,381.09523809523785
1,885,381,380.8095238095237
1,886,381,380.9999999999999
1,887,381,380.9999999999999
1,888,381,380.9999999999999
1,889,381,380.9999999999999
1,890,381,381.95238095238085
1,891,381,380.52380952380935
1,892,381,377.6666666666665
1,893,371,374.33333333333303
1,894,371,371.4761904761903
1,895,371,369.190476190476
1,896,371,371.4285714285713
1,897,371,373.99999999999983
1,898,380,376.9999999999998
1,899,380,379.4761904761904
1,900,380,380.9047619047618
1,901,380,380.33333333333326
1,902,381,380.6666666666666
1,903,381,380.95238095238096
1,904,381,381.09523809523796
1,905,381,380.9999999999999
1,906,381,380.9999999999999
1,907,381,380.90476190476176
1,908,381,381.14285714285694
1,909,381,381.2857142857141
1,910,382,381.14285714285717
1,911,381,381.38095238095235
1,912,381,381.90476190476176
1,913,383,382.1904761904761
1,914,383,382.5714285714283
1,915,382,382.52380952380946
1,916,382,382.0476190476189
1,917,382,381.9047619047618
1,918,382,381.90476190476176
1,919,382,382.04761904761887
1,920,382,382.42857142857133
1,921,383,382.6190476190475
1,922,383,382.52380952380946
1,923,382,382.4761904761904
1,924,382,382.38095238095224
1,925,383,382.57142857142844
1,926,383,382.85714285714266
1,927,383,383.1428571428569
1,928,383,383.33333333333326
1,929,384,383.6666666666665
1,930,384,383.9523809523808
1,931,384,384.095238095238
1,932,384,383.9999999999999
1,933,384,383.9999999999999
1,934,384,383.9999999999999
1,935,384,383.9999999999999
1,936,384,383.9999999999999
1,937,384,383.90476190476176
1,938,384,384.04761904761875
1,939,384,384.33333333333326
1,940,385,384.66666666666663
1,941,385,384.9523809523808
1,942,385,385.095238095238
1,943,385,384.9999999999999
1,944,385,384.9999999999999
1,945,385,384.9999999999999
1,946,385,384.9999999999999
1,947,385,384.9999999999999
1,948,385,384.9999999999999
1,949,385,384.9999999999999
1,950,385,384.9047619047618
1,951,385,385.0476190476188
1,952,385,385.33333333333326
1,953,386,385.6666666666666
1,954,386,385.95238095238085
1,955,386,386.095238095238
1,956,386,386.09523809523796
1,957,386,385.9523809523808
1,958,386,385.57142857142856
1,959,385,385.3809523809523
1,960,385,385.47619047619037
1,961,386,385.5238095238095
1,962,386,385.52380952380946
1,963,385,385.47619047619014
1,964,385,385.47619047619037
1,965,386,385.5238095238095
1,966,386,385.71428571428555
1,967,385,385.38095238095235
1,968,385,384.6190476190477
1,969,384,384.38095238095224
1,970,384,384.3333333333333
1,971,385,384.142857142857
1,972,384,384.33333333333326
1,973,384,384.5714285714285
1,974,385,384.52380952380946
1,975,385,384.52380952380935
1,976,384,384.4761904761903
1,977,384,384.57142857142856
1,978,385,384.4761904761903
1,979,385,384.19047619047603
1,980,383,383.80952380952357
1,981,383,383.42857142857133
1,982,384,383.4761904761903
1,983,384,384.04761904761887
1,984,384,384.04761904761887
1,985,384,383.57142857142844
1,986,383,383.3809523809522
1,987,383,383.4761904761903
1,988,384,383.52380952380935
1,989,384,383.61904761904754
1,990,383,383.5238095238094
1,991,383,382.9999999999999
1,992,383,382.4761904761904
1,993,382,382.38095238095235
1,994,382,382.47619047619037
1,995,383,382.52380952380946
1,996,383,382.61904761904736
1,997,382,382.42857142857133
1,998,382,382.0476190476189
1,999,382,381.9047619047618
1,1000,382,381.9999999999997
1,1001,382,381.9999999999997
1,1002,382,382.095238095238
1,1003,382,381.9523809523809
1,1004,382,381.6666666666664
1,1005,381,381.33333333333314
1,1006,381,380.95238095238074
1,1007,381,380.95238095238085
1,1008,381,381.4285714285713
1,1009,382,381.6190476190475
1,1010,382,381.6190476190475
1,1011,381,381.52380952380935
1,1012,381,380.9999999999999
1,1013,381,380.57142857142844
1,1014,380,380.33333333333314
1,1015,380,380.04761904761887
1,1016,380,379.9047619047617
1,1017,380,379.90476190476176
1,1018,380,380.047619047619
1,1019,380,380.33333333333326
1,1020,381,380.6666666666666
1,1021,381,380.9714285714287
1,1022,381,381.14285714285705
1,1023,381,381.0
1,1024,382,387.95238095238085
1,1025,382,382.9523809523809
1,1026,382,380.28571428571416
1,1027,382,381.9999999999997
1,1028,382,381.9999999999997
1,1029,382,382.095238095238
1,1030,382,381.9523809523809
1,1031,382,381.6666666666664
1,1032,381,381.2380952380951
1,1033,381,381.09523809523796
1,1034,381,381.2380952380952
1,1035,382,381.6666666666666
1,1036,382,381.9523809523809
1,1037,382,382.09523809523796
1,1038,382,381.9999999999997
1,1039,382,381.9999999999997
1,1040,382,381.9999999999997
1,1041,382,381.9999999999997
1,1042,382,381.9999999999997
1,1043,382,381.9999999999997
1,1044,382,381.9999999999997
1,1045,382,381.9999999999997
1,1046,382,381.90476190476176
1,1047,382,382.04761904761887
1,1048,382,382.3333333333333
1,1049,383,382.66666666666663
1,1050,383,382.95238095238074
1,1051,383,383.0952380952379
1,1052,383,382.8095238095237
1,1053,383,383.09523809523796
1,1054,383,383.7619047619046
1,1055,385,384.19047619047603
1,1056,385,384.6190476190474
1,1057,384,384.8571428571428
1,1058,385,384.7142857142856
1,1059,385,384.8571428571427
1,1060,385,385.095238095238
1,1061,385,384.9999999999999
1,1062,385,384.9999999999999
1,1063,385,384.9999999999999
1,1064,385,384.9999999999999
1,1065,385,384.9047619047618
1,1066,385,385.0476190476188
1,1067,385,385.42857142857133
1,1068,386,385.6190476190474
1,1069,386,385.52380952380946
1,1070,385,385.47619047619014
1,1071,385,385.28571428571405
1,1072,386,385.6190476190475
1,1073,386,386.2857142857142
1,1074,387,386.85714285714266
1,1075,387,386.9047619047618
1,1076,387,386.76190476190465
1,1077,386,386.33333333333314
1,1078,386,386.04761904761904
1,1079,386,385.90476190476164
1,1080,386,385.99999999999994
1,1081,386,385.99999999999994
1,1082,386,386.09523809523796
1,1083,386,385.9523809523808
1,1084,386,385.57142857142856
1,1085,385,385.3809523809523
1,1086,385,385.3809523809523
1,1087,386,385.57142857142844
1,1088,386,385.95238095238085
1,1089,386,386.095238095238
1,1090,386,385.99999999999994
1,1091,386,385.99999999999994
1,1092,386,385.99999999999994
1,1093,386,386.09523809523796
1,1094,386,385.9523809523808
1,1095,386,386.42857142857133
1,1096,385,384.9523809523808
1,1097,385,382.3809523809523
1,1098,377,379.57142857142856
1,1099,377,376.90476190476176
1,1100,377,376.4761904761904
1,1101,377,378.57142857142844
1,1102,382,380.38095238095224
1,1103,382,381.9999999999999
1,1104,383,383.190476190476
1,1105,383,383.3809523809522
1,1106,384,383.71428571428567
1,1107,384,383.5238095238093
1,1108,383,383.47619047619025
1,1109,383,383.3809523809523
1,1110,384,383.57142857142856
1,1111,384,383.9523809523808
1,1112,384,384.095238095238
1,1113,384,384.09523809523796
1,1114,384,383.9523809523808
1,1115,384,383.76190476190465
1,1116,383,383.2857142857142
1,1117,383,382.61904761904754
1,1118,382,382.28571428571416
1,1119,382,382.47619047619037
1,1120,383,382.52380952380946
1,1121,383,382.61904761904736
1,1122,382,382.52380952380935
1,1123,382,382.0
1,1124,382,381.5714285714284
1,1125,381,381.33333333333314
1,1126,381,380.95238095238074
1,1127,381,380.95238095238085
1,1128,381,381.4285714285713
1,1129,382,381.6190476190475
1,1130,382,381.52380952380935
1,1131,381,381.47619047619037
1,1132,381,381.38095238095235
1,1133,382,381.5714285714285
1,1134,382,382.0476190476189
1,1135,382,382.0476190476189
1,1136,382,381.5714285714284
1,1137,381,381.3809523809523
1,1138,381,381.47619047619037
1,1139,382,381.52380952380935
1,1140,382,381.6190476190475
1,1141,381,381.33333333333314
1,1142,381,381.09523809523796
1,1143,381,381.2380952380952
1,1144,382,381.6666666666666
1,1145,382,381.85714285714283
1,1146,382,382.142857142857
1,1147,382,382.3333333333333
1,1148,383,382.66666666666663
1,1149,383,382.95238095238074
1,1150,383,383.0952380952379
1,1151,383,383.0
1,1152,383,383.0
1,1153,383,383.0
1,1154,383,383.0
1,1155,383,382.9047619047618
1,1156,383,383.0476190476188
1,1157,383,383.4285714285713
1,1158,384,383.6190476190475
1,1159,384,383.5238095238093
1,1160,383,383.47619047619025
1,1161,383,383.4761904761903
1,1162,384,383.52380952380935
1,1163,384,383.4285714285713
1,1164,383,383.52380952380946
1,1165,383,383.7142857142856
1,1166,385,384.3333333333331
1,1167,385,384.8571428571426
1,1168,385,384.7619047619046
1,1169,384,384.3809523809522
1,1170,384,384.2857142857142
1,1171,385,384.61904761904754
1,1172,385,385.38095238095235
1,1173,386,385.71428571428555
1,1174,386,385.61904761904754
1,1175,385,385.42857142857133
1,1176,385,385.0476190476189
1,1177,385,384.9047619047618
1,1178,385,384.9999999999999
1,1179,385,384.9999999999999
1,1180,385,384.9999999999999
1,1181,385,384.9999999999999
1,1182,385,384.9999999999999
1,1183,385,384.9999999999999
1,1184,385,384.9999999999999
1,1185,385,385.0952380952379
1,1186,385,384.9523809523808
1,1187,385,384.57142857142844
1,1188,384,384.3809523809522
1,1189,384,384.38095238095224
1,1190,385,384.5714285714285
1,1191,385,384.9523809523808
1,1192,385,385.095238095238
1,1193,385,384.9999999999999
1,1194,385,384.9999999999999
1,1195,385,385.0952380952379
1,1196,385,384.9523809523808
1,1197,385,384.57142857142844
1,1198,384,384.3809523809522
1,1199,384,384.47619047619025
1,1200,385,384.52380952380946
1,1201,385,384.52380952380935
1,1202,384,384.4761904761903
1,1203,384,384.47619047619025
1,1204,385,384.52380952380946
1,1205,385,384.61904761904754
1,1206,384,384.52380952380935
1,1207,384,383.9999999999999
1,1208,384,383.47619047619037
1,1209,383,383.3809523809522
1,1210,383,383.4761904761903
1,1211,384,383.52380952380935
1,1212,384,383.61904761904754
1,1213,383,383.42857142857133
1,1214,383,383.14285714285717
1,1215,383,382.8571428571428
1,1216,383,382.57142857142844
1,1217,382,382.38095238095235
1,1218,382,382.47619047619037
1,1219,383,382.52380952380946
1,1220,383,382.52380952380946
1,1221,382,382.4761904761904
1,1222,382,382.47619047619037
1,1223,383,382.52380952380946
1,1224,383,382.61904761904736
1,1225,382,382.52380952380935
1,1226,382,382.0
1,1227,382,381.4761904761904
1,1228,381,381.3809523809523
1,1229,381,381.38095238095235
1,1230,382,381.5714285714285
1,1231,382,382.0476190476189
1,1232,382,382.0476190476189
1,1233,382,381.5714285714284
1,1234,381,381.3809523809523
1,1235,381,381.47619047619037
1,1236,382,381.52380952380935
1,1237,382,381.6190476190475
1,1238,381,381.4285714285712
1,1239,381,380.95238095238074
1,1240,381,380.95238095238085
1,1241,381,381.3333333333333
1,1242,382,381.6666666666666
1,1243,382,381.9523809523809
1,1244,382,382.09523809523796
1,1245,382,381.9999999999997
1,1246,382,381.9999999999997
1,1247,382,381.9999999999997
1,1248,382,381.9999999999997
1,1249,382,381.9999999999997
1,1250,382,381.9999999999997
1,1251,382,381.9999999999997
1,1252,382,381.9999999999997
1,1253,382,381.9999999999997
1,1254,382,381.9999999999997
1,1255,382,381.9999999999997
1,1256,382,381.9999999999997
1,1257,382,381.9999999999997
1,1258,382,381.9999999999997
1,1259,382,381.9999999999997
1,1260,382,381.9999999999997
1,1261,382,381.9999999999997
1,1262,382,381.9999999999997
1,1263,382,381.9999999999997
1,1264,382,381.9999999999997
1,1265,382,381.9999999999997
1,1266,382,381.90476190476176
1,1267,382,382.04761904761887
1,1268,382,382.3333333333333
1,1269,383,382.66666666666663
1,1270,383,382.95238095238074
1,1271,383,382.9999999999998
1,1272,383,383.0476190476188
1,1273,383,383.4285714285713
1,1274,384,383.6190476190475
1,1275,384,383.5238095238093
1,1276,383,383.47619047619025
1,1277,383,383.2857142857144
1,1278,384,383.4857142857141
1,1279,384,384.09999999999997
1,1280,384,389.3333333333332
1,1281,384,385.2857142857141
1,1282,385,383.095238095238
1,1283,385,384.52380952380935
1,1284,384,384.4761904761903
1,1285,384,384.2857142857142
1,1286,385,384.61904761904754
1,1287,385,385.38095238095235
1,1288,386,385.71428571428555
1,1289,386,385.61904761904754
1,1290,385,385.2380952380951
1,1291,385,385.14285714285705
1,1292,385,385.6666666666666
1,1293,387,386.28571428571416
1,1294,387,386.57142857142856
1,1295,386,386.52380952380935
1,1296,386,386.04761904761904
1,1297,386,385.99999999999994
1,1298,386,385.9523809523808
1,1299,386,385.57142857142856
1,1300,385,385.3809523809523
1,1301,385,385.47619047619037
1,1302,386,385.5238095238095
1,1303,386,385.61904761904754
1,1304,385,384.7619047619046
1,1305,385,385.3809523809522
1,1306,385,387.3333333333331
1,1307,392,389.6190476190475
1,1308,392,390.95238095238085
1,1309,391,392.190476190476
1,1310,391,392.2857142857141
1,1311,395,393.52380952380935
1,1312,395,395.19047619047603
1,1313,396,396.38095238095224
1,1314,397,396.6190476190475
1,1315,397,396.8571428571429
1,1316,397,397.19047619047615
1,1317,397,397.6666666666665
1,1318,399,398.3333333333331
1,1319,399,398.9999999999998
1,1320,399,399.14285714285705
1,1321,399,398.5714285714285
1,1322,398,398.3809523809522
1,1323,398,398.38095238095224
1,1324,399,398.5714285714284
1,1325,399,398.95238095238085
1,1326,399,399.0952380952379
1,1327,399,398.90476190476187
1,1328,399,399.0476190476189
1,1329,399,399.3333333333333
1,1330,400,399.6666666666666
1,1331,400,400.04761904761864
1,1332,400,400.0476190476188
1,1333,400,399.76190476190465
1,1334,399,399.28571428571416
1,1335,399,398.71428571428567
1,1336,398,398.2380952380951
1,1337,398,398.14285714285694
1,1338,398,397.85714285714283
1,1339,398,397.85714285714283
1,1340,397,397.2380952380952
1,1341,397,396.3809523809524
1,1342,395,395.66666666666663
1,1343,395,395.04761904761904
1,1344,395,394.5714285714285
1,1345,394,394.2857142857142
1,1346,394,393.80952380952374
1,1347,393,393.1904761904761
1,1348,393,392.7142857142855
1,1349,392,392.238095238095
1,1350,392,392.2380952380952
1,1351,392,391.8095238095238
1,1352,392,391.4285714285714
1,1353,390,390.6190476190476
1,1354,390,389.95238095238074
1,1355,389,389.0476190476191
1,1356,389,388.3809523809523
1,1357,387,387.5714285714285
1,1358,387,387.2857142857142
1,1359,387,386.71428571428555
1,1360,387,386.2380952380951
1,1361,385,385.71428571428567
1,1362,385,385.5238095238094
1,1363,386,385.42857142857133
1,1364,386,385.9047619047617
1,1365,385,385.2857142857142
1,1366,385,383.9523809523808
1,1367,382,382.95238095238074
1,1368,382,382.6666666666665
1,1369,383,382.4761904761904
1,1370,383,382.1904761904762
1,1371,381,381.1904761904761
1,1372,379,379.71428571428555
1,1373,379,378.6666666666666
1,1374,378,378.09523809523785
1,1375,378,377.8095238095236
1,1376,377,377.190476190476
1,1377,377,376.61904761904765
1,1378,376,376.2857142857143
1,1379,376,376.4761904761904
1,1380,377,376.5238095238094
1,1381,377,376.61904761904754
1,1382,376,376.4285714285712
1,1383,376,376.0476190476189
1,1384,376,375.9047619047618
1,1385,376,375.9999999999999
1,1386,376,375.9999999999999
1,1387,376,375.9999999999999
1,1388,376,375.9999999999999
1,1389,376,375.9047619047618
1,1390,376,376.14285714285705
1,1391,376,376.2857142857142
1,1392,377,376.3333333333333
1,1393,376,376.2857142857141
1,1394,376,375.8571428571427
1,1395,376,376.0476190476189
1,1396,376,376.99999999999994
1,1397,379,377.99999999999983
1,1398,379,378.85714285714283
1,1399,379,379.2857142857142
1,1400,379,378.71428571428567
1,1401,379,379.1428571428569
1,1402,379,380.09523809523813
1,1403,382,380.95238095238085
1,1404,382,381.2380952380952
1,1405,381,381.76190476190465
1,1406,381,381.8571428571427
1,1407,384,382.9999999999999
1,1408,384,384.42857142857133
1,1409,386,385.5714285714284
1,1410,386,386.2857142857142
1,1411,387,387.2857142857143
1,1412,388,387.5714285714283
1,1413,388,387.42857142857133
1,1414,387,387.5714285714285
1,1415,387,387.9523809523809
1,1416,390,388.9523809523808
1,1417,390,390.095238095238
1,1418,391,390.99999999999983
1,1419,391,391.0952380952379
1,1420,392,391.8571428571429
1,1421,392,392.61904761904754
1,1422,394,393.4285714285713
1,1423,394,393.7142857142856
1,1424,394,394.2857142857143
1,1425,394,394.5714285714284
1,1426,396,395.3809523809521
1,1427,396,396.3333333333332
1,1428,397,396.8095238095238
1,1429,397,396.52380952380906
1,1430,396,396.38095238095224
1,1431,396,396.4285714285713
1,1432,397,396.90476190476164
1,1433,398,397.61904761904754
1,1434,398,398.0476190476188
1,1435,398,398.09523809523796
1,1436,398,397.9047619047617
1,1437,398,398.047619047619
1,1438,398,398.2380952380951
1,1439,399,398.7142857142856
1,1440,399,399.3809523809523
1,1441,400,399.7142857142857
1,1442,400,399.5238095238094
1,1443,399,399.4761904761904
1,1444,399,399.3809523809522
1,1445,400,399.5714285714284
1,1446,400,400.04761904761864
1,1447,400,400.0476190476188
1,1448,400,399.6666666666667
1,1449,399,399.33333333333326
1,1450,399,399.14285714285717
1,1451,399,398.8571428571428
1,1452,399,398.6666666666665
1,1453,398,398.33333333333326
1,1454,398,398.14285714285694
1,1455,398,397.95238095238085
1,1456,398,397.61904761904754
1,1457,397,396.9047619047619
1,1458,396,396.4285714285713
1,1459,396,396.38095238095224
1,1460,397,396.5238095238094
1,1461,397,396.7142857142856
1,1462,396,396.38095238095235
1,1463,396,396.0000000000001
1,1464,395,395.0952380952379
1,1465,395,394.04761904761887
1,1466,392,392.90476190476176
1,1467,392,392.4285714285712
1,1468,392,391.5714285714285
1,1469,392,391.19047619047603
1,1470,389,389.90476190476187
1,1471,389,388.47619047619025
1,1472,387,387.66666666666663
1,1473,387,386.95238095238085
1,1474,387,385.9047619047618
1,1475,384,384.9523809523808
1,1476,384,383.9047619047618
1,1477,383,382.9999999999999
1,1478,383,382.71428571428544
1,1479,382,382.23809523809507
1,1480,382,382.42857142857144
1,1481,382,381.71428571428555
1,1482,382,380.57142857142844
1,1483,378,379.3809523809523
1,1484,378,378.6190476190475
1,1485,379,378.238095238095
1,1486,379,378.8095238095236
1,1487,378,378.3333333333332
1,1488,378,377.28571428571405
1,1489,376,376.61904761904754
1,1490,376,376.5238095238094
1,1491,377,376.42857142857116
1,1492,377,376.7142857142856
1,1493,376,376.38095238095235
1,1494,376,375.61904761904754
1,1495,375,375.28571428571416
1,1496,375,375.3809523809523
1,1497,376,375.5714285714284
1,1498,376,375.95238095238085
1,1499,376,376.09523809523796
1,1500,376,375.9047619047618
1,1501,376,376.0476190476189
1,1502,376,376.2380952380951
1,1503,377,376.71428571428555
1,1504,377,376.6190476190476
1,1505,378,378.09523809523796
1,1506,378,380.28571428571416
1,1507,385,382.76190476190453
1,1508,385,384.6666666666665
1,1509,385,385.95238095238074
1,1510,385,384.8571428571427
1,1511,385,383.7142857142856
1,1512,382,383.1428571428571
1,1513,382,383.23809523809507
1,1514,385,383.6666666666667
1,1515,385,384.1428571428571
1,1516,384,384.8095238095237
1,1517,384,385.2857142857141
1,1518,388,386.61904761904736
1,1519,388,387.95238095238085
1,1520,389,389.14285714285694
1,1521,389,389.90476190476176
1,1522,391,390.285714285714
1,1523,391,389.3333333333331
1,1524,388,389.6666666666666
1,1525,388,390.04761904761904
1,1526,394,390.6666666666665
1,1527,392,392.5714285714285
1,1528,392,394.0
1,1529,396,394.47619047619025
1,1530,396,395.7142857142857
1,1531,396,396.4285714285713
1,1532,396,396.3333333333332
1,1533,397,396.6285714285716
1,1534,397,396.9714285714286
1,1535,397,396.94999999999993
1,1536,397,397.85714285714266
1,1537,397,397.28571428571445
1,1538,397,397.3333333333333
1,1539,398,397.5238095238094
1,1540,398,396.66666666666646
1,1541,395,396.23809523809524
1,1542,395,396.2380952380951
1,1543,398,396.6666666666665
1,1544,398,397.4285714285713
1,1545,397,397.6666666666665
1,1546,397,397.3809523809523
1,1547,398,397.57142857142844
1,1548,398,397.95238095238085
1,1549,398,398.09523809523796
1,1550,398,398.0
1,1551,398,397.9047619047617
1,1552,398,398.047619047619
1,1553,398,398.4285714285712
1,1554,399,398.61904761904754
1,1555,399,398.52380952380935
1,1556,398,398.47619047619037
1,1557,398,398.38095238095224
1,1558,399,398.5714285714284
1,1559,399,399.0476190476187
1,1560,399,399.04761904761887
1,1561,399,398.5714285714285
1,1562,398,398.3809523809522
1,1563,398,398.4761904761905
1,1564,399,398.52380952380935
1,1565,399,398.52380952380935
1,1566,398,398.47619047619037
1,1567,398,398.38095238095224
1,1568,399,398.5714285714284
1,1569,399,398.8571428571427
1,1570,399,399.2380952380951
1,1571,399,399.28571428571416
1,1572,400,399.33333333333326
1,1573,399,399.28571428571433
1,1574,399,399.2380952380953
1,1575,399,398.8571428571428
1,1576,399,398.5714285714285
1,1577,398,398.3809523809522
1,1578,398,398.38095238095224
1,1579,399,398.5714285714284
1,1580,399,398.95238095238085
1,1581,399,399.0952380952379
1,1582,399,398.90476190476187
1,1583,399,399.00000000000006
1,1584,399,399.25714285714275
1,1585,400,399.9499999999999
2,0,399,392.6666666666666
2,1,399,398.09523809523796
2,2,399,400.80952380952374
2,3,399,400.6190476190476
2,4,399,398.1904761904761
2,5,399,393.14285714285694
2,6,382,387.76190476190465
2,7,382,383.6666666666666
2,8,384,381.6190476190475
2,9,384,382.9523809523809
2,10,382,382.99999999999983
2,11,382,383.3809523809523
2,12,385,383.66666666666663
2,13,385,383.4761904761903
2,14,382,383.4761904761904
2,15,382,383.85714285714266
2,16,386,383.90476190476176
2,17,386,384.6190476190476
2,18,382,384.99999999999983
2,19,385,384.047619047619
2,20,385,383.2857142857142
2,21,382,383.38095238095235
2,22,382,383.095238095238
2,23,384,382.90476190476176
2,24,384,382.9047619047617
2,25,381,382.1904761904762
2,26,381,381.33333333333314
2,27,381,380.61904761904736
2,28,381,380.3333333333332
2,29,379,379.6666666666666
2,30,379,378.9999999999999
2,31,379,378.8571428571429
2,32,379,379.33333333333314
2,33,380,379.76190476190476
2,34,380,379.90476190476187
2,35,380,379.85714285714266
2,36,379,379.28571428571405
2,37,379,378.71428571428555
2,38,378,378.238095238095
2,39,378,378.142857142857
2,40,378,377.8571428571427
2,41,378,377.6666666666665
2,42,377,377.33333333333326
2,43,377,377.047619047619
2,44,377,376.9047619047618
2,45,377,376.7142857142856
2,46,377,377.14285714285705
2,47,377,378.0
2,48,380,379.0952380952381
2,49,380,379.80952380952357
2,50,380,380.2380952380951
2,51,379,379.19047619047615
2,52,379,378.142857142857
2,53,376,376.85714285714283
2,54,376,375.8095238095237
2,55,375,375.0476190476191
2,56,375,374.95238095238074
2,57,375,374.95238095238096
2,58,375,375.2380952380951
2,59,376,375.7142857142855
2,60,376,376.1904761904761
2,61,377,376.80952380952374
2,62,377,377.095238095238
2,63,378,377.8571428571428
2,64,378,378.90476190476176
2,65,380,379.28571428571416
2,66,380,378.5238095238094
2,67,377,378.38095238095224
2,68,377,378.57142857142844
2,69,381,379.2380952380951
2,70,381,380.52380952380935
2,71,380,380.6666666666666
2,72,381,380.9047619047619
2,73,381,382.4761904761904
2,74,385,383.6190476190473
2,75,385,383.4285714285713
2,76,382,383.57142857142844
2,77,382,383.57142857142856
2,78,386,384.33333333333314
2,79,386,385.4761904761904
2,80,385,385.71428571428555
2,81,385,384.8571428571427
2,82,385,384.99999999999994
2,83,385,385.7619047619045
2,84,387,386.28571428571416
2,85,387,386.09523809523796
2,86,386,386.7619047619046
2,87,386,387.9047619047619
2,88,391,389.1428571428569
2,89,391,389.6190476190473
2,90,389,390.3809523809521
2,91,389,390.8571428571428
2,92,394,391.90476190476176
2,93,394,393.52380952380935
2,94,393,394.47619047619025
2,95,395,394.38095238095224
2,96,395,394.7142857142856
2,97,395,395.23809523809507
2,98,395,395.23809523809507
2,99,396,395.71428571428555
2,100,396,396.2857142857142
2,101,397,396.76190476190465
2,102,397,396.7619047619046
2,103,397,397.19047619047615
2,104,397,397.7619047619047
2,105,399,398.2857142857142
2,106,399,398.5714285714285
2,107,398,398.52380952380935
2,108,398,398.0476190476189
2,109,398,397.9047619047618
2,110,398,397.80952380952374
2,111,398,398.1904761904761
2,112,398,398.6190476190475
2,113,400,398.9999999999998
2,114,399,399.2380952380951
2,115,399,399.2380952380951
2,116,399,398.90476190476187
2,117,399,398.99999999999994
2,118,399,398.99999999999994
2,119,399,398.99999999999994
2,120,399,398.99999999999994
2,121,399,398.99999999999994
2,122,399,398.99999999999994
2,123,399,398.99999999999994
2,124,399,398.99999999999994
2,125,399,398.99999999999994
2,126,399,398.99999999999994
2,127,399,398.99999999999994
2,128,399,398.99999999999994
2,129,399,398.99999999999994
2,130,399,398.99999999999994
2,131,399,398.99999999999994
2,132,399,398.99999999999994
2,133,399,399.0952380952379
2,134,399,398.9523809523809
2,135,399,398.6666666666665
2,136,398,398.5238095238095
2,137,398,397.95238095238085
2,138,398,397.3333333333333
2,139,396,396.61904761904754
2,140,396,395.95238095238085
2,141,395,395.04761904761887
2,142,395,394.2857142857142
2,143,393,393.6190476190475
2,144,393,393.6190476190476
2,145,394,393.38095238095235
2,146,394,393.1904761904761
2,147,392,392.8095238095236
2,148,392,392.52380952380935
2,149,393,392.42857142857144
2,150,393,392.61904761904754
2,151,392,392.4285714285714
2,152,392,392.33333333333314
2,153,392,391.66666666666646
2,154,392,391.047619047619
2,155,389,390.4285714285714
2,156,390,389.76190476190465
2,157,390,389.52380952380935
2,158,389,389.33333333333326
2,159,389,388.3809523809523
2,160,387,387.5714285714285
2,161,387,387.2857142857142
2,162,387,386.71428571428555
2,163,387,386.61904761904754
2,164,385,385.5238095238095
2,165,385,384.19047619047603
2,166,382,382.76190476190465
2,167,382,381.8095238095237
2,168,381,381.04761904761887
2,169,381,381.1428571428572
2,170,381,380.85714285714283
2,171,381,380.8571428571428
2,172,380,380.2380952380953
2,173,380,379.3809523809523
2,174,378,378.57142857142844
2,175,378,378.19047619047603
2,176,378,377.7619047619047
2,177,378,377.7619047619048
2,178,377,377.2857142857141
2,179,377,376.71428571428567
2,180,376,376.14285714285694
2,181,376,376.09523809523796
2,182,376,376.3333333333333
2,183,377,376.6190476190475
2,184,377,376.61904761904754
2,185,376,376.4285714285712
2,186,376,376.14285714285705
2,187,376,375.8571428571427
2,188,376,375.57142857142844
2,189,375,375.38095238095224
2,190,375,375.3809523809523
2,191,376,375.5714285714284
2,192,376,375.95238095238085
2,193,376,376.09523809523796
2,194,376,375.9047619047618
2,195,376,376.0476190476189
2,196,376,376.33333333333326
2,197,377,376.6666666666667
2,198,377,376.8571428571427
2,199,377,377.0476190476189
2,200,377,377.3809523809523
2,201,378,377.99999999999983
2,202,379,378.5238095238093
2,203,379,379.095238095238
2,204,379,379.42857142857133
2,205,380,379.57142857142827
2,206,380,379.9999999999999
2,207,380,380.33333333333314
2,208,381,380.71428571428567
2,209,381,381.09523809523813
2,210,382,381.8571428571427
2,211,382,382.42857142857144
2,212,384,383.5238095238094
2,213,384,384.3809523809523
2,214,386,385.6190476190475
2,215,386,386.5714285714285
2,216,388,387.5238095238093
2,217,388,387.90476190476176
2,218,388,388.190476190476
2,219,388,387.90476190476176
2,220,388,388.04761904761887
2,221,388,388.4285714285713
2,222,389,388.61904761904736
2,223,389,388.4285714285713
2,224,388,388.4285714285713
2,225,388,388.76190476190465
2,226,390,389.380952380952
2,227,391,390.66666666666634
2,228,391,391.7142857142857
2,229,393,392.4761904761902
2,230,393,393.2380952380952
2,231,394,393.85714285714266
2,232,394,393.6666666666666
2,233,394,394.2380952380951
2,234,394,395.0952380952381
2,235,397,395.95238095238085
2,236,397,396.5238095238094
2,237,396,396.61904761904736
2,238,396,395.95238095238085
2,239,396,395.95238095238085
2,240,396,396.3333333333332
2,241,397,396.66666666666663
2,242,397,396.9523809523808
2,243,397,396.9047619047618
2,244,397,397.09523809523785
2,245,397,397.6666666666665
2,246,399,398.3333333333331
2,247,399,398.9047619047617
2,248,399,399.0952380952379
2,249,399,399.0476190476189
2,250,399,401.14285714285705
2,251,400,398.76190476190465
2,252,400,393.6190476190475
2,253,381,388.20000000000005
2,254,381,381.5428571428571
2,255,381,381.95
2,256,382,382.2857142857142
2,257,382,388.6666666666667
2,258,402,395.4761904761904
2,259,402,400.6190476190474
2,260,401,403.28571428571416
2,261,401,401.47619047619037
2,262,402,401.5238095238094
2,263,402,401.61904761904736
2,264,401,401.4285714285711
2,265,401,401.047619047619
2,266,401,400.90476190476176
2,267,401,401.0
2,268,401,401.0
2,269,401,401.0
2,270,401,401.19047619047615
2,271,401,400.90476190476176
2,272,401,400.42857142857116
2,273,399,399.6190476190474
2,274,399,399.04761904761904
2,275,398,397.99999999999994
2,276,398,397.14285714285705
2,277,395,395.8571428571427
2,278,395,394.5238095238095
2,279,394,394.1904761904761
2,280,394,395.3333333333333
2,281,397,395.7619047619046
2,282,397,395.8571428571427
2,283,394,395.28571428571416
2,284,394,394.1428571428571
2,285,394,394.0
2,286,394,393.8571428571427
2,287,394,392.90476190476176
2,288,391,392.047619047619
2,289,391,391.6666666666666
2,290,392,391.28571428571416
2,291,392,391.47619047619054
2,292,390,390.6666666666667
2,293,390,389.9047619047617
2,294,388,388.2380952380951
2,295,388,386.14285714285705
2,296,383,384.61904761904765
2,297,383,384.6190476190474
2,298,386,384.3333333333333
2,299,386,384.61904761904754
2,300,382,383.5714285714283
2,301,382,381.95238095238074
2,302,381,380.90476190476187
2,303,381,380.6190476190474
2,304,380,380.28571428571416
2,305,380,380.5714285714285
2,306,381,380.38095238095246
2,307,381,380.3333333333332
2,308,379,380.28571428571405
2,309,380,379.66666666666646
2,310,380,379.2857142857142
2,311,378,378.6666666666666
2,312,378,377.4285714285714
2,313,376,376.4761904761904
2,314,376,375.42857142857133
2,315,376,376.1428571428571
2,316,376,378.42857142857133
2,317,383,380.6190476190474
2,318,383,382.142857142857
2,319,382,383.09523809523796
2,320,382,382.8095238095237
2,321,384,383.1904761904761
2,322,384,383.4761904761904
2,323,383,383.6666666666665
2,324,383,383.3333333333333
2,325,384,383.14285714285705
2,326,383,383.3333333333332
2,327,383,383.4761904761904
2,328,384,383.57142857142856
2,329,384,383.8571428571428
2,330,384,384.14285714285694
2,331,384,384.33333333333326
2,332,385,384.66666666666663
2,333,385,384.9523809523808
2,334,385,385.095238095238
2,335,385,384.9047619047618
2,336,385,385.0476190476188
2,337,385,385.42857142857133
2,338,386,385.6190476190474
2,339,386,385.61904761904754
2,340,385,385.42857142857133
2,341,385,384.95238095238096
2,342,385,385.04761904761887
2,343,385,385.28571428571416
2,344,386,385.2380952380951
2,345,385,385.33333333333326
2,346,385,385.4761904761904
2,347,386,385.57142857142844
2,348,386,386.0476190476189
2,349,386,386.0476190476189
2,350,386,385.57142857142856
2,351,385,385.3809523809523
2,352,385,385.3809523809523
2,353,386,385.57142857142844
2,354,386,385.95238095238085
2,355,386,386.095238095238
2,356,386,386.09523809523796
2,357,386,385.9523809523808
2,358,386,385.57142857142856
2,359,385,385.3809523809523
2,360,385,385.47619047619037
2,361,386,385.5238095238095
2,362,386,385.52380952380946
2,363,385,385.47619047619014
2,364,385,385.3809523809523
2,365,386,385.57142857142844
2,366,386,385.95238095238085
2,367,386,386.28571428571416
2,368,386,385.9047619047618
2,369,386,385.23809523809507
2,370,384,384.7142857142856
2,371,384,384.5238095238094
2,372,385,384.4285714285714
2,373,385,384.61904761904754
2,374,384,384.4285714285713
2,375,384,384.0476190476189
2,376,384,383.90476190476164
2,377,384,383.9999999999999
2,378,384,383.9999999999999
2,379,384,384.09523809523796
2,380,384,383.9523809523808
2,381,384,383.6666666666664
2,382,383,383.33333333333314
2,383,383,383.047619047619
2,384,383,382.90476190476164
2,385,383,383.0
2,386,383,383.095238095238
2,387,383,382.9523809523809
2,388,383,382.57142857142844
2,389,382,382.38095238095235
2,390,382,382.38095238095224
2,391,383,382.57142857142844
2,392,383,382.95238095238074
2,393,383,383.0952380952379
2,394,383,383.0
2,395,383,383.0
2,396,383,383.095238095238
2,397,383,382.9523809523809
2,398,383,382.57142857142844
2,399,382,382.38095238095235
2,400,382,382.47619047619037
2,401,383,382.52380952380946
2,402,383,382.52380952380946
2,403,382,382.4761904761904
2,404,382,382.5714285714284
2,405,383,382.4761904761904
2,406,383,382.38095238095235
2,407,381,381.7142857142856
2,408,381,380.76190476190465
2,409,380,380.1428571428571
2,410,380,380.04761904761887
2,411,380,379.9999999999999
2,412,380,379.9523809523809
2,413,380,379.6666666666664
2,414,379,379.33333333333314
2,415,379,379.04761904761887
2,416,379,378.90476190476176
2,417,379,378.99999999999983
2,418,379,378.99999999999983
2,419,379,378.99999999999983
2,420,379,378.99999999999983
2,421,379,378.8095238095236
2,422,379,379.09523809523796
2,423,379,379.7619047619046
2,424,381,380.285714285714
2,425,381,380.4761904761903
2,426,380,380.5714285714284
2,427,380,380.3809523809523
2,428,381,380.57142857142856
2,429,381,380.95238095238096
2,430,381,381.09523809523796
2,431,381,380.9999999999999
2,432,381,380.90476190476176
2,433,381,381.0476190476189
2,434,381,381.3333333333333
2,435,382,381.6666666666666
2,436,382,381.85714285714283
2,437,382,382.142857142857
2,438,382,382.3333333333333
2,439,383,382.66666666666663
2,440,383,382.95238095238074
2,441,383,383.0952380952379
2,442,383,382.9047619047618
2,443,383,383.0476190476188
2,444,383,383.4285714285713
2,445,384,383.6190476190475
2,446,384,383.5238095238093
2,447,383,383.47619047619025
2,448,383,383.3809523809523
2,449,384,383.57142857142856
2,450,384,383.9523809523808
2,451,384,384.095238095238
2,452,384,383.9999999999999
2,453,384,383.9999999999999
2,454,384,383.9999999999999
2,455,384,383.9999999999999
2,456,384,383.90476190476176
2,457,384,384.04761904761875
2,458,384,384.2380952380951
2,459,385,384.7142857142856
2,460,385,385.2857142857142
2,461,386,385.76190476190476
2,462,386,385.95238095238085
2,463,386,386.095238095238
2,464,386,386.09523809523796
2,465,386,385.9523809523808
2,466,386,385.57142857142856
2,467,385,385.3809523809523
2,468,385,385.47619047619037
2,469,386,385.5238095238095
2,470,386,385.52380952380946
2,471,385,385.47619047619014
2,472,385,385.3809523809523
2,473,386,385.57142857142844
2,474,386,385.95238095238085
2,475,386,386.095238095238
2,476,386,385.99999999999994
2,477,386,385.99999999999994
2,478,386,385.99999999999994
2,479,386,385.90476190476187
2,480,386,386.0476190476189
2,481,386,386.4285714285712
2,482,387,386.6190476190476
2,483,387,386.6190476190475
2,484,386,386.4285714285714
2,485,386,386.04761904761904
2,486,386,385.90476190476164
2,487,386,385.90476190476187
2,488,386,386.0476190476189
2,489,386,386.33333333333314
2,490,387,386.6666666666665
2,491,387,386.95238095238085
2,492,387,387.190476190476
2,493,387,386.95238095238085
2,494,387,386.76190476190476
2,495,386,386.28571428571416
2,496,386,385.6190476190476
2,497,385,385.28571428571405
2,498,385,385.47619047619037
2,499,386,385.5238095238095
2,500,386,385.61904761904754
2,501,385,385.42857142857133
2,502,385,385.0476190476189
2,503,385,384.9047619047618
2,504,385,384.9999999999999
2,505,385,384.9999999999999
2,506,385,385.0952380952379
2,507,385,384.9523809523808
2,508,385,384.6666666666665
2,509,384,384.3714285714288
2,510,384,384.02857142857124
2,511,384,384.0499999999999
2,512,384,382.4761904761903
2,513,384,383.9047619047618
2,514,384,385.1428571428569
2,515,386,385.1904761904761
2,516,386,385.6190476190474
2,517,385,385.9523809523808
2,518,386,385.6666666666664
2,519,386,385.42857142857133
2,520,385,385.47619047619014
2,521,385,385.47619047619037
2,522,386,385.5238095238095
2,523,386,385.61904761904754
2,524,385,385.42857142857133
2,525,385,385.0476190476189
2,526,385,384.9047619047618
2,527,385,385.0952380952379
2,528,385,384.9523809523808
2,529,385,384.6666666666665
2,530,384,384.3333333333332
2,531,384,384.23809523809507
2,532,384,383.8095238095237
2,533,384,383.142857142857
2,534,382,382.76190476190465
2,535,382,382.95238095238085
2,536,384,382.9523809523808
2,537,384,383.28571428571416
2,538,382,383.38095238095224
2,539,383,382.66666666666646
2,540,383,382.0952380952382
2,541,381,381.76190476190465
2,542,381,381.09523809523785
2,543,381,380.8095238095237
2,544,381,380.9999999999999
2,545,381,380.9999999999999
2,546,381,381.0952380952378
2,547,381,380.95238095238085
2,548,381,380.5714285714285
2,549,380,380.38095238095224
2,550,380,380.3809523809523
2,551,381,380.57142857142856
2,552,381,381.04761904761887
2,553,381,381.04761904761887
2,554,381,380.5714285714285
2,555,380,380.38095238095224
2,556,380,380.3809523809523
2,557,381,380.57142857142856
2,558,381,380.95238095238096
2,559,381,380.9999999999999
2,560,381,381.0476190476189
2,561,381,381.3333333333333
2,562,382,381.6666666666666
2,563,382,381.9523809523809
2,564,382,382.09523809523796
2,565,382,381.9999999999997
2,566,382,381.9999999999997
2,567,382,381.90476190476176
2,568,382,382.04761904761887
2,569,382,382.3333333333333
2,570,383,382.66666666666663
2,571,383,382.95238095238074
2,572,383,383.0952380952379
2,573,383,383.0
2,574,383,383.0
2,575,383,383.0
2,576,383,383.0
2,577,383,383.0
2,578,383,383.0
2,579,383,383.0
2,580,383,382.8095238095237
2,581,383,383.09523809523796
2,582,383,383.7619047619046
2,583,385,384.28571428571416
2,584,385,384.47619047619025
2,585,384,384.5714285714284
2,586,384,384.38095238095224
2,587,385,384.5714285714285
2,588,385,384.8571428571428
2,589,385,385.14285714285705
2,590,385,385.33333333333326
2,591,386,385.6666666666666
2,592,386,385.95238095238085
2,593,386,386.095238095238
2,594,386,385.99999999999994
2,595,386,385.99999999999994
2,596,386,386.09523809523796
2,597,386,385.9523809523808
2,598,386,385.57142857142856
2,599,385,385.3809523809523
2,600,385,385.47619047619037
2,601,386,385.5238095238095
2,602,386,385.61904761904754
2,603,385,385.42857142857133
2,604,385,385.0476190476189
2,605,385,384.9047619047618
2,606,385,384.9999999999999
2,607,385,385.0952380952379
2,608,385,384.9523809523808
2,609,385,384.6666666666665
2,610,384,384.3333333333332
2,611,384,384.0476190476189
2,612,384,383.90476190476164
2,613,384,383.9999999999999
2,614,384,383.9999999999999
2,615,384,384.09523809523796
2,616,384,383.9523809523808
2,617,384,383.57142857142844
2,618,383,383.3809523809522
2,619,383,383.3809523809523
2,620,384,383.57142857142856
2,621,384,383.9523809523808
2,622,384,384.095238095238
2,623,384,383.9999999999999
2,624,384,383.9999999999999
2,625,384,384.09523809523796
2,626,384,383.9523809523808
2,627,384,383.76190476190465
2,628,383,383.2857142857142
2,629,383,382.61904761904754
2,630,382,382.3809523809521
2,631,382,382.33333333333314
2,632,383,382.23809523809507
2,633,382,382.28571428571416
2,634,382,382.1428571428571
2,635,382,381.9047619047618
2,636,382,382.095238095238
2,637,382,381.9523809523809
2,638,382,381.5714285714284
2,639,381,381.3809523809523
2,640,381,381.47619047619037
2,641,382,381.52380952380935
2,642,382,381.6190476190475
2,643,381,381.4285714285712
2,644,381,381.1428571428572
2,645,381,380.85714285714283
2,646,381,380.5714285714285
2,647,380,380.38095238095224
2,648,380,380.47619047619037
2,649,381,380.52380952380946
2,650,381,380.6190476190474
2,651,380,380.33333333333326
2,652,380,380.09523809523785
2,653,380,380.2380952380952
2,654,381,380.6666666666666
2,655,381,381.04761904761887
2,656,381,381.04761904761887
2,657,381,380.6666666666666
2,658,380,380.2380952380952
2,659,380,380.09523809523785
2,660,380,381.09523809523813
2,661,381,380.2380952380952
2,662,381,377.9523809523809
2,663,372,375.09523809523813
2,664,372,372.4285714285713
2,665,372,370.38095238095235
2,666,372,372.3809523809522
2,667,372,374.5714285714286
2,668,380,377.38095238095224
2,669,380,379.95238095238074
2,670,381,381.52380952380946
2,671,381,380.9047619047619
2,672,381,380.6666666666667
2,673,380,380.38095238095224
2,674,380,380.47619047619037
2,675,381,380.52380952380946
2,676,381,380.52380952380946
2,677,380,380.4761904761903
2,678,380,380.3809523809523
2,679,381,380.57142857142856
2,680,381,380.85714285714266
2,681,381,381.142857142857
2,682,381,381.3333333333333
2,683,382,381.6666666666666
2,684,382,381.85714285714283
2,685,382,382.142857142857
2,686,382,382.3333333333333
2,687,383,382.57142857142844
2,688,383,382.9999999999999
2,689,383,383.42857142857133
2,690,384,383.6666666666665
2,691,384,383.9523809523808
2,692,384,384.095238095238
2,693,384,383.9999999999999
2,694,384,383.9999999999999
2,695,384,383.9999999999999
2,696,384,383.9999999999999
2,697,384,383.9999999999999
2,698,384,383.9999999999999
2,699,384,383.9999999999999
2,700,384,383.9999999999999
2,701,384,383.90476190476176
2,702,384,384.04761904761875
2,703,384,384.33333333333326
2,704,385,384.66666666666663
2,705,385,384.9523809523808
2,706,385,385.095238095238
2,707,385,384.9999999999999
2,708,385,384.9999999999999
2,709,385,384.9999999999999
2,710,385,384.9047619047618
2,711,385,385.0476190476188
2,712,385,385.42857142857133
2,713,386,385.6190476190474
2,714,386,385.52380952380946
2,715,385,385.47619047619014
2,716,385,385.28571428571405
2,717,386,385.6190476190475
2,718,386,386.38095238095224
2,719,387,386.71428571428555
2,720,387,386.6190476190475
2,721,386,386.4285714285714
2,722,386,386.04761904761904
2,723,386,385.90476190476164
2,724,386,385.99999999999994
2,725,386,385.99999999999994
2,726,386,385.99999999999994
2,727,386,385.99999999999994
2,728,386,385.99999999999994
2,729,386,385.99999999999994
2,730,386,385.99999999999994
2,731,386,385.90476190476187
2,732,386,386.0476190476189
2,733,386,386.4285714285712
2,734,387,386.6190476190476
2,735,387,386.6190476190475
2,736,386,386.4285714285714
2,737,386,386.14285714285705
2,738,386,385.85714285714283
2,739,386,385.6666666666666
2,740,385,385.3333333333332
2,741,385,384.95238095238096
2,742,385,384.95238095238085
2,743,385,385.5238095238095
2,744,386,385.5714285714284
2,745,386,385.1904761904762
2,746,384,384.8095238095236
2,747,384,384.5238095238094
2,748,385,384.4285714285714
2,749,385,384.7142857142856
2,750,384,384.38095238095224
2,751,384,383.8095238095237
2,752,383,383.1904761904759
2,753,383,382.5238095238094
2,754,382,382.33333333333326
2,755,382,382.9047619047618
2,756,384,383.142857142857
2,757,384,383.142857142857
2,758,382,382.90476190476176
2,759,382,382.52380952380946
2,760,383,382.42857142857133
2,761,383,382.61904761904736
2,762,382,382.52380952380935
2,763,382,382.0
2,764,382,381.5714285714284
2,765,381,381.3714285714287
2,766,381,381.02857142857124
2,767,381,381.04999999999984
2,768,381,380.5714285714285
2,769,381,380.9999999999998
2,770,381,381.5238095238094
2,771,382,381.6190476190475
2,772,382,381.52380952380935
2,773,381,381.47619047619037
2,774,381,381.47619047619037
2,775,382,381.52380952380935
2,776,382,381.6190476190475
2,777,381,381.4285714285712
2,778,381,381.0476190476188
2,779,381,380.9047619047617
2,780,381,380.9999999999999
2,781,381,380.9999999999999
2,782,381,380.9999999999999
2,783,381,380.90476190476176
2,784,381,381.0476190476189
2,785,381,381.4285714285713
2,786,382,381.6190476190475
2,787,382,381.6190476190475
2,788,381,381.4285714285712
2,789,381,380.95238095238074
2,790,381,380.95238095238085
2,791,381,381.4285714285713
2,792,382,381.6190476190475
2,793,382,381.52380952380935
2,794,381,381.47619047619037
2,795,381,381.28571428571416
2,796,382,381.6190476190476
2,797,382,382.2857142857143
2,798,383,382.7619047619046
2,799,383,382.95238095238074
2,800,383,383.0952380952379
2,801,383,383.0
2,802,383,383.0
2,803,383,383.0
2,804,383,383.0
2,805,383,383.0
2,806,383,382.9047619047618
2,807,383,383.0476190476188
2,808,383,383.33333333333326
2,809,384,383.6666666666665
2,810,384,384.04761904761887
2,811,384,384.04761904761887
2,812,384,383.57142857142844
2,813,383,383.3809523809522
2,814,383,383.3809523809523
2,815,384,383.57142857142856
2,816,384,384.23809523809524
2,817,384,383.95238095238074
2,818,384,383.0952380952379
2,819,381,381.95238095238085
2,820,381,380.90476190476187
2,821,380,379.99999999999983
2,822,380,379.52380952380935
2,823,379,379.33333333333326
2,824,379,379.7142857142856
2,825,381,379.9523809523808
2,826,381,381.047619047619
2,827,381,382.4761904761904
2,828,384,382.8571428571427
2,829,384,382.57142857142844
2,830,381,382.4285714285712
2,831,381,382.047619047619
2,832,384,382.76190476190465
2,833,384,383.99999999999994
2,834,385,385.0476190476189
2,835,385,385.52380952380946
2,836,387,386.47619047619037
2,837,387,387.1428571428571
2,838,388,387.90476190476176
2,839,388,387.9999999999999
2,840,389,388.9047619047618
2,841,389,389.95238095238074
2,842,392,391.0952380952379
2,843,392,391.6666666666666
2,844,392,392.38095238095224
2,845,392,392.5714285714285
2,846,394,393.38095238095235
2,847,394,394.2380952380951
2,848,395,394.76190476190465
2,849,395,394.99999999999994
2,850,395,395.4285714285713
2,851,396,395.66666666666646
2,852,396,395.8571428571427
2,853,396,396.1428571428571
2,854,396,396.3333333333332
2,855,397,396.66666666666663
2,856,397,396.9523809523808
2,857,397,397.095238095238
2,858,397,396.90476190476176
2,859,397,397.04761904761904
2,860,397,397.33333333333314
2,861,398,397.6666666666665
2,862,398,397.95238095238085
2,863,398,397.99999999999983
2,864,398,399.76190476190465
2,865,398,397.4761904761903
2,866,399,392.6666666666665
2,867,381,386.95238095238085
2,868,381,381.95238095238074
2,869,381,379.28571428571416
2,870,381,379.2857142857141
2,871,381,381.85714285714266
2,872,381,386.9999999999998
2,873,399,393.09523809523796
2,874,399,398.09523809523796
2,875,399,400.38095238095235
2,876,398,398.33333333333326
2,877,398,398.14285714285694
2,878,398,397.85714285714283
2,879,398,397.57142857142844
2,880,397,397.38095238095235
2,881,397,397.57142857142856
2,882,398,397.4761904761903
2,883,398,397.28571428571405
2,884,396,396.76190476190476
2,885,396,396.2857142857143
2,886,396,395.7142857142857
2,887,396,395.52380952380946
2,888,394,394.57142857142856
2,889,394,393.6190476190475
2,890,392,392.3809523809521
2,891,392,391.42857142857133
2,892,390,390.57142857142856
2,893,390,390.04761904761887
2,894,390,389.38095238095235
2,895,389,389.38095238095224
2,896,389,389.5714285714286
2,897,390,389.47619047619037
2,898,390,389.4761904761903
2,899,388,388.6666666666666
2,900,388,387.4285714285712
2,901,386,386.4761904761904
2,902,386,385.99999999999994
2,903,386,385.8571428571427
2,904,386,386.80952380952374
2,905,387,386.4285714285712
2,906,387,385.095238095238
2,907,382,383.8571428571428
2,908,382,383.190476190476
2,909,384,382.71428571428555
2,910,384,382.9999999999997
2,911,381,382.142857142857
2,912,381,381.0
2,913,380,380.047619047619
2,914,380,379.33333333333326
2,915,378,378.2380952380951
2,916,377,377.42857142857144
2,917,377,376.95238095238085
2,918,377,376.8571428571427
2,919,377,376.66666666666663
2,920,376,376.3333333333333
2,921,376,376.14285714285705
2,922,376,375.8571428571427
2,923,376,375.6666666666665
2,924,375,375.3333333333332
2,925,375,374.95238095238074
2,926,375,374.95238095238096
2,927,375,375.4285714285715
2,928,376,375.6190476190475
2,929,376,375.52380952380946
2,930,375,375.47619047619037
2,931,375,375.4761904761905
2,932,376,375.52380952380946
2,933,376,375.52380952380946
2,934,375,375.38095238095235
2,935,375,375.4285714285713
2,936,376,375.71428571428555
2,937,377,376.71428571428567
2,938,377,377.9047619047617
2,939,379,378.33333333333314
2,940,379,378.04761904761887
2,941,377,377.9523809523808
2,942,377,377.8571428571427
2,943,379,378.0952380952381
2,944,379,378.38095238095224
2,945,378,378.6190476190475
2,946,378,378.8095238095237
2,947,380,379.190476190476
2,948,380,379.285714285714
2,949,379,379.66666666666663
2,950,379,380.2380952380951
2,951,382,380.42857142857133
2,952,382,381.38095238095235
2,953,380,382.1904761904761
2,954,384,382.8095238095237
2,955,384,383.66666666666646
2,956,385,385.19047619047603
2,957,385,385.95238095238074
2,958,388,387.0952380952379
2,959,388,387.5714285714285
2,960,388,388.4285714285713
2,961,388,388.90476190476187
2,962,391,390.04761904761887
2,963,391,391.19047619047603
2,964,392,391.95238095238085
2,965,392,391.7619047619047
2,966,392,392.190476190476
2,967,392,392.6666666666664
2,968,394,393.33333333333314
2,969,394,393.9047619047617
2,970,394,394.1904761904759
2,971,394,393.9047619047617
2,972,394,394.04761904761887
2,973,394,394.2380952380951
2,974,395,394.6190476190475
2,975,395,395.3333333333333
2,976,396,395.9999999999997
2,977,397,396.66666666666663
2,978,397,397.3809523809523
2,979,398,397.76190476190453
2,980,398,397.95238095238085
2,981,398,398.09523809523796
2,982,398,397.9047619047617
2,983,398,398.047619047619
2,984,398,398.3333333333332
2,985,399,398.6666666666665
2,986,399,398.95238095238085
2,987,399,399.0952380952379
2,988,399,398.99999999999994
2,989,399,398.99999999999994
2,990,399,398.99999999999994
2,991,399,398.99999999999994
2,992,399,398.80952380952357
2,993,399,399.09523809523773
2,994,399,399.7619047619047
2,995,401,400.38095238095224
2,996,401,400.52380952380935
2,997,400,400.2857142857141
2,998,399,399.33333333333326
2,999,399,398.6190476190475
2,1000,398,398.2380952380951
2,1001,398,398.0476190476189
2,1002,398,397.9047619047618
2,1003,398,398.0
2,1004,398,398.0
2,1005,398,398.0
2,1006,398,398.0
2,1007,398,398.09523809523796
2,1008,398,397.9523809523808
2,1009,398,397.7619047619047
2,1010,397,397.28571428571416
2,1011,397,396.71428571428567
2,1012,396,396.23809523809524
2,1013,396,396.2380952380951
2,1014,396,395.8095238095237
2,1015,396,395.6190476190476
2,1016,394,394.52380952380935
2,1017,394,393.09523809523796
2,1018,391,392.1904761904761
2,1019,391,390.9523809523808
2,1020,391,389.57142857142844
2,1021,387,388.48571428571444
2,1022,387,386.59999999999985
2,1023,385,385.3
2,1024,385,382.57142857142844
2,1025,383,383.4761904761904
2,1026,383,384.09523809523785
2,1027,384,383.3809523809523
2,1028,384,383.2857142857141
2,1029,382,382.76190476190453
2,1030,382,382.09523809523796
2,1031,382,381.80952380952374
2,1032,382,382.19047619047603
2,1033,382,381.9047619047618
2,1034,382,381.33333333333326
2,1035,380,380.8571428571426
2,1036,380,379.9999999999999
2,1037,380,379.04761904761904
2,1038,378,378.7142857142856
2,1039,378,378.8095238095237
2,1040,379,378.2857142857142
2,1041,379,377.52380952380935
2,1042,375,376.4761904761903
2,1043,375,375.61904761904754
2,1044,376,375.2380952380951
2,1045,376,375.6190476190475
2,1046,375,375.4285714285712
2,1047,375,375.0476190476189
2,1048,375,374.9047619047617
2,1049,375,374.90476190476187
2,1050,375,375.047619047619
2,1051,375,375.4285714285715
2,1052,376,375.6190476190475
2,1053,376,375.4285714285712
2,1054,375,375.5238095238095
2,1055,375,375.71428571428567
2,1056,377,376.2380952380952
2,1057,377,376.71428571428567
2,1058,377,377.2857142857143
2,1059,377,377.57142857142827
2,1060,379,378.38095238095224
2,1061,379,379.2380952380951
2,1062,380,379.57142857142844
2,1063,380,380.09523809523813
2,1064,380,381.09523809523796
2,1065,383,381.9999999999999
2,1066,383,382.8571428571427
2,1067,383,383.1904761904761
2,1068,383,383.0476190476188
2,1069,383,383.0476190476189
2,1070,384,383.8095238095238
2,1071,384,384.95238095238085
2,1072,387,386.1904761904761
2,1073,387,386.8095238095236
2,1074,387,386.5714285714285
2,1075,386,386.52380952380946
2,1076,386,387.2857142857141
2,1077,390,388.6190476190474
2,1078,390,389.95238095238085
2,1079,391,391.1428571428571
2,1080,391,391.52380952380935
2,1081,393,392.4761904761902
2,1082,393,393.14285714285705
2,1083,394,393.90476190476176
2,1084,394,394.28571428571405
2,1085,395,394.7619047619045
2,1086,395,394.95238095238074
2,1087,395,394.90476190476164
2,1088,395,395.0952380952379
2,1089,395,395.5714285714284
2,1090,397,396.38095238095235
2,1091,397,397.238095238095
2,1092,398,397.8571428571427
2,1093,398,397.95238095238085
2,1094,398,398.09523809523796
2,1095,398,397.9047619047617
2,1096,398,398.047619047619
2,1097,398,398.2380952380951
2,1098,399,398.7142857142856
2,1099,399,399.28571428571416
2,1100,400,399.76190476190465
2,1101,400,399.95238095238085
2,1102,400,400.0952380952379
2,1103,400,399.99999999999983
2,1104,400,399.99999999999983
2,1105,400,399.99999999999983
2,1106,400,399.99999999999983
2,1107,400,400.0952380952379
2,1108,400,399.95238095238085
2,1109,400,399.76190476190465
2,1110,399,399.28571428571416
2,1111,399,398.6190476190475
2,1112,398,398.5714285714285
2,1113,398,398.2380952380951
2,1114,399,397.4761904761903
2,1115,396,396.9999999999998
2,1116,396,396.76190476190465
2,1117,397,396.2857142857143
2,1118,397,396.2857142857141
2,1119,395,395.76190476190476
2,1120,395,395.28571428571416
2,1121,395,394.7142857142856
2,1122,395,394.3333333333334
2,1123,393,393.6666666666666
2,1124,393,393.3809523809522
2,1125,393,392.6666666666666
2,1126,393,391.9999999999999
2,1127,390,390.99999999999994
2,1128,390,390.2380952380951
2,1129,390,389.6666666666666
2,1130,390,390.047619047619
2,1131,389,389.0476190476189
2,1132,389,387.7619047619046
2,1133,385,386.76190476190465
2,1134,386,385.76190476190465
2,1135,386,384.90476190476187
2,1136,384,384.7619047619046
2,1137,384,384.57142857142844
2,1138,384,383.57142857142856
2,1139,384,382.0476190476188
2,1140,379,380.8095238095237
2,1141,379,380.5238095238095
2,1142,382,380.3809523809523
2,1143,382,381.0476190476189
2,1144,379,380.1904761904762
2,1145,379,378.47619047619037
2,1146,377,377.3809523809524
2,1147,377,377.1904761904761
2,1148,377,376.76190476190476
2,1149,377,376.66666666666663
2,1150,376,376.3333333333333
2,1151,376,376.0476190476189
2,1152,376,375.9047619047618
2,1153,376,375.9999999999999
2,1154,376,376.0952380952381
2,1155,376,375.95238095238085
2,1156,376,375.57142857142844
2,1157,375,375.38095238095224
2,1158,375,375.3809523809523
2,1159,376,375.5714285714284
2,1160,376,375.7619047619047
2,1161,376,376.19047619047615
2,1162,376,376.57142857142844
2,1163,378,377.38095238095224
2,1164,378,378.14285714285694
2,1165,379,378.90476190476187
2,1166,379,379.2857142857143
2,1167,380,379.76190476190465
2,1168,380,379.57142857142844
2,1169,380,380.28571428571416
2,1170,380,381.6190476190475
2,1171,384,382.3333333333332
2,1172,384,382.90476190476187
2,1173,381,383.047619047619
2,1174,383,382.4761904761904
2,1175,383,382.4285714285713
2,1176,383,383.28571428571416
2,1177,383,383.5714285714285
2,1178,385,384.3809523809523
2,1179,385,384.85714285714266
2,1180,386,386.0476190476189
2,1181,386,387.0952380952381
2,1182,390,388.8571428571425
2,1183,390,390.28571428571416
2,1184,392,391.8095238095236
2,1185,392,392.4761904761904
2,1186,394,393.57142857142844
2,1187,394,394.142857142857
2,1188,395,394.90476190476176
2,1189,395,395.19047619047603
2,1190,396,395.8095238095237
2,1191,396,396.38095238095224
2,1192,397,396.7142857142855
2,1193,397,396.52380952380906
2,1194,396,396.47619047619037
2,1195,396,396.38095238095235
2,1196,397,396.5714285714285
2,1197,397,396.9523809523808
2,1198,397,396.9047619047618
2,1199,397,397.09523809523785
2,1200,397,397.7619047619047
2,1201,399,398.2857142857142
2,1202,399,398.38095238095224
2,1203,398,398.6190476190475
2,1204,398,398.71428571428544
2,1205,400,399.2380952380951
2,1206,400,399.90476190476164
2,1207,400,400.19047619047603
2,1208,400,399.99999999999983
2,1209,400,399.99999999999983
2,1210,400,399.99999999999983
2,1211,400,399.99999999999983
2,1212,400,399.9047619047618
2,1213,400,400.047619047619
2,1214,400,400.4285714285715
2,1215,401,400.6190476190474
2,1216,401,400.71428571428567
2,1217,400,400.2857142857141
2,1218,400,399.76190476190465
2,1219,399,399.6666666666666
2,1220,400,399.6666666666665
2,1221,400,399.5238095238094
2,1222,399,399.4285714285713
2,1223,399,399.14285714285717
2,1224,399,398.8571428571428
2,1225,399,398.5714285714285
2,1226,398,398.3809523809522
2,1227,398,398.57142857142856
2,1228,399,398.4761904761903
2,1229,399,398.2857142857141
2,1230,397,397.7619047619047
2,1231,397,397.28571428571445
2,1232,397,396.71428571428584
2,1233,397,396.23809523809524
2,1234,395,395.71428571428555
2,1235,395,395.80952380952385
2,1236,396,395.19047619047603
2,1237,396,394.6666666666665
2,1238,392,394.04761904761887
2,1239,393,392.71428571428567
2,1240,393,391.5714285714285
2,1241,390,391.09523809523796
2,1242,390,390.2380952380951
2,1243,390,389.6666666666666
2,1244,390,389.76190476190465
2,1245,389,389.2857142857142
2,1246,389,388.8095238095238
2,1247,388,388.1904761904762
2,1248,388,387.8095238095236
2,1249,387,387.190476190476
2,1250,387,386.9999999999998
2,1251,386,386.0952380952382
2,1252,386,385.1428571428569
2,1253,383,383.8571428571427
2,1254,383,383.0952380952379
2,1255,382,381.90476190476176
2,1256,382,380.95238095238085
2,1257,379,379.9523809523808
2,1258,379,379.6666666666666
2,1259,380,379.28571428571416
2,1260,380,379.3809523809523
2,1261,378,378.7142857142855
2,1262,378,377.7619047619047
2,1263,377,377.2380952380951
2,1264,377,376.99999999999994
2,1265,377,376.6666666666665
2,1266,376,376.2857142857141
2,1267,376,375.71428571428555
2,1268,375,375.2380952380953
2,1269,375,375.0476190476189
2,1270,375,374.9047619047617
2,1271,375,374.99999999999983
2,1272,375,374.99999999999983
2,1273,375,374.99999999999983
2,1274,375,374.3333333333331
2,1275,375,375.3333333333334
2,1276,375,377.3333333333331
2,1277,382,379.40000000000003
2,1278,382,381.7999999999998
2,1279,382,381.64999999999986
2,1280,382,381.19047619047603
2,1281,382,381.19047619047615
2,1282,379,380.047619047619
2,1283,379,377.8571428571427
2,1284,376,376.57142857142844
2,1285,376,377.28571428571416
2,1286,379,378.80952380952385
2,1287,382,380.8095238095238
2,1288,382,381.7142857142856
2,1289,381,381.66666666666674
2,1290,381,381.28571428571416
2,1291,382,381.6190476190476
2,1292,382,382.1904761904761
2,1293,383,382.80952380952374
2,1294,383,383.0952380952381
2,1295,384,383.85714285714266
2,1296,384,384.6190476190474
2,1297,386,385.42857142857133
2,1298,386,385.71428571428555
2,1299,386,386.2857142857142
2,1300,386,386.7619047619046
2,1301,388,387.2857142857141
2,1302,388,386.9999999999998
2,1303,387,387.8095238095236
2,1304,387,389.14285714285694
2,1305,393,390.5714285714284
2,1306,393,392.5238095238094
2,1307,392,393.9047619047617
2,1308,395,394.04761904761904
2,1309,395,394.5714285714284
2,1310,395,395.3809523809523
2,1311,395,395.5714285714284
2,1312,397,396.38095238095235
2,1313,397,397.5238095238096
2,1314,398,397.7142857142856
2,1315,398,398.09523809523813
2,1316,395,395.52380952380946
2,1317,395,391.23809523809507
2,1318,383,386.6666666666665
2,1319,383,383.14285714285694
2,1320,382,381.2380952380951
2,1321,382,382.5714285714284
2,1322,383,382.4761904761904
2,1323,383,382.0952380952379
2,1324,381,381.95238095238085
2,1325,381,381.7142857142856
2,1326,383,381.8095238095237
2,1327,382,382.23809523809507
2,1328,382,382.23809523809524
2,1329,382,381.9047619047618
2,1330,382,382.095238095238
2,1331,382,381.9523809523809
2,1332,382,381.6666666666664
2,1333,381,381.33333333333314
2,1334,381,381.1428571428572
2,1335,381,380.85714285714283
2,1336,381,380.5714285714285
2,1337,380,380.38095238095224
2,1338,380,380.5714285714285
2,1339,381,380.4761904761903
2,1340,381,380.19047619047603
2,1341,379,379.8095238095237
2,1342,379,379.42857142857144
2,1343,380,379.47619047619025
2,1344,380,379.9523809523808
2,1345,380,380.1904761904762
2,1346,380,379.9523809523809
2,1347,380,379.6666666666664
2,1348,379,379.33333333333314
2,1349,379,378.9523809523809
2,1350,379,378.9523809523808
2,1351,379,379.33333333333314
2,1352,380,379.66666666666646
2,1353,380,379.9523809523808
2,1354,380,380.095238095238
2,1355,380,379.99999999999983
2,1356,380,379.99999999999983
2,1357,380,379.90476190476176
2,1358,380,380.047619047619
2,1359,380,380.4285714285714
2,1360,381,380.6190476190476
2,1361,381,380.52380952380946
2,1362,380,380.4761904761903
2,1363,380,380.3809523809523
2,1364,381,380.57142857142856
2,1365,381,380.95238095238096
2,1366,381,381.09523809523796
2,1367,381,380.9999999999999
2,1368,381,380.9999999999999
2,1369,381,380.9999999999999
2,1370,381,380.90476190476176
2,1371,381,381.0476190476189
2,1372,381,381.3333333333333
2,1373,382,381.6666666666666
2,1374,382,381.9523809523809
2,1375,382,382.09523809523796
2,1376,382,381.90476190476176
2,1377,382,382.04761904761887
2,1378,382,382.3333333333333
2,1379,383,382.66666666666663
2,1380,383,382.95238095238074
2,1381,383,383.0952380952379
2,1382,383,382.8095238095237
2,1383,383,383.09523809523796
2,1384,383,383.6666666666665
2,1385,385,384.3333333333333
2,1386,385,384.9047619047618
2,1387,385,385.0952380952379
2,1388,385,385.0476190476188
2,1389,385,385.33333333333326
2,1390,386,385.6666666666666
2,1391,386,385.95238095238085
2,1392,386,386.095238095238
2,1393,386,385.99999999999994
2,1394,386,385.99999999999994
2,1395,386,385.99999999999994
2,1396,386,385.99999999999994
2,1397,386,385.99999999999994
2,1398,386,385.99999999999994
2,1399,386,385.99999999999994
2,1400,386,385.99999999999994
2,1401,386,385.99999999999994
2,1402,386,385.99999999999994
2,1403,386,385.99999999999994
2,1404,386,385.99999999999994
2,1405,386,385.99999999999994
2,1406,386,385.99999999999994
2,1407,386,386.09523809523796
2,1408,386,385.9523809523808
2,1409,386,385.57142857142856
2,1410,385,385.3809523809523
2,1411,385,385.3809523809523
2,1412,386,385.6666666666666
2,1413,386,385.90476190476187
2,1414,386,385.66666666666646
2,1415,385,385.3809523809523
2,1416,385,385.47619047619037
2,1417,386,385.5238095238095
2,1418,386,385.61904761904754
2,1419,385,385.42857142857133
2,1420,385,385.1428571428571
2,1421,385,384.8571428571427
2,1422,385,384.6666666666665
2,1423,384,384.3333333333332
2,1424,384,384.0476190476189
2,1425,384,383.90476190476164
2,1426,384,384.09523809523796
2,1427,384,383.9523809523808
2,1428,384,383.6666666666664
2,1429,383,383.4285714285713
2,1430,383,382.9999999999999
2,1431,383,382.5714285714284
2,1432,382,382.33333333333314
2,1433,382,381.95238095238085
2,1434,382,381.95238095238085
2,1435,382,382.52380952380935
2,1436,383,382.5714285714283
2,1437,383,382.28571428571416
2,1438,381,381.76190476190465
2,1439,381,381.19047619047603
2,1440,381,380.76190476190453
2,1441,381,380.6666666666666
2,1442,380,380.33333333333314
2,1443,380,380.04761904761887
2,1444,380,379.9047619047617
2,1445,380,379.99999999999983
2,1446,380,379.99999999999983
2,1447,380,379.90476190476176
2,1448,380,380.047619047619
2,1449,380,380.4285714285714
2,1450,381,380.6190476190476
2,1451,381,380.6190476190474
2,1452,380,380.4285714285713
2,1453,380,380.04761904761887
2,1454,380,379.9047619047617
2,1455,380,379.99999999999983
2,1456,380,379.99999999999983
2,1457,380,379.99999999999983
2,1458,380,379.99999999999983
2,1459,380,379.99999999999983
2,1460,380,379.99999999999983
2,1461,380,379.99999999999983
2,1462,380,379.99999999999983
2,1463,380,379.99999999999983
2,1464,380,379.99999999999983
2,1465,380,379.99999999999983
2,1466,380,379.99999999999983
2,1467,380,380.09523809523813
2,1468,380,379.9523809523809
2,1469,380,379.6666666666664
2,1470,379,379.33333333333314
2,1471,379,378.85714285714266
2,1472,379,378.99999999999994
2,1473,379,379.7619047619046
2,1474,381,380.285714285714
2,1475,381,380.4761904761903
2,1476,380,380.5714285714284
2,1477,380,380.5714285714285
2,1478,381,380.4761904761903
2,1479,381,380.4761904761904
2,1480,379,379.6666666666664
2,1481,379,378.42857142857133
2,1482,377,377.57142857142844
2,1483,377,377.0476190476189
2,1484,377,375.9047619047618
2,1485,376,376.6190476190476
2,1486,376,377.95238095238074
2,1487,382,379.9523809523807
2,1488,382,382.1428571428571
2,1489,383,383.1904761904761
2,1490,383,382.52380952380946
2,1491,382,382.4761904761904
2,1492,382,382.38095238095224
2,1493,383,382.57142857142844
2,1494,383,382.85714285714266
2,1495,383,383.1428571428569
2,1496,383,383.4285714285713
2,1497,384,383.42857142857133
2,1498,384,383.7142857142856
2,1499,383,384.0952380952379
2,1500,385,384.38095238095224
2,1501,385,384.8095238095237
2,1502,385,385.19047619047615
2,1503,385,384.9047619047618
2,1504,385,385.0476190476188
2,1505,385,385.42857142857133
2,1506,386,385.6190476190474
2,1507,386,385.52380952380946
2,1508,385,385.47619047619014
2,1509,385,385.47619047619037
2,1510,386,385.5238095238095
2,1511,386,385.52380952380946
2,1512,385,385.47619047619014
2,1513,385,385.3809523809523
2,1514,386,385.57142857142844
2,1515,386,385.95238095238085
2,1516,386,386.095238095238
2,1517,386,385.99999999999994
2,1518,386,385.99999999999994
2,1519,386,385.99999999999994
2,1520,386,385.99999999999994
2,1521,386,385.99999999999994
2,1522,386,385.99999999999994
2,1523,386,385.99999999999994
2,1524,386,385.99999999999994
2,1525,386,385.99999999999994
2,1526,386,385.99999999999994
2,1527,386,385.99999999999994
2,1528,386,386.09523809523796
2,1529,386,385.9523809523808
2,1530,386,385.76190476190476
2,1531,385,385.2857142857143
2,1532,385,384.6190476190477
2,1533,384,384.2285714285715
2,1534,384,384.28571428571416
2,1535,385,384.99999999999994
2,1536,385,382.6666666666666
2,1537,383,383.52380952380935
2,1538,383,383.5238095238094
2,1539,383,382.3809523809523
2,1540,382,382.38095238095235
2,1541,382,382.47619047619037
2,1542,383,382.52380952380946
2,1543,383,382.52380952380946
2,1544,382,382.4761904761904
2,1545,382,382.47619047619037
2,1546,383,382.52380952380946
2,1547,383,382.61904761904736
2,1548,382,382.42857142857133
2,1549,382,381.95238095238085
2,1550,382,381.95238095238085
2,1551,382,382.42857142857133
2,1552,383,382.6190476190475
2,1553,383,382.8095238095237
2,1554,382,382.3333333333333
2,1555,382,381.28571428571416
2,1556,380,380.6190476190474
2,1557,380,380.3333333333332
2,1558,381,380.5238095238095
2,1559,381,381.3809523809523
2,1560,382,381.61904761904754
2,1561,382,381.6666666666666
2,1562,381,381.85714285714283
2,1563,382,381.6666666666665
2,1564,382,381.42857142857133
2,1565,381,381.47619047619037
2,1566,381,381.5714285714285
2,1567,382,381.4761904761904
2,1568,382,381.38095238095235
2,1569,380,380.7142857142855
2,1570,380,379.7619047619046
2,1571,379,379.14285714285705
2,1572,379,378.9523809523809
2,1573,379,378.9523809523808
2,1574,379,379.33333333333314
2,1575,380,379.66666666666646
2,1576,380,380.0476190476189
2,1577,380,380.047619047619
2,1578,380,379.57142857142844
2,1579,379,379.38095238095224
2,1580,379,379.3809523809523
2,1581,380,379.57142857142844
2,1582,380,379.9523809523808
2,1583,380,380.095238095238
2,1584,380,379.99999999999983
2,1585,380,379.99999999999983
2,1586,380,379.99999999999983
2,1587,380,380.00000000000017
2,1588,380,379.99999999999994
2,1589,380,379.99999999999994
3,0,381,386.6190476190475
3,1,381,381.7142857142856
3,2,381,379.4761904761904
3,3,381,381.6666666666666
3,4,383,382.33333333333314
3,5,383,382.9047619047618
3,6,383,383.1904761904761
3,7,383,383.0
3,8,383,383.0
3,9,383,383.0
3,10,383,383.0
3,11,383,383.095238095238
3,12,383,383.0476190476189
3,13,383,382.61904761904765
3,14,382,381.9047619047618
3,15,381,381.4285714285712
3,16,381,381.2857142857141
3,17,382,381.5714285714285
3,18,382,381.85714285714283
3,19,382,382.142857142857
3,20,382,382.42857142857133
3,21,383,382.6190476190475
3,22,383,382.61904761904736
3,23,382,382.42857142857133
3,24,382,382.0476190476189
3,25,382,381.9047619047618
3,26,382,381.90476190476176
3,27,382,382.04761904761887
3,28,382,382.42857142857133
3,29,383,382.6190476190475
3,30,383,382.61904761904736
3,31,382,382.42857142857133
3,32,382,382.0476190476189
3,33,382,381.9047619047618
3,34,382,381.9999999999997
3,35,382,382.095238095238
3,36,382,381.9523809523809
3,37,382,381.5714285714284
3,38,381,381.3809523809523
3,39,381,381.47619047619037
3,40,382,381.52380952380935
3,41,382,381.52380952380935
3,42,381,381.47619047619037
3,43,381,381.47619047619037
3,44,382,381.52380952380935
3,45,382,381.52380952380935
3,46,381,381.47619047619037
3,47,381,381.38095238095235
3,48,382,381.5714285714285
3,49,382,381.9523809523809
3,50,382,382.09523809523796
3,51,382,381.9999999999997
3,52,382,381.9999999999997
3,53,382,381.9999999999997
3,54,382,381.9999999999997
3,55,382,382.095238095238
3,56,382,381.8571428571428
3,57,382,381.7142857142856
3,58,381,381.66666666666646
3,59,382,381.7142857142857
3,60,382,381.85714285714266
3,61,382,382.09523809523796
3,62,382,381.90476190476176
3,63,382,382.04761904761887
3,64,382,382.3333333333333
3,65,383,382.66666666666663
3,66,383,382.85714285714266
3,67,383,383.1428571428569
3,68,383,383.33333333333326
3,69,384,383.6666666666665
3,70,384,383.9523809523808
3,71,384,384.095238095238
3,72,384,383.9999999999999
3,73,384,383.9999999999999
3,74,384,383.9999999999999
3,75,384,383.9999999999999
3,76,384,383.9999999999999
3,77,384,383.90476190476176
3,78,384,384.04761904761875
3,79,384,384.33333333333326
3,80,385,384.66666666666663
3,81,385,384.9523809523808
3,82,385,385.095238095238
3,83,385,384.9999999999999
3,84,385,384.9999999999999
3,85,385,384.9999999999999
3,86,385,384.9047619047618
3,87,385,385.0476190476188
3,88,385,385.2380952380951
3,89,386,385.7142857142857
3,90,386,386.2857142857142
3,91,387,386.7619047619046
3,92,387,386.95238095238085
3,93,387,387.190476190476
3,94,387,386.95238095238085
3,95,387,386.6666666666665
3,96,386,386.33333333333314
3,97,386,386.04761904761904
3,98,386,385.90476190476164
3,99,386,385.99999999999994
3,100,386,385.99999999999994
3,101,386,385.99999999999994
3,102,386,385.99999999999994
3,103,386,385.90476190476187
3,104,386,386.142857142857
3,105,386,386.28571428571416
3,106,387,386.33333333333326
3,107,386,386.285714285714
3,108,386,386.142857142857
3,109,386,385.90476190476164
3,110,386,386.09523809523796
3,111,386,385.9523809523808
3,112,386,385.6666666666666
3,113,385,385.3333333333332
3,114,385,385.0476190476189
3,115,385,384.9047619047618
3,116,385,384.9999999999999
3,117,385,384.9999999999999
3,118,385,384.9047619047618
3,119,385,385.0476190476188
3,120,385,385.33333333333326
3,121,386,385.6666666666666
3,122,386,386.0476190476189
3,123,386,386.0476190476189
3,124,386,385.57142857142856
3,125,385,385.3809523809523
3,126,385,385.3809523809523
3,127,386,385.6666666666666
3,128,386,385.90476190476187
3,129,386,385.76190476190476
3,130,385,385.3333333333332
3,131,385,385.0476190476189
3,132,385,384.9047619047618
3,133,385,385.0952380952379
3,134,385,384.9523809523808
3,135,385,384.6666666666665
3,136,384,384.3333333333332
3,137,384,384.0476190476189
3,138,384,383.90476190476164
3,139,384,384.09523809523796
3,140,384,383.9523809523808
3,141,384,383.57142857142844
3,142,383,383.3809523809522
3,143,383,383.4761904761903
3,144,384,383.52380952380935
3,145,384,383.4285714285713
3,146,383,383.52380952380946
3,147,383,383.8095238095237
3,148,385,384.19047619047615
3,149,385,384.6666666666665
3,150,384,384.4761904761903
3,151,384,383.71428571428555
3,152,383,383.238095238095
3,153,383,383.047619047619
3,154,383,382.9999999999999
3,155,383,382.9523809523809
3,156,383,382.66666666666646
3,157,382,382.33333333333314
3,158,382,382.0476190476189
3,159,382,381.9047619047618
3,160,382,381.9999999999997
3,161,382,381.9999999999997
3,162,382,381.9999999999997
3,163,382,381.9999999999997
3,164,382,382.095238095238
3,165,382,381.9523809523809
3,166,382,381.5714285714284
3,167,381,381.3809523809523
3,168,381,381.47619047619037
3,169,382,381.52380952380935
3,170,382,381.52380952380935
3,171,381,381.47619047619037
3,172,381,381.47619047619037
3,173,382,381.52380952380935
3,174,382,381.52380952380935
3,175,381,381.47619047619037
3,176,381,381.38095238095235
3,177,382,381.5714285714285
3,178,382,381.9523809523809
3,179,382,382.09523809523796
3,180,382,381.9999999999997
3,181,382,381.9999999999997
3,182,382,381.9999999999997
3,183,382,382.095238095238
3,184,382,381.9523809523809
3,185,382,381.6666666666664
3,186,381,381.33333333333314
3,187,381,381.0476190476188
3,188,381,380.9047619047617
3,189,381,380.90476190476176
3,190,381,381.0476190476189
3,191,381,381.3333333333333
3,192,382,381.6666666666666
3,193,382,382.0476190476189
3,194,382,382.0476190476189
3,195,382,381.5714285714284
3,196,381,381.3809523809523
3,197,381,381.28571428571416
3,198,382,381.6190476190476
3,199,382,382.2857142857143
3,200,383,382.7619047619046
3,201,383,382.95238095238074
3,202,383,383.0952380952379
3,203,383,383.0
3,204,383,383.0
3,205,383,383.0
3,206,383,383.0
3,207,383,383.0
3,208,383,383.0
3,209,383,383.0
3,210,383,383.0
3,211,383,383.0
3,212,383,382.9047619047618
3,213,383,383.0476190476188
3,214,383,383.33333333333326
3,215,384,383.6666666666665
3,216,384,384.04761904761887
3,217,384,384.04761904761887
3,218,384,383.57142857142844
3,219,383,383.3809523809522
3,220,383,383.3809523809523
3,221,384,383.4761904761903
3,222,384,383.9999999999998
3,223,384,384.4285714285713
3,224,385,384.66666666666663
3,225,385,384.8571428571428
3,226,385,385.14285714285705
3,227,385,385.33333333333326
3,228,386,385.6666666666666
3,229,386,385.95238095238085
3,230,386,386.095238095238
3,231,386,385.99999999999994
3,232,386,385.99999999999994
3,233,386,385.99999999999994
3,234,386,385.99999999999994
3,235,386,385.99999999999994
3,236,386,385.99999999999994
3,237,386,385.99999999999994
3,238,386,385.99999999999994
3,239,386,385.99999999999994
3,240,386,385.99999999999994
3,241,386,385.90476190476187
3,242,386,386.0476190476189
3,243,386,386.33333333333314
3,244,387,386.6666666666665
3,245,387,386.95238095238085
3,246,387,387.0952380952379
3,247,387,386.9999999999999
3,248,387,386.9999999999999
3,249,387,386.9999999999999
3,250,387,387.09523809523796
3,251,387,386.95238095238085
3,252,387,386.57142857142856
3,253,386,386.3714285714286
3,254,386,386.2857142857141
3,255,387,386.99999999999994
3,256,387,390.19047619047615
3,257,386,386.9999999999999
3,258,386,385.4285714285713
3,259,387,386.52380952380935
3,260,387,386.6190476190475
3,261,386,386.4285714285714
3,262,386,386.14285714285705
3,263,386,385.85714285714283
3,264,386,385.57142857142856
3,265,385,385.3809523809523
3,266,385,385.3809523809523
3,267,386,385.6666666666666
3,268,386,385.90476190476187
3,269,386,385.76190476190476
3,270,385,385.3333333333332
3,271,385,385.0476190476189
3,272,385,384.9047619047618
3,273,385,385.0952380952379
3,274,385,384.9523809523808
3,275,385,384.6666666666665
3,276,384,384.3333333333332
3,277,384,384.0476190476189
3,278,384,383.90476190476164
3,279,384,384.09523809523796
3,280,384,383.9523809523808
3,281,384,383.6666666666664
3,282,383,383.33333333333314
3,283,383,383.047619047619
3,284,383,382.90476190476164
3,285,383,383.0
3,286,383,383.095238095238
3,287,383,382.9523809523809
3,288,383,382.66666666666646
3,289,382,382.33333333333314
3,290,382,382.0476190476189
3,291,382,381.8095238095238
3,292,382,382.04761904761887
3,293,382,383.3809523809523
3,294,383,382.142857142857
3,295,383,379.28571428571416
3,296,372,375.8571428571427
3,297,372,372.47619047619025
3,298,372,369.66666666666646
3,299,371,371.8095238095237
3,300,371,374.3809523809522
3,301,381,377.5714285714283
3,302,381,380.5238095238094
3,303,381,381.95238095238074
3,304,381,380.9999999999999
3,305,381,380.9999999999999
3,306,381,380.9999999999999
3,307,381,381.0952380952378
3,308,381,380.95238095238085
3,309,381,380.5714285714285
3,310,380,380.38095238095224
3,311,380,380.3809523809523
3,312,381,380.57142857142856
3,313,381,380.95238095238096
3,314,381,381.09523809523796
3,315,381,380.9999999999999
3,316,381,380.9999999999999
3,317,381,380.9999999999999
3,318,381,380.90476190476176
3,319,381,381.0476190476189
3,320,381,381.4285714285713
3,321,382,381.6190476190475
3,322,382,381.52380952380935
3,323,381,381.47619047619037
3,324,381,381.28571428571416
3,325,382,381.6190476190476
3,326,382,382.3809523809523
3,327,383,382.7142857142856
3,328,383,382.52380952380946
3,329,382,382.4761904761904
3,330,382,382.47619047619037
3,331,383,382.52380952380946
3,332,383,382.52380952380946
3,333,382,382.4761904761904
3,334,382,382.2857142857143
3,335,383,382.61904761904754
3,336,383,383.2857142857141
3,337,384,383.76190476190476
3,338,384,383.9523809523808
3,339,384,384.095238095238
3,340,384,383.9999999999999
3,341,384,383.9999999999999
3,342,384,383.90476190476176
3,343,384,384.04761904761875
3,344,384,384.33333333333326
3,345,385,384.57142857142844
3,346,385,384.99999999999983
3,347,385,385.42857142857133
3,348,386,385.6666666666666
3,349,386,386.0476190476189
3,350,386,386.0476190476189
3,351,386,385.57142857142856
3,352,385,385.3809523809523
3,353,385,385.3809523809523
3,354,386,385.57142857142844
3,355,386,385.95238095238085
3,356,386,386.095238095238
3,357,386,386.09523809523796
3,358,386,385.9523809523808
3,359,386,385.57142857142856
3,360,385,385.3809523809523
3,361,385,385.3809523809523
3,362,386,385.47619047619037
3,363,386,385.99999999999983
3,364,386,386.42857142857116
3,365,387,386.6666666666665
3,366,387,386.8571428571427
3,367,387,387.1428571428571
3,368,387,387.42857142857133
3,369,388,387.61904761904736
3,370,388,387.61904761904754
3,371,387,387.4285714285714
3,372,387,387.047619047619
3,373,387,386.9047619047617
3,374,387,387.09523809523796
3,375,387,386.95238095238085
3,376,387,386.6666666666665
3,377,386,386.33333333333314
3,378,386,386.04761904761904
3,379,386,385.90476190476164
3,380,386,385.99999999999994
3,381,386,385.99999999999994
3,382,386,385.99999999999994
3,383,386,385.99999999999994
3,384,386,385.99999999999994
3,385,386,385.99999999999994
3,386,386,385.99999999999994
3,387,386,385.99999999999994
3,388,386,385.99999999999994
3,389,386,385.90476190476187
3,390,386,386.0476190476189
3,391,386,386.33333333333314
3,392,387,386.6666666666665
3,393,387,386.95238095238085
3,394,387,387.0952380952379
3,395,387,386.9999999999999
3,396,387,386.9999999999999
3,397,387,386.9999999999999
3,398,387,386.9999999999999
3,399,387,386.9999999999999
3,400,387,386.9999999999999
3,401,387,386.33333333333314
3,402,387,387.33333333333337
3,403,387,389.14285714285705
3,404,394,391.7619047619047
3,405,394,394.23809523809496
3,406,396,396.0476190476188
3,407,396,396.5238095238094
3,408,397,396.71428571428567
3,409,397,395.952380952381
3,410,394,395.095238095238
3,411,394,394.2380952380951
3,412,394,393.6666666666666
3,413,394,393.7619047619047
3,414,393,393.3809523809522
3,415,393,392.66666666666674
3,416,392,392.00000000000006
3,417,391,391.3333333333333
3,418,391,390.8095238095237
3,419,390,390.142857142857
3,420,390,389.66666666666674
3,421,388,388.42857142857133
3,422,388,386.9999999999998
3,423,385,385.8571428571427
3,424,385,385.66666666666646
3,425,386,385.2857142857142
3,426,386,385.38095238095235
3,427,384,384.7142857142856
3,428,384,383.76190476190476
3,429,383,383.14285714285705
3,430,383,383.2380952380951
3,431,383,382.8095238095237
3,432,383,382.3333333333332
3,433,381,381.95238095238085
3,434,381,380.95238095238096
3,435,381,379.71428571428555
3,436,378,379.047619047619
3,437,378,378.57142857142844
3,438,379,378.3333333333331
3,439,379,378.71428571428555
3,440,378,378.38095238095224
3,441,378,377.7142857142856
3,442,377,377.2380952380952
3,443,377,377.1428571428571
3,444,377,376.8571428571427
3,445,377,376.66666666666663
3,446,376,376.3333333333333
3,447,376,376.0476190476189
3,448,376,375.9047619047618
3,449,376,376.0952380952381
3,450,376,375.95238095238085
3,451,376,375.57142857142844
3,452,375,375.38095238095224
3,453,375,375.3809523809523
3,454,376,375.5714285714284
3,455,376,375.95238095238085
3,456,376,375.9999999999999
3,457,376,376.0476190476189
3,458,376,376.4285714285712
3,459,377,376.6190476190475
3,460,377,376.52380952380946
3,461,376,376.4761904761903
3,462,376,376.1904761904762
3,463,377,376.6666666666665
3,464,377,377.4285714285714
3,465,379,378.52380952380946
3,466,379,379.7619047619046
3,467,381,380.42857142857133
3,468,381,379.95238095238096
3,469,379,379.99999999999994
3,470,379,380.0
3,471,382,380.85714285714266
3,472,382,382.1904761904761
3,473,383,382.95238095238085
3,474,383,383.04761904761887
3,475,383,383.04761904761887
3,476,383,382.3809523809524
3,477,382,382.5714285714285
3,478,382,382.99999999999994
3,479,385,383.28571428571405
3,480,384,384.33333333333326
3,481,384,385.2380952380951
3,482,387,385.9523809523808
3,483,387,387.09523809523796
3,484,388,387.9999999999997
3,485,388,388.095238095238
3,486,389,388.85714285714266
3,487,389,389.7142857142856
3,488,391,390.3809523809523
3,489,391,390.19047619047603
3,490,390,390.7142857142857
3,491,390,391.47619047619037
3,492,394,392.5238095238094
3,493,394,393.1904761904761
3,494,393,393.8571428571427
3,495,393,394.04761904761887
3,496,396,394.90476190476164
3,497,396,396.9999999999999
3,498,396,395.71428571428555
3,499,396,391.99999999999983
3,500,384,388.0
3,501,384,384.66666666666646
3,502,384,381.2857142857141
3,503,384,384.4285714285713
3,504,383,388.76190476190465
3,505,399,393.6666666666666
3,506,399,397.61904761904754
3,507,398,399.9523809523808
3,508,398,398.71428571428544
3,509,400,399.11428571428587
3,510,400,399.942857142857
3,511,400,399.90000000000003
3,512,400,399.2857142857141
3,513,400,399.99999999999983
3,514,400,400.19047619047603
3,515,400,399.99999999999983
3,516,400,399.9047619047618
3,517,400,400.047619047619
3,518,400,400.33333333333326
3,519,401,400.66666666666663
3,520,401,401.047619047619
3,521,401,401.0476190476188
3,522,401,400.5714285714283
3,523,400,400.38095238095207
3,524,400,400.47619047619037
3,525,401,400.52380952380946
3,526,401,400.52380952380946
3,527,400,400.4761904761902
3,528,400,400.38095238095207
3,529,401,400.5714285714283
3,530,401,400.95238095238085
3,531,401,401.2857142857143
3,532,401,400.90476190476176
3,533,401,400.33333333333337
3,534,399,399.6666666666667
3,535,399,399.28571428571433
3,536,399,398.7142857142858
3,537,399,398.61904761904765
3,538,397,397.52380952380946
3,539,397,396.09523809523796
3,540,394,394.8095238095237
3,541,394,394.52380952380935
3,542,394,393.52380952380935
3,543,394,392.85714285714283
3,544,390,391.23809523809524
3,545,390,389.90476190476176
3,546,388,388.09523809523785
3,547,388,386.7619047619046
3,548,384,385.42857142857133
3,549,384,384.04761904761875
3,550,384,382.71428571428555
3,551,381,381.95238095238085
3,552,381,380.90476190476187
3,553,380,379.99999999999983
3,554,380,379.8095238095237
3,555,379,379.1904761904761
3,556,379,378.90476190476187
3,557,378,378.14285714285705
3,558,378,377.19047619047603
3,559,376,376.6666666666665
3,560,376,376.85714285714266
3,561,378,377.0952380952379
3,562,378,377.6666666666666
3,563,377,377.47619047619037
3,564,377,376.5238095238094
3,565,376,376.33333333333326
3,566,376,376.90476190476187
3,567,378,377.23809523809507
3,568,378,377.190476190476
3,569,376,376.42857142857133
3,570,375,375.4761904761904
3,571,375,375.19047619047603
3,572,376,375.5714285714284
3,573,376,375.95238095238085
3,574,376,376.09523809523796
3,575,376,376.0952380952381
3,576,376,375.95238095238085
3,577,376,375.57142857142844
3,578,375,375.38095238095224
3,579,375,375.2857142857141
3,580,376,375.6190476190475
3,581,376,376.1904761904761
3,582,377,376.80952380952374
3,583,377,377.47619047619037
3,584,378,377.66666666666646
3,585,378,377.0952380952379
3,586,376,376.85714285714283
3,587,376,376.76190476190465
3,588,378,377.0476190476189
3,589,378,377.9523809523807
3,590,378,378.4285714285715
3,591,379,378.71428571428555
3,592,379,378.90476190476187
3,593,380,379.95238095238074
3,594,380,381.3809523809523
3,595,384,382.7142857142856
3,596,384,383.4761904761903
3,597,383,383.7142857142856
3,598,383,382.6666666666665
3,599,383,383.0952380952379
3,600,383,384.3333333333332
3,601,387,385.66666666666646
3,602,387,386.7142857142855
3,603,387,387.42857142857133
3,604,387,387.047619047619
3,605,388,387.80952380952374
3,606,388,389.1428571428569
3,607,391,389.99999999999983
3,608,391,390.0
3,609,389,390.04761904761887
3,610,389,389.4761904761903
3,611,391,390.19047619047615
3,612,391,391.95238095238085
3,613,394,393.52380952380935
3,614,395,394.52380952380935
3,615,395,395.04761904761904
3,616,395,395.19047619047603
3,617,395,395.5714285714284
3,618,397,396.38095238095235
3,619,397,397.14285714285705
3,620,398,397.90476190476187
3,621,398,398.38095238095224
3,622,399,398.7142857142856
3,623,399,398.3333333333332
3,624,398,398.5714285714284
3,625,398,399.04761904761887
3,626,401,399.9047619047618
3,627,401,400.85714285714255
3,628,401,401.2857142857141
3,629,401,401.0
3,630,401,400.90476190476176
3,631,401,401.047619047619
3,632,401,401.42857142857144
3,633,402,401.61904761904736
3,634,402,401.71428571428555
3,635,401,401.3809523809521
3,636,401,400.6190476190474
3,637,400,400.2857142857143
3,638,400,400.38095238095207
3,639,401,400.5714285714283
3,640,401,400.95238095238085
3,641,401,401.095238095238
3,642,401,401.0
3,643,401,401.0
3,644,401,401.095238095238
3,645,401,400.952380952381
3,646,401,400.66666666666663
3,647,400,400.3333333333332
3,648,400,400.23809523809524
3,649,400,399.80952380952385
3,650,400,399.2380952380953
3,651,398,398.7142857142856
3,652,398,398.52380952380935
3,653,399,398.7142857142856
3,654,399,398.4761904761903
3,655,398,397.42857142857144
3,656,395,396.04761904761887
3,657,395,395.3333333333332
3,658,395,394.5714285714285
3,659,395,394.1904761904761
3,660,392,392.9047619047618
3,661,392,391.5714285714285
3,662,390,390.33333333333326
3,663,390,389.8571428571429
3,664,389,389.09523809523796
3,665,389,388.9047619047617
3,666,388,388.1428571428569
3,667,388,387.38095238095235
3,668,386,386.5714285714283
3,669,386,386.2857142857141
3,670,386,385.71428571428555
3,671,386,385.14285714285705
3,672,384,385.0476190476189
3,673,384,384.61904761904754
3,674,386,384.047619047619
3,675,383,383.9523809523808
3,676,383,383.9523809523808
3,677,384,383.2380952380952
3,678,384,383.14285714285705
3,679,381,381.99999999999983
3,680,381,380.47619047619037
3,681,379,379.38095238095224
3,682,379,379.285714285714
3,683,379,378.7142857142856
3,684,379,378.4285714285712
3,685,377,377.6190476190474
3,686,377,376.8571428571428
3,687,376,376.0952380952379
3,688,376,375.71428571428555
3,689,375,375.2380952380953
3,690,375,375.0476190476189
3,691,375,374.9047619047617
3,692,375,375.0952380952379
3,693,375,374.95238095238085
3,694,375,374.57142857142856
3,695,374,374.28571428571416
3,696,374,374.42857142857133
3,697,375,374.90476190476187
3,698,376,375.61904761904754
3,699,376,376.0476190476189
3,700,376,376.09523809523796
3,701,376,375.9999999999999
3,702,376,375.2380952380951
3,703,376,376.38095238095224
3,704,376,378.6666666666666
3,705,384,381.2380952380951
3,706,384,383.6666666666666
3,707,384,385.47619047619037
3,708,385,384.4761904761903
3,709,385,383.5238095238093
3,710,381,382.4761904761904
3,711,381,381.14285714285717
3,712,382,381.4761904761904
3,713,382,383.19047619047603
3,714,386,384.80952380952357
3,715,386,386.14285714285694
3,716,387,387.0476190476188
3,717,387,386.95238095238085
3,718,387,387.2857142857143
3,719,387,386.90476190476176
3,720,387,385.85714285714283
3,721,385,385.90476190476176
3,722,385,386.6666666666666
3,723,390,388.190476190476
3,724,390,390.09523809523796
3,725,391,391.14285714285694
3,726,391,390.6666666666666
3,727,391,391.2380952380949
3,728,391,391.9999999999999
3,729,394,392.9999999999999
3,730,394,393.6666666666666
3,731,394,394.3809523809524
3,732,394,394.4761904761904
3,733,396,395.42857142857133
3,734,396,396.47619047619025
3,735,398,397.57142857142827
3,736,398,398.33333333333337
3,737,399,398.80952380952357
3,738,399,398.42857142857133
3,739,398,398.52380952380923
3,740,398,398.71428571428544
3,741,400,399.2380952380951
3,742,400,399.90476190476164
3,743,400,400.0952380952379
3,744,400,400.047619047619
3,745,400,400.4285714285715
3,746,401,400.6190476190474
3,747,401,400.71428571428567
3,748,400,400.3809523809524
3,749,400,399.61904761904754
3,750,399,399.28571428571416
3,751,399,399.3809523809522
3,752,400,399.5714285714284
3,753,400,399.95238095238085
3,754,400,400.0952380952379
3,755,400,400.0952380952379
3,756,400,399.95238095238085
3,757,400,399.76190476190465
3,758,399,399.28571428571416
3,759,399,398.80952380952374
3,760,398,398.1904761904761
3,761,398,397.71428571428555
3,762,397,397.238095238095
3,763,397,397.3333333333333
3,764,397,396.76190476190476
3,765,397,396.2285714285715
3,766,394,395.1142857142856
3,767,394,393.70000000000005
3,768,395,394.9523809523809
3,769,392,393.238095238095
3,770,392,392.047619047619
3,771,392,391.6190476190476
3,772,392,391.14285714285694
3,773,390,390.7619047619048
3,774,390,390.95238095238085
3,775,392,391.0476190476189
3,776,392,391.3333333333332
3,777,390,390.8095238095238
3,778,390,389.8571428571429
3,779,389,389.09523809523796
3,780,389,388.8095238095238
3,781,388,388.1904761904762
3,782,388,387.9999999999999
3,783,387,387.09523809523796
3,784,387,386.04761904761904
3,785,384,385.190476190476
3,786,384,383.9999999999999
3,787,384,382.80952380952374
3,788,381,381.95238095238085
3,789,381,381.0
3,790,380,379.95238095238074
3,791,380,379.3809523809523
3,792,378,378.57142857142844
3,793,378,378.3809523809523
3,794,378,377.6666666666665
3,795,378,376.9047619047618
3,796,375,376.0476190476189
3,797,375,375.5714285714284
3,798,376,375.3333333333332
3,799,376,375.6190476190475
3,800,375,375.4285714285712
3,801,375,375.14285714285705
3,802,375,374.8571428571428
3,803,375,374.57142857142856
3,804,374,374.38095238095224
3,805,374,374.38095238095224
3,806,375,374.5714285714285
3,807,375,374.9523809523808
3,808,375,375.09523809523796
3,809,375,374.99999999999983
3,810,375,374.90476190476187
3,811,375,375.047619047619
3,812,375,375.2380952380951
3,813,376,375.7142857142855
3,814,376,376.2857142857143
3,815,377,376.76190476190476
3,816,377,376.8571428571427
3,817,377,377.14285714285705
3,818,377,377.14285714285705
3,819,378,377.76190476190465
3,820,378,378.6190476190476
3,821,380,379.4285714285714
3,822,380,379.7142857142857
3,823,380,380.28571428571416
3,824,380,380.38095238095224
3,825,382,381.47619047619037
3,826,382,382.9999999999999
3,827,385,384.1428571428571
3,828,385,384.4285714285713
3,829,384,384.6666666666665
3,830,384,384.38095238095224
3,831,385,384.38095238095224
3,832,385,385.04761904761904
3,833,385,385.66666666666646
3,834,387,386.3809523809523
3,835,387,386.9523809523808
3,836,388,387.9999999999999
3,837,388,388.76190476190453
3,838,391,390.19047619047603
3,839,391,391.52380952380935
3,840,393,392.61904761904754
3,841,393,392.90476190476176
3,842,393,393.1904761904759
3,843,393,392.8095238095236
3,844,393,393.0952380952378
3,845,393,393.57142857142844
3,846,395,394.3809523809523
3,847,395,395.238095238095
3,848,396,395.8571428571427
3,849,396,395.7619047619046
3,850,396,396.2857142857141
3,851,396,396.61904761904736
3,852,398,396.80952380952374
3,853,397,397.33333333333314
3,854,397,397.9047619047618
3,855,399,398.2380952380951
3,856,399,398.7142857142856
3,857,399,399.285714285714
3,858,399,399.6666666666666
3,859,401,400.3333333333331
3,860,401,400.9047619047616
3,861,401,401.1904761904758
3,862,401,401.0
3,863,401,401.0
3,864,401,401.0
3,865,401,401.0
3,866,401,401.0
3,867,401,401.0
3,868,401,401.0
3,869,401,401.0
3,870,401,401.0
3,871,401,401.0
3,872,401,401.0
3,873,401,401.095238095238
3,874,401,400.952380952381
3,875,401,400.7619047619046
3,876,400,400.2857142857141
3,877,400,399.71428571428567
3,878,399,399.2380952380953
3,879,399,399.0476190476189
3,880,399,398.90476190476187
3,881,399,399.19047619047603
3,882,399,398.9047619047617
3,883,399,398.2380952380951
3,884,397,397.71428571428555
3,885,397,397.8095238095239
3,886,398,397.2857142857142
3,887,398,396.5238095238094
3,888,394,395.4761904761904
3,889,394,394.7142857142856
3,890,395,394.1904761904761
3,891,395,394.2857142857143
3,892,393,393.7619047619049
3,893,393,393.2857142857142
3,894,393,392.71428571428584
3,895,393,392.4285714285713
3,896,391,391.5238095238093
3,897,391,390.8095238095237
3,898,390,391.14285714285694
3,899,391,390.38095238095224
3,900,391,388.90476190476187
3,901,384,386.23809523809507
3,902,384,382.9047619047618
3,903,380,380.71428571428555
3,904,380,380.52380952380935
3,905,381,380.2857142857141
3,906,381,380.95238095238096
3,907,381,381.7619047619047
3,908,381,380.6666666666666
3,909,381,378.6666666666666
3,910,374,376.2380952380951
3,911,374,374.3809523809522
3,912,374,373.09523809523785
3,913,375,374.9523809523808
3,914,375,376.95238095238096
3,915,381,379.0952380952381
3,916,381,380.71428571428555
3,917,381,381.57142857142844
3,918,381,380.90476190476176
3,919,381,381.0476190476189
3,920,381,381.3333333333333
3,921,382,381.6666666666666
3,922,382,381.9523809523809
3,923,382,382.09523809523796
3,924,382,381.90476190476176
3,925,382,382.04761904761887
3,926,382,382.3333333333333
3,927,383,382.66666666666663
3,928,383,382.76190476190465
3,929,383,383.19047619047603
3,930,383,383.6666666666665
3,931,385,384.4285714285711
3,932,385,384.8571428571426
3,933,385,384.7619047619046
3,934,384,384.3809523809522
3,935,384,384.47619047619025
3,936,385,384.52380952380946
3,937,385,384.61904761904754
3,938,384,384.4285714285713
3,939,384,384.0476190476189
3,940,384,383.90476190476164
3,941,384,383.90476190476176
3,942,384,384.04761904761875
3,943,384,384.33333333333326
3,944,385,384.66666666666663
3,945,385,384.9523809523808
3,946,385,385.095238095238
3,947,385,384.9047619047618
3,948,385,385.0476190476188
3,949,385,385.42857142857133
3,950,386,385.6190476190474
3,951,386,385.52380952380946
3,952,385,385.47619047619014
3,953,385,385.3809523809523
3,954,386,385.57142857142844
3,955,386,386.0476190476189
3,956,386,385.95238095238096
3,957,386,385.71428571428555
3,958,385,385.6666666666667
3,959,386,385.71428571428555
3,960,386,385.9523809523808
3,961,386,386.0476190476189
3,962,386,385.6666666666666
3,963,385,385.3333333333332
3,964,385,385.0476190476189
3,965,385,384.9047619047618
3,966,385,384.9999999999999
3,967,385,384.9999999999999
3,968,385,385.0952380952379
3,969,385,384.9523809523808
3,970,385,384.6666666666665
3,971,384,384.3333333333332
3,972,384,384.0476190476189
3,973,384,383.90476190476164
3,974,384,383.9999999999999
3,975,384,383.9999999999999
3,976,384,383.9999999999999
3,977,384,383.9999999999999
3,978,384,383.9999999999999
3,979,384,383.9999999999999
3,980,384,383.9999999999999
3,981,384,383.9999999999999
3,982,384,383.9999999999999
3,983,384,384.19047619047603
3,984,384,383.9047619047617
3,985,384,383.3333333333332
3,986,382,382.66666666666663
3,987,382,381.9999999999999
3,988,382,381.85714285714283
3,989,382,382.42857142857133
3,990,383,382.6190476190475
3,991,383,382.61904761904736
3,992,382,382.42857142857133
3,993,382,382.0476190476189
3,994,382,381.9047619047618
3,995,382,382.095238095238
3,996,382,381.9523809523809
3,997,382,381.4761904761903
3,998,381,381.52380952380935
3,999,381,381.6666666666664
3,1000,383,381.9047619047618
3,1001,382,382.23809523809507
3,1002,382,382.3333333333332
3,1003,382,381.8571428571428
3,1004,382,381.6666666666664
3,1005,381,381.33333333333314
3,1006,381,381.0476190476188
3,1007,381,380.9047619047617
3,1008,381,380.9999999999999
3,1009,381,380.9999999999999
3,1010,381,380.9999999999999
3,1011,381,380.9999999999999
3,1012,381,380.9999999999999
3,1013,381,380.9999999999999
3,1014,381,380.9999999999999
3,1015,381,380.9999999999999
3,1016,381,381.0952380952378
3,1017,381,380.95238095238085
3,1018,381,380.5714285714285
3,1019,380,380.47619047619037
3,1020,380,380.3333333333332
3,1021,381,380.22857142857157
3,1022,380,380.3428571428571
3,1023,380,379.85
3,1024,381,386.6190476190475
3,1025,381,381.80952380952374
3,1026,381,379.4285714285713
3,1027,381,381.3333333333333
3,1028,382,381.6666666666666
3,1029,382,381.85714285714283
3,1030,382,382.142857142857
3,1031,382,382.3333333333333
3,1032,383,382.66666666666663
3,1033,383,383.04761904761887
3,1034,383,383.04761904761887
3,1035,383,382.57142857142844
3,1036,382,382.38095238095235
3,1037,382,382.47619047619037
3,1038,383,382.52380952380946
3,1039,383,382.42857142857133
3,1040,382,382.5238095238096
3,1041,382,382.8095238095237
3,1042,384,383.1904761904761
3,1043,384,383.5714285714285
3,1044,383,383.4285714285712
3,1045,383,383.09523809523796
3,1046,383,383.2380952380952
3,1047,384,383.6666666666665
3,1048,384,383.9523809523808
3,1049,384,384.095238095238
3,1050,384,383.9999999999999
3,1051,384,383.9999999999999
3,1052,384,383.9999999999999
3,1053,384,383.9999999999999
3,1054,384,383.90476190476176
3,1055,384,384.04761904761875
3,1056,384,384.33333333333326
3,1057,385,384.66666666666663
3,1058,385,384.9523809523808
3,1059,385,385.095238095238
3,1060,385,384.9999999999999
3,1061,385,384.9999999999999
3,1062,385,385.0952380952379
3,1063,385,384.9523809523808
3,1064,385,384.4761904761903
3,1065,384,384.4285714285713
3,1066,384,384.8095238095236
3,1067,386,385.19047619047603
3,1068,386,385.47619047619025
3,1069,385,385.6666666666666
3,1070,385,385.3333333333332
3,1071,386,385.23809523809507
3,1072,385,385.2857142857142
3,1073,385,385.142857142857
3,1074,385,384.9047619047618
3,1075,385,384.9999999999999
3,1076,385,384.9999999999999
3,1077,385,384.9047619047618
3,1078,385,385.0476190476188
3,1079,385,385.5238095238095
3,1080,386,385.5714285714284
3,1081,386,385.2857142857142
3,1082,384,384.7619047619046
3,1083,384,384.0952380952379
3,1084,384,383.80952380952357
3,1085,384,384.09523809523796
3,1086,384,383.9523809523808
3,1087,384,383.57142857142844
3,1088,383,383.3809523809522
3,1089,383,383.4761904761903
3,1090,384,383.4285714285712
3,1091,384,383.6666666666666
3,1092,383,383.8571428571427
3,1093,384,383.6666666666666
3,1094,384,383.5238095238093
3,1095,383,383.42857142857133
3,1096,383,382.95238095238085
3,1097,383,382.95238095238085
3,1098,383,383.5238095238094
3,1099,384,383.57142857142856
3,1100,384,383.19047619047615
3,1101,382,382.8095238095237
3,1102,382,382.33333333333314
3,1103,383,382.5238095238094
3,1104,383,383.3809523809522
3,1105,384,383.71428571428567
3,1106,384,383.61904761904754
3,1107,383,383.42857142857133
3,1108,383,383.14285714285717
3,1109,383,382.8571428571428
3,1110,383,382.57142857142844
3,1111,382,382.38095238095235
3,1112,382,383.5238095238094
3,1113,383,381.99999999999983
3,1114,383,378.95238095238085
3,1115,371,374.9999999999998
3,1116,371,371.61904761904736
3,1117,371,369.5238095238093
3,1118,372,371.9999999999999
3,1119,372,374.19047619047615
3,1120,379,376.8095238095238
3,1121,379,378.9047619047618
3,1122,380,380.3809523809522
3,1123,380,380.3809523809521
3,1124,381,380.52380952380935
3,1125,381,380.71428571428567
3,1126,380,381.1904761904761
3,1127,382,381.3333333333332
3,1128,382,381.4761904761903
3,1129,381,381.52380952380946
3,1130,381,380.95238095238074
3,1131,381,380.95238095238085
3,1132,381,381.4285714285713
3,1133,382,381.6190476190475
3,1134,382,381.6190476190475
3,1135,381,381.4285714285712
3,1136,381,381.0476190476188
3,1137,381,380.9047619047617
3,1138,381,380.90476190476176
3,1139,381,381.0476190476189
3,1140,381,381.3333333333333
3,1141,382,381.6666666666666
3,1142,382,381.9523809523809
3,1143,382,381.9999999999999
3,1144,382,382.04761904761887
3,1145,382,382.42857142857133
3,1146,383,382.6190476190475
3,1147,383,382.52380952380946
3,1148,382,382.4761904761904
3,1149,382,382.38095238095224
3,1150,383,382.57142857142844
3,1151,383,382.85714285714266
3,1152,383,383.1428571428569
3,1153,383,383.4285714285713
3,1154,384,383.6190476190475
3,1155,384,383.5238095238093
3,1156,383,383.47619047619025
3,1157,383,383.3809523809523
3,1158,384,383.57142857142856
3,1159,384,383.9523809523808
3,1160,384,384.095238095238
3,1161,384,383.90476190476176
3,1162,384,384.04761904761875
3,1163,384,384.2380952380951
3,1164,385,384.7142857142856
3,1165,385,385.38095238095235
3,1166,386,385.71428571428555
3,1167,386,385.61904761904754
3,1168,385,385.42857142857133
3,1169,385,385.1428571428571
3,1170,385,384.6666666666666
3,1171,385,384.7619047619047
3,1172,384,385.095238095238
3,1173,386,385.3333333333332
3,1174,386,385.47619047619037
3,1175,385,385.5238095238094
3,1176,385,384.95238095238096
3,1177,385,384.95238095238085
3,1178,385,385.42857142857133
3,1179,386,385.6190476190474
3,1180,386,385.52380952380946
3,1181,385,385.47619047619014
3,1182,385,385.3809523809523
3,1183,386,385.57142857142844
3,1184,386,385.95238095238085
3,1185,386,386.095238095238
3,1186,386,386.09523809523796
3,1187,386,385.9523809523808
3,1188,386,385.57142857142856
3,1189,385,385.3809523809523
3,1190,385,385.3809523809523
3,1191,386,385.6666666666666
3,1192,386,385.90476190476187
3,1193,386,385.76190476190476
3,1194,385,385.3333333333332
3,1195,385,385.0476190476189
3,1196,385,384.9047619047618
3,1197,385,384.9047619047618
3,1198,385,385.0476190476188
3,1199,385,385.42857142857133
3,1200,386,385.6190476190474
3,1201,386,385.61904761904754
3,1202,385,385.42857142857133
3,1203,385,385.0476190476189
3,1204,385,384.9047619047618
3,1205,385,384.9999999999999
3,1206,385,384.9999999999999
3,1207,385,384.9999999999999
3,1208,385,384.9999999999999
3,1209,385,384.9999999999999
3,1210,385,385.0952380952379
3,1211,385,384.9523809523808
3,1212,385,384.6666666666665
3,1213,384,384.3333333333332
3,1214,384,384.0476190476189
3,1215,384,383.90476190476164
3,1216,384,384.19047619047603
3,1217,384,383.9047619047617
3,1218,384,383.3333333333332
3,1219,382,382.66666666666663
3,1220,382,381.9999999999999
3,1221,382,381.85714285714283
3,1222,382,382.42857142857133
3,1223,383,382.6190476190475
3,1224,383,382.52380952380946
3,1225,382,382.4761904761904
3,1226,382,382.47619047619037
3,1227,383,382.4285714285712
3,1228,383,382.66666666666646
3,1229,382,382.95238095238096
3,1230,383,382.61904761904754
3,1231,383,382.09523809523796
3,1232,381,381.80952380952374
3,1233,381,381.6190476190474
3,1234,382,381.3809523809523
3,1235,382,381.47619047619037
3,1236,380,380.66666666666646
3,1237,380,379.33333333333314
3,1238,378,378.5238095238094
3,1239,378,378.42857142857133
3,1240,379,378.47619047619037
3,1241,379,378.85714285714266
3,1242,379,379.14285714285705
3,1243,379,379.33333333333314
3,1244,380,379.66666666666646
3,1245,380,379.9523809523808
3,1246,380,380.095238095238
3,1247,380,379.90476190476176
3,1248,380,380.047619047619
3,1249,380,380.33333333333326
3,1250,381,380.6666666666666
3,1251,381,380.95238095238096
3,1252,381,380.9999999999999
3,1253,381,381.0476190476189
3,1254,381,381.3333333333333
3,1255,382,381.6666666666666
3,1256,382,381.85714285714283
3,1257,382,382.142857142857
3,1258,382,382.42857142857133
3,1259,383,382.6190476190475
3,1260,383,382.52380952380946
3,1261,382,382.4761904761904
3,1262,382,382.47619047619037
3,1263,383,382.52380952380946
3,1264,383,382.52380952380946
3,1265,382,382.4761904761904
3,1266,382,382.2857142857143
3,1267,383,382.61904761904754
3,1268,383,383.3809523809522
3,1269,384,383.71428571428567
3,1270,384,383.5238095238093
3,1271,383,383.47619047619025
3,1272,383,383.3809523809523
3,1273,384,383.4761904761903
3,1274,384,383.9999999999998
3,1275,384,384.52380952380935
3,1276,385,384.61904761904754
3,1277,385,384.71428571428567
3,1278,384,384.51428571428573
3,1279,384,383.9
3,1280,386,389.8571428571427
3,1281,386,385.8095238095238
3,1282,384,383.61904761904754
3,1283,384,384.85714285714266
3,1284,386,385.095238095238
3,1285,386,385.47619047619025
3,1286,385,385.57142857142856
3,1287,385,385.47619047619037
3,1288,386,385.4285714285712
3,1289,386,385.66666666666646
3,1290,385,385.8571428571427
3,1291,386,385.6666666666664
3,1292,386,385.42857142857133
3,1293,385,385.47619047619014
3,1294,385,385.3809523809523
3,1295,386,385.57142857142844
3,1296,386,386.0476190476189
3,1297,386,386.0476190476189
3,1298,386,385.6666666666666
3,1299,385,385.3333333333332
3,1300,385,384.95238095238096
3,1301,385,384.95238095238085
3,1302,385,385.42857142857133
3,1303,386,385.6190476190474
3,1304,386,385.52380952380946
3,1305,385,385.47619047619014
3,1306,385,385.47619047619037
3,1307,386,385.5238095238095
3,1308,386,385.52380952380946
3,1309,385,385.66666666666646
3,1310,385,385.2857142857143
3,1311,386,384.80952380952374
3,1312,384,384.66666666666646
3,1313,384,384.52380952380946
3,1314,385,384.47619047619025
3,1315,385,384.8571428571428
3,1316,385,385.14285714285705
3,1317,385,385.99999999999983
3,1318,386,385.3333333333332
3,1319,386,383.6190476190475
3,1320,379,381.33333333333314
3,1321,379,379.3809523809523
3,1322,379,378.6666666666666
3,1323,380,379.66666666666646
3,1324,380,379.85714285714266
3,1325,380,380.14285714285705
3,1326,380,380.23809523809507
3,1327,381,380.71428571428567
3,1328,381,381.2857142857141
3,1329,382,381.76190476190465
3,1330,382,381.9523809523809
3,1331,382,382.09523809523796
3,1332,382,381.9999999999997
3,1333,382,381.9999999999997
3,1334,382,381.9999999999997
3,1335,382,382.095238095238
3,1336,382,381.9523809523809
3,1337,382,381.5714285714284
3,1338,381,381.3809523809523
3,1339,381,381.47619047619037
3,1340,382,381.52380952380935
3,1341,382,381.6190476190475
3,1342,381,381.4285714285712
3,1343,381,381.0476190476188
3,1344,381,380.9047619047617
3,1345,381,381.0952380952378
3,1346,381,380.85714285714266
3,1347,381,380.71428571428567
3,1348,380,380.66666666666646
3,1349,381,380.71428571428555
3,1350,381,380.8571428571426
3,1351,381,381.09523809523796
3,1352,381,380.90476190476176
3,1353,381,381.0476190476189
3,1354,381,381.4285714285713
3,1355,382,381.6190476190475
3,1356,382,381.6190476190475
3,1357,381,381.4285714285712
3,1358,381,381.0476190476188
3,1359,381,380.9047619047617
3,1360,381,380.90476190476176
3,1361,381,381.0476190476189
3,1362,381,381.4285714285713
3,1363,382,381.6190476190475
3,1364,382,381.52380952380935
3,1365,381,381.47619047619037
3,1366,381,381.47619047619037
3,1367,382,381.42857142857133
3,1368,382,381.6666666666666
3,1369,381,381.76190476190465
3,1370,382,381.7142857142857
3,1371,382,381.85714285714266
3,1372,382,382.09523809523796
3,1373,382,381.9999999999997
3,1374,382,381.9999999999997
3,1375,382,381.90476190476176
3,1376,382,382.04761904761887
3,1377,382,382.42857142857133
3,1378,383,382.6190476190475
3,1379,383,382.52380952380946
3,1380,382,382.4761904761904
3,1381,382,382.2857142857143
3,1382,383,382.61904761904754
3,1383,383,383.2857142857141
3,1384,384,383.76190476190476
3,1385,384,383.9523809523808
3,1386,384,384.095238095238
3,1387,384,383.9999999999999
3,1388,384,383.9999999999999
3,1389,384,383.9999999999999
3,1390,384,383.9999999999999
3,1391,384,383.9999999999999
3,1392,384,383.90476190476176
3,1393,384,384.04761904761875
3,1394,384,384.33333333333326
3,1395,385,384.66666666666663
3,1396,385,384.9523809523808
3,1397,385,385.095238095238
3,1398,385,384.9999999999999
3,1399,385,384.9999999999999
3,1400,385,385.0952380952379
3,1401,385,384.9523809523808
3,1402,385,384.85714285714266
3,1403,384,384.142857142857
3,1404,384,383.42857142857133
3,1405,382,382.7142857142856
3,1406,383,382.85714285714266
3,1407,383,383.2380952380952
3,1408,385,384.5238095238094
3,1409,385,385.47619047619037
3,1410,387,386.57142857142856
3,1411,387,386.76190476190465
3,1412,388,388.095238095238
3,1413,388,389.71428571428544
3,1414,393,391.38095238095224
3,1415,393,392.2380952380952
3,1416,392,392.90476190476176
3,1417,392,392.8095238095238
3,1418,394,393.1904761904761
3,1419,394,393.38095238095235
3,1420,393,393.6190476190475
3,1421,393,393.6190476190476
3,1422,395,394.1904761904759
3,1423,395,395.28571428571416
3,1424,396,396.190476190476
3,1425,397,396.6190476190475
3,1426,397,396.9523809523808
3,1427,397,397.142857142857
3,1428,397,397.4285714285713
3,1429,398,397.6190476190474
3,1430,398,397.3333333333332
3,1431,397,397.5714285714284
3,1432,397,397.9523809523808
3,1433,400,398.9523809523809
3,1434,400,400.2857142857141
3,1435,401,400.90476190476187
3,1436,401,400.52380952380946
3,1437,400,400.4761904761902
3,1438,400,400.47619047619037
3,1439,401,400.52380952380946
3,1440,401,400.52380952380946
3,1441,400,400.5714285714283
3,1442,400,400.3333333333332
3,1443,401,400.23809523809524
3,1444,400,400.2857142857141
3,1445,400,400.1428571428571
3,1446,400,399.9047619047618
3,1447,400,400.0952380952379
3,1448,400,399.95238095238085
3,1449,400,399.76190476190465
3,1450,399,399.28571428571416
3,1451,399,398.80952380952374
3,1452,398,398.1904761904761
3,1453,398,397.71428571428555
3,1454,397,397.238095238095
3,1455,397,397.3333333333333
3,1456,397,396.76190476190476
3,1457,397,395.7142857142856
3,1458,394,395.14285714285705
3,1459,394,395.52380952380946
3,1460,397,395.5238095238094
3,1461,397,395.52380952380946
3,1462,393,394.7142857142856
3,1463,393,393.14285714285705
3,1464,393,392.28571428571416
3,1465,392,392.33333333333326
3,1466,392,392.5238095238096
3,1467,392,391.66666666666663
3,1468,392,390.14285714285717
3,1469,387,388.76190476190465
3,1470,387,388.19047619047603
3,1471,389,387.7142857142856
3,1472,389,388.095238095238
3,1473,386,387.09523809523796
3,1474,386,385.3809523809523
3,1475,384,384.4285714285713
3,1476,384,384.5238095238094
3,1477,385,384.4285714285714
3,1478,385,384.90476190476176
3,1479,384,384.2857142857141
3,1480,384,383.14285714285705
3,1481,381,381.8571428571428
3,1482,381,380.71428571428567
3,1483,380,380.0952380952379
3,1484,380,380.76190476190465
3,1485,381,380.3809523809522
3,1486,381,379.61904761904754
3,1487,377,378.4285714285714
3,1488,377,377.19047619047603
3,1489,377,376.6190476190476
3,1490,377,376.9999999999999
3,1491,377,377.0952380952381
3,1492,377,376.952380952381
3,1493,377,376.57142857142844
3,1494,376,376.3809523809523
3,1495,376,376.5714285714284
3,1496,377,376.4761904761904
3,1497,377,376.19047619047603
3,1498,375,375.8095238095237
3,1499,375,375.52380952380946
3,1500,376,375.4285714285714
3,1501,376,375.33333333333326
3,1502,375,375.5714285714284
3,1503,375,376.14285714285694
3,1504,378,376.8571428571427
3,1505,378,377.33333333333326
3,1506,377,377.71428571428544
3,1507,377,377.7142857142856
3,1508,379,378.14285714285705
3,1509,379,378.95238095238085
3,1510,379,379.4285714285715
3,1511,380,379.71428571428555
3,1512,380,380.19047619047603
3,1513,381,380.80952380952374
3,1514,381,381.09523809523813
3,1515,382,381.8571428571427
3,1516,382,382.52380952380946
3,1517,384,383.4761904761904
3,1518,384,383.9523809523808
3,1519,385,384.9999999999999
3,1520,385,385.95238095238074
3,1521,388,387.190476190476
3,1522,388,387.90476190476176
3,1523,388,387.90476190476176
3,1524,387,386.9999999999999
3,1525,386,386.38095238095224
3,1526,386,385.95238095238074
3,1527,386,385.52380952380946
3,1528,386,386.19047619047603
3,1529,386,387.0476190476188
3,1530,390,388.7142857142855
3,1531,390,390.8571428571428
3,1532,393,392.61904761904754
3,1533,394,393.54285714285743
3,1534,394,394.6571428571427
3,1535,395,394.8999999999999
3,1536,395,396.95238095238096
3,1537,398,397.238095238095
3,1538,398,397.57142857142827
3,1539,398,398.2857142857141
3,1540,398,398.0
3,1541,398,398.0
3,1542,398,398.0
3,1543,398,398.0
3,1544,398,398.09523809523796
3,1545,398,397.9523809523808
3,1546,398,397.57142857142844
3,1547,397,397.38095238095235
3,1548,397,397.3809523809523
3,1549,398,397.57142857142844
3,1550,398,397.85714285714255
3,1551,398,398.14285714285694
3,1552,398,398.3333333333332
3,1553,399,398.6666666666665
3,1554,399,398.95238095238085
3,1555,399,399.0952380952379
3,1556,399,398.99999999999994
3,1557,399,398.90476190476187
3,1558,399,399.0476190476189
3,1559,399,399.3333333333333
3,1560,400,399.6666666666666
3,1561,400,399.95238095238085
3,1562,400,400.0952380952379
3,1563,400,400.1904761904762
3,1564,400,399.90476190476164
3,1565,400,399.33333333333326
3,1566,398,398.6666666666665
3,1567,398,398.0952380952381
3,1568,398,397.8095238095237
3,1569,398,397.9047619047617
3,1570,398,398.047619047619
3,1571,398,398.4285714285712
3,1572,399,398.61904761904754
3,1573,399,398.42857142857133
3,1574,398,398.52380952380923
3,1575,398,398.90476190476187
3,1576,400,399.14285714285717
3,1577,400,399.2380952380951
3,1578,398,398.8571428571428
3,1579,398,398.0952380952381
3,1580,398,397.90476190476187
3,1581,398,397.9523809523808
3,1582,398,397.57142857142844
3,1583,397,397.38095238095235
3,1584,397,397.4761904761903
3,1585,398,397.5238095238094
3,1586,398,397.52380952380923
3,1587,397,397.5142857142859
3,1588,397,397.2857142857142
3,1589,398,397.9999999999999
