channel,index,raw,filtered
1,0,390,389.82714932126703
1,1,390,389.76018099547537
1,2,390,389.8941176470589
1,3,390,390.47511312217205
1,4,390,391.0787330316743
1,5,390,391.625339366516
1,6,393,392.0968325791857
1,7,393,392.53665158371047
1,8,395,392.9176470588236
1,9,395,393.2126696832581
1,10,392,393.3945701357466
1,11,392,393.57737556561096
1,12,393,393.47511312217193
1,13,393,393.00814479638024
1,14,393,392.71221719457026
1,15,393,392.4552036199096
1,16,393,392.3936651583711
1,17,393,392.4226244343891
1,18,391,392.16289592760205
1,19,391,391.8352941176472
1,20,392,391.5873303167421
1,21,392,391.3665158371041
1,22,391,391.19095022624447
1,23,391,391.0787330316743
1,24,391,391.04796380090505
1,25,391,391.1167420814481
1,26,391,391.02624434389156
1,27,391,390.9176470588236
1,28,391,391.0000000000001
1,29,391,391.08235294117657
1,30,391,391.0443438914027
1,31,391,390.96561085972866
1,32,391,390.8552036199096
1,33,391,390.7221719457015
1,34,391,390.5755656108598
1,35,390,390.4244343891405
1,36,390,390.2778280542987
1,37,390,390.21538461538466
1,38,390,390.1167420814481
1,39,390,389.92941176470583
1,40,390,389.80090497737575
1,41,390,389.6696832579187
1,42,390,389.67420814479647
1,43,390,389.74660633484183
1,44,389,389.8190045248869
1,45,389,389.89140271493227
1,46,390,389.9638009049774
1,47,390,390.10678733031693
1,48,391,390.1909502262445
1,49,391,390.225339366516
1,50,390,390.2190045248869
1,51,390,390.18099547511326
1,52,390,389.98190045248884
1,53,390,389.69230769230785
1,54,389,389.4506787330318
1,55,389,389.1954751131223
1,56,389,389.07420814479656
1,57,389,389.03438914027157
1,58,389,388.95565610859745
1,59,389,388.91764705882355
1,60,389,388.92941176470595
1,61,389,389.00000000000006
1,62,389,389.00000000000006
1,63,389,389.00000000000006
1,64,389,389.00000000000006
1,65,389,389.00000000000006
1,66,389,389.00000000000006
1,67,389,389.00000000000006
1,68,389,389.00000000000006
1,69,389,389.00000000000006
1,70,389,389.00000000000006
1,71,389,389.00000000000006
1,72,389,389.00000000000006
1,73,389,389.00000000000006
1,74,389,389.00000000000006
1,75,389,389.00000000000006
1,76,389,389.07058823529417
1,77,389,389.0823529411767
1,78,389,388.97375565610866
1,79,389,388.95384615384626
1,80,389,388.8932126696833
1,81,389,388.7303167420816
1,82,389,388.60361990950236
1,83,388,388.58371040724
1,84,388,388.5411764705884
1,85,389,388.41447963800914
1,86,388,388.34208144796384
1,87,388,388.3945701357467
1,88,389,388.4425339366517
1,89,389,388.42443438914046
1,90,388,388.47873303167444
1,91,388,388.5375565610861
1,92,389,388.5330316742083
1,93,389,388.60361990950236
1,94,388,388.5493212669683
1,95,388,388.5113122171947
1,96,389,388.3574660633485
1,97,389,388.2941176470589
1,98,388,388.18280542986435
1,99,388,388.0850678733032
1,100,388,388.1303167420815
1,101,388,388.24796380090504
1,102,387,388.3701357466065
1,103,389,388.42895927601813
1,104,389,388.4923076923079
1,105,389,388.62805429864267
1,106,389,388.7683257918554
1,107,389,388.8452488687784
1,108,389,388.7882352941178
1,109,388,388.7266968325793
1,110,388,388.58371040723995
1,111,389,388.5592760180997
1,112,389,388.5212669683259
1,113,388,388.4787330316742
1,114,388,388.3701357466065
1,115,389,388.3339366515838
1,116,389,388.44072398190065
1,117,388,388.42262443438926
1,118,388,388.2796380090499
1,119,388,388.2796380090498
1,120,388,388.35203619909515
1,121,389,388.28778280542997
1,122,389,388.27782805429865
1,123,388,388.4425339366517
1,124,388,388.70226244343905
1,125,389,388.9800904977376
1,126,389,389.1990950226246
1,127,389,389.2796380090498
1,128,390,389.342081447964
1,129,390,389.577375565611
1,130,390,389.77647058823555
1,131,390,389.7303167420816
1,132,389,389.6298642533938
1,133,389,389.6660633484164
1,134,390,389.62986425339375
1,135,390,389.52126696832585
1,136,389,389.40814479638016
1,137,389,389.2877828054301
1,138,390,389.28959276018116
1,139,390,389.4045248868779
1,140,389,389.48506787330336
1,141,389,389.51312217194584
1,142,389,389.73846153846165
1,143,390,390.2135746606336
1,144,391,390.523076923077
1,145,391,390.6579185520363
1,146,391,390.94751131221733
1,147,391,391.1828054298643
1,148,392,391.1547511312219
1,149,392,391.05429864253404
1,150,390,390.9339366515839
1,151,390,390.78461538461545
1,152,391,390.67420814479647
1,153,390,390.5411764705884
1,154,390,390.3945701357468
1,155,391,390.2434389140272
1,156,391,390.23529411764724
1,157,390,390.3176470588235
1,158,390,390.1610859728508
1,159,390,390.0361990950227
1,160,390,390.14298642533936
1,161,390,390.1429864253396
1,162,390,390.0361990950227
1,163,390,390.0904977375567
1,164,390,390.23529411764713
1,165,391,390.33212669683274
1,166,391,390.44253393665167
1,167,390,390.5574660633484
1,168,390,390.6678733031675
1,169,391,390.76470588235304
1,170,391,390.8389140271495
1,171,391,390.881447963801
1,172,391,390.8832579185521
1,173,391,390.97375565610884
1,174,391,391.08235294117657
1,175,391,391.0705882352943
1,176,391,391.0000000000001
1,177,391,391.0000000000001
1,178,391,391.0000000000001
1,179,391,391.0000000000001
1,180,391,391.0000000000001
1,181,391,391.0000000000001
1,182,391,391.0000000000001
1,183,391,391.0000000000001
1,184,391,391.0000000000001
1,185,391,391.0000000000001
1,186,391,391.0000000000001
1,187,391,391.0000000000001
1,188,391,391.0000000000001
1,189,391,391.0000000000001
1,190,391,391.0000000000001
1,191,391,391.0000000000001
1,192,391,391.0000000000001
1,193,391,391.0000000000001
1,194,391,391.0000000000001
1,195,391,391.0000000000001
1,196,391,391.0000000000001
1,197,391,391.0000000000001
1,198,391,391.0000000000001
1,199,391,391.0000000000001
1,200,391,391.0705882352943
1,201,391,391.08235294117657
1,202,391,390.97375565610866
1,203,391,390.88325791855203
1,204,391,390.8108597285069
1,205,391,390.756561085973
1,206,391,390.7203619909503
1,207,390,390.702262443439
1,208,390,390.7728506787331
1,209,391,390.7321266968328
1,210,391,390.7185520361992
1,211,391,390.7321266968328
1,212,391,390.77285067873316
1,213,391,390.8407239819005
1,214,391,390.935746606335
1,215,390,390.9194570135748
1,216,391,390.85339366515853
1,217,391,390.9375565610861
1,218,391,390.97194570135764
1,219,391,390.89502262443455
1,220,391,390.8452488687784
1,221,391,390.8932126696834
1,222,391,390.90950226244365
1,223,391,390.76470588235304
1,224,390,390.66787330316754
1,225,390,390.4868778280543
1,226,391,390.3601809954752
1,227,391,390.358371040724
1,228,390,390.35203619909504
1,229,390,390.35022624434396
1,230,390,390.36199095022647
1,231,390,390.3963800904978
1,232,391,390.39457013574656
1,233,391,390.2977375565613
1,234,390,390.18280542986435
1,235,390,390.12669683257946
1,236,390,390.0000000000001
1,237,390,389.8733031674209
1,238,390,389.74660633484166
1,239,389,389.61990950226254
1,240,389,389.6316742081449
1,241,390,389.7203619909503
1,242,390,389.7565610859729
1,243,390,389.81085972850695
1,244,390,389.95384615384626
1,245,390,390.0561085972852
1,246,390,390.0561085972852
1,247,390,389.9538461538463
1,248,390,389.81085972850695
1,249,390,389.7193982488098
1,250,390,389.61638361638353
1,251,389,389.51792651792664
1,252,389,389.46037296037315
1,253,390,389.5109557109558
1,254,390,389.7575757575749
1,255,390,390.1666666666665
1,256,390,389.6497737556563
1,257,389,389.4588235294118
1,258,389,389.23348416289593
1,259,389,389.0624434389141
1,260,389,388.9638009049775
1,261,389,388.95565610859745
1,262,389,388.91764705882355
1,263,389,389.00000000000006
1,264,389,389.0823529411767
1,265,389,388.97375565610866
1,266,389,388.88325791855215
1,267,389,388.881447963801
1,268,389,388.8389140271494
1,269,389,388.694117647059
1,270,388,388.6561085972851
1,271,388,388.5954751131223
1,272,389,388.52126696832596
1,273,389,388.4425339366516
1,274,388,388.2977375565612
1,275,388,388.2253393665159
1,276,389,388.2959276018101
1,277,388,388.38009049773774
1,278,388,388.34841628959293
1,279,388,388.2714932126698
1,280,388,388.2877828054301
1,281,389,388.335746606335
1,282,389,388.2859728506789
1,283,388,388.2090497737557
1,284,388,388.24343891402725
1,285,388,388.1891402714934
1,286,388,388.116742081448
1,287,388,388.02624434389156
1,288,388,387.91764705882366
1,289,388,387.929411764706
1,290,388,388.0000000000001
1,291,388,388.0000000000001
1,292,388,388.0000000000001
1,293,388,388.0000000000001
1,294,388,388.0000000000001
1,295,388,387.9294117647059
1,296,388,387.9176470588237
1,297,388,388.02624434389145
1,298,388,388.11674208144797
1,299,388,388.1891402714934
1,300,388,388.24343891402725
1,301,388,388.27963800904996
1,302,389,388.2977375565611
1,303,389,388.2271493212671
1,304,388,388.1972850678734
1,305,388,388.19909502262453
1,306,388,388.2235294117647
1,307,388,388.2615384615386
1,308,388,388.30407239819016
1,309,388,388.34208144796384
1,310,389,388.5049773755657
1,311,389,388.7221719457015
1,312,389,388.85520361990956
1,313,389,388.9656108597286
1,314,389,389.04434389140283
1,315,389,389.0823529411767
1,316,389,389.00000000000006
1,317,389,388.91764705882355
1,318,389,388.9556561085974
1,319,389,389.0343891402716
1,320,389,389.2153846153848
1,321,389,389.36018099547516
1,322,389,389.4687782805432
1,323,390,389.54117647058825
1,324,390,389.577375565611
1,325,390,389.577375565611
1,326,390,389.54117647058837
1,327,389,389.4687782805432
1,328,389,389.36018099547516
1,329,389,389.2153846153847
1,330,389,389.03438914027157
1,331,389,388.88506787330317
1,332,389,388.83529411764715
1,333,389,388.9556561085974
1,334,389,389.1167420814481
1,335,389,389.1185520361992
1,336,389,389.1610859728508
1,337,389,389.23529411764724
1,338,390,389.3321266968327
1,339,390,389.4425339366518
1,340,389,389.6280542986426
1,341,389,389.75022624434405
1,342,390,390.0914027149323
1,343,390,390.1339366515838
1,344,390,389.9140271493213
1,345,390,389.3972850678735
1,346,390,388.88778280543005
1,347,389,388.13936651583714
1,348,389,387.4380090497739
1,349,385,386.8542986425341
1,350,385,386.4561085972852
1,351,385,386.31131221719465
1,352,386,386.34932126696845
1,353,386,386.69954751131235
1,354,389,387.42352941176483
1,355,389,388.2443438914027
1,356,389,389.2235294117648
1,357,390,389.79819004524904
1,358,390,390.2054298642536
1,359,391,390.4000000000001
1,360,391,390.404524886878
1,361,390,390.24162895927617
1,362,390,390.35203619909515
1,363,390,390.3764705882354
1,364,390,390.3058823529414
1,365,390,390.26968325791864
1,366,390,390.1266968325792
1,367,391,390.1447963800906
1,368,391,390.32398190045257
1,369,390,390.3257918552038
1,370,390,390.35022624434384
1,371,390,390.38823529411775
1,372,390,390.4307692307693
1,373,391,390.53936651583723
1,374,391,390.5755656108599
1,375,390,390.60723981900463
1,376,391,390.702262443439
1,377,391,390.7221719457016
1,378,391,390.72850678733045
1,379,391,390.71221719457026
1,380,390,390.66425339366526
1,381,390,390.7846153846155
1,382,391,390.8733031674209
1,383,391,390.7303167420816
1,384,391,390.69411764705904
1,385,391,390.69411764705904
1,386,391,390.7303167420815
1,387,391,390.80271493212683
1,388,390,390.77285067873316
1,389,390,390.702262443439
1,390,391,390.7203619909504
1,391,391,390.6859728506788
1,392,391,390.79909502262467
1,393,391,390.9212669683259
1,394,391,390.9819004524888
1,395,391,391.1104072398191
1,396,391,391.2298642533937
1,397,391,391.26334841628966
1,398,392,391.34027149321275
1,399,391,391.39004524886894
1,400,391,391.412669683258
1,401,392,391.4081447963802
1,402,392,391.37647058823546
1,403,391,391.3176470588236
1,404,391,391.2316742081449
1,405,391,391.1185520361993
1,406,391,391.1167420814481
1,407,391,391.02624434389156
1,408,391,390.9176470588236
1,409,391,390.929411764706
1,410,391,391.0000000000001
1,411,391,391.0000000000001
1,412,391,391.0000000000001
1,413,391,391.0000000000001
1,414,391,391.0000000000001
1,415,391,391.0000000000001
1,416,391,391.0000000000001
1,417,391,391.0000000000001
1,418,391,391.0000000000001
1,419,391,391.0000000000001
1,420,391,391.0000000000001
1,421,391,391.0000000000001
1,422,391,391.0000000000001
1,423,391,391.0000000000001
1,424,391,391.0000000000001
1,425,391,391.0705882352943
1,426,391,391.08235294117657
1,427,391,390.97375565610866
1,428,391,390.88325791855203
1,429,391,390.881447963801
1,430,391,390.8389140271495
1,431,391,390.69411764705893
1,432,390,390.5855203619911
1,433,390,390.5131221719458
1,434,391,390.4769230769233
1,435,391,390.47692307692313
1,436,390,390.5837104072399
1,437,390,390.6678733031675
1,438,391,390.73846153846165
1,439,391,390.80452488687786
1,440,391,390.8072398190047
1,441,391,390.68778280542995
1,442,391,390.5936651583713
1,443,390,390.47239819004534
1,444,390,390.2036199095023
1,445,390,389.8669683257919
1,446,390,389.60995475113134
1,447,389,389.3800904977376
1,448,389,389.1954751131223
1,449,389,389.07420814479656
1,450,389,389.03438914027157
1,451,389,388.95565610859745
1,452,389,388.91764705882355
1,453,389,388.92941176470595
1,454,389,389.00000000000006
1,455,389,389.00000000000006
1,456,389,389.00000000000006
1,457,389,389.00000000000006
1,458,389,389.00000000000006
1,459,389,389.00000000000006
1,460,389,389.00000000000006
1,461,389,389.00000000000006
1,462,389,389.00000000000006
1,463,389,389.00000000000006
1,464,389,389.00000000000006
1,465,389,388.9294117647059
1,466,389,388.91764705882355
1,467,389,389.0262443438915
1,468,389,389.1167420814481
1,469,389,389.1185520361992
1,470,389,389.1610859728508
1,471,389,389.23529411764724
1,472,390,389.3321266968327
1,473,390,389.4425339366518
1,474,389,389.55746606334856
1,475,389,389.6678733031676
1,476,390,389.7647058823531
1,477,390,389.8389140271495
1,478,390,389.88144796380107
1,479,390,389.88325791855203
1,480,390,390.04434389140283
1,481,390,390.164705882353
1,482,390,390.0443438914029
1,483,390,389.88325791855215
1,484,390,389.88144796380107
1,485,390,389.83891402714954
1,486,390,389.76470588235304
1,487,389,389.6678733031675
1,488,389,389.5574660633485
1,489,390,389.44253393665184
1,490,390,389.3321266968327
1,491,389,389.23529411764724
1,492,389,389.1610859728508
1,493,389,389.1185520361993
1,494,389,389.11674208144814
1,495,389,389.0968325791856
1,496,389,389.00000000000006
1,497,389,388.97375565610866
1,498,389,388.9656108597286
1,499,389,388.8552036199096
1,500,389,388.7221719457014
1,501,389,388.50497737556566
1,502,388,388.34208144796395
1,503,388,388.23348416289605
1,504,388,388.17918552036207
1,505,388,388.1318681318679
1,506,388,388.1888111888111
1,507,388,388.38505938505926
1,508,389,388.68881118881137
1,509,389,388.888344988345
1,510,389,389.07575757575677
1,511,389,388.9545454545454
1,512,389,389.3375565610861
1,513,389,389.006334841629
1,514,388,388.685972850679
1,515,388,388.53574660633495
1,516,389,388.44434389140287
1,517,389,388.43891402714945
1,518,388,388.40814479638027
1,519,388,388.3701357466065
1,520,389,388.3339366515838
1,521,389,388.37013574660654
1,522,388,388.34027149321275
1,523,388,388.3058823529413
1,524,388,388.39638009049776
1,525,388,388.5411764705883
1,526,389,388.6018099547512
1,527,389,388.639819004525
1,528,389,388.78461538461545
1,529,389,388.9656108597286
1,530,389,388.97375565610866
1,531,389,389.00000000000006
1,532,389,389.02624434389156
1,533,389,389.0343891402716
1,534,389,389.1447963800906
1,535,389,389.27782805429877
1,536,389,389.42443438914034
1,537,390,389.57556561086
1,538,390,389.72217194570146
1,539,390,389.8552036199096
1,540,390,389.9656108597286
1,541,390,390.04434389140283
1,542,390,390.08235294117657
1,543,390,390.0705882352942
1,544,390,390.0000000000001
1,545,390,390.0000000000001
1,546,390,390.35294117647067
1,547,390,390.41176470588243
1,548,390,390.1511312217196
1,549,390,389.74570135746615
1,550,390,389.23167420814497
1,551,390,388.64524886877837
1,552,390,388.0226244343892
1,553,385,387.32941176470615
1,554,385,386.73122171945715
1,555,386,386.25520361990976
1,556,386,385.8579185520363
1,557,386,385.69592760180996
1,558,386,385.8579185520362
1,559,386,386.2325791855204
1,560,387,386.7764705882354
1,561,387,386.95384615384614
1,562,387,387.0199095022625
1,563,388,387.2153846153846
1,564,388,387.44253393665167
1,565,387,387.67420814479647
1,566,387,387.8832579185521
1,567,388,388.0425339366516
1,568,388,388.1927601809956
1,569,389,388.3746606334843
1,570,389,388.5610859728508
1,571,389,388.8633484162897
1,572,389,389.12217194570155
1,573,389,389.31040723981914
1,574,389,389.4624434389142
1,575,390,389.68054298642545
1,576,390,389.8669683257919
1,577,390,390.1330316742084
1,578,390,390.390045248869
1,579,391,390.61990950226254
1,580,391,390.8045248868779
1,581,391,390.92579185520384
1,582,391,390.9656108597286
1,583,391,390.97375565610884
1,584,391,391.0000000000001
1,585,391,391.0968325791856
1,586,391,391.116742081448
1,587,391,391.1891402714933
1,588,391,391.24343891402725
1,589,391,391.3502262443439
1,590,392,391.3800904977377
1,591,392,391.2714932126698
1,592,391,391.1628959276019
1,593,391,391.0542986425341
1,594,391,390.9457013574661
1,595,391,390.9076923076924
1,596,390,390.8108597285069
1,597,390,390.59366515837127
1,598,391,390.5330316742083
1,599,391,390.56742081447976
1,600,391,390.5674208144797
1,601,391,390.60361990950236
1,602,390,390.67601809954766
1,603,390,390.7846153846155
1,604,391,390.7909502262445
1,605,391,390.756561085973
1,606,391,390.8108597285069
1,607,391,390.8832579185521
1,608,391,390.90316742081455
1,609,391,391.0000000000001
1,610,391,391.02624434389156
1,611,391,391.0343891402715
1,612,391,391.2153846153847
1,613,391,391.3601809954752
1,614,391,391.4687782805431
1,615,392,391.54117647058825
1,616,392,391.57737556561096
1,617,392,391.57737556561096
1,618,392,391.54117647058825
1,619,391,391.4687782805431
1,620,391,391.2895927601811
1,621,391,391.2036199095024
1,622,391,391.0723981900454
1,623,391,390.96380090497746
1,624,391,390.9457013574661
1,625,391,391.08868778280555
1,626,391,391.26334841628966
1,627,392,391.2696832579186
1,628,391,391.30769230769243
1,629,391,391.36832579185534
1,630,392,391.4425339366517
1,631,392,391.59185520362
1,632,391,391.67782805429874
1,633,391,391.62986425339375
1,634,392,391.57737556561096
1,635,392,391.7203619909504
1,636,392,391.7203619909503
1,637,392,391.57737556561096
1,638,391,391.5592760180997
1,639,391,391.5954751131223
1,640,392,391.5475113122173
1,641,392,391.47692307692324
1,642,391,391.51312217194584
1,643,391,391.58552036199103
1,644,392,391.69411764705893
1,645,392,391.9095022624437
1,646,392,391.9638009049775
1,647,392,391.92760180995487
1,648,392,391.93936651583715
1,649,392,391.93755656108607
1,650,392,391.7927601809955
1,651,392,391.5755656108598
1,652,391,391.3538461538463
1,653,391,391.19547511312226
1,654,391,391.17104072398206
1,655,391,391.1511312217195
1,656,391,391.1447963800906
1,657,391,391.16108597285086
1,658,391,391.2090497737558
1,659,392,391.2977375565612
1,660,392,391.2977375565612
1,661,391,391.35022624434407
1,662,391,391.3257918552037
1,663,391,391.162895927602
1,664,391,391.0000000000001
1,665,391,390.9076923076924
1,666,391,390.756561085973
1,667,391,390.694117647059
1,668,390,390.66787330316754
1,669,390,390.55746606334856
1,670,391,390.4425339366516
1,671,391,390.4027149321268
1,672,390,390.3176470588237
1,673,390,390.27601809954757
1,674,390,390.16651583710416
1,675,390,389.9457013574662
1,676,390,389.6316742081449
1,677,390,389.30407239819016
1,678,389,389.1104072398191
1,679,389,388.99819004524903
1,680,388,388.84705882352955
1,681,388,388.73665158371045
1,682,389,388.67601809954755
1,683,389,388.6742081447965
1,684,389,388.74027149321284
1,685,389,388.9538461538463
1,686,389,388.985520361991
1,687,389,389.0443438914028
1,688,389,389.0624434389141
1,689,389,388.9719457013576
1,690,389,388.9113122171946
1,691,389,388.8190045248869
1,692,388,388.7040723981902
1,693,389,388.5755656108599
1,694,389,388.37194570135756
1,695,388,388.23167420814485
1,696,388,388.22533936651604
1,697,388,388.22352941176484
1,698,388,388.2352941176472
1,699,388,388.2696832579186
1,700,388,388.1266968325793
1,701,389,388.1447963800905
1,702,389,388.2533936651585
1,703,388,388.3140271493214
1,704,388,388.4588235294118
1,705,388,388.5493212669684
1,706,388,388.5855203619911
1,707,389,388.4968325791856
1,708,389,388.41266968325806
1,709,389,388.4624434389142
1,710,389,388.57556561085977
1,711,388,388.6135746606336
1,712,388,388.63800904977387
1,713,388,388.71040723981906
1,714,389,388.69230769230785
1,715,389,388.65158371040735
1,716,389,388.65610859728514
1,717,389,388.70588235294133
1,718,389,388.8009049773756
1,719,389,388.8027149321269
1,720,388,388.7728506787333
1,721,388,388.70226244343905
1,722,389,388.7203619909505
1,723,389,388.6859728506788
1,724,389,388.72850678733045
1,725,389,388.90950226244365
1,726,389,389.0199095022625
1,727,389,389.18914027149333
1,728,389,389.2696832579187
1,729,389,389.31402714932136
1,730,390,389.5131221719457
1,731,390,389.6579185520363
1,732,389,389.6778280542987
1,733,390,389.702262443439
1,734,390,389.72217194570146
1,735,390,389.7285067873304
1,736,390,389.71221719457026
1,737,389,389.6642533936652
1,738,389,389.71402714932134
1,739,390,389.79095022624443
1,740,390,389.7565610859729
1,741,390,389.81085972850695
1,742,390,389.88325791855203
1,743,390,389.9737556561086
1,744,390,390.08235294117657
1,745,390,390.0705882352942
1,746,390,389.9294117647059
1,747,390,389.91764705882366
1,748,390,389.95565610859734
1,749,390,390.0343891402716
1,750,390,390.2153846153848
1,751,390,390.36018099547516
1,752,390,390.2570135746608
1,753,391,390.2941176470589
1,754,391,390.4443438914028
1,755,391,390.7511312217195
1,756,391,391.05791855203626
1,757,390,391.48778280543
1,758,390,391.7638009049775
1,759,393,391.8859728506788
1,760,393,391.78371040723994
1,761,393,391.8541458541457
1,762,392,391.77222777222767
1,763,392,391.4077034077034
1,764,390,390.6095571095574
1,765,390,389.825407925408
1,766,390,390.04040404040325
1,767,391,391.01515151515144
1,768,391,390.57918552036205
1,769,391,390.67420814479635
1,770,391,390.8371040723983
1,771,391,391.0000000000001
1,772,391,391.09230769230777
1,773,391,391.24343891402725
1,774,391,391.30588235294124
1,775,392,391.33212669683263
1,776,392,391.4425339366517
1,777,391,391.5574660633485
1,778,391,391.73846153846165
1,779,392,391.8470588235295
1,780,392,391.8126696832581
1,781,392,391.7647058823531
1,782,392,391.69411764705893
1,783,392,391.7303167420815
1,784,392,391.8027149321269
1,785,391,391.77285067873316
1,786,391,391.70226244343905
1,787,392,391.72036199095027
1,788,392,391.7565610859731
1,789,392,391.7402714932128
1,790,392,391.8009049773757
1,791,392,391.929411764706
1,792,392,392.1167420814481
1,793,392,392.21538461538483
1,794,392,392.2778280542987
1,795,392,392.49502262443445
1,796,393,392.6579185520364
1,797,393,392.69592760181
1,798,393,392.7384615384616
1,799,393,392.7764705882354
1,800,393,392.80090497737564
1,801,393,392.8027149321267
1,802,392,392.8434389140272
1,803,392,392.7846153846155
1,804,393,392.76470588235316
1,805,393,392.72217194570146
1,806,393,392.7366515837105
1,807,393,392.6877828054299
1,808,393,392.52307692307704
1,809,392,392.3900452488688
1,810,392,392.2298642533939
1,811,392,391.9837104072399
1,812,392,391.7990950226245
1,813,391,391.6235294117649
1,814,391,391.4751131221721
1,815,392,391.37194570135745
1,816,392,391.4027149321268
1,817,391,391.3176470588236
1,818,391,391.1348416289594
1,819,391,391.00180995475125
1,820,391,390.9276018099549
1,821,391,390.7828054298643
1,822,391,390.6380090497738
1,823,390,390.63167420814483
1,824,390,390.702262443439
1,825,391,390.7203619909504
1,826,391,390.8271493212671
1,827,391,390.8932126696834
1,828,391,390.927601809955
1,829,391,390.93936651583726
1,830,391,390.9375565610861
1,831,391,390.8633484162897
1,832,391,390.65791855203634
1,833,390,390.398190045249
1,834,390,390.16108597285074
1,835,390,390.02624434389156
1,836,390,389.8733031674209
1,837,390,389.6497737556562
1,838,389,389.5031674208146
1,839,389,389.51312217194584
1,840,390,389.5592760180997
1,841,390,389.4506787330317
1,842,389,389.3963800904978
1,843,389,389.3963800904978
1,844,390,389.4506787330318
1,845,390,389.6298642533938
1,846,389,389.6660633484164
1,847,389,389.6298642533938
1,848,390,389.7303167420815
1,849,390,389.7764705882354
1,850,390,389.57737556561096
1,851,390,389.34208144796384
1,852,389,389.20904977375574
1,853,389,389.11674208144797
1,854,389,388.93574660633493
1,855,388,388.7366515837105
1,856,388,388.72850678733045
1,857,389,388.7203619909503
1,858,389,388.73031674208147
1,859,389,388.77647058823544
1,860,389,388.8796380090498
1,861,389,388.86063348416303
1,862,389,388.8171945701358
1,863,388,388.50859728506805
1,864,388,387.9619909502265
1,865,388,387.47239819004534
1,866,388,387.2081447963801
1,867,386,386.80814479638025
1,868,386,386.25610859728516
1,869,385,385.73574660633494
1,870,385,385.3628959276019
1,871,386,384.9149321266969
1,872,386,384.5782805429865
1,873,383,384.2687782805431
1,874,383,384.0407239819006
1,875,384,383.67149321266976
1,876,384,383.3384615384617
1,877,383,383.00995475113143
1,878,383,382.654298642534
1,879,382,382.446153846154
1,880,382,382.36018099547516
1,881,382,382.02624434389156
1,882,382,381.6742081447965
1,883,382,381.5312217194572
1,884,381,381.42443438914034
1,885,381,381.18099547511326
1,886,381,381.0280542986427
1,887,381,380.84524886877847
1,888,381,380.71221719457026
1,889,381,380.6380090497739
1,890,380,380.6316742081449
1,891,380,380.7728506787331
1,892,381,380.80271493212683
1,893,381,380.7303167420815
1,894,381,380.69411764705893
1,895,381,380.69411764705893
1,896,381,380.7303167420815
1,897,381,380.7321266968327
1,898,380,380.6904977375567
1,899,380,380.6579185520363
1,900,381,380.7547511312219
1,901,381,380.9013574660634
1,902,381,381.0886877828055
1,903,381,381.30769230769243
1,904,382,381.5493212669685
1,905,382,381.80452488687797
1,906,382,381.78461538461545
1,907,382,381.80090497737564
1,908,382,381.9556561085974
1,909,382,382.15113122171954
1,910,382,382.28959276018116
1,911,382,382.4733031674209
1,912,382,382.80452488687797
1,913,384,383.1855203619911
1,914,384,383.5185520361992
1,915,384,383.90588235294126
1,916,384,384.31131221719465
1,917,385,384.6986425339367
1,918,385,384.96108597285075
1,919,385,385.1918552036201
1,920,385,385.3457013574663
1,921,386,385.5837104072399
1,922,386,385.86696832579196
1,923,386,386.08868778280555
1,924,386,386.3420814479639
1,925,387,386.7203619909504
1,926,387,387.11674208144814
1,927,387,387.35384615384623
1,928,388,387.65429864253406
1,929,388,388.17285067873314
1,930,389,388.6642533936652
1,931,389,388.95113122171966
1,932,389,389.25610859728516
1,933,389,389.7339366515837
1,934,391,390.1393665158371
1,935,391,390.2950226244346
1,936,390,390.56199095022635
1,937,390,390.7538461538463
1,938,392,391.0226244343892
1,939,392,391.3819004524887
1,940,391,391.77737556561095
1,941,391,392.1547511312218
1,942,393,392.66606334841634
1,943,393,393.2633484162896
1,944,394,393.6923076923078
1,945,395,394.09864253393675
1,946,395,394.7665158371042
1,947,395,395.3800904977377
1,948,395,395.694117647059
1,949,396,395.86334841628974
1,950,396,396.18099547511326
1,951,397,396.34027149321287
1,952,397,396.3819004524888
1,953,396,396.4850678733033
1,954,396,396.5610859728507
1,955,397,396.66244343891424
1,956,397,396.64162895927615
1,957,396,396.6986425339368
1,958,396,396.6334841628961
1,959,397,396.59366515837115
1,960,397,396.45610859728527
1,961,397,396.0886877828055
1,962,396,395.8208144796381
1,963,396,395.77285067873305
1,964,395,395.8651583710409
1,965,395,396.02081447963815
1,966,395,396.1628959276019
1,967,396,396.35022624434396
1,968,398,396.6416289592761
1,969,398,397.0986425339368
1,970,398,397.44434389140275
1,971,398,397.66968325791873
1,972,397,397.756561085973
1,973,397,397.7484162895929
1,974,398,397.61809954751135
1,975,398,397.47692307692313
1,976,397,397.5131221719457
1,977,397,397.5855203619911
1,978,398,397.694117647059
1,979,398,397.9800904977377
1,980,398,398.04615384615386
1,981,398,397.9719457013575
1,982,398,397.9049773755657
1,983,398,397.8633484162897
1,984,398,397.5972850678734
1,985,398,397.19547511312237
1,986,396,396.8144796380092
1,987,396,396.4108597285069
1,988,396,396.08235294117657
1,989,396,395.72669683257925
1,990,395,395.3800904977376
1,991,395,395.07873303167435
1,992,395,395.00000000000006
1,993,395,394.9212669683259
1,994,395,394.4787330316743
1,995,394,394.108597285068
1,996,394,394.0407239819005
1,997,394,393.9049773755658
1,998,394,393.466968325792
1,999,392,393.0923076923078
1,1000,392,392.94027149321283
1,1001,394,392.77013574660646
1,1002,394,392.6886877828055
1,1003,391,392.4642533936654
1,1004,391,392.2742081447965
1,1005,393,392.025339366516
1,1006,393,391.6923076923078
1,1007,391,391.1728506787331
1,1008,391,390.76742081447975
1,1009,390,390.51221719457027
1,1010,390,390.39095022624434
1,1011,389,389.91312217194576
1,1012,389,389.32669683257933
1,1013,390,389.0859728506788
1,1014,390,388.84524886877836
1,1015,388,388.3294117647059
1,1016,388,387.86334841628957
1,1017,387,387.3099841335131
1,1018,387,386.6903096903096
1,1019,387,386.053169053169
1,1020,385,385.7027972027974
1,1021,385,385.5701631701632
1,1022,386,385.4696969696963
1,1023,386,386.1666666666666
1,1024,385,387.0009049773757
1,1025,385,385.97285067873327
1,1026,384,384.9873303167422
1,1027,384,384.24886877828067
1,1028,384,383.6914027149322
1,1029,384,383.45791855203623
1,1030,383,383.3529411764708
1,1031,383,383.5900452488688
1,1032,384,383.4199095022625
1,1033,384,383.23167420814497
1,1034,383,382.9230769230769
1,1035,383,382.59185520362007
1,1036,382,382.26515837104085
1,1037,382,381.9701357466064
1,1038,381,381.6660633484163
1,1039,381,381.3122171945703
1,1040,381,381.00361990950233
1,1041,381,380.83529411764704
1,1042,381,380.69592760181007
1,1043,381,380.67420814479647
1,1044,381,380.72036199095027
1,1045,380,380.7846153846155
1,1046,380,380.67601809954755
1,1047,381,380.6036199095024
1,1048,381,380.49683257918565
1,1049,381,380.4850678733032
1,1050,381,380.5592760180997
1,1051,380,380.7104072398191
1,1052,380,380.85882352941184
1,1053,381,380.9864253393667
1,1054,381,381.0660633484163
1,1055,382,381.3384615384617
1,1056,382,381.70588235294133
1,1057,382,382.07058823529417
1,1058,382,382.5348416289594
1,1059,383,382.9239819004526
1,1060,383,383.26334841628966
1,1061,384,383.50497737556583
1,1062,384,383.80090497737575
1,1063,384,384.3058823529411
1,1064,385,384.7746606334843
1,1065,385,385.0298642533937
1,1066,385,385.2941176470589
1,1067,385,385.7221719457014
1,1068,387,386.06877828054303
1,1069,387,386.29502262443447
1,1070,386,386.56199095022635
1,1071,386,386.7538461538461
1,1072,388,387.0932126696834
1,1073,388,387.39366515837116
1,1074,387,387.7393665158373
1,1075,387,388.0760180995477
1,1076,389,388.6262443438915
1,1077,389,389.0714932126698
1,1078,390,389.42533936651597
1,1079,390,389.8244343891405
1,1080,391,390.543891402715
1,1081,391,391.2588235294118
1,1082,391,391.6443438914028
1,1083,391,391.9755656108598
1,1084,393,392.5276018099549
1,1085,394,392.97556561085975
1,1086,394,393.342081447964
1,1087,393,393.6497737556562
1,1088,393,393.99185520362005
1,1089,395,394.2615384615385
1,1090,395,394.3520361990951
1,1091,394,394.35656108597294
1,1092,394,394.57737556561096
1,1093,395,394.8552036199096
1,1094,395,394.9692307692308
1,1095,395,395.03076923076947
1,1096,395,395.07420814479644
1,1097,396,395.34027149321287
1,1098,396,395.6696832579188
1,1099,395,395.83529411764715
1,1100,395,396.0099547511313
1,1101,397,396.2959276018101
1,1102,397,396.5954751131224
1,1103,397,396.881447963801
1,1104,397,397.1266968325793
1,1105,397,397.44253393665167
1,1106,398,397.74027149321273
1,1107,398,397.8633484162896
1,1108,398,397.8552036199097
1,1109,398,397.9656108597286
1,1110,398,398.0443438914028
1,1111,398,398.0823529411766
1,1112,398,398.0705882352943
1,1113,398,398.0705882352943
1,1114,398,398.0823529411766
1,1115,398,397.9737556561088
1,1116,398,398.0244343891404
1,1117,398,397.9755656108599
1,1118,398,397.91583710407235
1,1119,398,397.73393665158386
1,1120,397,397.45701357466066
1,1121,397,397.1122171945702
1,1122,398,396.7972850678735
1,1123,396,396.40995475113147
1,1124,396,396.05701357466086
1,1125,395,395.64524886877837
1,1126,395,395.29049773755656
1,1127,395,394.90859728506797
1,1128,395,394.41538461538477
1,1129,394,393.92669683257924
1,1130,394,393.69683257918564
1,1131,393,393.3031674208146
1,1132,393,393.00271493212665
1,1133,392,392.57285067873323
1,1134,392,392.1294117647059
1,1135,392,391.78823529411784
1,1136,392,391.46515837104084
1,1137,391,391.1466063348417
1,1138,391,390.8190045248871
1,1139,390,390.46877828054306
1,1140,390,390.0823529411765
1,1141,390,389.5755656108599
1,1142,389,389.06425339366524
1,1143,389,388.7348416289594
1,1144,388,388.37375565610876
1,1145,388,387.8352941176472
1,1146,387,387.37375565610876
1,1147,387,387.03710407239834
1,1148,387,386.67330316742095
1,1149,387,386.33665158371053
1,1150,385,385.9429864253394
1,1151,385,385.67873303167426
1,1152,386,385.32126696832586
1,1153,386,385.05701357466086
1,1154,384,384.6633484162897
1,1155,384,384.2561085972852
1,1156,384,383.88054298642544
1,1157,384,383.65248868778286
1,1158,383,383.210859728507
1,1159,383,382.73303167420835
1,1160,382,382.39366515837116
1,1161,382,381.9556561085974
1,1162,382,381.5755656108598
1,1163,382,381.39457013574673
1,1164,381,381.2714932126697
1,1165,381,381.46515837104084
1,1166,381,382.1013574660634
1,1167,381,382.7058823529413
1,1168,384,383.14932126696834
1,1169,384,383.502262443439
1,1170,384,383.69411764705893
1,1171,386,383.8542986425341
1,1172,386,383.83529411764715
1,1173,382,383.68959276018114
1,1174,382,383.3285067873304
1,1175,382,382.86334841628974
1,1176,382,382.54117647058825
1,1177,383,382.40904977375584
1,1178,383,382.5194570135748
1,1179,383,383.0018099547512
1,1180,383,383.5828054298643
1,1181,384,383.9764705882355
1,1182,384,384.41990950226256
1,1183,386,384.8678733031674
1,1184,386,385.2045248868779
1,1185,385,385.5819004524888
1,1186,385,386.01357466063354
1,1187,387,386.37466063348427
1,1188,387,386.7402714932128
1,1189,387,387.11493212669706
1,1190,387,387.5031674208146
1,1191,388,388.2597285067874
1,1192,389,388.9393665158372
1,1193,389,389.09411764705885
1,1194,390,389.2760180995477
1,1195,390,389.83076923076936
1,1196,391,390.3040723981902
1,1197,391,390.377375565611
1,1198,389,390.53212669683273
1,1199,389,390.9049773755657
1,1200,393,391.3710407239819
1,1201,393,391.743891402715
1,1202,391,392.2461538461539
1,1203,391,392.76199095022633
1,1204,395,393.2434389140272
1,1205,395,393.84253393665176
1,1206,394,394.2986425339368
1,1207,394,394.5511312217195
1,1208,395,395.09049773755675
1,1209,395,395.60723981900463
1,1210,395,395.72669683257936
1,1211,397,395.6742081447965
1,1212,397,395.9493212669684
1,1213,396,396.25158371040743
1,1214,396,396.4244343891404
1,1215,396,396.5113122171947
1,1216,396,396.5529411764707
1,1217,397,396.5900452488688
1,1218,397,396.59547511312235
1,1219,397,396.819004524887
1,1220,397,397.1809954751133
1,1221,397,397.40452488687794
1,1222,397,397.48054298642546
1,1223,398,397.52941176470597
1,1224,398,397.5330316742083
1,1225,398,397.68235294117653
1,1226,398,397.76832579185543
1,1227,397,397.7909502262445
1,1228,397,397.750226244344
1,1229,398,397.646153846154
1,1230,398,397.4787330316743
1,1231,398,397.38642533936667
1,1232,397,397.3076923076924
1,1233,397,397.3221719457014
1,1234,397,397.30950226244346
1,1235,397,397.14932126696834
1,1236,397,396.9212669683258
1,1237,397,396.7728506787331
1,1238,397,396.65158371040735
1,1239,397,396.5755656108599
1,1240,396,396.42443438914034
1,1241,396,396.3484162895928
1,1242,396,396.2271493212671
1,1243,396,396.1493212669685
1,1244,396,396.07420814479644
1,1245,396,395.8995475113123
1,1246,396,395.66153846153856
1,1247,396,395.39638009049787
1,1248,395,395.14298642533953
1,1249,395,394.7402714932128
1,1250,394,394.16289592760194
1,1251,393,393.5855203619911
1,1252,393,393.11493212669694
1,1253,393,392.6579185520363
1,1254,393,392.33031674208166
1,1255,391,392.04796380090517
1,1256,391,391.79728506787336
1,1257,392,391.5647058823531
1,1258,392,391.2660633484164
1,1259,391,390.8787330316743
1,1260,391,390.5800904977377
1,1261,390,390.27692307692314
1,1262,390,390.0144796380091
1,1263,389,389.5610859728507
1,1264,389,389.15565610859744
1,1265,389,388.83438914027164
1,1266,389,388.71312217194594
1,1267,388,388.43981900452496
1,1268,388,388.1393665158373
1,1269,388,387.8687782805431
1,1270,388,387.4850678733033
1,1271,387,386.9131221719459
1,1272,387,386.27782805429877
1,1273,385,385.6373626373623
1,1274,385,384.93306693306687
1,1275,385,384.173493173493
1,1276,383,383.5314685314688
1,1277,383,383.1132867132867
1,1278,383,382.8686868686859
1,1279,383,382.9696969696969
1,1280,382,385.4696832579187
1,1281,382,384.2570135746608
1,1282,382,383.1140271493214
1,1283,382,382.19276018099555
1,1284,382,381.57466063348437
1,1285,382,381.3411764705883
1,1286,382,381.4352941176471
1,1287,382,382.0000000000002
1,1288,382,382.0000000000002
1,1289,382,382.0000000000002
1,1290,382,381.929411764706
1,1291,382,381.91764705882366
1,1292,382,381.95565610859745
1,1293,382,382.03438914027174
1,1294,382,382.14479638009055
1,1295,382,382.2778280542987
1,1296,382,382.2832579185521
1,1297,383,382.41085972850686
1,1298,383,382.7040723981901
1,1299,383,383.0063348416291
1,1300,383,383.29954751131237
1,1301,383,383.5656108597286
1,1302,383,383.7158371040725
1,1303,385,383.8615384615386
1,1304,385,383.90497737556575
1,1305,384,384.0868778280544
1,1306,384,384.30950226244363
1,1307,384,384.40452488687794
1,1308,384,384.60361990950236
1,1309,385,384.7203619909503
1,1310,385,384.9683257918553
1,1311,386,385.49049773755655
1,1312,386,386.2298642533937
1,1313,386,386.9230769230771
1,1314,388,387.7067873303168
1,1315,388,388.43800904977394
1,1316,390,389.17375565610865
1,1317,390,389.90045248868796
1,1318,391,390.60452488687787
1,1319,391,391.41357466063357
1,1320,392,392.0552036199096
1,1321,392,392.3248868778282
1,1322,393,392.69502262443456
1,1323,393,392.9610859728508
1,1324,394,393.3366515837105
1,1325,394,393.70588235294133
1,1326,393,394.0325791855205
1,1327,393,394.0778280542988
1,1328,395,394.2823529411766
1,1329,395,394.40995475113135
1,1330,395,394.50135746606344
1,1331,395,394.5972850678735
1,1332,394,394.73846153846165
1,1333,394,394.9656108597286
1,1334,396,395.11312217194586
1,1335,395,395.2153846153847
1,1336,395,395.51312217194584
1,1337,396,395.84705882352955
1,1338,396,396.1990950226246
1,1339,397,396.55113122171946
1,1340,397,396.6760180995476
1,1341,397,396.7466063348417
1,1342,397,397.00361990950245
1,1343,397,397.1493212669684
1,1344,397,397.2271493212672
1,1345,397,397.3484162895928
1,1346,397,397.4244343891404
1,1347,398,397.5755656108598
1,1348,398,397.7221719457015
1,1349,398,397.8552036199097
1,1350,398,397.9656108597286
1,1351,398,398.0443438914028
1,1352,398,398.15294117647085
1,1353,398,398.1529411764708
1,1354,398,398.04434389140266
1,1355,398,397.9656108597286
1,1356,398,397.85520361990956
1,1357,398,397.7927601809956
1,1358,398,397.6579185520363
1,1359,397,397.75113122171956
1,1360,397,397.57285067873323
1,1361,397,397.177375565611
1,1362,397,396.61900452488703
1,1363,397,395.95203619909506
1,1364,396,395.3013574660634
1,1365,396,394.59185520361996
1,1366,392,394.3809954751133
1,1367,392,393.68778280543
1,1368,392,392.7004524886879
1,1369,392,391.4660633484163
1,1370,392,390.231674208145
1,1371,391,388.7529411764707
1,1372,391,387.6470588235295
1,1373,384,387.0389140271494
1,1374,384,386.42895927601825
1,1375,384,386.18823529411776
1,1376,385,386.2054298642535
1,1377,385,386.50769230769237
1,1378,390,387.12217194570155
1,1379,390,387.9375565610861
1,1380,390,389.04253393665175
1,1381,390,389.4859728506788
1,1382,389,389.7167420814481
1,1383,389,389.68959276018114
1,1384,389,389.4977375565612
1,1385,389,389.03438914027157
1,1386,389,388.95565610859745
1,1387,389,388.91764705882355
1,1388,389,388.92941176470595
1,1389,389,389.00000000000006
1,1390,389,389.07058823529417
1,1391,389,389.0823529411767
1,1392,389,388.97375565610866
1,1393,389,388.88325791855215
1,1394,389,388.81085972850695
1,1395,389,388.75656108597303
1,1396,389,388.7203619909503
1,1397,388,388.70226244343905
1,1398,388,388.7728506787333
1,1399,389,388.8027149321268
1,1400,389,388.7303167420816
1,1401,389,388.69411764705893
1,1402,389,388.7647058823529
1,1403,389,388.812669683258
1,1404,389,388.84705882352966
1,1405,388,388.73846153846154
1,1406,388,388.5574660633485
1,1407,389,388.37194570135756
1,1408,389,388.2497737556561
1,1409,388,388.12036199095036
1,1410,388,388.1131221719458
1,1411,388,388.3601809954753
1,1412,388,388.59366515837115
1,1413,388,388.6135746606336
1,1414,389,388.61990950226266
1,1415,389,388.742081447964
1,1416,390,388.9095022624436
1,1417,390,389.0542986425341
1,1418,388,389.108597285068
1,1419,388,388.93122171945714
1,1420,389,388.7809954751132
1,1421,389,388.639819004525
1,1422,389,388.6280542986427
1,1423,389,388.66606334841634
1,1424,388,388.8832579185522
1,1425,388,389.2090497737558
1,1426,390,389.2959276018101
1,1427,390,389.39638009049787
1,1428,390,389.6923076923078
1,1429,390,389.9656108597286
1,1430,390,390.1366515837105
1,1431,390,390.32579185520376
1,1432,390,390.3764705882354
1,1433,391,390.33212669683274
1,1434,391,390.44253393665167
1,1435,390,390.5574660633484
1,1436,390,390.5972850678734
1,1437,391,390.6823529411765
1,1438,391,390.79457013574677
1,1439,391,390.9158371040725
1,1440,391,391.0280542986428
1,1441,391,391.2515837104074
1,1442,391,391.50678733031685
1,1443,392,391.6461538461539
1,1444,392,391.72217194570163
1,1445,392,391.85520361990956
1,1446,392,391.96561085972866
1,1447,392,392.04434389140283
1,1448,392,392.08235294117657
1,1449,392,392.0705882352942
1,1450,392,391.99999999999994
1,1451,392,391.99999999999994
1,1452,392,391.99999999999994
1,1453,392,391.92941176470606
1,1454,392,391.9176470588237
1,1455,392,391.95565610859745
1,1456,392,392.03438914027157
1,1457,392,392.1447963800906
1,1458,392,392.2778280542987
1,1459,392,392.42443438914046
1,1460,393,392.5755656108599
1,1461,393,392.7221719457015
1,1462,393,392.8552036199095
1,1463,393,393.03619909502277
1,1464,393,393.1266968325793
1,1465,393,393.05610859728506
1,1466,393,392.9538461538462
1,1467,393,392.81085972850695
1,1468,393,392.7565610859729
1,1469,393,392.7203619909503
1,1470,392,392.7728506787333
1,1471,392,392.7846153846155
1,1472,393,392.76470588235316
1,1473,393,392.72217194570146
1,1474,393,392.6660633484164
1,1475,393,392.60542986425355
1,1476,393,392.5493212669684
1,1477,392,392.50678733031685
1,1478,392,392.34841628959276
1,1479,392,392.14479638009055
1,1480,392,392.1049773755658
1,1481,392,392.03800904977385
1,1482,392,391.8914027149322
1,1483,392,391.81266968325815
1,1484,392,391.88144796380107
1,1485,392,391.83891402714937
1,1486,392,391.7647058823531
1,1487,391,391.6678733031675
1,1488,391,391.5574660633485
1,1489,392,391.44253393665167
1,1490,392,391.33212669683274
1,1491,391,391.3058823529413
1,1492,391,391.2434389140272
1,1493,391,391.16289592760194
1,1494,391,391.08235294117657
1,1495,391,390.8108597285069
1,1496,391,390.5574660633484
1,1497,391,390.5312217194571
1,1498,390,390.54117647058837
1,1499,390,390.46696832579187
1,1500,390,390.38823529411775
1,1501,390,390.3846153846155
1,1502,391,390.3357466063349
1,1503,391,390.25972850678755
1,1504,390,390.17466063348434
1,1505,390,390.09864253393675
1,1506,390,389.9113122171947
1,1507,390,389.6217194570137
1,1508,389,389.36832579185534
1,1509,389,389.22171945701365
1,1510,389,389.19095022624447
1,1511,389,389.29411764705895
1,1512,389,389.2814479638011
1,1513,389,389.1710407239821
1,1514,390,389.11040723981915
1,1515,390,389.1085972850681
1,1516,389,389.03619909502277
1,1517,389,388.9638009049774
1,1518,388,388.89140271493227
1,1519,388,388.81900452488696
1,1520,389,388.7466063348418
1,1521,389,388.6742081447965
1,1522,389,388.74027149321284
1,1523,389,388.88325791855215
1,1524,389,388.97375565610866
1,1525,389,389.0823529411767
1,1526,389,389.07058823529417
1,1527,389,389.00000000000006
1,1528,389,389.00000000000006
1,1529,389,388.9999999999998
1,1530,389,388.99999999999994
1,1531,389,389.0
1,1532,389,389.00000000000034
1,1533,389,389.0000000000001
1,1534,389,388.9999999999991
1,1535,389,389.0
1,1536,389,389.61538461538464
1,1537,389,389.5013574660634
1,1538,389,389.34389140271503
1,1539,389,389.1610859728507
1,1540,390,389.1004524886879
1,1541,390,389.17104072398206
1,1542,389,389.24343891402725
1,1543,389,389.45882352941186
1,1544,389,389.54932126696843
1,1545,389,389.5149321266969
1,1546,390,389.48506787330336
1,1547,390,389.45067873303185
1,1548,390,389.5411764705885
1,1549,390,389.756561085973
1,1550,389,389.82895927601817
1,1551,389,389.6877828054299
1,1552,390,389.59185520362007
1,1553,390,389.5936651583711
1,1554,390,389.68416289592767
1,1555,390,389.7221719457014
1,1556,389,389.9076923076924
1,1557,389,390.1022624434389
1,1558,391,390.1674208144798
1,1559,391,390.16470588235313
1,1560,390,390.2235294117648
1,1561,390,390.27330316742103
1,1562,391,390.2434389140272
1,1563,390,390.26334841628966
1,1564,390,390.18552036199117
1,1565,390,390.06244343891416
1,1566,390,390.22352941176484
1,1567,390,390.39819004524907
1,1568,390,390.4570135746607
1,1569,391,390.4000000000001
1,1570,391,390.49502262443445
1,1571,391,390.46244343891414
1,1572,391,390.49321266968326
1,1573,390,390.5692307692308
1,1574,390,390.74298642533944
1,1575,390,390.8669683257919
1,1576,391,390.93212669683265
1,1577,391,391.06787330316746
1,1578,392,391.27420814479655
1,1579,392,391.4217194570137
1,1580,392,391.5777751660103
1,1581,391,391.49850149850135
1,1582,391,391.22777222777205
1,1583,391,390.88927738927777
1,1584,391,390.4939393939395
1,1585,390,390.29797979797905
1,1586,390,389.8939393939394
2,0,391,387.60452488687787
2,1,391,388.77737556561095
2,2,391,389.8416289592761
2,3,391,390.72488687782817
2,4,391,391.3547511312218
2,5,391,391.6588235294119
2,6,391,391.5647058823531
2,7,391,391.0000000000001
2,8,391,391.0000000000001
2,9,391,391.0000000000001
2,10,391,391.0000000000001
2,11,391,391.0000000000001
2,12,391,391.0000000000001
2,13,391,391.0000000000001
2,14,391,391.0000000000001
2,15,391,391.0000000000001
2,16,391,391.0000000000001
2,17,391,391.0000000000001
2,18,391,391.0000000000001
2,19,391,391.0000000000001
2,20,391,391.0000000000001
2,21,391,391.0000000000001
2,22,391,391.0000000000001
2,23,391,391.0000000000001
2,24,391,390.929411764706
2,25,391,390.9882352941178
2,26,391,391.03800904977385
2,27,391,391.07873303167423
2,28,391,391.11040723981915
2,29,391,391.06244343891416
2,30,391,391.0642533936653
2,31,392,391.1067873303167
2,32,391,391.18099547511326
2,33,391,391.2778280542988
2,34,391,391.38823529411775
2,35,391,391.5031674208145
2,36,392,391.61357466063356
2,37,392,391.7104072398191
2,38,392,391.78461538461556
2,39,392,391.96561085972866
2,40,392,391.8325791855205
2,41,392,391.83529411764727
2,42,392,391.9375565610862
2,43,392,392.1031674208147
2,44,392,392.43438914027155
2,45,392,393.0452488687783
2,46,392,393.5203619909504
2,47,395,393.7891402714933
2,48,395,394.05158371040733
2,49,395,394.1692307692309
2,50,395,394.1420814479639
2,51,395,393.97013574660645
2,52,392,393.65339366515843
2,53,392,393.1918552036199
2,54,393,392.585520361991
2,55,392,392.24977375565624
2,56,392,392.0000000000001
2,57,392,391.8633484162897
2,58,392,391.8669683257919
2,59,392,392.03800904977396
2,60,392,391.9882352941177
2,61,392,391.92941176470595
2,62,392,391.99999999999994
2,63,392,391.99999999999994
2,64,392,391.99999999999994
2,65,392,391.99999999999994
2,66,392,391.92941176470606
2,67,392,391.9176470588237
2,68,392,392.0262443438915
2,69,392,392.1167420814481
2,70,392,392.1891402714934
2,71,392,392.2434389140273
2,72,392,392.2796380090499
2,73,393,392.29773755656134
2,74,393,392.2977375565611
2,75,392,392.350226244344
2,76,392,392.3257918552037
2,77,392,392.162895927602
2,78,392,392.0000000000001
2,79,392,391.9076923076924
2,80,392,391.7565610859731
2,81,392,391.69411764705893
2,82,391,391.6678733031675
2,83,391,391.5574660633485
2,84,392,391.44253393665167
2,85,392,391.33212669683274
2,86,391,391.2352941176471
2,87,391,391.0904977375567
2,88,391,391.10678733031693
2,89,391,391.15475113122176
2,90,391,391.1049773755657
2,91,391,391.02805429864264
2,92,391,391.0624434389142
2,93,391,391.1466063348417
2,94,392,391.1511312217196
2,95,391,391.1466063348418
2,96,391,391.20361990950244
2,97,391,391.19276018099555
2,98,391,391.12307692307706
2,99,391,391.00361990950233
2,100,391,390.77285067873316
2,101,391,390.5692307692308
2,102,391,390.6018099547512
2,103,390,390.54117647058837
2,104,390,390.39638009049776
2,105,390,390.3058823529413
2,106,390,390.3402714932128
2,107,391,390.3701357466065
2,108,391,390.4045248868779
2,109,390,390.45248868778293
2,110,390,390.52307692307704
2,111,391,390.4868778280545
2,112,391,390.41447963800914
2,113,390,390.3058823529414
2,114,390,390.1610859728507
2,115,390,390.18914027149333
2,116,390,390.1990950226245
2,117,390,390.07058823529417
2,118,390,389.88325791855215
2,119,390,389.78461538461556
2,120,390,389.7221719457014
2,121,390,389.5755656108599
2,122,389,389.4244343891404
2,123,389,389.27782805429877
2,124,389,389.1447963800906
2,125,389,389.03438914027157
2,126,389,388.95565610859745
2,127,389,388.91764705882355
2,128,389,388.92941176470595
2,129,389,389.00000000000006
2,130,389,389.00000000000006
2,131,389,389.00000000000006
2,132,389,389.00000000000006
2,133,389,389.00000000000006
2,134,389,389.00000000000006
2,135,389,389.00000000000006
2,136,389,389.00000000000006
2,137,389,389.00000000000006
2,138,389,389.00000000000006
2,139,389,389.00000000000006
2,140,389,389.00000000000006
2,141,389,389.00000000000006
2,142,389,389.00000000000006
2,143,389,389.00000000000006
2,144,389,389.07058823529417
2,145,389,389.0823529411767
2,146,389,388.97375565610866
2,147,389,388.88325791855215
2,148,389,388.81085972850695
2,149,389,388.75656108597303
2,150,389,388.7203619909503
2,151,388,388.70226244343905
2,152,388,388.70226244343905
2,153,389,388.7203619909505
2,154,389,388.756561085973
2,155,389,388.88144796380107
2,156,389,388.9656108597286
2,157,389,389.01809954751127
2,158,389,389.04796380090505
2,159,389,388.9257918552037
2,160,389,388.7221719457014
2,161,389,388.646153846154
2,162,388,388.50678733031685
2,163,388,388.2515837104073
2,164,388,388.02805429864264
2,165,388,387.8452488687785
2,166,388,387.71221719457026
2,167,388,387.63800904977387
2,168,387,387.63167420814494
2,169,387,387.70226244343905
2,170,388,387.7203619909504
2,171,388,387.756561085973
2,172,388,387.74027149321284
2,173,388,387.80090497737564
2,174,388,387.92941176470583
2,175,388,388.1167420814481
2,176,388,388.2153846153847
2,177,388,388.2778280542988
2,178,388,388.42443438914034
2,179,389,388.5755656108599
2,180,389,388.6515837104073
2,181,389,388.772850678733
2,182,389,388.99185520362
2,183,389,389.16108597285086
2,184,389,389.27149321266967
2,185,389,389.31402714932136
2,186,389,389.3502262443441
2,187,390,389.38009049773774
2,188,390,389.2714932126698
2,189,389,389.16289592760194
2,190,389,389.05429864253404
2,191,389,388.94570135746613
2,192,389,388.90769230769246
2,193,388,388.7402714932129
2,194,388,388.58190045248875
2,195,389,388.571040723982
2,196,389,388.646153846154
2,197,389,388.67782805429863
2,198,389,388.7366515837104
2,199,388,388.8226244343891
2,200,389,388.93574660633493
2,201,389,389.0081447963802
2,202,389,388.9719457013576
2,203,389,388.9656108597287
2,204,389,388.92760180995487
2,205,389,388.79638009049773
2,206,389,388.71040723981906
2,207,389,388.53122171945705
2,208,388,388.4588235294118
2,209,388,388.4932126696834
2,210,388,388.50497737556566
2,211,388,388.4325791855205
2,212,389,388.41447963800914
2,213,389,388.45067873303185
2,214,389,388.47058823529414
2,215,389,388.60361990950236
2,216,388,388.7728506787331
2,217,388,388.9013574660635
2,218,389,388.98009049773765
2,219,389,389.00000000000006
2,220,389,389.09049773755663
2,221,390,389.1809954751131
2,222,390,389.342081447964
2,223,389,389.4443438914029
2,224,389,389.2171945701358
2,225,389,388.99004524886885
2,226,389,388.883257918552
2,227,389,388.8171945701358
2,228,389,388.85339366515836
2,229,388,388.99185520361993
2,230,388,389.17104072398195
2,231,390,389.26153846153863
2,232,390,389.2633484162897
2,233,390,389.30588235294124
2,234,390,389.4506787330318
2,235,389,389.55927601809964
2,236,389,389.56108597285066
2,237,389,389.44705882352946
2,238,389,389.2696832579187
2,239,390,389.28778280542997
2,240,390,389.3601809954753
2,241,389,389.4162895927602
2,242,389,389.58552036199103
2,243,390,389.79095022624455
2,244,390,389.95565610859745
2,245,390,389.7882352941177
2,246,390,389.79728506787336
2,247,390,390.0760180995477
2,248,391,390.58823529411774
2,249,391,390.9109713815595
2,250,390,391.33666333666315
2,251,390,391.9406149406149
2,252,394,392.6491841491844
2,253,394,393.37365967365974
2,254,394,393.84848484848413
2,255,393,392.95454545454544
2,256,393,387.9330316742083
2,257,391,389.18733031674213
2,258,391,390.2968325791856
2,259,391,391.18914027149333
2,260,391,391.72126696832584
2,261,392,392.02081447963815
2,262,392,391.8769230769232
2,263,391,391.1466063348418
2,264,391,391.2714932126698
2,265,391,391.34841628959276
2,266,391,391.3800904977376
2,267,392,391.3665158371043
2,268,391,391.3076923076924
2,269,391,391.2714932126698
2,270,392,391.32579185520376
2,271,392,391.33212669683263
2,272,391,391.3520361990951
2,273,391,391.37647058823546
2,274,391,391.39638009049776
2,275,391,391.5411764705884
2,276,392,391.60180995475133
2,277,392,391.5692307692309
2,278,392,391.70226244343905
2,279,392,391.99185520361993
2,280,392,392.16108597285074
2,281,392,392.3420814479639
2,282,392,392.3963800904977
2,283,392,392.32398190045257
2,284,393,392.2633484162897
2,285,393,392.1529411764705
2,286,392,392.00180995475125
2,287,392,391.81900452488696
2,288,391,391.5429864253395
2,289,391,391.3122171945702
2,290,391,391.1266968325793
2,291,391,390.98642533936663
2,292,391,391.10045248868784
2,293,391,391.2778280542988
2,294,391,391.39819004524895
2,295,392,391.54117647058825
2,296,392,391.50678733031685
2,297,392,391.49502262443445
2,298,392,391.49683257918565
2,299,391,391.50316742081463
2,300,391,391.50497737556583
2,301,391,391.49321266968343
2,302,391,391.45882352941186
2,303,392,391.53122171945716
2,304,392,391.42805429864273
2,305,392,391.3963800904978
2,306,392,391.6678733031674
2,307,392,392.05882352941194
2,308,392,392.58552036199103
2,309,392,393.12307692307695
2,310,392,393.7466063348416
2,311,395,394.5312217194571
2,312,397,395.3520361990952
2,313,397,396.1547511312219
2,314,397,396.8850678733032
2,315,397,397.4886877828055
2,316,398,397.9113122171947
2,317,398,398.02805429864264
2,318,398,397.9140271493214
2,319,398,397.99185520361993
2,320,398,398.16108597285086
2,321,398,398.20090497737584
2,322,398,398.3022624434391
2,323,398,398.31764705882375
2,324,399,398.37647058823535
2,325,399,398.40814479638027
2,326,398,398.5538461538463
2,327,398,398.5547511312219
2,328,399,398.358371040724
2,329,398,398.1122171945703
2,330,398,397.8959276018101
2,331,398,397.5891402714933
2,332,398,397.2778280542987
2,333,396,397.0479638009051
2,334,396,396.77918552036215
2,335,397,396.5511312217195
2,336,397,396.5113122171947
2,337,396,396.4687782805432
2,338,396,396.4325791855206
2,339,397,396.6117647058824
2,340,397,396.87692307692316
2,341,397,397.0307692307694
2,342,397,397.0760180995476
2,343,397,397.0805429864254
2,344,397,397.1122171945702
2,345,398,397.1737556561087
2,346,397,397.0678733031675
2,347,397,396.9420814479639
2,348,396,396.7438914027151
2,349,396,396.4208144796381
2,350,397,396.12036199095024
2,351,397,395.92217194570145
2,352,395,395.70588235294116
2,353,395,395.6280542986427
2,354,395,395.50678733031685
2,355,395,395.4307692307693
2,356,396,395.27963800904985
2,357,396,395.13303167420827
2,358,395,395.1384615384617
2,359,395,395.3140271493214
2,360,395,395.2714932126697
2,361,395,395.0904977375566
2,362,395,394.9095022624435
2,363,395,394.79909502262456
2,364,395,394.7683257918553
2,365,395,394.7647058823531
2,366,394,394.66787330316754
2,367,394,394.55746606334856
2,368,395,394.44253393665167
2,369,395,394.33212669683263
2,370,394,394.30588235294135
2,371,394,394.2434389140273
2,372,394,394.09230769230777
2,373,394,394.00000000000006
2,374,394,393.9076923076923
2,375,394,393.756561085973
2,376,394,393.76470588235304
2,377,393,393.75022624434405
2,378,393,393.6018099547513
2,379,394,393.4081447963802
2,380,394,393.32850678733047
2,381,393,393.12217194570144
2,382,393,392.82533936651583
2,383,392,392.4742081447965
2,384,392,392.10497737556574
2,385,392,391.5447963800906
2,386,392,391.0208144796381
2,387,390,390.9013574660634
2,388,390,390.7547511312217
2,389,390,390.3556561085974
2,390,390,390.0787330316744
2,391,390,389.95384615384626
2,392,391,389.81085972850695
2,393,391,389.54479638009065
2,394,388,389.4506787330318
2,395,388,389.4108597285068
2,396,390,389.30769230769243
2,397,390,389.0886877828056
2,398,388,388.90135746606353
2,399,388,388.8253393665159
2,400,390,388.8787330316743
2,401,390,389.08868778280555
2,402,388,388.9375565610861
2,403,388,388.646153846154
2,404,389,388.5004524886879
2,405,389,388.52760180995483
2,406,388,388.21900452488705
2,407,388,387.7429864253394
2,408,387,387.40361990950237
2,409,387,387.1755656108599
2,410,387,386.6271493212669
2,411,387,386.06515837104087
2,412,385,385.7257918552036
2,413,385,385.44524886877855
2,414,385,385.05972850678745
2,415,385,384.8054298642536
2,416,384,384.571040723982
2,417,385,384.4452488687785
2,418,385,384.3755656108598
2,419,384,384.50950226244356
2,420,384,384.64977375565616
2,421,385,384.7990950226245
2,422,385,384.95746606334853
2,423,385,385.12488687782815
2,424,385,385.2334841628961
2,425,386,385.3538461538462
2,426,386,385.4950226244344
2,427,385,385.398190045249
2,428,385,385.0723981900454
2,429,385,384.7945701357466
2,430,385,384.5737556561087
2,431,384,384.2895927601812
2,432,384,383.9601809954752
2,433,383,383.8126696832582
2,434,383,383.6742081447965
2,435,384,383.4425339366517
2,436,384,383.2153846153847
2,437,383,383.0199095022625
2,438,383,382.88325791855215
2,439,383,382.694117647059
2,440,382,382.54117647058825
2,441,382,382.3746606334843
2,442,382,382.1447963800906
2,443,382,381.93755656108607
2,444,382,381.83891402714937
2,445,382,381.7285067873305
2,446,382,381.68597285067887
2,447,382,381.7203619909504
2,448,381,381.63167420814483
2,449,381,381.61990950226266
2,450,382,381.39366515837116
2,451,382,381.46153846153857
2,452,382,381.7782805429865
2,453,382,382.2280542986427
2,454,382,382.8950226244345
2,455,383,383.93665158371056
2,456,383,384.77194570135765
2,457,387,385.50588235294134
2,458,387,386.11131221719467
2,459,387,386.57013574660647
2,460,388,386.7348416289594
2,461,388,386.52579185520364
2,462,385,386.0633484162898
2,463,385,385.5384615384616
2,464,384,384.6009049773756
2,465,384,384.06334841628967
2,466,383,383.6615384615386
2,467,383,383.41357466063357
2,468,384,383.2642533936652
2,469,384,383.558371040724
2,470,383,383.9511312217196
2,471,385,384.49773755656116
2,472,385,384.90045248868785
2,473,385,385.4615384615386
2,474,385,385.9266968325793
2,475,388,386.44162895927616
2,476,388,387.01085972850694
2,477,387,387.63891402714944
2,478,387,387.98280542986436
2,479,389,388.5764705882353
2,480,389,389.20633484162903
2,481,390,389.8000000000001
2,482,390,390.07330316742093
2,483,391,390.75746606334855
2,484,391,391.7800904977376
2,485,393,392.33031674208155
2,486,393,392.8126696832581
2,487,393,393.5638009049774
2,488,393,394.12036199095036
2,489,396,394.36380090497744
2,490,396,394.5755656108597
2,491,393,395.0425339366517
2,492,396,395.25158371040726
2,493,396,395.2407239819005
2,494,394,395.24796380090504
2,495,394,395.3076923076924
2,496,397,395.254298642534
2,497,397,395.47601809954756
2,498,394,395.7610859728508
2,499,394,395.6235294117648
2,500,397,395.79276018099546
2,501,397,396.04796380090505
2,502,396,396.1031674208147
2,503,396,396.07239819004525
2,504,396,396.343891402715
2,505,396,396.6512311218191
2,506,397,396.6513486513485
2,507,397,396.82317682317665
2,508,397,397.0967365967368
2,509,397,397.14895104895106
2,510,397,397.09090909090816
2,511,397,396.9696969696968
2,512,398,391.5773755656109
2,513,398,393.735746606335
2,514,399,395.77013574660646
2,515,397,397.41538461538465
2,516,397,398.54479638009053
2,517,398,399.031674208145
2,518,398,398.8904977375567
2,519,398,397.73574660633494
2,520,398,397.535746606335
2,521,397,397.2588235294118
2,522,397,397.0705882352943
2,523,397,396.6597285067874
2,524,397,396.185520361991
2,525,395,395.80452488687786
2,526,395,395.473303167421
2,527,395,395.219004524887
2,528,395,395.0687782805431
2,529,395,394.9819004524888
2,530,395,394.9176470588237
2,531,395,394.9031674208146
2,532,395,394.96561085972866
2,533,395,394.85520361990956
2,534,395,394.72217194570146
2,535,395,394.646153846154
2,536,394,394.5067873303168
2,537,394,394.32217194570137
2,538,394,394.11040723981904
2,539,394,393.8895927601811
2,540,394,393.67782805429863
2,541,394,393.5638009049774
2,542,393,393.4361990950227
2,543,393,393.4633484162897
2,544,393,393.27511312217206
2,545,393,393.04886877828056
2,546,393,392.69140271493234
2,547,393,392.2479638009051
2,548,392,391.8343891402716
2,549,392,391.3665158371042
2,550,390,390.8307692307693
2,551,390,390.21357466063347
2,552,389,389.7104072398191
2,553,389,389.11674208144814
2,554,389,388.50497737556566
2,555,388,387.9475113122173
2,556,388,387.44886877828066
2,557,387,387.01357466063354
2,558,387,386.4371040723983
2,559,385,385.9149321266969
2,560,385,385.4334841628961
2,561,385,384.97918552036214
2,562,385,384.67692307692323
2,563,384,384.31312217194574
2,564,384,384.01266968325797
2,565,384,383.6914027149323
2,566,384,383.46515837104084
2,567,383,383.10226244343903
2,568,383,382.7710407239821
2,569,382,382.49864253393673
2,570,382,382.3122171945702
2,571,382,382.10045248868784
2,572,382,381.9520361990951
2,573,382,381.88506787330334
2,574,382,381.9176470588237
2,575,382,381.929411764706
2,576,382,382.0000000000002
2,577,382,382.0000000000002
2,578,382,382.0000000000002
2,579,382,382.0705882352942
2,580,382,382.0823529411765
2,581,382,381.9737556561088
2,582,382,381.88325791855226
2,583,382,381.81085972850695
2,584,382,381.7565610859729
2,585,382,381.79095022624455
2,586,381,381.78461538461545
2,587,381,381.7466063348418
2,588,382,381.68597285067875
2,589,382,381.5411764705884
2,590,382,381.4506787330318
2,591,382,381.48506787330325
2,592,381,381.514932126697
2,593,381,381.54932126696855
2,594,381,381.458823529412
2,595,381,381.3140271493213
2,596,382,381.11221719457035
2,597,382,381.0506787330317
2,598,381,381.1203619909504
2,599,381,381.3122171945702
2,600,381,381.4081447963802
2,601,381,381.5900452488688
2,602,381,381.7601809954752
2,603,383,382.02081447963803
2,604,383,382.40361990950237
2,605,383,382.9402714932127
2,606,383,383.3855203619909
2,607,384,383.894117647059
2,608,384,384.34117647058827
2,609,385,384.8018099547512
2,610,385,385.14208144796396
2,611,386,385.7049773755657
2,612,386,386.2244343891404
2,613,387,386.7755656108598
2,614,387,387.36561085972863
2,615,388,387.9402714932127
2,616,388,388.24253393665174
2,617,389,388.62443438914033
2,618,389,388.96108597285087
2,619,390,389.1954751131223
2,620,390,389.4705882352942
2,621,389,389.79095022624443
2,622,389,390.1610859728508
2,623,391,390.7266968325793
2,624,391,391.23348416289593
2,625,391,391.7040723981902
2,626,393,392.1610859728508
2,627,393,392.6977375565611
2,628,394,393.20723981900466
2,629,394,393.3737556561087
2,630,393,393.48144796380103
2,631,393,393.8850678733032
2,632,394,394.13936651583725
2,633,394,394.07601809954764
2,634,394,394.2036199095024
2,635,394,394.4244343891404
2,636,396,394.6497737556563
2,637,396,394.92941176470595
2,638,394,395.1067873303169
2,639,394,395.2253393665159
2,640,396,395.32579185520376
2,641,396,395.44886877828066
2,642,395,395.4968325791857
2,643,396,395.57194570135755
2,644,396,395.91493212669695
2,645,396,396.36651583710426
2,646,396,396.56108597285083
2,647,397,396.73303167420823
2,648,397,397.1846153846155
2,649,398,397.6180995475115
2,650,398,397.80633484162905
2,651,398,398.0606334841631
2,652,398,398.3538461538463
2,653,399,398.52941176470614
2,654,399,398.85158371040734
2,655,398,398.92307692307713
2,656,398,398.7004524886879
2,657,399,398.27873303167445
2,658,399,397.7529411764708
2,659,398,396.8678733031676
2,660,398,396.16832579185547
2,661,394,395.78371040723994
2,662,394,395.64343891402723
2,663,394,395.67963800904994
2,664,395,395.8244343891403
2,665,395,396.1457013574662
2,666,399,396.7113122171947
2,667,399,397.45339366515844
2,668,399,398.30407239819027
2,669,399,398.7095022624437
2,670,398,398.9158371040726
2,671,398,398.81628959276014
2,672,399,398.6425339366518
2,673,399,398.35837104072414
2,674,398,398.35203619909515
2,675,398,398.35022624434407
2,676,398,398.4325791855205
2,677,398,398.4787330316743
2,678,399,398.36832579185534
2,679,399,398.18099547511326
2,680,398,397.99366515837124
2,681,398,397.88325791855215
2,682,398,397.8615384615386
2,683,397,397.7402714932128
2,684,397,397.5375565610861
2,685,397,397.27149321266984
2,686,397,397.2398190045249
2,687,398,397.1402714932128
2,688,398,396.73846153846176
2,689,396,396.4000000000001
2,690,396,396.3547511312219
2,691,396,396.09411764705885
2,692,396,395.5131221719458
2,693,394,395.0361990950227
2,694,394,394.8135746606336
2,695,396,394.73393665158375
2,696,396,394.6923076923078
2,697,393,394.647963800905
2,698,393,394.6217194570136
2,699,396,394.702262443439
2,700,396,394.7782805429865
2,701,394,394.6705882352942
2,702,394,394.4000000000002
2,703,395,394.2615384615385
2,704,394,394.15022624434397
2,705,394,393.61628959276027
2,706,393,393.0099547511314
2,707,393,392.9583710407242
2,708,392,392.8886877828055
2,709,392,392.5076923076924
2,710,392,392.1221719457014
2,711,392,392.0389140271493
2,712,393,391.8262443438915
2,713,393,391.4588235294118
2,714,390,391.24343891402725
2,715,390,391.0099547511313
2,716,391,390.5855203619911
2,717,391,390.19728506787345
2,718,389,390.07511312217207
2,719,389,389.84886877828063
2,720,391,389.702262443439
2,721,389,389.6190045248869
2,722,389,389.30859728506806
2,723,390,388.88054298642544
2,724,390,388.4389140271495
2,725,387,388.08778280543004
2,726,387,387.7276018099549
2,727,387,387.25882352941187
2,728,387,386.9945701357467
2,729,386,386.5710407239819
2,730,386,386.16561085972853
2,731,387,385.95294117647074
2,732,387,385.9076923076924
2,733,385,385.7303167420816
2,734,385,385.5212669683259
2,735,385,385.3076923076924
2,736,385,385.1167420814481
2,737,385,384.9076923076925
2,738,385,384.6398190045249
2,739,385,384.5493212669685
2,740,384,384.47239819004545
2,741,384,384.177375565611
2,742,384,383.8325791855206
2,743,384,383.535746606335
2,744,383,383.18461538461554
2,745,383,382.8153846153847
2,746,382,382.4642533936652
2,747,382,382.1674208144797
2,748,382,381.82262443438924
2,749,382,381.5276018099549
2,750,381,381.3095022624436
2,751,381,381.19547511312226
2,752,381,381.0742081447965
2,753,381,381.0343891402715
2,754,381,380.9556561085974
2,755,381,380.8470588235295
2,756,381,380.91764705882355
2,757,381,381.0380090497739
2,758,381,381.0081447963802
2,759,381,381.02805429864264
2,760,381,381.0886877828055
2,761,381,381.15525650819734
2,762,382,381.24575424575414
2,763,381,381.3617493617493
2,764,381,381.50116550116564
2,765,382,381.65990675990685
2,766,382,381.8484848484841
2,767,382,382.1363636363636
2,768,382,382.7339366515837
2,769,383,382.8054298642536
2,770,383,382.9674208144797
2,771,383,383.20180995475124
2,772,383,383.4904977375566
2,773,384,383.81538461538486
2,774,384,384.22895927601814
2,775,385,384.5837104072399
2,776,385,384.52036199095033
2,777,385,384.6180995475115
2,778,385,384.7701357466064
2,779,385,384.86968325791867
2,780,385,385.0099547511314
2,781,384,385.2135746606336
2,782,384,385.50316742081463
2,783,387,385.9719457013576
2,784,387,386.5131221719458
2,785,387,387.0199095022625
2,786,388,387.58552036199103
2,787,388,388.02352941176486
2,788,389,388.5475113122173
2,789,389,388.95565610859734
2,790,389,389.24615384615396
2,791,389,389.7619909502263
2,792,390,390.24615384615396
2,793,390,390.4416289592761
2,794,392,390.8298642533938
2,795,392,391.27692307692314
2,796,392,391.7873303167422
2,797,392,392.36561085972863
2,798,392,392.94841628959296
2,799,392,393.4723981900454
2,800,395,393.9420814479639
2,801,395,394.36199095022636
2,802,395,394.9457013574662
2,803,396,395.5067873303169
2,804,396,396.2117647058824
2,805,396,396.62714932126715
2,806,396,396.7348416289595
2,807,397,396.51674208144806
2,808,397,396.3701357466064
2,809,397,396.09230769230777
2,810,397,395.6923076923078
2,811,394,395.3176470588235
2,812,394,394.9864253393667
2,813,394,394.58733031674217
2,814,394,394.1475113122173
2,815,394,393.83257918552044
2,816,394,393.6081447963802
2,817,394,393.5104072398191
2,818,394,393.5755656108599
2,819,393,393.42443438914046
2,820,393,393.3484162895929
2,821,393,393.227149321267
2,822,393,393.0787330316744
2,823,393,392.92126696832594
2,824,393,392.7022624434389
2,825,393,392.63981900452495
2,826,393,392.6135746606337
2,827,392,392.5737556561088
2,828,392,392.47058823529426
2,829,392,392.3221719457014
2,830,392,392.1466063348418
2,831,393,391.96199095022627
2,832,392,391.7864253393666
2,833,392,391.708597285068
2,834,391,391.61719457013584
2,835,391,391.4009049773758
2,836,391,391.14841628959294
2,837,391,390.87782805429873
2,838,391,390.6072398190047
2,839,391,390.4932126696834
2,840,390,390.35384615384623
2,841,390,390.2778280542987
2,842,390,390.1447963800906
2,843,390,390.03438914027157
2,844,390,389.9556561085972
2,845,390,389.91764705882366
2,846,390,389.929411764706
2,847,390,390.0000000000001
2,848,390,390.0705882352942
2,849,390,390.0823529411765
2,850,390,390.0443438914029
2,851,390,389.96561085972854
2,852,390,389.7846153846156
2,853,390,389.6398190045249
2,854,390,389.6018099547513
2,855,389,389.5411764705883
2,856,389,389.4669683257919
2,857,389,389.3882352941177
2,858,389,389.31402714932125
2,859,390,389.60633484162906
2,860,390,389.62714932126704
2,861,389,389.50135746606344
2,862,389,389.1538461538464
2,863,389,388.0859728506788
2,864,389,387.1990950226246
2,865,389,386.56380090497737
2,866,384,386.0506787330317
2,867,384,385.8072398190046
2,868,383,385.78099547511323
2,869,383,385.78099547511323
2,870,389,386.01628959276036
2,871,389,386.55746606334856
2,872,388,387.275113122172
2,873,388,388.17828054298656
2,874,388,388.58371040723995
2,875,388,388.80814479638013
2,876,389,388.67692307692323
2,877,389,388.2153846153848
2,878,388,388.2090497737557
2,879,388,388.24343891402725
2,880,388,388.1891402714934
2,881,388,388.046153846154
2,882,388,387.94389140271505
2,883,388,387.94389140271517
2,884,388,388.0461538461539
2,885,388,388.1891402714934
2,886,388,388.17285067873314
2,887,388,388.19728506787334
2,888,389,388.2533936651584
2,889,389,388.33212669683274
2,890,388,388.42443438914034
2,891,388,388.52126696832585
2,892,388,388.61357466063356
2,893,389,388.6923076923078
2,894,389,388.74841628959285
2,895,389,388.77285067873305
2,896,389,388.89502262443443
2,897,389,389.04434389140283
2,898,389,389.0117647058825
2,899,389,388.98823529411766
2,900,389,389.0262443438915
2,901,389,389.1167420814481
2,902,389,389.1891402714934
2,903,389,389.24343891402725
2,904,389,389.2796380090498
2,905,390,389.29773755656123
2,906,390,389.2271493212671
2,907,389,389.19728506787334
2,908,389,389.2696832579187
2,909,389,389.3058823529413
2,910,389,389.2352941176472
2,911,389,389.1873303167422
2,912,389,389.1529411764706
2,913,390,389.26153846153863
2,914,390,389.4425339366518
2,915,389,389.55746606334856
2,916,389,389.6678733031676
2,917,390,389.6941176470588
2,918,390,389.756561085973
2,919,390,389.83710407239823
2,920,390,389.91764705882366
2,921,390,390.0479638009051
2,922,390,390.2778280542988
2,923,390,390.5918552036201
2,924,391,390.77466063348425
2,925,391,390.95565610859745
2,926,391,391.0642533936653
2,927,391,390.95927601809956
2,928,392,390.8995475113123
2,929,392,390.93755656108607
2,930,390,390.9257918552037
2,931,390,390.7846153846155
2,932,390,390.77285067873316
2,933,390,390.8814479638011
2,934,392,390.9013574660635
2,935,392,390.9619909502264
2,936,391,391.2633484162897
2,937,391,391.60542986425355
2,938,392,391.7203619909503
2,939,392,391.74027149321284
2,940,391,391.6561085972852
2,941,392,391.45882352941186
2,942,392,391.41628959276034
2,943,391,391.39638009049787
2,944,391,391.19909502262453
2,945,391,391.02443438914037
2,946,391,391.00180995475125
2,947,391,391.06063348416296
2,948,391,391.0624434389141
2,949,391,391.2072398190047
2,950,391,391.42443438914034
2,951,392,391.5755656108599
2,952,392,391.72217194570163
2,953,392,391.85520361990956
2,954,392,391.96561085972866
2,955,392,392.04434389140283
2,956,392,392.08235294117657
2,957,392,392.0705882352942
2,958,392,392.0705882352943
2,959,392,392.0823529411765
2,960,392,391.97375565610866
2,961,392,392.02443438914037
2,962,392,391.9755656108598
2,963,392,391.7746606334842
2,964,392,391.56923076923084
2,965,391,391.36832579185534
2,966,391,391.1809954751132
2,967,392,391.01628959276024
2,968,390,390.8832579185521
2,969,390,390.79095022624443
2,970,391,390.7484162895928
2,971,391,390.7647058823531
2,972,391,390.84886877828063
2,973,391,390.80090497737564
2,974,391,390.82081447963816
2,975,391,391.1791855203622
2,976,391,391.26968325791876
2,977,391,391.16289592760194
2,978,391,391.1266968325793
2,979,391,391.0904977375567
2,980,392,391.0542986425341
2,981,392,391.01809954751144
2,982,390,390.9819004524888
2,983,390,390.94570135746613
2,984,391,390.9095022624436
2,985,391,390.873303167421
2,986,391,390.8371040723983
2,987,391,390.80090497737575
2,988,391,390.97375565610866
2,989,391,391.1647058823531
2,990,391,391.1149321266969
2,991,391,390.96561085972866
2,992,391,390.92579185520367
2,993,391,390.80452488687797
2,994,391,390.54932126696843
2,995,390,390.3076923076924
2,996,390,390.15927601809966
2,997,390,389.98371040723987
2,998,390,389.7285067873304
2,999,389,389.54117647058825
2,1000,389,389.5013574660634
2,1001,390,389.4886877828056
2,1002,390,389.52126696832585
2,1003,389,389.47873303167427
2,1004,389,389.4407239819005
2,1005,390,389.3457013574661
2,1006,390,389.33212669683263
2,1007,389,389.4027149321268
2,1008,389,389.36018099547516
2,1009,389,389.35203619909527
2,1010,389,389.32579185520365
2,1011,389,389.09049773755663
2,1012,390,388.8552036199096
2,1013,390,388.8289592760181
2,1014,388,388.82081447963805
2,1015,388,388.7104072398191
2,1016,388,388.57737556561096
2,1017,388,388.42780748663085
2,1018,389,388.33066933066925
2,1019,389,388.3968253968252
2,1020,388,388.51981351981397
2,1021,388,388.2606060606062
2,1022,388,388.01515151515065
2,1023,388,388.01515151515144
2,1024,387,385.50950226244356
2,1025,387,386.2307692307694
2,1026,388,387.02262443438923
2,1027,388,387.70135746606354
2,1028,388,388.22171945701376
2,1029,388,388.53846153846166
2,1030,388,388.6063348416291
2,1031,389,388.3800904977377
2,1032,389,388.2977375565612
2,1033,388,388.1972850678734
2,1034,388,388.19909502262453
2,1035,388,388.2235294117647
2,1036,388,388.2615384615386
2,1037,388,388.30407239819016
2,1038,388,388.34208144796384
2,1039,389,388.5049773755657
2,1040,389,388.7221719457015
2,1041,389,388.85520361990956
2,1042,389,388.9656108597286
2,1043,389,389.04434389140283
2,1044,389,389.0823529411767
2,1045,389,389.07058823529417
2,1046,389,389.00000000000006
2,1047,389,388.9294117647059
2,1048,389,388.91764705882355
2,1049,389,388.9556561085974
2,1050,389,389.0343891402716
2,1051,389,389.1447963800906
2,1052,389,389.27782805429877
2,1053,389,389.35384615384623
2,1054,390,389.4932126696834
2,1055,390,389.7484162895928
2,1056,390,389.9719457013576
2,1057,390,390.08416289592776
2,1058,390,390.2054298642535
2,1059,390,390.3176470588237
2,1060,391,390.40271493212686
2,1061,391,390.44253393665167
2,1062,390,390.4868778280544
2,1063,390,390.58552036199103
2,1064,391,390.64977375565627
2,1065,391,390.79095022624443
2,1066,391,390.98190045248884
2,1067,391,391.1248868778282
2,1068,391,391.460633484163
2,1069,392,391.9619909502265
2,1070,392,392.3339366515838
2,1071,393,392.69049773755665
2,1072,393,393.0135746606336
2,1073,393,393.2235294117647
2,1074,394,393.3113122171948
2,1075,394,393.2678733031676
2,1076,393,393.0841628959277
2,1077,393,392.889592760181
2,1078,392,392.6135746606337
2,1079,392,392.39457013574673
2,1080,392,392.17104072398206
2,1081,392,391.9520361990951
2,1082,392,391.8850678733033
2,1083,392,391.91764705882366
2,1084,392,391.92941176470595
2,1085,392,391.99999999999994
2,1086,392,391.99999999999994
2,1087,392,391.99999999999994
2,1088,392,391.99999999999994
2,1089,392,391.99999999999994
2,1090,392,391.99999999999994
2,1091,392,391.99999999999994
2,1092,392,391.99999999999994
2,1093,392,391.99999999999994
2,1094,392,392.0705882352943
2,1095,392,392.0823529411765
2,1096,392,392.04434389140283
2,1097,392,391.96561085972866
2,1098,392,391.85520361990956
2,1099,392,391.7221719457015
2,1100,392,391.5755656108598
2,1101,391,391.42443438914034
2,1102,391,391.27782805429877
2,1103,391,391.14479638009067
2,1104,391,391.0343891402716
2,1105,391,391.02624434389156
2,1106,391,391.0000000000001
2,1107,391,390.97375565610884
2,1108,391,390.96561085972866
2,1109,391,390.7846153846155
2,1110,391,390.63981900452507
2,1111,391,390.67239819004544
2,1112,390,390.6235294117648
2,1113,390,390.44072398190053
2,1114,390,390.27149321266984
2,1115,390,390.12488687782826
2,1116,391,390.0099547511312
2,1117,391,390.00633484162904
2,1118,389,389.9936651583711
2,1119,389,389.91945701357486
2,1120,390,389.8633484162897
2,1121,390,389.7665158371042
2,1122,390,389.63800904977376
2,1123,390,389.48687782805433
2,1124,389,389.460633484163
2,1125,389,389.5067873303168
2,1126,390,389.43710407239826
2,1127,389,389.2633484162897
2,1128,389,389.1330316742082
2,1129,389,388.99366515837113
2,1130,389,388.86334841628974
2,1131,389,388.76018099547525
2,1132,389,388.49321266968343
2,1133,388,388.2714932126698
2,1134,388,388.23348416289605
2,1135,388,388.17918552036207
2,1136,388,388.24977375565624
2,1137,388,388.31583710407256
2,1138,388,388.3864253393666
2,1139,389,388.4705882352942
2,1140,389,388.577375565611
2,1141,389,388.5773755656109
2,1142,389,388.54117647058837
2,1143,388,388.4687782805431
2,1144,388,388.3601809954751
2,1145,388,388.1447963800906
2,1146,388,387.9520361990952
2,1147,388,387.9819004524888
2,1148,388,388.0343891402715
2,1149,388,388.047963800905
2,1150,388,388.16108597285086
2,1151,388,388.2352941176472
2,1152,389,388.33212669683274
2,1153,389,388.4425339366517
2,1154,388,388.5574660633485
2,1155,388,388.59728506787343
2,1156,389,388.6823529411766
2,1157,389,388.79457013574665
2,1158,389,388.91583710407247
2,1159,389,389.0280542986426
2,1160,389,389.2515837104074
2,1161,389,389.5067873303169
2,1162,390,389.646153846154
2,1163,390,389.72217194570146
2,1164,390,389.7846153846156
2,1165,390,389.8832579185522
2,1166,390,390.00000000000006
2,1167,390,390.1167420814481
2,1168,390,390.28597285067895
2,1169,390,390.36018099547516
2,1170,390,390.46877828054306
2,1171,391,390.5411764705884
2,1172,391,390.4361990950227
2,1173,391,390.41266968325806
2,1174,391,390.52307692307704
2,1175,390,390.61990950226254
2,1176,390,390.694117647059
2,1177,390,390.73665158371045
2,1178,390,390.6678733031676
2,1179,392,390.7466063348417
2,1180,392,390.89321266968346
2,1181,391,391.09864253393675
2,1182,391,391.35384615384635
2,1183,391,391.5113122171947
2,1184,391,391.55294117647065
2,1185,392,391.5900452488688
2,1186,392,391.6660633484164
2,1187,392,391.90135746606353
2,1188,392,392.15475113122176
2,1189,392,392.2171945701358
2,1190,392,392.27963800904996
2,1191,393,392.32398190045257
2,1192,393,392.3321266968327
2,1193,392,392.49502262443445
2,1194,392,392.60361990950236
2,1195,392,392.6579185520363
2,1196,393,392.6579185520363
2,1197,393,392.60361990950236
2,1198,393,392.49502262443445
2,1199,393,392.4000000000001
2,1200,392,392.38642533936667
2,1201,392,392.3158371040725
2,1202,392,392.2497737556563
2,1203,392,392.2497737556563
2,1204,392,392.31583710407244
2,1205,392,392.31583710407233
2,1206,393,392.3882352941177
2,1207,393,392.60361990950236
2,1208,393,392.694117647059
2,1209,393,392.7303167420816
2,1210,392,392.71221719457037
2,1211,392,392.63981900452507
2,1212,393,392.4425339366516
2,1213,393,392.24977375565635
2,1214,392,392.2615384615385
2,1215,392,392.2778280542987
2,1216,392,392.3076923076923
2,1217,392,392.3601809954752
2,1218,392,392.3058823529413
2,1219,393,392.2153846153847
2,1220,393,392.2977375565613
2,1221,392,392.36199095022624
2,1222,392,392.217194570136
2,1223,392,392.0723981900455
2,1224,392,391.9276018099548
2,1225,392,391.78280542986437
2,1226,392,391.70859728506804
2,1227,391,391.7846153846155
2,1228,391,391.8289592760183
2,1229,392,391.65972850678736
2,1230,392,391.49502262443457
2,1231,392,391.3438914027151
2,1232,392,391.2153846153847
2,1233,391,391.18914027149333
2,1234,390,391.1447963800906
2,1235,390,390.9619909502263
2,1236,391,390.72036199095044
2,1237,391,390.4968325791856
2,1238,391,390.3683257918552
2,1239,391,390.4144796380092
2,1240,390,390.514932126697
2,1241,390,390.61990950226254
2,1242,390,390.5411764705885
2,1243,390,390.3583710407241
2,1244,391,390.21900452488694
2,1245,391,390.07058823529434
2,1246,390,389.93122171945714
2,1247,390,389.819004524887
2,1248,389,389.6135746606336
2,1249,389,389.3945701357467
2,1250,389,389.17104072398206
2,1251,389,388.9520361990951
2,1252,389,388.88506787330317
2,1253,389,388.91764705882355
2,1254,389,388.8588235294119
2,1255,389,388.91764705882355
2,1256,389,389.0262443438915
2,1257,389,389.1167420814481
2,1258,389,389.1891402714934
2,1259,389,389.24343891402725
2,1260,389,389.3502262443441
2,1261,390,389.38009049773774
2,1262,390,389.2714932126698
2,1263,389,389.16289592760194
2,1264,389,389.05429864253404
2,1265,389,388.94570135746613
2,1266,389,388.8371040723983
2,1267,388,388.72850678733045
2,1268,388,388.61990950226266
2,1269,389,389.0027149321268
2,1270,389,389.16832579185535
2,1271,389,389.0325791855204
2,1272,389,388.7113122171947
2,1273,389,388.42980548862886
2,1274,389,387.88011988011976
2,1275,389,386.95682095682076
2,1276,384,385.8356643356646
2,1277,384,384.55827505827517
2,1278,384,383.6212121212114
2,1279,384,384.22727272727275
2,1280,384,385.2289592760182
2,1281,388,386.0588235294118
2,1282,388,386.8886877828055
2,1283,388,387.6642533936654
2,1284,388,388.33122171945706
2,1285,389,388.83529411764715
2,1286,389,389.12217194570144
2,1287,389,389.13755656108606
2,1288,389,388.9656108597286
2,1289,389,388.97375565610866
2,1290,389,389.00000000000006
2,1291,389,389.02624434389156
2,1292,389,389.0343891402716
2,1293,389,389.2153846153848
2,1294,389,389.36018099547516
2,1295,389,389.398190045249
2,1296,390,389.458823529412
2,1297,390,389.53303167420825
2,1298,390,389.6117647058825
2,1299,390,389.68597285067887
2,1300,389,389.7466063348418
2,1301,389,389.71402714932134
2,1302,390,389.7085972850679
2,1303,390,389.71221719457026
2,1304,390,389.84524886877836
2,1305,390,390.52217194570153
2,1306,390,390.82805429864266
2,1307,390,390.8171945701358
2,1308,391,390.40542986425356
2,1309,391,389.6380090497738
2,1310,391,388.82805429864277
2,1311,391,388.02081447963815
2,1312,384,387.13212669683264
2,1313,384,386.0045248868779
2,1314,384,385.0805429864255
2,1315,384,384.52850678733046
2,1316,385,384.1140271493214
2,1317,385,384.07963800904986
2,1318,384,384.4615384615386
2,1319,384,385.29592760181004
2,1320,387,385.508597285068
2,1321,387,385.82533936651595
2,1322,385,386.2009049773758
2,1323,387,386.5900452488689
2,1324,387,386.9447963800906
2,1325,387,387.41719457013585
2,1326,387,387.743891402715
2,1327,389,388.0615384615386
2,1328,389,388.7131221719457
2,1329,389,389.4416289592763
2,1330,389,389.85429864253405
2,1331,391,390.4352941176471
2,1332,391,390.98914027149334
2,1333,392,391.4615384615386
2,1334,392,391.72760180995476
2,1335,392,392.1393665158373
2,1336,392,392.5809954751133
2,1337,393,392.66606334841634
2,1338,393,392.74660633484166
2,1339,393,393.1067873303169
2,1340,393,393.4307692307693
2,1341,394,393.75022624434405
2,1342,394,394.0968325791856
2,1343,393,394.4343891402715
2,1344,396,394.72669683257925
2,1345,396,395.0054298642535
2,1346,395,395.302262443439
2,1347,395,395.58099547511324
2,1348,396,395.8054298642535
2,1349,396,396.0778280542987
2,1350,396,396.3004524886878
2,1351,396,396.2371040723983
2,1352,397,396.466968325792
2,1353,397,396.76018099547525
2,1354,397,396.96018099547524
2,1355,397,397.1809954751133
2,1356,397,397.40452488687794
2,1357,397,397.5511312217195
2,1358,398,397.61176470588254
2,1359,398,397.57737556561085
2,1360,398,397.577375565611
2,1361,398,397.54117647058837
2,1362,397,397.53936651583723
2,1363,397,397.44253393665167
2,1364,397,397.1891402714933
2,1365,397,396.91764705882366
2,1366,397,396.83710407239835
2,1367,397,396.75656108597303
2,1368,397,396.7647058823531
2,1369,396,396.750226244344
2,1370,396,396.60180995475116
2,1371,397,396.40814479638027
2,1372,397,396.25791855203636
2,1373,396,396.039819004525
2,1374,396,395.71040723981923
2,1375,395,395.56742081447976
2,1376,395,395.3701357466064
2,1377,395,395.01628959276024
2,1378,395,394.60361990950247
2,1379,394,394.29773755656123
2,1380,394,394.0642533936652
2,1381,395,393.87149321266975
2,1382,393,393.68778280543
2,1383,393,393.4814479638011
2,1384,393,393.2208144796381
2,1385,393,392.9420814479638
2,1386,393,392.68144796380096
2,1387,393,392.3366515837106
2,1388,392,392.00542986425353
2,1389,392,391.92398190045265
2,1390,391,391.65158371040735
2,1391,391,391.42714932126705
2,1392,391,391.14841628959294
2,1393,391,391.0633484162898
2,1394,391,390.8199095022625
2,1395,391,390.41085972850686
2,1396,390,390.0316742081449
2,1397,390,389.53936651583723
2,1398,389,388.92941176470595
2,1399,389,388.19728506787345
2,1400,386,387.4769230769233
2,1401,386,386.702262443439
2,1402,387,385.9457013574662
2,1403,385,385.2796380090498
2,1404,385,384.7085972850681
2,1405,384,384.2371040723983
2,1406,384,383.7990950226246
2,1407,383,383.52850678733046
2,1408,383,383.07330316742093
2,1409,383,382.681447963801
2,1410,383,382.45701357466083
2,1411,382,382.2271493212671
2,1412,382,382.1511312217196
2,1413,382,382.1085972850681
2,1414,382,382.24977375565624
2,1415,382,382.3158371040725
2,1416,382,382.31583710407256
2,1417,383,382.3882352941176
2,1418,383,382.60361990950247
2,1419,383,382.69411764705893
2,1420,383,382.73031674208164
2,1421,382,382.7122171945702
2,1422,382,382.639819004525
2,1423,383,382.4425339366517
2,1424,383,382.24977375565624
2,1425,382,382.1909502262444
2,1426,382,382.1954751131223
2,1427,382,382.26334841628983
2,1428,382,382.39457013574673
2,1429,382,382.4506787330318
2,1430,383,382.49321266968326
2,1431,383,382.65158371040746
2,1432,383,382.8552036199097
2,1433,383,382.96561085972866
2,1434,383,383.04434389140283
2,1435,383,383.0823529411765
2,1436,383,383.0705882352942
2,1437,383,382.92941176470595
2,1438,383,382.91764705882366
2,1439,383,383.0262443438915
2,1440,383,383.11674208144797
2,1441,383,383.11855203619933
2,1442,383,383.09049773755675
2,1443,383,383.1529411764707
2,1444,384,383.21719457013586
2,1445,384,383.3945701357468
2,1446,383,383.72850678733045
2,1447,383,384.06244343891416
2,1448,384,384.23710407239827
2,1449,385,384.4932126696834
2,1450,385,384.8651583710408
2,1451,386,385.18733031674225
2,1452,386,385.57104072398204
2,1453,385,385.92760180995487
2,1454,385,385.95927601809973
2,1455,387,385.9683257918553
2,1456,387,386.0479638009051
2,1457,386,386.2298642533938
2,1458,386,386.4162895927602
2,1459,386,386.71855203619924
2,1460,386,386.97737556561094
2,1461,388,387.1656108597286
2,1462,388,387.2470588235294
2,1463,388,387.59185520362
2,1464,388,388.0316742081449
2,1465,388,388.25972850678744
2,1466,388,388.56923076923096
2,1467,389,388.97647058823543
2,1468,389,389.29773755656123
2,1469,390,389.6235294117648
2,1470,390,390.04434389140283
2,1471,390,390.5149321266969
2,1472,392,390.99004524886885
2,1473,392,391.42443438914034
2,1474,391,391.4199095022625
2,1475,391,391.71674208144816
2,1476,393,392.16289592760194
2,1477,393,392.8153846153847
2,1478,393,393.5312217194571
2,1479,393,394.37918552036217
2,1480,393,395.3049773755656
2,1481,398,396.2723981900453
2,1482,398,396.70678733031684
2,1483,398,396.9104072398191
2,1484,398,397.04434389140295
2,1485,398,397.0696832579186
2,1486,396,396.87963800904987
2,1487,396,396.5674208144797
2,1488,394,396.1583710407241
2,1489,396,396.1701357466065
2,1490,396,396.18823529411765
2,1491,397,396.3511312217195
2,1492,397,396.65882352941196
2,1493,398,397.1113122171947
2,1494,398,397.502262443439
2,1495,397,397.82533936651583
2,1496,397,397.7945701357468
2,1497,398,397.80090497737564
2,1498,398,397.694117647059
2,1499,398,397.60361990950236
2,1500,398,397.52941176470597
2,1501,397,397.40995475113124
2,1502,397,397.3221719457015
2,1503,397,397.13665158371043
2,1504,397,396.92398190045265
2,1505,397,396.8932126696833
2,1506,397,396.8533936651584
2,1507,396,396.8226244343893
2,1508,397,396.81900452488696
2,1509,397,396.93393665158374
2,1510,397,396.85882352941184
2,1511,397,396.5592760180996
2,1512,396,396.2009049773756
2,1513,396,395.881447963801
2,1514,396,395.4986425339367
2,1515,396,395.0208144796381
2,1516,393,394.55475113122185
2,1517,393,394.07511312217207
2,1518,394,393.6271493212672
2,1519,394,393.25610859728516
2,1520,393,392.8687782805431
2,1521,393,392.78371040724
2,1522,392,392.6488687782807
2,1523,392,392.598190045249
2,1524,392,392.1502262443441
2,1525,392,391.49140271493224
2,1526,392,391.1466063348417
2,1527,392,390.702262443439
2,1528,389,390.0923076923079
2,1529,389,389.45166598107744
2,1530,388,388.6753246753246
2,1531,388,387.9291819291818
2,1532,389,387.3473193473195
2,1533,386,386.99184149184157
2,1534,386,386.5454545454536
2,1535,386,385.7575757575758
2,1536,386,384.3203619909503
2,1537,385,384.439819004525
2,1538,385,384.58009049773773
2,1539,385,384.6027149321268
2,1540,385,384.4371040723983
2,1541,383,384.21266968325807
2,1542,383,383.9909502262444
2,1543,384,383.63348416289614
2,1544,384,383.5556561085974
2,1545,383,383.43438914027166
2,1546,383,383.4289592760183
2,1547,384,383.4280542986426
2,1548,384,383.38823529411775
2,1549,383,383.18914027149333
2,1550,383,382.97194570135764
2,1551,383,382.9457013574661
2,1552,383,382.91945701357486
2,1553,382,382.77285067873316
2,1554,382,382.58552036199103
2,1555,383,382.5049773755656
2,1556,383,382.4787330316744
2,1557,383,382.38642533936667
2,1558,382,382.3076923076924
2,1559,382,382.2515837104073
2,1560,382,382.2271493212671
2,1561,382,382.1049773755657
2,1562,382,381.95565610859745
2,1563,382,381.77647058823544
2,1564,382,381.7647058823531
2,1565,382,382.05248868778284
2,1566,382,382.23348416289605
2,1567,382,382.3076923076925
2,1568,382,382.40452488687794
2,1569,382,382.58552036199103
2,1570,384,382.7122171945703
2,1571,384,382.78461538461556
2,1572,382,382.8027149321267
2,1573,382,382.7665158371041
2,1574,383,382.60542986425355
2,1575,383,382.4488687782807
2,1576,382,382.2877828054299
2,1577,382,382.1131221719458
2,1578,382,382.19276018099566
2,1579,382,382.39457013574673
2,1580,382,382.4506787330318
2,1581,383,382.49321266968326
2,1582,383,382.65158371040746
2,1583,383,382.88305811835204
2,1584,383,383.00699300699296
2,1585,383,383.05394605394594
2,1586,383,383.0000000000001
2,1587,383,382.91048951048975
2,1588,383,382.99999999999903
2,1589,383,383.0
3,0,385,386.1565610859729
3,1,385,385.28416289592775
3,2,385,385.1656108597286
3,3,385,385.66696832579186
3,4,385,386.727601809955
3,5,385,388.0868778280543
3,6,385,389.7583710407241
3,7,397,391.7556561085974
3,8,397,393.2615384615386
3,9,397,394.6588235294119
3,10,397,395.90950226244354
3,11,395,396.77556561085976
3,12,395,397.1574660633485
3,13,396,396.9556561085974
3,14,396,396.00000000000006
3,15,397,395.98190045248884
3,16,397,396.054298642534
3,17,396,396.28778280543
3,18,396,396.5529411764707
3,19,396,396.5819004524889
3,20,396,396.50678733031674
3,21,397,396.3864253393666
3,22,397,396.2796380090499
3,23,397,396.31583710407256
3,24,396,396.4244343891404
3,25,396,396.53755656108615
3,26,396,396.58733031674217
3,27,396,396.5737556561088
3,28,397,396.49683257918554
3,29,397,396.49502262443457
3,30,397,396.5067873303169
3,31,397,396.4705882352942
3,32,396,396.3864253393665
3,33,396,396.3158371040725
3,34,396,396.2497737556562
3,35,396,396.1085972850679
3,36,396,396.2217194570137
3,37,396,396.3800904977377
3,38,397,396.5131221719458
3,39,397,396.75022624434405
3,40,397,397.01447963800916
3,41,397,397.2289592760183
3,42,398,397.3846153846156
3,43,397,397.4723981900453
3,44,397,397.4832579185521
3,45,398,397.4081447963802
3,46,398,397.3764705882354
3,47,397,397.3176470588237
3,48,397,397.231674208145
3,49,397,397.1185520361992
3,50,397,397.116742081448
3,51,397,397.02624434389156
3,52,397,396.84705882352955
3,53,397,396.84705882352955
3,54,397,396.9556561085974
3,55,397,397.0343891402716
3,56,397,397.2153846153848
3,57,397,397.36018099547516
3,58,397,397.4687782805431
3,59,398,397.4705882352942
3,60,398,397.4950226244344
3,61,398,397.60361990950224
3,62,398,397.65791855203634
3,63,397,397.5873303167422
3,64,397,397.5212669683259
3,65,397,397.45067873303174
3,66,398,397.3665158371042
3,67,398,397.398190045249
3,68,397,397.47511312217205
3,69,397,397.59728506787343
3,70,398,397.76470588235304
3,71,398,397.83891402714954
3,72,398,397.881447963801
3,73,398,397.88325791855215
3,74,398,397.9737556561088
3,75,398,398.0823529411766
3,76,398,398.0705882352943
3,77,398,398.00000000000017
3,78,398,398.00000000000017
3,79,398,398.0705882352943
3,80,398,398.0823529411766
3,81,398,398.04434389140266
3,82,398,397.9656108597286
3,83,398,397.85520361990956
3,84,398,397.7927601809956
3,85,398,397.6579185520363
3,86,397,397.32760180995496
3,87,397,397.0787330316743
3,88,397,396.9819004524888
3,89,397,396.90769230769246
3,90,397,396.8651583710409
3,91,396,396.86334841628974
3,92,396,397.1936651583711
3,93,398,397.34751131221725
3,94,398,397.44343891402724
3,95,397,397.2000000000001
3,96,397,396.68054298642545
3,97,397,395.94841628959296
3,98,397,395.06696832579206
3,99,393,394.31402714932136
3,100,393,393.1674208144798
3,101,390,391.7212669683259
3,102,390,390.4696832579187
3,103,390,389.42624434389154
3,104,390,388.25158371040743
3,105,390,387.6742081447965
3,106,385,387.5185520361992
3,107,385,387.6552036199097
3,108,389,388.40995475113124
3,109,389,389.2108597285069
3,110,388,390.15384615384636
3,111,393,391.32307692307705
3,112,393,392.7348416289594
3,113,396,394.2054298642534
3,114,396,394.9972850678734
3,115,395,395.37285067873313
3,116,395,396.0778280542988
3,117,396,396.2579185520362
3,118,396,395.6859728506789
3,119,395,395.22714932126706
3,120,395,394.7493212669685
3,121,395,394.2886877828055
3,122,395,393.55565610859736
3,123,391,392.73393665158386
3,124,391,392.00090497737557
3,125,392,391.40180995475123
3,126,392,390.9203619909503
3,127,389,390.47239819004545
3,128,389,390.17375565610865
3,129,391,390.0696832579186
3,130,391,390.20542986425346
3,131,390,390.00180995475125
3,132,390,389.87963800904987
3,133,390,390.11855203619916
3,134,390,390.39819004524907
3,135,390,390.18914027149333
3,136,390,389.96199095022644
3,137,390,390.1873303167422
3,138,391,390.33574660633496
3,139,391,390.2959276018099
3,140,389,390.1565610859729
3,141,389,390.0063348416291
3,142,391,389.7339366515838
3,143,391,389.29592760181004
3,144,388,388.8488687782806
3,145,388,388.55203619909514
3,146,388,388.3031674208145
3,147,388,388.07692307692315
3,148,387,387.64162895927615
3,149,387,387.16561085972853
3,150,388,387.09411764705897
3,151,388,387.07239819004536
3,152,386,386.6778280542987
3,153,386,386.28778280542997
3,154,386,386.07058823529417
3,155,386,385.79457013574677
3,156,386,385.3665158371041
3,157,384,384.89321266968335
3,158,384,384.5493212669684
3,159,385,384.3095022624436
3,160,385,383.9420814479639
3,161,383,383.61538461538464
3,162,383,383.42714932126705
3,163,383,383.27511312217194
3,164,383,383.1954751131222
3,165,383,382.9475113122173
3,166,383,382.6904977375566
3,167,383,382.5809954751132
3,168,383,382.64615384615394
3,169,382,382.50678733031685
3,170,382,382.25158371040726
3,171,382,382.0280542986427
3,172,382,381.8452488687784
3,173,382,381.71221719457014
3,174,382,381.6380090497739
3,175,381,381.70226244343905
3,176,381,381.78461538461545
3,177,382,381.694117647059
3,178,382,381.639819004525
3,179,382,381.69230769230774
3,180,382,381.7221719457015
3,181,382,381.7384615384617
3,182,381,381.75022624434405
3,183,381,381.6280542986426
3,184,382,381.4425339366517
3,185,382,381.33212669683274
3,186,381,381.2352941176473
3,187,381,381.0199095022625
3,188,381,380.9538461538463
3,189,381,381.0280542986426
3,190,381,381.0950226244346
3,191,381,381.20723981900466
3,192,381,381.48506787330325
3,193,381,381.8488687782807
3,194,383,382.0805429864254
3,195,383,382.36199095022636
3,196,383,382.6660633484164
3,197,383,382.9656108597287
3,198,383,383.1628959276019
3,199,383,383.3601809954752
3,200,383,383.4506787330319
3,201,384,383.5276018099548
3,202,384,383.89321266968346
3,203,384,384.24977375565624
3,204,384,384.4380090497739
3,205,385,384.6986425339368
3,206,385,384.9248868778282
3,207,386,385.20995475113136
3,208,386,385.508597285068
3,209,385,385.9140271493213
3,210,385,386.31945701357483
3,211,387,386.6886877828056
3,212,387,386.84434389140284
3,213,388,387.14751131221743
3,214,388,387.4823529411765
3,215,388,387.9420814479638
3,216,388,388.4199095022625
3,217,388,388.7411764705883
3,218,388,388.9312217194572
3,219,390,389.22171945701365
3,220,390,389.4443438914028
3,221,390,389.56923076923096
3,222,390,389.7665158371042
3,223,390,390.07058823529405
3,224,390,390.31583710407256
3,225,390,390.4045248868779
3,226,390,390.4389140271494
3,227,390,390.6597285067875
3,228,392,390.9076923076924
3,229,392,391.09411764705885
3,230,391,391.3303167420815
3,231,391,391.5891402714933
3,232,392,391.8434389140273
3,233,392,392.0660633484163
3,234,392,392.22986425339377
3,235,392,392.3076923076923
3,236,393,392.4787330316744
3,237,393,392.72217194570146
3,238,393,392.8814479638011
3,239,393,393.07058823529405
3,240,393,393.1303167420815
3,241,393,393.23981900452503
3,242,393,393.3719457013575
3,243,394,393.49954751131236
3,244,394,393.7339366515839
3,245,394,393.9864253393666
3,246,393,394.30950226244363
3,247,395,394.5556561085975
3,248,395,394.6452488687784
3,249,395,394.7565375800667
3,250,395,394.8091908091907
3,251,395,394.8108558108557
3,252,395,394.63170163170196
3,253,394,394.24685314685325
3,254,394,394.38888888888795
3,255,395,394.81818181818187
3,256,395,392.71493212669697
3,257,395,393.5285067873305
3,258,395,394.3239819004526
3,259,395,395.10588235294125
3,260,395,395.6723981900453
3,261,396,396.0217194570138
3,262,396,396.21990950226257
3,263,396,396.20361990950244
3,264,396,396.4723981900454
3,265,397,396.6642533936653
3,266,397,396.77013574660646
3,267,397,396.78099547511323
3,268,397,396.68778280543
3,269,397,396.61990950226243
3,270,396,396.50678733031685
3,271,396,396.3484162895929
3,272,396,396.1447963800906
3,273,396,395.96380090497746
3,274,396,395.8733031674209
3,275,396,395.94389140271517
3,276,396,396.04615384615397
3,277,396,396.1891402714933
3,278,396,396.2434389140273
3,279,396,396.2796380090498
3,280,397,396.2977375565612
3,281,397,396.227149321267
3,282,396,396.19728506787345
3,283,396,396.26968325791864
3,284,396,396.30588235294135
3,285,396,396.23529411764724
3,286,396,396.1873303167422
3,287,396,396.0823529411767
3,288,397,396.1791855203621
3,289,397,396.4687782805431
3,290,396,396.67420814479647
3,291,396,396.8570135746607
3,292,397,396.9375565610861
3,293,397,397.03619909502265
3,294,398,397.20542986425363
3,295,398,397.29773755656123
3,296,397,397.44253393665167
3,297,397,397.639819004525
3,298,397,397.83348416289607
3,299,398,397.7058823529413
3,300,398,397.4226244343892
3,301,397,396.9493212669684
3,302,397,396.3900452488689
3,303,397,395.84886877828075
3,304,396,394.9411764705884
3,305,393,394.28235294117667
3,306,393,393.8633484162896
3,307,393,393.74298642533944
3,308,393,393.98009049773765
3,309,394,394.49773755656116
3,310,394,395.219004524887
3,311,398,396.1348416289594
3,312,398,397.0977375565613
3,313,398,397.7447963800906
3,314,399,398.2425339366517
3,315,399,398.5457013574662
3,316,398,398.6090497737558
3,317,398,398.52579185520375
3,318,398,398.18914027149344
3,319,398,398.1167420814481
3,320,398,398.0262443438914
3,321,398,397.9176470588236
3,322,398,397.92941176470583
3,323,398,398.00000000000017
3,324,398,398.00000000000017
3,325,398,398.00000000000017
3,326,398,398.0705882352943
3,327,398,398.0823529411766
3,328,398,397.9737556561088
3,329,398,397.88325791855215
3,330,398,397.95203619909506
3,331,398,397.9212669683258
3,332,398,397.80904977375576
3,333,397,397.633484162896
3,334,397,397.48325791855217
3,335,398,397.2470588235295
3,336,398,396.81085972850684
3,337,396,396.4606334841631
3,338,396,396.3466063348418
3,339,396,396.219004524887
3,340,396,396.0343891402716
3,341,395,395.81085972850684
3,342,395,395.6986425339368
3,343,397,395.7158371040725
3,344,397,395.7484162895928
3,345,395,395.6760180995476
3,346,395,395.71040723981906
3,347,396,395.7221719457015
3,348,396,395.72036199095044
3,349,395,395.50497737556566
3,350,395,395.2760180995476
3,351,396,395.44253393665167
3,352,396,395.61357466063356
3,353,395,395.39819004524895
3,354,395,395.2054298642536
3,355,395,395.30588235294135
3,356,396,395.3701357466064
3,357,396,395.20723981900477
3,358,394,395.02624434389145
3,359,394,395.1067873303169
3,360,396,395.1285067873305
3,361,396,394.8389140271495
3,362,394,394.58552036199103
3,363,394,394.5095022624436
3,364,395,394.49049773755667
3,365,395,394.4144796380091
3,366,393,394.16108597285074
3,367,393,394.012669683258
3,368,395,393.9873303167421
3,369,395,393.90950226244354
3,370,393,393.80904977375576
3,371,393,393.577375565611
3,372,394,393.38009049773774
3,373,394,393.1828054298644
3,374,392,392.8153846153847
3,375,392,392.3076923076923
3,376,393,392.1049773755659
3,377,391,391.852488687783
3,378,391,391.33665158371053
3,379,391,390.743891402715
3,380,391,390.25791855203636
3,381,390,389.86244343891406
3,382,390,389.3348416289594
3,383,388,388.85248868778285
3,384,388,388.7312217194571
3,385,388,388.40995475113135
3,386,388,388.00452488687796
3,387,388,387.68959276018114
3,388,388,387.57194570135755
3,389,388,387.4199095022626
3,390,388,387.2696832579187
3,391,386,387.08054298642537
3,392,386,386.87330316742094
3,393,387,386.8072398190047
3,394,387,386.64162895927626
3,395,386,386.4832579185521
3,396,386,386.2389140271494
3,397,387,385.8832579185521
3,398,386,385.59095022624433
3,399,386,385.1918552036199
3,400,384,384.7158371040724
3,401,384,384.0461538461541
3,402,383,383.6660633484165
3,403,383,383.3665158371042
3,404,384,383.33846153846156
3,405,384,383.702262443439
3,406,383,384.239819004525
3,407,383,385.00361990950245
3,408,387,385.6986425339369
3,409,387,386.4298642533939
3,410,388,387.0226244343893
3,411,388,387.5022624434391
3,412,388,387.8914027149323
3,413,388,388.212669683258
3,414,388,388.28235294117655
3,415,388,388.1167420814481
3,416,388,388.2153846153847
3,417,388,388.2778280542988
3,418,388,388.42443438914034
3,419,389,388.5755656108599
3,420,389,388.7221719457015
3,421,389,388.85520361990956
3,422,389,388.8950226244346
3,423,389,388.9619909502264
3,424,389,389.1085972850681
3,425,389,389.1873303167422
3,426,389,389.1185520361992
3,427,389,389.1610859728508
3,428,389,389.23529411764724
3,429,390,389.3321266968327
3,430,390,389.4425339366518
3,431,389,389.55746606334856
3,432,389,389.6678733031676
3,433,390,389.7647058823531
3,434,390,389.8389140271495
3,435,390,389.88144796380107
3,436,390,389.88325791855203
3,437,390,389.9031674208146
3,438,390,390.00000000000017
3,439,390,390.02624434389156
3,440,390,390.0343891402716
3,441,390,390.14479638009067
3,442,390,390.2778280542987
3,443,390,390.4244343891403
3,444,391,390.5755656108598
3,445,391,390.72217194570163
3,446,391,390.8552036199096
3,447,391,390.9656108597286
3,448,391,391.04434389140283
3,449,391,391.08235294117657
3,450,391,391.0705882352943
3,451,391,391.0000000000001
3,452,391,391.0000000000001
3,453,391,391.0705882352943
3,454,391,391.08235294117657
3,455,391,391.0443438914027
3,456,391,390.96561085972866
3,457,391,390.8552036199096
3,458,391,390.7221719457015
3,459,391,390.5755656108598
3,460,390,390.49502262443445
3,461,390,390.3601809954752
3,462,390,390.18914027149333
3,463,390,390.00000000000017
3,464,390,389.74027149321273
3,465,390,389.5574660633485
3,466,390,389.460633484163
3,467,389,389.45882352941175
3,468,389,389.42262443438926
3,469,389,389.4226244343893
3,470,389,389.3882352941178
3,471,390,389.37828054298643
3,472,390,389.51312217194584
3,473,390,389.84524886877847
3,474,390,390.22714932126706
3,475,390,390.44072398190065
3,476,390,390.66787330316754
3,477,391,390.8108597285069
3,478,392,390.9719457013576
3,479,392,391.32398190045257
3,480,391,391.639819004525
3,481,391,391.83076923076936
3,482,392,392.00814479638024
3,483,392,392.2153846153847
3,484,393,392.29592760181004
3,485,393,392.37013574660654
3,486,392,392.49683257918554
3,487,392,392.6054298642535
3,488,393,392.55746606334867
3,489,393,392.4144796380092
3,490,392,392.3058823529413
3,491,392,392.0904977375567
3,492,392,392.03619909502277
3,493,392,392.14298642533964
3,494,392,392.14298642533953
3,495,392,392.0361990950227
3,496,392,392.1610859728508
3,497,392,392.31764705882364
3,498,393,392.3058823529413
3,499,393,392.32579185520376
3,500,392,392.3683257918553
3,501,392,392.49502262443457
3,502,393,392.5674208144797
3,503,392,392.5149321266969
3,504,392,392.4669683257919
3,505,393,392.43344890403705
3,506,393,392.50249750249736
3,507,393,392.50926850926834
3,508,392,392.4825174825176
3,509,392,392.56853146853155
3,510,393,392.52525252525174
3,511,393,393.2424242424241
3,512,393,391.3285067873304
3,513,392,391.7520361990952
3,514,392,392.3122171945703
3,515,393,392.78190045248874
3,516,393,393.0045248868778
3,517,393,393.02352941176486
3,518,393,393.02081447963815
3,519,393,392.7076923076923
3,520,393,392.61990950226266
3,521,392,392.4162895927603
3,522,392,392.1674208144797
3,523,392,392.0823529411765
3,524,392,391.9701357466065
3,525,391,391.8488687782807
3,526,392,391.7366515837104
3,527,392,391.7221719457015
3,528,392,391.6941176470589
3,529,392,391.4705882352943
3,530,391,391.2696832579186
3,531,391,391.1710407239821
3,532,391,391.0542986425341
3,533,391,390.7285067873305
3,534,390,390.54117647058837
3,535,390,390.5013574660635
3,536,391,390.4886877828056
3,537,391,390.52126696832596
3,538,390,390.47873303167427
3,539,390,390.51131221719464
3,540,391,390.4986425339368
3,541,391,390.458823529412
3,542,390,390.27149321266984
3,543,390,390.0162895927603
3,544,390,389.8407239819006
3,545,390,389.69230769230785
3,546,389,389.4506787330318
3,547,389,389.1954751131223
3,548,389,389.07420814479656
3,549,389,389.03438914027157
3,550,389,389.02624434389145
3,551,389,389.00000000000006
3,552,389,389.04434389140283
3,553,389,389.04796380090505
3,554,389,388.82895927601817
3,555,389,388.60542986425355
3,556,389,388.45701357466066
3,557,388,388.2633484162897
3,558,388,388.11312217194586
3,559,387,387.8950226244345
3,560,387,387.63619909502273
3,561,388,387.3638009049774
3,562,388,387.0343891402717
3,563,387,386.80452488687797
3,564,387,386.69230769230785
3,565,386,386.57737556561096
3,566,386,386.5393665158372
3,567,386,386.44886877828054
3,568,386,386.3764705882354
3,569,387,386.460633484163
3,570,387,386.63981900452495
3,571,387,386.71402714932145
3,572,387,386.88325791855215
3,573,387,387.00000000000006
3,574,387,387.1167420814481
3,575,387,387.1447963800906
3,576,387,387.1954751131222
3,577,387,387.3800904977377
3,578,388,387.6099547511314
3,579,388,387.866968325792
3,580,388,388.1330316742082
3,581,388,388.3900452488689
3,582,389,388.6199095022626
3,583,389,388.8751131221722
3,584,389,388.93755656108607
3,585,389,388.9276018099549
3,586,389,388.9656108597286
3,587,389,388.97194570135764
3,588,389,388.937556561086
3,589,389,388.85339366515853
3,590,388,388.84886877828075
3,591,389,388.8533936651584
3,592,389,388.86696832579185
3,593,389,388.88959276018113
3,594,389,388.99185520361993
3,595,389,389.0443438914028
3,596,389,389.0561085972852
3,597,389,389.03619909502277
3,598,389,388.8552036199096
3,599,389,388.7221719457014
3,600,389,388.5755656108598
3,601,388,388.4244343891403
3,602,388,388.2072398190046
3,603,388,388.06244343891416
3,604,388,387.9900452488688
3,605,388,387.9900452488688
3,606,388,388.13303167420827
3,607,388,388.2895927601811
3,608,388,388.39819004524895
3,609,389,388.4588235294118
3,610,389,388.5330316742083
3,611,389,388.6117647058825
3,612,389,388.68597285067875
3,613,388,388.74660633484183
3,614,388,388.7846153846154
3,615,389,388.7203619909503
3,616,389,388.6742081447965
3,617,389,388.76651583710407
3,618,389,388.91764705882355
3,619,389,389.11855203619916
3,620,389,389.36018099547516
3,621,389,389.4950226244344
3,622,390,389.57556561086
3,623,390,389.72217194570146
3,624,390,389.8552036199096
3,625,390,389.89502262443455
3,626,390,389.96199095022627
3,627,390,390.03800904977385
3,628,390,390.10497737556574
3,629,390,390.14479638009067
3,630,390,390.2778280542987
3,631,390,390.4244343891403
3,632,391,390.5755656108598
3,633,391,390.72217194570163
3,634,391,390.8552036199096
3,635,391,390.9656108597286
3,636,391,391.04434389140283
3,637,391,391.08235294117657
3,638,391,391.00000000000006
3,639,391,390.9176470588236
3,640,391,390.95565610859745
3,641,391,391.0343891402715
3,642,391,391.1447963800905
3,643,391,391.27782805429877
3,644,391,391.42443438914034
3,645,392,391.5755656108599
3,646,392,391.65158371040735
3,647,392,391.77285067873305
3,648,392,391.99185520361993
3,649,392,392.16108597285074
3,650,392,392.20090497737567
3,651,392,392.2316742081448
3,652,392,392.2352941176471
3,653,393,392.3321266968327
3,654,393,392.4425339366517
3,655,392,392.55746606334856
3,656,392,392.6678733031675
3,657,393,392.76470588235304
3,658,393,392.8389140271494
3,659,393,392.88144796380107
3,660,393,392.88325791855215
3,661,393,393.04434389140283
3,662,393,393.16470588235296
3,663,393,393.11493212669694
3,664,393,392.96561085972866
3,665,393,392.8552036199096
3,666,393,392.7221719457014
3,667,393,392.50497737556566
3,668,392,392.3420814479639
3,669,392,392.3040723981901
3,670,392,392.2615384615386
3,671,392,392.1529411764707
3,672,392,392.1167420814481
3,673,392,392.2235294117649
3,674,393,392.34389140271514
3,675,393,392.4868778280544
3,676,392,392.52307692307704
3,677,392,392.52307692307704
3,678,393,392.4868778280545
3,679,393,392.4144796380092
3,680,392,392.3058823529413
3,681,392,392.1610859728508
3,682,392,392.1891402714933
3,683,392,392.1990950226246
3,684,392,392.0705882352942
3,685,392,391.8832579185522
3,686,392,391.78461538461556
3,687,392,391.7221719457015
3,688,392,391.5755656108598
3,689,391,391.42443438914034
3,690,391,391.3484162895929
3,691,391,391.2271493212671
3,692,391,391.0081447963803
3,693,391,390.83891402714954
3,694,391,390.79909502262444
3,695,391,390.69773755656115
3,696,391,390.68235294117653
3,697,390,390.69411764705904
3,698,390,390.67420814479647
3,699,391,390.6316742081449
3,700,391,390.5755656108598
3,701,390,390.514932126697
3,702,391,390.4588235294119
3,703,391,390.4868778280544
3,704,390,390.4787330316744
3,705,390,390.31402714932136
3,706,390,390.0018099547512
3,707,390,389.81900452488696
3,708,390,390.1276018099548
3,709,390,390.02171945701366
3,710,389,389.764705882353
3,711,389,389.34932126696845
3,712,389,388.700452488688
3,713,390,387.590045248869
3,714,390,386.71945701357464
3,715,384,386.0977375565611
3,716,384,385.7339366515839
3,717,384,385.7076923076924
3,718,384,385.7601809954753
3,719,384,385.971040723982
3,720,389,386.3493212669684
3,721,389,387.0425339366517
3,722,389,387.998190045249
3,723,389,388.4036199095023
3,724,388,388.646153846154
3,725,388,388.6895927601811
3,726,388,388.4271493212671
3,727,388,387.9520361990952
3,728,388,387.9819004524888
3,729,388,388.0343891402715
3,730,388,388.047963800905
3,731,388,388.16108597285086
3,732,388,388.3058823529413
3,733,389,388.41447963800914
3,734,389,388.34570135746617
3,735,388,388.3583710407241
3,736,388,388.5755656108599
3,737,389,388.7203619909504
3,738,389,388.7221719457015
3,739,388,388.710407239819
3,740,388,388.6760180995476
3,741,390,388.74841628959285
3,742,390,388.85701357466075
3,743,388,388.8633484162897
3,744,388,388.8289592760183
3,745,389,388.88325791855215
3,746,389,388.95565610859745
3,747,389,388.90769230769246
3,748,389,388.80090497737575
3,749,389,388.9031674208146
3,750,389,389.0823529411767
3,751,389,389.00000000000006
3,752,389,388.91764705882355
3,753,389,389.0262443438915
3,754,389,389.1167420814481
3,755,389,389.1891402714934
3,756,389,389.24343891402725
3,757,389,389.2796380090498
3,758,390,389.29773755656123
3,759,390,389.2977375565612
3,760,389,389.2796380090498
3,761,389,389.22595052006795
3,762,389,389.1188811188808
3,763,389,388.9725829725829
3,764,389,388.86946386946397
3,765,389,389.01118881118884
3,766,389,389.08080808080723
3,767,389,389.0
3,768,389,389.73031674208164
3,769,390,389.7366515837104
3,770,390,389.8407239819005
3,771,390,389.9719457013576
3,772,390,389.99185520362005
3,773,390,389.96199095022627
3,774,390,389.94117647058835
3,775,390,389.9882352941176
3,776,390,389.95565610859734
3,777,390,390.0343891402716
3,778,390,390.14479638009067
3,779,390,390.2778280542987
3,780,390,390.4244343891403
3,781,391,390.5049773755658
3,782,391,390.639819004525
3,783,391,390.88144796380107
3,784,391,391.08235294117657
3,785,391,391.162895927602
3,786,391,391.24343891402725
3,787,391,391.2352941176472
3,788,392,391.24977375565624
3,789,392,391.46877828054306
3,790,391,391.6742081447964
3,791,391,391.8570135746608
3,792,392,392.0081447963802
3,793,392,392.04796380090505
3,794,393,392.0968325791856
3,795,393,392.2072398190046
3,796,392,392.3701357466065
3,797,392,392.5149321266969
3,798,392,392.5031674208145
3,799,392,392.39638009049787
3,800,393,392.3239819004526
3,801,393,392.2153846153847
3,802,392,392.20904977375574
3,803,392,392.2434389140273
3,804,392,392.1891402714933
3,805,392,392.1167420814481
3,806,392,392.0262443438915
3,807,392,391.91764705882366
3,808,392,391.92941176470595
3,809,392,391.99999999999994
3,810,392,391.99999999999994
3,811,392,391.99999999999994
3,812,392,392.0705882352943
3,813,392,392.0823529411765
3,814,392,391.97375565610866
3,815,392,391.88325791855215
3,816,392,391.88144796380107
3,817,392,391.83891402714937
3,818,392,391.7647058823531
3,819,391,391.6678733031675
3,820,391,391.6280542986427
3,821,392,391.52488687782824
3,822,392,391.37647058823535
3,823,391,391.1303167420816
3,824,391,390.9339366515838
3,825,391,390.86696832579196
3,826,391,390.8090497737558
3,827,390,390.639819004525
3,828,390,390.4389140271494
3,829,390,390.35384615384623
3,830,391,390.33212669683263
3,831,391,390.32398190045257
3,832,390,390.27963800904996
3,833,390,390.14660633484175
3,834,390,390.0723981900454
3,835,390,389.998190045249
3,836,390,389.8651583710408
3,837,390,389.6117647058825
3,838,389,389.51493212669686
3,839,389,389.5131221719458
3,840,390,389.54751131221724
3,841,390,389.5592760180997
3,842,389,389.5574660633485
3,843,389,389.5511312217196
3,844,390,389.54932126696843
3,845,390,389.5610859728507
3,846,390,389.5276018099547
3,847,389,389.39004524886883
3,848,389,389.29592760181004
3,849,389,389.1927601809956
3,850,389,388.9601809954751
3,851,389,388.6778280542988
3,852,389,388.4932126696834
3,853,388,388.35384615384623
3,854,388,388.2778280542987
3,855,388,388.1447963800905
3,856,388,388.03438914027157
3,857,388,387.9556561085974
3,858,388,387.98823529411777
3,859,388,388.01176470588234
3,860,388,387.9737556561087
3,861,388,387.88325791855215
3,862,388,387.81085972850684
3,863,388,387.7565610859731
3,864,388,387.7203619909502
3,865,387,387.63167420814494
3,866,387,387.6199095022625
3,867,388,387.7466063348418
3,868,388,387.87330316742094
3,869,388,388.00000000000017
3,870,388,388.1266968325794
3,871,388,388.2533936651585
3,872,389,388.3800904977377
3,873,389,388.3683257918553
3,874,388,388.27963800904996
3,875,388,388.24343891402725
3,876,388,388.1891402714934
3,877,388,388.18733031674225
3,878,388,388.10859728506796
3,879,388,387.82081447963816
3,880,388,387.73031674208164
3,881,388,387.7665158371042
3,882,388,387.7909502262445
3,883,388,387.935746606335
3,884,387,387.9918552036201
3,885,387,388.08868778280544
3,886,389,388.2171945701358
3,887,389,388.36832579185534
3,888,389,388.53303167420825
3,889,389,388.70226244343905
3,890,388,388.79638009049785
3,891,389,388.93574660633493
3,892,389,389.0343891402716
3,893,389,389.00633484162904
3,894,389,389.1104072398191
3,895,389,389.2054298642534
3,896,389,389.2208144796381
3,897,390,389.2859728506788
3,898,390,389.1828054298644
3,899,389,389.2316742081449
3,900,389,389.6262443438915
3,901,389,389.8307692307695
3,902,389,389.8633484162897
3,903,390,389.74208144796387
3,904,390,389.4850678733033
3,905,391,389.17828054298656
3,906,391,388.90769230769246
3,907,387,388.55294117647054
3,908,387,388.19366515837106
3,909,387,387.76832579185526
3,910,387,387.4153846153846
3,911,387,387.13212669683264
3,912,388,387.1158371040725
3,913,388,387.14298642533953
3,914,388,387.7900452488688
3,915,388,388.4579185520363
3,916,389,389.4180995475114
3,917,389,390.4597285067874
3,918,391,391.8633484162897
3,919,391,392.9095022624435
3,920,396,393.7095022624436
3,921,396,394.17466063348434
3,922,396,394.2868778280544
3,923,395,394.0280542986426
3,924,395,393.37737556561086
3,925,390,392.51402714932135
3,926,390,391.8289592760183
3,927,390,390.9131221719458
3,928,390,390.32669683257916
3,929,390,390.171040723982
3,930,390,390.22352941176473
3,931,392,390.258823529412
3,932,392,390.6515837104073
3,933,390,390.6660633484164
3,934,390,390.7665158371043
3,935,392,390.8552036199096
3,936,390,391.0343891402717
3,937,390,391.1972850678734
3,938,392,391.43710407239826
3,939,392,391.9855203619911
3,940,393,392.67420814479647
3,941,393,393.12850678733037
3,942,394,393.5737556561087
3,943,394,394.23257918552054
3,944,395,394.6506787330318
3,945,395,394.84434389140296
3,946,395,395.16561085972864
3,947,395,395.4280542986427
3,948,396,395.7248868778281
3,949,396,395.9493212669684
3,950,396,396.20361990950244
3,951,396,396.390045248869
3,952,397,396.54932126696843
3,953,397,396.7221719457014
3,954,397,397.02262443438923
3,955,397,397.1647058823531
3,956,397,397.2072398190046
3,957,397,397.20904977375574
3,958,397,397.1610859728508
3,959,398,397.0542986425341
3,960,398,397.0180995475114
3,961,396,396.9819004524888
3,962,396,396.94570135746613
3,963,397,396.9095022624436
3,964,397,396.87330316742083
3,965,397,396.83710407239835
3,966,397,396.8009049773757
3,967,397,396.90316742081455
3,968,397,397.0823529411766
3,969,397,397.07058823529434
3,970,397,397.0000000000001
3,971,397,396.9294117647059
3,972,397,396.91764705882366
3,973,397,396.9556561085974
3,974,397,397.0343891402716
3,975,397,397.14479638009055
3,976,397,397.2778280542988
3,977,397,397.4950226244345
3,978,398,397.65791855203634
3,979,398,397.7665158371042
3,980,398,397.8208144796381
3,981,398,397.8914027149322
3,982,398,397.8488687782807
3,983,398,397.702262443439
3,984,397,397.46063348416294
3,985,397,397.1330316742082
3,986,397,396.86696832579196
3,987,397,396.6099547511313
3,988,396,396.3800904977377
3,989,396,396.3366515837106
3,990,396,396.2389140271494
3,991,396,396.123076923077
3,992,396,395.88687782805454
3,993,396,395.6986425339368
3,994,396,395.4561085972851
3,995,396,395.3366515837105
3,996,394,394.97918552036225
3,997,394,394.49954751131236
3,998,394,393.94298642533954
3,999,394,393.35475113122186
3,1000,393,392.7800904977378
3,1001,393,392.33484162895934
3,1002,391,391.93484162895936
3,1003,391,391.6343891402715
3,1004,391,391.2814479638011
3,1005,391,390.9239819004526
3,1006,391,390.6778280542987
3,1007,391,390.4588235294119
3,1008,390,390.1828054298644
3,1009,390,389.9656108597286
3,1010,390,389.64615384615394
3,1011,389,389.2633484162897
3,1012,389,388.9239819004526
3,1013,388,388.53484162895944
3,1014,388,388.21176470588244
3,1015,388,387.8705882352942
3,1016,388,387.42714932126705
3,1017,387,387.05059646236106
3,1018,387,386.67332667332647
3,1019,386,386.226329226329
3,1020,386,385.6783216783218
3,1021,385,385.2237762237762
3,1022,385,384.979797979797
3,1023,385,384.95454545454555
3,1024,385,386.78461538461556
3,1025,385,385.79909502262456
3,1026,385,384.89321266968335
3,1027,383,384.06877828054314
3,1028,383,383.2597285067875
3,1029,383,382.6
3,1030,383,382.2914027149322
3,1031,382,382.4063348416291
3,1032,382,382.1954751131223
3,1033,382,381.977375565611
3,1034,382,381.9176470588237
3,1035,382,381.7665158371043
3,1036,382,381.6742081447965
3,1037,382,381.6497737556562
3,1038,381,381.70226244343905
3,1039,381,381.702262443439
3,1040,382,381.72036199095044
3,1041,382,381.75656108597303
3,1042,382,381.81085972850684
3,1043,382,381.812669683258
3,1044,382,381.89140271493216
3,1045,382,382.03800904977385
3,1046,382,382.10497737556574
3,1047,382,382.14479638009055
3,1048,382,382.20723981900466
3,1049,382,382.34208144796395
3,1050,383,382.460633484163
3,1051,383,382.6742081447965
3,1052,383,382.9556561085974
3,1053,383,383.27782805429877
3,1054,383,383.54298642533945
3,1055,384,383.8533936651585
3,1056,384,384.172850678733
3,1057,385,384.4651583710408
3,1058,385,384.7619909502264
3,1059,385,385.09502262443453
3,1060,385,385.42805429864273
3,1061,386,385.72488687782817
3,1062,386,385.8787330316744
3,1063,386,386.121266968326
3,1064,386,386.4162895927603
3,1065,387,386.7366515837105
3,1066,387,386.99366515837113
3,1067,387,387.169230769231
3,1068,387,387.24524886877833
3,1069,388,387.34208144796395
3,1070,388,387.30950226244363
3,1071,387,387.2678733031675
3,1072,387,387.19909502262465
3,1073,387,387.1529411764708
3,1074,387,387.17918552036207
3,1075,387,387.1891402714934
3,1076,387,387.2941176470589
3,1077,388,387.6760180995476
3,1078,388,388.1167420814481
3,1079,388,388.398190045249
3,1080,389,388.70226244343905
3,1081,389,388.860633484163
3,1082,390,389.1049773755658
3,1083,390,389.460633484163
3,1084,389,389.75294117647064
3,1085,389,390.01357466063354
3,1086,390,390.2742081447965
3,1087,390,390.4280542986427
3,1088,392,390.7067873303169
3,1089,392,391.00361990950245
3,1090,391,391.42081447963795
3,1091,391,391.8606334841629
3,1092,392,392.08687782805436
3,1093,392,392.26334841628983
3,1094,393,392.48325791855217
3,1095,393,392.639819004525
3,1096,393,392.97375565610866
3,1097,393,393.3257918552036
3,1098,393,393.46877828054306
3,1099,394,393.5755656108599
3,1100,394,393.8190045248871
3,1101,394,393.9719457013576
3,1102,394,394.08416289592765
3,1103,394,394.20542986425346
3,1104,394,394.24705882352947
3,1105,395,394.32036199095035
3,1106,395,394.32760180995484
3,1107,394,394.5095022624437
3,1108,394,394.7683257918554
3,1109,395,395.0769230769232
3,1110,395,395.3375565610861
3,1111,396,395.65248868778286
3,1112,396,396.0561085972851
3,1113,397,396.5212669683259
3,1114,397,396.9592760180997
3,1115,397,397.2135746606335
3,1116,397,397.3276018099548
3,1117,398,397.412669683258
3,1118,398,397.6624434389142
3,1119,397,397.67963800904994
3,1120,397,397.4208144796381
3,1121,397,396.9809954751132
3,1122,397,396.45520361990964
3,1123,397,396.01176470588246
3,1124,397,395.41900452488704
3,1125,393,394.86063348416303
3,1126,393,394.32036199095035
3,1127,393,393.7846153846155
3,1128,394,393.2398190045249
3,1129,394,392.24615384615396
3,1130,392,391.76380090497753
3,1131,392,391.85429864253405
3,1132,392,392.3791855203621
3,1133,392,392.78461538461556
3,1134,391,393.316742081448
3,1135,391,394.15113122171954
3,1136,398,395.00180995475125
3,1137,398,395.7981900452491
3,1138,397,396.2633484162897
3,1139,397,396.5203619909503
3,1140,397,396.76289592760196
3,1141,397,396.5846153846154
3,1142,394,395.85610859728513
3,1143,394,394.6479638009051
3,1144,394,394.00000000000006
3,1145,394,393.35203619909504
3,1146,394,392.56742081447976
3,1147,391,391.90950226244354
3,1148,391,391.5737556561086
3,1149,391,391.3556561085975
3,1150,391,390.7710407239821
3,1151,390,390.335746606335
3,1152,390,390.21809954751143
3,1153,391,390.1864253393666
3,1154,391,390.42714932126717
3,1155,389,390.31131221719465
3,1156,389,390.0162895927603
3,1157,391,389.7076923076924
3,1158,391,389.4832579185522
3,1159,389,389.1728506787331
3,1160,389,388.7447963800906
3,1161,387,388.514932126697
3,1162,387,388.19909502262453
3,1163,388,387.5837104072399
3,1164,388,386.85520361990973
3,1165,387,386.4769230769232
3,1166,386,386.1122171945702
3,1167,386,385.42443438914046
3,1168,384,384.8769230769231
3,1169,384,384.308597285068
3,1170,384,383.7583710407241
3,1171,384,383.33031674208155
3,1172,382,383.12850678733037
3,1173,382,383.1212669683258
3,1174,384,383.13846153846157
3,1175,384,383.2778280542988
3,1176,383,383.2895927601811
3,1177,383,383.32398190045274
3,1178,384,383.3900452488689
3,1179,384,383.56742081447976
3,1180,383,383.45882352941186
3,1181,383,383.2054298642535
3,1182,383,383.08416289592776
3,1183,383,382.97194570135764
3,1184,383,382.74841628959297
3,1185,383,382.49321266968326
3,1186,382,382.2832579185522
3,1187,382,382.1954751131223
3,1188,382,382.171040723982
3,1189,382,382.1511312217195
3,1190,382,382.0742081447966
3,1191,382,382.0787330316744
3,1192,382,382.16470588235313
3,1193,383,382.3321266968328
3,1194,383,382.4425339366517
3,1195,382,382.55746606334856
3,1196,382,382.5972850678734
3,1197,383,382.68235294117653
3,1198,383,382.7945701357466
3,1199,383,382.9158371040726
3,1200,383,382.9574660633486
3,1201,383,383.16923076923104
3,1202,383,383.4624434389141
3,1203,384,383.6099547511314
3,1204,384,383.78461538461556
3,1205,384,384.0886877828055
3,1206,384,384.4244343891404
3,1207,385,384.6941176470589
3,1208,385,385.00000000000006
3,1209,385,385.3058823529414
3,1210,386,385.57556561085977
3,1211,386,385.9113122171947
3,1212,386,386.21538461538466
3,1213,386,386.39004524886883
3,1214,387,386.5375565610861
3,1215,387,386.6895927601812
3,1216,387,386.87782805429873
3,1217,387,386.9954751131224
3,1218,387,387.2742081447965
3,1219,387,387.46606334841636
3,1220,388,387.7936651583711
3,1221,388,388.2027149321267
3,1222,389,388.777375565611
3,1223,389,389.4018099547513
3,1224,390,390.03076923076924
3,1225,390,390.5484162895929
3,1226,392,391.0389140271495
3,1227,392,391.4479638009051
3,1228,392,391.71855203619924
3,1229,392,391.99366515837113
3,1230,392,392.41900452488693
3,1231,392,392.74027149321273
3,1232,393,392.9095022624436
3,1233,393,393.07873303167435
3,1234,393,393.4705882352942
3,1235,395,393.9076923076923
3,1236,395,394.2832579185522
3,1237,394,394.69049773755665
3,1238,394,395.1547511312219
3,1239,396,395.5013574660635
3,1240,396,395.6914027149322
3,1241,396,395.88597285067897
3,1242,396,396.11040723981915
3,1243,397,396.4669683257919
3,1244,397,396.7257918552036
3,1245,396,396.8597285067874
3,1246,396,396.90316742081455
3,1247,398,397.09683257918573
3,1248,398,397.281447963801
3,1249,397,397.4389140271494
3,1250,397,397.5511312217196
3,1251,398,397.73846153846165
3,1252,398,397.9918552036201
3,1253,398,398.0343891402715
3,1254,398,397.8570135746607
3,1255,398,397.85701357466075
3,1256,398,397.89321266968324
3,1257,398,397.8271493212671
3,1258,398,397.7203619909503
3,1259,397,397.70226244343894
3,1260,397,397.702262443439
3,1261,398,397.79095022624443
3,1262,398,397.83891402714937
3,1263,398,397.8552036199096
3,1264,398,397.8488687782807
3,1265,398,397.8995475113124
3,1266,398,397.8868778280544
3,1267,398,397.6199095022625
3,1268,397,397.30769230769243
3,1269,397,397.15927601809966
3,1270,397,396.98371040723987
3,1271,397,396.79909502262456
3,1272,396,396.6235294117649
3,1273,396,396.50367279779016
3,1274,397,396.44955044955043
3,1275,397,396.3900543900544
3,1276,396,396.33333333333366
3,1277,396,396.271794871795
3,1278,396,396.0959595959587
3,1279,396,396.0151515151515
3,1280,394,392.4289592760182
3,1281,394,392.84434389140296
3,1282,395,393.25158371040743
3,1283,395,393.44162895927616
3,1284,392,393.34660633484174
3,1285,392,392.8986425339368
3,1286,392,392.1656108597286
3,1287,391,391.21538461538466
3,1288,391,390.6723981900454
3,1289,390,390.1610859728508
3,1290,390,389.93574660633493
3,1291,389,389.8506787330317
3,1292,389,389.55384615384634
3,1293,390,389.2932126696834
3,1294,390,389.3167420814481
3,1295,389,389.13393665158384
3,1296,389,388.8696832579186
3,1297,388,388.439819004525
3,1298,388,388.03076923076935
3,1299,388,387.4199095022626
3,1300,388,386.72307692307703
3,1301,385,386.1239819004526
3,1302,385,385.6769230769232
3,1303,385,385.0977375565611
3,1304,385,384.64072398190063
3,1305,384,384.2832579185521
3,1306,384,384.0027149321269
3,1307,384,383.91493212669695
3,1308,384,383.935746606335
3,1309,383,383.6334841628961
3,1310,384,383.37647058823546
3,1311,384,383.18280542986435
3,1312,383,383.0705882352943
3,1313,383,382.99004524886885
3,1314,382,382.8914027149323
3,1315,382,382.86334841628974
3,1316,383,382.79457013574677
3,1317,383,382.5031674208146
3,1318,383,382.34570135746617
3,1319,383,382.19909502262453
3,1320,382,382.0723981900453
3,1321,382,381.96561085972854
3,1322,381,381.86968325791867
3,1323,381,381.4135746606337
3,1324,382,381.49411764705894
3,1325,382,381.97737556561094
3,1326,383,382.8705882352943
3,1327,383,383.9809954751132
3,1328,384,385.46877828054306
3,1329,384,386.6941176470591
3,1330,390,387.50045248868787
3,1331,390,387.93122171945726
3,1332,390,387.95656108597296
3,1333,389,387.6760180995475
3,1334,389,387.321266968326
3,1335,384,386.92669683257924
3,1336,384,386.33574660633496
3,1337,384,385.2570135746608
3,1338,384,384.90045248868796
3,1339,386,384.93122171945714
3,1340,387,385.23800904977384
3,1341,387,385.63891402714944
3,1342,385,386.35203619909515
3,1343,385,386.6235294117648
3,1344,388,386.89954751131233
3,1345,388,386.993665158371
3,1346,387,387.1194570135747
3,1347,387,387.4199095022626
3,1348,388,387.9764705882354
3,1349,388,388.5321266968326
3,1350,389,389.02352941176474
3,1351,389,389.439819004525
3,1352,391,390.24434389140293
3,1353,391,391.23257918552036
3,1354,392,392.0733031674209
3,1355,392,392.7031674208146
3,1356,394,393.3266968325793
3,1357,394,393.88054298642544
3,1358,395,394.16923076923086
3,1359,395,394.33574660633496
3,1360,394,394.73484162895943
3,1361,394,394.9212669683259
3,1362,395,394.86515837104076
3,1363,395,394.73665158371045
3,1364,394,394.8470588235295
3,1365,396,394.9076923076924
3,1366,396,394.90678733031683
3,1367,394,395.0325791855205
3,1368,394,395.12850678733037
3,1369,396,395.23800904977384
3,1370,396,395.47239819004534
3,1371,395,395.74298642533944
3,1372,395,395.8226244343893
3,1373,397,396.1610859728509
3,1374,397,396.6696832579187
3,1375,397,396.92398190045265
3,1376,397,397.0380090497738
3,1377,397,397.1909502262445
3,1378,397,397.36199095022636
3,1379,398,397.3945701357467
3,1380,398,397.33212669683274
3,1381,397,397.4244343891404
3,1382,397,397.5212669683259
3,1383,397,397.6135746606337
3,1384,398,397.69230769230774
3,1385,398,397.8190045248869
3,1386,398,397.85520361990956
3,1387,398,397.9393665158372
3,1388,398,398.00995475113126
3,1389,398,397.86696832579196
3,1390,398,397.7104072398191
3,1391,398,397.6018099547512
3,1392,397,397.54117647058825
3,1393,397,397.4669683257919
3,1394,397,397.3882352941178
3,1395,397,397.45520361990964
3,1396,398,397.4180995475114
3,1397,398,397.2334841628961
3,1398,397,397.0579185520364
3,1399,397,397.0506787330319
3,1400,397,396.8325791855204
3,1401,397,396.7131221719459
3,1402,395,396.40180995475134
3,1403,395,395.82352941176475
3,1404,396,395.1800904977377
3,1405,396,394.47330316742097
3,1406,394,393.63710407239836
3,1407,394,392.80542986425354
3,1408,391,392.04162895927607
3,1409,390,391.4090497737558
3,1410,390,390.7647058823531
3,1411,390,390.1656108597287
3,1412,390,389.80452488687797
3,1413,390,389.67420814479647
3,1414,390,389.5610859728508
3,1415,390,389.6515837104074
3,1416,390,389.5755656108599
3,1417,389,389.4244343891404
3,1418,389,389.27782805429877
3,1419,389,389.1447963800906
3,1420,389,389.03438914027157
3,1421,389,388.95565610859745
3,1422,389,388.91764705882355
3,1423,389,388.92941176470595
3,1424,389,389.00000000000006
3,1425,389,389.00000000000006
3,1426,389,389.00000000000006
3,1427,389,389.00000000000006
3,1428,389,389.00000000000006
3,1429,389,389.07058823529417
3,1430,389,389.0823529411767
3,1431,389,388.97375565610866
3,1432,389,388.88325791855215
3,1433,389,388.881447963801
3,1434,389,388.8389140271494
3,1435,389,388.76470588235304
3,1436,388,388.6678733031675
3,1437,388,388.5574660633485
3,1438,389,388.44253393665167
3,1439,389,388.2615384615385
3,1440,388,388.15294117647073
3,1441,388,388.11674208144814
3,1442,388,388.15294117647073
3,1443,388,388.2615384615386
3,1444,388,388.30407239819016
3,1445,388,388.34208144796384
3,1446,389,388.5049773755657
3,1447,389,388.7221719457015
3,1448,389,388.78461538461545
3,1449,389,388.88325791855215
3,1450,389,388.92941176470595
3,1451,389,389.0343891402716
3,1452,389,389.24162895927617
3,1453,389,389.39457013574673
3,1454,389,389.6135746606337
3,1455,390,389.81900452488696
3,1456,390,390.0018099547513
3,1457,391,390.1529411764707
3,1458,391,390.2633484162897
3,1459,390,390.3239819004526
3,1460,390,390.25520361990954
3,1461,390,390.177375565611
3,1462,390,390.14298642533936
3,1463,390,390.1429864253396
3,1464,390,390.0361990950227
3,1465,390,390.0904977375567
3,1466,390,390.23529411764713
3,1467,391,390.33212669683274
3,1468,391,390.44253393665167
3,1469,390,390.5574660633484
3,1470,390,390.6678733031675
3,1471,391,390.694117647059
3,1472,391,390.7565610859729
3,1473,391,390.8371040723983
3,1474,391,390.91764705882355
3,1475,391,391.1185520361993
3,1476,391,391.3601809954753
3,1477,391,391.49502262443445
3,1478,392,391.5755656108599
3,1479,392,391.72217194570163
3,1480,392,391.85520361990956
3,1481,392,391.96561085972866
3,1482,392,392.04434389140283
3,1483,392,392.08235294117657
3,1484,392,392.0705882352942
3,1485,392,391.99999999999994
3,1486,392,391.99999999999994
3,1487,392,391.99999999999994
3,1488,392,391.99999999999994
3,1489,392,391.99999999999994
3,1490,392,391.99999999999994
3,1491,392,391.99999999999994
3,1492,392,391.99999999999994
3,1493,392,391.99999999999994
3,1494,392,391.99999999999994
3,1495,392,391.99999999999994
3,1496,392,391.99999999999994
3,1497,392,391.99999999999994
3,1498,392,391.99999999999994
3,1499,392,391.99999999999994
3,1500,392,391.99999999999994
3,1501,392,391.99999999999994
3,1502,392,391.99999999999994
3,1503,392,391.99999999999994
3,1504,392,392.0705882352943
3,1505,392,392.0823529411765
3,1506,392,391.97375565610866
3,1507,392,391.88325791855215
3,1508,392,391.88144796380107
3,1509,392,391.83891402714937
3,1510,392,391.7647058823531
3,1511,391,391.6678733031675
3,1512,391,391.5574660633485
3,1513,392,391.51312217194584
3,1514,392,391.41447963800925
3,1515,391,391.2796380090499
3,1516,391,391.12669683257946
3,1517,391,390.9031674208146
3,1518,391,390.7565610859729
3,1519,391,390.62805429864267
3,1520,390,390.45882352941186
3,1521,390,390.39638009049776
3,1522,390,390.38823529411775
3,1523,390,390.31402714932136
3,1524,391,390.25339366515846
3,1525,391,390.2153846153848
3,1526,390,390.20904977375574
3,1527,390,390.59638009049775
3,1528,390,390.6009049773757
3,1529,390,390.5275900570016
3,1530,390,390.3626373626372
3,1531,390,390.14085914085905
3,1532,390,389.706293706294
3,1533,390,388.6620046620047
3,1534,385,386.9444444444437
3,1535,385,384.3181818181817
3,1536,385,387.20633484162914
3,1537,384,386.8868778280543
3,1538,384,386.93484162895925
3,1539,389,387.150226244344
3,1540,389,387.33303167420826
3,1541,388,387.6832579185522
3,1542,388,388.4009049773757
3,1543,390,389.28597285067883
3,1544,390,389.58461538461546
3,1545,389,389.604524886878
3,1546,389,389.43257918552047
3,1547,390,389.577375565611
3,1548,390,389.68597285067887
3,1549,389,389.6199095022626
3,1550,389,389.3701357466065
3,1551,390,389.3339366515838
3,1552,390,389.3701357466065
3,1553,389,389.34027149321275
3,1554,389,389.3058823529413
3,1555,389,389.39638009049787
3,1556,389,389.54117647058837
3,1557,390,389.6723981900453
3,1558,390,389.7221719457014
3,1559,390,389.75837104072406
3,1560,390,389.8488687782806
3,1561,390,389.92579185520367
3,1562,390,389.9212669683259
3,1563,390,389.76470588235304
3,1564,389,389.585520361991
3,1565,389,389.5837104072399
3,1566,390,389.5592760180997
3,1567,390,389.52126696832585
3,1568,389,389.47873303167427
3,1569,389,389.4407239819005
3,1570,390,389.4162895927602
3,1571,390,389.3438914027151
3,1572,389,389.22352941176484
3,1573,389,389.1167420814481
3,1574,389,389.1529411764707
3,1575,389,389.2615384615386
3,1576,389,389.3746606334842
3,1577,389,389.42443438914034
3,1578,390,389.47873303167444
3,1579,390,389.6054298642535
3,1580,390,389.73665158371057
3,1581,390,389.804524886878
3,1582,390,389.73846153846165
3,1583,389,389.6678733031675
3,1584,389,389.53082211905723
3,1585,390,389.39460539460526
3,1586,390,389.3577533577534
3,1587,389,389.40326340326385
3,1588,389,389.5393939393942
3,1589,390,389.7070707070698
3,1590,390,390.15151515151507
