channel,index,raw,filtered
1,0,373,378.09523809523813
1,1,373,374.3809523809523
1,2,373,374.28571428571416
1,3,382,378.99999999999994
1,4,382,381.5714285714284
1,5,382,382.8571428571427
1,6,382,381.80952380952374
1,7,382,382.09523809523785
1,8,382,382.7619047619046
1,9,384,383.3809523809523
1,10,384,383.5238095238093
1,11,383,383.1904761904759
1,12,382,382.2857142857143
1,13,382,382.09523809523796
1,14,382,382.1904761904762
1,15,383,382.1428571428571
1,16,382,382.38095238095235
1,17,382,382.9047619047618
1,18,384,383.1904761904761
1,19,384,383.5714285714285
1,20,383,383.5238095238094
1,21,383,383.047619047619
1,22,383,382.8095238095236
1,23,383,383.0476190476188
1,24,383,384.47619047619037
1,25,384,383.09523809523785
1,26,384,380.04761904761887
1,27,372,376.04761904761875
1,28,372,371.8571428571428
1,29,371,370.38095238095224
1,30,371,371.6190476190474
1,31,375,373.95238095238074
1,32,375,377.3809523809523
1,33,383,380.76190476190453
1,34,383,382.95238095238074
1,35,384,384.4285714285713
1,36,384,383.9523809523808
1,37,384,384.095238095238
1,38,384,383.9999999999999
1,39,384,383.9999999999999
1,40,384,383.9999999999999
1,41,384,383.9999999999999
1,42,384,383.9999999999999
1,43,384,383.90476190476176
1,44,384,384.04761904761875
1,45,384,384.4285714285713
1,46,385,384.61904761904754
1,47,385,384.61904761904754
1,48,384,384.4285714285713
1,49,384,383.9523809523808
1,50,384,383.9523809523808
1,51,384,384.33333333333326
1,52,385,384.66666666666663
1,53,385,385.14285714285705
1,54,385,384.9999999999999
1,55,385,384.2380952380952
1,56,383,383.7142857142856
1,57,383,383.52380952380935
1,58,384,383.4285714285713
1,59,384,383.71428571428567
1,60,383,383.3809523809523
1,61,383,382.61904761904754
1,62,382,382.3809523809521
1,63,382,382.33333333333314
1,64,383,382.23809523809507
1,65,382,382.28571428571416
1,66,382,382.238095238095
1,67,382,381.8571428571428
1,68,382,381.4761904761903
1,69,381,381.4285714285714
1,70,381,381.80952380952374
1,71,383,382.1904761904761
1,72,383,382.66666666666663
1,73,382,382.4761904761905
1,74,382,381.61904761904754
1,75,381,381.2857142857141
1,76,381,381.5714285714285
1,77,382,381.4761904761904
1,78,382,381.0952380952379
1,79,380,380.8571428571428
1,80,380,381.04761904761887
1,81,382,380.99999999999994
1,82,382,380.90476190476176
1,83,379,380.2857142857141
1,84,379,379.09523809523796
1,85,379,378.47619047619037
1,86,378,378.28571428571416
1,87,378,377.6190476190476
1,88,377,377.2857142857143
1,89,377,377.3809523809523
1,90,378,377.57142857142827
1,91,378,377.95238095238096
1,92,378,378.09523809523796
1,93,378,378.09523809523785
1,94,378,377.9523809523808
1,95,378,377.6666666666665
1,96,377,377.33333333333326
1,97,377,377.047619047619
1,98,377,376.9047619047618
1,99,377,376.9999999999999
1,100,377,376.9999999999999
1,101,377,376.9999999999999
1,102,377,376.9999999999999
1,103,377,376.9999999999999
1,104,377,376.9999999999999
1,105,377,376.9999999999999
1,106,377,376.9999999999999
1,107,377,376.9999999999999
1,108,377,376.9999999999999
1,109,377,376.9999999999999
1,110,377,376.90476190476187
1,111,377,377.04761904761915
1,112,377,377.2380952380951
1,113,378,377.7142857142856
1,114,378,378.2857142857143
1,115,379,378.76190476190465
1,116,379,378.95238095238085
1,117,379,379.095238095238
1,118,379,378.90476190476176
1,119,379,379.047619047619
1,120,379,379.33333333333314
1,121,380,379.57142857142827
1,122,380,379.9999999999999
1,123,380,380.4285714285714
1,124,381,380.6666666666666
1,125,381,380.95238095238096
1,126,381,381.09523809523796
1,127,381,380.9999999999999
1,128,381,380.9999999999999
1,129,381,380.90476190476176
1,130,381,381.0476190476189
1,131,381,381.3333333333333
1,132,382,381.6666666666666
1,133,382,381.76190476190465
1,134,382,382.1904761904761
1,135,382,382.66666666666663
1,136,384,383.33333333333314
1,137,384,383.9047619047618
1,138,384,384.09523809523785
1,139,384,384.04761904761875
1,140,384,384.2380952380951
1,141,385,384.7142857142856
1,142,385,385.38095238095235
1,143,386,385.71428571428555
1,144,386,385.52380952380946
1,145,385,385.47619047619014
1,146,385,385.28571428571405
1,147,386,385.6190476190475
1,148,386,386.38095238095224
1,149,387,386.71428571428555
1,150,387,386.5238095238093
1,151,386,386.4761904761903
1,152,386,386.4761904761903
1,153,387,386.52380952380935
1,154,387,386.5238095238093
1,155,386,386.4761904761903
1,156,386,386.38095238095224
1,157,387,386.57142857142856
1,158,387,386.95238095238085
1,159,387,387.190476190476
1,160,387,386.95238095238085
1,161,387,386.57142857142856
1,162,386,386.3809523809523
1,163,386,386.38095238095224
1,164,387,386.57142857142856
1,165,387,386.95238095238085
1,166,387,387.0952380952379
1,167,387,386.9999999999999
1,168,387,386.9999999999999
1,169,387,387.09523809523796
1,170,387,386.95238095238085
1,171,387,386.57142857142856
1,172,386,386.3809523809523
1,173,386,386.4761904761903
1,174,387,386.52380952380935
1,175,387,386.6190476190475
1,176,386,386.4285714285714
1,177,386,386.04761904761904
1,178,386,385.90476190476164
1,179,386,386.09523809523796
1,180,386,385.9523809523808
1,181,386,385.6666666666666
1,182,385,385.42857142857144
1,183,385,384.9999999999999
1,184,385,384.6666666666666
1,185,384,384.2857142857142
1,186,384,383.71428571428555
1,187,383,383.238095238095
1,188,383,383.047619047619
1,189,383,382.90476190476164
1,190,383,383.095238095238
1,191,383,382.9523809523809
1,192,383,382.57142857142844
1,193,382,382.38095238095235
1,194,382,382.5714285714284
1,195,383,382.4761904761904
1,196,383,382.38095238095235
1,197,381,381.7142857142856
1,198,381,380.66666666666663
1,199,380,380.1904761904761
1,200,380,380.47619047619037
1,201,381,380.52380952380946
1,202,381,380.6190476190474
1,203,380,380.4285714285713
1,204,380,380.1428571428571
1,205,380,379.7619047619047
1,206,380,379.71428571428555
1,207,379,379.76190476190465
1,208,380,379.6666666666666
1,209,380,379.5238095238095
1,210,379,379.4285714285713
1,211,379,379.04761904761887
1,212,379,378.90476190476176
1,213,379,379.095238095238
1,214,379,378.952380952381
1,215,379,378.6666666666665
1,216,378,378.3333333333331
1,217,378,378.04761904761887
1,218,378,377.90476190476176
1,219,378,377.9999999999999
1,220,378,377.9999999999999
1,221,378,378.09523809523785
1,222,378,377.9523809523808
1,223,378,377.6666666666665
1,224,377,377.33333333333326
1,225,377,377.047619047619
1,226,377,376.9047619047618
1,227,377,376.9999999999999
1,228,377,376.9999999999999
1,229,377,376.6190476190476
1,230,377,377.1904761904762
1,231,377,378.33333333333326
1,232,381,379.6666666666665
1,233,381,380.9047619047618
1,234,381,381.33333333333314
1,235,381,380.6666666666666
1,236,380,380.2380952380952
1,237,380,380.28571428571416
1,238,380,380.14285714285705
1,239,381,379.99999999999983
1,240,379,379.71428571428555
1,241,379,379.14285714285705
1,242,379,378.47619047619037
1,243,378,378.3333333333331
1,244,378,378.04761904761887
1,245,378,377.90476190476176
1,246,378,377.80952380952374
1,247,378,378.190476190476
1,248,378,378.6190476190475
1,249,380,378.99999999999994
1,250,379,379.23809523809507
1,251,379,379.2380952380952
1,252,379,378.90476190476176
1,253,379,379.0000000000001
1,254,379,378.9999999999999
1,255,379,379.0
1,256,380,383.5714285714286
1,257,380,380.1904761904763
1,258,379,378.33333333333326
1,259,379,379.3809523809523
1,260,380,379.57142857142844
1,261,380,379.9523809523808
1,262,380,380.095238095238
1,263,380,379.80952380952374
1,264,380,380.09523809523796
1,265,380,380.8571428571427
1,266,382,381.238095238095
1,267,382,381.0476190476189
1,268,380,380.85714285714266
1,269,380,380.80952380952374
1,270,382,381.47619047619037
1,271,383,382.5714285714285
1,272,383,383.0476190476189
1,273,383,383.1428571428569
1,274,383,383.33333333333326
1,275,384,383.6666666666665
1,276,384,383.8571428571428
1,277,384,384.14285714285694
1,278,384,384.33333333333326
1,279,385,384.66666666666663
1,280,385,384.9523809523808
1,281,385,385.095238095238
1,282,385,384.9999999999999
1,283,385,384.9999999999999
1,284,385,384.9047619047618
1,285,385,385.0476190476188
1,286,385,385.33333333333326
1,287,386,385.6666666666666
1,288,386,385.8571428571427
1,289,386,386.14285714285717
1,290,386,386.4285714285712
1,291,387,386.6190476190476
1,292,387,386.6190476190475
1,293,386,386.4285714285714
1,294,386,386.04761904761904
1,295,386,385.90476190476164
1,296,386,385.99999999999994
1,297,386,385.90476190476187
1,298,386,386.0476190476189
1,299,386,386.4285714285712
1,300,387,386.6190476190476
1,301,387,386.7142857142857
1,302,386,386.38095238095224
1,303,386,385.6190476190476
1,304,385,385.28571428571405
1,305,385,385.3809523809523
1,306,386,385.57142857142844
1,307,386,385.95238095238085
1,308,386,386.095238095238
1,309,386,385.99999999999994
1,310,386,385.99999999999994
1,311,386,386.09523809523796
1,312,386,385.9523809523808
1,313,386,385.76190476190476
1,314,385,385.190476190476
1,315,385,384.7619047619046
1,316,384,384.76190476190465
1,317,385,384.61904761904754
1,318,385,384.095238095238
1,319,383,383.80952380952357
1,320,383,383.52380952380935
1,321,384,383.4285714285713
1,322,384,383.5238095238093
1,323,383,383.47619047619025
1,324,383,383.66666666666663
1,325,384,383.42857142857116
1,326,384,382.76190476190453
1,327,381,382.1904761904761
1,328,381,381.9999999999999
1,329,383,381.9523809523808
1,330,383,382.3333333333333
1,331,381,381.8095238095237
1,332,381,380.76190476190465
1,333,380,380.1428571428571
1,334,380,380.1428571428571
1,335,380,379.95238095238085
1,336,380,379.6190476190473
1,337,379,378.90476190476176
1,338,378,378.42857142857133
1,339,378,378.38095238095224
1,340,379,378.5238095238094
1,341,379,378.6190476190474
1,342,378,378.4285714285712
1,343,378,378.142857142857
1,344,378,377.8571428571427
1,345,378,377.6666666666665
1,346,377,377.33333333333326
1,347,377,377.047619047619
1,348,377,376.9047619047618
1,349,377,377.0952380952381
1,350,377,376.952380952381
1,351,377,376.57142857142844
1,352,376,376.3809523809523
1,353,376,376.3809523809523
1,354,377,376.57142857142844
1,355,377,376.9523809523808
1,356,377,377.095238095238
1,357,377,376.9999999999999
1,358,377,376.9999999999999
1,359,377,376.9999999999999
1,360,377,376.9999999999999
1,361,377,376.9999999999999
1,362,377,376.9999999999999
1,363,377,376.9999999999999
1,364,377,376.9999999999999
1,365,377,376.9999999999999
1,366,377,376.8095238095238
1,367,377,377.0952380952379
1,368,377,377.6666666666665
1,369,379,378.33333333333326
1,370,379,378.8095238095236
1,371,379,379.2380952380952
1,372,379,379.4285714285714
1,373,380,379.6190476190474
1,374,380,379.61904761904754
1,375,379,379.4285714285713
1,376,379,379.04761904761887
1,377,379,378.90476190476176
1,378,379,378.99999999999983
1,379,379,378.99999999999983
1,380,379,379.095238095238
1,381,379,378.8571428571428
1,382,379,378.71428571428567
1,383,378,378.66666666666646
1,384,379,378.7142857142856
1,385,379,378.6666666666666
1,386,379,379.19047619047586
1,387,379,379.57142857142844
1,388,381,380.3809523809523
1,389,381,381.2380952380951
1,390,382,381.8571428571428
1,391,382,381.5714285714285
1,392,382,382.2857142857143
1,393,382,383.42857142857133
1,394,386,384.61904761904754
1,395,386,385.3809523809522
1,396,385,385.7619047619046
1,397,385,385.3809523809523
1,398,386,385.57142857142844
1,399,386,385.95238095238085
1,400,386,386.095238095238
1,401,386,385.99999999999994
1,402,386,385.99999999999994
1,403,386,385.99999999999994
1,404,386,385.99999999999994
1,405,386,385.99999999999994
1,406,386,386.09523809523796
1,407,386,385.9523809523808
1,408,386,385.76190476190476
1,409,385,385.2857142857143
1,410,385,384.7142857142856
1,411,384,384.23809523809507
1,412,384,384.142857142857
1,413,384,383.85714285714266
1,414,384,383.57142857142844
1,415,383,383.3809523809522
1,416,383,383.3809523809523
1,417,384,383.57142857142856
1,418,384,383.9523809523808
1,419,384,383.9999999999998
1,420,384,384.04761904761875
1,421,384,384.4285714285713
1,422,385,384.61904761904754
1,423,385,384.52380952380935
1,424,384,384.4761904761903
1,425,384,384.38095238095224
1,426,385,384.5714285714285
1,427,385,385.0476190476189
1,428,385,385.0476190476189
1,429,385,384.6666666666665
1,430,384,384.3333333333332
1,431,384,384.0476190476189
1,432,384,383.8095238095237
1,433,384,384.04761904761875
1,434,384,385.09523809523796
1,435,385,384.2857142857141
1,436,385,382.28571428571416
1,437,377,379.8571428571428
1,438,377,377.33333333333326
1,439,377,375.42857142857133
1,440,376,376.5714285714285
1,441,376,377.52380952380946
1,442,381,379.3333333333333
1,443,381,381.4285714285713
1,444,383,382.8095238095237
1,445,383,382.9047619047618
1,446,383,383.1904761904761
1,447,383,383.095238095238
1,448,383,382.9523809523809
1,449,383,382.66666666666646
1,450,382,382.42857142857133
1,451,382,382.0
1,452,382,381.7619047619047
1,453,381,381.23809523809507
1,454,381,380.2857142857142
1,455,379,379.61904761904754
1,456,379,379.6190476190474
1,457,380,379.3809523809524
1,458,380,379.3809523809523
1,459,378,378.7142857142855
1,460,378,377.7619047619047
1,461,377,377.1428571428572
1,462,377,377.047619047619
1,463,377,376.9047619047618
1,464,377,377.0952380952381
1,465,377,376.952380952381
1,466,377,376.66666666666663
1,467,376,376.3333333333333
1,468,376,375.95238095238085
1,469,376,375.95238095238085
1,470,376,376.33333333333326
1,471,377,376.6666666666667
1,472,377,376.9523809523808
1,473,377,377.095238095238
1,474,377,376.9999999999999
1,475,377,376.9999999999999
1,476,377,376.9999999999999
1,477,377,376.9999999999999
1,478,377,376.9999999999999
1,479,377,376.9999999999999
1,480,377,376.9999999999999
1,481,377,376.9999999999999
1,482,377,376.9999999999999
1,483,377,377.0952380952381
1,484,377,376.952380952381
1,485,377,376.57142857142844
1,486,376,376.3809523809523
1,487,376,376.3809523809523
1,488,377,376.57142857142844
1,489,377,376.76190476190476
1,490,377,377.1904761904761
1,491,377,377.8571428571427
1,492,379,378.2380952380951
1,493,379,378.04761904761887
1,494,377,377.9523809523808
1,495,377,377.76190476190476
1,496,379,378.14285714285705
1,497,379,378.9047619047619
1,498,379,379.28571428571416
1,499,379,378.952380952381
1,500,379,378.4761904761903
1,501,378,378.42857142857133
1,502,378,378.7142857142857
1,503,380,379.2380952380951
1,504,380,379.90476190476187
1,505,380,380.19047619047615
1,506,380,379.90476190476176
1,507,380,380.047619047619
1,508,380,380.23809523809507
1,509,381,380.62857142857143
1,510,381,381.2285714285713
1,511,382,381.89999999999986
1,512,382,384.9523809523809
1,513,382,382.52380952380946
1,514,382,380.8571428571428
1,515,382,382.23809523809507
1,516,382,382.95238095238085
1,517,385,383.5714285714284
1,518,384,384.238095238095
1,519,384,384.47619047619025
1,520,385,384.66666666666646
1,521,385,385.61904761904736
1,522,387,386.42857142857133
1,523,387,386.90476190476176
1,524,387,387.190476190476
1,525,387,386.90476190476187
1,526,387,387.0476190476188
1,527,387,387.42857142857133
1,528,388,387.61904761904736
1,529,388,387.7142857142855
1,530,387,387.38095238095224
1,531,387,386.8095238095237
1,532,386,386.1904761904761
1,533,386,385.6190476190476
1,534,385,385.3809523809523
1,535,385,385.3333333333332
1,536,386,385.23809523809507
1,537,385,385.2857142857142
1,538,385,385.0476190476188
1,539,385,384.95238095238085
1,540,385,385.42857142857133
1,541,386,385.6190476190474
1,542,386,385.61904761904754
1,543,385,385.42857142857133
1,544,385,384.95238095238096
1,545,385,384.95238095238085
1,546,385,385.33333333333326
1,547,386,385.6666666666666
1,548,386,385.8571428571427
1,549,386,386.14285714285717
1,550,386,386.33333333333314
1,551,387,386.6666666666665
1,552,387,386.95238095238085
1,553,387,387.0952380952379
1,554,387,386.90476190476187
1,555,387,387.0476190476188
1,556,387,387.52380952380963
1,557,388,387.5714285714284
1,558,388,387.2857142857141
1,559,386,386.76190476190453
1,560,386,386.095238095238
1,561,386,385.80952380952374
1,562,386,385.99999999999994
1,563,386,385.90476190476187
1,564,386,386.0476190476189
1,565,386,386.4285714285712
1,566,387,386.6190476190476
1,567,387,386.7142857142857
1,568,386,386.38095238095224
1,569,386,385.80952380952374
1,570,385,385.190476190476
1,571,385,384.7142857142856
1,572,384,384.23809523809507
1,573,384,384.23809523809507
1,574,384,383.8095238095237
1,575,384,383.5238095238094
1,576,382,382.5714285714285
1,577,382,381.52380952380935
1,578,380,380.4285714285712
1,579,380,379.8571428571428
1,580,379,379.09523809523796
1,581,379,378.80952380952374
1,582,378,378.19047619047603
1,583,378,377.7142857142856
1,584,377,377.2380952380952
1,585,377,377.047619047619
1,586,377,376.9047619047618
1,587,377,376.9999999999999
1,588,377,376.9999999999999
1,589,377,376.9999999999999
1,590,377,376.90476190476187
1,591,377,377.04761904761915
1,592,377,377.4285714285712
1,593,378,377.6190476190474
1,594,378,377.6190476190475
1,595,377,377.4285714285713
1,596,377,377.047619047619
1,597,377,376.9047619047618
1,598,377,376.9999999999999
1,599,377,376.9999999999999
1,600,377,376.9999999999999
1,601,377,376.9999999999999
1,602,377,376.9999999999999
1,603,377,376.9999999999999
1,604,377,376.9999999999999
1,605,377,376.90476190476187
1,606,377,377.04761904761915
1,607,377,377.2380952380951
1,608,378,377.7142857142856
1,609,378,378.2857142857143
1,610,379,378.76190476190465
1,611,379,378.76190476190465
1,612,379,379.19047619047586
1,613,379,379.6666666666666
1,614,381,380.3333333333332
1,615,381,380.9047619047618
1,616,381,381.1904761904761
1,617,381,380.90476190476176
1,618,381,381.0476190476189
1,619,381,381.23809523809507
1,620,382,381.7142857142856
1,621,382,382.3809523809523
1,622,383,382.7142857142856
1,623,383,382.52380952380946
1,624,382,382.4761904761904
1,625,382,382.2857142857143
1,626,383,382.80952380952357
1,627,383,383.190476190476
1,628,384,382.904761904762
1,629,382,382.71428571428567
1,630,382,382.76190476190476
1,631,384,383.1904761904759
1,632,384,384.142857142857
1,633,385,384.90476190476176
1,634,385,385.38095238095235
1,635,386,385.71428571428555
1,636,386,385.61904761904754
1,637,385,385.33333333333326
1,638,385,385.095238095238
1,639,385,386.5714285714285
1,640,386,384.99999999999983
1,641,386,381.28571428571416
1,642,372,376.76190476190453
1,643,372,372.66666666666646
1,644,372,369.33333333333326
1,645,372,372.6666666666665
1,646,372,376.6666666666664
1,647,386,381.33333333333314
1,648,386,385.2380952380952
1,649,386,387.38095238095224
1,650,386,386.33333333333314
1,651,387,386.5714285714284
1,652,387,386.9999999999998
1,653,387,387.33333333333326
1,654,388,387.7142857142855
1,655,388,388.4761904761903
1,656,389,388.6666666666666
1,657,389,388.1904761904762
1,658,387,387.8095238095236
1,659,387,387.52380952380935
1,660,388,387.4285714285715
1,661,388,387.61904761904754
1,662,387,387.4285714285714
1,663,387,387.047619047619
1,664,387,386.9047619047617
1,665,387,386.9999999999999
1,666,387,386.9999999999999
1,667,387,387.09523809523796
1,668,387,386.95238095238085
1,669,387,386.6666666666665
1,670,386,386.42857142857144
1,671,386,385.99999999999994
1,672,386,385.66666666666646
1,673,385,385.2857142857143
1,674,385,384.7142857142856
1,675,384,384.23809523809507
1,676,384,384.23809523809507
1,677,384,383.8095238095237
1,678,384,383.3333333333332
1,679,382,382.66666666666663
1,680,382,382.1904761904762
1,681,382,381.76190476190465
1,682,382,381.76190476190465
1,683,381,381.2857142857142
1,684,381,380.71428571428555
1,685,380,380.2380952380952
1,686,380,380.1428571428571
1,687,380,379.8571428571428
1,688,380,379.57142857142844
1,689,379,379.38095238095224
1,690,379,379.28571428571416
1,691,380,379.6190476190476
1,692,380,380.2857142857142
1,693,381,380.7619047619047
1,694,381,381.04761904761887
1,695,381,381.14285714285694
1,696,381,380.6190476190474
1,697,380,380.0952380952378
1,698,379,379.33333333333326
1,699,379,378.6190476190474
1,700,378,378.238095238095
1,701,378,378.142857142857
1,702,378,377.8571428571427
1,703,378,377.6666666666665
1,704,377,377.33333333333326
1,705,377,377.1428571428571
1,706,377,376.8571428571427
1,707,377,376.57142857142844
1,708,376,376.3809523809523
1,709,376,376.3809523809523
1,710,377,376.57142857142844
1,711,377,376.9523809523808
1,712,377,377.095238095238
1,713,377,377.0952380952381
1,714,377,376.952380952381
1,715,377,376.57142857142844
1,716,376,376.3809523809523
1,717,376,376.3809523809523
1,718,377,376.57142857142844
1,719,377,376.9523809523808
1,720,377,376.9999999999999
1,721,377,377.04761904761915
1,722,377,377.33333333333326
1,723,378,377.6666666666665
1,724,378,377.95238095238096
1,725,378,378.09523809523796
1,726,378,377.9999999999999
1,727,378,377.9999999999999
1,728,378,377.90476190476176
1,729,378,378.04761904761887
1,730,378,378.23809523809507
1,731,379,378.71428571428555
1,732,379,379.2857142857143
1,733,380,379.76190476190465
1,734,380,379.76190476190476
1,735,380,380.1904761904762
1,736,380,380.66666666666646
1,737,382,381.3333333333332
1,738,382,381.80952380952374
1,739,382,382.23809523809524
1,740,382,382.3333333333333
1,741,383,382.66666666666663
1,742,383,382.95238095238074
1,743,383,382.9999999999998
1,744,383,383.0476190476188
1,745,383,383.33333333333326
1,746,384,383.6666666666665
1,747,384,383.76190476190476
1,748,384,384.19047619047603
1,749,384,384.76190476190453
1,750,386,385.2857142857142
1,751,386,385.47619047619025
1,752,385,385.57142857142856
1,753,385,385.28571428571405
1,754,386,385.6190476190475
1,755,386,386.38095238095224
1,756,387,386.6190476190475
1,757,387,386.6666666666665
1,758,386,386.66666666666646
1,759,387,386.76190476190465
1,760,387,387.2857142857141
1,761,388,387.71428571428567
1,762,388,387.52380952380946
1,763,387,387.47619047619037
1,764,387,387.38095238095235
1,765,388,387.4857142857145
1,766,388,387.9714285714285
1,767,388,387.9499999999998
1,768,388,389.047619047619
1,769,388,388.19047619047603
1,770,388,387.38095238095224
1,771,387,387.3333333333332
1,772,387,387.047619047619
1,773,387,386.9047619047617
1,774,387,386.9999999999999
1,775,387,386.9999999999999
1,776,387,386.9999999999999
1,777,387,386.9999999999999
1,778,387,386.9999999999999
1,779,387,386.9999999999999
1,780,387,386.9999999999999
1,781,387,387.09523809523796
1,782,387,386.95238095238085
1,783,387,386.6666666666665
1,784,386,386.33333333333314
1,785,386,386.2380952380952
1,786,386,385.80952380952357
1,787,386,385.14285714285705
1,788,384,384.7619047619046
1,789,384,384.85714285714266
1,790,386,385.095238095238
1,791,386,385.57142857142844
1,792,385,385.5238095238094
1,793,385,385.2380952380951
1,794,385,384.8095238095237
1,795,385,384.2380952380952
1,796,383,383.7142857142856
1,797,383,383.6190476190475
1,798,384,383.3809523809523
1,799,384,383.2857142857141
1,800,382,382.8571428571428
1,801,382,382.04761904761887
1,802,382,381.4761904761903
1,803,381,381.33333333333314
1,804,381,381.0476190476188
1,805,381,380.9047619047617
1,806,381,381.19047619047603
1,807,381,380.9047619047619
1,808,381,380.3333333333332
1,809,379,379.6666666666666
1,810,379,379.0952380952381
1,811,379,378.8095238095236
1,812,379,378.99999999999983
1,813,379,378.99999999999983
1,814,379,379.095238095238
1,815,379,378.952380952381
1,816,379,378.76190476190465
1,817,378,378.0952380952381
1,818,378,377.8095238095238
1,819,377,377.99999999999994
1,820,379,378.33333333333326
1,821,379,378.47619047619037
1,822,378,378.52380952380946
1,823,378,378.142857142857
1,824,378,377.8571428571427
1,825,378,377.6666666666665
1,826,377,377.33333333333326
1,827,377,377.047619047619
1,828,377,376.9047619047618
1,829,377,376.9999999999999
1,830,377,376.9999999999999
1,831,377,377.0952380952381
1,832,377,376.952380952381
1,833,377,376.57142857142844
1,834,376,376.3809523809523
1,835,376,376.4761904761904
1,836,377,376.5238095238094
1,837,377,376.52380952380946
1,838,376,376.4761904761903
1,839,376,376.3809523809523
1,840,377,376.57142857142844
1,841,377,376.9523809523808
1,842,377,377.095238095238
1,843,377,376.9999999999999
1,844,377,376.7142857142856
1,845,377,377.14285714285705
1,846,377,378.0
1,847,380,378.9047619047618
1,848,380,379.90476190476176
1,849,380,380.8095238095237
1,850,381,380.5714285714285
1,851,381,380.38095238095224
1,852,379,379.71428571428555
1,853,379,378.7619047619046
1,854,378,378.14285714285717
1,855,378,377.95238095238085
1,856,378,377.76190476190465
1,857,378,378.42857142857133
1,858,379,379.4285714285714
1,859,381,380.2380952380952
1,860,381,380.47619047619054
1,861,380,380.6190476190474
1,862,380,380.6190476190476
1,863,382,381.2857142857143
1,864,382,382.0476190476189
1,865,383,382.95238095238085
1,866,383,383.6190476190474
1,867,385,384.4285714285714
1,868,385,384.80952380952374
1,869,385,385.2380952380951
1,870,385,385.33333333333326
1,871,386,385.6666666666666
1,872,386,385.95238095238085
1,873,386,386.095238095238
1,874,386,385.99999999999994
1,875,386,385.90476190476187
1,876,386,386.0476190476189
1,877,386,386.33333333333314
1,878,387,386.6666666666665
1,879,387,386.95238095238085
1,880,387,387.0952380952379
1,881,387,386.90476190476187
1,882,387,387.0476190476188
1,883,387,387.3333333333332
1,884,388,387.66666666666646
1,885,388,387.95238095238085
1,886,388,388.09523809523785
1,887,388,387.90476190476176
1,888,388,388.04761904761887
1,889,388,388.238095238095
1,890,389,388.71428571428567
1,891,389,389.3809523809522
1,892,390,389.7142857142855
1,893,390,389.52380952380946
1,894,389,389.4761904761903
1,895,389,389.5714285714286
1,896,390,389.47619047619037
1,897,390,389.19047619047626
1,898,388,388.90476190476187
1,899,388,388.38095238095224
1,900,389,388.0476190476189
1,901,388,388.33333333333314
1,902,388,388.6666666666666
1,903,389,388.4761904761904
1,904,389,388.1904761904762
1,905,387,387.8095238095236
1,906,387,387.42857142857133
1,907,388,387.47619047619037
1,908,388,387.95238095238085
1,909,388,388.09523809523785
1,910,388,388.0952380952379
1,911,388,387.952380952381
1,912,388,387.66666666666663
1,913,387,387.3333333333332
1,914,387,387.14285714285705
1,915,387,386.8571428571428
1,916,387,386.76190476190476
1,917,386,386.28571428571416
1,918,386,385.80952380952374
1,919,385,385.3809523809523
1,920,385,384.61904761904754
1,921,384,383.57142857142844
1,922,382,382.71428571428555
1,923,382,381.9999999999999
1,924,382,381.9047619047618
1,925,382,381.9523809523809
1,926,382,381.5714285714284
1,927,381,381.3809523809523
1,928,381,381.38095238095235
1,929,382,381.6666666666664
1,930,382,381.90476190476176
1,931,382,381.76190476190465
1,932,381,381.33333333333314
1,933,381,381.0476190476188
1,934,381,380.9047619047617
1,935,381,380.9999999999999
1,936,381,380.9999999999999
1,937,381,380.90476190476176
1,938,381,381.0476190476189
1,939,381,381.4285714285713
1,940,382,381.6190476190475
1,941,382,381.6190476190475
1,942,381,381.4285714285712
1,943,381,381.0476190476188
1,944,381,380.9047619047617
1,945,381,380.9999999999999
1,946,381,380.9999999999999
1,947,381,380.90476190476176
1,948,381,381.0476190476189
1,949,381,381.52380952380946
1,950,382,381.57142857142844
1,951,382,381.28571428571416
1,952,380,380.76190476190465
1,953,380,380.0952380952379
1,954,380,379.80952380952357
1,955,380,379.99999999999983
1,956,380,379.99999999999983
1,957,380,379.99999999999983
1,958,380,379.99999999999983
1,959,380,379.99999999999983
1,960,380,380.09523809523813
1,961,380,379.9523809523809
1,962,380,379.6666666666664
1,963,379,379.33333333333314
1,964,379,379.04761904761887
1,965,379,378.90476190476176
1,966,379,379.095238095238
1,967,379,378.952380952381
1,968,379,378.6666666666665
1,969,378,378.3333333333331
1,970,378,378.04761904761887
1,971,378,377.90476190476176
1,972,378,377.9999999999999
1,973,378,378.09523809523785
1,974,378,377.9523809523808
1,975,378,377.6666666666665
1,976,377,377.33333333333326
1,977,377,377.1428571428571
1,978,377,376.8571428571427
1,979,377,376.66666666666663
1,980,376,376.3333333333333
1,981,376,376.0476190476189
1,982,376,375.9047619047618
1,983,376,375.9999999999999
1,984,376,375.9999999999999
1,985,376,376.0952380952381
1,986,376,375.95238095238085
1,987,376,375.6666666666665
1,988,375,375.3333333333332
1,989,375,375.14285714285705
1,990,375,374.8571428571428
1,991,375,374.4761904761903
1,992,374,374.4285714285714
1,993,374,374.71428571428555
1,994,376,375.23809523809507
1,995,376,375.9047619047619
1,996,376,376.28571428571416
1,997,376,375.95238095238085
1,998,376,375.57142857142844
1,999,375,375.38095238095224
1,1000,375,375.3809523809523
1,1001,376,375.5714285714284
1,1002,376,375.8571428571428
1,1003,376,376.14285714285705
1,1004,376,376.33333333333326
1,1005,377,376.6666666666667
1,1006,377,377.0476190476189
1,1007,377,377.0476190476189
1,1008,377,376.57142857142844
1,1009,376,376.3809523809523
1,1010,376,376.3809523809523
1,1011,377,376.57142857142844
1,1012,377,376.8571428571427
1,1013,377,377.14285714285705
1,1014,377,377.2380952380951
1,1015,378,377.7142857142856
1,1016,378,378.2857142857143
1,1017,379,378.6666666666666
1,1018,379,378.9999999999999
1,1019,379,379.42857142857133
1,1020,380,379.66666666666646
1,1021,380,379.97142857142865
1,1022,380,380.142857142857
1,1023,380,379.99999999999994
1,1024,380,383.6666666666665
1,1025,380,380.95238095238085
1,1026,381,379.6190476190477
1,1027,381,380.95238095238096
1,1028,381,381.09523809523796
1,1029,381,380.9999999999999
1,1030,381,380.9999999999999
1,1031,381,380.9999999999999
1,1032,381,380.9999999999999
1,1033,381,380.9999999999999
1,1034,381,380.9999999999999
1,1035,381,380.9999999999999
1,1036,381,380.90476190476176
1,1037,381,381.0476190476189
1,1038,381,381.4285714285713
1,1039,382,381.6190476190475
1,1040,382,381.52380952380935
1,1041,381,381.47619047619037
1,1042,381,381.38095238095235
1,1043,382,381.5714285714285
1,1044,382,382.0476190476189
1,1045,382,382.0476190476189
1,1046,382,381.6666666666664
1,1047,381,381.33333333333314
1,1048,381,381.23809523809507
1,1049,381,380.8095238095238
1,1050,381,380.3333333333332
1,1051,379,379.47619047619025
1,1052,379,379.1904761904761
1,1053,379,379.4761904761904
1,1054,381,380.3333333333332
1,1055,381,380.8095238095237
1,1056,381,381.2380952380952
1,1057,381,381.4285714285713
1,1058,382,381.6190476190475
1,1059,382,381.7142857142856
1,1060,381,381.38095238095246
1,1061,381,380.71428571428555
1,1062,380,380.2380952380952
1,1063,380,380.04761904761887
1,1064,380,379.9047619047617
1,1065,380,379.99999999999983
1,1066,380,380.09523809523813
1,1067,380,379.9523809523809
1,1068,380,379.6666666666664
1,1069,379,379.33333333333314
1,1070,379,379.14285714285705
1,1071,379,378.85714285714266
1,1072,379,378.57142857142844
1,1073,378,378.3809523809524
1,1074,378,378.57142857142844
1,1075,379,378.4761904761904
1,1076,379,378.19047619047615
1,1077,377,377.8095238095236
1,1078,377,377.4285714285713
1,1079,378,377.4761904761904
1,1080,378,378.047619047619
1,1081,378,378.04761904761887
1,1082,378,377.6666666666665
1,1083,377,377.33333333333326
1,1084,377,377.047619047619
1,1085,377,376.9047619047618
1,1086,377,376.90476190476187
1,1087,377,377.04761904761915
1,1088,377,377.4285714285712
1,1089,378,377.6190476190474
1,1090,378,377.6190476190475
1,1091,377,377.4285714285713
1,1092,377,377.047619047619
1,1093,377,376.9047619047618
1,1094,377,376.9999999999999
1,1095,377,376.9999999999999
1,1096,377,376.9999999999999
1,1097,377,376.9999999999999
1,1098,377,376.9999999999999
1,1099,377,376.9999999999999
1,1100,377,376.9999999999999
1,1101,377,376.90476190476187
1,1102,377,377.04761904761915
1,1103,377,377.4285714285712
1,1104,378,377.6190476190474
1,1105,378,377.7142857142856
1,1106,377,377.3809523809523
1,1107,377,376.61904761904765
1,1108,376,376.2857142857143
1,1109,376,376.3809523809523
1,1110,377,376.57142857142844
1,1111,377,376.9523809523808
1,1112,377,377.095238095238
1,1113,377,376.8095238095238
1,1114,377,377.0952380952379
1,1115,377,377.76190476190465
1,1116,379,378.28571428571416
1,1117,379,378.4761904761904
1,1118,378,378.5714285714283
1,1119,378,378.3809523809523
1,1120,379,378.5714285714283
1,1121,379,378.95238095238085
1,1122,379,379.095238095238
1,1123,379,378.99999999999983
1,1124,379,378.90476190476176
1,1125,379,379.047619047619
1,1126,379,379.33333333333314
1,1127,380,379.66666666666646
1,1128,380,379.9523809523808
1,1129,380,380.095238095238
1,1130,380,379.99999999999983
1,1131,380,379.99999999999983
1,1132,380,379.80952380952374
1,1133,380,380.09523809523796
1,1134,380,380.76190476190453
1,1135,382,381.2857142857141
1,1136,382,381.4761904761904
1,1137,381,381.5714285714284
1,1138,381,381.47619047619037
1,1139,382,381.52380952380935
1,1140,382,381.6190476190475
1,1141,381,381.4285714285712
1,1142,381,381.0476190476188
1,1143,381,380.9047619047617
1,1144,381,380.9999999999999
1,1145,381,380.90476190476176
1,1146,381,381.0476190476189
1,1147,381,381.3333333333333
1,1148,382,381.6666666666666
1,1149,382,381.9523809523809
1,1150,382,382.09523809523796
1,1151,382,381.9999999999997
1,1152,382,381.9999999999997
1,1153,382,381.9999999999997
1,1154,382,381.9999999999997
1,1155,382,381.9999999999997
1,1156,382,381.9999999999997
1,1157,382,381.9999999999997
1,1158,382,381.9999999999997
1,1159,382,381.9999999999997
1,1160,382,381.9999999999997
1,1161,382,381.9999999999997
1,1162,382,382.19047619047603
1,1163,382,381.9047619047618
1,1164,382,381.2380952380951
1,1165,380,380.71428571428555
1,1166,380,380.42857142857144
1,1167,381,380.47619047619037
1,1168,381,381.04761904761887
1,1169,381,381.04761904761887
1,1170,381,380.6666666666666
1,1171,380,380.33333333333314
1,1172,380,380.04761904761887
1,1173,380,379.9047619047617
1,1174,380,380.09523809523813
1,1175,380,379.9523809523809
1,1176,380,379.6666666666664
1,1177,379,379.33333333333314
1,1178,379,379.04761904761887
1,1179,379,378.90476190476176
1,1180,379,378.99999999999983
1,1181,379,379.095238095238
1,1182,379,378.952380952381
1,1183,379,378.6666666666665
1,1184,378,378.3333333333331
1,1185,378,378.04761904761887
1,1186,378,377.90476190476176
1,1187,378,377.9999999999999
1,1188,378,377.9999999999999
1,1189,378,377.9999999999999
1,1190,378,377.9999999999999
1,1191,378,377.9999999999999
1,1192,378,377.9999999999999
1,1193,378,378.09523809523785
1,1194,378,377.9523809523808
1,1195,378,377.6666666666665
1,1196,377,377.33333333333326
1,1197,377,377.047619047619
1,1198,377,376.8095238095237
1,1199,377,377.04761904761915
1,1200,377,377.4285714285712
1,1201,378,377.6190476190474
1,1202,378,377.6190476190475
1,1203,377,377.4285714285713
1,1204,377,377.047619047619
1,1205,377,376.9047619047618
1,1206,377,376.90476190476187
1,1207,377,377.04761904761915
1,1208,377,377.33333333333326
1,1209,378,377.6666666666665
1,1210,378,377.95238095238096
1,1211,378,378.09523809523796
1,1212,378,377.9999999999999
1,1213,378,377.9999999999999
1,1214,378,377.90476190476176
1,1215,378,378.04761904761887
1,1216,378,378.4285714285712
1,1217,379,378.6190476190474
1,1218,379,378.5238095238094
1,1219,378,378.4761904761903
1,1220,378,378.47619047619037
1,1221,379,378.5238095238094
1,1222,379,378.42857142857133
1,1223,378,378.52380952380935
1,1224,378,378.7142857142857
1,1225,380,379.2380952380951
1,1226,380,379.90476190476187
1,1227,380,380.19047619047615
1,1228,380,379.99999999999983
1,1229,380,379.90476190476176
1,1230,380,380.047619047619
1,1231,380,380.23809523809507
1,1232,381,380.71428571428567
1,1233,381,381.3809523809523
1,1234,382,381.7142857142856
1,1235,382,381.52380952380935
1,1236,381,381.47619047619037
1,1237,381,381.38095238095235
1,1238,382,381.5714285714285
1,1239,382,381.85714285714283
1,1240,382,382.142857142857
1,1241,382,382.42857142857133
1,1242,383,382.6190476190475
1,1243,383,382.61904761904736
1,1244,382,382.42857142857133
1,1245,382,382.0476190476189
1,1246,382,381.8095238095238
1,1247,382,382.04761904761887
1,1248,382,382.52380952380935
1,1249,383,382.5714285714283
1,1250,383,382.28571428571416
1,1251,381,381.6666666666666
1,1252,381,381.1428571428571
1,1253,381,381.42857142857144
1,1254,382,381.52380952380946
1,1255,382,380.95238095238085
1,1256,379,380.095238095238
1,1257,379,379.142857142857
1,1258,379,378.6190476190475
1,1259,379,379.047619047619
1,1260,379,379.33333333333314
1,1261,380,379.66666666666646
1,1262,380,380.0476190476189
1,1263,380,380.047619047619
1,1264,380,379.6666666666664
1,1265,379,379.14285714285694
1,1266,379,379.04761904761887
1,1267,379,379.6190476190474
1,1268,381,380.7619047619047
1,1269,382,381.52380952380935
1,1270,382,381.80952380952374
1,1271,381,381.4285714285712
1,1272,381,381.0476190476188
1,1273,381,380.9047619047617
1,1274,381,381.0952380952378
1,1275,381,380.95238095238085
1,1276,381,380.6666666666666
1,1277,380,380.37142857142874
1,1278,380,380.02857142857124
1,1279,380,380.0499999999999
1,1280,380,383.6190476190475
1,1281,380,380.61904761904754
1,1282,380,379.047619047619
1,1283,380,379.9523809523809
1,1284,380,379.6666666666664
1,1285,379,379.33333333333314
1,1286,379,379.04761904761887
1,1287,379,378.90476190476176
1,1288,379,378.99999999999983
1,1289,379,378.99999999999983
1,1290,379,378.99999999999983
1,1291,379,379.095238095238
1,1292,379,378.952380952381
1,1293,379,378.57142857142844
1,1294,378,378.3809523809524
1,1295,378,378.3809523809523
1,1296,379,378.5714285714283
1,1297,379,378.95238095238085
1,1298,379,379.095238095238
1,1299,379,378.99999999999983
1,1300,379,378.99999999999983
1,1301,379,379.095238095238
1,1302,379,378.952380952381
1,1303,379,378.57142857142844
1,1304,378,378.3809523809524
1,1305,378,378.3809523809523
1,1306,379,378.5714285714283
1,1307,379,378.95238095238085
1,1308,379,378.9999999999999
1,1309,379,379.047619047619
1,1310,379,379.4285714285714
1,1311,380,379.6190476190474
1,1312,380,379.61904761904754
1,1313,379,379.4285714285713
1,1314,379,378.9523809523809
1,1315,379,378.9523809523808
1,1316,379,379.4285714285714
1,1317,380,379.6190476190474
1,1318,380,379.61904761904754
1,1319,379,379.4285714285713
1,1320,379,378.9523809523809
1,1321,379,378.9523809523808
1,1322,379,379.33333333333314
1,1323,380,379.66666666666646
1,1324,380,379.9523809523808
1,1325,380,380.095238095238
1,1326,380,380.09523809523813
1,1327,380,379.9523809523809
1,1328,380,379.47619047619037
1,1329,379,379.52380952380946
1,1330,379,379.66666666666646
1,1331,381,379.80952380952385
1,1332,380,380.28571428571416
1,1333,380,380.57142857142867
1,1334,381,380.57142857142856
1,1335,381,380.95238095238096
1,1336,381,381.09523809523796
1,1337,381,380.90476190476176
1,1338,381,381.0476190476189
1,1339,381,381.4285714285713
1,1340,382,381.6190476190475
1,1341,382,381.6190476190475
1,1342,381,381.4285714285712
1,1343,381,381.0476190476188
1,1344,381,380.9047619047617
1,1345,381,380.9999999999999
1,1346,381,381.0952380952378
1,1347,381,380.95238095238085
1,1348,381,380.47619047619037
1,1349,380,380.4285714285713
1,1350,380,380.71428571428567
1,1351,382,381.238095238095
1,1352,382,381.9047619047618
1,1353,382,382.1904761904761
1,1354,382,381.90476190476176
1,1355,382,382.04761904761887
1,1356,382,382.42857142857133
1,1357,383,382.6190476190475
1,1358,383,382.61904761904736
1,1359,382,382.42857142857133
1,1360,382,382.142857142857
1,1361,382,381.8571428571428
1,1362,382,381.5714285714284
1,1363,381,381.3809523809523
1,1364,381,381.47619047619037
1,1365,382,381.52380952380935
1,1366,382,381.52380952380935
1,1367,381,381.47619047619037
1,1368,381,381.38095238095235
1,1369,382,381.5714285714285
1,1370,382,382.0476190476189
1,1371,382,382.0476190476189
1,1372,382,381.6666666666664
1,1373,381,381.33333333333314
1,1374,381,381.0476190476188
1,1375,381,380.8095238095237
1,1376,381,381.0476190476189
1,1377,381,381.3333333333333
1,1378,382,381.6666666666666
1,1379,382,382.0476190476189
1,1380,382,382.0476190476189
1,1381,382,381.6666666666664
1,1382,381,381.33333333333314
1,1383,381,381.0476190476188
1,1384,381,380.9047619047617
1,1385,381,380.9999999999999
1,1386,381,380.9999999999999
1,1387,381,380.9999999999999
1,1388,381,380.9999999999999
1,1389,381,380.9999999999999
1,1390,381,380.9999999999999
1,1391,381,380.9999999999999
1,1392,381,380.9999999999999
1,1393,381,380.9999999999999
1,1394,381,381.0952380952378
1,1395,381,380.95238095238085
1,1396,381,380.6666666666666
1,1397,380,380.33333333333314
1,1398,380,380.04761904761887
1,1399,380,379.9047619047617
1,1400,380,380.09523809523813
1,1401,380,379.9523809523809
1,1402,380,379.57142857142844
1,1403,379,379.38095238095224
1,1404,379,379.47619047619037
1,1405,380,379.52380952380935
1,1406,380,379.61904761904754
1,1407,379,379.52380952380935
1,1408,379,378.99999999999983
1,1409,379,378.57142857142844
1,1410,378,378.3333333333331
1,1411,378,377.95238095238085
1,1412,378,377.95238095238096
1,1413,378,378.33333333333326
1,1414,379,378.6666666666666
1,1415,379,378.95238095238085
1,1416,379,379.095238095238
1,1417,379,379.095238095238
1,1418,379,378.952380952381
1,1419,379,378.76190476190465
1,1420,378,378.28571428571416
1,1421,378,377.2380952380952
1,1422,377,377.38095238095224
1,1423,377,378.76190476190465
1,1424,382,380.5714285714283
1,1425,383,382.42857142857144
1,1426,383,383.3333333333332
1,1427,383,383.1428571428569
1,1428,383,383.238095238095
1,1429,384,383.7142857142856
1,1430,384,384.2857142857141
1,1431,385,384.76190476190476
1,1432,385,384.7619047619046
1,1433,385,385.19047619047603
1,1434,385,385.66666666666646
1,1435,387,386.3333333333332
1,1436,387,386.90476190476176
1,1437,387,387.190476190476
1,1438,387,386.80952380952374
1,1439,387,387.0952380952379
1,1440,387,387.66666666666663
1,1441,389,388.33333333333314
1,1442,389,388.9047619047617
1,1443,389,389.0952380952381
1,1444,389,389.0476190476189
1,1445,389,389.3333333333331
1,1446,390,389.6666666666666
1,1447,390,389.9523809523809
1,1448,390,390.095238095238
1,1449,390,390.0
1,1450,390,390.0
1,1451,390,390.0
1,1452,390,390.0
1,1453,390,390.095238095238
1,1454,390,389.9523809523809
1,1455,390,389.66666666666646
1,1456,389,389.238095238095
1,1457,389,389.09523809523796
1,1458,389,390.8571428571428
1,1459,390,388.85714285714295
1,1460,390,384.2857142857142
1,1461,373,378.6666666666666
1,1462,373,373.8571428571427
1,1463,373,370.4761904761903
1,1464,374,374.2857142857143
1,1465,374,378.19047619047603
1,1466,387,382.8095238095236
1,1467,387,386.71428571428555
1,1468,388,389.0952380952378
1,1469,388,387.8571428571427
1,1470,388,387.3333333333332
1,1471,386,386.71428571428555
1,1472,386,386.42857142857133
1,1473,387,386.4761904761903
1,1474,387,387.1428571428571
1,1475,387,386.9999999999998
1,1476,387,386.4285714285714
1,1477,385,385.6190476190475
1,1478,385,384.7619047619046
1,1479,384,384.142857142857
1,1480,384,384.23809523809507
1,1481,384,383.8095238095237
1,1482,384,383.4285714285713
1,1483,382,382.61904761904754
1,1484,382,381.6666666666666
1,1485,381,381.19047619047603
1,1486,381,381.5714285714285
1,1487,382,381.4761904761904
1,1488,382,381.1904761904761
1,1489,380,380.80952380952357
1,1490,380,380.6190476190474
1,1491,381,380.5714285714285
1,1492,381,380.1904761904762
1,1493,379,378.9999999999999
1,1494,377,377.8095238095238
1,1495,377,377.33333333333326
1,1496,378,377.4285714285712
1,1497,378,377.52380952380946
1,1498,377,377.47619047619014
1,1499,377,377.4761904761904
1,1500,378,377.5238095238093
1,1501,378,377.6190476190475
1,1502,377,377.4285714285713
1,1503,377,377.1428571428571
1,1504,377,376.8571428571427
1,1505,377,376.66666666666663
1,1506,376,376.3333333333333
1,1507,376,376.0476190476189
1,1508,376,375.9047619047618
1,1509,376,375.9047619047618
1,1510,376,376.0476190476189
1,1511,376,376.33333333333326
1,1512,377,376.6666666666667
1,1513,377,376.9523809523808
1,1514,377,377.095238095238
1,1515,377,376.9999999999999
1,1516,377,376.90476190476187
1,1517,377,377.04761904761915
1,1518,377,377.33333333333326
1,1519,378,377.6666666666665
1,1520,378,377.95238095238096
1,1521,378,378.09523809523796
1,1522,378,377.80952380952374
1,1523,378,378.0952380952381
1,1524,378,378.85714285714266
1,1525,380,379.23809523809496
1,1526,380,378.95238095238085
1,1527,378,378.99999999999994
1,1528,378,379.190476190476
1,1529,381,379.7619047619046
1,1530,381,380.2380952380949
1,1531,380,380.85714285714283
1,1532,380,380.9999999999999
1,1533,383,381.48571428571444
1,1534,382,382.2857142857141
1,1535,382,381.7499999999999
1,1536,384,386.33333333333326
1,1537,384,384.7619047619046
1,1538,385,383.9999999999999
1,1539,385,385.0476190476189
1,1540,385,385.0476190476189
1,1541,385,384.4761904761903
1,1542,384,384.4285714285713
1,1543,384,384.99999999999994
1,1544,386,385.095238095238
1,1545,386,384.61904761904765
1,1546,383,384.3333333333332
1,1547,383,384.2380952380951
1,1548,386,384.6666666666665
1,1549,386,385.42857142857133
1,1550,385,385.66666666666646
1,1551,385,385.3809523809523
1,1552,386,385.57142857142844
1,1553,386,385.8571428571427
1,1554,386,386.14285714285717
1,1555,386,386.4285714285712
1,1556,387,386.4285714285713
1,1557,387,386.7142857142856
1,1558,386,386.99999999999994
1,1559,388,387.42857142857133
1,1560,388,388.1428571428569
1,1561,389,388.85714285714255
1,1562,389,388.9523809523808
1,1563,389,389.0952380952379
1,1564,389,388.9047619047617
1,1565,389,389.0476190476189
1,1566,389,389.4285714285714
1,1567,390,389.6190476190473
1,1568,390,389.52380952380946
1,1569,389,389.4761904761903
1,1570,389,389.3809523809522
1,1571,390,389.57142857142844
1,1572,390,389.9523809523809
1,1573,390,390.095238095238
1,1574,390,390.0
1,1575,390,390.0
1,1576,390,390.0
1,1577,390,390.0
1,1578,390,390.0
1,1579,390,390.0
1,1580,390,390.0
1,1581,390,389.9047619047617
1,1582,390,390.00000000000017
1,1583,390,390.2571428571427
1,1584,391,390.94999999999993
2,0,390,389.66666666666634
2,1,390,389.5238095238095
2,2,390,387.95238095238074
2,3,383,385.33333333333314
2,4,383,383.23809523809524
2,5,383,382.3809523809522
2,6,383,383.33333333333326
2,7,384,383.6666666666665
2,8,384,383.9523809523808
2,9,384,384.095238095238
2,10,384,383.9999999999999
2,11,384,383.90476190476176
2,12,384,384.04761904761875
2,13,384,384.52380952380946
2,14,385,384.5714285714285
2,15,385,384.19047619047603
2,16,383,383.80952380952357
2,17,383,383.42857142857133
2,18,384,383.4761904761903
2,19,384,383.9523809523808
2,20,384,384.095238095238
2,21,384,383.9999999999999
2,22,384,383.9999999999999
2,23,384,383.9999999999999
2,24,384,383.9999999999999
2,25,384,383.9999999999999
2,26,384,383.9999999999999
2,27,384,383.9999999999999
2,28,384,383.9999999999999
2,29,384,383.90476190476176
2,30,384,384.04761904761875
2,31,384,384.4285714285713
2,32,385,384.52380952380946
2,33,385,384.6666666666666
2,34,384,384.7619047619046
2,35,385,384.7142857142856
2,36,385,384.7619047619046
2,37,385,385.14285714285705
2,38,385,385.42857142857133
2,39,386,385.6190476190474
2,40,386,385.52380952380946
2,41,385,385.47619047619014
2,42,385,385.3809523809523
2,43,386,385.57142857142844
2,44,386,386.2380952380951
2,45,386,385.9523809523808
2,46,386,385.95238095238074
2,47,383,383.5238095238094
2,48,383,379.8095238095237
2,49,373,376.0476190476189
2,50,373,373.47619047619037
2,51,373,370.61904761904754
2,52,373,373.7142857142856
2,53,373,378.190476190476
2,54,388,382.9047619047618
2,55,388,386.5238095238095
2,56,386,388.14285714285705
2,57,386,386.5238095238094
2,58,387,386.3333333333332
2,59,387,386.6666666666665
2,60,386,386.76190476190465
2,61,387,386.71428571428567
2,62,387,386.85714285714283
2,63,387,387.0952380952379
2,64,387,387.09523809523796
2,65,387,386.95238095238085
2,66,387,386.6666666666665
2,67,386,386.33333333333314
2,68,386,386.04761904761904
2,69,386,385.90476190476164
2,70,386,386.09523809523796
2,71,386,385.9523809523808
2,72,386,385.57142857142856
2,73,385,385.3809523809523
2,74,385,385.47619047619037
2,75,386,385.5238095238095
2,76,386,385.52380952380946
2,77,385,385.47619047619014
2,78,385,385.3809523809523
2,79,386,385.57142857142844
2,80,386,386.0476190476189
2,81,386,386.0476190476189
2,82,386,385.6666666666666
2,83,385,385.3333333333332
2,84,385,385.0476190476189
2,85,385,384.9047619047618
2,86,385,384.9999999999999
2,87,385,385.190476190476
2,88,385,384.90476190476164
2,89,385,384.2380952380952
2,90,383,383.7142857142856
2,91,383,383.42857142857133
2,92,384,383.4761904761903
2,93,384,384.04761904761887
2,94,384,384.04761904761887
2,95,384,383.6666666666664
2,96,383,383.33333333333314
2,97,383,383.14285714285717
2,98,383,382.8571428571428
2,99,383,382.57142857142844
2,100,382,382.38095238095235
2,101,382,382.38095238095224
2,102,383,382.6666666666666
2,103,383,382.9047619047618
2,104,383,382.85714285714266
2,105,382,382.2857142857142
2,106,382,381.61904761904754
2,107,381,381.2857142857141
2,108,381,381.5714285714285
2,109,382,381.4761904761904
2,110,382,381.28571428571416
2,111,380,380.76190476190465
2,112,380,379.99999999999994
2,113,380,379.8571428571429
2,114,380,380.4285714285714
2,115,381,380.6190476190476
2,116,381,380.6190476190474
2,117,380,380.4285714285713
2,118,380,379.9523809523808
2,119,380,379.95238095238074
2,120,380,380.4285714285714
2,121,381,380.71428571428555
2,122,381,380.5714285714285
2,123,380,379.9999999999998
2,124,379,379.42857142857133
2,125,379,379.28571428571416
2,126,380,379.57142857142844
2,127,380,379.9523809523808
2,128,380,380.095238095238
2,129,380,379.99999999999983
2,130,380,379.99999999999983
2,131,380,379.99999999999983
2,132,380,379.99999999999983
2,133,380,379.99999999999983
2,134,380,379.99999999999983
2,135,380,379.99999999999983
2,136,380,379.99999999999983
2,137,380,379.99999999999983
2,138,380,379.99999999999983
2,139,380,379.99999999999983
2,140,380,379.99999999999983
2,141,380,379.90476190476176
2,142,380,380.047619047619
2,143,380,380.4285714285714
2,144,381,380.6190476190476
2,145,381,380.52380952380946
2,146,380,380.4761904761903
2,147,380,380.3809523809523
2,148,381,380.47619047619037
2,149,381,380.9999999999998
2,150,381,381.5238095238094
2,151,382,381.6190476190475
2,152,382,381.6190476190475
2,153,381,381.4285714285712
2,154,381,380.95238095238074
2,155,381,380.95238095238085
2,156,381,381.3333333333333
2,157,382,381.6666666666666
2,158,382,381.9523809523809
2,159,382,382.09523809523796
2,160,382,381.9999999999997
2,161,382,381.9999999999997
2,162,382,381.9999999999997
2,163,382,381.9999999999997
2,164,382,381.90476190476176
2,165,382,382.04761904761887
2,166,382,382.3333333333333
2,167,383,382.66666666666663
2,168,383,382.85714285714266
2,169,383,383.1428571428569
2,170,383,383.33333333333326
2,171,384,383.6666666666665
2,172,384,383.9523809523808
2,173,384,384.095238095238
2,174,384,383.9999999999999
2,175,384,383.90476190476176
2,176,384,384.04761904761875
2,177,384,384.4285714285713
2,178,385,384.61904761904754
2,179,385,384.52380952380935
2,180,384,384.4761904761903
2,181,384,384.47619047619025
2,182,385,384.52380952380946
2,183,385,384.52380952380935
2,184,384,384.4761904761903
2,185,384,384.47619047619025
2,186,385,384.52380952380946
2,187,385,384.52380952380935
2,188,384,384.4761904761903
2,189,384,384.38095238095224
2,190,385,384.5714285714285
2,191,385,384.9523809523808
2,192,385,385.095238095238
2,193,385,384.9999999999999
2,194,385,384.9999999999999
2,195,385,384.9999999999999
2,196,385,384.9999999999999
2,197,385,384.9999999999999
2,198,385,384.9999999999999
2,199,385,384.9999999999999
2,200,385,384.9047619047618
2,201,385,385.0476190476188
2,202,385,385.42857142857133
2,203,386,385.6190476190474
2,204,386,385.61904761904754
2,205,385,385.42857142857133
2,206,385,385.0476190476189
2,207,385,384.9047619047618
2,208,385,384.9999999999999
2,209,385,384.9999999999999
2,210,385,384.9999999999999
2,211,385,384.9999999999999
2,212,385,384.9999999999999
2,213,385,385.0952380952379
2,214,385,384.9523809523808
2,215,385,384.6666666666665
2,216,384,384.3333333333332
2,217,384,383.9523809523808
2,218,384,383.9523809523808
2,219,384,384.52380952380946
2,220,385,384.5714285714285
2,221,385,384.2857142857141
2,222,383,383.7619047619046
2,223,383,383.095238095238
2,224,383,382.8095238095236
2,225,383,383.095238095238
2,226,383,382.9523809523809
2,227,383,382.66666666666646
2,228,382,382.33333333333314
2,229,382,382.0476190476189
2,230,382,381.9047619047618
2,231,382,381.9999999999997
2,232,382,381.9999999999997
2,233,382,381.9999999999997
2,234,382,381.9999999999997
2,235,382,381.9999999999997
2,236,382,381.9999999999997
2,237,382,382.19047619047603
2,238,382,381.9047619047618
2,239,382,381.33333333333326
2,240,380,380.6666666666667
2,241,380,380.0952380952379
2,242,380,379.80952380952357
2,243,380,379.99999999999983
2,244,380,379.99999999999983
2,245,380,379.99999999999983
2,246,380,379.90476190476176
2,247,380,380.047619047619
2,248,380,380.52380952380935
2,249,381,380.5714285714285
2,250,381,380.19047619047603
2,251,379,379.8095238095237
2,252,379,379.42857142857144
2,253,380,379.3428571428574
2,254,380,379.9714285714284
2,255,380,379.95
2,256,380,382.8571428571427
2,257,381,380.9047619047618
2,258,381,379.6190476190474
2,259,379,379.7619047619048
2,260,379,379.0952380952381
2,261,379,378.8095238095236
2,262,379,378.99999999999983
2,263,379,378.99999999999983
2,264,379,378.99999999999983
2,265,379,378.99999999999983
2,266,379,378.99999999999983
2,267,379,378.90476190476176
2,268,379,379.047619047619
2,269,379,379.33333333333314
2,270,380,379.66666666666646
2,271,380,379.85714285714266
2,272,380,380.14285714285705
2,273,380,380.33333333333326
2,274,381,380.6666666666666
2,275,381,380.85714285714266
2,276,381,381.23809523809507
2,277,381,381.2857142857141
2,278,382,381.2380952380952
2,279,381,381.33333333333314
2,280,381,381.4761904761905
2,281,382,381.3809523809523
2,282,382,382.04761904761904
2,283,382,382.8571428571427
2,284,384,383.28571428571416
2,285,384,383.4761904761904
2,286,383,383.3809523809523
2,287,383,383.4761904761904
2,288,384,384.33333333333314
2,289,386,385.2380952380952
2,290,386,385.5714285714284
2,291,385,385.57142857142856
2,292,385,385.3809523809523
2,293,386,385.57142857142844
2,294,386,385.8571428571427
2,295,386,386.14285714285717
2,296,386,386.2380952380951
2,297,387,386.7142857142857
2,298,387,387.09523809523796
2,299,388,387.8571428571427
2,300,388,388.7142857142855
2,301,390,389.38095238095235
2,302,390,389.38095238095235
2,303,389,389.6190476190475
2,304,389,389.7142857142856
2,305,391,390.2380952380952
2,306,391,390.9047619047618
2,307,391,391.19047619047603
2,308,391,390.99999999999994
2,309,391,390.99999999999994
2,310,391,390.99999999999994
2,311,391,390.99999999999994
2,312,391,390.99999999999994
2,313,391,391.09523809523796
2,314,391,390.9523809523811
2,315,391,390.57142857142844
2,316,390,390.38095238095224
2,317,390,390.57142857142856
2,318,391,390.47619047619037
2,319,391,390.19047619047615
2,320,389,389.8095238095236
2,321,389,389.52380952380935
2,322,390,389.4285714285714
2,323,390,389.6190476190475
2,324,389,389.4285714285714
2,325,389,389.14285714285705
2,326,389,388.8571428571427
2,327,389,388.57142857142844
2,328,388,388.38095238095224
2,329,388,388.38095238095224
2,330,389,388.57142857142844
2,331,389,389.0476190476189
2,332,389,389.0476190476189
2,333,389,388.6666666666666
2,334,388,388.52380952380923
2,335,388,387.95238095238085
2,336,388,387.3333333333331
2,337,386,386.61904761904736
2,338,386,385.8571428571428
2,339,385,385.095238095238
2,340,385,384.7142857142856
2,341,384,384.23809523809507
2,342,384,384.23809523809507
2,343,384,383.8095238095237
2,344,384,383.142857142857
2,345,382,382.76190476190465
2,346,382,382.95238095238085
2,347,384,383.04761904761887
2,348,384,383.2380952380951
2,349,382,382.85714285714266
2,350,382,382.2857142857142
2,351,382,381.7142857142856
2,352,382,381.142857142857
2,353,380,381.0476190476189
2,354,380,380.6190476190474
2,355,382,380.047619047619
2,356,379,379.9523809523807
2,357,379,379.8571428571428
2,358,380,379.28571428571416
2,359,380,379.2857142857142
2,360,378,378.76190476190453
2,361,378,378.2857142857141
2,362,378,377.7142857142856
2,363,378,377.33333333333326
2,364,376,376.6666666666666
2,365,376,376.09523809523796
2,366,376,375.8095238095237
2,367,376,375.9999999999999
2,368,376,375.9999999999999
2,369,376,375.9999999999999
2,370,376,375.9999999999999
2,371,376,376.0952380952381
2,372,376,375.95238095238085
2,373,376,375.6666666666665
2,374,375,375.3333333333332
2,375,375,375.0476190476189
2,376,375,374.9047619047617
2,377,375,374.99999999999983
2,378,375,374.99999999999983
2,379,375,374.99999999999983
2,380,375,374.90476190476187
2,381,375,375.047619047619
2,382,375,375.4285714285715
2,383,376,375.6190476190475
2,384,376,375.52380952380946
2,385,375,375.47619047619037
2,386,375,375.3809523809523
2,387,376,375.5714285714284
2,388,376,375.95238095238085
2,389,376,376.09523809523796
2,390,376,375.9999999999999
2,391,376,375.9999999999999
2,392,376,375.9999999999999
2,393,376,375.9999999999999
2,394,376,375.9047619047618
2,395,376,376.0476190476189
2,396,376,376.14285714285705
2,397,377,376.76190476190465
2,398,377,377.52380952380963
2,399,379,378.4761904761905
2,400,379,379.14285714285694
2,401,380,379.9047619047617
2,402,380,380.2857142857142
2,403,381,380.47619047619037
2,404,381,381.095238095238
2,405,381,382.2857142857142
2,406,384,382.9047619047617
2,407,384,382.9047619047618
2,408,382,383.095238095238
2,409,382,383.09523809523785
2,410,385,383.8095238095237
2,411,385,384.85714285714283
2,412,385,385.28571428571416
2,413,385,384.9999999999999
2,414,385,384.9999999999999
2,415,385,384.9999999999999
2,416,385,384.9999999999999
2,417,385,384.9999999999999
2,418,385,384.9999999999999
2,419,385,384.9047619047618
2,420,385,385.0476190476188
2,421,385,385.33333333333326
2,422,386,385.57142857142844
2,423,386,385.99999999999983
2,424,386,386.42857142857116
2,425,387,386.6666666666665
2,426,387,386.95238095238085
2,427,387,387.0952380952379
2,428,387,386.90476190476187
2,429,387,387.0476190476188
2,430,387,387.3333333333332
2,431,388,387.66666666666646
2,432,388,387.8571428571428
2,433,388,388.14285714285705
2,434,388,388.238095238095
2,435,389,388.71428571428567
2,436,389,389.3809523809522
2,437,390,389.7142857142855
2,438,390,389.6190476190475
2,439,389,389.4285714285714
2,440,389,389.14285714285705
2,441,389,388.8571428571427
2,442,389,388.6666666666666
2,443,388,388.33333333333314
2,444,388,388.14285714285705
2,445,388,387.8571428571428
2,446,388,387.76190476190476
2,447,387,387.2857142857141
2,448,387,386.7142857142856
2,449,386,386.2380952380951
2,450,386,386.04761904761904
2,451,386,385.90476190476164
2,452,386,385.99999999999994
2,453,386,386.19047619047615
2,454,386,385.9047619047618
2,455,386,385.9999999999998
2,456,384,384.3333333333332
2,457,384,381.7619047619046
2,458,377,379.047619047619
2,459,377,377.38095238095246
2,460,377,376.6666666666667
2,461,378,377.4761904761903
2,462,378,378.047619047619
2,463,378,378.8571428571428
2,464,380,379.2857142857142
2,465,380,379.5714285714283
2,466,379,379.52380952380946
2,467,379,378.9523809523809
2,468,379,378.9523809523808
2,469,379,379.4285714285714
2,470,380,379.6190476190474
2,471,380,379.8095238095237
2,472,379,379.4285714285713
2,473,379,378.33333333333314
2,474,377,377.142857142857
2,475,376,376.47619047619037
2,476,376,376.19047619047603
2,477,377,376.57142857142844
2,478,377,377.0476190476189
2,479,377,377.0476190476189
2,480,377,376.66666666666663
2,481,376,376.3333333333333
2,482,376,376.0476190476189
2,483,376,375.9047619047618
2,484,376,375.9047619047618
2,485,376,376.0476190476189
2,486,376,376.4285714285712
2,487,377,376.6190476190475
2,488,377,376.52380952380946
2,489,376,376.4761904761903
2,490,376,376.4761904761904
2,491,377,376.5238095238094
2,492,377,376.61904761904754
2,493,376,376.4285714285712
2,494,376,376.0476190476189
2,495,376,375.9047619047618
2,496,376,375.9999999999999
2,497,376,375.9047619047618
2,498,376,376.0476190476189
2,499,376,376.4285714285712
2,500,377,376.6190476190475
2,501,377,376.4285714285713
2,502,376,376.52380952380946
2,503,376,376.90476190476187
2,504,378,377.142857142857
2,505,378,377.0476190476189
2,506,376,376.95238095238085
2,507,376,376.5714285714286
2,508,378,377.2380952380952
2,509,378,378.457142857143
2,510,380,379.542857142857
2,511,380,380.19999999999993
2,512,379,381.7142857142857
2,513,379,379.6190476190474
2,514,380,378.95238095238085
2,515,380,380.09523809523813
2,516,381,380.8571428571427
2,517,381,381.6190476190474
2,518,383,382.42857142857144
2,519,383,382.61904761904765
2,520,383,383.6190476190475
2,521,383,383.85714285714283
2,522,386,383.71428571428555
2,523,383,383.99999999999983
2,524,383,384.6190476190474
2,525,386,384.61904761904754
2,526,386,384.90476190476176
2,527,384,385.095238095238
2,528,384,385.1904761904761
2,529,387,385.7619047619048
2,530,387,386.3333333333332
2,531,386,386.7142857142855
2,532,386,386.8095238095236
2,533,388,387.190476190476
2,534,388,387.38095238095224
2,535,387,387.61904761904736
2,536,387,387.9047619047619
2,537,389,388.0476190476189
2,538,389,388.2857142857141
2,539,387,388.2857142857141
2,540,388,387.71428571428567
2,541,388,387.42857142857133
2,542,387,387.4285714285714
2,543,387,387.047619047619
2,544,387,386.9047619047617
2,545,387,386.9999999999999
2,546,387,386.9999999999999
2,547,387,386.9999999999999
2,548,387,386.9999999999999
2,549,387,386.9999999999999
2,550,387,386.9999999999999
2,551,387,386.9999999999999
2,552,387,386.9999999999999
2,553,387,386.9999999999999
2,554,387,386.9999999999999
2,555,387,387.09523809523796
2,556,387,386.95238095238085
2,557,387,386.6666666666665
2,558,386,386.33333333333314
2,559,386,386.04761904761904
2,560,386,385.90476190476164
2,561,386,385.99999999999994
2,562,386,386.09523809523796
2,563,386,385.9523809523808
2,564,386,385.4761904761904
2,565,385,385.42857142857116
2,566,385,385.8095238095236
2,567,387,386.1904761904761
2,568,387,386.7619047619046
2,569,386,386.42857142857133
2,570,386,385.2857142857142
2,571,384,384.61904761904754
2,572,384,384.4285714285713
2,573,385,384.47619047619025
2,574,385,385.14285714285705
2,575,385,384.9999999999999
2,576,385,384.3333333333332
2,577,383,383.6666666666666
2,578,383,383.2857142857141
2,579,383,382.7142857142856
2,580,383,382.4285714285713
2,581,381,381.71428571428567
2,582,381,380.71428571428555
2,583,380,379.8095238095238
2,584,379,379.38095238095235
2,585,379,379.047619047619
2,586,379,378.85714285714266
2,587,379,378.6666666666665
2,588,378,378.3333333333331
2,589,378,378.04761904761887
2,590,378,377.90476190476176
2,591,378,378.09523809523785
2,592,378,377.9523809523808
2,593,378,377.6666666666665
2,594,377,377.33333333333326
2,595,377,377.047619047619
2,596,377,376.9047619047618
2,597,377,376.9999999999999
2,598,377,376.9999999999999
2,599,377,377.0952380952381
2,600,377,376.952380952381
2,601,377,376.66666666666663
2,602,376,376.3333333333333
2,603,376,376.0476190476189
2,604,376,375.9047619047618
2,605,376,375.9999999999999
2,606,376,376.0952380952381
2,607,376,375.95238095238085
2,608,376,375.57142857142844
2,609,375,375.38095238095224
2,610,375,375.2857142857141
2,611,376,375.6190476190475
2,612,376,376.3809523809524
2,613,377,376.71428571428567
2,614,377,376.52380952380946
2,615,376,376.4761904761903
2,616,376,376.2857142857141
2,617,377,376.6190476190475
2,618,377,377.2857142857142
2,619,378,377.7619047619047
2,620,378,377.8571428571427
2,621,378,378.14285714285705
2,622,378,378.33333333333326
2,623,379,378.38095238095224
2,624,379,379.0952380952381
2,625,379,380.2857142857141
2,626,382,380.9047619047619
2,627,382,380.90476190476187
2,628,380,381.09523809523796
2,629,380,381.0
2,630,383,381.8571428571427
2,631,383,383.095238095238
2,632,384,383.9999999999999
2,633,384,384.38095238095224
2,634,385,384.71428571428555
2,635,385,384.52380952380935
2,636,384,384.4761904761903
2,637,384,384.38095238095224
2,638,385,384.5714285714285
2,639,385,384.8571428571428
2,640,385,385.14285714285705
2,641,385,385.2380952380951
2,642,386,385.7142857142857
2,643,386,386.1904761904759
2,644,387,386.8095238095236
2,645,387,387.38095238095224
2,646,388,387.61904761904736
2,647,388,387.6666666666665
2,648,387,387.5714285714283
2,649,388,387.80952380952357
2,650,388,388.5238095238094
2,651,390,389.4285714285712
2,652,390,389.9047619047617
2,653,390,390.19047619047603
2,654,390,389.9047619047617
2,655,390,390.047619047619
2,656,390,390.33333333333326
2,657,391,390.6666666666665
2,658,391,391.4285714285712
2,659,391,390.85714285714283
2,660,391,390.57142857142844
2,661,386,387.0476190476191
2,662,386,381.90476190476187
2,663,373,376.8571428571427
2,664,373,373.6190476190475
2,665,373,370.0476190476189
2,666,373,373.8571428571428
2,667,373,378.9999999999999
2,668,391,384.99999999999994
2,669,391,390.14285714285705
2,670,391,392.71428571428555
2,671,391,391.09523809523796
2,672,391,390.9523809523811
2,673,391,390.7619047619048
2,674,390,390.190476190476
2,675,390,389.76190476190465
2,676,389,389.76190476190465
2,677,390,389.6190476190475
2,678,390,389.19047619047603
2,679,388,388.7619047619047
2,680,388,388.19047619047615
2,681,388,387.76190476190476
2,682,388,387.66666666666663
2,683,387,387.3333333333332
2,684,387,387.3333333333332
2,685,387,386.76190476190453
2,686,387,386.095238095238
2,687,384,384.9523809523808
2,688,384,383.7142857142855
2,689,383,383.0952380952379
2,690,383,383.57142857142856
2,691,384,383.4761904761904
2,692,384,383.2857142857141
2,693,382,382.76190476190453
2,694,382,382.2857142857142
2,695,382,381.7142857142856
2,696,382,381.33333333333326
2,697,380,380.8571428571426
2,698,380,379.9999999999999
2,699,380,379.04761904761904
2,700,378,378.7142857142856
2,701,378,378.42857142857133
2,702,379,378.57142857142844
2,703,379,378.99999999999983
2,704,379,378.71428571428555
2,705,378,378.09523809523796
2,706,377,377.33333333333326
2,707,377,376.52380952380935
2,708,376,376.2857142857143
2,709,376,376.4761904761904
2,710,377,376.5238095238094
2,711,377,376.61904761904754
2,712,376,376.4285714285712
2,713,376,376.14285714285705
2,714,376,375.8571428571427
2,715,376,375.6666666666665
2,716,375,375.3333333333332
2,717,375,375.0476190476189
2,718,375,374.9047619047617
2,719,375,374.99999999999983
2,720,375,374.99999999999983
2,721,375,374.90476190476187
2,722,375,375.047619047619
2,723,375,375.33333333333326
2,724,376,375.5714285714284
2,725,376,375.9999999999999
2,726,376,376.42857142857133
2,727,377,376.6666666666667
2,728,377,376.76190476190476
2,729,377,377.1904761904761
2,730,377,377.76190476190465
2,731,379,378.28571428571416
2,732,379,378.38095238095224
2,733,378,378.6190476190475
2,734,378,378.6190476190475
2,735,380,379.28571428571416
2,736,380,380.2380952380952
2,737,381,380.8571428571427
2,738,381,380.95238095238096
2,739,381,381.09523809523796
2,740,381,380.8095238095237
2,741,381,381.19047619047603
2,742,381,381.6190476190474
2,743,383,381.9999999999999
2,744,382,382.23809523809507
2,745,382,381.9523809523809
2,746,382,382.0476190476189
2,747,382,382.99999999999994
2,748,385,383.9999999999999
2,749,385,384.7619047619046
2,750,385,385.3333333333332
2,751,385,385.2380952380951
2,752,386,385.7142857142857
2,753,386,386.1904761904759
2,754,387,386.8095238095236
2,755,387,387.2857142857141
2,756,388,387.76190476190465
2,757,388,387.8571428571428
2,758,388,388.14285714285705
2,759,388,388.33333333333314
2,760,389,388.6666666666666
2,761,389,388.9523809523808
2,762,389,389.0952380952379
2,763,389,388.99999999999983
2,764,389,388.99999999999983
2,765,389,389.00000000000034
2,766,389,388.99999999999994
2,767,389,389.0
2,768,389,388.6666666666664
2,769,390,389.57142857142844
2,770,390,390.142857142857
2,771,390,390.095238095238
2,772,390,390.0
2,773,390,390.0
2,774,390,389.9047619047617
2,775,390,390.047619047619
2,776,390,390.33333333333326
2,777,391,390.6666666666665
2,778,391,391.0476190476188
2,779,391,391.04761904761915
2,780,391,391.1428571428571
2,781,390,390.095238095238
2,782,390,388.38095238095224
2,783,385,386.5714285714284
2,784,385,385.2380952380951
2,785,385,384.5238095238094
2,786,385,384.9999999999999
2,787,385,384.9999999999999
2,788,385,384.9999999999999
2,789,385,384.9999999999999
2,790,385,384.9999999999999
2,791,385,384.9047619047618
2,792,385,385.0476190476188
2,793,385,385.42857142857133
2,794,386,385.6190476190474
2,795,386,385.61904761904754
2,796,385,385.42857142857133
2,797,385,384.95238095238096
2,798,385,384.95238095238085
2,799,385,385.5238095238095
2,800,386,385.5714285714284
2,801,386,385.2857142857142
2,802,384,384.7619047619046
2,803,384,384.0952380952379
2,804,384,383.80952380952357
2,805,384,383.9999999999999
2,806,384,383.9999999999999
2,807,384,383.9999999999999
2,808,384,384.09523809523796
2,809,384,383.9523809523808
2,810,384,383.6666666666664
2,811,383,383.33333333333314
2,812,383,383.047619047619
2,813,383,382.90476190476164
2,814,383,383.0
2,815,383,383.0
2,816,383,383.0
2,817,383,383.0
2,818,383,383.095238095238
2,819,383,382.9523809523809
2,820,383,382.66666666666646
2,821,382,382.33333333333314
2,822,382,382.0476190476189
2,823,382,381.9047619047618
2,824,382,381.9999999999997
2,825,382,382.19047619047603
2,826,382,381.9047619047618
2,827,382,381.2380952380951
2,828,380,380.71428571428555
2,829,380,380.42857142857144
2,830,381,380.47619047619037
2,831,381,380.95238095238096
2,832,381,381.09523809523796
2,833,381,380.9999999999999
2,834,381,380.9999999999999
2,835,381,381.0952380952378
2,836,381,380.95238095238085
2,837,381,380.5714285714285
2,838,380,380.38095238095224
2,839,380,380.5714285714285
2,840,381,380.4761904761903
2,841,381,380.2857142857141
2,842,379,379.7619047619048
2,843,379,379.0952380952381
2,844,379,378.71428571428555
2,845,379,379.047619047619
2,846,379,379.4285714285714
2,847,380,379.6190476190474
2,848,380,379.61904761904754
2,849,379,379.4285714285713
2,850,379,379.04761904761887
2,851,379,378.90476190476176
2,852,379,378.99999999999983
2,853,379,378.99999999999983
2,854,379,378.99999999999983
2,855,379,378.99999999999983
2,856,379,379.095238095238
2,857,379,378.952380952381
2,858,379,378.57142857142844
2,859,378,378.3809523809524
2,860,378,378.3809523809523
2,861,379,378.5714285714283
2,862,379,378.95238095238085
2,863,379,379.095238095238
2,864,379,379.28571428571433
2,865,379,378.8571428571426
2,866,379,378.0
2,867,376,376.99999999999994
2,868,376,376.1428571428571
2,869,376,375.2380952380951
2,870,376,376.2380952380952
2,871,376,377.7619047619047
2,872,381,379.28571428571416
2,873,381,380.2380952380951
2,874,380,380.9047619047619
2,875,380,380.8095238095237
2,876,382,381.1904761904761
2,877,382,381.5714285714283
2,878,381,381.52380952380946
2,879,381,381.0476190476188
2,880,381,380.9047619047617
2,881,381,380.90476190476176
2,882,381,381.0476190476189
2,883,381,381.3333333333333
2,884,382,381.6666666666666
2,885,382,381.9523809523809
2,886,382,382.09523809523796
2,887,382,381.9999999999997
2,888,382,381.90476190476176
2,889,382,382.04761904761887
2,890,382,382.42857142857133
2,891,383,382.6190476190475
2,892,383,382.52380952380946
2,893,382,382.4761904761904
2,894,382,382.38095238095224
2,895,383,382.57142857142844
2,896,383,382.85714285714266
2,897,383,383.1428571428569
2,898,383,383.33333333333326
2,899,384,383.6666666666665
2,900,384,383.9523809523808
2,901,384,384.095238095238
2,902,384,383.9999999999999
2,903,384,383.9999999999999
2,904,384,383.90476190476176
2,905,384,384.142857142857
2,906,384,384.28571428571405
2,907,385,384.3333333333333
2,908,384,384.2857142857141
2,909,384,383.9523809523808
2,910,384,383.99999999999983
2,911,384,384.76190476190453
2,912,386,385.2857142857142
2,913,386,385.57142857142844
2,914,385,385.5238095238094
2,915,385,385.0476190476189
2,916,385,384.9047619047618
2,917,385,384.9999999999999
2,918,385,384.9999999999999
2,919,385,384.9999999999999
2,920,385,384.9999999999999
2,921,385,384.9047619047618
2,922,385,385.0476190476188
2,923,385,385.42857142857133
2,924,386,385.6190476190474
2,925,386,385.61904761904754
2,926,385,385.42857142857133
2,927,385,385.0476190476189
2,928,385,384.9047619047618
2,929,385,384.9999999999999
2,930,385,384.9999999999999
2,931,385,384.9999999999999
2,932,385,384.9999999999999
2,933,385,384.9999999999999
2,934,385,384.9999999999999
2,935,385,384.9999999999999
2,936,385,385.0952380952379
2,937,385,384.9523809523808
2,938,385,384.6666666666665
2,939,384,384.3333333333332
2,940,384,384.0476190476189
2,941,384,383.90476190476164
2,942,384,383.9999999999999
2,943,384,383.9999999999999
2,944,384,384.09523809523796
2,945,384,383.9523809523808
2,946,384,383.6666666666664
2,947,383,383.33333333333314
2,948,383,383.2380952380951
2,949,383,382.8095238095237
2,950,383,382.2380952380951
2,951,381,381.7142857142856
2,952,381,381.5238095238095
2,953,382,381.42857142857144
2,954,382,381.7142857142856
2,955,381,381.38095238095246
2,956,381,380.6190476190474
2,957,380,380.38095238095224
2,958,380,380.3333333333332
2,959,381,380.3333333333333
2,960,380,380.238095238095
2,961,380,379.8095238095236
2,962,379,379.238095238095
2,963,379,379.04761904761887
2,964,379,378.90476190476176
2,965,379,378.99999999999983
2,966,379,378.99999999999983
2,967,379,378.99999999999983
2,968,379,378.99999999999983
2,969,379,378.99999999999983
2,970,379,378.99999999999983
2,971,379,378.99999999999983
2,972,379,378.99999999999983
2,973,379,378.99999999999983
2,974,379,378.99999999999983
2,975,379,379.095238095238
2,976,379,378.952380952381
2,977,379,378.6666666666665
2,978,378,378.2380952380951
2,979,378,378.0952380952379
2,980,378,378.238095238095
2,981,379,378.6666666666666
2,982,379,378.95238095238085
2,983,379,379.095238095238
2,984,379,378.99999999999983
2,985,379,378.99999999999983
2,986,379,378.90476190476176
2,987,379,379.047619047619
2,988,379,379.33333333333314
2,989,380,379.66666666666646
2,990,380,379.9523809523808
2,991,380,380.095238095238
2,992,380,379.99999999999983
2,993,380,379.99999999999983
2,994,380,379.99999999999983
2,995,380,379.99999999999983
2,996,380,379.99999999999983
2,997,380,379.90476190476176
2,998,380,380.047619047619
2,999,380,380.33333333333326
2,1000,381,380.6666666666666
2,1001,381,380.95238095238096
2,1002,381,381.09523809523796
2,1003,381,380.90476190476176
2,1004,381,381.0476190476189
2,1005,381,381.3333333333333
2,1006,382,381.6666666666666
2,1007,382,381.9523809523809
2,1008,382,382.09523809523796
2,1009,382,381.90476190476176
2,1010,382,382.04761904761887
2,1011,382,382.3333333333333
2,1012,383,382.57142857142844
2,1013,383,382.9999999999999
2,1014,383,383.42857142857133
2,1015,384,383.6666666666665
2,1016,384,383.9523809523808
2,1017,384,384.095238095238
2,1018,384,383.9999999999999
2,1019,384,383.9999999999999
2,1020,384,383.90476190476176
2,1021,384,384.0000000000002
2,1022,384,384.2571428571427
2,1023,385,384.94999999999993
2,1024,385,385.66666666666646
2,1025,385,385.0952380952379
2,1026,385,384.9047619047618
2,1027,385,384.9523809523808
2,1028,385,384.57142857142844
2,1029,384,384.3809523809522
2,1030,384,384.38095238095224
2,1031,385,384.5714285714285
2,1032,385,384.9523809523808
2,1033,385,385.095238095238
2,1034,385,384.9047619047618
2,1035,385,385.1428571428571
2,1036,385,385.28571428571416
2,1037,386,385.3333333333332
2,1038,385,385.2857142857142
2,1039,385,385.142857142857
2,1040,385,384.9047619047618
2,1041,385,384.9999999999999
2,1042,385,384.9999999999999
2,1043,385,385.0952380952379
2,1044,385,384.9523809523808
2,1045,385,384.6666666666665
2,1046,384,384.3333333333332
2,1047,384,384.142857142857
2,1048,384,383.85714285714266
2,1049,384,383.57142857142844
2,1050,383,383.3809523809522
2,1051,383,383.4761904761903
2,1052,384,383.52380952380935
2,1053,384,383.61904761904754
2,1054,383,383.42857142857133
2,1055,383,383.047619047619
2,1056,383,382.90476190476164
2,1057,383,383.0
2,1058,383,383.095238095238
2,1059,383,382.9523809523809
2,1060,383,382.76190476190465
2,1061,382,382.2857142857142
2,1062,382,381.71428571428555
2,1063,381,381.23809523809507
2,1064,381,381.0476190476188
2,1065,381,380.9047619047617
2,1066,381,380.9999999999999
2,1067,381,380.9999999999999
2,1068,381,381.28571428571416
2,1069,381,380.8571428571426
2,1070,381,379.9047619047617
2,1071,378,379.047619047619
2,1072,378,378.4761904761904
2,1073,379,378.38095238095224
2,1074,379,378.95238095238085
2,1075,379,379.095238095238
2,1076,379,378.99999999999983
2,1077,379,378.99999999999983
2,1078,379,378.99999999999983
2,1079,379,378.99999999999983
2,1080,379,378.99999999999983
2,1081,379,378.99999999999983
2,1082,379,378.99999999999983
2,1083,379,378.99999999999983
2,1084,379,378.99999999999983
2,1085,379,378.99999999999983
2,1086,379,378.99999999999983
2,1087,379,378.99999999999983
2,1088,379,378.99999999999983
2,1089,379,378.99999999999983
2,1090,379,378.99999999999983
2,1091,379,378.99999999999983
2,1092,379,378.99999999999983
2,1093,379,378.99999999999983
2,1094,379,378.90476190476176
2,1095,379,379.047619047619
2,1096,379,379.4285714285714
2,1097,380,379.6190476190474
2,1098,380,379.61904761904754
2,1099,379,379.4285714285713
2,1100,379,379.04761904761887
2,1101,379,378.90476190476176
2,1102,379,378.99999999999983
2,1103,379,378.99999999999983
2,1104,379,378.90476190476176
2,1105,379,379.047619047619
2,1106,379,379.238095238095
2,1107,380,379.71428571428555
2,1108,380,380.2857142857142
2,1109,381,380.57142857142856
2,1110,381,381.047619047619
2,1111,381,381.95238095238085
2,1112,383,382.238095238095
2,1113,383,382.0476190476189
2,1114,381,381.9523809523809
2,1115,381,381.8571428571428
2,1116,383,382.0952380952381
2,1117,383,382.4761904761903
2,1118,382,382.57142857142844
2,1119,382,382.38095238095224
2,1120,383,382.57142857142844
2,1121,383,382.95238095238074
2,1122,383,383.0952380952379
2,1123,383,382.9047619047618
2,1124,383,383.0476190476188
2,1125,383,383.33333333333326
2,1126,384,383.6666666666665
2,1127,384,383.9523809523808
2,1128,384,384.095238095238
2,1129,384,383.9999999999999
2,1130,384,383.9999999999999
2,1131,384,383.9999999999999
2,1132,384,383.9999999999999
2,1133,384,383.9999999999999
2,1134,384,383.9999999999999
2,1135,384,383.9999999999999
2,1136,384,383.9999999999999
2,1137,384,383.9999999999999
2,1138,384,383.90476190476176
2,1139,384,384.04761904761875
2,1140,384,384.33333333333326
2,1141,385,384.66666666666663
2,1142,385,384.9523809523808
2,1143,385,385.095238095238
2,1144,385,384.9999999999999
2,1145,385,384.9999999999999
2,1146,385,384.9999999999999
2,1147,385,384.9999999999999
2,1148,385,384.9999999999999
2,1149,385,385.0952380952379
2,1150,385,384.9523809523808
2,1151,385,384.6666666666665
2,1152,384,384.3333333333332
2,1153,384,384.142857142857
2,1154,384,383.85714285714266
2,1155,384,383.57142857142844
2,1156,383,383.3809523809522
2,1157,383,383.4761904761903
2,1158,384,383.52380952380935
2,1159,384,383.5238095238093
2,1160,383,383.47619047619025
2,1161,383,383.57142857142856
2,1162,384,383.4761904761904
2,1163,384,383.19047619047615
2,1164,382,382.8095238095237
2,1165,382,382.52380952380946
2,1166,383,382.42857142857133
2,1167,383,382.7142857142856
2,1168,382,382.4761904761904
2,1169,382,381.6666666666665
2,1170,381,380.8095238095236
2,1171,380,380.4285714285713
2,1172,380,380.28571428571416
2,1173,381,380.57142857142856
2,1174,381,381.04761904761887
2,1175,381,381.04761904761887
2,1176,381,380.6666666666666
2,1177,380,380.33333333333314
2,1178,380,380.04761904761887
2,1179,380,379.9047619047617
2,1180,380,380.09523809523813
2,1181,380,379.9523809523809
2,1182,380,379.6666666666664
2,1183,379,379.33333333333314
2,1184,379,379.04761904761887
2,1185,379,378.90476190476176
2,1186,379,378.99999999999983
2,1187,379,378.99999999999983
2,1188,379,378.99999999999983
2,1189,379,378.99999999999983
2,1190,379,378.99999999999983
2,1191,379,378.99999999999983
2,1192,379,378.99999999999983
2,1193,379,379.095238095238
2,1194,379,378.952380952381
2,1195,379,378.57142857142844
2,1196,378,378.3809523809524
2,1197,378,378.3809523809523
2,1198,379,378.5714285714283
2,1199,379,378.95238095238085
2,1200,379,379.095238095238
2,1201,379,378.99999999999983
2,1202,379,378.99999999999983
2,1203,379,378.99999999999983
2,1204,379,378.99999999999983
2,1205,379,378.99999999999983
2,1206,379,378.99999999999983
2,1207,379,378.99999999999983
2,1208,379,378.99999999999983
2,1209,379,378.90476190476176
2,1210,379,378.95238095238096
2,1211,379,379.3809523809523
2,1212,380,379.9999999999999
2,1213,381,380.6190476190475
2,1214,381,381.04761904761887
2,1215,381,381.09523809523796
2,1216,381,380.9999999999999
2,1217,381,380.9999999999999
2,1218,381,380.9999999999999
2,1219,381,380.9999999999999
2,1220,381,380.9999999999999
2,1221,381,380.9999999999999
2,1222,381,380.90476190476176
2,1223,381,381.0476190476189
2,1224,381,381.3333333333333
2,1225,382,381.6666666666666
2,1226,382,381.9523809523809
2,1227,382,382.09523809523796
2,1228,382,381.90476190476176
2,1229,382,381.9523809523809
2,1230,382,382.38095238095224
2,1231,383,382.9999999999999
2,1232,384,383.6190476190475
2,1233,384,384.047619047619
2,1234,384,384.095238095238
2,1235,384,383.90476190476176
2,1236,384,384.04761904761875
2,1237,384,384.33333333333326
2,1238,385,384.66666666666663
2,1239,385,384.8571428571428
2,1240,385,385.14285714285705
2,1241,385,385.42857142857133
2,1242,386,385.6190476190474
2,1243,386,385.52380952380946
2,1244,385,385.47619047619014
2,1245,385,385.47619047619037
2,1246,386,385.5238095238095
2,1247,386,385.61904761904754
2,1248,385,385.42857142857133
2,1249,385,385.0476190476189
2,1250,385,384.9047619047618
2,1251,385,384.9047619047618
2,1252,385,385.0476190476188
2,1253,385,385.33333333333326
2,1254,386,385.76190476190476
2,1255,386,385.90476190476187
2,1256,386,385.76190476190476
2,1257,385,385.3333333333332
2,1258,385,385.0476190476189
2,1259,385,384.9047619047618
2,1260,385,384.9999999999999
2,1261,385,384.9999999999999
2,1262,385,384.9999999999999
2,1263,385,384.9999999999999
2,1264,385,384.9999999999999
2,1265,385,384.9999999999999
2,1266,385,384.9999999999999
2,1267,385,384.9999999999999
2,1268,385,384.9999999999999
2,1269,385,384.9999999999999
2,1270,385,385.0952380952379
2,1271,385,384.9523809523808
2,1272,385,384.6666666666665
2,1273,384,384.3333333333332
2,1274,384,384.33333333333303
2,1275,384,383.7619047619046
2,1276,384,382.9999999999999
2,1277,381,382.1142857142858
2,1278,381,381.0857142857141
2,1279,381,381.1499999999999
2,1280,381,382.85714285714283
2,1281,381,380.19047619047615
2,1282,378,378.47619047619037
2,1283,378,378.4761904761904
2,1284,379,378.38095238095224
2,1285,379,379.0476190476189
2,1286,379,379.0476190476189
2,1287,379,378.6666666666665
2,1288,378,378.3333333333331
2,1289,378,378.04761904761887
2,1290,378,377.90476190476176
2,1291,378,377.9999999999999
2,1292,378,377.9999999999999
2,1293,378,377.90476190476176
2,1294,378,378.04761904761887
2,1295,378,378.33333333333326
2,1296,379,378.6666666666666
2,1297,379,378.76190476190465
2,1298,379,379.28571428571433
2,1299,379,379.6190476190474
2,1300,381,380.0952380952381
2,1301,380,380.1904761904762
2,1302,380,379.80952380952357
2,1303,379,379.28571428571416
2,1304,379,379.3809523809523
2,1305,380,379.57142857142844
2,1306,380,379.85714285714266
2,1307,380,380.14285714285705
2,1308,380,380.33333333333326
2,1309,381,380.6666666666666
2,1310,381,380.95238095238096
2,1311,381,381.09523809523796
2,1312,381,380.90476190476176
2,1313,381,381.0476190476189
2,1314,381,381.142857142857
2,1315,382,381.76190476190465
2,1316,382,382.71428571428555
2,1317,384,383.3809523809523
2,1318,384,383.3809523809523
2,1319,383,383.6190476190474
2,1320,383,383.8095238095237
2,1321,385,384.19047619047615
2,1322,385,384.2857142857142
2,1323,384,384.6666666666665
2,1324,384,385.3333333333332
2,1325,387,385.57142857142856
2,1326,387,385.95238095238074
2,1327,384,386.0476190476189
2,1328,386,385.42857142857133
2,1329,386,385.19047619047603
2,1330,385,385.57142857142856
2,1331,385,385.3809523809523
2,1332,386,385.57142857142844
2,1333,386,385.8571428571427
2,1334,386,386.14285714285717
2,1335,386,386.33333333333314
2,1336,387,386.6666666666665
2,1337,387,386.95238095238085
2,1338,387,387.0952380952379
2,1339,387,386.9999999999999
2,1340,387,386.9999999999999
2,1341,387,386.9999999999999
2,1342,387,386.9999999999999
2,1343,387,386.9999999999999
2,1344,387,386.9999999999999
2,1345,387,386.9999999999999
2,1346,387,386.9999999999999
2,1347,387,386.9999999999999
2,1348,387,386.9999999999999
2,1349,387,386.9999999999999
2,1350,387,386.9999999999999
2,1351,387,386.9999999999999
2,1352,387,387.09523809523796
2,1353,387,386.95238095238085
2,1354,387,386.6666666666665
2,1355,386,386.33333333333314
2,1356,386,385.95238095238085
2,1357,386,385.9523809523808
2,1358,386,386.5238095238094
2,1359,387,386.5714285714285
2,1360,387,386.19047619047603
2,1361,385,385.8095238095238
2,1362,385,385.5238095238094
2,1363,386,385.42857142857133
2,1364,386,385.61904761904754
2,1365,385,385.5238095238094
2,1366,385,384.9999999999999
2,1367,385,384.4761904761905
2,1368,384,384.3809523809522
2,1369,384,384.57142857142856
2,1370,385,384.4761904761903
2,1371,385,384.19047619047603
2,1372,383,383.80952380952357
2,1373,383,383.6190476190475
2,1374,384,383.3809523809523
2,1375,384,383.2857142857141
2,1376,382,382.76190476190453
2,1377,382,382.1904761904762
2,1378,382,381.76190476190465
2,1379,382,381.6666666666664
2,1380,381,381.33333333333314
2,1381,381,381.0476190476188
2,1382,381,380.9047619047617
2,1383,381,381.0952380952378
2,1384,381,380.95238095238085
2,1385,381,380.5714285714285
2,1386,380,380.47619047619037
2,1387,380,380.3333333333332
2,1388,381,380.3333333333333
2,1389,380,380.238095238095
2,1390,380,379.8095238095236
2,1391,379,379.238095238095
2,1392,379,379.04761904761887
2,1393,379,378.90476190476176
2,1394,379,379.095238095238
2,1395,379,378.952380952381
2,1396,379,378.6666666666665
2,1397,378,378.3333333333331
2,1398,378,378.142857142857
2,1399,378,377.8571428571427
2,1400,378,377.57142857142827
2,1401,377,377.3809523809523
2,1402,377,377.2857142857141
2,1403,378,377.6190476190475
2,1404,378,378.38095238095224
2,1405,379,378.7142857142855
2,1406,379,378.6190476190474
2,1407,378,378.4285714285712
2,1408,378,378.04761904761887
2,1409,378,377.80952380952374
2,1410,378,378.04761904761887
2,1411,378,378.33333333333326
2,1412,379,378.6666666666666
2,1413,379,379.0476190476189
2,1414,379,379.0476190476189
2,1415,379,378.6666666666665
2,1416,378,378.3333333333331
2,1417,378,377.95238095238085
2,1418,378,377.95238095238096
2,1419,378,378.23809523809507
2,1420,379,378.71428571428555
2,1421,379,379.2857142857143
2,1422,380,379.76190476190465
2,1423,380,379.76190476190476
2,1424,380,380.1904761904762
2,1425,380,380.5714285714283
2,1426,382,381.3809523809523
2,1427,382,382.23809523809507
2,1428,383,382.85714285714266
2,1429,383,382.95238095238074
2,1430,383,382.9999999999998
2,1431,383,383.0476190476188
2,1432,383,383.4285714285713
2,1433,384,383.6190476190475
2,1434,384,383.61904761904754
2,1435,383,383.42857142857133
2,1436,383,382.85714285714266
2,1437,383,382.99999999999983
2,1438,383,383.6666666666665
2,1439,385,384.3333333333333
2,1440,385,384.9047619047618
2,1441,385,385.19047619047615
2,1442,385,384.9047619047618
2,1443,385,385.0476190476188
2,1444,385,385.2380952380951
2,1445,386,385.7142857142857
2,1446,386,386.38095238095224
2,1447,387,386.71428571428555
2,1448,387,386.5238095238093
2,1449,386,386.38095238095224
2,1450,386,386.4285714285713
2,1451,387,386.9047619047617
2,1452,388,387.6190476190475
2,1453,388,388.0476190476189
2,1454,388,388.09523809523785
2,1455,388,388.0952380952379
2,1456,388,387.952380952381
2,1457,388,387.5714285714285
2,1458,387,387.38095238095224
2,1459,387,387.47619047619037
2,1460,388,387.52380952380946
2,1461,388,387.61904761904754
2,1462,387,387.4285714285714
2,1463,387,387.047619047619
2,1464,387,386.9047619047617
2,1465,387,386.9999999999999
2,1466,387,386.9999999999999
2,1467,387,386.9999999999999
2,1468,387,386.9999999999999
2,1469,387,386.9999999999999
2,1470,387,386.9999999999999
2,1471,387,386.9999999999999
2,1472,387,387.09523809523796
2,1473,387,386.95238095238085
2,1474,387,386.76190476190476
2,1475,386,386.28571428571416
2,1476,386,385.71428571428567
2,1477,385,385.2380952380951
2,1478,385,385.0476190476189
2,1479,385,385.57142857142856
2,1480,385,384.6666666666665
2,1481,385,382.66666666666646
2,1482,378,380.33333333333314
2,1483,378,378.33333333333326
2,1484,378,376.8571428571427
2,1485,378,378.2380952380951
2,1486,378,379.7619047619046
2,1487,383,381.28571428571416
2,1488,383,382.4285714285714
2,1489,382,382.8095238095237
2,1490,382,381.95238095238085
2,1491,382,381.95238095238085
2,1492,382,382.52380952380935
2,1493,383,382.5714285714283
2,1494,383,382.28571428571416
2,1495,381,381.76190476190465
2,1496,381,381.19047619047603
2,1497,381,380.76190476190453
2,1498,381,380.6666666666666
2,1499,380,380.33333333333314
2,1500,380,380.1428571428571
2,1501,380,379.8571428571428
2,1502,380,379.57142857142844
2,1503,379,379.47619047619037
2,1504,379,379.33333333333326
2,1505,380,379.2380952380951
2,1506,379,379.2857142857143
2,1507,379,379.142857142857
2,1508,379,378.90476190476176
2,1509,379,378.99999999999983
2,1510,379,378.99999999999983
2,1511,379,378.99999999999983
2,1512,379,378.99999999999983
2,1513,379,378.99999999999983
2,1514,379,378.99999999999983
2,1515,379,378.99999999999983
2,1516,379,378.99999999999983
2,1517,379,378.90476190476176
2,1518,379,379.047619047619
2,1519,379,379.33333333333314
2,1520,380,379.66666666666646
2,1521,380,379.9523809523808
2,1522,380,380.095238095238
2,1523,380,379.90476190476176
2,1524,380,380.047619047619
2,1525,380,380.33333333333326
2,1526,381,380.6666666666666
2,1527,381,380.85714285714266
2,1528,381,381.23809523809507
2,1529,381,381.2857142857141
2,1530,382,381.14285714285717
2,1531,381,381.38095238095235
2,1532,381,381.90476190476176
2,1533,383,382.1142857142858
2,1534,383,382.68571428571425
2,1535,382,381.94999999999993
2,1536,382,384.0
2,1537,383,382.90476190476164
2,1538,383,382.4761904761903
2,1539,383,383.0952380952379
2,1540,383,383.0
2,1541,383,383.0
2,1542,383,382.8095238095237
2,1543,383,383.09523809523796
2,1544,383,383.7619047619046
2,1545,385,384.28571428571416
2,1546,385,384.47619047619025
2,1547,384,384.5714285714284
2,1548,384,384.38095238095224
2,1549,385,384.5714285714285
2,1550,385,384.8571428571428
2,1551,385,385.14285714285705
2,1552,385,385.42857142857133
2,1553,386,385.5238095238094
2,1554,386,385.66666666666646
2,1555,385,385.8571428571427
2,1556,386,385.6666666666664
2,1557,386,385.42857142857133
2,1558,385,385.47619047619014
2,1559,385,385.28571428571405
2,1560,386,385.6190476190475
2,1561,386,386.2857142857142
2,1562,387,386.7619047619046
2,1563,387,386.95238095238085
2,1564,387,387.0952380952379
2,1565,387,386.9999999999999
2,1566,387,386.9999999999999
2,1567,387,386.9999999999999
2,1568,387,386.9999999999999
2,1569,387,386.9999999999999
2,1570,387,386.9999999999999
2,1571,387,386.9999999999999
2,1572,387,386.9999999999999
2,1573,387,386.9999999999999
2,1574,387,386.9999999999999
2,1575,387,386.9999999999999
2,1576,387,386.9999999999999
2,1577,387,386.9999999999999
2,1578,387,386.9999999999999
2,1579,387,386.9999999999999
2,1580,387,386.9999999999999
2,1581,387,386.9999999999999
2,1582,387,386.90476190476187
2,1583,387,387.0476190476188
2,1584,387,387.42857142857133
2,1585,388,387.61904761904736
2,1586,388,387.61904761904754
2,1587,387,387.4285714285714
2,1588,387,387.0285714285716
2,1589,387,386.85714285714266
2,1590,387,386.99999999999994
3,0,387,385.3333333333333
3,1,387,386.7619047619046
3,2,387,387.47619047619037
3,3,387,387.38095238095224
3,4,387,386.80952380952374
3,5,387,385.66666666666674
3,6,383,384.3333333333333
3,7,383,383.190476190476
3,8,383,382.61904761904754
3,9,383,383.095238095238
3,10,383,382.9523809523809
3,11,383,382.47619047619037
3,12,382,382.4285714285714
3,13,382,382.7142857142856
3,14,384,383.2380952380951
3,15,384,383.9047619047618
3,16,384,384.28571428571416
3,17,384,383.9523809523808
3,18,384,383.6666666666664
3,19,383,383.33333333333314
3,20,383,382.95238095238085
3,21,383,382.95238095238085
3,22,383,383.238095238095
3,23,384,383.7142857142856
3,24,384,384.38095238095224
3,25,385,384.71428571428555
3,26,385,384.52380952380935
3,27,384,384.4761904761903
3,28,384,384.38095238095224
3,29,385,384.5714285714285
3,30,385,385.0476190476189
3,31,385,385.0476190476189
3,32,385,384.6666666666665
3,33,384,384.3333333333332
3,34,384,383.9523809523808
3,35,384,383.9523809523808
3,36,384,384.33333333333326
3,37,385,384.57142857142844
3,38,385,384.99999999999983
3,39,385,385.42857142857133
3,40,386,385.6666666666666
3,41,386,385.95238095238085
3,42,386,386.095238095238
3,43,386,386.09523809523796
3,44,386,385.9523809523808
3,45,386,385.57142857142856
3,46,385,385.3809523809523
3,47,385,385.3809523809523
3,48,386,385.57142857142844
3,49,386,386.0476190476189
3,50,386,386.0476190476189
3,51,386,385.57142857142856
3,52,385,385.3809523809523
3,53,385,385.3809523809523
3,54,386,385.6666666666666
3,55,386,385.90476190476187
3,56,386,385.66666666666646
3,57,385,385.3809523809523
3,58,385,385.3809523809523
3,59,386,385.57142857142844
3,60,386,385.95238095238085
3,61,386,386.095238095238
3,62,386,385.99999999999994
3,63,386,385.99999999999994
3,64,386,385.90476190476187
3,65,386,386.0476190476189
3,66,386,386.4285714285712
3,67,387,386.6190476190476
3,68,387,386.6190476190475
3,69,386,386.4285714285714
3,70,386,386.14285714285705
3,71,386,385.85714285714283
3,72,386,385.6666666666666
3,73,385,385.3333333333332
3,74,385,385.0476190476189
3,75,385,384.9999999999999
3,76,385,384.9523809523808
3,77,385,384.57142857142844
3,78,384,384.3809523809522
3,79,384,384.47619047619025
3,80,385,384.52380952380946
3,81,385,384.61904761904754
3,82,384,384.4285714285713
3,83,384,384.142857142857
3,84,384,383.85714285714266
3,85,384,383.57142857142844
3,86,383,383.3809523809522
3,87,383,383.4761904761903
3,88,384,383.52380952380935
3,89,384,383.61904761904754
3,90,383,383.42857142857133
3,91,383,383.14285714285717
3,92,383,382.8571428571428
3,93,383,382.66666666666646
3,94,382,382.33333333333314
3,95,382,382.3333333333333
3,96,382,381.6666666666664
3,97,382,381.0476190476189
3,98,379,380.3333333333333
3,99,380,379.8095238095235
3,100,380,379.57142857142844
3,101,380,380.2380952380951
3,102,380,380.28571428571433
3,103,381,380.2380952380951
3,104,380,380.33333333333314
3,105,380,380.5714285714283
3,106,381,380.52380952380946
3,107,381,380.52380952380946
3,108,380,380.4761904761903
3,109,380,380.3809523809523
3,110,381,380.57142857142856
3,111,381,380.95238095238096
3,112,381,381.09523809523796
3,113,381,381.0952380952378
3,114,381,380.95238095238085
3,115,381,380.6666666666666
3,116,380,380.33333333333314
3,117,380,380.04761904761887
3,118,380,379.9047619047617
3,119,380,379.90476190476176
3,120,380,380.047619047619
3,121,380,380.52380952380935
3,122,381,380.5714285714285
3,123,381,380.2857142857141
3,124,379,379.7619047619048
3,125,379,379.0952380952381
3,126,379,378.8095238095236
3,127,379,378.99999999999983
3,128,379,378.99999999999983
3,129,379,378.99999999999983
3,130,379,378.99999999999983
3,131,379,378.99999999999983
3,132,379,378.99999999999983
3,133,379,378.99999999999983
3,134,379,378.99999999999983
3,135,379,378.99999999999983
3,136,379,378.90476190476176
3,137,379,379.047619047619
3,138,379,379.33333333333314
3,139,380,379.66666666666646
3,140,380,379.9523809523808
3,141,380,380.095238095238
3,142,380,379.99999999999983
3,143,380,379.99999999999983
3,144,380,379.99999999999983
3,145,380,379.99999999999983
3,146,380,379.99999999999983
3,147,380,379.99999999999983
3,148,380,379.99999999999983
3,149,380,379.99999999999983
3,150,380,379.99999999999983
3,151,380,379.90476190476176
3,152,380,380.047619047619
3,153,380,380.4285714285714
3,154,381,380.6190476190476
3,155,381,380.52380952380946
3,156,380,380.4761904761903
3,157,380,380.3809523809523
3,158,381,380.57142857142856
3,159,381,380.95238095238096
3,160,381,381.09523809523796
3,161,381,380.90476190476176
3,162,381,381.0476190476189
3,163,381,381.3333333333333
3,164,382,381.6666666666666
3,165,382,381.9523809523809
3,166,382,382.09523809523796
3,167,382,381.9999999999997
3,168,382,381.9999999999997
3,169,382,381.9999999999997
3,170,382,381.90476190476176
3,171,382,382.04761904761887
3,172,382,382.3333333333333
3,173,383,382.66666666666663
3,174,383,382.85714285714266
3,175,383,383.1428571428569
3,176,383,383.238095238095
3,177,384,383.7142857142856
3,178,384,384.38095238095224
3,179,385,384.71428571428555
3,180,385,384.61904761904754
3,181,384,384.4285714285713
3,182,384,384.0476190476189
3,183,384,383.90476190476164
3,184,384,383.90476190476176
3,185,384,384.142857142857
3,186,384,384.28571428571405
3,187,385,384.23809523809507
3,188,384,384.33333333333326
3,189,384,384.5714285714285
3,190,385,384.52380952380946
3,191,385,384.52380952380935
3,192,384,384.4761904761903
3,193,384,384.38095238095224
3,194,385,384.5714285714285
3,195,385,384.9523809523808
3,196,385,385.095238095238
3,197,385,384.9999999999999
3,198,385,384.9999999999999
3,199,385,384.9999999999999
3,200,385,384.9999999999999
3,201,385,385.0952380952379
3,202,385,384.9523809523808
3,203,385,384.57142857142844
3,204,384,384.3809523809522
3,205,384,384.38095238095224
3,206,385,384.5714285714285
3,207,385,385.0476190476189
3,208,385,385.0476190476189
3,209,385,384.6666666666665
3,210,384,384.3333333333332
3,211,384,384.0476190476189
3,212,384,383.90476190476164
3,213,384,383.9999999999999
3,214,384,383.9999999999999
3,215,384,383.9999999999999
3,216,384,383.9999999999999
3,217,384,383.9999999999999
3,218,384,383.9999999999999
3,219,384,383.9999999999999
3,220,384,383.90476190476176
3,221,384,384.04761904761875
3,222,384,384.4285714285713
3,223,385,384.61904761904754
3,224,385,384.7142857142856
3,225,384,384.38095238095224
3,226,384,383.71428571428555
3,227,383,383.238095238095
3,228,383,383.047619047619
3,229,383,382.90476190476164
3,230,383,383.095238095238
3,231,383,382.9523809523809
3,232,383,382.66666666666646
3,233,382,382.33333333333314
3,234,382,382.0476190476189
3,235,382,381.99999999999994
3,236,382,381.9523809523809
3,237,382,381.6666666666664
3,238,381,381.33333333333314
3,239,381,380.95238095238074
3,240,381,380.95238095238085
3,241,381,381.3333333333333
3,242,382,381.6666666666666
3,243,382,382.0476190476189
3,244,382,382.0476190476189
3,245,382,381.6666666666664
3,246,381,381.33333333333314
3,247,381,381.1428571428572
3,248,381,380.85714285714283
3,249,381,380.6666666666666
3,250,380,380.33333333333314
3,251,380,380.04761904761887
3,252,380,379.9047619047617
3,253,380,380.00000000000017
3,254,380,379.99999999999994
3,255,380,379.99999999999994
3,256,380,380.76190476190476
3,257,380,380.047619047619
3,258,380,379.47619047619037
3,259,379,379.33333333333314
3,260,379,379.04761904761887
3,261,379,378.90476190476176
3,262,379,378.99999999999983
3,263,379,378.99999999999983
3,264,379,378.99999999999983
3,265,379,378.99999999999983
3,266,379,378.99999999999983
3,267,379,378.99999999999983
3,268,379,378.99999999999983
3,269,379,378.99999999999983
3,270,379,378.99999999999983
3,271,379,378.90476190476176
3,272,379,379.047619047619
3,273,379,379.33333333333314
3,274,380,379.66666666666646
3,275,380,379.9523809523808
3,276,380,380.095238095238
3,277,380,379.99999999999983
3,278,380,379.99999999999983
3,279,380,379.99999999999983
3,280,380,379.99999999999983
3,281,380,379.99999999999983
3,282,380,379.99999999999983
3,283,380,379.99999999999983
3,284,380,379.99999999999983
3,285,380,379.90476190476176
3,286,380,380.047619047619
3,287,380,380.33333333333326
3,288,381,380.6666666666666
3,289,381,380.95238095238096
3,290,381,380.9999999999999
3,291,381,381.0476190476189
3,292,381,381.3333333333333
3,293,382,381.6666666666666
3,294,382,381.9523809523809
3,295,382,382.09523809523796
3,296,382,381.90476190476176
3,297,382,382.04761904761887
3,298,382,382.3333333333333
3,299,383,382.66666666666663
3,300,383,382.95238095238074
3,301,383,383.7619047619047
3,302,383,382.66666666666646
3,303,383,380.6666666666666
3,304,376,378.33333333333326
3,305,376,376.3333333333333
3,306,376,374.57142857142856
3,307,376,376.38095238095224
3,308,376,378.6666666666666
3,309,384,381.3333333333333
3,310,384,383.6190476190475
3,311,384,384.76190476190465
3,312,384,383.9999999999999
3,313,384,383.9999999999999
3,314,384,383.9999999999999
3,315,384,383.9999999999999
3,316,384,383.90476190476176
3,317,384,384.04761904761875
3,318,384,384.33333333333326
3,319,385,384.76190476190453
3,320,385,384.9047619047618
3,321,385,384.7619047619046
3,322,384,384.3333333333332
3,323,384,383.8571428571427
3,324,384,383.99999999999983
3,325,384,384.76190476190453
3,326,386,385.2857142857142
3,327,386,385.57142857142844
3,328,385,385.5238095238094
3,329,385,385.0476190476189
3,330,385,384.9047619047618
3,331,385,384.9999999999999
3,332,385,384.9999999999999
3,333,385,384.9999999999999
3,334,385,384.9999999999999
3,335,385,385.0952380952379
3,336,385,384.9523809523808
3,337,385,384.57142857142844
3,338,384,384.3809523809522
3,339,384,384.47619047619025
3,340,385,384.52380952380946
3,341,385,384.52380952380935
3,342,384,384.4761904761903
3,343,384,384.38095238095224
3,344,385,384.6666666666666
3,345,385,384.9047619047618
3,346,385,384.8571428571428
3,347,384,384.2857142857142
3,348,384,383.71428571428555
3,349,383,383.238095238095
3,350,383,382.95238095238085
3,351,383,382.95238095238085
3,352,383,383.5238095238094
3,353,384,383.57142857142856
3,354,384,383.19047619047615
3,355,382,382.8095238095237
3,356,382,382.52380952380946
3,357,383,382.42857142857133
3,358,383,382.61904761904736
3,359,382,382.42857142857133
3,360,382,382.142857142857
3,361,382,381.8571428571428
3,362,382,381.6666666666664
3,363,381,381.33333333333314
3,364,381,381.1428571428572
3,365,381,380.76190476190476
3,366,381,380.71428571428567
3,367,380,380.76190476190453
3,368,381,380.6666666666666
3,369,381,380.6190476190475
3,370,380,380.3809523809523
3,371,380,379.6190476190475
3,372,379,379.28571428571416
3,373,379,379.28571428571416
3,374,380,379.6190476190476
3,375,380,380.2857142857142
3,376,381,380.7619047619047
3,377,381,381.04761904761887
3,378,381,381.04761904761887
3,379,381,380.6666666666666
3,380,380,380.33333333333314
3,381,380,380.04761904761887
3,382,380,379.9047619047617
3,383,380,379.99999999999983
3,384,380,379.99999999999983
3,385,380,379.99999999999983
3,386,380,379.99999999999983
3,387,380,379.90476190476176
3,388,380,380.047619047619
3,389,380,380.33333333333326
3,390,381,380.6666666666666
3,391,381,380.95238095238096
3,392,381,381.09523809523796
3,393,381,380.9999999999999
3,394,381,380.90476190476176
3,395,381,381.0476190476189
3,396,381,381.23809523809507
3,397,382,381.7142857142856
3,398,382,382.3809523809523
3,399,383,382.7142857142856
3,400,383,382.52380952380946
3,401,382,382.4761904761904
3,402,382,382.47619047619037
3,403,383,382.52380952380946
3,404,383,382.52380952380946
3,405,382,382.4761904761904
3,406,382,382.5714285714284
3,407,383,382.4761904761904
3,408,383,382.28571428571416
3,409,381,381.76190476190465
3,410,381,381.09523809523785
3,411,381,380.9047619047618
3,412,381,380.95238095238085
3,413,381,380.6666666666666
3,414,380,380.33333333333314
3,415,380,380.04761904761887
3,416,380,379.9047619047617
3,417,380,379.99999999999983
3,418,380,379.99999999999983
3,419,380,379.90476190476176
3,420,380,380.047619047619
3,421,380,380.4285714285714
3,422,381,380.6190476190476
3,423,381,380.52380952380946
3,424,380,380.4761904761903
3,425,380,380.28571428571416
3,426,381,380.71428571428555
3,427,381,381.2380952380952
3,428,382,381.3333333333332
3,429,381,381.33333333333314
3,430,381,381.4761904761905
3,431,382,381.5714285714285
3,432,382,381.85714285714283
3,433,382,382.142857142857
3,434,382,382.3333333333333
3,435,383,382.66666666666663
3,436,383,382.95238095238074
3,437,383,383.0952380952379
3,438,383,383.0
3,439,383,383.0
3,440,383,383.0
3,441,383,383.0
3,442,383,383.0
3,443,383,383.0
3,444,383,383.0
3,445,383,383.0
3,446,383,383.0
3,447,383,383.0
3,448,383,383.0
3,449,383,383.0
3,450,383,383.0
3,451,383,383.0
3,452,383,383.0
3,453,383,383.0
3,454,383,383.0
3,455,383,383.0
3,456,383,383.0
3,457,383,383.0
3,458,383,383.0
3,459,383,382.9047619047618
3,460,383,383.0476190476188
3,461,383,383.4285714285713
3,462,384,383.6190476190475
3,463,384,383.61904761904754
3,464,383,383.42857142857133
3,465,383,383.047619047619
3,466,383,382.9999999999999
3,467,383,382.9523809523809
3,468,383,382.66666666666646
3,469,382,382.33333333333314
3,470,382,381.95238095238085
3,471,382,381.95238095238085
3,472,382,382.42857142857133
3,473,383,382.6190476190475
3,474,383,382.61904761904736
3,475,382,382.42857142857133
3,476,382,381.95238095238085
3,477,382,381.95238095238085
3,478,382,382.42857142857133
3,479,383,382.6190476190475
3,480,383,382.61904761904736
3,481,382,382.42857142857133
3,482,382,382.142857142857
3,483,382,381.8571428571428
3,484,382,381.6666666666664
3,485,381,381.33333333333314
3,486,381,381.0476190476188
3,487,381,380.9047619047617
3,488,381,380.9999999999999
3,489,381,380.9999999999999
3,490,381,380.9999999999999
3,491,381,380.9999999999999
3,492,381,380.9999999999999
3,493,381,381.0952380952378
3,494,381,380.95238095238085
3,495,381,380.6666666666666
3,496,380,380.33333333333314
3,497,380,380.04761904761887
3,498,380,379.9047619047617
3,499,380,379.90476190476176
3,500,380,380.047619047619
3,501,380,380.4285714285714
3,502,381,380.6190476190476
3,503,381,380.6190476190474
3,504,380,380.4285714285713
3,505,380,380.04761904761887
3,506,380,380.095238095238
3,507,380,379.8095238095236
3,508,380,379.3809523809523
3,509,378,379.00000000000017
3,510,379,378.6857142857142
3,511,379,379.2
3,512,379,380.3333333333333
3,513,380,379.8095238095235
3,514,380,379.57142857142844
3,515,380,380.14285714285705
3,516,380,380.33333333333326
3,517,381,380.6666666666666
3,518,381,380.85714285714266
3,519,381,381.142857142857
3,520,381,381.3333333333333
3,521,382,381.6666666666666
3,522,382,382.0476190476189
3,523,382,382.0476190476189
3,524,382,381.5714285714284
3,525,381,381.3809523809523
3,526,381,381.38095238095235
3,527,382,381.5714285714285
3,528,382,381.9523809523809
3,529,382,382.09523809523796
3,530,382,381.9999999999997
3,531,382,381.9999999999997
3,532,382,381.9999999999997
3,533,382,382.095238095238
3,534,382,381.9523809523809
3,535,382,381.6666666666664
3,536,381,381.33333333333314
3,537,381,381.1428571428572
3,538,381,380.85714285714283
3,539,381,380.6666666666666
3,540,380,380.33333333333314
3,541,380,379.9523809523808
3,542,380,379.95238095238074
3,543,380,380.33333333333326
3,544,381,380.6666666666666
3,545,381,380.95238095238096
3,546,381,381.09523809523796
3,547,381,380.9999999999999
3,548,381,380.9999999999999
3,549,381,380.90476190476176
3,550,381,381.0476190476189
3,551,381,381.3333333333333
3,552,382,381.6666666666666
3,553,382,381.9523809523809
3,554,382,382.09523809523796
3,555,382,381.9999999999997
3,556,382,381.90476190476176
3,557,382,382.04761904761887
3,558,382,382.3333333333333
3,559,383,382.66666666666663
3,560,383,382.85714285714266
3,561,383,383.1428571428569
3,562,383,383.4285714285713
3,563,384,383.6190476190475
3,564,384,383.5238095238093
3,565,383,383.47619047619025
3,566,383,383.3809523809523
3,567,384,383.57142857142856
3,568,384,383.9523809523808
3,569,384,384.095238095238
3,570,384,384.09523809523796
3,571,384,383.9523809523808
3,572,384,383.6666666666664
3,573,383,383.33333333333314
3,574,383,383.047619047619
3,575,383,382.90476190476164
3,576,383,383.0
3,577,383,383.0
3,578,383,383.0
3,579,383,383.095238095238
3,580,383,382.9523809523809
3,581,383,382.66666666666646
3,582,382,382.33333333333314
3,583,382,381.8571428571428
3,584,382,382.00000000000006
3,585,382,382.7619047619046
3,586,384,383.28571428571416
3,587,384,383.66666666666646
3,588,383,383.47619047619025
3,589,383,382.71428571428544
3,590,382,382.23809523809507
3,591,382,382.0476190476189
3,592,382,381.9047619047618
3,593,382,381.9999999999997
3,594,382,381.9999999999997
3,595,382,381.9999999999997
3,596,382,381.9999999999997
3,597,382,382.095238095238
3,598,382,381.9523809523809
3,599,382,381.6666666666664
3,600,381,381.33333333333314
3,601,381,381.0476190476188
3,602,381,380.9047619047617
3,603,381,380.9999999999999
3,604,381,380.9999999999999
3,605,381,380.9999999999999
3,606,381,380.90476190476176
3,607,381,381.0476190476189
3,608,381,381.52380952380946
3,609,382,381.57142857142844
3,610,382,381.1904761904761
3,611,380,380.80952380952357
3,612,380,380.42857142857144
3,613,381,380.47619047619037
3,614,381,380.95238095238096
3,615,381,381.09523809523796
3,616,381,380.9999999999999
3,617,381,380.9999999999999
3,618,381,380.9999999999999
3,619,381,380.9999999999999
3,620,381,380.9999999999999
3,621,381,380.9999999999999
3,622,381,380.9999999999999
3,623,381,380.9999999999999
3,624,381,380.9999999999999
3,625,381,380.9999999999999
3,626,381,380.9999999999999
3,627,381,380.9999999999999
3,628,381,380.9999999999999
3,629,381,380.9999999999999
3,630,381,380.9999999999999
3,631,381,380.9999999999999
3,632,381,380.9999999999999
3,633,381,380.9999999999999
3,634,381,380.9999999999999
3,635,381,380.9999999999999
3,636,381,380.9999999999999
3,637,381,380.9999999999999
3,638,381,380.9999999999999
3,639,381,380.9999999999999
3,640,381,380.9999999999999
3,641,381,380.90476190476176
3,642,381,381.14285714285694
3,643,381,381.2857142857141
3,644,382,381.2380952380952
3,645,381,381.33333333333314
3,646,381,381.4761904761905
3,647,382,381.5714285714285
3,648,382,381.9523809523809
3,649,382,382.09523809523796
3,650,382,381.9999999999997
3,651,382,381.9999999999997
3,652,382,381.9999999999997
3,653,382,381.9999999999997
3,654,382,381.9999999999997
3,655,382,381.9999999999997
3,656,382,381.9999999999997
3,657,382,381.9999999999997
3,658,382,381.9999999999997
3,659,382,381.9999999999997
3,660,382,381.90476190476176
3,661,382,382.04761904761887
3,662,382,382.3333333333333
3,663,383,382.66666666666663
3,664,383,382.95238095238074
3,665,383,383.0952380952379
3,666,383,383.0
3,667,383,383.0
3,668,383,383.0
3,669,383,383.0
3,670,383,383.0
3,671,383,383.0
3,672,383,383.0
3,673,383,383.0
3,674,383,383.0
3,675,383,383.0
3,676,383,383.0
3,677,383,383.0
3,678,383,383.0
3,679,383,383.0
3,680,383,383.0
3,681,383,383.095238095238
3,682,383,382.9523809523809
3,683,383,382.57142857142844
3,684,382,382.38095238095235
3,685,382,382.38095238095224
3,686,383,382.57142857142844
3,687,383,382.95238095238074
3,688,383,383.0952380952379
3,689,383,383.095238095238
3,690,383,382.9523809523809
3,691,383,382.47619047619037
3,692,382,382.4285714285714
3,693,382,382.9047619047618
3,694,384,383.142857142857
3,695,384,383.142857142857
3,696,382,382.90476190476176
3,697,382,382.4285714285714
3,698,383,382.47619047619025
3,699,383,382.95238095238074
3,700,383,383.190476190476
3,701,383,382.9523809523809
3,702,383,382.66666666666646
3,703,382,382.33333333333314
3,704,382,382.0476190476189
3,705,382,381.9047619047618
3,706,382,381.9999999999997
3,707,382,381.9999999999997
3,708,382,381.9999999999997
3,709,382,381.9999999999997
3,710,382,381.9999999999997
3,711,382,382.47619047619037
3,712,382,381.7619047619047
3,713,382,380.33333333333314
3,714,377,378.6666666666666
3,715,377,377.33333333333326
3,716,377,376.4761904761904
3,717,377,376.57142857142844
3,718,376,376.3809523809523
3,719,376,376.3809523809523
3,720,377,376.38095238095224
3,721,377,377.0476190476189
3,722,377,377.57142857142844
3,723,379,378.4285714285712
3,724,379,379.47619047619037
3,725,381,380.5714285714285
3,726,381,381.33333333333314
3,727,382,381.80952380952357
3,728,382,381.6190476190475
3,729,381,381.4285714285712
3,730,381,381.0476190476188
3,731,381,380.9047619047617
3,732,381,380.9999999999999
3,733,381,380.9999999999999
3,734,381,380.9999999999999
3,735,381,380.9999999999999
3,736,381,380.9999999999999
3,737,381,380.9999999999999
3,738,381,380.9999999999999
3,739,381,380.9999999999999
3,740,381,380.9999999999999
3,741,381,380.9999999999999
3,742,381,380.9999999999999
3,743,381,380.9999999999999
3,744,381,380.9999999999999
3,745,381,380.90476190476176
3,746,381,381.0476190476189
3,747,381,381.4285714285713
3,748,382,381.6190476190475
3,749,382,381.6190476190475
3,750,381,381.4285714285712
3,751,381,381.0476190476188
3,752,381,380.9047619047617
3,753,381,380.9999999999999
3,754,381,380.9999999999999
3,755,381,380.9999999999999
3,756,381,380.9999999999999
3,757,381,380.90476190476176
3,758,381,380.95238095238085
3,759,381,381.3809523809523
3,760,382,382.09523809523796
3,761,383,382.57142857142844
3,762,383,382.7142857142856
3,763,382,382.42857142857133
3,764,382,382.0476190476189
3,765,382,381.857142857143
3,766,382,381.99999999999994
3,767,382,381.99999999999983
3,768,382,381.9999999999997
3,769,382,381.9999999999997
3,770,382,381.9999999999997
3,771,382,381.9999999999997
3,772,382,381.90476190476176
3,773,382,382.04761904761887
3,774,382,382.3333333333333
3,775,383,382.66666666666663
3,776,383,382.95238095238074
3,777,383,383.0952380952379
3,778,383,383.0
3,779,383,383.0
3,780,383,382.9047619047618
3,781,383,383.23809523809524
3,782,383,383.23809523809507
3,783,384,382.80952380952357
3,784,382,382.71428571428567
3,785,382,382.95238095238085
3,786,384,383.095238095238
3,787,384,383.5714285714285
3,788,383,383.5238095238094
3,789,383,383.047619047619
3,790,383,382.90476190476164
3,791,383,383.0
3,792,383,383.0
3,793,383,383.0
3,794,383,383.0
3,795,383,383.0
3,796,383,383.0
3,797,383,383.0
3,798,383,383.0
3,799,383,383.0
3,800,383,383.0
3,801,383,383.0
3,802,383,383.0
3,803,383,383.0
3,804,383,383.0
3,805,383,383.0
3,806,383,383.095238095238
3,807,383,382.9523809523809
3,808,383,382.66666666666646
3,809,382,382.33333333333314
3,810,382,382.0476190476189
3,811,382,381.9047619047618
3,812,382,381.9999999999997
3,813,382,381.9999999999997
3,814,382,381.9999999999997
3,815,382,381.9999999999997
3,816,382,381.90476190476176
3,817,382,382.04761904761887
3,818,382,382.42857142857133
3,819,383,382.6190476190475
3,820,383,382.61904761904736
3,821,382,382.42857142857133
3,822,382,382.0476190476189
3,823,382,381.9047619047618
3,824,382,381.9999999999997
3,825,382,382.095238095238
3,826,382,381.9523809523809
3,827,382,381.5714285714284
3,828,381,381.3809523809523
3,829,381,381.47619047619037
3,830,382,381.52380952380935
3,831,382,381.6190476190475
3,832,381,381.4285714285712
3,833,381,380.8571428571428
3,834,381,380.9999999999999
3,835,381,381.85714285714283
3,836,383,382.238095238095
3,837,383,382.3333333333333
3,838,381,381.8095238095237
3,839,381,380.66666666666663
3,840,380,380.1904761904761
3,841,380,380.3809523809523
3,842,381,380.57142857142856
3,843,381,380.95238095238096
3,844,381,380.9999999999999
3,845,381,381.0476190476189
3,846,381,381.4285714285713
3,847,382,381.6190476190475
3,848,382,381.6190476190475
3,849,381,381.4285714285712
3,850,381,381.0476190476188
3,851,381,380.9047619047617
3,852,381,380.9999999999999
3,853,381,380.9999999999999
3,854,381,380.90476190476176
3,855,381,381.0476190476189
3,856,381,381.3333333333333
3,857,382,381.6666666666666
3,858,382,381.9523809523809
3,859,382,382.09523809523796
3,860,382,382.095238095238
3,861,382,381.9523809523809
3,862,382,381.5714285714284
3,863,381,381.3809523809523
3,864,381,381.38095238095235
3,865,382,381.5714285714285
3,866,382,382.0476190476189
3,867,382,382.0476190476189
3,868,382,381.5714285714284
3,869,381,381.3809523809523
3,870,381,381.38095238095235
3,871,382,381.5714285714285
3,872,382,381.9523809523809
3,873,382,382.09523809523796
3,874,382,381.9999999999997
3,875,382,381.9999999999997
3,876,382,381.9999999999997
3,877,382,381.9999999999997
3,878,382,381.90476190476176
3,879,382,382.04761904761887
3,880,382,382.3333333333333
3,881,383,382.66666666666663
3,882,383,382.95238095238074
3,883,383,383.0952380952379
3,884,383,383.0
3,885,383,383.0
3,886,383,383.0
3,887,383,383.0
3,888,383,383.0
3,889,383,383.0
3,890,383,383.0
3,891,383,382.9047619047618
3,892,383,383.0476190476188
3,893,383,383.238095238095
3,894,384,383.7142857142856
3,895,384,384.2857142857141
3,896,385,384.76190476190476
3,897,385,384.8571428571428
3,898,385,385.14285714285705
3,899,385,385.42857142857133
3,900,386,385.6190476190474
3,901,386,385.61904761904754
3,902,385,385.42857142857133
3,903,385,385.0476190476189
3,904,385,384.9047619047618
3,905,385,384.9999999999999
3,906,385,384.9047619047618
3,907,385,385.0476190476188
3,908,385,385.42857142857133
3,909,386,385.6190476190474
3,910,386,385.52380952380946
3,911,385,385.47619047619014
3,912,385,385.47619047619037
3,913,386,385.5238095238095
3,914,386,385.8095238095236
3,915,385,385.3333333333332
3,916,385,384.57142857142844
3,917,383,383.47619047619025
3,918,383,382.4285714285713
3,919,381,381.38095238095224
3,920,381,381.1428571428571
3,921,381,380.9523809523808
3,922,382,381.76190476190465
3,923,382,382.52380952380946
3,924,384,383.4761904761904
3,925,384,384.23809523809507
3,926,385,384.85714285714266
3,927,385,384.9523809523808
3,928,385,385.19047619047615
3,929,385,384.9523809523808
3,930,385,384.6666666666665
3,931,384,384.3333333333332
3,932,384,384.142857142857
3,933,384,383.85714285714266
3,934,384,383.57142857142844
3,935,383,383.3809523809522
3,936,383,383.57142857142856
3,937,384,383.4761904761904
3,938,384,383.2857142857141
3,939,382,382.76190476190453
3,940,382,382.09523809523796
3,941,382,381.80952380952374
3,942,382,382.095238095238
3,943,382,381.9523809523809
3,944,382,381.6666666666664
3,945,381,381.33333333333314
3,946,381,381.0476190476188
3,947,381,380.9047619047617
3,948,381,380.9999999999999
3,949,381,381.0952380952378
3,950,381,380.95238095238085
3,951,381,380.7619047619047
3,952,380,380.28571428571416
3,953,380,379.7142857142856
3,954,379,379.238095238095
3,955,379,379.04761904761887
3,956,379,378.90476190476176
3,957,379,378.99999999999983
3,958,379,378.99999999999983
3,959,379,379.095238095238
3,960,379,378.952380952381
3,961,379,378.57142857142844
3,962,378,378.3809523809524
3,963,378,378.3809523809523
3,964,379,378.5714285714283
3,965,379,378.95238095238085
3,966,379,379.095238095238
3,967,379,378.99999999999983
3,968,379,378.99999999999983
3,969,379,378.99999999999983
3,970,379,378.99999999999983
3,971,379,378.99999999999983
3,972,379,378.99999999999983
3,973,379,378.99999999999983
3,974,379,378.99999999999983
3,975,379,378.99999999999983
3,976,379,378.90476190476176
3,977,379,379.047619047619
3,978,379,379.4285714285714
3,979,380,379.6190476190474
3,980,380,379.52380952380935
3,981,379,379.4761904761903
3,982,379,379.28571428571416
3,983,380,379.6190476190476
3,984,380,380.2857142857142
3,985,381,380.7619047619047
3,986,381,380.95238095238096
3,987,381,380.9999999999999
3,988,381,381.0476190476189
3,989,381,381.4285714285713
3,990,382,381.6190476190475
3,991,382,381.52380952380935
3,992,381,381.47619047619037
3,993,381,381.38095238095235
3,994,382,381.5714285714285
3,995,382,381.85714285714283
3,996,382,382.142857142857
3,997,382,382.42857142857133
3,998,383,382.6190476190475
3,999,383,382.52380952380946
3,1000,382,382.4761904761904
3,1001,382,382.2857142857143
3,1002,383,382.61904761904754
3,1003,383,383.19047619047603
3,1004,384,383.8095238095235
3,1005,384,384.38095238095224
3,1006,385,384.71428571428555
3,1007,385,384.61904761904754
3,1008,384,384.4285714285713
3,1009,384,383.9523809523808
3,1010,384,383.9523809523808
3,1011,384,384.33333333333326
3,1012,385,384.76190476190453
3,1013,385,384.9047619047618
3,1014,385,384.6666666666666
3,1015,384,384.3809523809522
3,1016,384,384.47619047619025
3,1017,385,384.52380952380946
3,1018,385,384.52380952380935
3,1019,384,384.4761904761903
3,1020,384,384.38095238095224
3,1021,385,384.4857142857144
3,1022,385,384.97142857142853
3,1023,385,384.94999999999993
3,1024,385,384.095238095238
3,1025,385,384.80952380952357
3,1026,385,384.76190476190453
3,1027,384,384.4285714285713
3,1028,384,384.8095238095236
3,1029,386,385.19047619047603
3,1030,386,385.57142857142844
3,1031,385,385.5238095238094
3,1032,385,385.0476190476189
3,1033,385,384.9999999999999
3,1034,385,384.9523809523808
3,1035,385,384.6666666666665
3,1036,384,384.3333333333332
3,1037,384,384.0476190476189
3,1038,384,383.90476190476164
3,1039,384,383.9999999999999
3,1040,384,383.9999999999999
3,1041,384,383.9999999999999
3,1042,384,383.9999999999999
3,1043,384,384.09523809523796
3,1044,384,383.9523809523808
3,1045,384,383.76190476190465
3,1046,383,383.2857142857142
3,1047,383,382.71428571428544
3,1048,382,382.23809523809507
3,1049,382,382.0476190476189
3,1050,382,381.99999999999994
3,1051,382,381.9523809523809
3,1052,382,381.5714285714284
3,1053,381,381.3809523809523
3,1054,381,381.47619047619037
3,1055,382,381.52380952380935
3,1056,382,381.6190476190475
3,1057,381,381.4285714285712
3,1058,381,381.1428571428572
3,1059,381,380.85714285714283
3,1060,381,380.6666666666666
3,1061,380,380.33333333333314
3,1062,380,380.1428571428571
3,1063,380,379.8571428571428
3,1064,380,379.6666666666664
3,1065,379,379.33333333333314
3,1066,379,378.9523809523809
3,1067,379,378.9523809523808
3,1068,379,379.4285714285714
3,1069,380,379.6190476190474
3,1070,380,379.61904761904754
3,1071,379,379.4285714285713
3,1072,379,378.9523809523809
3,1073,379,379.0476190476189
3,1074,379,379.2857142857142
3,1075,380,379.33333333333314
3,1076,379,379.2857142857143
3,1077,379,379.142857142857
3,1078,379,378.90476190476176
3,1079,379,378.90476190476176
3,1080,379,379.047619047619
3,1081,379,379.4285714285714
3,1082,380,379.6190476190474
3,1083,380,379.61904761904754
3,1084,379,379.4285714285713
3,1085,379,379.04761904761887
3,1086,379,378.90476190476176
3,1087,379,378.90476190476176
3,1088,379,379.047619047619
3,1089,379,379.238095238095
3,1090,380,379.8095238095237
3,1091,380,380.2380952380951
3,1092,381,380.33333333333326
3,1093,380,380.33333333333314
3,1094,380,380.5714285714283
3,1095,381,380.52380952380946
3,1096,381,380.52380952380946
3,1097,380,380.4761904761903
3,1098,380,380.28571428571416
3,1099,381,380.6190476190475
3,1100,381,381.190476190476
3,1101,382,381.8095238095237
3,1102,382,382.3809523809523
3,1103,383,382.7142857142856
3,1104,383,382.42857142857133
3,1105,382,382.5238095238096
3,1106,382,382.8095238095237
3,1107,384,383.1904761904761
3,1108,384,383.4761904761904
3,1109,383,383.5714285714284
3,1110,383,383.3809523809523
3,1111,384,383.57142857142856
3,1112,384,383.9523809523808
3,1113,384,384.095238095238
3,1114,384,383.9999999999999
3,1115,384,383.9999999999999
3,1116,384,383.9999999999999
3,1117,384,383.9999999999999
3,1118,384,383.90476190476176
3,1119,384,384.04761904761875
3,1120,384,384.80952380952374
3,1121,385,384.4285714285713
3,1122,385,383.28571428571416
3,1123,380,381.5714285714285
3,1124,380,380.33333333333326
3,1125,380,379.90476190476176
3,1126,382,381.47619047619037
3,1127,382,382.9047619047618
3,1128,385,384.19047619047603
3,1129,385,384.85714285714283
3,1130,385,385.28571428571416
3,1131,385,385.0952380952379
3,1132,385,384.9523809523808
3,1133,385,384.57142857142844
3,1134,384,384.3809523809522
3,1135,384,384.38095238095224
3,1136,385,384.5714285714285
3,1137,385,385.0476190476189
3,1138,385,385.0476190476189
3,1139,385,384.6666666666665
3,1140,384,384.3333333333332
3,1141,384,384.0476190476189
3,1142,384,383.90476190476164
3,1143,384,383.9999999999999
3,1144,384,384.09523809523796
3,1145,384,383.9523809523808
3,1146,384,383.76190476190465
3,1147,383,383.2857142857142
3,1148,383,382.71428571428544
3,1149,382,382.23809523809507
3,1150,382,381.95238095238085
3,1151,382,381.95238095238085
3,1152,382,382.42857142857133
3,1153,383,382.6190476190475
3,1154,383,382.7142857142856
3,1155,382,382.3809523809523
3,1156,382,381.71428571428555
3,1157,381,381.23809523809507
3,1158,381,381.0476190476188
3,1159,381,380.9047619047617
3,1160,381,381.0952380952378
3,1161,381,380.95238095238085
3,1162,381,380.5714285714285
3,1163,380,380.38095238095224
3,1164,380,380.3809523809523
3,1165,381,380.66666666666646
3,1166,381,380.9047619047619
3,1167,381,380.76190476190453
3,1168,380,380.33333333333314
3,1169,380,380.04761904761887
3,1170,380,379.9047619047617
3,1171,380,379.99999999999983
3,1172,380,379.99999999999983
3,1173,380,379.99999999999983
3,1174,380,379.99999999999983
3,1175,380,380.09523809523813
3,1176,380,379.9523809523809
3,1177,380,379.6666666666664
3,1178,379,379.33333333333314
3,1179,379,378.9523809523809
3,1180,379,378.9523809523808
3,1181,379,379.33333333333314
3,1182,380,379.66666666666646
3,1183,380,380.0476190476189
3,1184,380,380.047619047619
3,1185,380,379.57142857142844
3,1186,379,379.38095238095224
3,1187,379,379.3809523809523
3,1188,380,379.57142857142844
3,1189,380,379.9523809523808
3,1190,380,380.095238095238
3,1191,380,379.99999999999983
3,1192,380,379.99999999999983
3,1193,380,379.99999999999983
3,1194,380,379.99999999999983
3,1195,380,379.99999999999983
3,1196,380,379.90476190476176
3,1197,380,380.047619047619
3,1198,380,380.33333333333326
3,1199,381,380.6666666666666
3,1200,381,380.85714285714266
3,1201,381,381.142857142857
3,1202,381,381.4285714285713
3,1203,382,381.6190476190475
3,1204,382,381.52380952380935
3,1205,381,381.47619047619037
3,1206,381,381.38095238095235
3,1207,382,381.5714285714285
3,1208,382,381.9523809523809
3,1209,382,382.09523809523796
3,1210,382,381.9999999999997
3,1211,382,381.9999999999997
3,1212,382,381.9999999999997
3,1213,382,381.9999999999997
3,1214,382,381.9999999999997
3,1215,382,381.90476190476176
3,1216,382,382.04761904761887
3,1217,382,382.3333333333333
3,1218,383,382.66666666666663
3,1219,383,382.95238095238074
3,1220,383,383.0952380952379
3,1221,383,382.9047619047618
3,1222,383,383.0476190476188
3,1223,383,383.33333333333326
3,1224,384,383.6666666666665
3,1225,384,384.04761904761887
3,1226,384,384.04761904761887
3,1227,384,383.57142857142844
3,1228,383,383.3809523809522
3,1229,383,383.3809523809523
3,1230,384,383.57142857142856
3,1231,384,383.9523809523808
3,1232,384,384.095238095238
3,1233,384,383.9999999999999
3,1234,384,383.90476190476176
3,1235,384,384.04761904761875
3,1236,384,384.4285714285713
3,1237,385,384.61904761904754
3,1238,385,384.52380952380935
3,1239,384,384.4761904761903
3,1240,384,384.38095238095224
3,1241,385,384.5714285714285
3,1242,385,384.9523809523808
3,1243,385,385.095238095238
3,1244,385,384.9999999999999
3,1245,385,384.9999999999999
3,1246,385,384.9999999999999
3,1247,385,384.9999999999999
3,1248,385,385.0952380952379
3,1249,385,384.9523809523808
3,1250,385,384.6666666666665
3,1251,384,384.3333333333332
3,1252,384,384.0476190476189
3,1253,384,383.90476190476164
3,1254,384,383.9999999999999
3,1255,384,383.9999999999999
3,1256,384,383.9999999999999
3,1257,384,383.9999999999999
3,1258,384,383.9999999999999
3,1259,384,383.9999999999999
3,1260,384,383.9999999999999
3,1261,384,383.9999999999999
3,1262,384,383.9999999999999
3,1263,384,384.09523809523796
3,1264,384,383.9523809523808
3,1265,384,383.6666666666664
3,1266,383,383.33333333333314
3,1267,383,383.047619047619
3,1268,383,382.90476190476164
3,1269,383,383.095238095238
3,1270,383,383.0476190476189
3,1271,383,382.61904761904765
3,1272,382,381.9047619047618
3,1273,381,381.4285714285712
3,1274,381,381.3809523809523
3,1275,382,381.52380952380935
3,1276,382,381.6190476190475
3,1277,381,381.51428571428585
3,1278,381,381.02857142857124
3,1279,381,381.04999999999984
3,1280,381,380.9047619047619
3,1281,380,380.4285714285713
3,1282,380,380.28571428571416
3,1283,381,380.57142857142856
3,1284,381,381.04761904761887
3,1285,381,381.04761904761887
3,1286,381,380.6666666666666
3,1287,380,380.33333333333314
3,1288,380,380.04761904761887
3,1289,380,379.9047619047617
3,1290,380,380.09523809523813
3,1291,380,379.8571428571428
3,1292,380,379.71428571428555
3,1293,379,379.6666666666666
3,1294,380,379.71428571428555
3,1295,380,379.9523809523809
3,1296,380,380.047619047619
3,1297,380,379.6666666666664
3,1298,379,379.33333333333314
3,1299,379,379.04761904761887
3,1300,379,378.90476190476176
3,1301,379,378.99999999999983
3,1302,379,378.99999999999983
3,1303,379,378.99999999999983
3,1304,379,378.99999999999983
3,1305,379,378.90476190476176
3,1306,379,379.047619047619
3,1307,379,379.33333333333314
3,1308,380,379.66666666666646
3,1309,380,379.9523809523808
3,1310,380,380.095238095238
3,1311,380,379.99999999999983
3,1312,380,379.90476190476176
3,1313,380,380.047619047619
3,1314,380,380.23809523809507
3,1315,381,380.71428571428567
3,1316,381,381.3809523809523
3,1317,382,381.7142857142856
3,1318,382,381.6190476190475
3,1319,381,381.4285714285712
3,1320,381,380.95238095238074
3,1321,381,380.95238095238085
3,1322,381,381.3333333333333
3,1323,382,381.6666666666666
3,1324,382,381.9523809523809
3,1325,382,382.1904761904761
3,1326,382,381.9523809523809
3,1327,382,381.6666666666664
3,1328,381,381.33333333333314
3,1329,381,381.1428571428572
3,1330,381,380.85714285714283
3,1331,381,380.38095238095224
3,1332,380,380.47619047619037
3,1333,380,380.9523809523809
3,1334,383,381.9523809523809
3,1335,383,383.1904761904761
3,1336,384,383.9523809523808
3,1337,384,383.9523809523808
3,1338,384,384.095238095238
3,1339,384,383.9999999999999
3,1340,384,383.9999999999999
3,1341,384,383.9999999999999
3,1342,384,383.90476190476176
3,1343,384,384.04761904761875
3,1344,384,384.4285714285713
3,1345,385,384.61904761904754
3,1346,385,384.52380952380935
3,1347,384,384.4761904761903
3,1348,384,384.38095238095224
3,1349,385,384.5714285714285
3,1350,385,384.9523809523808
3,1351,385,385.095238095238
3,1352,385,385.0952380952379
3,1353,385,384.9523809523808
3,1354,385,384.6666666666665
3,1355,384,384.3333333333332
3,1356,384,384.0476190476189
3,1357,384,383.90476190476164
3,1358,384,383.9999999999999
3,1359,384,383.9999999999999
3,1360,384,383.9999999999999
3,1361,384,383.9999999999999
3,1362,384,383.9999999999999
3,1363,384,383.9999999999999
3,1364,384,383.9999999999999
3,1365,384,383.9999999999999
3,1366,384,383.9999999999999
3,1367,384,383.9999999999999
3,1368,384,383.9999999999999
3,1369,384,383.9999999999999
3,1370,384,383.9999999999999
3,1371,384,384.09523809523796
3,1372,384,383.9523809523808
3,1373,384,383.76190476190465
3,1374,383,383.1904761904761
3,1375,383,382.76190476190465
3,1376,382,382.66666666666663
3,1377,383,382.66666666666646
3,1378,383,382.42857142857133
3,1379,382,382.4761904761904
3,1380,382,382.38095238095224
3,1381,383,382.57142857142844
3,1382,383,383.04761904761887
3,1383,383,383.04761904761887
3,1384,383,382.57142857142844
3,1385,382,382.38095238095235
3,1386,382,382.47619047619037
3,1387,383,382.52380952380946
3,1388,383,382.61904761904736
3,1389,382,382.42857142857133
3,1390,382,382.142857142857
3,1391,382,381.8571428571428
3,1392,382,381.5714285714284
3,1393,381,381.3809523809523
3,1394,381,381.47619047619037
3,1395,382,381.52380952380935
3,1396,382,381.52380952380935
3,1397,381,381.47619047619037
3,1398,381,381.38095238095235
3,1399,382,381.6666666666664
3,1400,382,381.90476190476176
3,1401,382,381.76190476190465
3,1402,381,381.33333333333314
3,1403,381,381.0476190476188
3,1404,381,380.9047619047617
3,1405,381,380.9999999999999
3,1406,381,380.9999999999999
3,1407,381,380.9999999999999
3,1408,381,380.9999999999999
3,1409,381,380.9999999999999
3,1410,381,380.9999999999999
3,1411,381,380.9999999999999
3,1412,381,380.9999999999999
3,1413,381,380.9999999999999
3,1414,381,380.9999999999999
3,1415,381,380.90476190476176
3,1416,381,381.0476190476189
3,1417,381,381.4285714285713
3,1418,382,381.5238095238095
3,1419,382,381.6666666666666
3,1420,381,381.85714285714283
3,1421,382,381.6666666666665
3,1422,382,381.42857142857133
3,1423,381,381.47619047619037
3,1424,381,381.38095238095235
3,1425,382,381.5714285714285
3,1426,382,381.9523809523809
3,1427,382,382.09523809523796
3,1428,382,381.90476190476176
3,1429,382,382.04761904761887
3,1430,382,382.42857142857133
3,1431,383,382.6190476190475
3,1432,383,382.61904761904736
3,1433,382,382.42857142857133
3,1434,382,382.0476190476189
3,1435,382,381.9047619047618
3,1436,382,381.9999999999997
3,1437,382,381.9999999999997
3,1438,382,381.9999999999997
3,1439,382,381.90476190476176
3,1440,382,382.04761904761887
3,1441,382,382.42857142857133
3,1442,383,382.6190476190475
3,1443,383,382.52380952380946
3,1444,382,382.4761904761904
3,1445,382,382.38095238095224
3,1446,383,382.57142857142844
3,1447,383,382.95238095238074
3,1448,383,383.0952380952379
3,1449,383,383.0
3,1450,383,383.0
3,1451,383,383.0
3,1452,383,383.0
3,1453,383,383.0
3,1454,383,383.0
3,1455,383,383.095238095238
3,1456,383,382.9523809523809
3,1457,383,382.57142857142844
3,1458,382,382.38095238095235
3,1459,382,382.38095238095224
3,1460,383,382.57142857142844
3,1461,383,382.95238095238074
3,1462,383,383.0952380952379
3,1463,383,383.095238095238
3,1464,383,382.8571428571426
3,1465,383,382.7142857142856
3,1466,382,382.7619047619047
3,1467,383,382.66666666666646
3,1468,383,382.42857142857133
3,1469,382,382.4761904761904
3,1470,382,382.38095238095224
3,1471,383,382.57142857142844
3,1472,383,382.95238095238074
3,1473,383,383.0952380952379
3,1474,383,383.0
3,1475,383,383.0
3,1476,383,383.0
3,1477,383,383.0
3,1478,383,383.0
3,1479,383,383.0
3,1480,383,383.0
3,1481,383,383.0
3,1482,383,383.0
3,1483,383,383.0
3,1484,383,383.095238095238
3,1485,383,382.9523809523809
3,1486,383,382.57142857142844
3,1487,382,382.38095238095235
3,1488,382,382.38095238095224
3,1489,383,382.6666666666666
3,1490,383,382.9047619047618
3,1491,383,382.7619047619046
3,1492,382,382.33333333333314
3,1493,382,381.95238095238085
3,1494,382,381.95238095238085
3,1495,382,382.3333333333333
3,1496,383,382.66666666666663
3,1497,383,383.04761904761887
3,1498,383,383.04761904761887
3,1499,383,382.66666666666646
3,1500,382,382.33333333333314
3,1501,382,381.95238095238085
3,1502,382,381.95238095238085
3,1503,382,382.3333333333333
3,1504,383,382.66666666666663
3,1505,383,383.04761904761887
3,1506,383,383.04761904761887
3,1507,383,382.57142857142844
3,1508,382,382.47619047619037
3,1509,382,382.33333333333314
3,1510,383,382.3333333333333
3,1511,382,382.23809523809507
3,1512,382,381.7142857142856
3,1513,381,381.2857142857141
3,1514,381,381.38095238095235
3,1515,382,381.5714285714285
3,1516,382,381.9523809523809
3,1517,382,382.09523809523796
3,1518,382,381.9999999999997
3,1519,382,381.9999999999997
3,1520,382,382.095238095238
3,1521,382,381.9523809523809
3,1522,382,381.5714285714284
3,1523,381,381.3809523809523
3,1524,381,381.47619047619037
3,1525,382,381.52380952380935
3,1526,382,381.6190476190475
3,1527,381,381.4285714285712
3,1528,381,380.95238095238074
3,1529,381,380.95238095238085
3,1530,381,380.8571428571427
3,1531,382,381.9047619047618
3,1532,382,383.61904761904754
3,1533,387,385.28571428571433
3,1534,387,386.85714285714283
3,1535,387,386.7499999999998
3,1536,388,385.6190476190474
3,1537,388,384.95238095238085
3,1538,380,383.2857142857142
3,1539,380,380.7142857142855
3,1540,381,379.90476190476176
3,1541,381,381.04761904761887
3,1542,381,381.04761904761887
3,1543,381,380.5714285714285
3,1544,380,380.38095238095224
3,1545,380,380.3809523809523
3,1546,381,380.57142857142856
3,1547,381,380.95238095238096
3,1548,381,381.09523809523796
3,1549,381,380.9999999999999
3,1550,381,380.9999999999999
3,1551,381,380.9999999999999
3,1552,381,380.90476190476176
3,1553,381,381.0476190476189
3,1554,381,381.4285714285713
3,1555,382,381.6190476190475
3,1556,382,381.6190476190475
3,1557,381,381.4285714285712
3,1558,381,380.95238095238074
3,1559,381,380.95238095238085
3,1560,381,381.4285714285713
3,1561,382,381.6190476190475
3,1562,382,381.6190476190475
3,1563,381,381.4285714285712
3,1564,381,381.0476190476188
3,1565,381,380.9047619047617
3,1566,381,380.90476190476176
3,1567,381,381.0476190476189
3,1568,381,381.3333333333333
3,1569,382,381.6666666666666
3,1570,382,381.9523809523809
3,1571,382,382.09523809523796
3,1572,382,381.9999999999997
3,1573,382,381.9999999999997
3,1574,382,381.9999999999997
3,1575,382,381.9999999999997
3,1576,382,381.9999999999997
3,1577,382,381.9999999999997
3,1578,382,381.9999999999997
3,1579,382,381.9999999999997
3,1580,382,381.9999999999997
3,1581,382,381.9999999999997
3,1582,382,381.9999999999997
3,1583,382,381.9999999999997
3,1584,382,381.9999999999997
3,1585,382,381.9999999999997
3,1586,382,381.9999999999997
3,1587,382,381.9999999999997
3,1588,382,382.00000000000006
3,1589,382,381.99999999999994
3,1590,382,381.99999999999983
