channel,index,raw,filtered
1,0,374,373.15113122171965
1,1,374,373.2352941176472
1,2,373,373.2515837104074
1,3,373,373.13846153846157
1,4,373,373.0343891402715
1,5,373,373.00995475113143
1,6,373,372.93574660633493
1,7,373,372.68235294117653
1,8,372,372.59728506787326
1,9,372,372.5574660633485
1,10,373,372.44253393665167
1,11,373,372.3321266968326
1,12,372,372.2352941176472
1,13,372,372.16108597285074
1,14,372,372.11855203619916
1,15,372,372.11674208144814
1,16,372,372.02624434389156
1,17,372,371.91764705882366
1,18,372,371.92941176470606
1,19,372,372.0
1,20,372,372.0705882352943
1,21,372,372.0823529411766
1,22,372,371.9737556561087
1,23,372,371.88325791855215
1,24,372,371.81085972850695
1,25,372,371.756561085973
1,26,372,371.7203619909504
1,27,371,371.7022624434391
1,28,371,371.70226244343905
1,29,372,371.7203619909504
1,30,372,371.756561085973
1,31,372,371.81085972850684
1,32,372,371.88325791855215
1,33,372,371.97375565610884
1,34,372,372.0823529411765
1,35,372,372.0705882352942
1,36,372,372.0
1,37,372,372.0
1,38,372,372.0
1,39,372,372.0
1,40,372,372.0
1,41,372,371.929411764706
1,42,372,371.91764705882366
1,43,372,372.02624434389156
1,44,372,372.11674208144797
1,45,372,372.11855203619916
1,46,372,372.1610859728508
1,47,372,372.2352941176472
1,48,373,372.3321266968328
1,49,373,372.51312217194584
1,50,372,372.63981900452495
1,51,372,372.71221719457026
1,52,373,372.7303167420816
1,53,373,372.694117647059
1,54,373,372.6036199095024
1,55,373,372.3882352941178
1,56,372,372.31583710407244
1,57,372,372.38642533936655
1,58,372,372.3321266968327
1,59,372,372.15294117647073
1,60,372,372.116742081448
1,61,372,372.2235294117648
1,62,373,372.3438914027151
1,63,373,372.41628959276034
1,64,372,372.4407239819005
1,65,372,372.4787330316743
1,66,373,372.59185520362007
1,67,373,372.6416289592762
1,68,372,372.5574660633485
1,69,372,372.46877828054306
1,70,373,372.50497737556566
1,71,373,372.59547511312223
1,72,373,372.5312217194571
1,73,372,372.5031674208146
1,74,372,372.702262443439
1,75,373,372.9194570135748
1,76,373,373.0162895927603
1,77,373,373.054298642534
1,78,373,373.1628959276018
1,79,374,373.27149321266984
1,80,374,373.3800904977377
1,81,373,373.35022624434407
1,82,373,373.2434389140273
1,83,373,373.1891402714932
1,84,373,373.11674208144814
1,85,373,373.02624434389156
1,86,373,372.91764705882366
1,87,373,372.92941176470606
1,88,373,373.00000000000006
1,89,373,373.00000000000006
1,90,373,373.00000000000006
1,91,373,373.00000000000006
1,92,373,373.00000000000006
1,93,373,372.929411764706
1,94,373,372.91764705882366
1,95,373,373.02624434389145
1,96,373,373.1167420814481
1,97,373,373.1185520361992
1,98,373,373.1610859728507
1,99,373,373.23529411764713
1,100,374,373.33212669683274
1,101,374,373.58371040723995
1,102,373,373.72217194570146
1,103,373,373.61538461538464
1,104,374,373.6018099547512
1,105,374,373.5429864253394
1,106,374,373.4389140271494
1,107,374,373.2895927601811
1,108,372,373.233484162896
1,109,372,373.2090497737558
1,110,374,373.0868778280544
1,111,373,372.93755656108607
1,112,373,372.7583710407241
1,113,373,372.74660633484166
1,114,373,372.6108597285068
1,115,373,372.8597285067875
1,116,373,373.17104072398206
1,117,373,373.55203619909514
1,118,373,374.34570135746617
1,119,375,375.71221719457026
1,120,375,376.7529411764708
1,121,379,377.4678733031676
1,122,379,377.8570135746607
1,123,379,377.9203619909504
1,124,380,377.6579185520364
1,125,380,376.99909502262443
1,126,373,376.07330316742093
1,127,373,375.21900452488705
1,128,373,374.1746606334842
1,129,373,373.51221719457027
1,130,373,373.00361990950245
1,131,373,372.7031674208146
1,132,374,372.87420814479646
1,133,374,373.3800904977377
1,134,373,373.3239819004525
1,135,373,373.20904977375585
1,136,373,372.9737556561087
1,137,373,372.7565610859729
1,138,373,372.62805429864255
1,139,372,372.4588235294118
1,140,372,372.39638009049787
1,141,372,372.38823529411786
1,142,372,372.2434389140273
1,143,373,372.17104072398206
1,144,373,372.171040723982
1,145,372,372.24343891402725
1,146,372,372.45882352941186
1,147,372,372.54932126696843
1,148,372,372.5149321266969
1,149,373,372.4850678733033
1,150,373,372.45067873303174
1,151,373,372.6117647058824
1,152,373,372.7683257918553
1,153,372,372.79095022624443
1,154,372,372.750226244344
1,155,373,372.57556561085994
1,156,373,372.39638009049787
1,157,373,372.4126696832579
1,158,372,372.42443438914034
1,159,372,372.44072398190053
1,160,372,372.47058823529426
1,161,372,372.38461538461553
1,162,373,372.25339366515857
1,163,373,372.2153846153846
1,164,372,372.2090497737558
1,165,372,372.2434389140273
1,166,372,372.1891402714933
1,167,372,372.11674208144814
1,168,372,372.02624434389156
1,169,372,371.91764705882366
1,170,372,371.92941176470606
1,171,372,372.0
1,172,372,372.0
1,173,372,372.0
1,174,372,372.0
1,175,372,372.0
1,176,372,372.0
1,177,372,372.0
1,178,372,372.0
1,179,372,372.0
1,180,372,372.0
1,181,372,372.0
1,182,372,372.0705882352943
1,183,372,372.0823529411766
1,184,372,371.9737556561087
1,185,372,371.88325791855215
1,186,372,371.81085972850695
1,187,372,371.756561085973
1,188,372,371.7203619909504
1,189,371,371.7022624434391
1,190,371,371.70226244343905
1,191,372,371.7203619909504
1,192,372,371.756561085973
1,193,372,371.81085972850684
1,194,372,371.88325791855215
1,195,372,371.97375565610884
1,196,372,372.0823529411765
1,197,372,372.14117647058833
1,198,372,372.0823529411766
1,199,372,372.0443438914029
1,200,372,371.96561085972866
1,201,372,371.7846153846155
1,202,372,371.6398190045249
1,203,372,371.53122171945716
1,204,371,371.4588235294118
1,205,371,371.4226244343892
1,206,371,371.42262443438926
1,207,371,371.4588235294118
1,208,372,371.53122171945716
1,209,372,371.63981900452495
1,210,372,371.7846153846155
1,211,372,371.9656108597285
1,212,372,372.04434389140283
1,213,372,372.0823529411765
1,214,372,372.0705882352942
1,215,372,371.929411764706
1,216,372,371.91764705882366
1,217,372,371.95565610859745
1,218,372,372.1049773755658
1,219,372,372.2271493212671
1,220,372,372.2515837104074
1,221,372,372.30769230769243
1,222,373,372.4570135746608
1,223,373,372.5610859728509
1,224,373,372.6199095022627
1,225,372,372.633484162896
1,226,372,372.5312217194572
1,227,373,372.4425339366517
1,228,373,372.3583710407241
1,229,372,372.26968325791876
1,230,372,372.3058823529412
1,231,372,372.39638009049787
1,232,372,372.5411764705884
1,233,373,372.6018099547513
1,234,373,372.639819004525
1,235,373,372.7846153846154
1,236,373,372.96561085972866
1,237,373,373.0443438914029
1,238,373,373.0823529411767
1,239,373,373.0705882352941
1,240,373,373.00000000000006
1,241,373,373.00000000000006
1,242,373,373.00000000000006
1,243,373,372.929411764706
1,244,373,372.91764705882366
1,245,373,373.02624434389145
1,246,373,373.1167420814481
1,247,373,373.18914027149333
1,248,373,373.2434389140272
1,249,373,373.3235000293823
1,250,374,373.3966033966034
1,251,374,373.4381174381175
1,252,373,373.40792540792575
1,253,373,373.2606060606063
1,254,373,373.0151515151508
1,255,373,373.01515151515156
1,256,373,373.131221719457
1,257,373,373.3619909502263
1,258,374,373.5475113122173
1,259,374,373.61719457013606
1,260,374,373.7710407239821
1,261,374,373.87058823529424
1,262,374,373.91583710407247
1,263,374,373.76832579185526
1,264,373,373.55746606334867
1,265,373,373.34208144796395
1,266,374,373.2515837104075
1,267,373,373.21538461538466
1,268,373,373.23348416289605
1,269,373,373.30588235294124
1,270,373,373.4325791855205
1,271,374,373.61357466063356
1,272,374,373.6398190045251
1,273,374,373.70226244343894
1,274,374,373.99185520362
1,275,374,374.16108597285086
1,276,374,374.2714932126698
1,277,374,374.24343891402725
1,278,374,374.19728506787334
1,279,375,374.25339366515846
1,280,375,374.3321266968326
1,281,374,374.4950226244345
1,282,374,374.6036199095023
1,283,374,374.6579185520363
1,284,375,374.6579185520363
1,285,375,374.6036199095024
1,286,375,374.49502262443457
1,287,375,374.4705882352942
1,288,374,374.4687782805431
1,289,374,374.3601809954753
1,290,374,374.2153846153847
1,291,374,374.03438914027157
1,292,374,373.95565610859734
1,293,374,373.9176470588238
1,294,374,373.929411764706
1,295,374,374.0000000000001
1,296,374,374.07058823529417
1,297,374,374.0823529411766
1,298,374,373.9737556561088
1,299,374,373.8832579185522
1,300,374,373.8108597285069
1,301,374,373.7565610859728
1,302,374,373.79095022624443
1,303,373,373.7846153846156
1,304,373,373.6760180995476
1,305,374,373.60361990950247
1,306,374,373.5674208144797
1,307,374,373.56742081447976
1,308,374,373.6036199095024
1,309,373,373.67601809954755
1,310,373,373.78461538461556
1,311,374,373.7909502262445
1,312,374,373.7565610859729
1,313,374,373.81085972850695
1,314,374,373.95384615384626
1,315,374,374.0561085972851
1,316,374,374.12669683257934
1,317,374,374.03619909502277
1,318,374,373.07873303167423
1,319,374,372.8162895927603
1,320,374,373.0877828054301
1,321,373,373.8027149321268
1,322,373,374.87058823529424
1,323,373,376.83619909502266
1,324,373,378.44434389140287
1,325,384,379.68597285067887
1,326,384,380.5520361990952
1,327,384,381.1746606334843
1,328,384,381.28597285067883
1,329,384,380.75656108597303
1,330,375,379.6570135746608
1,331,375,377.91674208144804
1,332,375,375.66515837104083
1,333,375,374.4868778280544
1,334,373,373.56651583710413
1,335,373,373.00361990950245
1,336,373,372.8977375565612
1,337,373,373.3484162895929
1,338,374,373.2090497737557
1,339,374,373.13303167420827
1,340,373,373.1384615384617
1,341,373,373.3140271493214
1,342,373,373.27149321266984
1,343,373,373.16108597285074
1,344,373,372.99185520362005
1,345,373,372.77285067873316
1,346,373,372.65158371040746
1,347,373,372.57556561085994
1,348,372,372.42443438914034
1,349,372,372.27782805429865
1,350,372,372.0742081447965
1,351,372,371.9520361990953
1,352,372,371.9113122171947
1,353,372,371.95203619909523
1,354,372,372.1447963800905
1,355,372,372.3601809954751
1,356,372,372.4687782805431
1,357,373,372.54117647058837
1,358,373,372.57737556561096
1,359,373,372.5773755656109
1,360,373,372.54117647058837
1,361,372,372.4687782805432
1,362,372,372.3601809954752
1,363,372,372.21538461538483
1,364,372,372.0343891402716
1,365,372,371.95565610859734
1,366,372,371.91764705882366
1,367,372,371.92941176470606
1,368,372,372.0
1,369,372,372.0
1,370,372,372.0
1,371,372,371.929411764706
1,372,372,371.91764705882366
1,373,372,372.02624434389156
1,374,372,372.11674208144797
1,375,372,372.18914027149333
1,376,372,372.2434389140273
1,377,372,372.27963800904996
1,378,373,372.29773755656123
1,379,373,372.29773755656123
1,380,372,372.27963800904985
1,381,372,372.2434389140273
1,382,372,372.1891402714933
1,383,372,372.11674208144814
1,384,372,372.02624434389156
1,385,372,371.84705882352955
1,386,372,371.84705882352955
1,387,372,371.95565610859745
1,388,372,372.0343891402715
1,389,372,372.1447963800906
1,390,372,372.27782805429877
1,391,372,372.42443438914034
1,392,373,372.5755656108598
1,393,373,372.7221719457016
1,394,373,372.8552036199096
1,395,373,372.96561085972866
1,396,373,373.0443438914029
1,397,373,373.0823529411767
1,398,373,373.0705882352941
1,399,373,373.00000000000006
1,400,373,373.00000000000006
1,401,373,373.00000000000006
1,402,373,373.0705882352941
1,403,373,373.0823529411766
1,404,373,372.9737556561087
1,405,373,372.8832579185523
1,406,373,372.81085972850695
1,407,373,372.756561085973
1,408,373,372.7203619909503
1,409,372,372.70226244343905
1,410,372,372.702262443439
1,411,373,372.72036199095044
1,412,373,372.7565610859729
1,413,373,372.81085972850695
1,414,373,372.8832579185522
1,415,373,372.9737556561086
1,416,373,373.0823529411767
1,417,373,373.0705882352941
1,418,373,373.00000000000006
1,419,373,373.00000000000006
1,420,373,373.00000000000006
1,421,373,373.00000000000006
1,422,373,373.00000000000006
1,423,373,373.00000000000006
1,424,373,373.00000000000006
1,425,373,373.00000000000006
1,426,373,373.00000000000006
1,427,373,372.929411764706
1,428,373,372.91764705882366
1,429,373,373.02624434389145
1,430,373,373.1167420814481
1,431,373,373.1185520361992
1,432,373,373.1610859728507
1,433,373,373.23529411764713
1,434,374,373.33212669683274
1,435,374,373.4425339366517
1,436,373,373.5574660633485
1,437,373,373.6678733031675
1,438,374,373.83529411764715
1,439,374,373.9212669683258
1,440,374,373.85520361990956
1,441,374,373.76651583710424
1,442,374,373.8552036199096
1,443,374,373.92126696832594
1,444,374,373.83529411764715
1,445,373,373.6678733031675
1,446,373,373.55746606334856
1,447,374,373.44253393665167
1,448,374,373.33212669683274
1,449,373,373.23529411764713
1,450,373,373.09049773755675
1,451,373,373.0361990950228
1,452,373,373.1429864253394
1,453,373,373.1429864253395
1,454,373,373.0361990950228
1,455,373,373.09049773755675
1,456,373,373.30588235294135
1,457,374,373.41447963800914
1,458,374,373.34570135746617
1,459,373,373.4995475113123
1,460,373,373.5990950226246
1,461,374,373.6443438914029
1,462,374,373.6352941176472
1,463,373,373.5013574660635
1,464,373,373.37194570135756
1,465,375,373.4470588235295
1,466,373,373.5266968325793
1,467,373,373.4108597285069
1,468,373,373.29954751131226
1,469,373,373.3927601809956
1,470,374,373.4904977375567
1,471,374,373.46334841628976
1,472,373,373.38190045248876
1,473,373,373.5230769230771
1,474,374,373.4868778280542
1,475,374,373.3438914027151
1,476,373,373.2235294117649
1,477,373,373.11674208144814
1,478,373,373.1529411764706
1,479,373,373.33212669683274
1,480,373,373.38642533936667
1,481,373,373.38642533936655
1,482,374,373.47058823529426
1,483,374,373.577375565611
1,484,374,373.577375565611
1,485,374,373.5411764705883
1,486,373,373.468778280543
1,487,373,373.36018099547516
1,488,373,373.2153846153846
1,489,373,373.0343891402715
1,490,373,372.8850678733032
1,491,373,372.83529411764715
1,492,373,372.9556561085974
1,493,373,373.1167420814481
1,494,373,373.18914027149333
1,495,373,373.2434389140272
1,496,373,373.27963800904996
1,497,374,373.2977375565613
1,498,374,373.2977375565611
1,499,373,373.27963800904996
1,500,373,373.2434389140273
1,501,373,373.1891402714932
1,502,373,373.11674208144814
1,503,373,373.02624434389156
1,504,373,372.91764705882366
1,505,373,372.9495798319325
1,506,373,372.9999999999999
1,507,373,372.99999999999994
1,508,373,373.00000000000034
1,509,373,373.00000000000006
1,510,373,372.9999999999993
1,511,373,373.0
1,512,373,372.46334841628976
1,513,372,372.50678733031674
1,514,372,372.5276018099549
1,515,372,372.5348416289594
1,516,373,372.5375565610861
1,517,373,372.5447963800907
1,518,373,372.5656108597286
1,519,373,372.40000000000015
1,520,372,372.38642533936655
1,521,372,372.38642533936655
1,522,372,372.3321266968327
1,523,372,371.3058823529413
1,524,372,371.1285067873305
1,525,372,371.620814479638
1,526,373,372.7447963800906
1,527,373,374.2624434389141
1,528,372,376.85339366515853
1,529,372,378.7972850678735
1,530,385,380.0325791855205
1,531,385,380.69773755656126
1,532,385,380.7927601809956
1,533,384,380.3176470588236
1,534,384,379.4108597285068
1,535,371,378.01085972850683
1,536,371,375.9882352941177
1,537,372,373.4135746606336
1,538,372,372.0868778280544
1,539,372,371.2081447963802
1,540,372,370.8950226244345
1,541,372,371.1266968325793
1,542,372,372.0823529411765
1,543,372,372.0705882352942
1,544,372,372.0705882352943
1,545,372,372.01176470588246
1,546,372,371.96199095022644
1,547,372,371.92126696832594
1,548,372,371.88959276018113
1,549,372,371.8669683257919
1,550,372,371.8533936651585
1,551,371,371.84886877828063
1,552,372,371.8533936651585
1,553,372,371.79638009049785
1,554,372,371.8072398190047
1,555,372,371.94751131221733
1,556,372,372.07873303167435
1,557,372,372.20090497737567
1,558,372,372.31402714932136
1,559,372,372.27963800904996
1,560,373,372.29773755656123
1,561,373,372.29773755656123
1,562,372,372.27963800904985
1,563,372,372.2434389140273
1,564,372,372.1891402714933
1,565,372,372.11674208144814
1,566,372,372.02624434389156
1,567,372,371.91764705882366
1,568,372,371.92941176470606
1,569,372,372.0
1,570,372,372.0
1,571,372,372.0
1,572,372,372.0
1,573,372,372.0
1,574,372,371.929411764706
1,575,372,371.91764705882366
1,576,372,372.02624434389156
1,577,372,372.11674208144797
1,578,372,372.18914027149333
1,579,372,372.2434389140273
1,580,372,372.27963800904996
1,581,373,372.29773755656123
1,582,373,372.2271493212671
1,583,372,372.1972850678734
1,584,372,372.26968325791864
1,585,372,372.3058823529412
1,586,372,372.23529411764724
1,587,372,372.1873303167422
1,588,372,372.1529411764707
1,589,373,372.2615384615386
1,590,373,372.44253393665167
1,591,372,372.62805429864255
1,592,372,372.75022624434405
1,593,373,372.8090497737558
1,594,373,372.80452488687786
1,595,373,372.6660633484164
1,596,373,372.52307692307704
1,597,373,372.50497737556566
1,598,372,372.5411764705884
1,599,372,372.4932126696833
1,600,372,372.42262443438926
1,601,372,372.45882352941186
1,602,373,372.5312217194571
1,603,373,372.639819004525
1,604,373,372.7846153846154
1,605,373,372.96561085972866
1,606,373,373.0443438914029
1,607,373,373.0823529411767
1,608,373,373.0705882352941
1,609,373,373.00000000000006
1,610,373,373.00000000000006
1,611,373,373.00000000000006
1,612,373,373.00000000000006
1,613,373,373.00000000000006
1,614,373,373.00000000000006
1,615,373,373.00000000000006
1,616,373,373.00000000000006
1,617,373,373.00000000000006
1,618,373,373.00000000000006
1,619,373,373.00000000000006
1,620,373,373.00000000000006
1,621,373,373.00000000000006
1,622,373,373.00000000000006
1,623,373,373.00000000000006
1,624,373,373.00000000000006
1,625,373,373.00000000000006
1,626,373,373.00000000000006
1,627,373,373.00000000000006
1,628,373,373.00000000000006
1,629,373,372.929411764706
1,630,373,372.91764705882366
1,631,373,372.95565610859734
1,632,373,373.03438914027146
1,633,373,373.1447963800906
1,634,373,373.2778280542987
1,635,373,373.4244343891404
1,636,374,373.5755656108598
1,637,374,373.72217194570146
1,638,374,373.85520361990956
1,639,374,373.96561085972866
1,640,374,374.0443438914028
1,641,374,374.1529411764708
1,642,374,374.1529411764708
1,643,374,373.9737556561088
1,644,374,373.8832579185522
1,645,374,373.8108597285069
1,646,374,373.7565610859728
1,647,374,373.79095022624443
1,648,373,373.7846153846156
1,649,373,373.7466063348417
1,650,374,373.6859728506789
1,651,374,373.6117647058826
1,652,374,373.53303167420813
1,653,374,373.4588235294118
1,654,373,373.32760180995496
1,655,373,373.27782805429877
1,656,373,373.2416289592761
1,657,373,373.15113122171954
1,658,373,373.1447963800905
1,659,373,373.16108597285074
1,660,373,373.2090497737557
1,661,374,373.2977375565613
1,662,374,373.2977375565611
1,663,373,373.27963800904996
1,664,373,373.2434389140273
1,665,373,373.1891402714932
1,666,373,373.04615384615397
1,667,373,372.94389140271505
1,668,373,372.9438914027151
1,669,373,373.0461538461539
1,670,373,373.18914027149333
1,671,373,373.17285067873314
1,672,373,373.1972850678734
1,673,374,373.32398190045257
1,674,374,373.4144796380091
1,675,373,373.46877828054306
1,676,373,373.48687782805445
1,677,373,373.46877828054306
1,678,374,373.4144796380091
1,679,374,373.3239819004527
1,680,373,373.1972850678734
1,681,373,373.17285067873314
1,682,373,373.1891402714932
1,683,373,373.11674208144814
1,684,373,373.02624434389156
1,685,373,372.91764705882366
1,686,373,372.92941176470606
1,687,373,373.0705882352941
1,688,373,373.0823529411766
1,689,373,372.9737556561087
1,690,373,372.8832579185523
1,691,373,372.88144796380107
1,692,373,372.8389140271494
1,693,373,372.6941176470588
1,694,372,372.58552036199103
1,695,372,372.5131221719457
1,696,373,372.54751131221735
1,697,373,372.5592760180996
1,698,372,372.5574660633485
1,699,372,372.5511312217196
1,700,373,372.47873303167427
1,701,373,372.47873303167427
1,702,373,372.48325791855217
1,703,372,372.42443438914034
1,704,372,372.44072398190053
1,705,372,372.47058823529426
1,706,372,372.38461538461553
1,707,373,372.25339366515857
1,708,373,372.1447963800905
1,709,372,372.1266968325793
1,710,372,372.26968325791864
1,711,372,372.3058823529412
1,712,372,372.3058823529413
1,713,372,372.26968325791864
1,714,372,372.1972850678735
1,715,373,372.2271493212671
1,716,373,372.29773755656123
1,717,372,372.27963800904985
1,718,372,372.2434389140273
1,719,372,372.1891402714933
1,720,372,372.11674208144814
1,721,372,372.02624434389156
1,722,372,371.91764705882366
1,723,372,371.92941176470606
1,724,372,372.0
1,725,372,372.0
1,726,372,372.0
1,727,372,372.0
1,728,372,371.22352941176484
1,729,372,371.0941176470589
1,730,372,371.5828054298643
1,731,372,372.46063348416294
1,732,372,373.9900452488689
1,733,372,375.43348416289604
1,734,372,377.0986425339367
1,735,383,378.2932126696834
1,736,383,379.0171945701358
1,737,382,379.27058823529427
1,738,382,379.05339366515847
1,739,377,378.3656108597286
1,740,377,377.2072398190046
1,741,372,375.57828054298653
1,742,372,373.4787330316743
1,743,372,372.4316742081448
1,744,372,371.76018099547514
1,745,372,371.3547511312218
1,746,372,371.50588235294134
1,747,372,371.60271493212673
1,748,372,372.0343891402715
1,749,372,372.21538461538466
1,750,372,372.3601809954751
1,751,372,372.4687782805431
1,752,373,372.54117647058837
1,753,373,372.57737556561096
1,754,373,372.5773755656109
1,755,373,372.54117647058837
1,756,372,372.4687782805432
1,757,372,372.3601809954752
1,758,372,372.21538461538483
1,759,372,371.9638009049775
1,760,372,371.87330316742094
1,761,372,371.84615384615375
1,762,372,371.9010989010989
1,763,372,371.9676989676988
1,764,372,372.06993006993014
1,765,372,372.2675990675991
1,766,373,372.6111111111104
1,767,373,373.13636363636357
1,768,373,372.77466063348425
1,769,373,372.75656108597303
1,770,373,372.68597285067875
1,771,373,372.69230769230774
1,772,372,372.8371040723983
1,773,373,372.98190045248884
1,774,373,373.12669683257934
1,775,373,373.1330316742082
1,776,373,373.2009049773756
1,777,374,373.25972850678744
1,778,374,373.3800904977377
1,779,373,373.4325791855204
1,780,373,373.2171945701359
1,781,373,373.07239819004536
1,782,373,372.92760180995487
1,783,373,372.7828054298644
1,784,373,372.6380090497738
1,785,372,372.6316742081449
1,786,372,372.702262443439
1,787,373,372.72036199095044
1,788,373,372.7565610859729
1,789,373,372.81085972850695
1,790,373,372.8832579185522
1,791,373,372.9737556561086
1,792,373,373.0823529411767
1,793,373,373.0705882352941
1,794,373,373.00000000000006
1,795,373,373.00000000000006
1,796,373,373.00000000000006
1,797,373,373.00000000000006
1,798,373,373.00000000000006
1,799,373,373.00000000000006
1,800,373,373.00000000000006
1,801,373,373.00000000000006
1,802,373,373.00000000000006
1,803,373,373.00000000000006
1,804,373,373.00000000000006
1,805,373,373.00000000000006
1,806,373,373.00000000000006
1,807,373,373.00000000000006
1,808,373,373.00000000000006
1,809,373,373.00000000000006
1,810,373,373.00000000000006
1,811,373,373.00000000000006
1,812,373,373.00000000000006
1,813,373,373.00000000000006
1,814,373,373.00000000000006
1,815,373,373.00000000000006
1,816,373,373.00000000000006
1,817,373,373.00000000000006
1,818,373,373.00000000000006
1,819,373,373.00000000000006
1,820,373,373.00000000000006
1,821,373,373.00000000000006
1,822,373,373.00000000000006
1,823,373,373.00000000000006
1,824,373,372.929411764706
1,825,373,372.91764705882366
1,826,373,373.02624434389145
1,827,373,373.1167420814481
1,828,373,373.18914027149333
1,829,373,373.2434389140272
1,830,373,373.2090497737558
1,831,374,373.21538461538455
1,832,374,373.3945701357467
1,833,373,373.4081447963802
1,834,373,373.3945701357468
1,835,373,373.3538461538462
1,836,373,373.2859728506788
1,837,374,373.2615384615385
1,838,374,373.15113122171965
1,839,372,373.10226244343914
1,840,373,373.0624434389141
1,841,373,372.9113122171946
1,842,373,372.7285067873304
1,843,373,372.45248868778293
1,844,372,372.2217194570137
1,845,372,372.17466063348434
1,846,372,372.2497737556562
1,847,372,372.17918552036224
1,848,372,372.2334841628961
1,849,372,372.41266968325806
1,850,373,372.5873303167421
1,851,373,372.76651583710424
1,852,373,372.8208144796381
1,853,373,372.82081447963805
1,854,373,372.76651583710407
1,855,373,372.6579185520363
1,856,372,372.4950226244345
1,857,372,372.27782805429865
1,858,372,372.0742081447965
1,859,372,371.9520361990953
1,860,372,371.9819004524888
1,861,372,372.03438914027157
1,862,372,372.11855203619916
1,863,372,372.2434389140273
1,864,372,372.1384615384616
1,865,373,372.13303167420827
1,866,373,372.27963800904996
1,867,372,372.4307692307693
1,868,372,372.577375565611
1,869,372,372.710407239819
1,870,372,372.82081447963816
1,871,374,372.8995475113124
1,872,374,373.0081447963802
1,873,373,373.14660633484186
1,874,373,373.2533936651585
1,875,373,373.1990950226246
1,876,373,373.05429864253404
1,877,373,372.74841628959285
1,878,373,372.4108597285069
1,879,372,372.3095022624435
1,880,372,372.3122171945701
1,881,372,372.28959276018116
1,882,372,372.3122171945703
1,883,372,372.45067873303174
1,884,373,372.5755656108598
1,885,373,372.6253393665159
1,886,373,372.73846153846165
1,887,373,372.77647058823544
1,888,373,372.8009049773756
1,889,373,372.80271493212683
1,890,372,372.7728506787333
1,891,372,372.702262443439
1,892,373,372.72036199095044
1,893,373,372.7565610859729
1,894,373,372.81085972850695
1,895,373,372.8832579185522
1,896,373,372.9737556561086
1,897,373,373.0823529411767
1,898,373,373.0705882352941
1,899,373,373.00000000000006
1,900,373,372.929411764706
1,901,373,372.91764705882366
1,902,373,373.02624434389145
1,903,373,373.1167420814481
1,904,373,373.1185520361992
1,905,373,373.1610859728507
1,906,373,373.23529411764713
1,907,374,373.33212669683274
1,908,374,373.4425339366517
1,909,373,373.5574660633485
1,910,373,373.73846153846165
1,911,374,373.8470588235295
1,912,374,373.8832579185521
1,913,374,373.8470588235295
1,914,374,373.66787330316754
1,915,374,373.6135746606337
1,916,374,373.61357466063356
1,917,373,373.5294117647059
1,918,373,373.4226244343892
1,919,373,373.42262443438926
1,920,373,373.4588235294119
1,921,374,373.60180995475116
1,922,374,373.7221719457015
1,923,374,373.68778280542995
1,924,374,373.7665158371042
1,925,374,373.881447963801
1,926,374,373.9556561085974
1,927,374,373.9095022624435
1,928,373,373.8633484162897
1,929,373,373.937556561086
1,930,375,374.0524886877829
1,931,375,374.1990950226246
1,932,374,374.36832579185534
1,933,374,374.2687782805432
1,934,375,374.4090497737558
1,935,375,374.743891402715
1,936,375,375.019004524887
1,937,375,375.38009049773757
1,938,375,376.53484162895944
1,939,375,377.3909502262444
1,940,379,377.7574660633486
1,941,379,377.8434389140272
1,942,379,377.78733031674216
1,943,380,377.5276018099549
1,944,380,377.0733031674209
1,945,373,376.433484162896
1,946,373,375.6877828054299
1,947,374,374.7158371040725
1,948,374,374.089592760181
1,949,374,373.58099547511324
1,950,374,373.1737556561087
1,951,374,373.1900452488689
1,952,374,373.61357466063356
1,953,373,373.5294117647059
1,954,373,373.4226244343892
1,955,373,373.42262443438926
1,956,373,373.4588235294119
1,957,374,373.5312217194571
1,958,374,373.63981900452495
1,959,374,373.78461538461556
1,960,374,373.96561085972866
1,961,374,374.0443438914028
1,962,374,374.08235294117657
1,963,374,374.07058823529417
1,964,374,374.0000000000001
1,965,374,374.0000000000001
1,966,374,374.0000000000001
1,967,374,374.0000000000001
1,968,374,374.07058823529417
1,969,374,374.0823529411766
1,970,374,373.9737556561088
1,971,374,373.8832579185522
1,972,374,373.88144796380095
1,973,374,373.8389140271495
1,974,374,373.76470588235304
1,975,373,373.6678733031675
1,976,373,373.55746606334856
1,977,374,373.44253393665167
1,978,374,373.33212669683274
1,979,373,373.23529411764713
1,980,373,373.16108597285074
1,981,373,373.1185520361993
1,982,373,373.11674208144814
1,983,373,373.02624434389156
1,984,373,372.91764705882366
1,985,373,372.92941176470606
1,986,373,373.00000000000006
1,987,373,373.00000000000006
1,988,373,373.00000000000006
1,989,373,373.00000000000006
1,990,373,373.00000000000006
1,991,373,373.00000000000006
1,992,373,373.00000000000006
1,993,373,372.929411764706
1,994,373,372.91764705882366
1,995,373,373.02624434389145
1,996,373,373.1167420814481
1,997,373,373.18914027149333
1,998,373,373.2434389140272
1,999,373,373.27963800904996
1,1000,374,373.2977375565613
1,1001,374,373.2977375565611
1,1002,373,373.27963800904996
1,1003,373,373.2434389140273
1,1004,373,373.1891402714932
1,1005,373,373.11674208144814
1,1006,373,373.02624434389156
1,1007,373,372.9882352941177
1,1008,373,373.0117647058824
1,1009,373,372.9737556561087
1,1010,373,372.8832579185523
1,1011,373,372.81085972850695
1,1012,373,372.756561085973
1,1013,373,372.7203619909503
1,1014,372,372.70226244343905
1,1015,372,372.7728506787331
1,1016,373,372.8027149321268
1,1017,373,372.86260798025484
1,1018,373,372.9580419580418
1,1019,373,373.05971805971814
1,1020,373,373.06060606060635
1,1021,373,372.721212121212
1,1022,372,372.3080808080799
1,1023,372,371.86363636363626
1,1024,372,372.27782805429865
1,1025,372,372.1447963800905
1,1026,372,371.9638009049775
1,1027,372,371.87330316742094
1,1028,372,371.80271493212683
1,1029,372,371.88144796380095
1,1030,372,372.10045248868784
1,1031,372,372.3122171945702
1,1032,372,372.5692307692308
1,1033,373,372.8533936651584
1,1034,373,373.14660633484175
1,1035,374,373.4307692307694
1,1036,374,373.68778280543
1,1037,374,373.89954751131233
1,1038,374,374.0479638009051
1,1039,374,374.11493212669694
1,1040,374,374.08235294117657
1,1041,374,374.07058823529417
1,1042,374,374.0000000000001
1,1043,374,374.07058823529417
1,1044,374,374.0823529411766
1,1045,374,373.9737556561088
1,1046,374,373.8832579185522
1,1047,374,373.8108597285069
1,1048,374,373.7565610859728
1,1049,374,373.7203619909503
1,1050,373,373.702262443439
1,1051,373,373.70226244343894
1,1052,374,373.7203619909503
1,1053,374,373.7565610859729
1,1054,374,373.81085972850695
1,1055,374,373.8832579185522
1,1056,374,373.9737556561087
1,1057,374,374.08235294117657
1,1058,374,374.07058823529417
1,1059,374,374.0000000000001
1,1060,374,374.0000000000001
1,1061,374,374.0000000000001
1,1062,374,374.0000000000001
1,1063,374,374.0000000000001
1,1064,374,373.929411764706
1,1065,374,373.9176470588237
1,1066,374,374.02624434389145
1,1067,374,374.1167420814481
1,1068,374,374.18914027149333
1,1069,374,374.2434389140272
1,1070,374,374.2796380090499
1,1071,375,374.29773755656123
1,1072,375,374.3683257918554
1,1073,374,374.3619909502264
1,1074,374,374.21719457013575
1,1075,374,374.0723981900454
1,1076,374,373.9276018099548
1,1077,374,373.7828054298643
1,1078,374,373.56742081447976
1,1079,373,373.5493212669684
1,1080,373,373.6579185520363
1,1081,374,373.7547511312218
1,1082,374,373.9013574660634
1,1083,374,374.15927601809955
1,1084,374,374.3900452488689
1,1085,375,374.5936651583712
1,1086,375,374.7701357466064
1,1087,375,374.78099547511323
1,1088,375,374.68778280543006
1,1089,375,374.54932126696843
1,1090,374,374.4244343891404
1,1091,374,374.3746606334842
1,1092,374,374.2615384615386
1,1093,374,374.294117647059
1,1094,374,374.28144796380104
1,1095,374,374.24162895927606
1,1096,375,374.19276018099555
1,1097,375,374.0823529411765
1,1098,374,373.91945701357474
1,1099,374,373.77466063348425
1,1100,373,373.647963800905
1,1101,373,373.53936651583723
1,1102,373,373.5194570135748
1,1103,373,373.45882352941186
1,1104,374,373.4343891402716
1,1105,374,373.5230769230771
1,1106,374,373.59547511312223
1,1107,374,373.72217194570146
1,1108,374,373.76470588235304
1,1109,373,373.7846153846156
1,1110,373,373.70226244343894
1,1111,374,373.63800904977387
1,1112,374,373.71221719457026
1,1113,374,373.8452488687784
1,1114,374,374.02805429864264
1,1115,374,374.25158371040726
1,1116,374,374.57737556561096
1,1117,375,374.72850678733045
1,1118,375,374.69592760181
1,1119,375,374.7384615384617
1,1120,375,374.77647058823544
1,1121,375,374.80090497737575
1,1122,375,374.80271493212683
1,1123,374,374.7728506787331
1,1124,374,374.7022624434391
1,1125,375,374.72036199095044
1,1126,375,374.75656108597303
1,1127,375,374.8814479638011
1,1128,375,374.9656108597286
1,1129,375,375.01809954751144
1,1130,375,375.0479638009051
1,1131,375,374.92579185520367
1,1132,375,374.72217194570146
1,1133,375,374.4343891402716
1,1134,374,374.25972850678744
1,1135,374,374.1891402714934
1,1136,374,374.28416289592764
1,1137,374,374.406334841629
1,1138,374,374.4144796380092
1,1139,374,374.5674208144798
1,1140,376,374.84705882352955
1,1141,376,375.23529411764713
1,1142,376,375.5755656108597
1,1143,375,375.84072398190057
1,1144,375,376.13303167420827
1,1145,377,376.48687782805445
1,1146,377,376.7366515837104
1,1147,377,376.78461538461545
1,1148,377,377.0099547511313
1,1149,377,377.3239819004526
1,1150,378,377.5791855203621
1,1151,378,377.62805429864255
1,1152,377,377.52307692307704
1,1153,377,377.66425339366526
1,1154,378,377.6515837104073
1,1155,378,377.4325791855204
1,1156,377,377.1547511312218
1,1157,377,376.8271493212671
1,1158,377,376.5972850678733
1,1159,377,376.412669683258
1,1160,375,376.1529411764708
1,1161,375,375.96832579185525
1,1162,376,375.8769230769232
1,1163,376,375.83529411764715
1,1164,376,375.7321266968326
1,1165,376,375.58552036199103
1,1166,376,375.5429864253394
1,1167,376,375.6841628959278
1,1168,375,375.6117647058825
1,1169,375,375.466968325792
1,1170,375,375.3882352941177
1,1171,375,375.3140271493213
1,1172,376,375.1828054298644
1,1173,376,375.1330316742082
1,1174,375,375.2352941176472
1,1175,375,375.3601809954752
1,1176,375,375.3782805429866
1,1177,375,375.3601809954752
1,1178,375,375.30588235294124
1,1179,376,375.2153846153847
1,1180,376,375.227149321267
1,1181,375,375.27963800904985
1,1182,375,375.17285067873314
1,1183,375,375.1067873303167
1,1184,375,375.07239819004536
1,1185,375,375.06063348416296
1,1186,375,375.0624434389141
1,1187,375,375.20723981900454
1,1188,375,375.42443438914034
1,1189,376,375.6461538461539
1,1190,376,375.8045248868779
1,1191,376,375.89954751131233
1,1192,376,375.9312217194571
1,1193,376,375.97013574660656
1,1194,376,375.8868778280543
1,1195,376,375.5493212669684
1,1196,375,375.2253393665159
1,1197,375,374.9737556561087
1,1198,375,374.8533936651585
1,1199,375,374.9963800904979
1,1200,374,375.1348416289594
1,1201,374,375.20723981900466
1,1202,376,375.3520361990951
1,1203,376,375.639819004525
1,1204,377,375.80271493212683
1,1205,377,375.91131221719473
1,1206,375,375.96561085972854
1,1207,375,375.96561085972866
1,1208,376,375.7728506787331
1,1209,376,375.44886877828066
1,1210,375,375.2615384615387
1,1211,375,375.0081447963803
1,1212,375,374.9656108597286
1,1213,375,375.14298642533953
1,1214,375,375.14298642533936
1,1215,375,375.10678733031693
1,1216,375,375.1728506787332
1,1217,375,375.27963800904985
1,1218,376,375.29773755656123
1,1219,376,375.29773755656123
1,1220,375,375.27963800904985
1,1221,375,375.24343891402725
1,1222,375,375.1891402714934
1,1223,375,375.116742081448
1,1224,375,375.09683257918556
1,1225,375,375.00000000000006
1,1226,375,374.90316742081455
1,1227,375,374.8832579185522
1,1228,375,374.8814479638011
1,1229,375,374.83891402714937
1,1230,375,374.7647058823531
1,1231,374,374.6678733031675
1,1232,374,374.4868778280544
1,1233,375,374.36018099547516
1,1234,375,374.3583710407241
1,1235,374,374.3520361990951
1,1236,374,374.35022624434396
1,1237,374,374.3619909502263
1,1238,374,374.39638009049776
1,1239,375,374.32398190045257
1,1240,375,374.2153846153847
1,1241,374,374.2090497737558
1,1242,374,374.2434389140273
1,1243,374,374.18914027149333
1,1244,374,374.11674208144797
1,1245,374,374.02624434389156
1,1246,374,373.9176470588238
1,1247,374,373.929411764706
1,1248,374,374.0000000000001
1,1249,374,374.0000000000001
1,1250,374,374.0000000000001
1,1251,374,374.0000000000001
1,1252,374,374.0000000000001
1,1253,374,374.0000000000001
1,1254,374,374.0000000000001
1,1255,374,374.0000000000001
1,1256,374,374.0000000000001
1,1257,374,374.0000000000001
1,1258,374,374.0000000000001
1,1259,374,374.0000000000001
1,1260,374,374.0000000000001
1,1261,374,374.0000000000001
1,1262,374,374.07058823529417
1,1263,374,374.0823529411766
1,1264,374,374.04434389140283
1,1265,374,373.96561085972866
1,1266,374,373.7846153846155
1,1267,374,373.639819004525
1,1268,374,373.53122171945705
1,1269,373,373.4588235294119
1,1270,373,373.4226244343892
1,1271,373,373.42262443438926
1,1272,373,373.4588235294119
1,1273,374,373.5602045013808
1,1274,374,373.7532467532465
1,1275,374,373.9952269952269
1,1276,374,374.10139860139884
1,1277,374,374.09976689976696
1,1278,374,373.98989898989834
1,1279,374,374.06060606060606
1,1280,374,373.0325791855205
1,1281,373,373.1728506787331
1,1282,373,373.2859728506788
1,1283,374,373.30135746606345
1,1284,373,373.3484162895928
1,1285,373,373.4886877828055
1,1286,374,373.58371040723995
1,1287,374,373.35384615384623
1,1288,373,373.39638009049787
1,1289,373,373.49321266968326
1,1290,374,373.56742081447976
1,1291,374,373.7484162895928
1,1292,373,373.8271493212671
1,1293,373,373.935746606335
1,1294,375,374.07420814479644
1,1295,375,374.18099547511326
1,1296,374,374.1266968325792
1,1297,374,373.91131221719473
1,1298,374,373.8027149321268
1,1299,374,373.73031674208164
1,1300,373,373.62624434389147
1,1301,373,373.42262443438926
1,1302,373,373.3963800904979
1,1303,373,373.4244343891406
1,1304,374,373.3158371040724
1,1305,374,373.27963800904996
1,1306,374,373.3864253393666
1,1307,373,373.5067873303169
1,1308,373,373.4407239819006
1,1309,373,373.3882352941177
1,1310,373,373.34027149321275
1,1311,374,373.28778280542986
1,1312,374,373.36018099547516
1,1313,373,373.48687782805433
1,1314,373,373.6678733031675
1,1315,374,373.76470588235304
1,1316,374,373.7683257918553
1,1317,374,373.7990950226246
1,1318,374,373.90950226244354
1,1319,374,374.0904977375567
1,1320,374,374.20090497737567
1,1321,374,374.23167420814485
1,1322,374,374.23529411764713
1,1323,375,374.4027149321268
1,1324,375,374.52488687782807
1,1325,374,374.60180995475116
1,1326,374,374.63348416289614
1,1327,375,374.61990950226254
1,1328,375,374.56108597285083
1,1329,375,374.38642533936667
1,1330,374,374.22533936651604
1,1331,374,374.2072398190046
1,1332,374,374.26153846153863
1,1333,374,374.24977375565624
1,1334,374,374.2334841628961
1,1335,374,374.3420814479639
1,1336,375,374.50497737556566
1,1337,375,374.72217194570146
1,1338,375,374.8552036199097
1,1339,375,374.9656108597286
1,1340,375,375.04434389140283
1,1341,375,375.01176470588246
1,1342,375,374.9882352941178
1,1343,375,374.81447963800923
1,1344,375,374.86968325791867
1,1345,375,375.0561085972852
1,1346,375,375.34660633484174
1,1347,375,375.7140271493213
1,1348,376,376.27239819004535
1,1349,376,376.73574660633494
1,1350,378,377.16561085972853
1,1351,378,377.4235294117649
1,1352,378,377.4389140271494
1,1353,378,377.3411764705884
1,1354,378,377.121266968326
1,1355,376,376.84072398190057
1,1356,376,376.49954751131236
1,1357,375,376.03619909502277
1,1358,375,375.7366515837105
1,1359,376,375.5574660633485
1,1360,376,375.3963800904979
1,1361,376,375.219004524887
1,1362,375,375.1909502262444
1,1363,375,375.06244343891416
1,1364,375,374.98371040723987
1,1365,375,374.82533936651595
1,1366,374,374.6579185520363
1,1367,374,374.6199095022626
1,1368,375,374.6497737556562
1,1369,375,374.75656108597303
1,1370,375,374.8108597285069
1,1371,375,374.88325791855215
1,1372,375,374.97375565610866
1,1373,375,375.0823529411766
1,1374,375,375.07058823529417
1,1375,375,375.00000000000006
1,1376,375,375.00000000000006
1,1377,375,375.00000000000006
1,1378,375,375.00000000000006
1,1379,375,375.00000000000006
1,1380,375,375.00000000000006
1,1381,375,375.00000000000006
1,1382,375,375.00000000000006
1,1383,375,375.00000000000006
1,1384,375,375.00000000000006
1,1385,375,375.00000000000006
1,1386,375,375.0705882352942
1,1387,375,375.0823529411765
1,1388,375,375.0443438914028
1,1389,375,374.9656108597285
1,1390,375,374.78461538461545
1,1391,375,374.639819004525
1,1392,375,374.6018099547513
1,1393,374,374.54117647058837
1,1394,374,374.46696832579204
1,1395,374,374.38823529411775
1,1396,374,374.3140271493213
1,1397,375,374.2533936651585
1,1398,375,374.2153846153847
1,1399,374,374.2090497737558
1,1400,374,374.2434389140273
1,1401,374,374.18914027149333
1,1402,374,374.11674208144797
1,1403,374,374.02624434389156
1,1404,374,373.9176470588238
1,1405,374,373.929411764706
1,1406,374,374.0000000000001
1,1407,374,374.07058823529417
1,1408,374,374.0823529411766
1,1409,374,373.9737556561088
1,1410,374,373.8832579185522
1,1411,374,373.88144796380095
1,1412,374,373.8389140271495
1,1413,374,373.76470588235304
1,1414,373,373.6678733031675
1,1415,373,373.4868778280544
1,1416,374,373.3601809954752
1,1417,374,373.3583710407242
1,1418,373,373.35203619909515
1,1419,373,373.35022624434396
1,1420,373,373.22081447963814
1,1421,373,373.2316742081449
1,1422,374,373.23529411764713
1,1423,374,373.2841628959278
1,1424,373,373.5692307692308
1,1425,373,373.88144796380095
1,1426,373,374.0117647058825
1,1427,375,374.15113122171954
1,1428,375,374.3520361990952
1,1429,375,374.4669683257919
1,1430,375,374.6253393665159
1,1431,374,374.7565610859729
1,1432,374,374.7221719457015
1,1433,375,374.58371040723983
1,1434,375,374.33212669683274
1,1435,374,374.2352941176472
1,1436,374,374.16108597285086
1,1437,374,374.1185520361993
1,1438,374,374.11674208144797
1,1439,374,374.02624434389156
1,1440,374,373.9176470588238
1,1441,374,373.929411764706
1,1442,374,374.0000000000001
1,1443,374,374.0000000000001
1,1444,374,374.0000000000001
1,1445,374,373.929411764706
1,1446,374,373.9176470588237
1,1447,374,374.02624434389145
1,1448,374,374.1167420814481
1,1449,374,374.18914027149333
1,1450,374,374.2434389140272
1,1451,374,374.2796380090499
1,1452,375,374.29773755656123
1,1453,375,374.3683257918554
1,1454,374,374.3619909502264
1,1455,374,374.1466063348417
1,1456,374,373.99004524886885
1,1457,374,373.95384615384626
1,1458,374,373.8995475113124
1,1459,374,373.8977375565612
1,1460,373,373.95746606334853
1,1461,373,373.9556561085974
1,1462,375,373.9013574660634
1,1463,375,373.93574660633504
1,1464,374,373.8588235294119
1,1465,374,373.8090497737558
1,1466,373,373.78642533936664
1,1467,373,373.79095022624443
1,1468,374,373.6841628959277
1,1469,374,373.5276018099548
1,1470,373,373.6597285067874
1,1471,374,373.81900452488696
1,1472,374,373.8144796380092
1,1473,374,373.8552036199097
1,1474,374,373.80271493212683
1,1475,374,373.71855203619924
1,1476,374,373.7321266968328
1,1477,373,373.7728506787331
1,1478,373,373.70226244343894
1,1479,374,373.7203619909503
1,1480,374,373.7565610859729
1,1481,374,373.81085972850695
1,1482,374,373.8832579185522
1,1483,374,373.9737556561087
1,1484,374,374.08235294117657
1,1485,374,374.0000000000003
1,1486,374,373.9176470588237
1,1487,374,374.02624434389145
1,1488,374,374.1167420814481
1,1489,374,374.1185520361992
1,1490,374,374.16108597285074
1,1491,374,374.30588235294135
1,1492,375,374.41447963800914
1,1493,375,374.4868778280544
1,1494,374,374.5230769230771
1,1495,374,374.523076923077
1,1496,375,374.4868778280544
1,1497,375,374.3438914027151
1,1498,374,374.22352941176473
1,1499,374,374.1167420814481
1,1500,374,374.1529411764707
1,1501,374,374.26153846153863
1,1502,374,374.3040723981902
1,1503,374,374.41266968325806
1,1504,375,374.58733031674234
1,1505,375,374.7665158371041
1,1506,375,374.82081447963816
1,1507,375,374.82081447963816
1,1508,375,374.69592760181007
1,1509,375,374.5755656108599
1,1510,374,374.52126696832596
1,1511,374,374.39457013574673
1,1512,374,374.33393665158377
1,1513,374,374.27782805429877
1,1514,374,374.1647058823531
1,1515,375,374.1330316742083
1,1516,375,374.25339366515834
1,1517,374,374.3963800904979
1,1518,374,374.3619909502263
1,1519,374,374.35022624434407
1,1520,374,374.3520361990951
1,1521,375,374.358371040724
1,1522,375,374.43076923076944
1,1523,374,374.5692307692309
1,1524,374,374.64162895927615
1,1525,375,374.7185520361991
1,1526,375,374.73212669683255
1,1527,375,374.6823529411766
1,1528,375,374.6398190045249
1,1529,374,374.6371275783038
1,1530,374,374.5584415584415
1,1531,375,374.35753135753123
1,1532,374,374.22960372960387
1,1533,374,374.0750582750583
1,1534,374,373.787878787878
1,1535,373,372.99999999999983
1,1536,373,372.85339366515836
1,1537,373,372.8669683257919
1,1538,373,372.88959276018124
1,1539,373,372.99185520361993
1,1540,373,373.04434389140283
1,1541,373,372.985520361991
1,1542,373,372.9538461538462
1,1543,373,372.81085972850695
1,1544,373,372.756561085973
1,1545,373,372.7203619909503
1,1546,372,372.70226244343905
1,1547,372,372.34932126696845
1,1548,373,372.308597285068
1,1549,373,372.5348416289593
1,1550,373,372.98280542986436
1,1551,373,373.6778280542988
1,1552,373,374.7276018099548
1,1553,373,375.5782805429866
1,1554,378,376.0914027149323
1,1555,378,376.32850678733047
1,1556,378,376.41900452488704
1,1557,378,376.2923076923078
1,1558,377,375.9484162895927
1,1559,373,375.3873303167422
1,1560,373,374.60904977375577
1,1561,373,373.61357466063356
1,1562,373,373.1638009049775
1,1563,373,372.82262443438924
1,1564,373,372.5737556561087
1,1565,373,372.6009049773757
1,1566,373,372.81085972850695
1,1567,373,372.756561085973
1,1568,373,372.7203619909503
1,1569,372,372.70226244343905
1,1570,372,372.702262443439
1,1571,373,372.72036199095044
1,1572,373,372.7565610859729
1,1573,373,372.81085972850695
1,1574,373,372.8832579185522
1,1575,373,372.9737556561086
1,1576,373,373.0823529411767
1,1577,373,373.0705882352941
1,1578,373,373.00000000000006
1,1579,373,373.0705882352941
1,1580,373,373.0924369747897
1,1581,373,373.10989010989005
1,1582,373,373.11355311355305
1,1583,373,373.0839160839163
1,1584,373,372.98041958041966
1,1585,373,372.7171717171709
1,1586,372,372.1060606060605
2,0,373,372.6461538461539
2,1,373,372.8045248868779
2,2,373,372.8289592760182
2,3,373,372.8488687782807
2,4,373,372.8552036199096
2,5,373,372.8389140271494
2,6,373,372.7909502262445
2,7,372,372.70226244343905
2,8,372,372.702262443439
2,9,373,372.72036199095044
2,10,373,372.7565610859729
2,11,373,372.81085972850695
2,12,373,372.8832579185522
2,13,373,372.9737556561086
2,14,373,373.0823529411767
2,15,373,373.0705882352941
2,16,373,373.00000000000006
2,17,373,373.00000000000006
2,18,373,373.00000000000006
2,19,373,373.00000000000006
2,20,373,373.00000000000006
2,21,373,373.00000000000006
2,22,373,373.00000000000006
2,23,373,373.0705882352941
2,24,373,373.0823529411766
2,25,373,373.0443438914028
2,26,373,372.9656108597286
2,27,373,372.7846153846155
2,28,373,372.63981900452495
2,29,373,372.5312217194571
2,30,372,372.4588235294118
2,31,372,372.4226244343892
2,32,372,372.42262443438926
2,33,372,372.45882352941186
2,34,373,372.46063348416305
2,35,373,372.5574660633486
2,36,373,372.81085972850684
2,37,373,373.08235294117657
2,38,373,373.16289592760194
2,39,373,373.2434389140272
2,40,373,373.37647058823546
2,41,374,373.41447963800914
2,42,374,373.4868778280544
2,43,373,373.5230769230769
2,44,373,373.4524886877829
2,45,374,373.404524886878
2,46,374,373.44072398190065
2,47,373,373.42262443438926
2,48,373,373.27963800904985
2,49,373,373.27963800904996
2,50,373,373.42262443438926
2,51,374,373.3701357466064
2,52,374,373.3221719457014
2,53,373,373.4081447963801
2,54,373,373.5574660633485
2,55,374,373.63167420814494
2,56,374,373.69230769230774
2,57,373,373.80090497737564
2,58,374,373.81900452488696
2,59,374,373.8144796380092
2,60,374,373.8552036199097
2,61,374,373.8733031674209
2,62,374,373.80090497737564
2,63,374,373.77647058823544
2,64,373,373.7384615384617
2,65,373,373.4868778280544
2,66,374,373.3601809954752
2,67,374,373.28778280542997
2,68,373,373.26968325791864
2,69,373,373.2352941176472
2,70,373,373.3846153846156
2,71,373,373.5791855203621
2,72,374,373.6099547511313
2,73,374,373.6678733031676
2,74,374,373.87330316742094
2,75,374,374.1466063348417
2,76,375,374.41085972850686
2,77,374,374.58914027149336
2,78,374,374.6018099547512
2,79,375,374.56923076923084
2,80,375,374.68235294117653
2,81,375,374.7321266968326
2,82,375,374.7185520361992
2,83,374,374.64162895927603
2,84,374,374.5692307692308
2,85,375,374.4307692307693
2,86,375,374.2877828054299
2,87,374,374.26968325791876
2,88,374,374.3058823529413
2,89,374,374.39638009049787
2,90,374,374.54117647058837
2,91,375,374.6018099547513
2,92,375,374.639819004525
2,93,375,374.78461538461556
2,94,375,374.9656108597286
2,95,375,375.11493212669706
2,96,375,375.164705882353
2,97,375,375.0443438914029
2,98,375,374.8832579185522
2,99,375,374.8814479638011
2,100,375,374.83891402714937
2,101,375,374.7647058823531
2,102,374,374.6678733031675
2,103,374,374.5574660633486
2,104,375,374.4425339366516
2,105,375,374.33212669683274
2,106,374,374.2352941176472
2,107,374,374.16108597285086
2,108,374,374.1185520361993
2,109,374,374.0461538461539
2,110,374,373.9438914027152
2,111,374,373.94389140271505
2,112,374,374.0461538461541
2,113,374,374.18914027149333
2,114,374,374.2434389140272
2,115,374,374.350226244344
2,116,375,374.4506787330318
2,117,375,374.4244343891403
2,118,374,374.21900452488694
2,119,374,373.9819004524888
2,120,374,373.7927601809956
2,121,374,373.53122171945716
2,122,373,373.1447963800906
2,123,372,372.7809954751131
2,124,372,372.5873303167422
2,125,373,372.5113122171947
2,126,373,372.4325791855205
2,127,372,372.4307692307694
2,128,372,372.58552036199103
2,129,373,372.7764705882353
2,130,373,372.8126696832581
2,131,373,372.764705882353
2,132,373,372.76470588235316
2,133,373,372.8126696832581
2,134,373,372.8470588235295
2,135,372,372.7384615384617
2,136,372,372.5574660633485
2,137,373,372.44253393665167
2,138,373,372.3321266968326
2,139,372,372.2352941176472
2,140,372,372.16108597285074
2,141,372,372.11855203619916
2,142,372,372.11674208144814
2,143,372,372.02624434389156
2,144,372,371.91764705882366
2,145,372,371.92941176470606
2,146,372,372.0
2,147,372,372.0
2,148,372,372.0
2,149,372,372.0
2,150,372,372.0
2,151,372,372.0
2,152,372,372.0
2,153,372,372.0
2,154,372,372.0
2,155,372,371.929411764706
2,156,372,371.91764705882366
2,157,372,371.8144796380092
2,158,372,371.8696832579187
2,159,372,371.42081447963807
2,160,372,371.6054298642535
2,161,372,372.314932126697
2,162,373,373.4407239819006
2,163,373,375.6506787330318
2,164,375,377.412669683258
2,165,375,378.7882352941177
2,166,384,379.6389140271494
2,167,384,379.89411764705886
2,168,384,379.6832579185522
2,169,384,379.0678733031677
2,170,373,378.04796380090505
2,171,373,376.5619909502264
2,172,372,374.89592760181006
2,173,372,372.935746606335
2,174,373,371.9547511312219
2,175,373,371.4262443438916
2,176,372,371.45882352941186
2,177,372,372.0904977375566
2,178,372,372.03619909502277
2,179,372,372.14298642533936
2,180,372,372.1429864253394
2,181,372,372.10678733031693
2,182,372,372.17285067873314
2,183,372,372.27963800904996
2,184,373,372.29773755656123
2,185,373,372.29773755656123
2,186,372,372.27963800904985
2,187,372,372.2434389140273
2,188,372,372.1891402714933
2,189,372,372.11674208144814
2,190,372,372.02624434389156
2,191,372,371.84705882352955
2,192,372,371.91764705882366
2,193,372,372.0380090497739
2,194,372,372.0081447963801
2,195,372,372.02805429864264
2,196,372,372.0180995475113
2,197,372,372.09864253393664
2,198,373,372.3927601809956
2,199,372,372.62352941176476
2,200,372,372.72036199095027
2,201,373,372.8126696832581
2,202,373,372.89140271493216
2,203,374,372.9475113122173
2,204,374,372.97194570135764
2,205,372,372.95565610859745
2,206,372,373.02805429864264
2,207,373,372.9800904977377
2,208,373,372.8027149321268
2,209,373,372.75475113122184
2,210,373,372.7565610859729
2,211,373,372.93755656108607
2,212,373,373.29773755656123
2,213,373,373.4307692307694
2,214,373,373.39819004524895
2,215,374,373.458823529412
2,216,374,373.6036199095024
2,217,374,373.6235294117649
2,218,374,373.647963800905
2,219,373,373.73846153846165
2,220,373,373.756561085973
2,221,374,373.70226244343894
2,222,374,373.5755656108598
2,223,373,373.5149321266969
2,224,374,373.4588235294118
2,225,374,373.41628959276034
2,226,373,373.39638009049787
2,227,373,373.26968325791876
2,228,373,373.1067873303168
2,229,373,373.04615384615397
2,230,373,373.02624434389156
2,231,373,372.91764705882366
2,232,373,372.92941176470606
2,233,373,373.00000000000006
2,234,373,373.00000000000006
2,235,373,373.00000000000006
2,236,373,373.00000000000006
2,237,373,372.929411764706
2,238,373,372.9882352941178
2,239,373,373.03800904977385
2,240,373,373.07873303167435
2,241,373,373.11040723981915
2,242,373,373.1330316742083
2,243,373,373.14660633484175
2,244,374,373.1511312217195
2,245,373,373.14660633484175
2,246,373,373.1330316742082
2,247,373,373.11040723981915
2,248,373,373.07873303167435
2,249,373,373.0232708468
2,250,373,372.97802197802196
2,251,373,373.01465201465203
2,252,373,373.00000000000034
2,253,373,373.00000000000006
2,254,373,372.9999999999993
2,255,373,373.0
2,256,373,372.5755656108598
2,257,373,372.7221719457016
2,258,373,372.8552036199096
2,259,373,372.96561085972866
2,260,373,373.0443438914029
2,261,373,373.0823529411767
2,262,373,373.14117647058833
2,263,373,373.0823529411766
2,264,373,372.9737556561087
2,265,373,372.9538461538462
2,266,373,372.8932126696833
2,267,373,372.8009049773756
2,268,373,372.6859728506788
2,269,372,372.5574660633485
2,270,372,372.42443438914034
2,271,373,372.29592760181015
2,272,372,372.1809954751132
2,273,372,372.08868778280555
2,274,372,372.02805429864264
2,275,372,372.00814479638024
2,276,372,372.03800904977385
2,277,372,371.98823529411777
2,278,372,371.92941176470606
2,279,372,372.0
2,280,372,372.0
2,281,372,372.0
2,282,372,372.0
2,283,372,372.0
2,284,372,372.0
2,285,372,372.0
2,286,372,372.0
2,287,372,372.0
2,288,372,372.0
2,289,372,372.0
2,290,372,372.0
2,291,372,372.0
2,292,372,372.0
2,293,372,372.0
2,294,372,372.0
2,295,372,372.0
2,296,372,372.0
2,297,372,372.0
2,298,372,372.0
2,299,372,372.0
2,300,372,372.0
2,301,372,372.0
2,302,372,372.0
2,303,372,372.0
2,304,372,372.0
2,305,372,372.0
2,306,372,372.0
2,307,372,372.0
2,308,372,372.0
2,309,372,372.0
2,310,372,372.0
2,311,372,371.929411764706
2,312,372,371.91764705882366
2,313,372,372.02624434389156
2,314,372,372.11674208144797
2,315,372,372.18914027149333
2,316,372,372.2434389140273
2,317,372,372.27963800904996
2,318,373,372.29773755656123
2,319,373,372.2271493212671
2,320,372,372.1972850678734
2,321,372,372.1990950226245
2,322,372,372.22352941176473
2,323,372,372.2615384615385
2,324,372,372.3040723981902
2,325,372,372.3420814479639
2,326,373,372.5049773755658
2,327,373,372.7221719457016
2,328,373,372.9257918552036
2,329,373,373.04796380090505
2,330,373,373.0180995475113
2,331,373,372.96561085972866
2,332,373,372.88144796380107
2,333,373,372.756561085973
2,334,373,372.79095022624455
2,335,372,372.78461538461545
2,336,372,372.6760180995477
2,337,373,372.6036199095024
2,338,373,372.63800904977387
2,339,373,372.6497737556562
2,340,373,372.5773755656111
2,341,372,372.5592760180996
2,342,372,372.59547511312223
2,343,373,372.5475113122174
2,344,373,372.4769230769232
2,345,372,372.5131221719457
2,346,372,372.58552036199103
2,347,373,372.6941176470589
2,348,373,372.83891402714937
2,349,373,372.88144796380107
2,350,373,372.8832579185522
2,351,373,372.9737556561086
2,352,373,373.0823529411767
2,353,373,373.0705882352941
2,354,373,373.00000000000006
2,355,373,373.00000000000006
2,356,373,373.00000000000006
2,357,373,373.00000000000006
2,358,373,373.00000000000006
2,359,373,373.00000000000006
2,360,373,373.00000000000006
2,361,373,372.929411764706
2,362,373,372.91764705882366
2,363,373,372.74389140271506
2,364,373,372.7873303167422
2,365,373,373.01176470588246
2,366,373,373.38099547511325
2,367,373,373.8588235294119
2,368,374,374.62081447963806
2,369,374,375.2425339366516
2,370,377,375.7855203619911
2,371,377,376.1113122171948
2,372,377,376.21990950226257
2,373,377,376.1113122171948
2,374,377,375.785520361991
2,375,374,375.2425339366516
2,376,374,374.6208144796381
2,377,373,373.858823529412
2,378,373,373.3809954751133
2,379,373,373.0117647058824
2,380,373,372.71674208144805
2,381,373,372.66153846153856
2,382,373,372.87330316742083
2,383,373,373.03438914027157
2,384,373,373.22714932126695
2,385,373,373.2515837104074
2,386,373,373.3076923076925
2,387,374,373.4570135746608
2,388,374,373.5610859728508
2,389,374,373.6199095022625
2,390,373,373.633484162896
2,391,373,373.6018099547512
2,392,374,373.5248868778281
2,393,374,373.3321266968327
2,394,373,373.1529411764708
2,395,373,373.1873303167421
2,396,373,373.23529411764724
2,397,373,373.3058823529413
2,398,373,373.26968325791876
2,399,373,373.19728506787345
2,400,374,373.22714932126706
2,401,374,373.22714932126706
2,402,373,373.19728506787345
2,403,373,373.2696832579187
2,404,373,373.30588235294124
2,405,373,373.2352941176471
2,406,373,373.18733031674225
2,407,373,373.1529411764708
2,408,374,373.2615384615386
2,409,374,373.4425339366517
2,410,373,373.62805429864267
2,411,373,373.75022624434393
2,412,374,373.73846153846165
2,413,374,373.72217194570146
2,414,374,373.69230769230785
2,415,374,373.639819004525
2,416,374,373.69411764705904
2,417,373,373.7846153846156
2,418,373,373.8434389140273
2,419,374,373.8027149321268
2,420,374,373.80090497737564
2,421,374,373.7764705882353
2,422,374,373.73846153846154
2,423,374,373.69592760181
2,424,374,373.65791855203634
2,425,373,373.49502262443445
2,426,373,373.27782805429877
2,427,373,373.1447963800906
2,428,373,373.0343891402715
2,429,373,372.95565610859745
2,430,373,372.91764705882366
2,431,373,372.92941176470606
2,432,373,373.00000000000006
2,433,373,373.00000000000006
2,434,373,373.00000000000006
2,435,373,373.00000000000006
2,436,373,373.00000000000006
2,437,373,373.00000000000006
2,438,373,373.00000000000006
2,439,373,373.0705882352941
2,440,373,373.0823529411766
2,441,373,372.9737556561087
2,442,373,372.8832579185523
2,443,373,372.81085972850695
2,444,373,372.756561085973
2,445,373,372.79095022624455
2,446,372,372.78461538461545
2,447,372,372.6760180995477
2,448,373,372.6036199095024
2,449,373,372.63800904977387
2,450,373,372.6497737556562
2,451,373,372.64796380090513
2,452,372,372.64162895927626
2,453,372,372.639819004525
2,454,373,372.44253393665167
2,455,373,372.2497737556561
2,456,372,372.26153846153863
2,457,372,372.27782805429877
2,458,372,372.30769230769243
2,459,372,372.3601809954753
2,460,372,372.23529411764724
2,461,373,372.13303167420827
2,462,373,372.1828054298644
2,463,372,372.3140271493214
2,464,372,372.45882352941186
2,465,372,372.54932126696843
2,466,372,372.58552036199114
2,467,373,372.56742081447976
2,468,373,372.4950226244345
2,469,373,372.5067873303168
2,470,373,372.54117647058837
2,471,372,372.4687782805432
2,472,372,372.3601809954752
2,473,372,372.21538461538483
2,474,372,372.0343891402716
2,475,372,371.95565610859734
2,476,372,371.91764705882366
2,477,372,371.92941176470606
2,478,372,372.0
2,479,372,372.0
2,480,372,372.0
2,481,372,371.929411764706
2,482,372,371.91764705882366
2,483,372,372.02624434389156
2,484,372,372.11674208144797
2,485,372,372.18914027149333
2,486,372,372.2434389140273
2,487,372,372.27963800904996
2,488,373,372.29773755656123
2,489,373,372.29773755656123
2,490,372,372.27963800904985
2,491,372,372.17285067873314
2,492,372,372.10678733031693
2,493,372,372.0723981900455
2,494,372,372.060633484163
2,495,372,372.0624434389141
2,496,372,372.20723981900466
2,497,372,372.42443438914034
2,498,373,372.5755656108598
2,499,373,372.7221719457016
2,500,373,372.8552036199096
2,501,373,372.96561085972866
2,502,373,373.0443438914029
2,503,373,373.0823529411767
2,504,373,373.0705882352941
2,505,373,373.0
2,506,373,372.9999999999999
2,507,373,372.99999999999994
2,508,373,373.00000000000034
2,509,373,373.00000000000006
2,510,373,372.9999999999993
2,511,373,373.0
2,512,373,372.26968325791864
2,513,372,372.3076923076923
2,514,372,372.3683257918553
2,515,373,372.4425339366517
2,516,373,372.4506787330318
2,517,372,372.5837104072399
2,518,372,372.694117647059
2,519,373,372.7728506787331
2,520,373,372.9493212669685
2,521,373,373.0144796380092
2,522,373,373.02986425339384
2,523,374,373.1248868778281
2,524,373,373.22895927601826
2,525,373,373.1330316742082
2,526,373,373.0280542986425
2,527,373,373.0343891402715
2,528,373,373.0723981900454
2,529,373,373.2036199095024
2,530,373,373.28959276018116
2,531,373,373.4687782805431
2,532,374,373.54117647058837
2,533,374,373.577375565611
2,534,374,373.577375565611
2,535,374,373.4705882352942
2,536,373,373.3864253393666
2,537,373,373.3864253393666
2,538,373,373.3321266968327
2,539,373,373.15294117647073
2,540,373,373.11674208144814
2,541,373,373.1529411764708
2,542,374,373.2615384615386
2,543,374,373.4425339366517
2,544,373,373.62805429864267
2,545,373,373.75022624434393
2,546,374,373.8090497737557
2,547,374,373.80452488687797
2,548,374,373.7366515837105
2,549,374,373.60542986425355
2,550,374,373.4787330316743
2,551,373,373.42443438914034
2,552,373,373.3040723981902
2,553,373,373.17918552036207
2,554,373,373.24977375565624
2,555,373,373.3158371040725
2,556,373,373.3158371040725
2,557,374,373.3882352941177
2,558,374,373.53303167420825
2,559,374,373.68235294117665
2,560,374,373.7683257918554
2,561,373,373.7909502262445
2,562,373,373.7502262443441
2,563,374,373.646153846154
2,564,374,373.4787330316743
2,565,374,373.3864253393666
2,566,373,373.3076923076924
2,567,373,373.2515837104074
2,568,373,372.52126696832596
2,569,373,372.2814479638011
2,570,373,372.5122171945702
2,571,373,373.19095022624447
2,572,373,374.2950226244345
2,573,373,375.80452488687797
2,574,373,377.3610859728508
2,575,383,378.8742081447965
2,576,383,380.38280542986445
2,577,383,381.7167420814481
2,578,384,382.90588235294126
2,579,384,384.54751131221724
2,580,383,385.23891402714946
2,581,383,385.10316742081454
2,582,384,383.86334841628974
2,583,384,382.90407239819024
2,584,385,381.6099547511312
2,585,385,380.14208144796385
2,586,375,378.529411764706
2,587,375,376.9393665158373
2,588,373,375.3330316742082
2,589,373,373.87149321266986
2,590,373,372.78371040723994
2,591,373,372.09864253393675
2,592,372,372.1248868778281
2,593,373,372.77104072398197
2,594,373,372.69954751131235
2,595,373,372.7728506787332
2,596,373,372.7321266968326
2,597,373,372.71855203619924
2,598,373,372.8027149321268
2,599,372,372.85520361990956
2,600,372,372.7466063348417
2,601,373,372.6859728506788
2,602,373,372.6117647058823
2,603,373,372.53303167420825
2,604,373,372.45882352941186
2,605,372,372.3981900452489
2,606,372,372.3601809954752
2,607,372,372.21538461538483
2,608,372,372.1049773755656
2,609,372,371.96742081447974
2,610,372,371.87963800905004
2,611,372,371.85067873303177
2,612,372,371.88959276018113
2,613,372,371.8669683257919
2,614,372,371.8533936651585
2,615,371,371.77828054298647
2,616,372,371.771040723982
2,617,372,371.82262443438924
2,618,372,371.92398190045253
2,619,372,372.0660633484164
2,620,372,372.23981900452503
2,621,372,372.4361990950227
2,622,373,372.64615384615394
2,623,373,372.7221719457016
2,624,373,372.8552036199096
2,625,373,372.8950226244345
2,626,373,372.96199095022644
2,627,373,373.0380090497739
2,628,373,373.10497737556574
2,629,373,373.1447963800906
2,630,373,373.2778280542987
2,631,373,373.4244343891404
2,632,374,373.5049773755658
2,633,374,373.63981900452495
2,634,374,373.881447963801
2,635,374,374.0823529411766
2,636,374,374.2334841628961
2,637,374,374.3257918552037
2,638,374,374.35022624434396
2,639,375,374.29773755656123
2,640,375,374.29773755656123
2,641,374,374.2796380090499
2,642,374,374.2434389140273
2,643,374,374.18914027149333
2,644,374,374.11674208144797
2,645,374,374.02624434389156
2,646,374,373.84705882352955
2,647,374,373.84705882352955
2,648,374,374.02624434389145
2,649,374,374.1167420814481
2,650,374,374.18914027149333
2,651,374,374.2434389140272
2,652,374,374.2796380090499
2,653,375,374.3683257918552
2,654,375,374.38009049773774
2,655,374,374.25339366515857
2,656,374,374.12669683257934
2,657,374,373.929411764706
2,658,374,373.79095022624455
2,659,374,373.77285067873316
2,660,373,373.7366515837105
2,661,373,373.75022624434393
2,662,374,373.88144796380095
2,663,374,374.0624434389141
2,664,375,374.225339366516
2,665,375,374.3701357466064
2,666,374,374.42624434389154
2,667,374,374.523076923077
2,668,375,374.51312217194584
2,669,375,374.4488687782806
2,670,374,374.4506787330318
2,671,374,374.4389140271494
2,672,374,374.47239819004534
2,673,375,374.6099547511313
2,674,375,374.7746606334842
2,675,375,374.8895927601811
2,676,375,375.1547511312219
2,677,375,375.3701357466065
2,678,375,375.33574660633496
2,679,376,375.25158371040743
2,680,376,375.10859728506796
2,681,375,375.03619909502277
2,682,375,374.96380090497746
2,683,374,374.89140271493216
2,684,374,374.81900452488696
2,685,375,374.7466063348417
2,686,375,374.6742081447965
2,687,375,374.74027149321273
2,688,375,374.88325791855215
2,689,375,374.97375565610866
2,690,375,375.0823529411766
2,691,375,375.07058823529417
2,692,375,375.00000000000006
2,693,375,374.9294117647059
2,694,375,374.91764705882355
2,695,375,374.9556561085974
2,696,375,375.03438914027157
2,697,375,375.2153846153848
2,698,375,375.3601809954752
2,699,375,375.39819004524884
2,700,376,375.45882352941186
2,701,376,375.53303167420825
2,702,376,375.6117647058825
2,703,376,375.6859728506789
2,704,375,375.7466063348418
2,705,375,375.8552036199097
2,706,376,375.80271493212683
2,707,376,375.71855203619924
2,708,376,375.7321266968327
2,709,376,375.77285067873316
2,710,376,375.84072398190057
2,711,376,375.93574660633493
2,712,375,375.9194570135748
2,713,376,375.8533936651585
2,714,376,375.8669683257919
2,715,376,375.88959276018113
2,716,376,375.92126696832594
2,717,376,375.96199095022627
2,718,376,376.01176470588246
2,719,376,376.0705882352943
2,720,376,376.0705882352943
2,721,376,376.08235294117645
2,722,376,376.04434389140283
2,723,376,375.96561085972866
2,724,376,375.78461538461556
2,725,376,375.63981900452495
2,726,376,375.53122171945716
2,727,375,375.45882352941186
2,728,375,375.42262443438926
2,729,375,375.42262443438926
2,730,375,375.4588235294119
2,731,376,375.5312217194571
2,732,376,375.63981900452495
2,733,376,375.71402714932134
2,734,376,375.88325791855203
2,735,376,376.0705882352941
2,736,376,376.19909502262465
2,737,376,376.1891402714933
2,738,376,376.1610859728509
2,739,376,376.30588235294124
2,740,377,376.4144796380092
2,741,377,376.4868778280545
2,742,376,376.523076923077
2,743,376,376.52307692307704
2,744,377,376.48687782805445
2,745,377,376.34389140271503
2,746,376,376.22352941176484
2,747,376,376.18733031674213
2,748,376,376.23529411764713
2,749,376,376.3058823529413
2,750,376,376.26968325791864
2,751,376,376.1972850678735
2,752,377,376.2271493212671
2,753,377,376.2977375565611
2,754,376,376.2796380090499
2,755,376,376.2434389140272
2,756,376,376.1891402714933
2,757,376,376.116742081448
2,758,376,376.09683257918556
2,759,376,376.00000000000006
2,760,376,375.97375565610866
2,761,376,376.012928248222
2,762,376,375.94905094905084
2,763,376,375.83716283716274
2,764,376,375.6596736596737
2,765,375,375.40629370629375
2,766,375,375.10606060605977
2,767,375,374.9242424242424
2,768,375,373.7266968325793
2,769,375,374.16651583710427
2,770,375,374.5656108597286
2,771,375,374.8968325791857
2,772,375,375.1330316742083
2,773,375,374.6117647058824
2,774,375,374.4705882352942
2,775,375,374.60090497737576
2,776,375,375.3095022624436
2,777,375,376.3031674208147
2,778,375,378.135746606335
2,779,375,379.56108597285083
2,780,384,380.508597285068
2,781,384,381.1076923076924
2,782,384,381.3493212669685
2,783,384,381.2950226244346
2,784,384,380.8063348416291
2,785,375,379.8832579185521
2,786,375,378.5257918552037
2,787,376,376.7339366515838
2,788,376,375.7538461538464
2,789,376,375.10226244343903
2,790,375,374.73122171945715
2,791,375,374.73122171945704
2,792,375,375.19276018099555
2,793,375,374.8895927601811
2,794,375,374.59547511312223
2,795,375,374.5194570135747
2,796,374,374.47058823529426
2,797,374,374.46696832579204
2,798,374,374.38823529411775
2,799,374,374.3140271493213
2,800,375,374.2533936651585
2,801,375,374.2153846153847
2,802,374,374.2090497737558
2,803,374,374.2434389140273
2,804,374,374.18914027149333
2,805,374,374.11674208144797
2,806,374,374.02624434389156
2,807,374,373.9176470588238
2,808,374,373.929411764706
2,809,374,374.0000000000001
2,810,374,374.0000000000001
2,811,374,374.0000000000001
2,812,374,374.0000000000001
2,813,374,374.0000000000001
2,814,374,374.0000000000001
2,815,374,374.0000000000001
2,816,374,373.929411764706
2,817,374,373.9176470588237
2,818,374,373.95565610859734
2,819,374,374.0343891402716
2,820,374,374.1447963800906
2,821,374,374.2778280542987
2,822,374,374.49502262443445
2,823,375,374.6579185520363
2,824,375,374.69592760181
2,825,375,374.7384615384617
2,826,375,374.77647058823544
2,827,375,374.80090497737575
2,828,375,374.80271493212683
2,829,374,374.7728506787331
2,830,374,374.7022624434391
2,831,375,374.72036199095044
2,832,375,374.75656108597303
2,833,375,374.8814479638011
2,834,375,374.9656108597286
2,835,375,374.94751131221733
2,836,375,374.9656108597285
2,837,375,374.88144796380107
2,838,375,374.7565610859729
2,839,375,374.72036199095044
2,840,374,374.702262443439
2,841,374,374.7022624434391
2,842,375,374.72036199095044
2,843,375,374.75656108597303
2,844,375,374.8108597285069
2,845,375,374.88325791855215
2,846,375,374.97375565610866
2,847,375,375.0823529411766
2,848,375,375.07058823529417
2,849,375,375.0705882352942
2,850,375,375.01176470588246
2,851,375,374.9619909502263
2,852,375,374.8506787330317
2,853,375,374.8072398190046
2,854,375,374.8226244343893
2,855,375,374.88778280543005
2,856,374,375.0642533936652
2,857,375,375.21357466063347
2,858,375,375.26515837104085
2,859,376,375.3484162895928
2,860,376,375.4542986425339
2,861,376,375.5737556561087
2,862,376,375.69773755656126
2,863,375,375.8171945701359
2,864,375,375.78461538461556
2,865,376,375.7909502262445
2,866,376,375.756561085973
2,867,376,375.8108597285069
2,868,376,375.8832579185522
2,869,376,375.90316742081455
2,870,376,376.0000000000001
2,871,376,376.0968325791856
2,872,376,376.1167420814481
2,873,376,376.18914027149333
2,874,376,376.2434389140273
2,875,376,376.27963800904996
2,876,377,376.29773755656123
2,877,377,376.2977375565611
2,878,376,376.2796380090499
2,879,376,376.17285067873314
2,880,376,376.1067873303169
2,881,376,376.1429864253395
2,882,376,376.1429864253395
2,883,376,376.1067873303169
2,884,376,376.17285067873314
2,885,376,376.3502262443439
2,886,377,376.3800904977376
2,887,377,376.2714932126698
2,888,376,376.1628959276018
2,889,376,376.05429864253404
2,890,376,375.9457013574662
2,891,376,375.8371040723984
2,892,375,375.6579185520363
2,893,375,375.53755656108603
2,894,376,375.67601809954755
2,895,376,375.873303167421
2,896,376,376.00000000000006
2,897,376,376.12669683257934
2,898,376,376.2533936651586
2,899,377,376.3800904977377
2,900,377,376.4389140271494
2,901,376,376.36199095022636
2,902,376,376.28778280543
2,903,376,376.1547511312218
2,904,376,375.9719457013575
2,905,376,375.74841628959274
2,906,376,375.56380090497754
2,907,375,375.4361990950228
2,908,375,375.2515837104073
2,909,375,375.02805429864264
2,910,375,374.84524886877836
2,911,375,374.71221719457014
2,912,375,374.6380090497738
2,913,374,374.6316742081449
2,914,374,374.7022624434391
2,915,375,374.72036199095044
2,916,375,374.75656108597303
2,917,375,374.8108597285069
2,918,375,374.88325791855215
2,919,375,374.97375565610866
2,920,375,375.0823529411766
2,921,375,375.1411764705884
2,922,375,375.0823529411765
2,923,375,374.97375565610884
2,924,375,374.8832579185522
2,925,375,374.8814479638011
2,926,375,374.83891402714937
2,927,375,374.7647058823531
2,928,374,374.6678733031675
2,929,374,374.5574660633486
2,930,375,374.4425339366516
2,931,375,374.33212669683274
2,932,374,374.2352941176472
2,933,374,374.16108597285086
2,934,374,374.1185520361993
2,935,374,374.11674208144797
2,936,374,374.02624434389156
2,937,374,373.9176470588238
2,938,374,373.929411764706
2,939,374,374.0000000000001
2,940,374,373.929411764706
2,941,374,373.9176470588237
2,942,374,373.95565610859734
2,943,374,374.0343891402716
2,944,374,374.1447963800906
2,945,374,374.2778280542987
2,946,374,374.42443438914034
2,947,375,374.5755656108598
2,948,375,374.72217194570146
2,949,375,374.8552036199097
2,950,375,374.9656108597286
2,951,375,375.04434389140283
2,952,375,375.0823529411766
2,953,375,375.07058823529417
2,954,375,375.00000000000006
2,955,375,375.00000000000006
2,956,375,375.00000000000006
2,957,375,375.00000000000006
2,958,375,375.00000000000006
2,959,375,375.0705882352942
2,960,375,375.0823529411765
2,961,375,375.0443438914028
2,962,375,374.9656108597285
2,963,375,374.78461538461545
2,964,375,374.639819004525
2,965,375,374.460633484163
2,966,374,374.37647058823535
2,967,374,374.4488687782807
2,968,374,374.5393665158372
2,969,374,374.647963800905
2,970,375,374.7746606334842
2,971,375,374.91945701357474
2,972,376,375.0823529411766
2,973,376,375.2633484162897
2,974,375,375.3239819004526
2,975,375,375.32579185520376
2,976,375,374.97737556561106
2,977,375,374.78733031674216
2,978,375,374.9194570135747
2,979,375,375.1375565610861
2,980,375,375.55294117647065
2,981,375,376.07692307692315
2,982,375,376.5529411764707
2,983,379,377.16561085972864
2,984,379,377.6289592760183
2,985,378,377.93393665158374
2,986,378,378.07149321266974
2,987,378,378.10316742081466
2,988,378,377.89049773755664
2,989,378,377.43348416289604
2,990,376,376.73212669683255
2,991,376,376.34027149321275
2,992,376,375.94117647058835
2,993,376,375.56199095022635
2,994,375,375.2914027149322
2,995,375,375.14751131221726
2,996,375,375.1484162895929
2,997,375,375.3122171945703
2,998,375,375.3800904977376
2,999,376,375.49321266968326
2,1000,376,375.65158371040735
2,1001,376,375.8552036199096
2,1002,376,375.9656108597286
2,1003,376,376.04434389140283
2,1004,376,376.08235294117657
2,1005,376,376.0705882352943
2,1006,376,376.0
2,1007,376,376.0
2,1008,376,376.0
2,1009,376,376.0
2,1010,376,376.0
2,1011,376,376.0
2,1012,376,375.92941176470606
2,1013,376,375.9882352941177
2,1014,376,376.03800904977385
2,1015,376,376.0787330316743
2,1016,376,376.1104072398191
2,1017,376,376.1553152729621
2,1018,376,376.201798201798
2,1019,377,376.23920523920515
2,1020,376,376.24708624708643
2,1021,376,376.19440559440557
2,1022,376,376.06060606060527
2,1023,376,375.9545454545454
2,1024,376,374.30226244343896
2,1025,376,374.8180995475114
2,1026,376,375.3384615384617
2,1027,376,375.88868778280556
2,1028,376,376.2941176470589
2,1029,376,376.447963800905
2,1030,376,376.44343891402724
2,1031,376,376.30588235294124
2,1032,377,376.4144796380092
2,1033,377,376.4162895927602
2,1034,376,376.4407239819006
2,1035,376,376.5493212669685
2,1036,377,376.60361990950236
2,1037,377,376.60361990950236
2,1038,376,376.54932126696855
2,1039,376,376.4407239819006
2,1040,377,376.4162895927603
2,1041,377,376.41447963800914
2,1042,376,376.30588235294135
2,1043,376,376.16108597285086
2,1044,376,376.1185520361992
2,1045,376,376.116742081448
2,1046,376,376.0262443438916
2,1047,376,375.91764705882366
2,1048,376,375.92941176470606
2,1049,376,376.0
2,1050,376,376.0
2,1051,376,376.0
2,1052,376,376.0
2,1053,376,376.0
2,1054,376,376.0
2,1055,376,376.0
2,1056,376,376.0
2,1057,376,376.0
2,1058,376,376.0
2,1059,376,376.0
2,1060,376,376.0
2,1061,376,376.0
2,1062,376,376.0
2,1063,376,376.0
2,1064,376,376.0
2,1065,376,376.0
2,1066,376,376.0
2,1067,376,376.0
2,1068,376,376.0
2,1069,376,376.0
2,1070,376,376.0
2,1071,376,376.0
2,1072,376,376.0
2,1073,376,376.0
2,1074,376,376.0
2,1075,376,376.0
2,1076,376,376.0
2,1077,376,376.0
2,1078,376,376.0
2,1079,376,376.0
2,1080,376,376.0
2,1081,376,376.0
2,1082,376,376.0
2,1083,376,376.0
2,1084,376,376.0
2,1085,376,376.0
2,1086,376,376.0705882352943
2,1087,376,376.08235294117645
2,1088,376,375.97375565610866
2,1089,376,375.8832579185521
2,1090,376,375.81085972850684
2,1091,376,375.756561085973
2,1092,376,375.7203619909504
2,1093,375,375.702262443439
2,1094,375,375.702262443439
2,1095,376,375.72036199095027
2,1096,376,375.756561085973
2,1097,376,375.8108597285069
2,1098,376,375.8832579185522
2,1099,376,375.97375565610866
2,1100,376,376.08235294117657
2,1101,376,376.0705882352943
2,1102,376,376.0705882352943
2,1103,376,376.08235294117645
2,1104,376,376.04434389140283
2,1105,376,375.96561085972866
2,1106,376,375.85520361990956
2,1107,376,375.7221719457014
2,1108,376,375.5755656108598
2,1109,375,375.3538461538463
2,1110,375,375.19547511312226
2,1111,375,375.171040723982
2,1112,375,375.15113122171954
2,1113,375,375.1447963800906
2,1114,375,375.1610859728507
2,1115,375,375.35022624434407
2,1116,376,375.46244343891397
2,1117,376,375.38642533936655
2,1118,375,375.2108597285069
2,1119,375,374.95384615384614
2,1120,375,374.6334841628961
2,1121,375,374.26787330316756
2,1122,373,373.875113122172
2,1123,373,373.4733031674209
2,1124,373,373.21900452488694
2,1125,373,373.06877828054314
2,1126,373,372.91131221719473
2,1127,373,372.8352941176472
2,1128,373,372.85882352941184
2,1129,373,373.00000000000006
2,1130,373,373.0705882352941
2,1131,373,373.0823529411766
2,1132,373,373.0443438914028
2,1133,373,372.9656108597286
2,1134,373,372.8552036199096
2,1135,373,372.72217194570146
2,1136,373,372.5049773755658
2,1137,372,372.3420814479639
2,1138,372,372.23348416289605
2,1139,372,372.1791855203622
2,1140,372,372.2497737556562
2,1141,372,372.3158371040725
2,1142,372,372.38642533936655
2,1143,373,372.47058823529426
2,1144,373,372.57737556561096
2,1145,373,372.5773755656109
2,1146,373,372.54117647058837
2,1147,372,372.4687782805432
2,1148,372,372.3601809954752
2,1149,372,372.14479638009055
2,1150,372,371.9520361990953
2,1151,372,371.9819004524888
2,1152,372,372.03438914027157
2,1153,372,372.04796380090517
2,1154,372,372.1610859728508
2,1155,372,372.30588235294135
2,1156,373,372.4144796380091
2,1157,373,372.48687782805433
2,1158,372,372.5230769230771
2,1159,372,372.5230769230771
2,1160,373,372.48687782805445
2,1161,373,372.41447963800914
2,1162,372,372.30588235294124
2,1163,372,372.16108597285074
2,1164,372,372.11855203619916
2,1165,372,372.11674208144814
2,1166,372,372.02624434389156
2,1167,372,371.98823529411777
2,1168,372,371.9411764705884
2,1169,372,371.96199095022644
2,1170,372,371.92126696832594
2,1171,372,371.88959276018113
2,1172,372,371.8669683257919
2,1173,372,371.8533936651585
2,1174,371,371.84886877828063
2,1175,372,371.8533936651585
2,1176,372,371.86696832579196
2,1177,372,371.8895927601811
2,1178,372,371.92126696832594
2,1179,372,371.9619909502263
2,1180,372,372.01176470588246
2,1181,372,372.0705882352942
2,1182,372,372.0
2,1183,372,371.29411764705907
2,1184,372,371.17647058823536
2,1185,372,371.55656108597293
2,1186,372,372.41447963800914
2,1187,372,373.5303167420816
2,1188,372,375.45791855203635
2,1189,372,376.95113122171966
2,1190,382,377.9393665158372
2,1191,382,378.6226244343893
2,1192,382,378.8624434389141
2,1193,381,378.58823529411774
2,1194,381,377.929411764706
2,1195,372,376.8769230769232
2,1196,372,375.4217194570137
2,1197,373,373.625339366516
2,1198,372,372.73393665158375
2,1199,372,372.13212669683264
2,1200,373,371.9104072398191
2,1201,373,371.950226244344
2,1202,373,372.53303167420825
2,1203,373,372.48506787330325
2,1204,372,372.4325791855204
2,1205,372,372.50497737556566
2,1206,372,372.49321266968343
2,1207,372,372.45882352941186
2,1208,373,372.5312217194571
2,1209,373,372.639819004525
2,1210,373,372.7846153846154
2,1211,373,372.96561085972866
2,1212,373,373.0443438914029
2,1213,373,373.0823529411767
2,1214,373,373.0705882352941
2,1215,373,373.00000000000006
2,1216,373,373.00000000000006
2,1217,373,373.00000000000006
2,1218,373,373.0705882352941
2,1219,373,373.0823529411766
2,1220,373,372.9737556561087
2,1221,373,372.8832579185523
2,1222,373,372.81085972850695
2,1223,373,372.756561085973
2,1224,373,372.7203619909503
2,1225,372,372.70226244343905
2,1226,372,372.702262443439
2,1227,373,372.72036199095044
2,1228,373,372.7565610859729
2,1229,373,372.81085972850695
2,1230,373,372.8832579185522
2,1231,373,372.9737556561086
2,1232,373,373.0823529411767
2,1233,373,373.00000000000017
2,1234,373,372.91764705882366
2,1235,373,372.95565610859734
2,1236,373,373.03438914027146
2,1237,373,373.2153846153847
2,1238,373,373.3601809954752
2,1239,373,373.4687782805431
2,1240,374,373.54117647058837
2,1241,374,373.577375565611
2,1242,374,373.577375565611
2,1243,374,373.5411764705883
2,1244,373,373.468778280543
2,1245,373,373.36018099547516
2,1246,373,373.2153846153846
2,1247,373,372.9638009049775
2,1248,373,372.87330316742094
2,1249,373,372.9438914027151
2,1250,373,373.0461538461539
2,1251,373,373.18914027149333
2,1252,373,373.2434389140272
2,1253,373,373.27963800904996
2,1254,374,373.22714932126706
2,1255,374,373.2153846153847
2,1256,373,373.30588235294135
2,1257,373,373.3601809954752
2,1258,373,373.3782805429865
2,1259,373,373.3601809954752
2,1260,373,373.2352941176471
2,1261,374,373.1330316742082
2,1262,374,373.25339366515857
2,1263,373,373.39638009049776
2,1264,373,373.43257918552047
2,1265,373,373.4325791855205
2,1266,373,373.3257918552037
2,1267,374,373.24162895927606
2,1268,374,373.17104072398206
2,1269,373,373.24343891402725
2,1270,373,373.38823529411775
2,1271,373,373.466968325792
2,1272,373,373.61176470588254
2,1273,374,373.70306164423795
2,1274,374,373.86313686313673
2,1275,374,374.10878010877997
2,1276,374,374.185314685315
2,1277,374,374.08018648018657
2,1278,374,373.70707070706993
2,1279,373,373.1666666666666
2,1280,373,372.5755656108598
2,1281,373,372.7221719457016
2,1282,373,372.8552036199096
2,1283,373,372.96561085972866
2,1284,373,373.0443438914029
2,1285,373,373.0823529411767
2,1286,373,373.0705882352941
2,1287,373,373.00000000000006
2,1288,373,373.00000000000006
2,1289,373,373.00000000000006
2,1290,373,373.00000000000006
2,1291,373,373.00000000000006
2,1292,373,373.00000000000006
2,1293,373,373.00000000000006
2,1294,373,373.00000000000006
2,1295,373,373.00000000000006
2,1296,373,373.00000000000006
2,1297,373,373.0705882352941
2,1298,373,373.0117647058825
2,1299,373,372.9619909502264
2,1300,373,372.9918552036201
2,1301,373,372.9719457013576
2,1302,373,372.84072398190045
2,1303,373,372.7366515837105
2,1304,372,372.7303167420816
2,1305,373,372.69230769230785
2,1306,373,372.5610859728509
2,1307,372,372.4751131221721
2,1308,372,372.4343891402716
2,1309,373,372.4389140271494
2,1310,373,372.4886877828055
2,1311,372,372.5837104072399
2,1312,372,372.6561085972852
2,1313,373,372.7764705882353
2,1314,373,372.8126696832581
2,1315,373,372.764705882353
2,1316,373,372.694117647059
2,1317,373,372.7303167420815
2,1318,373,372.80271493212683
2,1319,372,372.7728506787333
2,1320,372,372.702262443439
2,1321,373,372.72036199095044
2,1322,373,372.7565610859729
2,1323,373,372.81085972850695
2,1324,373,372.9538461538462
2,1325,373,373.0561085972851
2,1326,373,373.12669683257917
2,1327,373,373.03619909502277
2,1328,373,372.8552036199096
2,1329,373,372.72217194570146
2,1330,373,372.57556561085994
2,1331,372,372.42443438914034
2,1332,372,372.27782805429865
2,1333,372,372.1447963800905
2,1334,372,372.0343891402716
2,1335,372,371.8850678733034
2,1336,372,371.8352941176473
2,1337,372,371.9556561085974
2,1338,372,372.11674208144797
2,1339,372,372.11855203619916
2,1340,372,372.1610859728508
2,1341,372,372.30588235294135
2,1342,373,372.4144796380091
2,1343,373,372.48687782805433
2,1344,372,372.5230769230771
2,1345,372,372.5230769230771
2,1346,373,372.48687782805445
2,1347,373,372.34389140271503
2,1348,372,372.2235294117648
2,1349,372,372.1873303167421
2,1350,372,372.2352941176472
2,1351,372,372.3058823529413
2,1352,372,372.26968325791864
2,1353,372,372.1972850678735
2,1354,373,372.2271493212671
2,1355,373,372.29773755656123
2,1356,372,372.27963800904985
2,1357,372,372.2434389140273
2,1358,372,372.1891402714933
2,1359,372,372.11674208144814
2,1360,372,371.9556561085973
2,1361,372,371.8352941176473
2,1362,372,371.9556561085974
2,1363,372,372.11674208144797
2,1364,372,372.18914027149333
2,1365,372,372.2434389140273
2,1366,372,372.27963800904996
2,1367,373,372.29773755656123
2,1368,373,372.2271493212671
2,1369,372,372.26787330316756
2,1370,372,372.28144796380104
2,1371,372,372.26787330316756
2,1372,372,372.2271493212671
2,1373,372,372.1592760180996
2,1374,372,372.06425339366524
2,1375,373,372.0805429864254
2,1376,372,372.14660633484175
2,1377,372,372.1330316742082
2,1378,372,372.1104072398191
2,1379,372,372.0081447963803
2,1380,372,371.95565610859745
2,1381,372,372.01447963800916
2,1382,372,372.0461538461541
2,1383,372,372.18914027149333
2,1384,372,372.2434389140273
2,1385,372,372.27963800904996
2,1386,373,372.29773755656123
2,1387,373,371.52126696832596
2,1388,372,371.37375565610864
2,1389,372,371.75565610859735
2,1390,372,372.63800904977387
2,1391,372,373.79185520362
2,1392,372,375.83257918552044
2,1393,372,377.37556561085984
2,1394,383,378.4886877828056
2,1395,383,379.23981900452503
2,1396,383,379.5610859728507
2,1397,382,379.3846153846156
2,1398,382,378.63981900452495
2,1399,372,377.4561085972851
2,1400,372,375.89502262443455
2,1401,373,373.81809954751145
2,1402,373,372.74841628959285
2,1403,372,372.0090497737558
2,1404,372,371.6289592760183
2,1405,373,371.6986425339368
2,1406,373,372.3701357466064
2,1407,372,372.34027149321275
2,1408,372,372.3058823529412
2,1409,372,372.46696832579187
2,1410,372,372.6235294117648
2,1411,373,372.6461538461539
2,1412,373,372.6054298642534
2,1413,373,372.56923076923084
2,1414,373,372.6054298642534
2,1415,373,372.57556561085994
2,1416,372,372.5411764705884
2,1417,372,372.4932126696833
2,1418,372,372.42262443438926
2,1419,372,372.45882352941186
2,1420,373,372.5312217194571
2,1421,373,372.639819004525
2,1422,373,372.7846153846154
2,1423,373,372.96561085972866
2,1424,373,373.0443438914029
2,1425,373,373.0823529411767
2,1426,373,373.0705882352941
2,1427,373,373.00000000000006
2,1428,373,373.00000000000006
2,1429,373,373.00000000000006
2,1430,373,373.00000000000006
2,1431,373,373.00000000000006
2,1432,373,373.00000000000006
2,1433,373,373.00000000000006
2,1434,373,373.00000000000006
2,1435,373,373.00000000000006
2,1436,373,373.00000000000006
2,1437,373,373.00000000000006
2,1438,373,373.00000000000006
2,1439,373,373.00000000000006
2,1440,373,373.00000000000006
2,1441,373,373.00000000000006
2,1442,373,373.00000000000006
2,1443,373,373.00000000000006
2,1444,373,373.00000000000006
2,1445,373,373.00000000000006
2,1446,373,373.00000000000006
2,1447,373,373.00000000000006
2,1448,373,373.00000000000006
2,1449,373,373.00000000000006
2,1450,373,373.00000000000006
2,1451,373,373.00000000000006
2,1452,373,373.00000000000006
2,1453,373,372.929411764706
2,1454,373,372.91764705882366
2,1455,373,372.95565610859734
2,1456,373,373.03438914027146
2,1457,373,373.2153846153847
2,1458,373,373.3601809954752
2,1459,373,373.39819004524895
2,1460,374,373.458823529412
2,1461,374,373.53303167420825
2,1462,374,373.6117647058825
2,1463,374,373.75656108597303
2,1464,373,373.82895927601817
2,1465,373,373.89954751131233
2,1466,374,373.8389140271494
2,1467,374,373.5855203619911
2,1468,374,373.41628959276034
2,1469,374,373.26968325791876
2,1470,373,373.1547511312218
2,1471,373,373.0805429864255
2,1472,372,372.9176470588236
2,1473,372,372.7366515837105
2,1474,373,372.67601809954766
2,1475,373,372.6742081447966
2,1476,373,372.7402714932128
2,1477,373,372.8832579185522
2,1478,373,372.9031674208145
2,1479,373,373.00000000000017
2,1480,373,373.0968325791857
2,1481,373,373.1167420814481
2,1482,373,373.1185520361992
2,1483,373,373.1610859728507
2,1484,373,373.30588235294135
2,1485,374,373.41447963800914
2,1486,374,373.4868778280544
2,1487,373,373.5230769230769
2,1488,373,373.5230769230771
2,1489,374,373.4868778280542
2,1490,374,373.3438914027151
2,1491,373,373.2235294117649
2,1492,373,373.11674208144814
2,1493,373,373.1529411764706
2,1494,373,373.2615384615384
2,1495,373,373.3746606334842
2,1496,373,373.4244343891404
2,1497,374,373.54932126696843
2,1498,374,373.68778280542995
2,1499,374,373.7104072398192
2,1500,374,373.68778280542995
2,1501,374,373.6199095022626
2,1502,373,373.5067873303168
2,1503,373,373.34841628959276
2,1504,373,373.1447963800906
2,1505,373,373.0343891402715
2,1506,373,372.95565610859745
2,1507,373,372.9882352941177
2,1508,373,373.0117647058824
2,1509,373,373.0443438914028
2,1510,373,372.9656108597286
2,1511,373,372.7846153846155
2,1512,373,372.63981900452495
2,1513,373,372.60180995475133
2,1514,372,372.5411764705883
2,1515,372,372.3963800904978
2,1516,372,372.3764705882354
2,1517,372,372.3520361990951
2,1518,373,372.33212669683274
2,1519,373,372.32579185520376
2,1520,372,372.342081447964
2,1521,372,372.3900452488689
2,1522,373,372.26968325791864
2,1523,372,372.18099547511315
2,1524,372,372.18552036199105
2,1525,372,372.14479638009055
2,1526,372,372.1972850678735
2,1527,372,372.28144796380104
2,1528,372,372.26787330316756
2,1529,373,372.28412763706865
2,1530,373,372.3626373626372
2,1531,372,372.3356643356643
2,1532,372,372.2214452214453
2,1533,372,372.01701631701644
2,1534,372,371.8535353535344
2,1535,372,372.15151515151535
2,1536,372,372.27963800904996
2,1537,373,372.29773755656123
2,1538,373,372.29773755656123
2,1539,372,372.27963800904985
2,1540,372,372.2434389140273
2,1541,372,372.1891402714933
2,1542,372,372.11674208144814
2,1543,372,372.02624434389156
2,1544,372,371.91764705882366
2,1545,372,371.92941176470606
2,1546,372,372.0
2,1547,372,372.0
2,1548,372,372.0
2,1549,372,372.0
2,1550,372,372.0
2,1551,372,372.0
2,1552,372,372.0
2,1553,372,372.0
2,1554,372,372.0
2,1555,372,371.929411764706
2,1556,372,371.91764705882366
2,1557,372,372.0968325791856
2,1558,372,372.1990950226246
2,1559,372,372.1628959276019
2,1560,372,372.12669683257934
2,1561,372,372.0904977375567
2,1562,373,372.0542986425341
2,1563,373,372.0886877828055
2,1564,371,372.06425339366535
2,1565,371,371.9900452488688
2,1566,372,371.7339366515838
2,1567,372,371.5638009049774
2,1568,372,371.54117647058837
2,1569,372,371.5276018099549
2,1570,371,371.66153846153856
2,1571,371,371.88144796380107
2,1572,371,371.8488687782806
2,1573,373,371.82533936651583
2,1574,373,372.0018099547512
2,1575,372,372.169230769231
2,1576,372,372.32760180995484
2,1577,372,372.47692307692324
2,1578,372,372.47873303167427
2,1579,373,372.3945701357467
2,1580,373,372.2153846153846
2,1581,372,372.2090497737558
2,1582,372,372.225950520068
2,1583,372,372.11888111888106
2,1584,372,371.9725829725829
2,1585,372,371.869463869464
2,1586,372,372.01118881118873
2,1587,372,372.08080808080734
2,1588,372,372.00000000000006
3,0,372,371.94389140271505
3,1,372,371.87330316742094
3,2,372,371.96380090497746
3,3,372,372.1447963800906
3,4,372,372.27782805429877
3,5,372,372.42443438914034
3,6,373,372.5755656108598
3,7,373,372.7927601809956
3,8,373,372.937556561086
3,9,373,373.0099547511314
3,10,373,373.0099547511314
3,11,373,372.937556561086
3,12,373,372.7927601809955
3,13,373,372.57556561085994
3,14,372,372.35384615384635
3,15,372,372.1954751131223
3,16,372,372.10045248868795
3,17,372,372.0687782805432
3,18,372,372.1710407239819
3,19,372,372.2778280542988
3,20,372,372.3276018099549
3,21,373,372.45882352941186
3,22,373,372.60361990950247
3,23,373,372.694117647059
3,24,373,372.6597285067874
3,25,372,372.6298642533938
3,26,372,372.59547511312223
3,27,373,372.5475113122174
3,28,373,372.4769230769232
3,29,372,372.5131221719457
3,30,372,372.58552036199103
3,31,373,372.6941176470589
3,32,373,372.83891402714937
3,33,373,372.88144796380107
3,34,373,372.8832579185522
3,35,373,373.04434389140283
3,36,373,373.16470588235313
3,37,373,373.0443438914028
3,38,373,372.8832579185523
3,39,373,372.81085972850695
3,40,373,372.756561085973
3,41,373,372.7203619909503
3,42,372,372.34932126696845
3,43,372,372.2904977375567
3,44,373,372.4986425339367
3,45,373,372.9285067873305
3,46,373,373.60542986425355
3,47,373,374.56651583710413
3,48,373,375.3873303167422
3,49,378,376.12941176470605
3,50,378,376.51583710407255
3,51,378,376.5375565610861
3,52,378,376.45339366515856
3,53,377,376.1837104072398
3,54,374,375.7194570135748
3,55,374,375.05158371040733
3,56,373,374.171040723982
3,57,373,373.76108597285076
3,58,374,373.5049773755658
3,59,374,373.43891402714945
3,60,374,373.5990950226245
3,61,374,373.8832579185522
3,62,374,373.9737556561087
3,63,374,374.0117647058825
3,64,374,373.98823529411777
3,65,374,373.95565610859734
3,66,374,374.10497737556574
3,67,374,374.227149321267
3,68,374,374.2515837104073
3,69,374,374.30769230769243
3,70,375,374.4570135746607
3,71,375,374.5610859728508
3,72,375,374.5493212669685
3,73,374,374.5511312217195
3,74,374,374.5574660633485
3,75,375,374.5592760180995
3,76,375,374.54751131221724
3,77,374,374.51312217194584
3,78,374,374.65610859728514
3,79,375,374.77647058823544
3,80,375,374.8126696832579
3,81,375,374.76470588235304
3,82,375,374.764705882353
3,83,375,374.81266968325804
3,84,375,374.77647058823544
3,85,374,374.65610859728514
3,86,374,374.58371040724
3,87,375,374.48868778280547
3,88,375,374.43891402714945
3,89,374,374.4343891402716
3,90,374,374.4751131221722
3,91,375,374.5610859728508
3,92,375,374.69230769230774
3,93,374,374.73031674208147
3,94,375,374.73665158371057
3,95,375,374.8407239819005
3,96,375,374.97194570135764
3,97,375,374.99185520362
3,98,375,374.9619909502263
3,99,375,374.9411764705884
3,100,375,374.9882352941178
3,101,375,375.0262443438915
3,102,375,375.116742081448
3,103,375,375.1891402714934
3,104,375,375.24343891402725
3,105,375,375.27963800904985
3,106,376,375.29773755656123
3,107,376,375.29773755656123
3,108,375,375.27963800904985
3,109,375,375.24343891402725
3,110,375,375.1891402714934
3,111,375,375.116742081448
3,112,375,375.0262443438915
3,113,375,374.9176470588237
3,114,375,374.85882352941184
3,115,375,374.91764705882355
3,116,375,375.0262443438915
3,117,375,375.116742081448
3,118,375,375.1891402714934
3,119,375,375.24343891402725
3,120,375,375.20904977375585
3,121,376,375.2153846153847
3,122,376,375.2533936651585
3,123,375,375.3140271493214
3,124,375,375.45882352941175
3,125,375,375.5493212669684
3,126,375,375.5149321266969
3,127,376,375.4850678733033
3,128,376,375.52126696832585
3,129,376,375.62352941176476
3,130,376,375.7303167420816
3,131,375,375.7122171945702
3,132,375,375.63981900452495
3,133,376,375.44253393665167
3,134,376,375.2497737556562
3,135,375,375.26153846153846
3,136,375,375.27782805429877
3,137,375,375.30769230769243
3,138,375,375.3601809954752
3,139,375,375.30588235294124
3,140,376,375.2153846153847
3,141,376,375.29773755656123
3,142,375,375.36199095022647
3,143,375,375.28778280542997
3,144,375,375.1547511312219
3,145,375,374.9719457013576
3,146,375,374.7484162895929
3,147,375,374.42262443438926
3,148,374,374.2714932126698
3,149,374,374.23348416289605
3,150,374,374.1791855203622
3,151,374,374.2497737556561
3,152,374,374.31583710407256
3,153,374,374.38642533936667
3,154,375,374.47058823529426
3,155,375,374.5773755656109
3,156,375,374.57737556561096
3,157,375,374.54117647058825
3,158,374,374.4687782805431
3,159,374,374.3601809954753
3,160,374,374.2153846153847
3,161,374,374.03438914027157
3,162,374,373.95565610859734
3,163,374,373.9176470588238
3,164,374,373.929411764706
3,165,374,374.0000000000001
3,166,374,374.0000000000001
3,167,374,374.0000000000001
3,168,374,374.0000000000001
3,169,374,374.0000000000001
3,170,374,374.0000000000001
3,171,374,374.0000000000001
3,172,374,374.07058823529417
3,173,374,374.0823529411766
3,174,374,373.9737556561088
3,175,374,373.8832579185522
3,176,374,373.88144796380095
3,177,374,373.8389140271495
3,178,374,373.76470588235304
3,179,373,373.5972850678734
3,180,373,373.475113122172
3,181,374,373.398190045249
3,182,374,373.36651583710426
3,183,373,373.4506787330318
3,184,373,373.5212669683259
3,185,373,373.5167420814481
3,186,374,373.5755656108597
3,187,374,373.6298642533938
3,188,374,373.61176470588254
3,189,374,373.6597285067875
3,190,373,373.7122171945703
3,191,373,373.6398190045249
3,192,374,373.51312217194584
3,193,374,373.26153846153846
3,194,373,373.1529411764708
3,195,373,373.11674208144814
3,196,373,373.1529411764706
3,197,373,373.2615384615384
3,198,373,373.3746606334842
3,199,373,373.4244343891404
3,200,374,373.54932126696843
3,201,374,373.68778280542995
3,202,374,373.7104072398192
3,203,374,373.68778280542995
3,204,374,373.6199095022626
3,205,373,373.5067873303168
3,206,373,373.34841628959276
3,207,373,373.1447963800906
3,208,373,372.9638009049775
3,209,373,372.87330316742094
3,210,373,372.87330316742083
3,211,373,372.96380090497746
3,212,373,373.1447963800906
3,213,373,373.2778280542987
3,214,373,373.4244343891404
3,215,374,373.5755656108598
3,216,374,373.7927601809956
3,217,374,373.8669683257921
3,218,374,373.9276018099549
3,219,374,373.89502262443455
3,220,374,373.8895927601811
3,221,374,373.89321266968335
3,222,374,373.88778280543
3,223,373,373.99366515837113
3,224,374,374.1312217194571
3,225,374,374.2914027149322
3,226,375,374.4651583710408
3,227,375,374.64343891402723
3,228,375,374.8171945701357
3,229,375,375.047963800905
3,230,375,375.19728506787345
3,231,375,375.05610859728523
3,232,375,374.9538461538462
3,233,375,374.81085972850684
3,234,375,374.7565610859729
3,235,375,374.72036199095044
3,236,374,374.702262443439
3,237,374,374.7022624434391
3,238,375,374.72036199095044
3,239,375,374.75656108597303
3,240,375,374.8108597285069
3,241,375,374.88325791855215
3,242,375,374.97375565610866
3,243,375,375.0823529411766
3,244,375,375.07058823529417
3,245,375,375.00000000000006
3,246,375,375.00000000000006
3,247,375,374.7882352941177
3,248,375,374.75294117647064
3,249,375,374.7343244990301
3,250,375,374.76923076923055
3,251,375,374.90309690309675
3,252,375,375.2097902097905
3,253,375,375.8027972027972
3,254,378,376.8333333333326
3,255,378,378.40909090909065
3,256,378,375.40542986425356
3,257,378,376.05520361990955
3,258,378,376.68054298642545
3,259,377,377.1837104072399
3,260,377,377.46968325791863
3,261,377,377.4434389140273
3,262,377,377.0778280542987
3,263,376,376.27511312217206
3,264,376,375.9683257918553
3,265,376,375.8226244343892
3,266,376,375.7266968325793
3,267,375,375.5692307692308
3,268,375,375.4389140271494
3,269,375,375.3538461538463
3,270,376,375.33212669683263
3,271,376,375.1828054298644
3,272,375,375.11493212669694
3,273,375,375.1990950226245
3,274,375,375.3058823529413
3,275,375,375.3764705882354
3,276,375,375.35203619909515
3,277,375,375.17104072398195
3,278,376,375.1104072398191
3,279,376,375.10859728506796
3,280,375,375.03619909502277
3,281,375,374.96380090497746
3,282,374,374.89140271493216
3,283,374,374.81900452488696
3,284,375,374.6760180995476
3,285,375,374.59185520362
3,286,375,374.7665158371043
3,287,375,375.0000000000001
3,288,375,375.16289592760194
3,289,375,375.3257918552037
3,290,375,375.4208144796381
3,291,376,375.38009049773774
3,292,376,375.2714932126698
3,293,375,375.1628959276019
3,294,375,375.054298642534
3,295,375,374.9457013574661
3,296,375,374.9076923076924
3,297,374,374.8108597285069
3,298,374,374.6642533936653
3,299,375,374.6153846153847
3,300,375,374.6117647058824
3,301,375,374.5330316742083
3,302,375,374.4588235294119
3,303,374,374.39819004524895
3,304,374,374.3601809954753
3,305,374,374.2153846153847
3,306,374,374.03438914027157
3,307,374,373.8850678733033
3,308,374,373.8352941176472
3,309,374,373.95565610859745
3,310,374,374.1167420814481
3,311,374,374.18914027149333
3,312,374,374.2434389140272
3,313,374,374.350226244344
3,314,375,374.38009049773774
3,315,375,374.34208144796384
3,316,374,374.2452488687785
3,317,374,374.09864253393687
3,318,374,373.9113122171946
3,319,374,373.62171945701357
3,320,373,373.36832579185534
3,321,373,373.22171945701353
3,322,373,373.12036199095036
3,323,373,373.14117647058833
3,324,373,373.15475113122176
3,325,373,373.23167420814497
3,326,374,373.3013574660634
3,327,374,373.4932126696834
3,328,373,373.6597285067874
3,329,374,373.85339366515853
3,330,374,374.12669683257934
3,331,374,374.33212669683274
3,332,374,374.3900452488689
3,333,375,374.4208144796381
3,334,375,374.5447963800906
3,335,375,374.6823529411766
3,336,375,374.68597285067887
3,337,374,374.7466063348417
3,338,374,374.8552036199096
3,339,375,374.8733031674209
3,340,375,374.7303167420815
3,341,375,374.69411764705893
3,342,375,374.764705882353
3,343,375,374.81266968325804
3,344,375,374.77647058823544
3,345,374,374.65610859728514
3,346,374,374.58371040724
3,347,375,374.48868778280547
3,348,375,374.43891402714945
3,349,374,374.5049773755657
3,350,374,374.5574660633486
3,351,375,374.53484162895944
3,352,375,374.57556561085994
3,353,374,374.54117647058825
3,354,375,374.4932126696833
3,355,375,374.5610859728507
3,356,374,374.6742081447966
3,357,374,374.764705882353
3,358,375,374.76470588235304
3,359,375,374.812669683258
3,360,375,374.8470588235296
3,361,375,374.7384615384617
3,362,375,374.69592760181007
3,363,375,374.58733031674217
3,364,374,374.41266968325806
3,365,374,374.23348416289605
3,366,374,374.1791855203622
3,367,374,374.1791855203622
3,368,374,374.2334841628961
3,369,374,374.2714932126697
3,370,375,374.4226244343893
3,371,375,374.7484162895929
3,372,375,374.9719457013576
3,373,375,375.1547511312217
3,374,375,375.28778280542997
3,375,375,375.36199095022624
3,376,376,375.3683257918553
3,377,376,375.29773755656123
3,378,375,375.27963800904985
3,379,375,375.24343891402725
3,380,375,375.1891402714934
3,381,375,375.116742081448
3,382,375,375.0262443438915
3,383,375,374.9176470588237
3,384,375,374.85882352941184
3,385,375,374.91764705882355
3,386,375,375.0262443438915
3,387,375,375.116742081448
3,388,375,375.1891402714934
3,389,375,375.24343891402725
3,390,375,375.27963800904985
3,391,376,375.29773755656123
3,392,376,375.29773755656123
3,393,375,375.27963800904985
3,394,375,375.24343891402725
3,395,375,375.1891402714934
3,396,375,375.116742081448
3,397,375,375.0262443438915
3,398,375,374.9176470588237
3,399,375,374.92941176470595
3,400,375,375.00000000000006
3,401,375,375.00000000000006
3,402,375,375.00000000000006
3,403,375,375.00000000000006
3,404,375,375.00000000000006
3,405,375,375.00000000000006
3,406,375,375.00000000000006
3,407,375,374.9294117647059
3,408,375,374.91764705882355
3,409,375,374.9556561085974
3,410,375,375.03438914027157
3,411,375,375.1447963800906
3,412,375,375.27782805429865
3,413,375,375.49502262443457
3,414,376,375.6579185520363
3,415,376,375.7665158371042
3,416,376,375.8208144796381
3,417,376,375.8208144796381
3,418,376,375.6253393665159
3,419,376,375.4932126696833
3,420,375,375.4769230769233
3,421,375,375.42895927601825
3,422,375,375.4787330316743
3,423,375,375.55565610859753
3,424,375,375.6597285067875
3,425,377,375.79095022624443
3,426,377,375.9493212669685
3,427,376,376.13484162895935
3,428,376,376.2090497737558
3,429,376,376.23348416289605
3,430,376,376.19909502262453
3,431,376,376.0968325791856
3,432,376,375.98823529411777
3,433,376,376.0117647058825
3,434,376,375.97375565610866
3,435,376,375.8832579185521
3,436,376,375.81085972850684
3,437,376,375.756561085973
3,438,376,375.7203619909504
3,439,375,375.77285067873316
3,440,375,375.7846153846155
3,441,376,375.694117647059
3,442,376,375.639819004525
3,443,376,375.6217194570137
3,444,376,375.63981900452495
3,445,376,375.7647058823531
3,446,375,375.86696832579196
3,447,375,375.8171945701358
3,448,376,375.6859728506788
3,449,376,375.6117647058824
3,450,376,375.53303167420825
3,451,376,375.4588235294118
3,452,375,374.833484162896
3,453,375,374.7013574660635
3,454,375,374.860633484163
3,455,375,375.30950226244363
3,456,375,376.1140271493213
3,457,375,377.5638009049775
3,458,375,378.819004524887
3,459,383,379.8705882352942
3,460,383,380.571040723982
3,461,383,381.0434389140272
3,462,383,381.14027149321277
3,463,383,380.8524886877829
3,464,377,380.171040723982
3,465,377,379.08687782805447
3,466,377,377.59095022624456
3,467,377,376.85248868778285
3,468,376,376.24072398190054
3,469,376,375.82805429864266
3,470,376,375.68687782805443
3,471,376,375.88959276018113
3,472,376,375.67782805429874
3,473,376,375.49321266968326
3,474,375,375.42443438914034
3,475,375,375.36018099547516
3,476,375,375.1185520361992
3,477,375,374.9176470588237
3,478,375,374.7665158371042
3,479,375,374.67420814479647
3,480,375,374.6497737556562
3,481,374,374.702262443439
3,482,374,374.7022624434391
3,483,375,374.72036199095044
3,484,375,374.75656108597303
3,485,375,374.8108597285069
3,486,375,374.9538461538463
3,487,375,374.985520361991
3,488,375,375.0443438914028
3,489,375,374.99185520362
3,490,375,374.88959276018113
3,491,375,374.93755656108607
3,492,375,374.935746606335
3,493,374,374.89321266968335
3,494,375,374.81900452488696
3,495,375,374.72217194570146
3,496,375,374.61176470588236
3,497,375,374.4262443438914
3,498,374,374.30407239819016
3,499,374,374.31583710407256
3,500,374,374.33212669683274
3,501,374,374.1529411764707
3,502,374,374.116742081448
3,503,374,374.22352941176473
3,504,375,374.34389140271503
3,505,375,374.51959804900963
3,506,374,374.60539460539445
3,507,374,374.6422466422466
3,508,375,374.59673659673683
3,509,375,374.46060606060604
3,510,374,374.2929292929285
3,511,374,373.8484848484847
3,512,374,373.177375565611
3,513,374,373.3619909502263
3,514,374,373.639819004525
3,515,374,373.9312217194572
3,516,374,374.01809954751144
3,517,374,374.08235294117657
3,518,374,374.1674208144797
3,519,374,374.1167420814481
3,520,374,374.18914027149333
3,521,374,374.2434389140272
3,522,374,374.2796380090499
3,523,375,374.29773755656123
3,524,375,374.29773755656123
3,525,374,374.2796380090499
3,526,374,374.17285067873314
3,527,374,374.1067873303169
3,528,374,374.14298642533936
3,529,374,374.1429864253395
3,530,374,374.1067873303168
3,531,374,374.1728506787333
3,532,374,374.2796380090499
3,533,375,374.29773755656123
3,534,375,374.29773755656123
3,535,374,374.20904977375585
3,536,374,374.1610859728508
3,537,374,374.1447963800906
3,538,374,374.1511312217196
3,539,374,374.171040723982
3,540,374,374.1954751131222
3,541,374,374.49502262443457
3,542,375,374.7402714932128
3,543,375,374.8108597285069
3,544,375,374.7864253393666
3,545,375,374.6760180995476
3,546,375,374.4886877828055
3,547,375,374.23348416289616
3,548,373,373.9194570135748
3,549,373,373.55565610859736
3,550,373,373.2895927601811
3,551,373,373.06877828054314
3,552,373,372.91131221719473
3,553,373,372.8352941176472
3,554,373,372.85882352941184
3,555,373,373.00000000000006
3,556,373,373.00000000000006
3,557,373,373.00000000000006
3,558,373,372.929411764706
3,559,373,372.91764705882366
3,560,373,373.02624434389145
3,561,373,373.1167420814481
3,562,373,373.18914027149333
3,563,373,373.2434389140272
3,564,373,373.27963800904996
3,565,374,373.2977375565613
3,566,374,373.2977375565611
3,567,373,373.27963800904996
3,568,373,373.2434389140273
3,569,373,373.1891402714932
3,570,373,373.04615384615397
3,571,373,372.94389140271505
3,572,373,372.9438914027151
3,573,373,372.97556561085986
3,574,373,373.10678733031693
3,575,373,373.2696832579188
3,576,373,373.39638009049776
3,577,374,373.4162895927602
3,578,374,373.458823529412
3,579,373,373.5149321266968
3,580,374,373.5755656108598
3,581,374,373.70226244343905
3,582,373,373.756561085973
3,583,373,373.6678733031675
3,584,374,373.5656108597286
3,585,374,373.64977375565616
3,586,374,373.7203619909504
3,587,374,373.64796380090513
3,588,373,373.64162895927615
3,589,373,373.5692307692308
3,590,374,373.43076923076933
3,591,374,373.3583710407242
3,592,373,373.35203619909515
3,593,373,373.35022624434396
3,594,373,373.29140271493225
3,595,373,373.31402714932136
3,596,374,373.3502262443441
3,597,374,373.33212669683274
3,598,373,373.39819004524895
3,599,373,373.48687782805445
3,600,373,373.46877828054306
3,601,374,373.4144796380091
3,602,374,373.3239819004527
3,603,373,373.1972850678734
3,604,373,373.17285067873314
3,605,373,373.1891402714932
3,606,373,373.04615384615397
3,607,373,372.94389140271505
3,608,373,372.9438914027151
3,609,373,373.0461538461539
3,610,373,373.25972850678744
3,611,373,373.25520361990954
3,612,373,373.2416289592761
3,613,374,373.2895927601811
3,614,374,373.26968325791876
3,615,373,373.1909502262445
3,616,373,373.06244343891416
3,617,372,372.8932126696833
3,618,373,372.69230769230774
3,619,373,372.4687782805431
3,620,372,372.2316742081448
3,621,372,372.0579185520363
3,622,372,372.0244343891404
3,623,372,372.0018099547513
3,624,372,372.060633484163
3,625,372,372.0624434389141
3,626,372,372.20723981900466
3,627,372,372.49502262443434
3,628,373,372.6579185520364
3,629,373,372.76651583710424
3,630,373,372.8208144796381
3,631,373,372.82081447963805
3,632,373,372.76651583710407
3,633,373,372.6579185520363
3,634,372,372.42443438914034
3,635,372,372.1954751131223
3,636,372,372.17104072398206
3,637,372,372.1511312217196
3,638,372,372.07420814479656
3,639,372,372.0787330316743
3,640,372,372.2352941176471
3,641,373,372.4144796380091
3,642,373,372.48687782805433
3,643,372,372.5230769230771
3,644,372,372.5230769230771
3,645,373,372.48687782805445
3,646,373,372.34389140271503
3,647,372,372.2235294117648
3,648,372,372.1873303167421
3,649,372,372.16470588235313
3,650,372,372.22352941176484
3,651,372,372.2959276018101
3,652,372,372.31402714932153
3,653,373,372.4162895927603
3,654,373,372.54117647058837
3,655,372,372.5592760180997
3,656,373,371.6941176470589
3,657,373,371.4986425339368
3,658,372,371.86425339366525
3,659,372,372.6823529411766
3,660,372,374.3384615384618
3,661,372,375.95656108597296
3,662,372,377.71221719457026
3,663,384,378.9131221719459
3,664,384,379.8298642533938
3,665,384,380.2624434389142
3,666,384,380.08144796380105
3,667,377,379.3574660633484
3,668,377,378.09049773755663
3,669,373,376.2805429864255
3,670,373,373.9276018099548
3,671,372,372.6932126696833
3,672,372,371.7683257918553
3,673,372,371.39095022624446
3,674,372,371.660633484163
3,675,372,371.7076923076924
3,676,372,372.0624434389141
3,677,372,372.20723981900466
3,678,372,372.42443438914034
3,679,373,372.5755656108598
3,680,373,372.7221719457016
3,681,373,372.9257918552036
3,682,373,373.04796380090505
3,683,373,373.0180995475113
3,684,373,372.96561085972866
3,685,373,372.88144796380107
3,686,373,372.756561085973
3,687,373,372.7203619909503
3,688,372,372.70226244343905
3,689,372,372.7728506787331
3,690,373,372.8027149321268
3,691,373,372.7303167420816
3,692,373,372.6941176470588
3,693,373,372.694117647059
3,694,373,372.7303167420815
3,695,373,372.80271493212683
3,696,372,372.7728506787333
3,697,372,372.702262443439
3,698,373,372.72036199095044
3,699,373,372.7565610859729
3,700,373,372.81085972850695
3,701,373,372.8832579185522
3,702,373,372.9737556561086
3,703,373,373.0823529411767
3,704,373,373.0705882352941
3,705,373,373.00000000000006
3,706,373,373.00000000000006
3,707,373,373.00000000000006
3,708,373,373.00000000000006
3,709,373,373.00000000000006
3,710,373,373.00000000000006
3,711,373,373.00000000000006
3,712,373,373.00000000000006
3,713,373,373.00000000000006
3,714,373,373.00000000000006
3,715,373,373.00000000000006
3,716,373,373.00000000000006
3,717,373,373.00000000000006
3,718,373,372.929411764706
3,719,373,372.91764705882366
3,720,373,373.02624434389145
3,721,373,373.1167420814481
3,722,373,373.18914027149333
3,723,373,373.17285067873314
3,724,373,373.1972850678734
3,725,374,373.32398190045257
3,726,374,373.4144796380091
3,727,373,373.46877828054306
3,728,373,373.48687782805445
3,729,373,373.46877828054306
3,730,374,373.4144796380091
3,731,374,373.3239819004527
3,732,373,373.1972850678734
3,733,373,373.17285067873314
3,734,373,373.1891402714932
3,735,373,373.04615384615397
3,736,373,372.94389140271505
3,737,373,372.9438914027151
3,738,373,373.0461538461539
3,739,373,373.1185520361992
3,740,373,373.1610859728507
3,741,373,373.30588235294135
3,742,374,373.41447963800914
3,743,374,373.4868778280544
3,744,373,373.5230769230769
3,745,373,373.5230769230771
3,746,374,373.4868778280542
3,747,374,373.4144796380091
3,748,373,373.30588235294124
3,749,373,373.16108597285074
3,750,373,373.1185520361993
3,751,373,373.11674208144814
3,752,373,373.0968325791857
3,753,373,373.0000000000001
3,754,373,372.97375565610866
3,755,373,372.9656108597286
3,756,373,372.7846153846155
3,757,373,372.63981900452495
3,758,373,372.5312217194571
3,759,372,372.4588235294118
3,760,372,372.4226244343892
3,761,372,372.3846153846153
3,762,372,372.42757242757233
3,763,373,372.5909645909646
3,764,373,372.87995337995335
3,765,373,373.17226107226116
3,766,373,373.1363636363629
3,767,373,372.9090909090909
3,768,373,372.6018099547513
3,769,373,372.639819004525
3,770,373,372.7846153846154
3,771,373,372.96561085972866
3,772,373,373.0443438914029
3,773,373,373.0823529411767
3,774,373,373.0705882352941
3,775,373,373.00000000000006
3,776,373,373.00000000000006
3,777,373,373.00000000000006
3,778,373,373.00000000000006
3,779,373,373.0705882352941
3,780,373,373.0823529411766
3,781,373,372.9737556561087
3,782,373,372.8832579185523
3,783,373,372.81085972850695
3,784,373,372.756561085973
3,785,373,372.7203619909503
3,786,372,372.70226244343905
3,787,372,372.702262443439
3,788,373,372.7909502262445
3,789,373,372.83891402714937
3,790,373,372.78461538461556
3,791,373,372.76651583710424
3,792,373,372.78461538461556
3,793,373,372.8389140271494
3,794,373,372.7909502262445
3,795,372,372.70226244343905
3,796,372,372.7728506787331
3,797,373,372.8027149321268
3,798,373,372.8009049773756
3,799,373,372.77647058823544
3,800,373,372.73846153846165
3,801,373,372.69592760181007
3,802,373,372.6579185520363
3,803,372,372.4950226244345
3,804,372,372.27782805429865
3,805,372,372.1447963800905
3,806,372,371.9638009049775
3,807,372,371.87330316742094
3,808,372,371.943891402715
3,809,372,372.0461538461541
3,810,372,372.18914027149333
3,811,372,372.2434389140273
3,812,372,372.27963800904996
3,813,373,372.29773755656123
3,814,373,372.29773755656123
3,815,372,372.20904977375574
3,816,372,372.16108597285074
3,817,372,372.14479638009055
3,818,372,372.1511312217195
3,819,372,372.2416289592761
3,820,372,372.2778280542988
3,821,372,372.3276018099549
3,822,373,372.45882352941186
3,823,373,372.60361990950247
3,824,373,372.694117647059
3,825,373,372.73031674208147
3,826,372,372.64162895927615
3,827,372,372.5574660633485
3,828,373,372.53936651583723
3,829,373,372.44886877828066
3,830,372,372.42443438914034
3,831,372,372.404524886878
3,832,372,372.3981900452489
3,833,373,372.4144796380092
3,834,373,372.3239819004526
3,835,372,372.1972850678734
3,836,372,372.1022624434391
3,837,372,372.10678733031693
3,838,372,372.14298642533936
3,839,372,372.1429864253394
3,840,372,372.0361990950227
3,841,372,372.0904977375567
3,842,372,372.30588235294135
3,843,373,372.4144796380091
3,844,373,372.48687782805433
3,845,372,372.5230769230771
3,846,372,372.5230769230771
3,847,373,372.48687782805445
3,848,373,372.41447963800914
3,849,372,372.30588235294124
3,850,372,372.16108597285074
3,851,372,372.11855203619916
3,852,372,372.11674208144814
3,853,372,372.02624434389156
3,854,372,371.84705882352955
3,855,372,371.84705882352955
3,856,372,372.02624434389156
3,857,372,372.11674208144797
3,858,372,372.11855203619916
3,859,372,372.1610859728508
3,860,372,372.02352941176474
3,861,373,372.08506787330333
3,862,373,372.0977375565612
3,863,372,372.4135746606336
3,864,372,372.9692307692308
3,865,373,373.77194570135765
3,866,373,374.62895927601824
3,867,376,375.83891402714954
3,868,376,376.70045248868786
3,869,379,377.34298642533946
3,870,379,377.6959276018102
3,871,379,377.62081447963817
3,872,378,377.17918552036207
3,873,378,376.50045248868787
3,874,373,375.51402714932135
3,875,373,374.63529411764716
3,876,373,373.6796380090499
3,877,373,373.0895927601811
3,878,373,372.63710407239836
3,879,373,372.5058823529413
3,880,373,372.6027149321268
3,881,373,373.03438914027146
3,882,373,373.1447963800906
3,883,373,373.2778280542987
3,884,373,373.4244343891404
3,885,374,373.5755656108598
3,886,374,373.7927601809956
3,887,374,373.93755656108607
3,888,374,374.0099547511313
3,889,374,373.9393665158372
3,890,374,373.85520361990956
3,891,374,373.74841628959285
3,892,374,373.6099547511313
3,893,373,373.5692307692308
3,894,373,373.5556561085975
3,895,373,373.5692307692308
3,896,374,373.6099547511312
3,897,374,373.7484162895928
3,898,374,373.85520361990956
3,899,374,373.8687782805431
3,900,374,373.9276018099549
3,901,374,373.96380090497746
3,902,374,373.90950226244354
3,903,374,373.76470588235304
3,904,373,373.6678733031675
3,905,373,373.4868778280544
3,906,374,373.3601809954752
3,907,374,373.28778280542997
3,908,373,373.26968325791864
3,909,373,373.3764705882354
3,910,373,373.4787330316743
3,911,373,373.51493212669686
3,912,374,373.48506787330336
3,913,374,373.4506787330318
3,914,374,373.5411764705884
3,915,374,373.68597285067887
3,916,373,373.7466063348417
3,917,373,373.78461538461556
3,918,374,373.7909502262445
3,919,374,373.7565610859729
3,920,374,373.81085972850695
3,921,374,373.8832579185522
3,922,374,373.9737556561087
3,923,374,374.08235294117657
3,924,374,374.1411764705883
3,925,374,374.0823529411766
3,926,374,374.04434389140283
3,927,374,373.96561085972866
3,928,374,373.85520361990956
3,929,374,373.72217194570146
3,930,374,373.50497737556566
3,931,373,373.34208144796384
3,932,373,373.23348416289605
3,933,373,373.24977375565624
3,934,373,373.2615384615386
3,935,373,373.27782805429877
3,936,373,373.3076923076924
3,937,374,373.36018099547516
3,938,374,373.44434389140275
3,939,374,373.3601809954752
3,940,373,373.30769230769255
3,941,373,373.3484162895929
3,942,373,373.34389140271503
3,943,373,373.29411764705884
3,944,373,373.1990950226245
3,945,373,373.19728506787345
3,946,374,373.22714932126706
3,947,374,373.2977375565611
3,948,373,373.27963800904996
3,949,373,373.2434389140273
3,950,373,373.1891402714932
3,951,373,373.11674208144814
3,952,373,373.02624434389156
3,953,373,372.91764705882366
3,954,373,372.92941176470606
3,955,373,373.00000000000006
3,956,373,373.00000000000006
3,957,373,373.00000000000006
3,958,373,373.00000000000006
3,959,373,373.00000000000006
3,960,373,373.00000000000006
3,961,373,373.00000000000006
3,962,373,373.00000000000006
3,963,373,373.00000000000006
3,964,373,373.00000000000006
3,965,373,373.00000000000006
3,966,373,373.00000000000006
3,967,373,373.00000000000006
3,968,373,373.00000000000006
3,969,373,373.00000000000006
3,970,373,373.00000000000006
3,971,373,373.00000000000006
3,972,373,373.00000000000006
3,973,373,373.00000000000006
3,974,373,373.00000000000006
3,975,373,373.00000000000006
3,976,373,373.0705882352941
3,977,373,373.0117647058825
3,978,373,372.9619909502264
3,979,373,372.9212669683258
3,980,373,372.8895927601812
3,981,373,372.86696832579196
3,982,373,372.8533936651585
3,983,372,372.8488687782807
3,984,373,372.85339366515836
3,985,373,372.8669683257919
3,986,373,372.88959276018124
3,987,373,372.921266968326
3,988,373,372.9619909502265
3,989,373,373.0117647058824
3,990,373,373.0705882352941
3,991,373,373.00000000000006
3,992,373,373.00000000000006
3,993,373,373.00000000000006
3,994,373,373.00000000000006
3,995,373,373.00000000000006
3,996,373,373.00000000000006
3,997,373,373.00000000000006
3,998,373,373.00000000000006
3,999,373,372.929411764706
3,1000,373,372.91764705882366
3,1001,373,372.95565610859734
3,1002,373,373.10497737556574
3,1003,373,373.22714932126695
3,1004,373,373.3221719457015
3,1005,373,373.390045248869
3,1006,374,373.4307692307694
3,1007,374,373.44434389140275
3,1008,374,373.5013574660633
3,1009,373,373.4723981900454
3,1010,373,373.3665158371042
3,1011,373,373.19276018099555
3,1012,373,372.9601809954753
3,1013,373,372.6778280542988
3,1014,373,372.4226244343893
3,1015,372,372.2714932126698
3,1016,372,372.23348416289605
3,1017,372,372.10401363342515
3,1018,372,372.0439560439559
3,1019,372,372.10889110889104
3,1020,372,372.3403263403264
3,1021,373,372.68321678321684
3,1022,373,372.8939393939386
3,1023,373,373.07575757575756
3,1024,373,372.8452488687783
3,1025,373,372.99004524886885
3,1026,374,373.164705882353
3,1027,374,373.1665158371042
3,1028,373,373.1248868778281
3,1029,373,373.233484162896
3,1030,373,373.2153846153846
3,1031,373,373.00000000000006
3,1032,372,372.8552036199097
3,1033,372,372.7104072398192
3,1034,374,372.70407239819014
3,1035,374,372.8452488687784
3,1036,372,372.8751131221721
3,1037,372,372.8733031674209
3,1038,373,372.8488687782807
3,1039,373,372.74027149321273
3,1040,373,372.54751131221735
3,1041,373,372.3321266968326
3,1042,372,372.3619909502264
3,1043,372,372.50497737556566
3,1044,372,372.49321266968343
3,1045,372,372.3882352941178
3,1046,373,372.44886877828066
3,1047,373,372.66606334841634
3,1048,373,372.9013574660636
3,1049,373,373.0841628959277
3,1050,373,373.2054298642536
3,1051,373,373.38823529411775
3,1052,374,373.48506787330325
3,1053,374,373.41628959276034
3,1054,373,373.4407239819006
3,1055,373,373.5493212669684
3,1056,374,373.60361990950236
3,1057,374,373.4624434389141
3,1058,373,373.3846153846156
3,1059,373,373.4932126696834
3,1060,374,373.57918552036216
3,1061,374,373.710407239819
3,1062,373,373.74841628959285
3,1063,373,373.7547511312219
3,1064,375,373.7882352941178
3,1065,375,373.90769230769234
3,1066,373,373.8244343891404
3,1067,374,373.8497737556562
3,1068,374,374.08597285067884
3,1069,374,374.364705882353
3,1070,374,374.6497737556562
3,1071,375,375.10769230769245
3,1072,375,375.71131221719463
3,1073,377,376.3809954751132
3,1074,377,376.70135746606354
3,1075,377,376.9339366515839
3,1076,378,376.9990950226245
3,1077,378,376.88778280542994
3,1078,376,376.5909502262444
3,1079,376,376.23800904977395
3,1080,375,375.75837104072394
3,1081,375,375.3583710407241
3,1082,375,375.0443438914027
3,1083,375,374.89592760181006
3,1084,375,374.9312217194571
3,1085,375,375.10678733031693
3,1086,375,375.1728506787332
3,1087,375,375.27963800904985
3,1088,376,375.29773755656123
3,1089,376,375.29773755656123
3,1090,375,375.27963800904985
3,1091,375,375.24343891402725
3,1092,375,375.1891402714934
3,1093,375,375.116742081448
3,1094,375,375.0262443438915
3,1095,375,374.9176470588237
3,1096,375,374.92941176470595
3,1097,375,375.00000000000006
3,1098,375,375.00000000000006
3,1099,375,375.00000000000006
3,1100,375,375.00000000000006
3,1101,375,375.00000000000006
3,1102,375,375.00000000000006
3,1103,375,375.00000000000006
3,1104,375,375.00000000000006
3,1105,375,375.00000000000006
3,1106,375,375.00000000000006
3,1107,375,375.00000000000006
3,1108,375,375.00000000000006
3,1109,375,375.0705882352942
3,1110,375,375.0823529411765
3,1111,375,374.97375565610884
3,1112,375,374.8832579185522
3,1113,375,374.81085972850684
3,1114,375,374.7565610859729
3,1115,375,374.72036199095044
3,1116,374,374.702262443439
3,1117,374,374.7022624434391
3,1118,375,374.72036199095044
3,1119,375,374.75656108597303
3,1120,375,374.8108597285069
3,1121,375,374.7420814479639
3,1122,375,374.8090497737558
3,1123,375,375.0642533936653
3,1124,375,375.22171945701365
3,1125,375,375.3339366515837
3,1126,375,375.52126696832585
3,1127,375,375.63348416289597
3,1128,377,375.79095022624443
3,1129,377,376.0461538461541
3,1130,376,376.2515837104073
3,1131,376,376.3276018099549
3,1132,376,376.3945701357466
3,1133,376,376.5049773755656
3,1134,377,376.51131221719464
3,1135,377,376.40452488687794
3,1136,376,376.45248868778305
3,1137,376,376.52307692307704
3,1138,377,376.48687782805445
3,1139,377,376.41447963800914
3,1140,376,376.30588235294135
3,1141,376,376.16108597285086
3,1142,376,376.1185520361992
3,1143,376,376.116742081448
3,1144,376,376.0262443438916
3,1145,376,375.91764705882366
3,1146,376,376.00000000000006
3,1147,376,376.08235294117645
3,1148,376,376.04434389140283
3,1149,376,375.96561085972866
3,1150,376,375.78461538461556
3,1151,376,375.63981900452495
3,1152,376,375.53122171945716
3,1153,375,375.45882352941186
3,1154,375,375.42262443438926
3,1155,375,375.42262443438926
3,1156,375,375.4588235294119
3,1157,376,375.5312217194571
3,1158,376,375.7104072398192
3,1159,376,375.866968325792
3,1160,376,376.0099547511313
3,1161,376,376.0099547511313
3,1162,376,375.93755656108607
3,1163,376,375.7927601809956
3,1164,376,375.5755656108598
3,1165,375,375.42443438914046
3,1166,375,375.27782805429865
3,1167,375,375.14479638009055
3,1168,375,375.0343891402716
3,1169,375,374.9556561085974
3,1170,375,374.9176470588237
3,1171,375,375.0000000000001
3,1172,375,375.0823529411765
3,1173,375,375.0443438914028
3,1174,375,374.9656108597285
3,1175,375,374.8552036199097
3,1176,375,374.72217194570146
3,1177,375,374.57556561085994
3,1178,374,374.4244343891404
3,1179,374,374.2072398190046
3,1180,374,374.0624434389141
3,1181,374,374.06063348416296
3,1182,374,374.0723981900455
3,1183,374,374.1067873303168
3,1184,374,374.1728506787333
3,1185,374,374.2796380090499
3,1186,375,374.29773755656123
3,1187,375,374.22714932126723
3,1188,374,374.26787330316756
3,1189,374,374.281447963801
3,1190,374,374.2678733031676
3,1191,374,374.22714932126706
3,1192,374,374.15927601809966
3,1193,374,374.06425339366524
3,1194,375,374.0805429864255
3,1195,374,374.14660633484186
3,1196,374,374.1330316742083
3,1197,374,374.1104072398191
3,1198,374,374.0787330316744
3,1199,374,374.0380090497739
3,1200,374,373.98823529411777
3,1201,374,373.929411764706
3,1202,374,374.0000000000001
3,1203,374,374.0000000000001
3,1204,374,374.0000000000001
3,1205,374,374.0000000000001
3,1206,374,374.0000000000001
3,1207,374,374.0000000000001
3,1208,374,374.0000000000001
3,1209,374,374.0000000000001
3,1210,374,374.0000000000001
3,1211,374,374.0000000000001
3,1212,374,374.0000000000001
3,1213,374,374.0000000000001
3,1214,374,374.0000000000001
3,1215,374,374.0000000000001
3,1216,374,374.0000000000001
3,1217,374,374.0000000000001
3,1218,374,374.0000000000001
3,1219,374,374.0000000000001
3,1220,374,374.0000000000001
3,1221,374,374.0000000000001
3,1222,374,374.0000000000001
3,1223,374,374.0000000000001
3,1224,374,374.0000000000001
3,1225,374,373.929411764706
3,1226,374,373.9176470588237
3,1227,374,374.02624434389145
3,1228,374,374.1167420814481
3,1229,374,374.1185520361992
3,1230,374,374.16108597285074
3,1231,374,374.30588235294135
3,1232,375,374.41447963800914
3,1233,375,374.4162895927604
3,1234,374,374.4407239819006
3,1235,374,374.4787330316743
3,1236,375,374.59185520362
3,1237,375,374.64162895927615
3,1238,374,374.55746606334856
3,1239,374,374.46877828054306
3,1240,375,374.50497737556566
3,1241,375,374.5954751131223
3,1242,375,374.6723981900454
3,1243,374,374.6678733031675
3,1244,374,374.64977375565627
3,1245,375,374.68597285067887
3,1246,375,374.63800904977387
3,1247,375,374.56742081447976
3,1248,375,374.6742081447966
3,1249,374,374.758371040724
3,1250,374,374.8289592760183
3,1251,375,374.7565610859729
3,1252,375,374.54117647058837
3,1253,375,374.45067873303174
3,1254,375,374.4144796380091
3,1255,374,374.4325791855205
3,1256,374,374.4343891402716
3,1257,374,374.55203619909514
3,1258,374,374.57918552036205
3,1259,375,374.51312217194584
3,1260,375,374.5511312217195
3,1261,375,374.68416289592767
3,1262,375,374.90316742081455
3,1263,376,375.1312217194571
3,1264,374,375.29140271493225
3,1265,374,375.37466063348427
3,1266,376,375.37194570135756
3,1267,376,375.34208144796395
3,1268,376,375.34389140271503
3,1269,376,375.3683257918553
3,1270,375,375.40633484162896
3,1271,375,375.2343891402716
3,1272,375,375.15203619909505
3,1273,375,375.0125756596342
3,1274,376,375.20079920079894
3,1275,376,375.6616716616716
3,1276,376,376.4463869463872
3,1277,376,377.4869463869465
3,1278,381,379.1464646464638
3,1279,381,381.65151515151524
3,1280,381,375.7882352941177
3,1281,378,376.4126696832581
3,1282,378,377.0352941176472
3,1283,377,377.61990950226254
3,1284,377,377.8624434389141
3,1285,377,377.7972850678734
3,1286,377,377.38823529411775
3,1287,377,376.59909502262457
3,1288,377,376.639819004525
3,1289,377,376.50497737556566
3,1290,376,376.4244343891404
3,1291,376,376.3484162895928
3,1292,376,376.22714932126706
3,1293,376,375.9375565610861
3,1294,376,375.7565610859729
3,1295,376,375.7547511312218
3,1296,376,375.8027149321267
3,1297,376,375.90950226244354
3,1298,375,375.9457013574662
3,1299,375,375.9819004524888
3,1300,377,376.0180995475114
3,1301,377,376.054298642534
3,1302,376,376.0904977375568
3,1303,376,376.12669683257934
3,1304,376,376.162895927602
3,1305,376,376.2696832579187
3,1306,376,376.1085972850681
3,1307,376,375.8796380090499
3,1308,376,375.85067873303177
3,1309,376,375.88959276018124
3,1310,376,375.8669683257919
3,1311,376,375.8533936651584
3,1312,375,375.84886877828063
3,1313,376,375.8533936651585
3,1314,376,375.8669683257919
3,1315,376,375.88959276018113
3,1316,376,375.92126696832594
3,1317,376,375.96199095022627
3,1318,376,376.01176470588246
3,1319,376,376.0705882352943
3,1320,376,375.92941176470606
3,1321,376,375.91764705882366
3,1322,376,376.02624434389156
3,1323,376,376.1873303167422
3,1324,376,376.27149321266984
3,1325,376,376.21719457013575
3,1326,376,376.16289592760194
3,1327,377,376.10859728506784
3,1328,377,376.05429864253404
3,1329,376,376.0000000000001
3,1330,375,375.9457013574661
3,1331,375,375.8914027149322
3,1332,376,375.8371040723983
3,1333,376,375.7828054298643
3,1334,376,375.7285067873304
3,1335,376,375.812669683258
3,1336,376,375.97375565610866
3,1337,376,376.1529411764707
3,1338,376,376.1529411764707
3,1339,376,376.04434389140283
3,1340,376,375.96561085972866
3,1341,376,375.85520361990956
3,1342,376,375.7221719457014
3,1343,376,375.5755656108598
3,1344,375,375.42443438914046
3,1345,375,375.27782805429865
3,1346,375,375.14479638009055
3,1347,375,375.0343891402716
3,1348,375,374.9556561085974
3,1349,375,374.9176470588237
3,1350,375,375.0000000000001
3,1351,375,375.0823529411765
3,1352,375,375.0443438914028
3,1353,375,374.9656108597285
3,1354,375,374.8552036199097
3,1355,375,374.72217194570146
3,1356,375,374.5049773755657
3,1357,374,374.3420814479639
3,1358,374,374.3746606334842
3,1359,374,374.34389140271503
3,1360,374,374.1972850678734
3,1361,374,374.08235294117657
3,1362,374,374.00814479638024
3,1363,375,373.9837104072399
3,1364,375,374.0180995475115
3,1365,373,373.98190045248873
3,1366,373,373.94570135746613
3,1367,374,373.90950226244354
3,1368,374,373.87330316742094
3,1369,374,373.8371040723983
3,1370,374,373.8009049773757
3,1371,374,373.90316742081455
3,1372,374,374.08235294117657
3,1373,374,374.07058823529417
3,1374,374,374.0000000000001
3,1375,374,374.07058823529417
3,1376,374,374.0823529411766
3,1377,374,373.9737556561088
3,1378,374,373.8832579185522
3,1379,374,373.8108597285069
3,1380,374,373.7565610859728
3,1381,374,373.64977375565627
3,1382,373,373.6199095022625
3,1383,373,373.72850678733045
3,1384,374,373.83710407239823
3,1385,374,373.9457013574662
3,1386,374,374.1248868778282
3,1387,374,374.24524886877845
3,1388,375,374.3158371040724
3,1389,375,374.3457013574663
3,1390,374,374.13484162895935
3,1391,374,373.88325791855215
3,1392,374,373.7203619909503
3,1393,373,373.5755656108598
3,1394,373,373.44886877828066
3,1395,373,373.34027149321275
3,1396,373,373.3176470588236
3,1397,374,373.44886877828066
3,1398,374,373.6660633484165
3,1399,374,373.90135746606353
3,1400,374,374.1547511312219
3,1401,374,374.28778280542997
3,1402,374,374.36199095022636
3,1403,375,374.36832579185534
3,1404,375,374.29773755656123
3,1405,374,374.2796380090499
3,1406,374,374.2434389140273
3,1407,374,374.18914027149333
3,1408,374,374.0461538461539
3,1409,374,373.9438914027152
3,1410,374,373.873303167421
3,1411,374,373.9638009049775
3,1412,374,374.1447963800906
3,1413,374,374.2778280542987
3,1414,374,374.42443438914034
3,1415,375,374.5755656108598
3,1416,375,374.72217194570146
3,1417,375,374.8552036199097
3,1418,375,374.9656108597286
3,1419,375,375.04434389140283
3,1420,375,375.0823529411766
3,1421,375,375.07058823529417
3,1422,375,375.00000000000006
3,1423,375,375.00000000000006
3,1424,375,375.00000000000006
3,1425,375,375.00000000000006
3,1426,375,375.00000000000006
3,1427,375,375.00000000000006
3,1428,375,375.00000000000006
3,1429,375,375.00000000000006
3,1430,375,375.00000000000006
3,1431,375,375.0705882352942
3,1432,375,375.01176470588246
3,1433,375,374.9619909502263
3,1434,375,374.921266968326
3,1435,375,374.88959276018113
3,1436,375,374.866968325792
3,1437,375,374.8533936651585
3,1438,374,374.84886877828063
3,1439,375,374.8533936651585
3,1440,375,374.866968325792
3,1441,375,374.88959276018113
3,1442,375,374.85067873303177
3,1443,375,374.8796380090499
3,1444,375,375.03800904977385
3,1445,375,375.18733031674225
3,1446,375,375.1891402714934
3,1447,375,375.24343891402725
3,1448,375,375.27963800904985
3,1449,376,375.29773755656123
3,1450,376,375.22714932126706
3,1451,375,375.19728506787334
3,1452,375,375.2696832579186
3,1453,375,375.2352941176472
3,1454,375,375.22352941176496
3,1455,375,375.29592760181004
3,1456,375,375.3140271493214
3,1457,376,375.41628959276034
3,1458,376,375.54117647058825
3,1459,375,375.55927601809964
3,1460,376,375.5411764705883
3,1461,376,375.48687782805445
3,1462,375,375.3963800904979
3,1463,375,375.19909502262453
3,1464,375,375.0244343891404
3,1465,375,375.07239819004536
3,1466,375,375.14298642533936
3,1467,375,375.0361990950227
3,1468,375,375.09049773755663
3,1469,375,375.30588235294124
3,1470,376,375.41447963800914
3,1471,376,375.48687782805445
3,1472,375,375.5230769230771
3,1473,375,375.523076923077
3,1474,376,375.48687782805445
3,1475,376,374.9203619909503
3,1476,375,374.7294117647059
3,1477,375,374.78009049773755
3,1478,375,375.27692307692325
3,1479,375,376.08597285067884
3,1480,375,377.42895927601825
3,1481,375,378.52760180995494
3,1482,382,379.502262443439
3,1483,382,380.27330316742086
3,1484,383,380.8343891402715
3,1485,383,380.9791855203621
3,1486,383,380.6371040723983
3,1487,377,379.93755656108607
3,1488,377,378.94208144796386
3,1489,377,377.51221719457027
3,1490,377,376.68778280543
3,1491,375,375.90859728506797
3,1492,375,375.31493212669704
3,1493,376,375.0470588235297
3,1494,376,375.1067873303169
3,1495,375,374.93574660633493
3,1496,375,374.83710407239835
3,1497,374,374.8289592760182
3,1498,374,374.92941176470595
3,1499,375,374.950226244344
3,1500,375,374.9031674208145
3,1501,376,374.9357466063349
3,1502,375,374.9954751131223
3,1503,375,374.96199095022627
3,1504,375,374.914932126697
3,1505,375,374.65429864253406
3,1506,374,374.3800904977377
3,1507,374,374.22171945701353
3,1508,374,374.108597285068
3,1509,374,374.2497737556561
3,1510,374,374.31583710407256
3,1511,374,374.38642533936667
3,1512,375,374.47058823529426
3,1513,375,374.5773755656109
3,1514,375,374.57737556561096
3,1515,375,374.54117647058825
3,1516,374,374.398190045249
3,1517,374,374.27782805429865
3,1518,374,374.2416289592761
3,1519,374,374.1511312217196
3,1520,374,374.00361990950233
3,1521,374,373.99638009049784
3,1522,374,374.1909502262444
3,1523,375,374.4488687782806
3,1524,375,374.63167420814494
3,1525,374,374.8009049773757
3,1526,374,374.94751131221733
3,1527,376,375.06244343891416
3,1528,376,375.13665158371055
3,1529,375,375.17229828994516
3,1530,375,375.17282717282694
3,1531,375,375.1419691419691
3,1532,375,374.89860139860156
3,1533,375,374.72121212121203
3,1534,375,375.0101010101002
3,1535,375,374.93939393939394
3,1536,375,373.4470588235296
3,1537,374,373.66968325791856
3,1538,374,374.00814479638024
3,1539,375,374.4443438914027
3,1540,375,374.6923076923078
3,1541,374,374.9457013574662
3,1542,374,374.92760180995487
3,1543,375,374.63800904977387
3,1544,375,374.4923076923077
3,1545,375,374.1674208144797
3,1546,374,373.75203619909513
3,1547,374,373.4027149321268
3,1548,372,373.07601809954764
3,1549,372,372.66063348416293
3,1550,372,372.2452488687784
3,1551,372,371.98642533936663
3,1552,372,371.8407239819005
3,1553,372,371.83529411764715
3,1554,372,371.85882352941195
3,1555,372,372.0
3,1556,372,372.0
3,1557,372,372.0
3,1558,372,372.0
3,1559,372,372.0
3,1560,372,372.0
3,1561,372,372.0
3,1562,372,372.0
3,1563,372,372.0
3,1564,372,371.929411764706
3,1565,372,371.91764705882366
3,1566,372,372.02624434389156
3,1567,372,372.11674208144797
3,1568,372,372.18914027149333
3,1569,372,372.2434389140273
3,1570,372,372.27963800904996
3,1571,373,372.29773755656123
3,1572,373,372.29773755656123
3,1573,372,372.27963800904985
3,1574,372,372.2434389140273
3,1575,372,372.1891402714933
3,1576,372,372.11674208144814
3,1577,372,371.9556561085973
3,1578,372,371.8352941176473
3,1579,372,371.9556561085974
3,1580,372,372.11674208144797
3,1581,372,372.18914027149333
3,1582,372,372.2434389140273
3,1583,372,372.32350002938216
3,1584,373,372.39660339660327
3,1585,373,372.4381174381174
3,1586,372,372.40792540792575
3,1587,372,372.26060606060594
3,1588,372,372.0151515151508
3,1589,372,372.0151515151515
