channel,index,raw,filtered
1,0,383,382.095238095238
1,1,383,382.7619047619047
1,2,383,382.80952380952374
1,3,381,381.5714285714284
1,4,381,380.6190476190474
1,5,379,379.38095238095224
1,6,379,378.71428571428567
1,7,377,377.33333333333326
1,8,377,376.2857142857141
1,9,374,374.7142857142855
1,10,374,373.3809523809523
1,11,372,372.4285714285713
1,12,372,372.42857142857116
1,13,373,372.47619047619025
1,14,373,372.8571428571429
1,15,373,373.23809523809507
1,16,373,373.28571428571416
1,17,374,373.3333333333331
1,18,373,373.28571428571416
1,19,373,372.95238095238096
1,20,373,372.99999999999994
1,21,373,373.76190476190476
1,22,375,374.28571428571416
1,23,375,374.28571428571416
1,24,374,374.6666666666665
1,25,374,375.14285714285705
1,26,377,375.8571428571428
1,27,377,376.0476190476189
1,28,376,376.8571428571427
1,29,376,377.9999999999999
1,30,381,379.09523809523796
1,31,381,379.57142857142844
1,32,378,379.5714285714283
1,33,378,378.80952380952374
1,34,380,379.0476190476189
1,35,380,379.90476190476187
1,36,380,379.9999999999999
1,37,380,380.09523809523796
1,38,380,380.66666666666646
1,39,382,381.3333333333332
1,40,382,381.9047619047618
1,41,382,382.1904761904761
1,42,382,381.90476190476176
1,43,382,382.04761904761887
1,44,382,382.3333333333333
1,45,383,382.66666666666663
1,46,383,382.85714285714266
1,47,383,383.1428571428569
1,48,383,383.4285714285713
1,49,384,383.6190476190475
1,50,384,383.61904761904754
1,51,383,383.42857142857133
1,52,383,383.047619047619
1,53,383,382.90476190476164
1,54,383,383.0
1,55,383,383.0
1,56,383,383.0
1,57,383,383.095238095238
1,58,383,382.9523809523809
1,59,383,382.66666666666646
1,60,382,382.33333333333314
1,61,382,382.23809523809507
1,62,382,381.8095238095238
1,63,382,381.42857142857144
1,64,380,380.6190476190474
1,65,380,379.8571428571428
1,66,379,379.09523809523796
1,67,379,378.71428571428555
1,68,378,378.238095238095
1,69,378,378.142857142857
1,70,378,377.8571428571427
1,71,378,377.8571428571428
1,72,377,377.2380952380953
1,73,377,376.1904761904761
1,74,375,375.6666666666665
1,75,375,375.8571428571427
1,76,377,376.095238095238
1,77,377,376.57142857142844
1,78,376,376.42857142857133
1,79,376,376.09523809523796
1,80,376,376.5238095238094
1,81,377,376.52380952380946
1,82,377,375.9523809523809
1,83,374,375.0952380952381
1,84,374,374.14285714285694
1,85,374,373.7142857142856
1,86,374,373.99999999999994
1,87,374,373.99999999999994
1,88,374,373.99999999999994
1,89,374,373.99999999999994
1,90,374,373.99999999999994
1,91,374,373.9047619047618
1,92,374,374.04761904761904
1,93,374,374.3333333333332
1,94,375,374.66666666666663
1,95,375,374.85714285714283
1,96,375,375.14285714285705
1,97,375,375.33333333333326
1,98,376,375.6666666666666
1,99,376,375.7619047619047
1,100,376,376.19047619047615
1,101,376,376.6666666666665
1,102,378,377.3333333333333
1,103,378,377.8095238095237
1,104,378,378.2380952380952
1,105,378,378.14285714285705
1,106,379,378.76190476190465
1,107,379,379.5238095238095
1,108,381,380.4761904761902
1,109,381,381.33333333333314
1,110,382,381.71428571428555
1,111,382,381.6666666666666
1,112,381,381.76190476190465
1,113,382,381.7142857142857
1,114,382,381.85714285714266
1,115,382,382.09523809523796
1,116,382,381.9999999999997
1,117,382,381.9999999999997
1,118,382,381.90476190476176
1,119,382,382.04761904761887
1,120,382,382.42857142857133
1,121,383,382.6190476190475
1,122,383,382.61904761904736
1,123,382,382.42857142857133
1,124,382,382.0476190476189
1,125,382,381.9047619047618
1,126,382,381.90476190476176
1,127,382,382.04761904761887
1,128,382,382.42857142857133
1,129,383,382.6190476190475
1,130,383,382.8095238095237
1,131,382,382.3333333333333
1,132,382,381.3809523809523
1,133,380,380.66666666666646
1,134,380,380.047619047619
1,135,380,379.57142857142844
1,136,379,379.28571428571405
1,137,379,378.80952380952374
1,138,378,378.19047619047603
1,139,378,377.7142857142856
1,140,377,377.2380952380952
1,141,377,376.9523809523809
1,142,377,376.9523809523808
1,143,377,377.33333333333326
1,144,378,377.6666666666665
1,145,378,378.047619047619
1,146,378,378.04761904761887
1,147,378,377.6666666666665
1,148,377,377.33333333333326
1,149,377,377.1428571428571
1,150,377,376.8571428571427
1,151,377,376.66666666666663
1,152,376,376.3333333333333
1,153,376,376.14285714285705
1,154,376,375.8571428571427
1,155,376,375.57142857142844
1,156,375,375.4761904761903
1,157,375,375.33333333333326
1,158,376,375.2380952380951
1,159,375,375.19047619047603
1,160,375,375.190476190476
1,161,375,375.2380952380951
1,162,376,375.6666666666666
1,163,376,375.95238095238085
1,164,376,376.09523809523796
1,165,376,375.9999999999999
1,166,376,375.8095238095237
1,167,376,376.0952380952381
1,168,376,376.76190476190465
1,169,378,377.2857142857141
1,170,378,377.3809523809521
1,171,377,377.61904761904754
1,172,377,377.8095238095236
1,173,379,378.19047619047603
1,174,379,378.4761904761904
1,175,378,378.5714285714283
1,176,378,378.47619047619037
1,177,379,378.5238095238094
1,178,379,378.5238095238094
1,179,378,378.4761904761903
1,180,378,378.28571428571416
1,181,379,378.6190476190475
1,182,379,379.2857142857143
1,183,380,379.6666666666665
1,184,380,379.9999999999999
1,185,380,380.52380952380935
1,186,381,380.6190476190476
1,187,381,380.52380952380946
1,188,380,380.4761904761903
1,189,380,380.3809523809523
1,190,381,380.57142857142856
1,191,381,381.04761904761887
1,192,381,381.04761904761887
1,193,381,380.6666666666666
1,194,380,380.33333333333314
1,195,380,380.04761904761887
1,196,380,379.9047619047617
1,197,380,379.99999999999983
1,198,380,379.99999999999983
1,199,380,380.09523809523813
1,200,380,380.04761904761887
1,201,380,379.6190476190473
1,202,379,378.99999999999983
1,203,378,378.38095238095224
1,204,378,377.9523809523808
1,205,378,377.90476190476176
1,206,378,378.09523809523785
1,207,378,377.9523809523808
1,208,378,377.6666666666665
1,209,377,377.33333333333326
1,210,377,377.1428571428571
1,211,377,376.8571428571427
1,212,377,376.57142857142844
1,213,376,376.3809523809523
1,214,376,376.4761904761904
1,215,377,376.5238095238094
1,216,377,376.61904761904754
1,217,376,376.4285714285712
1,218,376,376.0476190476189
1,219,376,375.9047619047618
1,220,376,375.9999999999999
1,221,376,375.9999999999999
1,222,376,375.9999999999999
1,223,376,375.9999999999999
1,224,376,376.0952380952381
1,225,376,375.8571428571427
1,226,376,375.71428571428567
1,227,375,375.6666666666666
1,228,376,375.71428571428567
1,229,376,375.8571428571427
1,230,376,376.09523809523796
1,231,376,375.9047619047618
1,232,376,376.0476190476189
1,233,376,376.33333333333326
1,234,377,376.6666666666667
1,235,377,376.8571428571427
1,236,377,377.14285714285705
1,237,377,377.4285714285712
1,238,378,377.6190476190474
1,239,378,377.52380952380946
1,240,377,377.47619047619014
1,241,377,377.3809523809523
1,242,378,377.57142857142827
1,243,378,377.8571428571427
1,244,378,378.14285714285705
1,245,378,378.33333333333326
1,246,379,378.6666666666666
1,247,379,378.85714285714266
1,248,379,379.14285714285705
1,249,379,379.33333333333314
1,250,380,379.66666666666646
1,251,380,379.9523809523808
1,252,380,380.095238095238
1,253,380,380.00000000000017
1,254,380,379.99999999999994
1,255,380,379.99999999999994
1,256,380,379.9047619047617
1,257,380,379.99999999999983
1,258,380,379.99999999999983
1,259,380,379.99999999999983
1,260,380,379.99999999999983
1,261,380,379.99999999999983
1,262,380,380.09523809523813
1,263,380,379.9523809523809
1,264,380,379.6666666666664
1,265,379,379.33333333333314
1,266,379,379.14285714285705
1,267,379,378.85714285714266
1,268,379,378.57142857142844
1,269,378,378.3809523809524
1,270,378,378.57142857142844
1,271,379,378.4761904761904
1,272,379,378.28571428571416
1,273,377,377.7619047619047
1,274,377,377.0952380952379
1,275,377,376.9047619047618
1,276,377,376.952380952381
1,277,377,376.57142857142844
1,278,376,376.3809523809523
1,279,376,376.6666666666667
1,280,377,376.42857142857133
1,281,377,375.9523809523809
1,282,374,375.0952380952381
1,283,374,374.0476190476189
1,284,374,373.6666666666666
1,285,374,374.3809523809522
1,286,375,374.99999999999994
1,287,376,375.61904761904754
1,288,376,376.0476190476189
1,289,376,376.09523809523796
1,290,376,375.9999999999999
1,291,376,375.9999999999999
1,292,376,375.9999999999999
1,293,376,375.9999999999999
1,294,376,375.9999999999999
1,295,376,375.9999999999999
1,296,376,375.9999999999999
1,297,376,375.9999999999999
1,298,376,375.8095238095237
1,299,376,376.0952380952381
1,300,376,376.6666666666665
1,301,378,377.3333333333333
1,302,378,377.90476190476176
1,303,378,378.0952380952379
1,304,378,378.04761904761887
1,305,378,378.23809523809507
1,306,379,378.71428571428555
1,307,379,379.2857142857143
1,308,380,379.76190476190465
1,309,380,379.9523809523808
1,310,380,380.095238095238
1,311,380,379.99999999999983
1,312,380,379.99999999999983
1,313,380,379.99999999999983
1,314,380,379.99999999999983
1,315,380,379.99999999999983
1,316,380,379.99999999999983
1,317,380,379.90476190476176
1,318,380,380.047619047619
1,319,380,380.4285714285714
1,320,381,380.6190476190476
1,321,381,380.6190476190474
1,322,380,380.4285714285713
1,323,380,380.04761904761887
1,324,380,379.9047619047617
1,325,380,380.09523809523813
1,326,380,380.04761904761887
1,327,380,379.6190476190473
1,328,379,378.90476190476176
1,329,378,378.42857142857133
1,330,378,378.38095238095224
1,331,379,378.5238095238094
1,332,379,378.6190476190474
1,333,378,378.4285714285712
1,334,378,378.142857142857
1,335,378,377.8571428571427
1,336,378,377.6666666666665
1,337,377,377.33333333333326
1,338,377,377.1428571428571
1,339,377,376.8571428571427
1,340,377,376.66666666666663
1,341,376,376.3333333333333
1,342,376,376.0476190476189
1,343,376,375.9047619047618
1,344,376,375.9999999999999
1,345,376,375.9999999999999
1,346,376,375.9999999999999
1,347,376,375.9999999999999
1,348,376,375.9999999999999
1,349,376,375.9999999999999
1,350,376,375.9999999999999
1,351,376,375.9999999999999
1,352,376,375.9999999999999
1,353,376,375.9999999999999
1,354,376,375.9999999999999
1,355,376,375.9047619047618
1,356,376,376.0476190476189
1,357,376,376.2380952380951
1,358,377,376.71428571428555
1,359,377,377.3809523809524
1,360,378,377.7142857142855
1,361,378,377.4285714285714
1,362,377,377.5238095238094
1,363,377,377.7142857142856
1,364,379,378.2380952380952
1,365,379,378.8095238095236
1,366,379,379.2380952380952
1,367,379,379.33333333333314
1,368,380,379.66666666666646
1,369,380,379.9523809523808
1,370,380,380.1904761904762
1,371,380,379.9523809523809
1,372,380,379.47619047619037
1,373,379,379.42857142857133
1,374,379,379.8095238095237
1,375,381,380.19047619047603
1,376,381,380.4761904761903
1,377,380,380.5714285714284
1,378,380,380.47619047619037
1,379,381,380.52380952380946
1,380,381,380.52380952380946
1,381,380,380.4761904761903
1,382,380,380.3809523809523
1,383,381,380.57142857142856
1,384,381,380.95238095238096
1,385,381,381.09523809523796
1,386,381,381.19047619047603
1,387,381,380.9047619047619
1,388,381,380.3333333333332
1,389,379,379.6666666666666
1,390,379,379.0952380952381
1,391,379,378.8095238095236
1,392,379,378.99999999999983
1,393,379,379.095238095238
1,394,379,378.952380952381
1,395,379,378.76190476190465
1,396,378,378.28571428571416
1,397,378,377.7142857142856
1,398,377,377.2380952380952
1,399,377,377.047619047619
1,400,377,376.9047619047618
1,401,377,376.9999999999999
1,402,377,376.9999999999999
1,403,377,377.0952380952381
1,404,377,376.952380952381
1,405,377,376.66666666666663
1,406,376,376.3333333333333
1,407,376,376.0476190476189
1,408,376,375.9047619047618
1,409,376,375.9999999999999
1,410,376,375.9999999999999
1,411,376,375.9999999999999
1,412,376,376.0952380952381
1,413,376,375.95238095238085
1,414,376,375.57142857142844
1,415,375,375.38095238095224
1,416,375,375.2857142857141
1,417,376,375.6190476190475
1,418,376,376.2857142857143
1,419,377,376.76190476190476
1,420,377,376.9523809523808
1,421,377,377.095238095238
1,422,377,376.90476190476187
1,423,377,377.04761904761915
1,424,377,377.33333333333326
1,425,378,377.6666666666665
1,426,378,377.95238095238096
1,427,378,377.99999999999983
1,428,378,378.04761904761887
1,429,378,378.33333333333326
1,430,379,378.6666666666666
1,431,379,378.95238095238085
1,432,379,379.095238095238
1,433,379,378.90476190476176
1,434,379,379.047619047619
1,435,379,379.33333333333314
1,436,380,379.66666666666646
1,437,380,379.9523809523808
1,438,380,380.095238095238
1,439,380,379.99999999999983
1,440,380,379.99999999999983
1,441,380,379.99999999999983
1,442,380,379.99999999999983
1,443,380,379.99999999999983
1,444,380,379.99999999999983
1,445,380,379.99999999999983
1,446,380,379.99999999999983
1,447,380,380.09523809523813
1,448,380,379.8571428571428
1,449,380,379.71428571428555
1,450,379,379.76190476190465
1,451,380,379.6666666666666
1,452,380,379.5238095238095
1,453,379,379.4285714285713
1,454,379,379.14285714285705
1,455,379,378.85714285714266
1,456,379,378.6666666666665
1,457,378,378.3333333333331
1,458,378,378.142857142857
1,459,378,377.8571428571427
1,460,378,377.6666666666665
1,461,377,377.33333333333326
1,462,377,377.1428571428571
1,463,377,376.8571428571427
1,464,377,376.66666666666663
1,465,376,376.3333333333333
1,466,376,376.14285714285705
1,467,376,375.8571428571427
1,468,376,375.6666666666665
1,469,375,375.23809523809507
1,470,375,375.09523809523796
1,471,375,375.33333333333337
1,472,376,375.6190476190475
1,473,376,375.52380952380946
1,474,375,375.47619047619037
1,475,375,375.2857142857141
1,476,376,375.6190476190475
1,477,376,376.2857142857143
1,478,377,376.76190476190476
1,479,377,376.9523809523808
1,480,377,377.095238095238
1,481,377,376.9999999999999
1,482,377,376.9999999999999
1,483,377,376.9999999999999
1,484,377,376.90476190476187
1,485,377,377.04761904761915
1,486,377,377.33333333333326
1,487,378,377.6666666666665
1,488,378,377.95238095238096
1,489,378,378.09523809523796
1,490,378,377.9999999999999
1,491,378,377.80952380952374
1,492,378,378.0952380952381
1,493,378,378.6666666666666
1,494,380,379.33333333333326
1,495,380,379.90476190476187
1,496,380,380.19047619047615
1,497,380,379.99999999999983
1,498,380,379.99999999999983
1,499,380,379.99999999999983
1,500,380,379.99999999999983
1,501,380,379.99999999999983
1,502,380,379.99999999999983
1,503,380,379.99999999999983
1,504,380,379.90476190476176
1,505,380,380.047619047619
1,506,380,380.33333333333326
1,507,381,380.6666666666666
1,508,381,381.04761904761887
1,509,381,381.1428571428572
1,510,381,380.742857142857
1,511,380,380.0499999999999
1,512,380,379.8571428571428
1,513,380,379.6666666666664
1,514,379,379.33333333333314
1,515,379,379.14285714285705
1,516,379,378.85714285714266
1,517,379,378.57142857142844
1,518,378,378.3809523809524
1,519,378,378.47619047619037
1,520,379,378.5238095238094
1,521,379,378.71428571428555
1,522,378,378.38095238095224
1,523,378,377.7142857142856
1,524,377,377.2380952380952
1,525,377,377.047619047619
1,526,377,376.9047619047618
1,527,377,376.9999999999999
1,528,377,376.9999999999999
1,529,377,377.0952380952381
1,530,377,377.0476190476189
1,531,377,376.61904761904754
1,532,376,375.9047619047618
1,533,375,375.4285714285713
1,534,375,375.2857142857141
1,535,376,375.5714285714284
1,536,376,375.95238095238085
1,537,376,376.09523809523796
1,538,376,375.9999999999999
1,539,376,375.9999999999999
1,540,376,375.9999999999999
1,541,376,375.9999999999999
1,542,376,375.9047619047618
1,543,376,376.0476190476189
1,544,376,376.33333333333326
1,545,377,376.6666666666667
1,546,377,376.8571428571427
1,547,377,377.14285714285705
1,548,377,377.33333333333326
1,549,378,377.6666666666665
1,550,378,377.8571428571427
1,551,378,378.14285714285705
1,552,378,378.23809523809507
1,553,379,378.8095238095236
1,554,379,379.23809523809507
1,555,380,379.33333333333326
1,556,379,379.3333333333333
1,557,379,379.3809523809523
1,558,380,379.6190476190476
1,559,380,380.2857142857142
1,560,381,380.7619047619047
1,561,381,381.04761904761887
1,562,381,381.04761904761887
1,563,381,380.5714285714285
1,564,380,380.38095238095224
1,565,380,380.3809523809523
1,566,381,380.57142857142856
1,567,381,380.95238095238096
1,568,381,381.09523809523796
1,569,381,381.0952380952378
1,570,381,380.95238095238085
1,571,381,380.6666666666666
1,572,380,380.33333333333314
1,573,380,380.1428571428571
1,574,380,379.7619047619047
1,575,380,379.71428571428555
1,576,379,379.76190476190465
1,577,380,379.6666666666666
1,578,380,379.5238095238095
1,579,379,379.4285714285713
1,580,379,379.04761904761887
1,581,379,378.90476190476176
1,582,379,379.095238095238
1,583,379,378.952380952381
1,584,379,378.6666666666665
1,585,378,378.3333333333331
1,586,378,378.142857142857
1,587,378,377.8571428571427
1,588,378,377.57142857142827
1,589,377,377.3809523809523
1,590,377,377.4761904761904
1,591,378,377.5238095238093
1,592,378,377.7142857142856
1,593,377,377.3809523809523
1,594,377,376.71428571428567
1,595,376,376.2380952380951
1,596,376,376.0476190476189
1,597,376,375.80952380952374
1,598,376,376.0476190476189
1,599,376,376.33333333333326
1,600,377,376.6666666666667
1,601,377,376.9523809523808
1,602,377,377.095238095238
1,603,377,376.90476190476187
1,604,377,377.04761904761915
1,605,377,377.33333333333326
1,606,378,377.6666666666665
1,607,378,377.95238095238096
1,608,378,378.09523809523796
1,609,378,377.9999999999999
1,610,378,377.9999999999999
1,611,378,377.90476190476176
1,612,378,378.04761904761887
1,613,378,378.33333333333326
1,614,379,378.6666666666666
1,615,379,378.85714285714266
1,616,379,379.14285714285705
1,617,379,379.33333333333314
1,618,380,379.66666666666646
1,619,380,379.9523809523808
1,620,380,380.095238095238
1,621,380,379.99999999999983
1,622,380,379.99999999999983
1,623,380,379.99999999999983
1,624,380,379.99999999999983
1,625,380,379.99999999999983
1,626,380,379.80952380952374
1,627,380,380.09523809523796
1,628,380,380.8571428571427
1,629,382,381.238095238095
1,630,382,381.238095238095
1,631,380,380.85714285714266
1,632,380,380.0952380952379
1,633,380,379.80952380952357
1,634,380,379.99999999999983
1,635,380,379.99999999999983
1,636,380,380.09523809523813
1,637,380,379.9523809523809
1,638,380,379.6666666666664
1,639,379,379.33333333333314
1,640,379,379.04761904761887
1,641,379,378.90476190476176
1,642,379,379.190476190476
1,643,379,378.90476190476187
1,644,379,378.33333333333326
1,645,377,377.76190476190453
1,646,377,377.0476190476189
1,647,377,376.57142857142844
1,648,376,376.2857142857141
1,649,376,375.71428571428555
1,650,375,375.2380952380953
1,651,375,375.14285714285705
1,652,375,374.8571428571428
1,653,375,374.6666666666665
1,654,374,374.3333333333332
1,655,374,374.04761904761904
1,656,374,373.9047619047618
1,657,374,373.99999999999994
1,658,374,373.99999999999994
1,659,374,373.99999999999994
1,660,374,373.99999999999994
1,661,374,373.9047619047618
1,662,374,374.04761904761904
1,663,374,374.3333333333332
1,664,375,374.5714285714284
1,665,375,374.9999999999999
1,666,375,375.2380952380951
1,667,376,375.7619047619046
1,668,376,376.7142857142855
1,669,378,377.38095238095224
1,670,378,377.3809523809521
1,671,377,377.61904761904754
1,672,377,377.7142857142856
1,673,379,378.2380952380952
1,674,379,378.8095238095236
1,675,379,379.2380952380952
1,676,379,379.238095238095
1,677,380,379.71428571428555
1,678,380,380.19047619047603
1,679,381,380.80952380952374
1,680,381,381.2857142857141
1,681,382,381.76190476190465
1,682,382,381.9523809523809
1,683,382,381.9999999999999
1,684,382,382.04761904761887
1,685,382,382.3333333333333
1,686,383,382.66666666666663
1,687,383,383.3333333333332
1,688,383,382.9047619047618
1,689,383,381.8571428571428
1,690,379,380.238095238095
1,691,379,378.52380952380946
1,692,377,377.2857142857142
1,693,377,376.99999999999994
1,694,377,376.8571428571426
1,695,377,377.4285714285712
1,696,378,377.6190476190474
1,697,378,377.7142857142856
1,698,377,377.3809523809523
1,699,377,376.71428571428567
1,700,376,376.2380952380951
1,701,376,376.14285714285705
1,702,376,375.8571428571427
1,703,376,375.6666666666665
1,704,375,375.3333333333332
1,705,375,375.0476190476189
1,706,375,374.9047619047617
1,707,375,374.99999999999983
1,708,375,374.99999999999983
1,709,375,374.99999999999983
1,710,375,374.99999999999983
1,711,375,374.99999999999983
1,712,375,374.99999999999983
1,713,375,375.0952380952379
1,714,375,374.95238095238085
1,715,375,374.6666666666665
1,716,374,374.3333333333332
1,717,374,374.04761904761904
1,718,374,373.9047619047618
1,719,374,373.99999999999994
1,720,374,373.9047619047618
1,721,374,374.04761904761904
1,722,374,374.3333333333332
1,723,375,374.66666666666663
1,724,375,374.85714285714283
1,725,375,375.14285714285705
1,726,375,375.33333333333326
1,727,376,375.6666666666666
1,728,376,375.8571428571428
1,729,376,376.14285714285705
1,730,376,376.2380952380951
1,731,377,376.71428571428555
1,732,377,377.2857142857142
1,733,378,377.7619047619047
1,734,378,378.047619047619
1,735,378,378.04761904761887
1,736,378,377.57142857142827
1,737,377,377.3809523809523
1,738,377,377.3809523809523
1,739,378,377.57142857142827
1,740,378,377.95238095238096
1,741,378,377.99999999999983
1,742,378,378.04761904761887
1,743,378,378.33333333333326
1,744,379,378.76190476190465
1,745,379,378.9047619047618
1,746,379,378.76190476190453
1,747,378,378.3333333333331
1,748,378,378.238095238095
1,749,378,377.80952380952374
1,750,378,377.2380952380951
1,751,376,376.71428571428567
1,752,376,375.8571428571427
1,753,377,376.76190476190465
1,754,377,378.9523809523809
1,755,383,381.09523809523796
1,756,383,382.8095238095235
1,757,383,383.5238095238094
1,758,383,382.66666666666646
1,759,382,382.33333333333314
1,760,382,382.0476190476189
1,761,382,381.99999999999994
1,762,382,381.9523809523809
1,763,382,381.6666666666664
1,764,381,381.33333333333314
1,765,381,381.0285714285715
1,766,381,380.85714285714266
1,767,381,381.0
1,768,380,379.9047619047617
1,769,380,380.09523809523813
1,770,380,379.9523809523809
1,771,380,379.6666666666664
1,772,379,379.33333333333314
1,773,379,379.14285714285705
1,774,379,378.85714285714266
1,775,379,378.76190476190465
1,776,378,378.28571428571416
1,777,378,377.8095238095236
1,778,377,377.190476190476
1,779,377,376.61904761904765
1,780,376,376.2857142857143
1,781,376,376.5714285714284
1,782,377,376.38095238095224
1,783,377,376.3333333333331
1,784,375,376.28571428571416
1,785,376,375.6666666666666
1,786,376,374.9999999999999
1,787,374,374.8095238095237
1,788,374,374.42857142857133
1,789,375,374.4761904761905
1,790,375,374.9523809523808
1,791,375,375.09523809523796
1,792,375,374.99999999999983
1,793,375,374.99999999999983
1,794,375,374.90476190476187
1,795,375,375.047619047619
1,796,375,375.33333333333326
1,797,376,375.6666666666666
1,798,376,375.95238095238085
1,799,376,376.09523809523796
1,800,376,375.9999999999999
1,801,376,375.9047619047618
1,802,376,376.0476190476189
1,803,376,376.33333333333326
1,804,377,376.76190476190465
1,805,377,376.8095238095237
1,806,377,376.8095238095236
1,807,376,376.57142857142844
1,808,377,376.76190476190465
1,809,377,377.19047619047615
1,810,378,377.7619047619047
1,811,378,377.95238095238096
1,812,378,378.09523809523796
1,813,378,377.9999999999999
1,814,378,377.9999999999999
1,815,378,377.90476190476176
1,816,378,378.04761904761887
1,817,378,378.33333333333326
1,818,379,378.6666666666666
1,819,379,378.95238095238085
1,820,379,379.095238095238
1,821,379,379.095238095238
1,822,379,378.952380952381
1,823,379,378.57142857142844
1,824,378,378.3809523809524
1,825,378,378.3809523809523
1,826,379,378.6666666666666
1,827,379,378.9047619047618
1,828,379,378.85714285714266
1,829,378,378.28571428571416
1,830,378,377.5238095238093
1,831,377,377.33333333333326
1,832,377,377.99999999999983
1,833,379,378.09523809523796
1,834,379,377.8095238095236
1,835,376,377.2380952380952
1,836,376,376.5714285714286
1,837,377,376.33333333333326
1,838,377,376.7142857142856
1,839,376,376.38095238095235
1,840,376,375.71428571428555
1,841,375,375.2380952380953
1,842,375,375.0476190476189
1,843,375,374.9047619047617
1,844,375,374.99999999999983
1,845,375,374.99999999999983
1,846,375,374.99999999999983
1,847,375,375.0952380952379
1,848,375,374.95238095238085
1,849,375,374.6666666666665
1,850,374,374.3333333333332
1,851,374,374.04761904761904
1,852,374,373.9047619047618
1,853,374,373.99999999999994
1,854,374,373.99999999999994
1,855,374,373.99999999999994
1,856,374,373.99999999999994
1,857,374,373.9047619047618
1,858,374,374.04761904761904
1,859,374,374.23809523809507
1,860,375,374.7142857142855
1,861,375,375.38095238095224
1,862,376,375.7142857142856
1,863,376,375.33333333333326
1,864,375,375.5714285714284
1,865,375,376.14285714285694
1,866,378,376.57142857142844
1,867,378,377.6666666666665
1,868,377,378.71428571428555
1,869,380,378.9999999999999
1,870,380,379.33333333333326
1,871,379,379.6666666666666
1,872,379,379.28571428571416
1,873,380,379.6190476190476
1,874,380,380.19047619047603
1,875,381,380.80952380952374
1,876,381,381.2857142857141
1,877,382,381.76190476190465
1,878,382,381.9523809523809
1,879,382,382.09523809523796
1,880,382,381.90476190476176
1,881,382,382.04761904761887
1,882,382,382.23809523809507
1,883,383,382.71428571428555
1,884,383,383.2857142857141
1,885,384,383.76190476190476
1,886,384,383.9523809523808
1,887,384,384.095238095238
1,888,384,383.9999999999999
1,889,384,384.09523809523796
1,890,384,383.9523809523808
1,891,384,383.6666666666664
1,892,383,383.33333333333314
1,893,383,383.047619047619
1,894,383,383.4761904761904
1,895,383,382.7142857142856
1,896,383,380.99999999999983
1,897,377,378.9047619047618
1,898,377,377.3333333333333
1,899,377,376.47619047619025
1,900,378,377.80952380952374
1,901,378,378.9523809523807
1,902,381,380.2857142857141
1,903,381,380.7619047619046
1,904,381,380.5238095238093
1,905,379,379.7142857142858
1,906,379,379.6190476190474
1,907,380,379.3809523809524
1,908,380,379.2857142857142
1,909,378,378.76190476190453
1,910,378,378.19047619047603
1,911,378,377.7619047619047
1,912,378,377.6666666666665
1,913,377,377.33333333333326
1,914,377,377.047619047619
1,915,377,376.9047619047618
1,916,377,377.1904761904761
1,917,377,376.9047619047617
1,918,377,376.33333333333326
1,919,375,375.6666666666666
1,920,375,375.09523809523796
1,921,375,374.8095238095236
1,922,375,374.99999999999983
1,923,375,374.99999999999983
1,924,375,374.99999999999983
1,925,375,374.99999999999983
1,926,375,374.99999999999983
1,927,375,374.99999999999983
1,928,375,374.99999999999983
1,929,375,374.8095238095236
1,930,375,375.0952380952381
1,931,375,375.6666666666665
1,932,377,376.3333333333332
1,933,377,376.90476190476176
1,934,377,377.190476190476
1,935,377,376.8095238095238
1,936,377,377.0952380952379
1,937,377,377.76190476190465
1,938,379,378.28571428571416
1,939,379,378.38095238095224
1,940,378,378.6190476190475
1,941,378,378.9047619047618
1,942,380,379.142857142857
1,943,380,378.95238095238085
1,944,378,378.99999999999994
1,945,378,379.095238095238
1,946,381,379.8095238095238
1,947,381,380.8571428571428
1,948,381,381.28571428571416
1,949,381,380.9999999999999
1,950,381,380.9999999999999
1,951,381,380.9999999999999
1,952,381,380.9999999999999
1,953,381,380.9999999999999
1,954,381,380.90476190476176
1,955,381,381.0476190476189
1,956,381,381.3333333333333
1,957,382,381.6666666666666
1,958,382,381.9523809523809
1,959,382,382.09523809523796
1,960,382,381.9999999999997
1,961,382,381.9999999999997
1,962,382,382.095238095238
1,963,382,381.9523809523809
1,964,382,381.5714285714284
1,965,381,381.4761904761904
1,966,381,381.33333333333314
1,967,382,381.23809523809507
1,968,381,381.2857142857142
1,969,381,381.3333333333333
1,970,381,380.8095238095238
1,971,381,380.3333333333332
1,972,379,379.6666666666666
1,973,379,379.19047619047603
1,974,379,378.76190476190465
1,975,379,378.76190476190465
1,976,378,378.28571428571416
1,977,378,377.7142857142856
1,978,377,377.2380952380952
1,979,377,377.047619047619
1,980,377,376.9047619047618
1,981,377,377.0952380952381
1,982,377,376.952380952381
1,983,377,376.66666666666663
1,984,376,376.3333333333333
1,985,376,376.14285714285705
1,986,376,375.8571428571427
1,987,376,375.6666666666665
1,988,375,375.3333333333332
1,989,375,375.0476190476189
1,990,375,374.9999999999999
1,991,375,374.95238095238085
1,992,375,374.57142857142856
1,993,374,374.38095238095224
1,994,374,374.38095238095224
1,995,375,374.5714285714285
1,996,375,375.0476190476189
1,997,375,375.04761904761904
1,998,375,374.57142857142856
1,999,374,374.38095238095224
1,1000,374,374.28571428571416
1,1001,375,374.6190476190475
1,1002,375,375.190476190476
1,1003,376,375.8095238095238
1,1004,376,376.2857142857143
1,1005,377,376.76190476190476
1,1006,377,376.76190476190476
1,1007,377,377.1904761904761
1,1008,377,377.6666666666665
1,1009,379,378.33333333333326
1,1010,379,378.8095238095236
1,1011,379,379.2380952380952
1,1012,379,379.33333333333314
1,1013,380,379.57142857142827
1,1014,380,379.9999999999999
1,1015,380,380.4285714285714
1,1016,381,380.6666666666666
1,1017,381,380.85714285714266
1,1018,381,381.142857142857
1,1019,381,381.23809523809507
1,1020,382,381.7142857142856
1,1021,382,382.22857142857157
1,1022,383,382.77142857142854
1,1023,383,383.0999999999999
1,1024,383,381.9047619047618
1,1025,383,382.7619047619047
1,1026,383,383.33333333333326
1,1027,383,383.33333333333326
1,1028,384,383.6666666666665
1,1029,384,384.04761904761887
1,1030,384,384.04761904761887
1,1031,384,383.76190476190465
1,1032,383,383.1904761904761
1,1033,383,382.76190476190465
1,1034,382,382.5714285714284
1,1035,383,382.71428571428555
1,1036,383,383.1428571428571
1,1037,383,382.95238095238085
1,1038,383,381.9047619047617
1,1039,380,381.0476190476188
1,1040,380,380.6666666666665
1,1041,381,380.2857142857142
1,1042,381,380.19047619047603
1,1043,379,379.8095238095237
1,1044,379,379.6190476190474
1,1045,380,379.3809523809524
1,1046,380,379.3809523809523
1,1047,378,378.7142857142855
1,1048,378,377.8571428571427
1,1049,377,377.0952380952379
1,1050,377,376.8095238095236
1,1051,376,376.1904761904761
1,1052,376,375.71428571428555
1,1053,375,375.33333333333326
1,1054,375,374.99999999999994
1,1055,375,374.5714285714285
1,1056,374,374.3333333333332
1,1057,374,374.04761904761904
1,1058,374,373.9047619047618
1,1059,374,373.99999999999994
1,1060,374,373.99999999999994
1,1061,374,373.99999999999994
1,1062,374,373.99999999999994
1,1063,374,373.9047619047618
1,1064,374,374.04761904761904
1,1065,374,374.3333333333332
1,1066,375,374.66666666666663
1,1067,375,374.9523809523808
1,1068,375,375.09523809523796
1,1069,375,374.90476190476187
1,1070,375,375.047619047619
1,1071,375,375.33333333333326
1,1072,376,375.6666666666666
1,1073,376,375.8571428571428
1,1074,376,376.14285714285705
1,1075,376,376.33333333333326
1,1076,377,376.6666666666667
1,1077,377,376.8571428571427
1,1078,377,377.14285714285705
1,1079,377,377.33333333333326
1,1080,378,377.57142857142844
1,1081,378,377.9999999999999
1,1082,378,378.4285714285712
1,1083,379,378.6666666666666
1,1084,379,378.95238095238085
1,1085,379,379.095238095238
1,1086,379,378.90476190476176
1,1087,379,379.047619047619
1,1088,379,379.33333333333314
1,1089,380,379.66666666666646
1,1090,380,379.9523809523808
1,1091,380,380.095238095238
1,1092,380,379.99999999999983
1,1093,380,379.99999999999983
1,1094,380,380.09523809523813
1,1095,380,379.9523809523809
1,1096,380,379.6666666666664
1,1097,379,379.33333333333314
1,1098,379,379.3333333333333
1,1099,379,378.76190476190465
1,1100,379,378.0
1,1101,376,376.99999999999994
1,1102,376,376.1428571428571
1,1103,376,375.5238095238094
1,1104,376,376.0952380952381
1,1105,376,376.6666666666665
1,1106,378,377.4285714285714
1,1107,378,377.9523809523807
1,1108,378,377.80952380952374
1,1109,377,376.9999999999999
1,1110,376,376.38095238095235
1,1111,376,376.0476190476189
1,1112,376,375.8571428571427
1,1113,376,375.6666666666665
1,1114,375,375.3333333333332
1,1115,375,375.0476190476189
1,1116,375,374.9047619047617
1,1117,375,374.99999999999983
1,1118,375,374.99999999999983
1,1119,375,374.99999999999983
1,1120,375,374.99999999999983
1,1121,375,374.90476190476187
1,1122,375,375.047619047619
1,1123,375,375.4285714285715
1,1124,376,375.6190476190475
1,1125,376,375.52380952380946
1,1126,375,375.47619047619037
1,1127,375,375.3809523809523
1,1128,376,375.5714285714284
1,1129,376,375.7619047619047
1,1130,376,376.2857142857142
1,1131,376,376.61904761904754
1,1132,378,376.9047619047618
1,1133,377,377.2857142857141
1,1134,377,377.47619047619037
1,1135,378,377.6190476190475
1,1136,378,378.190476190476
1,1137,379,378.8095238095237
1,1138,379,379.1904761904761
1,1139,380,379.8095238095238
1,1140,380,380.2857142857142
1,1141,381,380.7619047619047
1,1142,381,381.04761904761887
1,1143,381,381.04761904761887
1,1144,381,380.6666666666666
1,1145,380,380.33333333333314
1,1146,380,380.04761904761887
1,1147,380,379.80952380952374
1,1148,380,380.047619047619
1,1149,380,380.4285714285714
1,1150,381,380.6190476190476
1,1151,381,380.6190476190474
1,1152,380,380.4285714285713
1,1153,380,380.04761904761887
1,1154,380,379.9047619047617
1,1155,380,379.99999999999983
1,1156,380,379.99999999999983
1,1157,380,380.09523809523813
1,1158,380,379.9523809523809
1,1159,380,379.6666666666664
1,1160,379,379.33333333333314
1,1161,379,379.04761904761887
1,1162,379,378.90476190476176
1,1163,379,378.90476190476176
1,1164,379,379.047619047619
1,1165,379,379.33333333333314
1,1166,380,379.66666666666646
1,1167,380,379.85714285714266
1,1168,380,380.2380952380951
1,1169,380,380.28571428571433
1,1170,381,380.3333333333332
1,1171,380,380.28571428571416
1,1172,380,380.238095238095
1,1173,380,379.8571428571428
1,1174,380,379.6666666666664
1,1175,379,379.33333333333314
1,1176,379,379.14285714285705
1,1177,379,378.85714285714266
1,1178,379,378.57142857142844
1,1179,378,378.3809523809524
1,1180,378,378.47619047619037
1,1181,379,378.5238095238094
1,1182,379,378.6190476190474
1,1183,378,378.4285714285712
1,1184,378,378.04761904761887
1,1185,378,377.90476190476176
1,1186,378,377.9999999999999
1,1187,378,377.9999999999999
1,1188,378,377.9999999999999
1,1189,378,378.09523809523785
1,1190,378,377.9523809523808
1,1191,378,377.6666666666665
1,1192,377,377.33333333333326
1,1193,377,377.1428571428571
1,1194,377,376.8571428571427
1,1195,377,376.57142857142844
1,1196,376,376.3809523809523
1,1197,376,376.4761904761904
1,1198,377,376.5238095238094
1,1199,377,376.52380952380946
1,1200,376,376.4761904761903
1,1201,376,376.4761904761904
1,1202,377,376.5238095238094
1,1203,377,376.61904761904754
1,1204,376,376.4285714285712
1,1205,376,375.95238095238085
1,1206,376,375.95238095238085
1,1207,376,376.33333333333326
1,1208,377,376.6666666666667
1,1209,377,376.9523809523808
1,1210,377,377.095238095238
1,1211,377,376.9999999999999
1,1212,377,376.9999999999999
1,1213,377,376.9999999999999
1,1214,377,376.9999999999999
1,1215,377,376.9999999999999
1,1216,377,376.90476190476187
1,1217,377,377.04761904761915
1,1218,377,377.33333333333326
1,1219,378,377.6666666666665
1,1220,378,377.95238095238096
1,1221,378,378.09523809523796
1,1222,378,377.9999999999999
1,1223,378,377.9999999999999
1,1224,378,377.90476190476176
1,1225,378,378.04761904761887
1,1226,378,378.33333333333326
1,1227,379,378.6666666666666
1,1228,379,378.85714285714266
1,1229,379,379.14285714285705
1,1230,379,379.4285714285714
1,1231,380,379.6190476190474
1,1232,380,379.61904761904754
1,1233,379,379.4285714285713
1,1234,379,379.04761904761887
1,1235,379,378.90476190476176
1,1236,379,378.99999999999983
1,1237,379,378.90476190476176
1,1238,379,379.047619047619
1,1239,379,379.33333333333314
1,1240,380,379.66666666666646
1,1241,380,379.9523809523808
1,1242,380,380.095238095238
1,1243,380,379.99999999999983
1,1244,380,379.99999999999983
1,1245,380,379.90476190476176
1,1246,380,380.047619047619
1,1247,380,380.52380952380935
1,1248,381,380.5714285714285
1,1249,381,380.2857142857141
1,1250,379,379.7619047619048
1,1251,379,379.0952380952381
1,1252,379,378.8095238095236
1,1253,379,378.99999999999983
1,1254,379,378.99999999999983
1,1255,379,378.99999999999983
1,1256,379,378.99999999999983
1,1257,379,378.99999999999983
1,1258,379,379.095238095238
1,1259,379,378.952380952381
1,1260,379,378.6666666666665
1,1261,378,378.3333333333331
1,1262,378,378.04761904761887
1,1263,378,377.90476190476176
1,1264,378,378.09523809523785
1,1265,378,377.9523809523808
1,1266,378,377.57142857142827
1,1267,377,377.3809523809523
1,1268,377,377.4761904761904
1,1269,378,377.5238095238093
1,1270,378,377.6190476190475
1,1271,377,377.4285714285713
1,1272,377,377.047619047619
1,1273,377,376.9047619047618
1,1274,377,376.9999999999999
1,1275,377,376.9999999999999
1,1276,377,376.9999999999999
1,1277,377,377.0000000000002
1,1278,377,376.99999999999983
1,1279,377,376.9999999999999
1,1280,377,377.9047619047618
1,1281,377,377.04761904761915
1,1282,377,376.76190476190465
1,1283,377,377.33333333333326
1,1284,378,377.6666666666665
1,1285,378,377.8571428571427
1,1286,378,378.14285714285705
1,1287,378,378.4285714285712
1,1288,379,378.6190476190474
1,1289,379,378.5238095238094
1,1290,378,378.4761904761903
1,1291,378,378.3809523809523
1,1292,379,378.5714285714283
1,1293,379,378.95238095238085
1,1294,379,378.9999999999999
1,1295,379,379.047619047619
1,1296,379,379.4285714285714
1,1297,380,379.6190476190474
1,1298,380,379.4285714285713
1,1299,379,379.52380952380935
1,1300,379,379.7142857142856
1,1301,381,380.2380952380951
1,1302,381,380.9047619047618
1,1303,381,381.7619047619047
1,1304,381,380.71428571428567
1,1305,381,378.99999999999994
1,1306,375,376.99999999999983
1,1307,375,375.2857142857141
1,1308,375,373.8571428571428
1,1309,375,375.2857142857141
1,1310,375,376.99999999999983
1,1311,381,378.99999999999994
1,1312,381,380.8095238095237
1,1313,381,381.52380952380946
1,1314,381,380.6666666666666
1,1315,380,380.33333333333314
1,1316,380,380.04761904761887
1,1317,380,379.9047619047617
1,1318,380,379.99999999999983
1,1319,380,379.99999999999983
1,1320,380,379.99999999999983
1,1321,380,379.99999999999983
1,1322,380,379.99999999999983
1,1323,380,380.09523809523813
1,1324,380,379.9523809523809
1,1325,380,379.6666666666664
1,1326,379,379.33333333333314
1,1327,379,379.14285714285705
1,1328,379,378.85714285714266
1,1329,379,378.6666666666665
1,1330,378,378.3333333333331
1,1331,378,378.142857142857
1,1332,378,377.8571428571427
1,1333,378,377.57142857142827
1,1334,377,377.3809523809523
1,1335,377,377.4761904761904
1,1336,378,377.61904761904754
1,1337,378,377.57142857142827
1,1338,377,377.0
1,1339,376,376.4285714285714
1,1340,376,376.2857142857141
1,1341,377,376.57142857142844
1,1342,377,376.9523809523808
1,1343,377,377.095238095238
1,1344,377,376.9999999999999
1,1345,377,376.9999999999999
1,1346,377,376.9999999999999
1,1347,377,376.9999999999999
1,1348,377,376.90476190476187
1,1349,377,377.04761904761915
1,1350,377,377.4285714285712
1,1351,378,377.6190476190474
1,1352,378,377.52380952380946
1,1353,377,377.47619047619014
1,1354,377,377.2857142857141
1,1355,378,377.6190476190475
1,1356,378,378.2857142857143
1,1357,379,378.6666666666666
1,1358,379,378.9999999999999
1,1359,379,379.52380952380935
1,1360,380,379.6190476190474
1,1361,380,379.52380952380935
1,1362,379,379.4761904761903
1,1363,379,379.3809523809523
1,1364,380,379.57142857142844
1,1365,380,379.9523809523808
1,1366,380,380.095238095238
1,1367,380,380.09523809523813
1,1368,380,379.9523809523809
1,1369,380,379.57142857142844
1,1370,379,379.38095238095224
1,1371,379,379.3809523809523
1,1372,380,379.57142857142844
1,1373,380,380.0476190476189
1,1374,380,380.047619047619
1,1375,380,379.6666666666664
1,1376,379,379.33333333333314
1,1377,379,379.04761904761887
1,1378,379,378.90476190476176
1,1379,379,378.99999999999983
1,1380,379,379.095238095238
1,1381,379,378.952380952381
1,1382,379,378.6666666666665
1,1383,378,378.2380952380951
1,1384,378,378.19047619047615
1,1385,378,378.19047619047615
1,1386,379,378.2380952380952
1,1387,378,378.33333333333326
1,1388,378,378.57142857142844
1,1389,379,378.5238095238094
1,1390,379,378.6190476190474
1,1391,378,378.4285714285712
1,1392,378,378.04761904761887
1,1393,378,377.90476190476176
1,1394,378,378.09523809523785
1,1395,378,377.9523809523808
1,1396,378,377.6666666666665
1,1397,377,377.33333333333326
1,1398,377,377.047619047619
1,1399,377,376.9047619047618
1,1400,377,376.9999999999999
1,1401,377,376.9999999999999
1,1402,377,377.0952380952381
1,1403,377,376.8571428571427
1,1404,377,376.71428571428567
1,1405,376,376.6666666666665
1,1406,377,376.71428571428567
1,1407,377,376.8571428571427
1,1408,377,377.095238095238
1,1409,377,376.9999999999999
1,1410,377,376.9999999999999
1,1411,377,376.9999999999999
1,1412,377,376.9999999999999
1,1413,377,376.90476190476187
1,1414,377,377.04761904761915
1,1415,377,377.4285714285712
1,1416,378,377.6190476190474
1,1417,378,377.52380952380946
1,1418,377,377.47619047619014
1,1419,377,377.3809523809523
1,1420,378,377.57142857142827
1,1421,378,377.8571428571427
1,1422,378,378.23809523809507
1,1423,378,378.28571428571416
1,1424,379,378.2380952380952
1,1425,378,378.33333333333326
1,1426,378,378.3809523809522
1,1427,379,378.6190476190475
1,1428,379,379.38095238095224
1,1429,380,379.7142857142855
1,1430,380,379.52380952380935
1,1431,379,379.4761904761903
1,1432,379,379.3809523809523
1,1433,380,379.57142857142844
1,1434,380,379.9523809523808
1,1435,380,380.095238095238
1,1436,380,379.90476190476176
1,1437,380,380.047619047619
1,1438,380,380.4285714285714
1,1439,381,380.6190476190476
1,1440,381,380.6190476190474
1,1441,380,380.4285714285713
1,1442,380,380.04761904761887
1,1443,380,379.9047619047617
1,1444,380,379.99999999999983
1,1445,380,379.99999999999983
1,1446,380,379.99999999999983
1,1447,380,380.09523809523813
1,1448,380,379.9523809523809
1,1449,380,379.6666666666664
1,1450,379,379.33333333333314
1,1451,379,379.04761904761887
1,1452,379,378.90476190476176
1,1453,379,379.095238095238
1,1454,379,378.952380952381
1,1455,379,378.6666666666665
1,1456,378,378.3333333333331
1,1457,378,378.04761904761887
1,1458,378,377.90476190476176
1,1459,378,377.9999999999999
1,1460,378,377.9999999999999
1,1461,378,378.09523809523785
1,1462,378,377.9523809523808
1,1463,378,377.6666666666665
1,1464,377,377.33333333333326
1,1465,377,376.9523809523809
1,1466,377,376.9523809523808
1,1467,377,377.4285714285712
1,1468,378,377.6190476190474
1,1469,378,377.6190476190475
1,1470,377,377.4285714285713
1,1471,377,377.047619047619
1,1472,377,376.9047619047618
1,1473,377,376.9999999999999
1,1474,377,376.9999999999999
1,1475,377,376.9999999999999
1,1476,377,376.90476190476187
1,1477,377,377.04761904761915
1,1478,377,377.33333333333326
1,1479,378,377.6666666666665
1,1480,378,377.8571428571427
1,1481,378,378.14285714285705
1,1482,378,378.4285714285712
1,1483,379,378.6190476190474
1,1484,379,378.5238095238094
1,1485,378,378.4761904761903
1,1486,378,378.3809523809523
1,1487,379,378.5714285714283
1,1488,379,378.95238095238085
1,1489,379,379.095238095238
1,1490,379,378.99999999999983
1,1491,379,378.99999999999983
1,1492,379,378.99999999999983
1,1493,379,378.99999999999983
1,1494,379,378.90476190476176
1,1495,379,379.14285714285705
1,1496,379,379.2857142857142
1,1497,380,379.33333333333314
1,1498,379,379.2857142857143
1,1499,379,379.047619047619
1,1500,379,378.9523809523808
1,1501,379,379.4285714285714
1,1502,380,379.6190476190474
1,1503,380,379.61904761904754
1,1504,379,379.4285714285713
1,1505,379,379.04761904761887
1,1506,379,378.99999999999983
1,1507,379,378.952380952381
1,1508,379,379.047619047619
1,1509,378,378.1428571428569
1,1510,378,376.8095238095237
1,1511,374,375.190476190476
1,1512,374,373.57142857142844
1,1513,373,373.09523809523813
1,1514,373,373.95238095238074
1,1515,376,374.95238095238096
1,1516,376,376.095238095238
1,1517,377,376.99999999999983
1,1518,377,377.3809523809524
1,1519,378,377.8095238095235
1,1520,378,377.57142857142827
1,1521,377,377.0952380952379
1,1522,376,376.38095238095235
1,1523,376,375.95238095238085
1,1524,376,375.9047619047618
1,1525,376,375.9999999999999
1,1526,376,375.9999999999999
1,1527,376,375.9999999999999
1,1528,376,375.9999999999999
1,1529,376,375.9999999999999
1,1530,376,375.9999999999999
1,1531,376,375.9999999999999
1,1532,376,375.9999999999999
1,1533,376,376.0000000000001
1,1534,376,375.9999999999999
1,1535,376,375.99999999999994
1,1536,376,377.238095238095
1,1537,376,376.190476190476
1,1538,376,375.6190476190476
1,1539,376,375.9999999999999
1,1540,376,375.9999999999999
1,1541,376,375.9047619047618
1,1542,376,376.0476190476189
1,1543,376,376.33333333333326
1,1544,377,376.6666666666667
1,1545,377,376.9523809523808
1,1546,377,376.9999999999999
1,1547,377,377.04761904761915
1,1548,377,377.33333333333326
1,1549,378,377.6666666666665
1,1550,378,377.8571428571427
1,1551,378,378.14285714285705
1,1552,378,378.4285714285712
1,1553,379,378.6190476190474
1,1554,379,378.5238095238094
1,1555,378,378.4761904761903
1,1556,378,378.3809523809523
1,1557,379,378.5714285714283
1,1558,379,378.95238095238085
1,1559,379,379.095238095238
1,1560,379,378.99999999999983
1,1561,379,378.99999999999983
1,1562,379,378.99999999999983
1,1563,379,378.99999999999983
1,1564,379,378.90476190476176
1,1565,379,379.047619047619
1,1566,379,379.4285714285714
1,1567,380,379.6190476190474
1,1568,380,379.61904761904754
1,1569,379,379.4285714285713
1,1570,379,379.04761904761887
1,1571,379,378.90476190476176
1,1572,379,378.99999999999983
1,1573,379,378.99999999999983
1,1574,379,378.99999999999983
1,1575,379,379.095238095238
1,1576,379,378.952380952381
1,1577,379,378.6666666666665
1,1578,378,378.3333333333331
1,1579,378,378.04761904761887
1,1580,378,377.90476190476176
1,1581,378,378.09523809523785
1,1582,378,377.9523809523808
1,1583,378,377.6666666666665
1,1584,377,377.33333333333326
1,1585,377,377.047619047619
1,1586,377,376.9047619047618
1,1587,377,376.9999999999999
1,1588,377,376.9999999999999
1,1589,377,376.9999999999999
1,1590,377,376.9999999999999
1,1591,377,376.9999999999999
1,1592,377,376.9999999999999
1,1593,377,377.0952380952381
1,1594,377,376.8571428571427
1,1595,377,376.71428571428567
1,1596,376,376.6666666666665
1,1597,377,376.71428571428567
1,1598,377,376.9523809523809
1,1599,377,377.0476190476189
1,1600,377,376.57142857142844
1,1601,376,376.3809523809523
1,1602,376,376.3809523809523
1,1603,377,376.57142857142844
1,1604,377,376.9523809523808
1,1605,377,377.095238095238
1,1606,377,376.9999999999999
1,1607,377,376.9999999999999
1,1608,377,376.90476190476187
1,1609,377,377.04761904761915
1,1610,377,377.33333333333326
1,1611,378,377.6666666666665
1,1612,378,377.95238095238096
1,1613,378,378.09523809523796
1,1614,378,377.9999999999999
1,1615,378,377.9999999999999
1,1616,378,377.90476190476176
1,1617,378,377.9523809523808
1,1618,378,378.3809523809521
1,1619,379,378.99999999999983
1,1620,380,379.61904761904754
1,1621,380,380.0476190476189
1,1622,380,380.095238095238
1,1623,380,379.99999999999983
1,1624,380,379.99999999999983
1,1625,380,379.99999999999983
1,1626,380,379.99999999999983
1,1627,380,379.99999999999983
1,1628,380,379.99999999999983
1,1629,380,379.90476190476176
1,1630,380,380.047619047619
1,1631,380,380.4285714285714
1,1632,381,380.6190476190476
1,1633,381,380.6190476190474
1,1634,380,380.4285714285713
1,1635,380,380.04761904761887
1,1636,380,379.9047619047617
1,1637,380,379.99999999999983
1,1638,380,379.99999999999983
1,1639,380,379.99999999999983
1,1640,380,379.99999999999983
1,1641,380,379.99999999999983
1,1642,380,379.99999999999983
1,1643,380,380.1904761904761
1,1644,380,379.90476190476187
1,1645,380,379.33333333333326
1,1646,378,378.8571428571427
1,1647,378,377.9999999999999
1,1648,378,377.142857142857
1,1649,376,376.6666666666666
1,1650,376,376.09523809523796
1,1651,376,375.8095238095237
1,1652,376,376.0952380952381
1,1653,376,375.95238095238085
1,1654,376,375.6666666666665
1,1655,375,375.3333333333332
1,1656,375,375.0476190476189
1,1657,375,374.9047619047617
1,1658,375,375.0952380952379
1,1659,375,374.95238095238085
1,1660,375,374.57142857142856
1,1661,374,374.38095238095224
1,1662,374,374.38095238095224
1,1663,375,374.5714285714285
1,1664,375,374.9523809523808
1,1665,375,375.09523809523796
1,1666,375,374.8095238095236
1,1667,375,375.1904761904761
1,1668,375,375.6190476190475
1,1669,377,375.9999999999999
1,1670,376,376.0476190476188
1,1671,376,376.33333333333326
1,1672,376,376.57142857142856
1,1673,378,377.142857142857
1,1674,378,377.99999999999983
1,1675,378,379.0476190476189
1,1676,380,379.23809523809496
1,1677,380,378.95238095238085
1,1678,378,378.99999999999994
1,1679,378,379.095238095238
1,1680,381,379.8095238095238
1,1681,381,380.8571428571428
1,1682,381,381.28571428571416
1,1683,381,380.9999999999999
1,1684,381,380.9999999999999
1,1685,381,380.90476190476176
1,1686,381,381.0476190476189
1,1687,381,381.3333333333333
1,1688,382,381.6666666666666
1,1689,382,381.9523809523809
1,1690,382,382.09523809523796
1,1691,382,381.9999999999997
1,1692,382,381.9999999999997
1,1693,382,381.9999999999997
1,1694,382,381.9999999999997
1,1695,382,381.9999999999997
1,1696,382,381.9999999999997
1,1697,382,381.9999999999997
1,1698,382,381.9999999999997
1,1699,382,381.9999999999997
1,1700,382,382.095238095238
1,1701,382,381.9523809523809
1,1702,382,381.6666666666664
1,1703,381,381.33333333333314
1,1704,381,381.23809523809507
1,1705,381,380.8095238095238
1,1706,381,380.2380952380952
1,1707,379,379.7142857142858
1,1708,379,379.6190476190474
1,1709,380,379.3809523809524
1,1710,380,379.2857142857142
1,1711,378,378.76190476190453
1,1712,378,378.0952380952379
1,1713,378,378.0952380952379
1,1714,378,377.7619047619047
1,1715,378,377.0476190476189
1,1716,375,376.33333333333326
1,1717,376,375.8095238095237
1,1718,376,375.6666666666666
1,1719,376,376.19047619047615
1,1720,376,375.95238095238085
1,1721,376,375.6666666666665
1,1722,375,375.3333333333332
1,1723,375,375.0476190476189
1,1724,375,374.9047619047617
1,1725,375,375.0952380952379
1,1726,375,374.95238095238085
1,1727,375,374.6666666666665
1,1728,374,374.3333333333332
1,1729,374,373.9523809523808
1,1730,374,373.9523809523808
1,1731,374,374.3333333333332
1,1732,375,374.66666666666663
1,1733,375,374.85714285714283
1,1734,375,375.14285714285705
1,1735,375,375.33333333333326
1,1736,376,375.6666666666666
1,1737,376,375.95238095238085
1,1738,376,376.09523809523796
1,1739,376,375.8095238095237
1,1740,376,376.0952380952381
1,1741,376,376.57142857142844
1,1742,378,377.38095238095224
1,1743,378,378.23809523809507
1,1744,379,378.6666666666666
1,1745,379,379.0476190476189
1,1746,379,379.7619047619048
1,1747,381,380.3333333333332
1,1748,381,380.8095238095237
1,1749,381,381.2380952380952
1,1750,381,381.23809523809507
1,1751,382,381.7142857142856
1,1752,382,382.2857142857143
1,1753,383,382.7619047619046
1,1754,383,383.04761904761887
1,1755,383,383.04761904761887
1,1756,383,382.66666666666646
1,1757,382,382.33333333333314
1,1758,382,381.95238095238085
1,1759,382,381.95238095238085
1,1760,382,382.3333333333333
1,1761,383,382.66666666666663
1,1762,383,383.04761904761887
1,1763,383,383.04761904761887
1,1764,383,382.66666666666646
1,1765,382,382.42857142857133
1,1766,382,382.0
1,1767,382,381.5714285714284
1,1768,381,381.4285714285713
1,1769,381,380.9999999999999
1,1770,381,380.57142857142844
1,1771,380,380.4285714285713
1,1772,380,379.9999999999999
1,1773,380,379.47619047619025
1,1774,379,379.38095238095224
1,1775,379,379.66666666666646
1,1776,380,379.42857142857133
1,1777,380,378.8571428571426
1,1778,377,378.14285714285705
1,1779,377,377.6666666666665
1,1780,378,377.2857142857141
1,1781,378,377.19047619047603
1,1782,376,376.8095238095236
1,1783,376,376.5238095238094
1,1784,377,376.42857142857116
1,1785,377,376.7142857142856
1,1786,376,376.38095238095235
1,1787,376,375.71428571428555
1,1788,375,375.2380952380953
1,1789,375,375.0285714285716
1,1790,375,374.8571428571428
1,1791,375,374.99999999999983
1,1792,374,375.90476190476187
1,1793,374,374.2857142857142
1,1794,374,373.42857142857133
1,1795,374,373.99999999999994
1,1796,374,373.9047619047618
1,1797,374,374.04761904761904
1,1798,374,374.23809523809507
1,1799,375,374.7142857142855
1,1800,375,375.38095238095224
1,1801,376,375.7142857142856
1,1802,376,375.4285714285712
1,1803,375,375.5238095238095
1,1804,375,375.71428571428567
1,1805,377,376.2380952380952
1,1806,377,376.8095238095237
1,1807,377,377.23809523809507
1,1808,377,377.33333333333326
1,1809,378,377.6666666666665
1,1810,378,377.95238095238096
1,1811,378,377.99999999999983
1,1812,378,378.04761904761887
1,1813,378,378.23809523809507
1,1814,379,378.71428571428555
1,1815,379,379.1904761904761
1,1816,380,379.8095238095238
1,1817,380,380.2857142857142
1,1818,381,380.7619047619047
1,1819,381,380.85714285714266
1,1820,381,381.142857142857
1,1821,381,381.3333333333333
1,1822,382,381.6666666666666
1,1823,382,381.85714285714283
1,1824,382,382.142857142857
1,1825,382,382.3333333333333
1,1826,383,382.66666666666663
1,1827,383,382.95238095238074
1,1828,383,383.0952380952379
1,1829,383,383.095238095238
1,1830,383,382.9523809523809
1,1831,383,382.57142857142844
1,1832,382,382.38095238095235
1,1833,382,382.38095238095224
1,1834,383,382.6666666666666
1,1835,383,382.9047619047618
1,1836,383,382.7619047619046
1,1837,382,382.33333333333314
1,1838,382,382.142857142857
1,1839,382,381.8571428571428
1,1840,382,381.76190476190465
1,1841,381,381.2857142857142
1,1842,381,380.71428571428555
1,1843,380,380.2380952380952
1,1844,380,380.04761904761887
1,1845,380,379.9047619047617
1,1846,380,379.90476190476176
1,1847,380,380.047619047619
1,1848,380,380.52380952380935
1,1849,381,380.5714285714285
1,1850,381,380.38095238095224
1,1851,379,379.8095238095237
1,1852,379,378.7142857142855
1,1853,378,377.7142857142855
1,1854,377,377.4285714285712
1,1855,377,377.47619047619037
1,1856,378,377.47619047619037
1,1857,378,377.2857142857142
1,1858,376,376.76190476190465
1,1859,376,376.19047619047615
1,1860,376,375.76190476190476
1,1861,376,375.7619047619048
1,1862,375,375.2857142857142
1,1863,375,374.61904761904754
1,1864,374,374.2857142857143
1,1865,374,374.47619047619025
1,1866,375,374.5238095238094
1,1867,375,374.6190476190476
1,1868,374,374.4285714285713
1,1869,374,373.9523809523808
1,1870,374,373.9523809523808
1,1871,374,374.3333333333332
1,1872,375,374.66666666666663
1,1873,375,374.9523809523808
1,1874,375,375.09523809523796
1,1875,375,374.99999999999983
1,1876,375,374.90476190476187
1,1877,375,375.047619047619
1,1878,375,375.2380952380951
1,1879,376,375.7142857142855
1,1880,376,376.2857142857143
1,1881,377,376.76190476190476
1,1882,377,376.8571428571427
1,1883,377,377.14285714285705
1,1884,377,377.33333333333326
1,1885,378,377.6666666666665
1,1886,378,377.7619047619047
1,1887,378,378.19047619047603
1,1888,378,378.57142857142844
1,1889,380,379.3809523809523
1,1890,380,380.33333333333314
1,1891,381,380.80952380952374
1,1892,381,380.3333333333333
1,1893,380,380.6666666666665
1,1894,380,380.9999999999999
1,1895,383,381.57142857142844
1,1896,382,382.1904761904761
1,1897,382,382.23809523809507
1,1898,382,381.95238095238085
1,1899,382,382.3333333333333
1,1900,383,382.66666666666663
1,1901,383,383.04761904761887
1,1902,383,383.04761904761887
1,1903,383,382.57142857142844
1,1904,382,382.38095238095235
1,1905,382,382.47619047619037
1,1906,383,382.52380952380946
1,1907,383,382.61904761904736
1,1908,382,382.42857142857133
1,1909,382,382.0476190476189
1,1910,382,381.9047619047618
1,1911,382,382.095238095238
1,1912,382,381.9523809523809
1,1913,382,381.76190476190465
1,1914,381,381.2857142857142
1,1915,381,380.71428571428555
1,1916,380,380.2380952380952
1,1917,380,380.42857142857133
1,1918,380,379.7142857142856
1,1919,380,378.57142857142844
1,1920,376,377.3809523809523
1,1921,376,376.5238095238094
1,1922,377,376.4761904761904
1,1923,377,376.85714285714266
1,1924,377,376.5238095238095
1,1925,375,375.6190476190475
1,1926,375,374.7619047619047
1,1927,374,374.1428571428571
1,1928,374,373.8571428571427
1,1929,374,373.99999999999994
1,1930,374,374.6666666666665
1,1931,376,375.33333333333326
1,1932,376,375.99999999999994
1,1933,376,376.14285714285705
1,1934,376,375.57142857142844
1,1935,375,375.38095238095224
1,1936,375,375.4761904761905
1,1937,376,375.52380952380946
1,1938,376,375.6190476190475
1,1939,375,375.4285714285712
1,1940,375,375.0476190476189
1,1941,375,374.9047619047617
1,1942,375,374.99999999999983
1,1943,375,374.99999999999983
1,1944,375,374.90476190476187
1,1945,375,375.047619047619
1,1946,375,375.33333333333326
1,1947,376,375.6666666666666
1,1948,376,375.8571428571428
1,1949,376,376.14285714285705
1,1950,376,376.2380952380951
1,1951,377,376.61904761904754
1,1952,377,377.33333333333326
1,1953,378,378.09523809523796
1,1954,379,378.5238095238093
1,1955,379,379.095238095238
1,1956,379,379.42857142857133
1,1957,380,379.57142857142827
1,1958,380,379.9999999999999
1,1959,380,380.33333333333314
1,1960,381,380.71428571428567
1,1961,381,381.2857142857141
1,1962,382,381.76190476190465
1,1963,382,381.9523809523809
1,1964,382,382.09523809523796
1,1965,382,381.90476190476176
1,1966,382,382.04761904761887
1,1967,382,382.3333333333333
1,1968,383,382.66666666666663
1,1969,383,382.95238095238074
1,1970,383,383.0952380952379
1,1971,383,383.095238095238
1,1972,383,382.9523809523809
1,1973,383,382.66666666666646
1,1974,382,382.33333333333314
1,1975,382,382.0476190476189
1,1976,382,381.99999999999994
1,1977,382,381.9523809523809
1,1978,382,381.6666666666664
1,1979,381,381.33333333333314
1,1980,381,381.1428571428572
1,1981,381,380.85714285714283
1,1982,381,380.7619047619047
1,1983,380,380.28571428571416
1,1984,380,379.8095238095237
1,1985,379,379.1904761904761
1,1986,379,378.71428571428555
1,1987,378,378.238095238095
1,1988,378,378.04761904761887
1,1989,378,377.90476190476176
1,1990,378,378.09523809523785
1,1991,378,378.04761904761887
1,1992,378,377.6190476190474
1,1993,377,376.9999999999999
1,1994,376,376.47619047619014
1,1995,376,375.9047619047617
1,1996,376,375.57142857142856
1,1997,375,375.4285714285714
1,1998,375,374.99999999999994
1,1999,375,374.5714285714285
1,2000,374,374.3333333333332
1,2001,374,373.9523809523808
1,2002,374,373.9523809523808
1,2003,374,374.23809523809507
1,2004,375,374.7142857142855
1,2005,375,375.38095238095224
1,2006,376,375.7142857142856
1,2007,376,375.52380952380946
1,2008,375,375.47619047619037
1,2009,375,375.3809523809523
1,2010,376,375.5714285714284
1,2011,376,375.8571428571428
1,2012,376,376.14285714285705
1,2013,376,376.14285714285705
1,2014,377,376.76190476190465
1,2015,377,377.7142857142855
1,2016,379,378.19047619047603
1,2017,379,378.66666666666646
1,2018,378,379.19047619047603
1,2019,380,379.3809523809523
1,2020,380,379.71428571428555
1,2021,380,380.2380952380951
1,2022,380,380.33333333333326
1,2023,381,380.6666666666666
1,2024,381,380.85714285714266
1,2025,381,381.142857142857
1,2026,381,381.23809523809507
1,2027,382,381.7142857142856
1,2028,382,382.3809523809523
1,2029,383,382.7142857142856
1,2030,383,382.52380952380946
1,2031,382,382.4761904761904
1,2032,382,382.47619047619037
1,2033,383,382.52380952380946
1,2034,383,382.52380952380946
1,2035,382,382.4761904761904
1,2036,382,382.38095238095224
1,2037,383,382.57142857142844
1,2038,383,382.95238095238074
1,2039,383,383.190476190476
1,2040,383,382.9523809523809
1,2041,383,382.76190476190465
1,2042,382,382.2857142857142
1,2043,382,381.80952380952374
1,2044,381,381.190476190476
1,2045,381,380.77142857142866
1,2046,380,380.22857142857146
1,2047,380,379.9
1,2048,380,379.8571428571428
1,2049,380,379.6666666666664
1,2050,379,379.33333333333314
1,2051,379,379.2380952380951
1,2052,379,378.80952380952385
1,2053,379,378.4285714285712
1,2054,377,377.6190476190474
1,2055,377,376.76190476190465
1,2056,376,376.14285714285705
1,2057,376,376.0476190476189
1,2058,376,375.9047619047618
1,2059,376,376.0952380952381
1,2060,376,375.95238095238085
1,2061,376,375.6666666666665
1,2062,375,375.3333333333332
1,2063,375,375.0476190476189
1,2064,375,374.9047619047617
1,2065,375,374.99999999999983
1,2066,375,374.99999999999983
1,2067,375,374.99999999999983
1,2068,375,374.99999999999983
1,2069,375,374.99999999999983
1,2070,375,374.90476190476187
1,2071,375,375.047619047619
1,2072,375,375.33333333333326
1,2073,376,375.6666666666666
1,2074,376,375.8571428571428
1,2075,376,376.14285714285705
1,2076,376,376.33333333333326
1,2077,377,376.6666666666667
1,2078,377,376.8571428571427
1,2079,377,377.14285714285705
1,2080,377,377.2380952380951
1,2081,378,377.6190476190474
1,2082,378,378.3333333333332
1,2083,379,378.99999999999994
1,2084,380,379.6666666666665
1,2085,380,380.3809523809521
1,2086,381,380.7619047619047
1,2087,381,380.85714285714266
1,2088,381,381.142857142857
1,2089,381,381.3333333333333
1,2090,382,381.6666666666666
1,2091,382,381.85714285714283
1,2092,382,382.142857142857
1,2093,382,382.3333333333333
1,2094,383,382.66666666666663
1,2095,383,382.95238095238074
1,2096,383,383.0952380952379
1,2097,383,383.0
1,2098,383,383.0
1,2099,383,383.0
1,2100,383,383.0
1,2101,383,383.0
1,2102,383,383.0
1,2103,383,383.0
1,2104,383,383.0
1,2105,383,383.0
1,2106,383,383.095238095238
1,2107,383,382.9523809523809
1,2108,383,382.66666666666646
1,2109,382,382.33333333333314
1,2110,382,382.142857142857
1,2111,382,381.8571428571428
1,2112,382,381.6666666666664
1,2113,381,381.33333333333314
1,2114,381,381.0476190476188
1,2115,381,380.9047619047617
1,2116,381,381.19047619047603
1,2117,381,380.9047619047619
1,2118,381,380.4285714285712
1,2119,379,379.6190476190475
1,2120,379,378.7619047619046
1,2121,378,378.2380952380951
1,2122,378,377.9999999999999
1,2123,378,377.7619047619047
1,2124,377,377.2380952380953
1,2125,377,376.38095238095224
1,2126,375,375.4761904761903
1,2127,375,375.14285714285717
1,2128,375,375.2380952380951
1,2129,376,375.6190476190475
1,2130,376,375.52380952380946
1,2131,375,375.5714285714285
1,2132,375,375.33333333333326
1,2133,376,375.2380952380951
1,2134,375,375.2857142857141
1,2135,375,375.23809523809507
1,2136,375,374.8571428571428
1,2137,375,374.6666666666665
1,2138,374,374.3333333333332
1,2139,374,373.9523809523808
1,2140,374,373.9523809523808
1,2141,374,374.23809523809507
1,2142,375,374.7142857142855
1,2143,375,375.190476190476
1,2144,376,375.8095238095238
1,2145,376,376.2857142857143
1,2146,377,376.76190476190476
1,2147,377,376.8571428571427
1,2148,377,377.14285714285705
1,2149,377,377.4285714285712
1,2150,378,377.6190476190474
1,2151,378,377.52380952380946
1,2152,377,377.47619047619014
1,2153,377,377.3809523809523
1,2154,378,377.57142857142827
1,2155,378,377.95238095238096
1,2156,378,378.09523809523796
1,2157,378,377.90476190476176
1,2158,378,378.04761904761887
1,2159,378,378.33333333333326
1,2160,379,378.57142857142844
1,2161,379,378.9999999999999
1,2162,379,379.42857142857133
1,2163,380,379.66666666666646
1,2164,380,379.9523809523808
1,2165,380,380.095238095238
1,2166,380,379.90476190476176
1,2167,380,380.047619047619
1,2168,380,380.4285714285714
1,2169,381,380.6190476190476
1,2170,381,380.6190476190474
1,2171,380,380.4285714285713
1,2172,380,379.9523809523808
1,2173,380,379.95238095238074
1,2174,380,380.4285714285714
1,2175,381,380.6190476190476
1,2176,381,380.6190476190474
1,2177,380,380.4285714285713
1,2178,380,380.04761904761887
1,2179,380,379.9047619047617
1,2180,380,379.99999999999983
1,2181,380,379.99999999999983
1,2182,380,379.99999999999983
1,2183,380,380.09523809523813
1,2184,380,379.9523809523809
1,2185,380,379.6666666666664
1,2186,379,379.33333333333314
1,2187,379,379.04761904761887
1,2188,379,378.90476190476176
1,2189,379,378.99999999999983
1,2190,379,378.99999999999983
1,2191,379,379.095238095238
1,2192,379,378.952380952381
1,2193,379,378.6666666666665
1,2194,378,378.3333333333331
1,2195,378,378.142857142857
1,2196,378,377.8571428571427
1,2197,378,377.6666666666665
1,2198,377,377.33333333333326
1,2199,377,376.9523809523809
1,2200,377,377.0476190476189
1,2201,377,377.2857142857141
1,2202,378,377.33333333333314
1,2203,377,377.28571428571405
1,2204,377,377.142857142857
1,2205,377,376.9047619047618
1,2206,377,376.9999999999999
1,2207,377,376.9999999999999
1,2208,377,376.9999999999999
1,2209,377,376.9999999999999
1,2210,377,376.9999999999999
1,2211,377,376.9999999999999
1,2212,377,376.90476190476187
1,2213,377,377.04761904761915
1,2214,377,377.33333333333326
1,2215,378,377.6666666666665
1,2216,378,378.047619047619
1,2217,378,378.04761904761887
1,2218,378,377.57142857142827
1,2219,377,377.3809523809523
1,2220,377,377.3809523809523
1,2221,378,377.47619047619025
1,2222,378,377.9999999999999
1,2223,378,378.4285714285712
1,2224,379,378.6666666666666
1,2225,379,378.95238095238085
1,2226,379,379.095238095238
1,2227,379,378.90476190476176
1,2228,379,379.047619047619
1,2229,379,379.33333333333314
1,2230,380,379.66666666666646
1,2231,380,379.9523809523808
1,2232,380,380.095238095238
1,2233,380,379.99999999999983
1,2234,380,379.99999999999983
1,2235,380,379.90476190476176
1,2236,380,380.047619047619
1,2237,380,380.33333333333326
1,2238,381,380.6666666666666
1,2239,381,380.95238095238096
1,2240,381,381.09523809523796
1,2241,381,380.9999999999999
1,2242,381,380.9999999999999
1,2243,381,380.9999999999999
1,2244,381,380.9999999999999
1,2245,381,380.9999999999999
1,2246,381,380.9999999999999
1,2247,381,381.00000000000017
1,2248,381,380.9999999999998
1,2249,381,381.0
2,0,377,377.71428571428567
2,1,377,376.90476190476176
2,2,377,376.8571428571426
2,3,377,377.2380952380951
2,4,378,377.7142857142856
2,5,378,378.2857142857143
2,6,379,378.76190476190465
2,7,379,378.95238095238085
2,8,379,379.095238095238
2,9,379,378.99999999999983
2,10,379,378.99999999999983
2,11,379,378.90476190476176
2,12,379,379.047619047619
2,13,379,379.4285714285714
2,14,380,379.6190476190474
2,15,380,379.61904761904754
2,16,379,379.4285714285713
2,17,379,379.04761904761887
2,18,379,378.90476190476176
2,19,379,378.99999999999983
2,20,379,379.095238095238
2,21,379,378.952380952381
2,22,379,378.57142857142844
2,23,378,378.3809523809524
2,24,378,378.28571428571416
2,25,379,378.6190476190475
2,26,379,379.38095238095224
2,27,380,379.7142857142855
2,28,380,379.61904761904754
2,29,379,379.4285714285713
2,30,379,379.14285714285705
2,31,379,378.85714285714266
2,32,379,378.6666666666665
2,33,378,378.3333333333331
2,34,378,378.04761904761887
2,35,378,378.0
2,36,378,377.9523809523808
2,37,378,377.6666666666665
2,38,377,377.238095238095
2,39,377,377.19047619047615
2,40,377,377.19047619047603
2,41,378,377.2380952380952
2,42,377,377.33333333333326
2,43,377,377.4761904761905
2,44,378,377.6666666666665
2,45,378,377.9047619047618
2,46,378,377.4761904761903
2,47,377,377.4761904761905
2,48,377,378.047619047619
2,49,380,378.9047619047618
2,50,380,379.8571428571428
2,51,380,380.4761904761903
2,52,380,379.90476190476187
2,53,380,379.33333333333326
2,54,378,378.66666666666646
2,55,378,377.99999999999983
2,56,378,377.8571428571428
2,57,378,378.33333333333326
2,58,379,378.6666666666666
2,59,379,378.95238095238085
2,60,379,379.095238095238
2,61,379,378.99999999999983
2,62,379,378.99999999999983
2,63,379,378.99999999999983
2,64,379,378.99999999999983
2,65,379,378.99999999999983
2,66,379,378.99999999999983
2,67,379,378.90476190476176
2,68,379,379.14285714285705
2,69,379,379.2857142857142
2,70,380,379.33333333333314
2,71,379,379.2857142857143
2,72,379,378.95238095238096
2,73,379,378.99999999999994
2,74,379,379.7619047619046
2,75,381,380.285714285714
2,76,381,380.5714285714285
2,77,380,380.5238095238094
2,78,380,380.04761904761887
2,79,380,379.9047619047617
2,80,380,379.99999999999983
2,81,380,379.99999999999983
2,82,380,379.99999999999983
2,83,380,379.99999999999983
2,84,380,380.09523809523813
2,85,380,379.9523809523809
2,86,380,379.6666666666664
2,87,379,379.33333333333314
2,88,379,379.14285714285705
2,89,379,378.85714285714266
2,90,379,378.6666666666665
2,91,378,378.2380952380951
2,92,378,378.0952380952379
2,93,378,378.33333333333326
2,94,379,378.6190476190474
2,95,379,378.6190476190474
2,96,378,378.4285714285712
2,97,378,378.142857142857
2,98,378,377.8571428571427
2,99,378,377.6666666666665
2,100,377,377.33333333333326
2,101,377,376.9523809523809
2,102,377,376.9523809523808
2,103,377,377.4285714285712
2,104,378,377.6190476190474
2,105,378,377.6190476190475
2,106,377,377.4285714285713
2,107,377,377.1428571428571
2,108,377,376.8571428571427
2,109,377,376.7619047619048
2,110,376,376.2857142857141
2,111,376,375.71428571428555
2,112,375,375.2380952380953
2,113,375,374.95238095238074
2,114,375,374.95238095238096
2,115,375,375.33333333333326
2,116,376,375.5714285714284
2,117,376,375.9999999999999
2,118,376,376.33333333333314
2,119,377,376.71428571428555
2,120,377,377.1904761904759
2,121,378,377.8095238095237
2,122,378,378.190476190476
2,123,379,378.8095238095237
2,124,379,379.38095238095224
2,125,380,379.7142857142855
2,126,380,379.52380952380935
2,127,379,379.4761904761903
2,128,379,379.28571428571416
2,129,380,379.6190476190476
2,130,380,380.19047619047603
2,131,381,380.80952380952374
2,132,381,381.2857142857141
2,133,382,381.76190476190465
2,134,382,381.85714285714283
2,135,382,382.142857142857
2,136,382,382.42857142857133
2,137,383,382.6190476190475
2,138,383,382.61904761904736
2,139,382,382.42857142857133
2,140,382,382.0476190476189
2,141,382,381.9047619047618
2,142,382,381.9999999999997
2,143,382,381.9999999999997
2,144,382,381.9999999999997
2,145,382,382.095238095238
2,146,382,381.9523809523809
2,147,382,381.76190476190465
2,148,381,381.2857142857142
2,149,381,380.6190476190474
2,150,380,380.28571428571416
2,151,380,380.47619047619037
2,152,381,380.52380952380946
2,153,381,380.6190476190474
2,154,380,380.4285714285713
2,155,380,380.2380952380951
2,156,380,379.8095238095237
2,157,380,379.4285714285712
2,158,378,378.7142857142857
2,159,378,377.71428571428544
2,160,377,376.8095238095237
2,161,376,376.38095238095235
2,162,376,376.0476190476189
2,163,376,375.8571428571427
2,164,376,375.6666666666665
2,165,375,375.3333333333332
2,166,375,375.0476190476189
2,167,375,374.9047619047617
2,168,375,374.99999999999983
2,169,375,374.99999999999983
2,170,375,375.0952380952379
2,171,375,374.95238095238085
2,172,375,374.57142857142856
2,173,374,374.38095238095224
2,174,374,374.38095238095224
2,175,375,374.5714285714285
2,176,375,374.9523809523808
2,177,375,374.9047619047617
2,178,375,375.0952380952381
2,179,375,375.8571428571427
2,180,377,376.2380952380951
2,181,377,375.95238095238085
2,182,375,375.9999999999999
2,183,375,376.19047619047615
2,184,378,376.76190476190465
2,185,378,377.33333333333326
2,186,377,377.71428571428544
2,187,377,377.6190476190474
2,188,379,378.28571428571416
2,189,379,379.14285714285694
2,190,380,379.9047619047617
2,191,380,380.3809523809521
2,192,381,380.71428571428555
2,193,381,380.4285714285713
2,194,380,380.5238095238094
2,195,380,380.71428571428567
2,196,382,381.238095238095
2,197,382,381.9047619047618
2,198,382,382.1904761904761
2,199,382,381.9999999999997
2,200,382,381.90476190476176
2,201,382,382.04761904761887
2,202,382,382.42857142857133
2,203,383,382.6190476190475
2,204,383,382.61904761904736
2,205,382,382.42857142857133
2,206,382,381.95238095238085
2,207,382,381.95238095238085
2,208,382,382.42857142857133
2,209,383,382.6190476190475
2,210,383,382.7142857142856
2,211,382,382.3809523809523
2,212,382,381.80952380952374
2,213,381,381.190476190476
2,214,381,380.6190476190474
2,215,380,380.28571428571416
2,216,380,380.5714285714285
2,217,381,380.4761904761903
2,218,381,380.2857142857141
2,219,379,379.7619047619048
2,220,379,379.19047619047603
2,221,379,378.85714285714266
2,222,379,378.6190476190474
2,223,378,378.0
2,224,377,377.3809523809523
2,225,377,377.0476190476189
2,226,377,376.8571428571427
2,227,377,376.66666666666663
2,228,376,376.3333333333333
2,229,376,376.2380952380951
2,230,376,375.80952380952374
2,231,376,375.23809523809507
2,232,374,374.71428571428567
2,233,374,374.42857142857133
2,234,375,374.4761904761905
2,235,375,374.9523809523808
2,236,375,375.09523809523796
2,237,375,374.99999999999983
2,238,375,374.99999999999983
2,239,375,375.0952380952379
2,240,375,374.95238095238085
2,241,375,374.57142857142856
2,242,374,374.28571428571416
2,243,374,374.42857142857133
2,244,375,374.80952380952374
2,245,376,375.66666666666646
2,246,376,376.2857142857141
2,247,377,376.80952380952374
2,248,377,377.2857142857142
2,249,378,377.7619047619047
2,250,378,377.95238095238096
2,251,378,378.19047619047603
2,252,378,377.9523809523808
2,253,378,377.74285714285725
2,254,377,377.37142857142834
2,255,377,376.89999999999986
2,256,377,377.33333333333326
2,257,377,377.1904761904761
2,258,377,378.047619047619
2,259,381,379.71428571428555
2,260,381,381.14285714285694
2,261,382,382.04761904761887
2,262,382,381.85714285714283
2,263,382,382.142857142857
2,264,382,382.3333333333333
2,265,383,382.76190476190465
2,266,383,382.9047619047618
2,267,383,382.7619047619046
2,268,382,382.33333333333314
2,269,382,382.0476190476189
2,270,382,381.9047619047618
2,271,382,381.9999999999997
2,272,382,381.9999999999997
2,273,382,382.095238095238
2,274,382,381.9523809523809
2,275,382,381.76190476190465
2,276,381,381.2857142857142
2,277,381,380.71428571428555
2,278,380,380.2380952380952
2,279,380,380.2380952380951
2,280,380,379.8095238095237
2,281,380,379.33333333333326
2,282,378,378.66666666666646
2,283,378,378.19047619047603
2,284,378,377.7619047619047
2,285,378,377.7619047619048
2,286,377,377.2857142857141
2,287,377,376.71428571428567
2,288,376,376.33333333333326
2,289,376,375.99999999999994
2,290,376,375.57142857142856
2,291,375,375.3333333333332
2,292,375,375.14285714285705
2,293,375,374.8571428571428
2,294,375,374.57142857142856
2,295,374,374.38095238095224
2,296,374,374.38095238095224
2,297,375,374.5714285714285
2,298,375,375.0476190476189
2,299,375,375.04761904761904
2,300,375,374.6666666666665
2,301,374,374.3333333333332
2,302,374,373.9523809523808
2,303,374,373.9523809523808
2,304,374,374.3333333333332
2,305,375,374.66666666666663
2,306,375,374.7619047619047
2,307,375,375.190476190476
2,308,375,375.7619047619046
2,309,377,376.2857142857141
2,310,377,376.3809523809521
2,311,376,376.61904761904754
2,312,376,376.7142857142856
2,313,378,377.04761904761904
2,314,378,377.99999999999983
2,315,378,378.8571428571428
2,316,380,379.33333333333326
2,317,380,379.8095238095236
2,318,380,380.2380952380951
2,319,380,380.33333333333326
2,320,381,380.6666666666666
2,321,381,380.85714285714266
2,322,381,381.142857142857
2,323,381,381.23809523809507
2,324,382,381.7142857142856
2,325,382,382.2857142857143
2,326,383,382.7619047619046
2,327,383,383.04761904761887
2,328,383,383.04761904761887
2,329,383,382.66666666666646
2,330,382,382.33333333333314
2,331,382,382.0476190476189
2,332,382,381.9047619047618
2,333,382,381.9999999999997
2,334,382,381.9999999999997
2,335,382,381.9999999999997
2,336,382,382.095238095238
2,337,382,381.9523809523809
2,338,382,381.76190476190465
2,339,381,381.2857142857142
2,340,381,380.9047619047618
2,341,380,380.14285714285705
2,342,380,379.2857142857142
2,343,378,378.6190476190475
2,344,378,378.6190476190475
2,345,379,378.38095238095224
2,346,379,378.28571428571416
2,347,377,377.7619047619047
2,348,377,377.0952380952379
2,349,377,376.8095238095236
2,350,377,377.0952380952381
2,351,377,376.952380952381
2,352,377,376.7619047619048
2,353,376,376.2857142857141
2,354,376,375.71428571428555
2,355,375,375.33333333333326
2,356,375,374.99999999999994
2,357,375,374.5714285714285
2,358,374,374.3333333333332
2,359,374,373.9523809523808
2,360,374,373.9523809523808
2,361,374,374.3333333333332
2,362,375,374.66666666666663
2,363,375,374.9523809523808
2,364,375,375.09523809523796
2,365,375,374.99999999999983
2,366,375,374.99999999999983
2,367,375,374.90476190476187
2,368,375,375.047619047619
2,369,375,375.33333333333326
2,370,376,375.4761904761903
2,371,376,376.0476190476189
2,372,376,376.6666666666666
2,373,378,377.38095238095224
2,374,378,378.23809523809507
2,375,379,378.85714285714266
2,376,379,378.95238095238085
2,377,379,379.095238095238
2,378,379,378.90476190476176
2,379,379,379.047619047619
2,380,379,379.238095238095
2,381,380,379.71428571428555
2,382,380,380.3809523809521
2,383,381,380.71428571428555
2,384,381,380.52380952380946
2,385,380,380.4761904761903
2,386,380,380.3809523809523
2,387,381,380.57142857142856
2,388,381,380.85714285714266
2,389,381,381.142857142857
2,390,381,381.3333333333333
2,391,382,381.6666666666666
2,392,382,381.9523809523809
2,393,382,382.09523809523796
2,394,382,381.9999999999997
2,395,382,382.095238095238
2,396,382,381.9523809523809
2,397,382,381.6666666666664
2,398,381,381.33333333333314
2,399,381,381.0476190476188
2,400,381,380.9047619047617
2,401,381,381.0952380952378
2,402,381,380.95238095238085
2,403,381,380.6666666666666
2,404,380,380.33333333333314
2,405,380,380.1428571428571
2,406,380,379.8571428571428
2,407,380,379.6666666666664
2,408,379,379.33333333333314
2,409,379,379.14285714285705
2,410,379,378.85714285714266
2,411,379,378.76190476190465
2,412,378,378.28571428571416
2,413,378,377.7142857142856
2,414,377,377.33333333333326
2,415,377,376.99999999999994
2,416,377,376.5714285714285
2,417,376,376.3333333333333
2,418,376,376.14285714285705
2,419,376,375.8571428571427
2,420,376,375.7619047619048
2,421,375,375.2857142857142
2,422,375,374.61904761904754
2,423,374,374.2857142857143
2,424,374,374.47619047619025
2,425,375,374.5238095238094
2,426,375,374.5238095238095
2,427,374,374.4761904761905
2,428,374,374.38095238095224
2,429,375,374.5714285714285
2,430,375,374.7619047619047
2,431,375,375.2857142857142
2,432,375,375.6190476190475
2,433,377,375.90476190476187
2,434,376,376.2857142857143
2,435,376,376.57142857142844
2,436,377,376.57142857142844
2,437,377,376.8571428571427
2,438,377,377.14285714285705
2,439,377,377.2380952380951
2,440,378,377.7142857142856
2,441,378,378.2857142857143
2,442,379,378.76190476190465
2,443,379,378.76190476190465
2,444,379,379.19047619047586
2,445,379,379.6666666666666
2,446,381,380.3333333333332
2,447,381,380.9047619047618
2,448,381,381.1904761904761
2,449,381,380.90476190476176
2,450,381,381.0476190476189
2,451,381,381.23809523809507
2,452,382,381.7142857142856
2,453,382,382.2857142857143
2,454,383,382.7619047619046
2,455,383,383.52380952380935
2,456,383,382.8095238095237
2,457,383,381.09523809523796
2,458,377,378.9523809523809
2,459,377,376.952380952381
2,460,376,375.28571428571416
2,461,376,376.28571428571405
2,462,376,377.57142857142844
2,463,381,379.33333333333326
2,464,381,380.7619047619047
2,465,381,381.4761904761903
2,466,381,381.0952380952378
2,467,381,380.95238095238085
2,468,381,380.7619047619047
2,469,380,380.28571428571416
2,470,380,379.8095238095237
2,471,379,379.1904761904761
2,472,379,378.71428571428555
2,473,378,378.238095238095
2,474,378,378.04761904761887
2,475,378,378.0952380952381
2,476,378,377.90476190476187
2,477,378,377.33333333333326
2,478,376,376.6666666666666
2,479,376,376.19047619047615
2,480,376,375.76190476190476
2,481,376,375.57142857142844
2,482,375,375.38095238095224
2,483,375,375.4761904761905
2,484,376,375.52380952380946
2,485,376,375.6190476190475
2,486,375,375.4285714285712
2,487,375,375.0476190476189
2,488,375,374.9047619047617
2,489,375,374.99999999999983
2,490,375,374.99999999999983
2,491,375,375.0952380952379
2,492,375,374.95238095238085
2,493,375,374.57142857142856
2,494,374,374.38095238095224
2,495,374,374.28571428571416
2,496,375,374.6190476190475
2,497,375,375.2857142857141
2,498,376,375.57142857142844
2,499,376,376.0476190476189
2,500,376,376.85714285714266
2,501,378,377.2857142857141
2,502,378,377.3809523809521
2,503,377,377.61904761904754
2,504,377,377.6190476190474
2,505,379,378.28571428571416
2,506,379,379.2380952380951
2,507,380,379.8571428571427
2,508,380,379.9523809523808
2,509,380,380.1428571428572
2,510,380,379.99999999999994
2,511,380,379.99999999999994
2,512,380,379.9523809523808
2,513,381,380.57142857142844
2,514,381,381.3809523809523
2,515,382,381.76190476190465
2,516,382,381.9523809523809
2,517,382,382.09523809523796
2,518,382,381.9999999999997
2,519,382,381.9999999999997
2,520,382,381.9999999999997
2,521,382,381.9999999999997
2,522,382,381.9999999999997
2,523,382,381.90476190476176
2,524,382,382.04761904761887
2,525,382,382.42857142857133
2,526,383,382.6190476190475
2,527,383,382.7142857142856
2,528,382,382.3809523809523
2,529,382,381.71428571428555
2,530,381,381.23809523809507
2,531,381,381.1428571428572
2,532,381,380.85714285714283
2,533,381,380.7619047619047
2,534,380,380.28571428571416
2,535,380,379.7142857142856
2,536,379,379.238095238095
2,537,379,379.14285714285705
2,538,379,378.85714285714266
2,539,379,378.6666666666665
2,540,378,378.3333333333331
2,541,378,378.04761904761887
2,542,378,378.0952380952381
2,543,378,377.90476190476187
2,544,378,377.4285714285712
2,545,376,376.6190476190475
2,546,376,375.7619047619047
2,547,375,375.142857142857
2,548,375,375.14285714285705
2,549,375,374.8571428571428
2,550,375,374.57142857142856
2,551,374,374.38095238095224
2,552,374,374.38095238095224
2,553,375,374.5714285714285
2,554,375,374.9523809523808
2,555,375,375.09523809523796
2,556,375,374.99999999999983
2,557,375,374.99999999999983
2,558,375,374.99999999999983
2,559,375,374.99999999999983
2,560,375,374.90476190476187
2,561,375,375.047619047619
2,562,375,375.33333333333326
2,563,376,375.5714285714284
2,564,376,375.9999999999999
2,565,376,376.2380952380951
2,566,377,376.76190476190465
2,567,377,377.7142857142855
2,568,379,378.3809523809522
2,569,379,378.4761904761904
2,570,378,378.5714285714283
2,571,378,378.28571428571416
2,572,379,378.6190476190475
2,573,379,379.1904761904761
2,574,380,379.8095238095238
2,575,380,380.2857142857142
2,576,381,380.7619047619047
2,577,381,380.95238095238096
2,578,381,381.09523809523796
2,579,381,380.90476190476176
2,580,381,381.0476190476189
2,581,381,381.3333333333333
2,582,382,381.6666666666666
2,583,382,381.9523809523809
2,584,382,381.9999999999999
2,585,382,382.04761904761887
2,586,382,382.3333333333333
2,587,383,382.66666666666663
2,588,383,382.95238095238074
2,589,383,383.0952380952379
2,590,383,383.095238095238
2,591,383,382.9523809523809
2,592,383,382.66666666666646
2,593,382,382.33333333333314
2,594,382,382.142857142857
2,595,382,381.8571428571428
2,596,382,381.76190476190465
2,597,381,381.2857142857142
2,598,381,380.80952380952374
2,599,380,380.19047619047603
2,600,380,379.8095238095237
2,601,379,379.1904761904761
2,602,379,378.71428571428555
2,603,378,378.238095238095
2,604,378,378.238095238095
2,605,378,377.80952380952374
2,606,378,377.2380952380951
2,607,376,376.71428571428567
2,608,376,376.42857142857133
2,609,377,376.4761904761904
2,610,377,376.9523809523808
2,611,377,377.095238095238
2,612,377,376.9999999999999
2,613,377,376.9999999999999
2,614,377,376.9999999999999
2,615,377,376.9999999999999
2,616,377,376.9999999999999
2,617,377,376.9999999999999
2,618,377,376.9999999999999
2,619,377,377.0952380952381
2,620,377,376.952380952381
2,621,377,376.57142857142844
2,622,376,376.3809523809523
2,623,376,376.3809523809523
2,624,377,376.57142857142844
2,625,377,376.9523809523808
2,626,377,377.095238095238
2,627,377,376.9999999999999
2,628,377,376.9999999999999
2,629,377,376.9999999999999
2,630,377,376.9999999999999
2,631,377,376.9999999999999
2,632,377,376.8095238095238
2,633,377,377.0952380952379
2,634,377,377.76190476190465
2,635,379,378.28571428571416
2,636,379,378.4761904761904
2,637,378,378.5714285714283
2,638,378,378.3809523809523
2,639,379,378.5714285714283
2,640,379,378.95238095238085
2,641,379,379.095238095238
2,642,379,378.99999999999983
2,643,379,378.99999999999983
2,644,379,378.90476190476176
2,645,379,379.047619047619
2,646,379,379.33333333333314
2,647,380,379.66666666666646
2,648,380,379.9523809523808
2,649,380,380.095238095238
2,650,380,379.99999999999983
2,651,380,379.99999999999983
2,652,380,379.99999999999983
2,653,380,379.99999999999983
2,654,380,379.99999999999983
2,655,380,379.99999999999983
2,656,380,379.99999999999983
2,657,380,380.09523809523813
2,658,380,379.9523809523809
2,659,380,379.85714285714283
2,660,379,379.2380952380952
2,661,379,378.76190476190465
2,662,377,377.3809523809524
2,663,377,375.76190476190465
2,664,373,374.142857142857
2,665,373,373.19047619047615
2,666,373,372.1428571428571
2,667,373,373.23809523809507
2,668,373,374.6666666666664
2,669,378,376.3333333333331
2,670,378,377.7619047619047
2,671,378,378.47619047619037
2,672,378,378.09523809523785
2,673,378,377.9523809523808
2,674,378,377.6666666666665
2,675,377,377.33333333333326
2,676,377,377.047619047619
2,677,377,377.0
2,678,377,376.952380952381
2,679,377,376.66666666666663
2,680,376,376.3333333333333
2,681,376,375.95238095238085
2,682,376,375.95238095238085
2,683,376,376.33333333333326
2,684,377,376.6666666666667
2,685,377,376.9523809523808
2,686,377,377.095238095238
2,687,377,376.9999999999999
2,688,377,376.9999999999999
2,689,377,376.9999999999999
2,690,377,376.9999999999999
2,691,377,376.90476190476187
2,692,377,377.04761904761915
2,693,377,377.33333333333326
2,694,378,377.6666666666665
2,695,378,377.95238095238096
2,696,378,377.99999999999983
2,697,378,378.04761904761887
2,698,378,378.33333333333326
2,699,379,378.6666666666666
2,700,379,378.95238095238085
2,701,379,379.095238095238
2,702,379,378.99999999999983
2,703,379,378.99999999999983
2,704,379,378.99999999999983
2,705,379,378.99999999999983
2,706,379,378.90476190476176
2,707,379,379.047619047619
2,708,379,379.33333333333314
2,709,380,379.66666666666646
2,710,380,379.9523809523808
2,711,380,380.095238095238
2,712,380,379.99999999999983
2,713,380,379.99999999999983
2,714,380,379.90476190476176
2,715,380,380.047619047619
2,716,380,380.4285714285714
2,717,381,380.6190476190476
2,718,381,380.6190476190474
2,719,380,380.4285714285713
2,720,380,380.04761904761887
2,721,380,379.9047619047617
2,722,380,379.99999999999983
2,723,380,380.09523809523813
2,724,380,379.9523809523809
2,725,380,379.6666666666664
2,726,379,379.33333333333314
2,727,379,379.14285714285705
2,728,379,378.85714285714266
2,729,379,378.57142857142844
2,730,378,378.3809523809524
2,731,378,378.47619047619037
2,732,379,378.5238095238094
2,733,379,378.6190476190474
2,734,378,378.4285714285712
2,735,378,378.142857142857
2,736,378,377.8571428571427
2,737,378,377.6666666666665
2,738,377,377.33333333333326
2,739,377,377.047619047619
2,740,377,376.9047619047618
2,741,377,376.9999999999999
2,742,377,376.9999999999999
2,743,377,376.9999999999999
2,744,377,376.9999999999999
2,745,377,376.9999999999999
2,746,377,376.9999999999999
2,747,377,376.9999999999999
2,748,377,376.9999999999999
2,749,377,376.9999999999999
2,750,377,376.90476190476187
2,751,377,377.04761904761915
2,752,377,377.4285714285712
2,753,378,377.6190476190474
2,754,378,377.52380952380946
2,755,377,377.47619047619014
2,756,377,377.3809523809523
2,757,378,377.57142857142827
2,758,378,377.95238095238096
2,759,378,378.09523809523796
2,760,378,377.9999999999999
2,761,378,377.9999999999999
2,762,378,377.90476190476176
2,763,378,378.04761904761887
2,764,378,378.23809523809507
2,765,379,378.62857142857155
2,766,379,379.2285714285713
2,767,380,379.9
2,768,379,379.0952380952381
2,769,379,379.238095238095
2,770,380,379.66666666666646
2,771,380,379.9523809523808
2,772,380,380.095238095238
2,773,380,380.09523809523813
2,774,380,379.9523809523809
2,775,380,379.57142857142844
2,776,379,379.38095238095224
2,777,379,379.47619047619037
2,778,380,379.52380952380935
2,779,380,379.52380952380935
2,780,379,379.4761904761903
2,781,379,379.3809523809523
2,782,380,379.57142857142844
2,783,380,379.9523809523808
2,784,380,380.095238095238
2,785,380,379.99999999999983
2,786,380,380.09523809523813
2,787,380,379.9523809523809
2,788,380,379.6666666666664
2,789,379,379.2380952380951
2,790,379,379.0952380952381
2,791,379,379.238095238095
2,792,380,379.76190476190476
2,793,380,379.90476190476187
2,794,380,379.76190476190453
2,795,379,379.33333333333314
2,796,379,379.04761904761887
2,797,379,378.90476190476176
2,798,379,378.99999999999983
2,799,379,378.99999999999983
2,800,379,378.99999999999983
2,801,379,378.99999999999983
2,802,379,379.190476190476
2,803,379,378.90476190476187
2,804,379,378.23809523809507
2,805,377,377.7142857142856
2,806,377,377.5238095238093
2,807,378,377.4285714285712
2,808,378,377.6190476190475
2,809,377,377.4285714285713
2,810,377,377.047619047619
2,811,377,376.9047619047618
2,812,377,376.9999999999999
2,813,377,377.0952380952381
2,814,377,376.952380952381
2,815,377,376.66666666666663
2,816,376,376.3333333333333
2,817,376,376.0476190476189
2,818,376,375.9047619047618
2,819,376,375.9999999999999
2,820,376,375.9999999999999
2,821,376,375.9999999999999
2,822,376,375.9999999999999
2,823,376,375.9999999999999
2,824,376,375.9999999999999
2,825,376,376.0952380952381
2,826,376,375.95238095238085
2,827,376,375.57142857142844
2,828,375,375.38095238095224
2,829,375,375.3809523809523
2,830,376,375.5714285714284
2,831,376,375.95238095238085
2,832,376,375.9999999999999
2,833,376,376.0476190476189
2,834,376,376.33333333333326
2,835,377,376.6666666666667
2,836,377,376.9523809523808
2,837,377,377.095238095238
2,838,377,376.90476190476187
2,839,377,377.04761904761915
2,840,377,377.2380952380951
2,841,378,377.7142857142856
2,842,378,378.38095238095224
2,843,379,378.7142857142855
2,844,379,378.6190476190474
2,845,378,378.4285714285712
2,846,378,377.95238095238085
2,847,378,377.95238095238096
2,848,378,378.33333333333326
2,849,379,378.76190476190465
2,850,379,378.9047619047618
2,851,379,378.76190476190453
2,852,378,378.3333333333331
2,853,378,378.04761904761887
2,854,378,377.90476190476176
2,855,378,377.9999999999999
2,856,378,377.9999999999999
2,857,378,378.09523809523785
2,858,378,377.9523809523808
2,859,378,377.6666666666665
2,860,377,377.33333333333326
2,861,377,377.047619047619
2,862,377,376.9047619047618
2,863,377,376.9999999999999
2,864,377,376.9999999999999
2,865,377,377.0952380952381
2,866,377,376.952380952381
2,867,377,376.66666666666663
2,868,376,376.3333333333333
2,869,376,376.14285714285705
2,870,376,375.8571428571427
2,871,376,375.57142857142844
2,872,375,375.38095238095224
2,873,375,375.3809523809523
2,874,376,375.4761904761903
2,875,376,375.9999999999999
2,876,376,376.42857142857133
2,877,377,376.6666666666667
2,878,377,377.0476190476189
2,879,377,377.0476190476189
2,880,377,376.57142857142844
2,881,376,376.3809523809523
2,882,376,376.3809523809523
2,883,377,376.57142857142844
2,884,377,376.8571428571427
2,885,377,377.14285714285705
2,886,377,377.33333333333326
2,887,378,377.6666666666665
2,888,378,377.95238095238096
2,889,378,378.09523809523796
2,890,378,377.9999999999999
2,891,378,377.9999999999999
2,892,378,377.80952380952374
2,893,378,378.190476190476
2,894,378,378.6190476190475
2,895,380,378.90476190476164
2,896,379,379.2857142857142
2,897,379,379.47619047619037
2,898,380,379.6190476190476
2,899,380,380.3809523809521
2,900,381,380.71428571428555
2,901,381,380.52380952380946
2,902,380,380.4761904761903
2,903,380,380.3809523809523
2,904,381,380.57142857142856
2,905,381,380.95238095238096
2,906,381,381.09523809523796
2,907,381,381.0952380952378
2,908,381,380.95238095238085
2,909,381,380.6666666666666
2,910,380,380.33333333333314
2,911,380,379.9523809523808
2,912,380,380.047619047619
2,913,380,380.28571428571433
2,914,381,380.3333333333332
2,915,380,380.28571428571416
2,916,380,380.142857142857
2,917,380,379.9047619047617
2,918,380,379.99999999999983
2,919,380,379.99999999999983
2,920,380,380.09523809523813
2,921,380,379.9523809523809
2,922,380,379.6666666666664
2,923,379,379.33333333333314
2,924,379,379.14285714285705
2,925,379,378.85714285714266
2,926,379,378.6666666666665
2,927,378,378.3333333333331
2,928,378,378.04761904761887
2,929,378,377.90476190476176
2,930,378,377.9999999999999
2,931,378,377.9999999999999
2,932,378,377.9999999999999
2,933,378,377.9999999999999
2,934,378,377.9999999999999
2,935,378,377.9999999999999
2,936,378,378.09523809523785
2,937,378,377.9523809523808
2,938,378,377.6666666666665
2,939,377,377.33333333333326
2,940,377,377.047619047619
2,941,377,376.9047619047618
2,942,377,376.9999999999999
2,943,377,376.9999999999999
2,944,377,376.9999999999999
2,945,377,376.90476190476187
2,946,377,377.04761904761915
2,947,377,377.33333333333326
2,948,378,377.6666666666665
2,949,378,377.95238095238096
2,950,378,378.09523809523796
2,951,378,377.90476190476176
2,952,378,378.04761904761887
2,953,378,378.4285714285712
2,954,379,378.6190476190474
2,955,379,378.6190476190474
2,956,378,378.4285714285712
2,957,378,378.04761904761887
2,958,378,377.80952380952374
2,959,378,378.04761904761887
2,960,378,378.33333333333326
2,961,379,378.6666666666666
2,962,379,378.95238095238085
2,963,379,379.095238095238
2,964,379,378.99999999999983
2,965,379,378.99999999999983
2,966,379,378.99999999999983
2,967,379,378.99999999999983
2,968,379,378.99999999999983
2,969,379,378.99999999999983
2,970,379,378.90476190476176
2,971,379,379.047619047619
2,972,379,379.4285714285714
2,973,380,379.6190476190474
2,974,380,379.61904761904754
2,975,379,379.4285714285713
2,976,379,378.9523809523809
2,977,379,379.0476190476189
2,978,379,379.2857142857142
2,979,380,379.33333333333314
2,980,379,379.2857142857143
2,981,379,379.142857142857
2,982,379,378.90476190476176
2,983,379,379.095238095238
2,984,379,378.952380952381
2,985,379,378.6666666666665
2,986,378,378.3333333333331
2,987,378,377.95238095238085
2,988,378,377.95238095238096
2,989,378,378.33333333333326
2,990,379,378.6666666666666
2,991,379,379.0476190476189
2,992,379,379.0476190476189
2,993,379,378.6666666666665
2,994,378,378.3333333333331
2,995,378,378.142857142857
2,996,378,377.8571428571427
2,997,378,377.6666666666665
2,998,377,377.33333333333326
2,999,377,377.047619047619
2,1000,377,376.9047619047618
2,1001,377,376.9999999999999
2,1002,377,376.9999999999999
2,1003,377,376.9999999999999
2,1004,377,376.9999999999999
2,1005,377,376.9999999999999
2,1006,377,376.9999999999999
2,1007,377,376.9999999999999
2,1008,377,376.9999999999999
2,1009,377,376.9999999999999
2,1010,377,376.9999999999999
2,1011,377,376.9999999999999
2,1012,377,376.9999999999999
2,1013,377,376.9999999999999
2,1014,377,376.8095238095238
2,1015,377,377.0952380952379
2,1016,377,377.76190476190465
2,1017,379,378.28571428571416
2,1018,379,378.57142857142844
2,1019,378,378.52380952380946
2,1020,378,377.95238095238085
2,1021,378,377.85714285714306
2,1022,378,378.2571428571428
2,1023,379,378.95000000000005
2,1024,379,379.04761904761887
2,1025,379,378.8095238095237
2,1026,379,379.047619047619
2,1027,379,379.33333333333314
2,1028,380,379.66666666666646
2,1029,380,379.9523809523808
2,1030,380,380.095238095238
2,1031,380,379.90476190476176
2,1032,380,380.047619047619
2,1033,380,380.33333333333326
2,1034,381,380.6666666666666
2,1035,381,380.95238095238096
2,1036,381,381.09523809523796
2,1037,381,380.9999999999999
2,1038,381,380.9999999999999
2,1039,381,380.9999999999999
2,1040,381,380.9999999999999
2,1041,381,380.9999999999999
2,1042,381,380.9999999999999
2,1043,381,380.9999999999999
2,1044,381,381.0952380952378
2,1045,381,380.95238095238085
2,1046,381,380.6666666666666
2,1047,380,380.33333333333314
2,1048,380,380.04761904761887
2,1049,380,379.9047619047617
2,1050,380,379.99999999999983
2,1051,380,379.99999999999983
2,1052,380,380.09523809523813
2,1053,380,379.9523809523809
2,1054,380,379.6666666666664
2,1055,379,379.33333333333314
2,1056,379,379.04761904761887
2,1057,379,378.90476190476176
2,1058,379,379.095238095238
2,1059,379,378.952380952381
2,1060,379,378.6666666666665
2,1061,378,378.3333333333331
2,1062,378,378.04761904761887
2,1063,378,377.90476190476176
2,1064,378,377.9999999999999
2,1065,378,378.09523809523785
2,1066,378,377.9523809523808
2,1067,378,377.6666666666665
2,1068,377,377.33333333333326
2,1069,377,377.047619047619
2,1070,377,376.9047619047618
2,1071,377,376.9999999999999
2,1072,377,376.9999999999999
2,1073,377,376.90476190476187
2,1074,377,377.04761904761915
2,1075,377,377.4285714285712
2,1076,378,377.6190476190474
2,1077,378,377.6190476190475
2,1078,377,377.4285714285713
2,1079,377,377.1428571428571
2,1080,377,376.8571428571427
2,1081,377,376.57142857142844
2,1082,376,376.3809523809523
2,1083,376,376.3809523809523
2,1084,377,376.57142857142844
2,1085,377,376.8571428571427
2,1086,377,377.14285714285705
2,1087,377,377.33333333333326
2,1088,378,377.6666666666665
2,1089,378,378.047619047619
2,1090,378,378.04761904761887
2,1091,378,377.6666666666665
2,1092,377,377.33333333333326
2,1093,377,376.8571428571427
2,1094,377,377.1904761904762
2,1095,377,377.57142857142844
2,1096,379,377.57142857142844
2,1097,377,377.61904761904765
2,1098,377,377.6190476190474
2,1099,378,377.4761904761904
2,1100,378,377.95238095238096
2,1101,378,378.09523809523796
2,1102,378,377.9999999999999
2,1103,378,377.9999999999999
2,1104,378,377.9999999999999
2,1105,378,377.9999999999999
2,1106,378,377.9999999999999
2,1107,378,377.9999999999999
2,1108,378,377.90476190476176
2,1109,378,378.04761904761887
2,1110,378,378.4285714285712
2,1111,379,378.71428571428567
2,1112,379,378.5714285714283
2,1113,378,378.09523809523796
2,1114,377,377.3809523809523
2,1115,377,376.95238095238085
2,1116,377,376.9047619047618
2,1117,377,377.0952380952381
2,1118,377,376.952380952381
2,1119,377,376.7619047619048
2,1120,376,376.2857142857141
2,1121,376,375.71428571428555
2,1122,375,375.2380952380953
2,1123,375,375.0476190476189
2,1124,375,374.9047619047617
2,1125,375,374.90476190476187
2,1126,375,375.047619047619
2,1127,375,375.4285714285715
2,1128,376,375.6190476190475
2,1129,376,375.52380952380946
2,1130,375,375.47619047619037
2,1131,375,375.4761904761905
2,1132,376,375.42857142857133
2,1133,376,375.6666666666666
2,1134,375,375.6666666666666
2,1135,376,375.76190476190465
2,1136,376,376.1904761904762
2,1137,377,376.76190476190476
2,1138,377,376.8571428571427
2,1139,377,377.14285714285705
2,1140,377,377.2380952380951
2,1141,378,377.7142857142856
2,1142,378,378.190476190476
2,1143,379,378.8095238095237
2,1144,379,379.2857142857143
2,1145,380,379.76190476190465
2,1146,380,379.85714285714266
2,1147,380,380.14285714285705
2,1148,380,380.23809523809507
2,1149,381,380.71428571428567
2,1150,381,381.190476190476
2,1151,382,381.9047619047618
2,1152,382,382.2380952380951
2,1153,383,382.3333333333332
2,1154,382,382.3333333333332
2,1155,382,382.4761904761904
2,1156,383,382.57142857142844
2,1157,383,382.95238095238074
2,1158,383,383.0952380952379
2,1159,383,383.0
2,1160,383,383.0
2,1161,383,383.0
2,1162,383,383.0
2,1163,383,383.0
2,1164,383,383.0
2,1165,383,383.0
2,1166,383,383.0
2,1167,383,383.0
2,1168,383,383.0
2,1169,383,383.095238095238
2,1170,383,382.9523809523809
2,1171,383,382.66666666666646
2,1172,382,382.33333333333314
2,1173,382,382.0476190476189
2,1174,382,381.9047619047618
2,1175,382,382.095238095238
2,1176,382,382.047619047619
2,1177,382,381.6190476190475
2,1178,381,381.0952380952381
2,1179,380,380.33333333333326
2,1180,380,379.6190476190474
2,1181,379,379.238095238095
2,1182,379,379.04761904761887
2,1183,379,378.90476190476176
2,1184,379,379.190476190476
2,1185,379,378.90476190476187
2,1186,379,378.33333333333326
2,1187,377,377.6666666666665
2,1188,377,377.1904761904761
2,1189,377,376.76190476190476
2,1190,377,376.7619047619048
2,1191,376,376.2857142857141
2,1192,376,375.71428571428555
2,1193,375,375.2380952380953
2,1194,375,375.14285714285705
2,1195,375,374.8571428571428
2,1196,375,374.6666666666665
2,1197,374,374.3333333333332
2,1198,374,374.04761904761904
2,1199,374,373.9047619047618
2,1200,374,373.99999999999994
2,1201,374,373.9047619047618
2,1202,374,374.04761904761904
2,1203,374,374.3333333333332
2,1204,375,374.66666666666663
2,1205,375,374.85714285714283
2,1206,375,375.14285714285705
2,1207,375,375.4285714285715
2,1208,376,375.6190476190475
2,1209,376,375.6190476190475
2,1210,375,375.4285714285712
2,1211,375,374.95238095238074
2,1212,375,374.95238095238096
2,1213,375,375.2380952380951
2,1214,376,375.61904761904754
2,1215,376,376.33333333333314
2,1216,377,377.0952380952379
2,1217,378,377.61904761904754
2,1218,378,377.8571428571427
2,1219,378,378.19047619047603
2,1220,378,378.6666666666666
2,1221,380,379.33333333333326
2,1222,380,379.8095238095236
2,1223,380,380.2380952380951
2,1224,380,380.33333333333326
2,1225,381,380.6666666666666
2,1226,381,380.95238095238096
2,1227,381,381.09523809523796
2,1228,381,380.90476190476176
2,1229,381,381.0476190476189
2,1230,381,381.4285714285713
2,1231,382,381.6190476190475
2,1232,382,381.52380952380935
2,1233,381,381.47619047619037
2,1234,381,381.38095238095235
2,1235,382,381.5714285714285
2,1236,382,381.9523809523809
2,1237,382,382.09523809523796
2,1238,382,381.9999999999997
2,1239,382,382.095238095238
2,1240,382,381.9523809523809
2,1241,382,381.5714285714284
2,1242,381,381.3809523809523
2,1243,381,381.5714285714285
2,1244,382,381.4761904761904
2,1245,382,381.28571428571416
2,1246,380,380.76190476190465
2,1247,380,380.0952380952379
2,1248,380,379.80952380952357
2,1249,380,379.99999999999983
2,1250,380,379.99999999999983
2,1251,380,380.1904761904761
2,1252,380,379.90476190476187
2,1253,380,379.33333333333326
2,1254,378,378.66666666666646
2,1255,378,378.0952380952379
2,1256,378,377.9047619047618
2,1257,378,377.9523809523808
2,1258,378,377.7619047619048
2,1259,377,377.2857142857141
2,1260,377,376.71428571428567
2,1261,376,376.2380952380951
2,1262,376,376.14285714285705
2,1263,376,375.8571428571427
2,1264,376,375.7619047619048
2,1265,375,375.2857142857142
2,1266,375,374.61904761904754
2,1267,374,374.2857142857143
2,1268,374,374.38095238095224
2,1269,375,374.5714285714285
2,1270,375,374.9523809523808
2,1271,375,375.09523809523796
2,1272,375,374.99999999999983
2,1273,375,374.90476190476187
2,1274,375,375.047619047619
2,1275,375,375.2380952380951
2,1276,376,375.7142857142855
2,1277,376,376.22857142857146
2,1278,377,376.7714285714284
2,1279,377,377.1
2,1280,377,377.6190476190474
2,1281,377,377.04761904761915
2,1282,377,377.142857142857
2,1283,378,377.6666666666665
2,1284,378,377.8571428571427
2,1285,378,378.04761904761887
2,1286,378,378.3809523809521
2,1287,379,378.99999999999983
2,1288,380,379.61904761904754
2,1289,380,379.95238095238096
2,1290,380,380.14285714285705
2,1291,380,380.23809523809507
2,1292,381,380.71428571428567
2,1293,381,381.3809523809523
2,1294,382,381.7142857142856
2,1295,382,381.52380952380935
2,1296,381,381.47619047619037
2,1297,381,381.28571428571416
2,1298,382,381.6190476190476
2,1299,382,382.3809523809523
2,1300,383,382.7142857142856
2,1301,383,382.52380952380946
2,1302,382,382.4761904761904
2,1303,382,382.38095238095224
2,1304,383,382.57142857142844
2,1305,383,382.85714285714266
2,1306,383,383.1428571428569
2,1307,383,383.4285714285713
2,1308,384,383.6190476190475
2,1309,384,383.61904761904754
2,1310,383,383.6190476190475
2,1311,383,382.9523809523808
2,1312,383,382.142857142857
2,1313,381,381.7142857142856
2,1314,381,381.42857142857144
2,1315,382,381.47619047619037
2,1316,382,382.0476190476189
2,1317,382,382.0476190476189
2,1318,382,381.76190476190465
2,1319,381,381.2857142857142
2,1320,381,380.71428571428555
2,1321,380,380.2380952380952
2,1322,380,380.2380952380951
2,1323,380,379.8095238095237
2,1324,380,379.4285714285712
2,1325,378,378.6190476190475
2,1326,378,377.8571428571427
2,1327,377,377.0
2,1328,377,376.76190476190465
2,1329,376,376.76190476190465
2,1330,377,376.6190476190476
2,1331,377,376.19047619047603
2,1332,375,375.76190476190465
2,1333,375,375.09523809523796
2,1334,375,374.8095238095236
2,1335,375,375.0952380952379
2,1336,375,374.95238095238085
2,1337,375,374.6666666666665
2,1338,374,374.3333333333332
2,1339,374,373.9523809523808
2,1340,374,373.9523809523808
2,1341,374,374.3333333333332
2,1342,375,374.66666666666663
2,1343,375,374.85714285714283
2,1344,375,375.14285714285705
2,1345,375,375.33333333333326
2,1346,376,375.6666666666666
2,1347,376,375.8571428571428
2,1348,376,376.0476190476189
2,1349,376,376.38095238095224
2,1350,377,376.99999999999994
2,1351,378,377.61904761904754
2,1352,378,377.8571428571427
2,1353,378,378.19047619047603
2,1354,378,378.6666666666666
2,1355,380,379.33333333333326
2,1356,380,379.90476190476187
2,1357,380,380.19047619047615
2,1358,380,379.80952380952374
2,1359,380,380.09523809523796
2,1360,380,380.66666666666646
2,1361,382,381.3333333333332
2,1362,382,381.9047619047618
2,1363,382,382.1904761904761
2,1364,382,381.9999999999997
2,1365,382,381.9999999999997
2,1366,382,381.9999999999997
2,1367,382,381.9999999999997
2,1368,382,381.9999999999997
2,1369,382,381.9999999999997
2,1370,382,381.9999999999997
2,1371,382,381.9999999999997
2,1372,382,382.095238095238
2,1373,382,381.9523809523809
2,1374,382,381.6666666666664
2,1375,381,381.4285714285713
2,1376,381,380.9999999999999
2,1377,381,380.57142857142844
2,1378,380,380.33333333333314
2,1379,380,380.1428571428571
2,1380,380,379.8571428571428
2,1381,380,379.6666666666664
2,1382,379,379.33333333333314
2,1383,379,379.14285714285705
2,1384,379,378.85714285714266
2,1385,379,378.76190476190465
2,1386,378,378.28571428571416
2,1387,378,377.7142857142856
2,1388,377,377.2380952380952
2,1389,377,377.1428571428571
2,1390,377,376.8571428571427
2,1391,377,376.66666666666663
2,1392,376,376.4285714285714
2,1393,376,375.99999999999994
2,1394,376,375.6666666666666
2,1395,375,375.2857142857142
2,1396,375,374.71428571428567
2,1397,374,374.2380952380951
2,1398,374,374.04761904761904
2,1399,374,373.9047619047618
2,1400,374,373.9047619047618
2,1401,374,374.04761904761904
2,1402,374,374.3333333333332
2,1403,375,374.66666666666663
2,1404,375,374.85714285714283
2,1405,375,375.14285714285705
2,1406,375,375.2380952380951
2,1407,376,375.7142857142855
2,1408,376,376.2857142857143
2,1409,377,376.76190476190476
2,1410,377,376.8571428571427
2,1411,377,377.14285714285705
2,1412,377,377.2380952380951
2,1413,378,377.7142857142856
2,1414,378,378.190476190476
2,1415,379,378.8095238095237
2,1416,379,379.1904761904761
2,1417,380,379.8095238095238
2,1418,380,380.2857142857142
2,1419,381,380.7619047619047
2,1420,381,380.95238095238096
2,1421,381,380.9999999999999
2,1422,381,381.0476190476189
2,1423,381,381.3333333333333
2,1424,382,381.6666666666666
2,1425,382,381.85714285714283
2,1426,382,382.142857142857
2,1427,382,382.42857142857133
2,1428,383,382.6190476190475
2,1429,383,382.52380952380946
2,1430,382,382.4761904761904
2,1431,382,382.38095238095224
2,1432,383,382.57142857142844
2,1433,383,383.04761904761887
2,1434,383,383.04761904761887
2,1435,383,382.66666666666646
2,1436,382,382.33333333333314
2,1437,382,382.142857142857
2,1438,382,381.8571428571428
2,1439,382,381.6666666666664
2,1440,381,381.33333333333314
2,1441,381,381.0476190476188
2,1442,381,380.9999999999999
2,1443,381,380.95238095238085
2,1444,381,380.6666666666666
2,1445,380,380.33333333333314
2,1446,380,380.1428571428571
2,1447,380,379.8571428571428
2,1448,380,379.76190476190476
2,1449,379,379.28571428571405
2,1450,379,378.71428571428555
2,1451,378,378.238095238095
2,1452,378,378.04761904761887
2,1453,378,377.90476190476176
2,1454,378,378.1904761904761
2,1455,378,377.90476190476187
2,1456,378,377.33333333333326
2,1457,376,376.6666666666666
2,1458,376,376.09523809523796
2,1459,376,375.8095238095237
2,1460,376,376.0952380952381
2,1461,376,375.95238095238085
2,1462,376,375.6666666666665
2,1463,375,375.3333333333332
2,1464,375,375.0476190476189
2,1465,375,374.9047619047617
2,1466,375,374.99999999999983
2,1467,375,374.99999999999983
2,1468,375,374.99999999999983
2,1469,375,374.99999999999983
2,1470,375,374.99999999999983
2,1471,375,374.90476190476187
2,1472,375,375.047619047619
2,1473,375,375.4285714285715
2,1474,376,375.6190476190475
2,1475,376,375.52380952380946
2,1476,375,375.47619047619037
2,1477,375,375.3809523809523
2,1478,376,375.5714285714284
2,1479,376,375.95238095238085
2,1480,376,375.90476190476187
2,1481,376,376.0952380952381
2,1482,376,376.6666666666665
2,1483,378,377.3333333333333
2,1484,378,377.90476190476176
2,1485,378,378.19047619047603
2,1486,378,377.90476190476176
2,1487,378,378.04761904761887
2,1488,378,378.33333333333326
2,1489,379,378.76190476190465
2,1490,379,378.9047619047618
2,1491,379,378.5714285714283
2,1492,378,378.42857142857133
2,1493,378,378.7142857142857
2,1494,380,379.2380952380951
2,1495,380,379.7142857142857
2,1496,380,380.28571428571416
2,1497,380,380.66666666666646
2,1498,382,381.3333333333332
2,1499,382,381.9047619047618
2,1500,382,382.1904761904761
2,1501,382,381.9999999999997
2,1502,382,381.9999999999997
2,1503,382,381.9999999999997
2,1504,382,381.9999999999997
2,1505,382,381.9999999999997
2,1506,382,381.9999999999997
2,1507,382,381.9999999999997
2,1508,382,381.9999999999997
2,1509,382,382.095238095238
2,1510,382,381.9523809523809
2,1511,382,381.6666666666664
2,1512,381,381.52380952380935
2,1513,381,380.95238095238096
2,1514,381,380.238095238095
2,1515,379,379.6666666666666
2,1516,379,379.19047619047603
2,1517,379,378.76190476190465
2,1518,379,378.76190476190465
2,1519,378,378.28571428571416
2,1520,378,377.8095238095236
2,1521,377,377.190476190476
2,1522,377,376.71428571428567
2,1523,376,376.2380952380951
2,1524,376,376.0476190476189
2,1525,376,375.9047619047618
2,1526,376,376.0952380952381
2,1527,376,375.95238095238085
2,1528,376,375.6666666666665
2,1529,375,375.3333333333332
2,1530,375,375.14285714285705
2,1531,375,374.8571428571428
2,1532,375,374.6666666666665
2,1533,374,374.37142857142874
2,1534,374,374.0285714285713
2,1535,374,374.04999999999984
2,1536,374,376.04761904761887
2,1537,375,374.9047619047617
2,1538,375,374.42857142857133
2,1539,375,374.6666666666667
2,1540,374,374.38095238095224
2,1541,374,374.38095238095224
2,1542,375,374.5714285714285
2,1543,375,374.85714285714283
2,1544,375,375.14285714285705
2,1545,375,375.2380952380951
2,1546,376,375.7142857142855
2,1547,376,376.2857142857143
2,1548,377,376.76190476190476
2,1549,377,376.8571428571427
2,1550,377,377.14285714285705
2,1551,377,377.33333333333326
2,1552,378,377.6666666666665
2,1553,378,377.8571428571427
2,1554,378,378.14285714285705
2,1555,378,378.33333333333326
2,1556,379,378.57142857142844
2,1557,379,378.9999999999999
2,1558,379,379.33333333333326
2,1559,380,379.71428571428555
2,1560,380,380.3809523809521
2,1561,381,380.71428571428555
2,1562,381,380.52380952380946
2,1563,380,380.4761904761903
2,1564,380,380.3809523809523
2,1565,381,380.57142857142856
2,1566,381,380.85714285714266
2,1567,381,381.142857142857
2,1568,381,381.3333333333333
2,1569,382,381.6666666666666
2,1570,382,381.9523809523809
2,1571,382,382.09523809523796
2,1572,382,381.9999999999997
2,1573,382,381.9999999999997
2,1574,382,381.9999999999997
2,1575,382,381.9999999999997
2,1576,382,381.9999999999997
2,1577,382,381.9999999999997
2,1578,382,381.9999999999997
2,1579,382,382.095238095238
2,1580,382,381.9523809523809
2,1581,382,381.6666666666664
2,1582,381,381.33333333333314
2,1583,381,381.1428571428572
2,1584,381,380.85714285714283
2,1585,381,380.7619047619047
2,1586,380,380.28571428571416
2,1587,380,379.7142857142856
2,1588,379,379.238095238095
2,1589,379,379.2380952380951
2,1590,379,378.80952380952385
2,1591,379,378.33333333333326
2,1592,377,377.6666666666665
2,1593,377,377.1904761904761
2,1594,377,376.76190476190476
2,1595,377,376.57142857142844
2,1596,376,376.3809523809523
2,1597,376,376.5714285714284
2,1598,377,376.38095238095224
2,1599,377,376.3333333333331
2,1600,375,376.0952380952379
2,1601,376,375.8571428571428
2,1602,376,375.80952380952374
2,1603,376,375.7142857142857
2,1604,375,374.90476190476187
2,1605,374,374.42857142857133
2,1606,374,374.28571428571405
2,1607,375,374.5714285714285
2,1608,375,374.9523809523808
2,1609,375,374.9047619047617
2,1610,375,375.0952380952381
2,1611,375,375.6666666666665
2,1612,377,376.3333333333332
2,1613,377,376.90476190476176
2,1614,377,377.190476190476
2,1615,377,376.9999999999999
2,1616,377,376.9999999999999
2,1617,377,376.9999999999999
2,1618,377,376.9999999999999
2,1619,377,376.9999999999999
2,1620,377,376.90476190476187
2,1621,377,377.04761904761915
2,1622,377,377.33333333333326
2,1623,378,377.6666666666665
2,1624,378,377.95238095238096
2,1625,378,378.09523809523796
2,1626,378,377.9999999999999
2,1627,378,377.9999999999999
2,1628,378,377.90476190476176
2,1629,378,378.04761904761887
2,1630,378,378.33333333333326
2,1631,379,378.6666666666666
2,1632,379,378.95238095238085
2,1633,379,379.095238095238
2,1634,379,378.99999999999983
2,1635,379,378.99999999999983
2,1636,379,378.90476190476176
2,1637,379,379.047619047619
2,1638,379,379.33333333333314
2,1639,380,379.66666666666646
2,1640,380,379.9523809523808
2,1641,380,380.095238095238
2,1642,380,379.99999999999983
2,1643,380,379.99999999999983
2,1644,380,379.99999999999983
2,1645,380,379.99999999999983
2,1646,380,379.99999999999983
2,1647,380,380.09523809523813
2,1648,380,379.9523809523809
2,1649,380,379.57142857142844
2,1650,379,379.38095238095224
2,1651,379,379.47619047619037
2,1652,380,379.52380952380935
2,1653,380,379.61904761904754
2,1654,379,379.4285714285713
2,1655,379,379.04761904761887
2,1656,379,378.90476190476176
2,1657,379,378.99999999999983
2,1658,379,378.99999999999983
2,1659,379,378.99999999999983
2,1660,379,378.99999999999983
2,1661,379,379.095238095238
2,1662,379,378.952380952381
2,1663,379,378.6666666666665
2,1664,378,378.42857142857133
2,1665,378,377.9999999999999
2,1666,378,377.4761904761903
2,1667,377,377.3809523809523
2,1668,377,377.3809523809523
2,1669,378,377.57142857142827
2,1670,378,378.047619047619
2,1671,378,378.04761904761887
2,1672,378,377.57142857142827
2,1673,377,377.3809523809523
2,1674,377,377.4761904761904
2,1675,378,377.5238095238093
2,1676,378,377.6190476190475
2,1677,377,377.4285714285713
2,1678,377,377.047619047619
2,1679,377,376.9047619047618
2,1680,377,376.9999999999999
2,1681,377,376.9999999999999
2,1682,377,376.9999999999999
2,1683,377,376.9999999999999
2,1684,377,376.9999999999999
2,1685,377,376.9999999999999
2,1686,377,376.9999999999999
2,1687,377,376.9999999999999
2,1688,377,376.90476190476187
2,1689,377,377.04761904761915
2,1690,377,377.4285714285712
2,1691,378,377.6190476190474
2,1692,378,377.52380952380946
2,1693,377,377.47619047619014
2,1694,377,377.3809523809523
2,1695,378,377.57142857142827
2,1696,378,377.95238095238096
2,1697,378,377.99999999999983
2,1698,378,378.04761904761887
2,1699,378,378.33333333333326
2,1700,379,378.6666666666666
2,1701,379,378.95238095238085
2,1702,379,379.095238095238
2,1703,379,378.99999999999983
2,1704,379,378.99999999999983
2,1705,379,378.90476190476176
2,1706,379,379.047619047619
2,1707,379,379.4285714285714
2,1708,380,379.6190476190474
2,1709,380,379.61904761904754
2,1710,379,379.4285714285713
2,1711,379,379.04761904761887
2,1712,379,378.90476190476176
2,1713,379,378.90476190476176
2,1714,379,379.047619047619
2,1715,379,379.4285714285714
2,1716,380,379.6190476190474
2,1717,380,379.61904761904754
2,1718,379,379.4285714285713
2,1719,379,379.04761904761887
2,1720,379,378.8095238095237
2,1721,379,379.047619047619
2,1722,379,379.4285714285714
2,1723,380,379.6190476190474
2,1724,380,379.61904761904754
2,1725,379,379.4285714285713
2,1726,379,379.04761904761887
2,1727,379,378.90476190476176
2,1728,379,378.99999999999983
2,1729,379,378.99999999999983
2,1730,379,378.99999999999983
2,1731,379,378.99999999999983
2,1732,379,379.095238095238
2,1733,379,378.952380952381
2,1734,379,378.6666666666665
2,1735,378,378.3333333333331
2,1736,378,378.04761904761887
2,1737,378,377.90476190476176
2,1738,378,377.9999999999999
2,1739,378,377.9999999999999
2,1740,378,377.9999999999999
2,1741,378,378.09523809523785
2,1742,378,377.9523809523808
2,1743,378,377.6666666666665
2,1744,377,377.33333333333326
2,1745,377,377.1428571428571
2,1746,377,376.8571428571427
2,1747,377,376.57142857142844
2,1748,376,376.3809523809523
2,1749,376,376.3809523809523
2,1750,377,376.57142857142844
2,1751,377,376.9523809523808
2,1752,377,377.095238095238
2,1753,377,376.9999999999999
2,1754,377,376.9999999999999
2,1755,377,376.90476190476187
2,1756,377,377.14285714285705
2,1757,377,377.2857142857141
2,1758,378,377.2380952380952
2,1759,377,377.33333333333326
2,1760,377,377.38095238095224
2,1761,378,377.6190476190475
2,1762,378,378.38095238095224
2,1763,379,378.7142857142855
2,1764,379,378.6190476190474
2,1765,378,378.4285714285712
2,1766,378,377.85714285714266
2,1767,378,377.99999999999983
2,1768,378,378.76190476190453
2,1769,380,379.2857142857142
2,1770,380,379.5714285714283
2,1771,379,379.52380952380946
2,1772,379,378.9523809523809
2,1773,379,378.9523809523808
2,1774,379,379.33333333333314
2,1775,380,379.66666666666646
2,1776,380,380.0476190476189
2,1777,380,379.9523809523808
2,1778,380,379.71428571428555
2,1779,379,379.76190476190465
2,1780,380,379.6666666666666
2,1781,380,379.42857142857144
2,1782,379,379.4761904761903
2,1783,379,379.47619047619037
2,1784,380,379.52380952380935
2,1785,380,379.52380952380935
2,1786,379,379.4761904761903
2,1787,379,379.47619047619037
2,1788,380,379.52380952380935
2,1789,380,379.71428571428584
2,1790,379,379.51428571428556
2,1791,379,378.9
2,1792,379,379.04761904761887
2,1793,379,378.90476190476176
2,1794,379,378.99999999999983
2,1795,379,379.095238095238
2,1796,379,378.952380952381
2,1797,379,378.6666666666665
2,1798,378,378.3333333333331
2,1799,378,378.04761904761887
2,1800,378,377.90476190476176
2,1801,378,377.9999999999999
2,1802,378,378.09523809523785
2,1803,378,377.9523809523808
2,1804,378,377.6666666666665
2,1805,377,377.33333333333326
2,1806,377,377.047619047619
2,1807,377,376.9047619047618
2,1808,377,376.9999999999999
2,1809,377,376.9999999999999
2,1810,377,376.9999999999999
2,1811,377,376.9999999999999
2,1812,377,376.9999999999999
2,1813,377,376.9999999999999
2,1814,377,376.9999999999999
2,1815,377,376.9999999999999
2,1816,377,376.90476190476187
2,1817,377,377.04761904761915
2,1818,377,377.4285714285712
2,1819,378,377.5238095238094
2,1820,378,377.66666666666646
2,1821,377,377.7619047619047
2,1822,378,377.7142857142856
2,1823,378,377.8571428571426
2,1824,378,378.09523809523796
2,1825,378,377.9999999999999
2,1826,378,377.9999999999999
2,1827,378,377.90476190476176
2,1828,378,378.04761904761887
2,1829,378,378.33333333333326
2,1830,379,378.6666666666666
2,1831,379,378.85714285714266
2,1832,379,379.14285714285705
2,1833,379,379.33333333333314
2,1834,380,379.66666666666646
2,1835,380,379.9523809523808
2,1836,380,380.095238095238
2,1837,380,379.99999999999983
2,1838,380,379.99999999999983
2,1839,380,379.99999999999983
2,1840,380,379.99999999999983
2,1841,380,379.99999999999983
2,1842,380,379.99999999999983
2,1843,380,379.99999999999983
2,1844,380,379.99999999999983
2,1845,380,380.09523809523813
2,1846,380,379.8571428571428
2,1847,380,379.71428571428555
2,1848,379,379.76190476190465
2,1849,380,379.6666666666666
2,1850,380,379.42857142857144
2,1851,379,379.4761904761903
2,1852,379,379.47619047619037
2,1853,380,379.52380952380935
2,1854,380,379.61904761904754
2,1855,379,379.4285714285713
2,1856,379,379.14285714285705
2,1857,379,378.85714285714266
2,1858,379,378.6666666666665
2,1859,378,378.3333333333331
2,1860,378,378.04761904761887
2,1861,378,377.90476190476176
2,1862,378,377.9999999999999
2,1863,378,377.9999999999999
2,1864,378,377.9999999999999
2,1865,378,377.9999999999999
2,1866,378,377.9999999999999
2,1867,378,378.09523809523785
2,1868,378,377.9523809523808
2,1869,378,377.57142857142827
2,1870,377,377.3809523809523
2,1871,377,377.4761904761904
2,1872,378,377.5238095238093
2,1873,378,377.6190476190475
2,1874,377,377.4285714285713
2,1875,377,376.9523809523809
2,1876,377,376.9523809523808
2,1877,377,377.4285714285712
2,1878,378,377.6190476190474
2,1879,378,377.6190476190475
2,1880,377,377.4285714285713
2,1881,377,377.047619047619
2,1882,377,376.9047619047618
2,1883,377,376.90476190476187
2,1884,377,377.04761904761915
2,1885,377,377.33333333333326
2,1886,378,377.6666666666665
2,1887,378,377.95238095238096
2,1888,378,378.09523809523796
2,1889,378,377.90476190476176
2,1890,378,378.04761904761887
2,1891,378,378.33333333333326
2,1892,379,378.6666666666666
2,1893,379,378.95238095238085
2,1894,379,379.095238095238
2,1895,379,378.99999999999983
2,1896,379,378.99999999999983
2,1897,379,378.99999999999983
2,1898,379,378.90476190476176
2,1899,379,379.047619047619
2,1900,379,379.4285714285714
2,1901,380,379.6190476190474
2,1902,380,379.52380952380935
2,1903,379,379.4761904761903
2,1904,379,379.3809523809523
2,1905,380,379.57142857142844
2,1906,380,379.9523809523808
2,1907,380,380.095238095238
2,1908,380,379.99999999999983
2,1909,380,379.99999999999983
2,1910,380,380.09523809523813
2,1911,380,379.9523809523809
2,1912,380,379.57142857142844
2,1913,379,379.38095238095224
2,1914,379,379.3809523809523
2,1915,380,379.57142857142844
2,1916,380,380.0476190476189
2,1917,380,380.047619047619
2,1918,380,379.6666666666664
2,1919,379,379.33333333333314
2,1920,379,379.04761904761887
2,1921,379,378.90476190476176
2,1922,379,378.99999999999983
2,1923,379,379.095238095238
2,1924,379,378.952380952381
2,1925,379,378.6666666666665
2,1926,378,378.3333333333331
2,1927,378,378.04761904761887
2,1928,378,377.90476190476176
2,1929,378,377.90476190476176
2,1930,378,378.04761904761887
2,1931,378,378.4285714285712
2,1932,379,378.6190476190474
2,1933,379,378.6190476190474
2,1934,378,378.4285714285712
2,1935,378,378.04761904761887
2,1936,378,377.90476190476176
2,1937,378,377.9999999999999
2,1938,378,377.9999999999999
2,1939,378,378.09523809523785
2,1940,378,377.9523809523808
2,1941,378,377.6666666666665
2,1942,377,377.33333333333326
2,1943,377,377.047619047619
2,1944,377,376.9047619047618
2,1945,377,376.9999999999999
2,1946,377,376.9999999999999
2,1947,377,376.9999999999999
2,1948,377,376.90476190476187
2,1949,377,377.04761904761915
2,1950,377,377.4285714285712
2,1951,378,377.6190476190474
2,1952,378,377.52380952380946
2,1953,377,377.47619047619014
2,1954,377,377.3809523809523
2,1955,378,377.57142857142827
2,1956,378,377.95238095238096
2,1957,378,378.09523809523796
2,1958,378,377.9999999999999
2,1959,378,377.9999999999999
2,1960,378,377.9999999999999
2,1961,378,377.9999999999999
2,1962,378,377.9999999999999
2,1963,378,377.9999999999999
2,1964,378,377.9999999999999
2,1965,378,377.90476190476176
2,1966,378,378.04761904761887
2,1967,378,378.33333333333326
2,1968,379,378.6666666666666
2,1969,379,378.95238095238085
2,1970,379,379.095238095238
2,1971,379,378.90476190476176
2,1972,379,379.047619047619
2,1973,379,379.33333333333314
2,1974,380,379.66666666666646
2,1975,380,379.9523809523808
2,1976,380,380.095238095238
2,1977,380,379.99999999999983
2,1978,380,379.99999999999983
2,1979,380,379.99999999999983
2,1980,380,379.99999999999983
2,1981,380,380.09523809523813
2,1982,380,379.9523809523809
2,1983,380,379.6666666666664
2,1984,379,379.33333333333314
2,1985,379,379.04761904761887
2,1986,379,378.90476190476176
2,1987,379,378.99999999999983
2,1988,379,378.99999999999983
2,1989,379,378.99999999999983
2,1990,379,379.095238095238
2,1991,379,378.952380952381
2,1992,379,378.6666666666665
2,1993,378,378.3333333333331
2,1994,378,378.04761904761887
2,1995,378,377.90476190476176
2,1996,378,377.9999999999999
2,1997,378,377.9999999999999
2,1998,378,378.09523809523785
2,1999,378,377.9523809523808
2,2000,378,377.6666666666665
2,2001,377,377.33333333333326
2,2002,377,377.047619047619
2,2003,377,376.9047619047618
2,2004,377,376.9999999999999
2,2005,377,376.9999999999999
2,2006,377,376.9999999999999
2,2007,377,376.9999999999999
2,2008,377,376.9999999999999
2,2009,377,376.9999999999999
2,2010,377,376.9999999999999
2,2011,377,376.90476190476187
2,2012,377,377.04761904761915
2,2013,377,377.4285714285712
2,2014,378,377.6190476190474
2,2015,378,377.6190476190475
2,2016,377,377.4285714285713
2,2017,377,376.9523809523809
2,2018,377,376.9523809523808
2,2019,377,377.33333333333326
2,2020,378,377.6666666666665
2,2021,378,377.95238095238096
2,2022,378,378.09523809523796
2,2023,378,377.9999999999999
2,2024,378,377.9999999999999
2,2025,378,377.90476190476176
2,2026,378,378.04761904761887
2,2027,378,378.33333333333326
2,2028,379,378.6666666666666
2,2029,379,378.95238095238085
2,2030,379,379.095238095238
2,2031,379,378.99999999999983
2,2032,379,378.99999999999983
2,2033,379,378.99999999999983
2,2034,379,378.90476190476176
2,2035,379,379.047619047619
2,2036,379,379.33333333333314
2,2037,380,379.66666666666646
2,2038,380,380.0476190476189
2,2039,380,380.047619047619
2,2040,380,379.6666666666664
2,2041,379,379.33333333333314
2,2042,379,378.9523809523809
2,2043,379,378.9523809523808
2,2044,379,379.4285714285714
2,2045,380,379.6285714285716
2,2046,380,379.7142857142856
2,2047,379,378.99999999999994
2,2048,379,379.04761904761887
2,2049,379,378.90476190476176
2,2050,379,378.99999999999983
2,2051,379,378.99999999999983
2,2052,379,378.99999999999983
2,2053,379,378.99999999999983
2,2054,379,378.99999999999983
2,2055,379,378.99999999999983
2,2056,379,378.99999999999983
2,2057,379,379.095238095238
2,2058,379,378.952380952381
2,2059,379,378.6666666666665
2,2060,378,378.3333333333331
2,2061,378,378.142857142857
2,2062,378,377.8571428571427
2,2063,378,377.57142857142827
2,2064,377,377.3809523809523
2,2065,377,377.3809523809523
2,2066,378,377.57142857142827
2,2067,378,378.047619047619
2,2068,378,378.04761904761887
2,2069,378,377.6666666666665
2,2070,377,377.33333333333326
2,2071,377,377.047619047619
2,2072,377,376.9047619047618
2,2073,377,376.9999999999999
2,2074,377,376.9999999999999
2,2075,377,376.9999999999999
2,2076,377,376.9999999999999
2,2077,377,376.9999999999999
2,2078,377,376.90476190476187
2,2079,377,377.04761904761915
2,2080,377,377.33333333333326
2,2081,378,377.6666666666665
2,2082,378,377.95238095238096
2,2083,378,378.09523809523796
2,2084,378,377.90476190476176
2,2085,378,378.04761904761887
2,2086,378,378.4285714285712
2,2087,379,378.6190476190474
2,2088,379,378.5238095238094
2,2089,378,378.4761904761903
2,2090,378,378.3809523809523
2,2091,379,378.5714285714283
2,2092,379,378.95238095238085
2,2093,379,379.095238095238
2,2094,379,379.095238095238
2,2095,379,378.952380952381
2,2096,379,378.6666666666665
2,2097,378,378.42857142857133
2,2098,378,377.9999999999999
2,2099,378,377.38095238095224
2,2100,377,377.42857142857144
2,2101,377,377.7142857142856
2,2102,379,378.2380952380952
2,2103,379,378.9047619047619
2,2104,379,379.19047619047603
2,2105,379,378.90476190476176
2,2106,379,379.047619047619
2,2107,379,379.14285714285705
2,2108,380,379.7619047619047
2,2109,380,380.6190476190475
2,2110,382,381.42857142857144
2,2111,382,381.9047619047618
2,2112,382,382.2857142857142
2,2113,382,381.9523809523809
2,2114,382,381.6666666666664
2,2115,381,381.33333333333314
2,2116,381,381.1428571428572
2,2117,381,380.85714285714283
2,2118,381,380.7619047619047
2,2119,380,380.28571428571416
2,2120,380,379.7142857142856
2,2121,379,379.238095238095
2,2122,379,379.14285714285705
2,2123,379,378.85714285714266
2,2124,379,378.76190476190465
2,2125,378,378.28571428571416
2,2126,378,377.9047619047617
2,2127,377,377.142857142857
2,2128,377,376.38095238095224
2,2129,375,375.57142857142844
2,2130,375,375.09523809523796
2,2131,375,374.8095238095236
2,2132,375,374.99999999999983
2,2133,375,374.99999999999983
2,2134,375,374.99999999999983
2,2135,375,374.99999999999983
2,2136,375,374.99999999999983
2,2137,375,374.90476190476187
2,2138,375,375.047619047619
2,2139,375,375.33333333333326
2,2140,376,375.6666666666666
2,2141,376,375.95238095238085
2,2142,376,376.09523809523796
2,2143,376,375.9999999999999
2,2144,376,375.9999999999999
2,2145,376,375.8095238095237
2,2146,376,376.0952380952381
2,2147,376,376.76190476190465
2,2148,378,377.2857142857141
2,2149,378,377.47619047619037
2,2150,377,377.57142857142844
2,2151,377,377.2857142857141
2,2152,378,377.6190476190475
2,2153,378,378.190476190476
2,2154,379,378.8095238095237
2,2155,379,379.2857142857143
2,2156,380,379.6666666666665
2,2157,380,379.9999999999999
2,2158,380,380.4285714285714
2,2159,381,380.6666666666666
2,2160,381,380.85714285714266
2,2161,381,381.142857142857
2,2162,381,381.3333333333333
2,2163,382,381.6666666666666
2,2164,382,381.9523809523809
2,2165,382,382.09523809523796
2,2166,382,381.9999999999997
2,2167,382,381.9999999999997
2,2168,382,381.90476190476176
2,2169,382,382.04761904761887
2,2170,382,382.42857142857133
2,2171,383,382.6190476190475
2,2172,383,382.61904761904736
2,2173,382,382.42857142857133
2,2174,382,382.0476190476189
2,2175,382,381.9047619047618
2,2176,382,381.9999999999997
2,2177,382,381.9999999999997
2,2178,382,381.9999999999997
2,2179,382,382.19047619047603
2,2180,382,381.9047619047618
2,2181,382,381.2380952380951
2,2182,380,380.71428571428555
2,2183,380,380.6190476190474
2,2184,381,380.3809523809523
2,2185,381,380.2857142857141
2,2186,379,379.7619047619048
2,2187,379,379.19047619047603
2,2188,379,378.76190476190465
2,2189,379,378.76190476190465
2,2190,378,378.28571428571416
2,2191,378,377.7142857142856
2,2192,377,377.2380952380952
2,2193,377,377.2380952380952
2,2194,377,376.80952380952385
2,2195,377,376.2380952380952
2,2196,375,375.8095238095237
2,2197,375,375.38095238095235
2,2198,376,375.14285714285694
2,2199,375,375.2857142857141
2,2200,375,375.14285714285694
2,2201,375,374.9047619047617
2,2202,375,375.0952380952379
2,2203,375,374.95238095238085
2,2204,375,374.57142857142856
2,2205,374,374.38095238095224
2,2206,374,374.38095238095224
2,2207,375,374.5714285714285
2,2208,375,374.85714285714283
2,2209,375,375.14285714285705
2,2210,375,375.33333333333326
2,2211,376,375.6666666666666
2,2212,376,375.8571428571428
2,2213,376,376.14285714285705
2,2214,376,376.14285714285705
2,2215,377,376.76190476190465
2,2216,377,377.7142857142855
2,2217,379,378.28571428571416
2,2218,379,378.6190476190475
2,2219,378,378.76190476190465
2,2220,379,378.76190476190465
2,2221,379,379.0952380952379
2,2222,380,379.8095238095238
2,2223,380,380.2857142857142
2,2224,381,380.7619047619047
2,2225,381,380.76190476190465
2,2226,381,381.19047619047603
2,2227,381,381.6666666666666
2,2228,383,382.33333333333314
2,2229,383,382.9047619047618
2,2230,383,383.1904761904761
2,2231,383,383.0
2,2232,383,383.0
2,2233,383,383.0
2,2234,383,383.0
2,2235,383,383.0
2,2236,383,383.0
2,2237,383,383.095238095238
2,2238,383,382.9523809523809
2,2239,383,382.66666666666646
2,2240,382,382.33333333333314
2,2241,382,382.0476190476189
2,2242,382,381.9047619047618
2,2243,382,381.9999999999997
2,2244,382,382.095238095238
2,2245,382,381.9523809523809
2,2246,382,381.76190476190465
2,2247,381,381.3714285714287
2,2248,381,380.7714285714284
2,2249,380,380.0999999999998
3,0,383,380.33333333333326
3,1,383,382.6190476190475
3,2,383,383.7619047619046
3,3,383,383.2857142857142
3,4,383,382.85714285714266
3,5,383,381.9999999999999
3,6,380,380.9999999999999
3,7,380,380.142857142857
3,8,380,379.7142857142857
3,9,380,380.09523809523813
3,10,380,379.9523809523809
3,11,380,379.6666666666664
3,12,379,379.33333333333314
3,13,379,379.04761904761887
3,14,379,378.8095238095237
3,15,379,379.047619047619
3,16,379,379.33333333333314
3,17,380,379.66666666666646
3,18,380,380.0476190476189
3,19,380,380.047619047619
3,20,380,379.57142857142844
3,21,379,379.38095238095224
3,22,379,379.47619047619037
3,23,380,379.52380952380935
3,24,380,379.4285714285713
3,25,379,379.52380952380935
3,26,379,379.7142857142856
3,27,381,380.2380952380951
3,28,381,380.8095238095237
3,29,381,381.2380952380952
3,30,381,381.23809523809507
3,31,382,381.7142857142856
3,32,382,382.1904761904761
3,33,383,382.9047619047618
3,34,383,383.2380952380952
3,35,384,383.4285714285713
3,36,383,383.28571428571416
3,37,383,383.0476190476188
3,38,383,382.95238095238085
3,39,383,383.4285714285713
3,40,384,383.6190476190475
3,41,384,383.61904761904754
3,42,383,383.42857142857133
3,43,383,383.047619047619
3,44,383,382.90476190476164
3,45,383,383.0
3,46,383,383.0
3,47,383,383.095238095238
3,48,383,382.9523809523809
3,49,383,382.66666666666646
3,50,382,382.33333333333314
3,51,382,382.0476190476189
3,52,382,381.9047619047618
3,53,382,381.9999999999997
3,54,382,381.9999999999997
3,55,382,381.9999999999997
3,56,382,382.095238095238
3,57,382,381.9523809523809
3,58,382,381.6666666666664
3,59,381,381.33333333333314
3,60,381,381.1428571428572
3,61,381,380.85714285714283
3,62,381,380.5714285714285
3,63,380,380.38095238095224
3,64,380,380.5714285714285
3,65,381,380.4761904761903
3,66,381,380.38095238095224
3,67,379,379.71428571428555
3,68,379,378.7619047619046
3,69,378,378.14285714285717
3,70,378,378.142857142857
3,71,378,377.8571428571427
3,72,378,377.7619047619048
3,73,377,377.3809523809523
3,74,377,376.66666666666663
3,75,376,375.9047619047619
3,76,375,375.38095238095224
3,77,375,374.95238095238085
3,78,375,374.9047619047617
3,79,375,374.99999999999983
3,80,375,374.99999999999983
3,81,375,374.99999999999983
3,82,375,374.99999999999983
3,83,375,374.99999999999983
3,84,375,374.99999999999983
3,85,375,374.99999999999983
3,86,375,374.99999999999983
3,87,375,374.90476190476187
3,88,375,375.047619047619
3,89,375,375.33333333333326
3,90,376,375.6666666666666
3,91,376,375.8571428571428
3,92,376,376.14285714285705
3,93,376,376.33333333333326
3,94,377,376.5714285714285
3,95,377,376.99999999999994
3,96,377,377.33333333333337
3,97,378,377.7142857142856
3,98,378,378.2857142857143
3,99,379,378.76190476190465
3,100,379,378.76190476190465
3,101,379,379.19047619047586
3,102,379,379.6666666666666
3,103,381,380.3333333333332
3,104,381,380.8095238095237
3,105,381,381.2380952380952
3,106,381,381.3333333333333
3,107,382,381.6666666666666
3,108,382,381.85714285714283
3,109,382,382.142857142857
3,110,382,382.3333333333333
3,111,383,382.66666666666663
3,112,383,383.04761904761887
3,113,383,383.04761904761887
3,114,383,382.66666666666646
3,115,382,382.33333333333314
3,116,382,382.0476190476189
3,117,382,381.9047619047618
3,118,382,382.095238095238
3,119,382,382.047619047619
3,120,382,381.6190476190475
3,121,381,380.99999999999994
3,122,380,380.38095238095224
3,123,380,380.142857142857
3,124,380,379.8095238095237
3,125,380,379.142857142857
3,126,378,378.76190476190465
3,127,378,378.95238095238085
3,128,380,379.04761904761904
3,129,380,379.3333333333333
3,130,378,378.8095238095238
3,131,378,377.8571428571427
3,132,377,377.0952380952379
3,133,377,376.61904761904765
3,134,376,376.2857142857143
3,135,376,376.5714285714284
3,136,377,376.4761904761904
3,137,377,376.19047619047603
3,138,375,375.9999999999999
3,139,375,375.3333333333332
3,140,376,374.8095238095238
3,141,374,374.5238095238094
3,142,374,374.33333333333337
3,143,374,374.0952380952381
3,144,375,374.3333333333332
3,145,374,374.2857142857141
3,146,374,374.04761904761887
3,147,374,373.9523809523808
3,148,374,374.3333333333332
3,149,375,374.66666666666663
3,150,375,374.85714285714283
3,151,375,375.14285714285705
3,152,375,375.33333333333326
3,153,376,375.6666666666666
3,154,376,375.8571428571428
3,155,376,376.14285714285705
3,156,376,376.33333333333326
3,157,377,376.6666666666667
3,158,377,376.76190476190476
3,159,377,377.1904761904761
3,160,377,377.6666666666665
3,161,379,378.33333333333326
3,162,379,378.7142857142855
3,163,379,379.3809523809523
3,164,379,379.6190476190474
3,165,381,379.9047619047617
3,166,380,380.28571428571416
3,167,380,380.57142857142867
3,168,381,380.57142857142856
3,169,381,380.85714285714266
3,170,381,381.142857142857
3,171,381,381.23809523809507
3,172,382,381.7142857142856
3,173,382,382.3809523809523
3,174,383,382.7142857142856
3,175,383,382.61904761904736
3,176,382,382.42857142857133
3,177,382,382.0476190476189
3,178,382,381.9047619047618
3,179,382,382.095238095238
3,180,382,381.9523809523809
3,181,382,381.5714285714284
3,182,381,381.3809523809523
3,183,381,381.47619047619037
3,184,382,381.52380952380935
3,185,382,381.6190476190475
3,186,381,381.4285714285712
3,187,381,381.6190476190475
3,188,381,380.61904761904765
3,189,381,378.90476190476176
3,190,375,377.0476190476189
3,191,375,375.61904761904736
3,192,376,375.095238095238
3,193,376,375.7619047619047
3,194,376,376.19047619047615
3,195,376,376.6666666666665
3,196,378,377.3333333333333
3,197,378,378.0952380952379
3,198,378,378.09523809523813
3,199,378,377.33333333333326
3,200,376,376.6666666666666
3,201,376,376.19047619047615
3,202,376,375.76190476190476
3,203,376,375.6666666666665
3,204,375,375.3333333333332
3,205,375,375.0476190476189
3,206,375,374.9047619047617
3,207,375,374.99999999999983
3,208,375,374.99999999999983
3,209,375,374.90476190476187
3,210,375,375.047619047619
3,211,375,375.4285714285715
3,212,376,375.6190476190475
3,213,376,375.6190476190475
3,214,375,375.4285714285712
3,215,375,375.0476190476189
3,216,375,374.8095238095238
3,217,375,375.047619047619
3,218,375,375.33333333333326
3,219,376,375.6666666666666
3,220,376,375.95238095238085
3,221,376,376.09523809523796
3,222,376,375.8095238095237
3,223,376,376.0952380952381
3,224,376,376.76190476190465
3,225,378,377.2857142857141
3,226,378,377.3809523809521
3,227,377,377.61904761904754
3,228,377,377.7142857142856
3,229,379,378.2380952380952
3,230,379,378.8095238095236
3,231,379,379.2380952380952
3,232,379,379.238095238095
3,233,380,379.71428571428555
3,234,380,380.19047619047603
3,235,381,380.80952380952374
3,236,381,381.3809523809523
3,237,382,381.7142857142856
3,238,382,381.52380952380935
3,239,381,381.47619047619037
3,240,381,381.38095238095235
3,241,382,381.5714285714285
3,242,382,381.9523809523809
3,243,382,382.3809523809522
3,244,382,381.85714285714283
3,245,382,380.99999999999983
3,246,379,379.99999999999983
3,247,379,379.142857142857
3,248,379,378.7142857142856
3,249,379,378.99999999999983
3,250,379,378.99999999999983
3,251,379,378.90476190476176
3,252,379,379.047619047619
3,253,379,379.257142857143
3,254,380,379.62857142857126
3,255,380,380.1
3,256,378,376.9999999999999
3,257,378,377.85714285714295
3,258,378,378.28571428571416
3,259,378,377.9999999999999
3,260,378,377.9999999999999
3,261,378,377.9999999999999
3,262,378,377.9999999999999
3,263,378,378.09523809523785
3,264,378,377.9523809523808
3,265,378,377.6666666666665
3,266,377,377.33333333333326
3,267,377,376.9523809523809
3,268,377,376.9523809523808
3,269,377,377.4285714285712
3,270,378,377.6190476190474
3,271,378,377.6190476190475
3,272,377,377.52380952380946
3,273,377,376.99999999999994
3,274,377,376.4761904761903
3,275,376,376.3809523809523
3,276,376,376.3809523809523
3,277,377,376.57142857142844
3,278,377,377.0476190476189
3,279,377,377.0476190476189
3,280,377,376.66666666666663
3,281,376,376.3333333333333
3,282,376,375.95238095238085
3,283,376,375.95238095238085
3,284,376,376.33333333333326
3,285,377,376.6666666666667
3,286,377,376.9523809523808
3,287,377,377.095238095238
3,288,377,376.90476190476187
3,289,377,377.04761904761915
3,290,377,377.33333333333326
3,291,378,377.6666666666665
3,292,378,377.95238095238096
3,293,378,378.09523809523796
3,294,378,377.9999999999999
3,295,378,377.90476190476176
3,296,378,378.04761904761887
3,297,378,378.4285714285712
3,298,379,378.6190476190474
3,299,379,378.5238095238094
3,300,378,378.4761904761903
3,301,378,378.3809523809523
3,302,379,378.5714285714283
3,303,379,378.95238095238085
3,304,379,379.095238095238
3,305,379,378.99999999999983
3,306,379,378.99999999999983
3,307,379,378.99999999999983
3,308,379,378.99999999999983
3,309,379,378.99999999999983
3,310,379,378.99999999999983
3,311,379,378.90476190476176
3,312,379,379.047619047619
3,313,379,379.52380952380946
3,314,380,379.5714285714286
3,315,380,379.1904761904761
3,316,378,378.8095238095237
3,317,378,378.52380952380935
3,318,379,378.4285714285714
3,319,379,378.6190476190474
3,320,378,378.5238095238094
3,321,378,377.9999999999999
3,322,378,377.57142857142844
3,323,377,377.33333333333326
3,324,377,377.047619047619
3,325,377,376.9047619047618
3,326,377,377.0952380952381
3,327,377,376.952380952381
3,328,377,376.66666666666663
3,329,376,376.3333333333333
3,330,376,375.95238095238085
3,331,376,375.95238095238085
3,332,376,376.4285714285712
3,333,377,376.6190476190475
3,334,377,376.52380952380946
3,335,376,376.4761904761903
3,336,376,376.3809523809523
3,337,377,376.57142857142844
3,338,377,376.9523809523808
3,339,377,376.9999999999999
3,340,377,377.04761904761915
3,341,377,377.33333333333326
3,342,378,377.6666666666665
3,343,378,377.8571428571427
3,344,378,378.14285714285705
3,345,378,378.33333333333326
3,346,379,378.6666666666666
3,347,379,378.95238095238085
3,348,379,379.095238095238
3,349,379,378.99999999999983
3,350,379,378.99999999999983
3,351,379,378.99999999999983
3,352,379,378.99999999999983
3,353,379,378.99999999999983
3,354,379,378.99999999999983
3,355,379,378.99999999999983
3,356,379,378.99999999999983
3,357,379,378.90476190476176
3,358,379,379.047619047619
3,359,379,379.4285714285714
3,360,380,379.6190476190474
3,361,380,379.61904761904754
3,362,379,379.4285714285713
3,363,379,379.04761904761887
3,364,379,378.90476190476176
3,365,379,378.99999999999983
3,366,379,378.99999999999983
3,367,379,378.99999999999983
3,368,379,378.99999999999983
3,369,379,378.99999999999983
3,370,379,378.90476190476176
3,371,379,379.047619047619
3,372,379,379.52380952380946
3,373,380,379.5714285714286
3,374,380,379.1904761904761
3,375,378,378.8095238095237
3,376,378,378.42857142857133
3,377,379,378.47619047619037
3,378,379,378.95238095238085
3,379,379,379.095238095238
3,380,379,379.095238095238
3,381,379,378.952380952381
3,382,379,378.6666666666665
3,383,378,378.3333333333331
3,384,378,378.04761904761887
3,385,378,377.90476190476176
3,386,378,377.9999999999999
3,387,378,377.9999999999999
3,388,378,377.9999999999999
3,389,378,377.9999999999999
3,390,378,378.09523809523785
3,391,378,377.9523809523808
3,392,378,377.8571428571428
3,393,377,377.2380952380953
3,394,377,376.38095238095224
3,395,375,375.4761904761903
3,396,375,375.14285714285717
3,397,375,375.142857142857
3,398,376,375.6666666666666
3,399,376,375.8571428571428
3,400,376,376.14285714285705
3,401,376,376.4285714285712
3,402,377,376.6190476190475
3,403,377,376.52380952380946
3,404,376,376.4761904761903
3,405,376,376.3809523809523
3,406,377,376.57142857142844
3,407,377,376.9523809523808
3,408,377,377.095238095238
3,409,377,376.9999999999999
3,410,377,376.9999999999999
3,411,377,376.9999999999999
3,412,377,376.9999999999999
3,413,377,376.9999999999999
3,414,377,376.9999999999999
3,415,377,376.9999999999999
3,416,377,376.9999999999999
3,417,377,376.90476190476187
3,418,377,377.04761904761915
3,419,377,377.33333333333326
3,420,378,377.6666666666665
3,421,378,377.8571428571427
3,422,378,378.23809523809507
3,423,378,378.28571428571416
3,424,379,378.3333333333333
3,425,378,378.2857142857141
3,426,378,378.04761904761887
3,427,378,377.95238095238096
3,428,378,378.33333333333326
3,429,379,378.6666666666666
3,430,379,378.95238095238085
3,431,379,379.095238095238
3,432,379,378.99999999999983
3,433,379,378.99999999999983
3,434,379,378.99999999999983
3,435,379,378.99999999999983
3,436,379,378.99999999999983
3,437,379,378.99999999999983
3,438,379,378.99999999999983
3,439,379,378.99999999999983
3,440,379,378.99999999999983
3,441,379,378.99999999999983
3,442,379,379.095238095238
3,443,379,378.952380952381
3,444,379,378.6666666666665
3,445,378,378.3333333333331
3,446,378,378.04761904761887
3,447,378,377.90476190476176
3,448,378,377.9999999999999
3,449,378,378.09523809523785
3,450,378,377.9523809523808
3,451,378,377.6666666666665
3,452,377,377.33333333333326
3,453,377,377.047619047619
3,454,377,376.9047619047618
3,455,377,376.9999999999999
3,456,377,376.9999999999999
3,457,377,377.0952380952381
3,458,377,376.952380952381
3,459,377,376.66666666666663
3,460,376,376.3333333333333
3,461,376,376.0476190476189
3,462,376,375.9047619047618
3,463,376,375.9047619047618
3,464,376,376.0476190476189
3,465,376,376.33333333333326
3,466,377,376.76190476190465
3,467,377,376.90476190476187
3,468,377,376.7619047619046
3,469,376,376.3333333333333
3,470,376,375.85714285714255
3,471,376,375.9999999999999
3,472,376,376.76190476190465
3,473,378,377.2857142857141
3,474,378,377.5714285714285
3,475,377,377.52380952380946
3,476,377,377.047619047619
3,477,377,376.9047619047618
3,478,377,376.90476190476187
3,479,377,377.04761904761915
3,480,377,377.4285714285712
3,481,378,377.6190476190474
3,482,378,377.52380952380946
3,483,377,377.47619047619014
3,484,377,377.3809523809523
3,485,378,377.57142857142827
3,486,378,377.95238095238096
3,487,378,378.09523809523796
3,488,378,377.9999999999999
3,489,378,377.90476190476176
3,490,378,378.04761904761887
3,491,378,378.33333333333326
3,492,379,378.6666666666666
3,493,379,379.0476190476189
3,494,379,379.0476190476189
3,495,379,378.57142857142844
3,496,378,378.3809523809524
3,497,378,378.3809523809523
3,498,379,378.5714285714283
3,499,379,378.85714285714266
3,500,379,379.14285714285705
3,501,379,379.4285714285714
3,502,380,379.6190476190474
3,503,380,379.52380952380935
3,504,379,379.4761904761903
3,505,379,379.3809523809523
3,506,380,379.57142857142844
3,507,380,379.9523809523808
3,508,380,380.1904761904762
3,509,380,380.00000000000006
3,510,380,379.742857142857
3,511,379,379.0500000000001
3,512,379,378.09523809523796
3,513,380,379.4285714285712
3,514,380,379.99999999999983
3,515,379,379.4285714285713
3,516,379,379.04761904761887
3,517,379,378.90476190476176
3,518,379,378.99999999999983
3,519,379,378.99999999999983
3,520,379,379.095238095238
3,521,379,378.952380952381
3,522,379,378.6666666666665
3,523,378,378.3333333333331
3,524,378,377.95238095238085
3,525,378,378.14285714285705
3,526,378,378.2380952380952
3,527,379,377.90476190476176
3,528,377,377.6666666666666
3,529,377,377.5238095238095
3,530,378,377.4761904761904
3,531,378,378.047619047619
3,532,378,378.04761904761887
3,533,378,377.57142857142827
3,534,377,377.3809523809523
3,535,377,377.4761904761904
3,536,378,377.5238095238093
3,537,378,377.6190476190475
3,538,377,377.4285714285713
3,539,377,377.047619047619
3,540,377,376.9047619047618
3,541,377,376.9999999999999
3,542,377,376.9999999999999
3,543,377,376.9999999999999
3,544,377,376.9999999999999
3,545,377,376.9999999999999
3,546,377,376.9999999999999
3,547,377,376.9999999999999
3,548,377,376.9999999999999
3,549,377,376.9999999999999
3,550,377,376.90476190476187
3,551,377,377.04761904761915
3,552,377,377.33333333333326
3,553,378,377.6666666666665
3,554,378,377.95238095238096
3,555,378,378.09523809523796
3,556,378,377.9999999999999
3,557,378,377.9999999999999
3,558,378,377.9999999999999
3,559,378,377.9999999999999
3,560,378,377.9999999999999
3,561,378,377.9999999999999
3,562,378,377.80952380952374
3,563,378,378.0952380952381
3,564,378,378.76190476190453
3,565,380,379.2857142857142
3,566,380,379.5714285714283
3,567,379,379.52380952380946
3,568,379,379.14285714285705
3,569,379,378.76190476190465
3,570,379,378.71428571428567
3,571,378,378.66666666666646
3,572,379,378.7142857142856
3,573,379,378.85714285714266
3,574,379,379.095238095238
3,575,379,378.99999999999983
3,576,379,378.99999999999983
3,577,379,378.99999999999983
3,578,379,378.99999999999983
3,579,379,378.90476190476176
3,580,379,379.047619047619
3,581,379,379.33333333333314
3,582,380,379.66666666666646
3,583,380,379.9523809523808
3,584,380,380.095238095238
3,585,380,380.09523809523813
3,586,380,379.9523809523809
3,587,380,379.6666666666664
3,588,379,379.33333333333314
3,589,379,379.04761904761887
3,590,379,378.90476190476176
3,591,379,378.99999999999983
3,592,379,378.99999999999983
3,593,379,378.99999999999983
3,594,379,378.99999999999983
3,595,379,378.99999999999983
3,596,379,378.99999999999983
3,597,379,379.47619047619037
3,598,379,378.76190476190465
3,599,379,377.33333333333314
3,600,374,375.6666666666665
3,601,374,374.2380952380951
3,602,374,373.1428571428571
3,603,374,374.19047619047603
3,604,374,375.4285714285712
3,605,378,376.61904761904754
3,606,378,377.38095238095224
3,607,377,377.7619047619047
3,608,377,377.4761904761904
3,609,378,377.5238095238093
3,610,378,377.52380952380946
3,611,377,377.47619047619014
3,612,377,377.4761904761904
3,613,378,377.5238095238093
3,614,378,377.6190476190475
3,615,377,377.4285714285713
3,616,377,377.047619047619
3,617,377,376.9047619047618
3,618,377,376.90476190476187
3,619,377,377.04761904761915
3,620,377,377.33333333333326
3,621,378,377.6666666666665
3,622,378,377.95238095238096
3,623,378,377.99999999999983
3,624,378,378.04761904761887
3,625,378,378.33333333333326
3,626,379,378.6666666666666
3,627,379,379.0476190476189
3,628,379,379.0476190476189
3,629,379,378.6666666666665
3,630,378,378.3333333333331
3,631,378,377.95238095238085
3,632,378,377.95238095238096
3,633,378,378.33333333333326
3,634,379,378.6666666666666
3,635,379,378.95238095238085
3,636,379,379.095238095238
3,637,379,378.99999999999983
3,638,379,378.99999999999983
3,639,379,378.99999999999983
3,640,379,378.99999999999983
3,641,379,378.99999999999983
3,642,379,378.90476190476176
3,643,379,379.047619047619
3,644,379,379.33333333333314
3,645,380,379.66666666666646
3,646,380,379.9523809523808
3,647,380,380.095238095238
3,648,380,380.09523809523813
3,649,380,379.9523809523809
3,650,380,379.6666666666664
3,651,379,379.33333333333314
3,652,379,379.04761904761887
3,653,379,378.90476190476176
3,654,379,378.99999999999983
3,655,379,378.99999999999983
3,656,379,378.99999999999983
3,657,379,378.99999999999983
3,658,379,378.99999999999983
3,659,379,378.99999999999983
3,660,379,379.095238095238
3,661,379,378.952380952381
3,662,379,378.6666666666665
3,663,378,378.3333333333331
3,664,378,378.04761904761887
3,665,378,377.90476190476176
3,666,378,377.9999999999999
3,667,378,377.9999999999999
3,668,378,377.9999999999999
3,669,378,378.09523809523785
3,670,378,377.9523809523808
3,671,378,377.6666666666665
3,672,377,377.33333333333326
3,673,377,377.047619047619
3,674,377,376.9047619047618
3,675,377,376.9999999999999
3,676,377,376.9999999999999
3,677,377,376.9999999999999
3,678,377,376.9999999999999
3,679,377,376.9999999999999
3,680,377,376.9999999999999
3,681,377,376.9999999999999
3,682,377,376.9999999999999
3,683,377,376.9999999999999
3,684,377,376.9999999999999
3,685,377,376.9999999999999
3,686,377,376.9999999999999
3,687,377,376.9999999999999
3,688,377,376.90476190476187
3,689,377,377.04761904761915
3,690,377,377.4285714285712
3,691,378,377.6190476190474
3,692,378,377.52380952380946
3,693,377,377.47619047619014
3,694,377,377.2857142857141
3,695,378,377.6190476190475
3,696,378,378.38095238095224
3,697,379,378.7142857142855
3,698,379,378.5238095238094
3,699,378,378.4761904761903
3,700,378,378.3809523809523
3,701,379,378.5714285714283
3,702,379,378.95238095238085
3,703,379,379.095238095238
3,704,379,378.99999999999983
3,705,379,378.99999999999983
3,706,379,378.90476190476176
3,707,379,379.047619047619
3,708,379,379.33333333333314
3,709,380,379.66666666666646
3,710,380,379.9523809523808
3,711,380,380.095238095238
3,712,380,379.99999999999983
3,713,380,379.99999999999983
3,714,380,379.99999999999983
3,715,380,380.09523809523813
3,716,380,379.9523809523809
3,717,380,379.57142857142844
3,718,379,379.38095238095224
3,719,379,379.3809523809523
3,720,380,379.57142857142844
3,721,380,380.0476190476189
3,722,380,380.047619047619
3,723,380,379.6666666666664
3,724,379,379.33333333333314
3,725,379,379.04761904761887
3,726,379,378.90476190476176
3,727,379,379.095238095238
3,728,379,378.952380952381
3,729,379,378.6666666666665
3,730,378,378.3333333333331
3,731,378,378.04761904761887
3,732,378,377.90476190476176
3,733,378,377.9999999999999
3,734,378,378.09523809523785
3,735,378,377.9523809523808
3,736,378,377.6666666666665
3,737,377,377.33333333333326
3,738,377,377.047619047619
3,739,377,376.9047619047618
3,740,377,376.90476190476187
3,741,377,377.04761904761915
3,742,377,377.4285714285712
3,743,378,377.6190476190474
3,744,378,377.6190476190475
3,745,377,377.4285714285713
3,746,377,376.8571428571427
3,747,377,376.99999999999994
3,748,377,377.76190476190465
3,749,379,378.28571428571416
3,750,379,378.38095238095224
3,751,378,378.6190476190475
3,752,378,378.7142857142857
3,753,380,379.1428571428571
3,754,380,379.95238095238085
3,755,380,380.52380952380946
3,756,381,380.6666666666666
3,757,381,380.85714285714266
3,758,381,381.142857142857
3,759,381,381.3333333333333
3,760,382,381.6666666666666
3,761,382,381.85714285714283
3,762,382,382.142857142857
3,763,382,382.3333333333333
3,764,383,382.66666666666663
3,765,383,382.9714285714288
3,766,383,383.14285714285705
3,767,383,382.99999999999994
3,768,383,380.2857142857142
3,769,383,382.3809523809522
3,770,382,382.9523809523811
3,771,382,381.76190476190465
3,772,381,381.6666666666666
3,773,382,381.6666666666665
3,774,382,381.52380952380935
3,775,381,381.4285714285712
3,776,381,381.1428571428572
3,777,381,380.85714285714283
3,778,381,380.7619047619047
3,779,380,380.28571428571416
3,780,380,379.7142857142856
3,781,379,379.238095238095
3,782,379,379.14285714285705
3,783,379,378.85714285714266
3,784,379,378.76190476190465
3,785,378,378.28571428571416
3,786,378,377.7142857142856
3,787,377,377.2380952380952
3,788,377,377.1428571428571
3,789,377,376.8571428571427
3,790,377,376.66666666666663
3,791,376,376.3333333333333
3,792,376,376.14285714285705
3,793,376,375.8571428571427
3,794,376,375.6666666666665
3,795,375,375.3333333333332
3,796,375,375.0476190476189
3,797,375,374.9047619047617
3,798,375,374.99999999999983
3,799,375,374.99999999999983
3,800,375,374.99999999999983
3,801,375,374.99999999999983
3,802,375,374.8095238095236
3,803,375,375.0952380952381
3,804,375,375.6666666666665
3,805,377,376.2380952380951
3,806,377,376.9523809523808
3,807,377,377.6190476190474
3,808,378,377.6190476190474
3,809,378,377.52380952380946
3,810,377,377.47619047619014
3,811,377,377.4761904761904
3,812,378,377.5238095238093
3,813,378,377.52380952380946
3,814,377,377.47619047619014
3,815,377,377.2857142857141
3,816,378,377.6190476190475
3,817,378,378.38095238095224
3,818,379,378.7142857142855
3,819,379,378.5238095238094
3,820,378,378.57142857142844
3,821,378,378.3333333333332
3,822,379,378.23809523809507
3,823,378,378.2857142857141
3,824,378,378.04761904761887
3,825,378,377.95238095238096
3,826,378,378.4285714285712
3,827,379,378.6190476190474
3,828,379,378.6190476190474
3,829,378,378.4285714285712
3,830,378,377.95238095238085
3,831,378,377.95238095238096
3,832,378,378.33333333333326
3,833,379,378.6666666666666
3,834,379,378.95238095238085
3,835,379,379.095238095238
3,836,379,379.095238095238
3,837,379,378.952380952381
3,838,379,378.57142857142844
3,839,378,378.5714285714284
3,840,378,378.2857142857142
3,841,379,377.8095238095236
3,842,377,377.6666666666666
3,843,377,377.6190476190474
3,844,378,377.4285714285712
3,845,378,377.7142857142856
3,846,377,377.3809523809523
3,847,377,376.61904761904765
3,848,376,376.2857142857143
3,849,376,376.4761904761904
3,850,377,376.5238095238094
3,851,377,376.61904761904754
3,852,376,376.4285714285712
3,853,376,376.2380952380951
3,854,376,375.80952380952374
3,855,376,375.23809523809507
3,856,374,374.71428571428567
3,857,374,374.5238095238095
3,858,375,374.42857142857133
3,859,375,374.6190476190476
3,860,374,374.4285714285713
3,861,374,374.04761904761904
3,862,374,373.9047619047618
3,863,374,373.99999999999994
3,864,374,373.80952380952357
3,865,374,374.095238095238
3,866,374,374.8571428571428
3,867,376,375.2380952380951
3,868,376,375.0476190476189
3,869,374,374.9523809523808
3,870,374,374.8571428571427
3,871,376,375.09523809523796
3,872,376,375.38095238095235
3,873,375,375.6190476190475
3,874,375,375.71428571428567
3,875,377,376.2380952380952
3,876,377,376.90476190476176
3,877,377,377.190476190476
3,878,377,376.90476190476187
3,879,377,376.9523809523808
3,880,377,377.3809523809523
3,881,378,377.99999999999983
3,882,379,378.61904761904754
3,883,379,378.8571428571428
3,884,379,379.19047619047586
3,885,379,379.6666666666666
3,886,381,380.3333333333332
3,887,381,380.8095238095237
3,888,381,381.2380952380952
3,889,381,381.3333333333333
3,890,382,381.6666666666666
3,891,382,381.76190476190465
3,892,382,382.1904761904761
3,893,382,382.85714285714266
3,894,384,383.23809523809507
3,895,384,383.0476190476189
3,896,382,382.9523809523809
3,897,382,382.76190476190465
3,898,384,383.14285714285705
3,899,384,383.9047619047618
3,900,384,384.19047619047603
3,901,384,383.9999999999999
3,902,384,383.9999999999999
3,903,384,383.9999999999999
3,904,384,383.9999999999999
3,905,384,383.9999999999999
3,906,384,384.09523809523796
3,907,384,383.9523809523808
3,908,384,383.6666666666664
3,909,383,383.33333333333314
3,910,383,383.047619047619
3,911,383,382.90476190476164
3,912,383,383.0
3,913,383,383.0
3,914,383,383.095238095238
3,915,383,382.9523809523809
3,916,383,382.76190476190465
3,917,382,382.2857142857142
3,918,382,381.71428571428555
3,919,381,381.23809523809507
3,920,381,381.0476190476188
3,921,381,380.9047619047617
3,922,381,381.0952380952378
3,923,381,380.85714285714266
3,924,381,380.71428571428567
3,925,380,380.95238095238074
3,926,381,380.5714285714283
3,927,381,379.7619047619047
3,928,378,379.142857142857
3,929,378,378.6666666666666
3,930,379,378.2857142857141
3,931,379,378.19047619047615
3,932,377,377.8095238095236
3,933,377,377.6190476190474
3,934,378,377.3809523809524
3,935,378,377.2857142857142
3,936,376,376.76190476190465
3,937,376,376.19047619047615
3,938,376,375.76190476190476
3,939,376,375.6666666666665
3,940,375,375.3333333333332
3,941,375,375.0476190476189
3,942,375,374.9047619047617
3,943,375,374.99999999999983
3,944,375,374.99999999999983
3,945,375,374.99999999999983
3,946,375,374.99999999999983
3,947,375,374.90476190476187
3,948,375,374.95238095238096
3,949,375,375.3809523809522
3,950,376,375.9999999999999
3,951,377,376.61904761904754
3,952,377,376.9523809523808
3,953,377,377.14285714285705
3,954,377,377.33333333333326
3,955,378,377.6666666666665
3,956,378,377.8571428571427
3,957,378,378.14285714285705
3,958,378,378.23809523809507
3,959,379,378.71428571428555
3,960,379,379.1904761904761
3,961,380,379.8095238095238
3,962,380,380.2857142857142
3,963,381,380.7619047619047
3,964,381,380.95238095238096
3,965,381,381.09523809523796
3,966,381,380.90476190476176
3,967,381,381.0476190476189
3,968,381,381.3333333333333
3,969,382,381.5714285714285
3,970,382,381.9999999999999
3,971,382,382.52380952380935
3,972,383,382.6190476190475
3,973,383,382.7142857142856
3,974,382,382.3809523809523
3,975,382,381.71428571428555
3,976,381,381.23809523809507
3,977,381,381.0476190476188
3,978,381,380.9047619047617
3,979,381,381.0952380952378
3,980,381,380.95238095238085
3,981,381,380.7619047619047
3,982,380,380.28571428571416
3,983,380,379.9047619047617
3,984,379,379.14285714285705
3,985,379,378.28571428571405
3,986,377,377.61904761904765
3,987,377,377.5238095238093
3,988,378,377.4285714285712
3,989,378,377.7142857142856
3,990,377,377.3809523809523
3,991,377,376.71428571428567
3,992,376,376.33333333333326
3,993,376,375.99999999999994
3,994,376,375.57142857142856
3,995,375,375.3333333333332
3,996,375,375.0476190476189
3,997,375,374.9047619047617
3,998,375,374.99999999999983
3,999,375,374.99999999999983
3,1000,375,374.99999999999983
3,1001,375,374.99999999999983
3,1002,375,374.99999999999983
3,1003,375,374.99999999999983
3,1004,375,374.99999999999983
3,1005,375,374.90476190476187
3,1006,375,375.047619047619
3,1007,375,375.2380952380951
3,1008,376,375.7142857142855
3,1009,376,376.2857142857143
3,1010,377,376.76190476190476
3,1011,377,376.8571428571427
3,1012,377,377.14285714285705
3,1013,377,377.2380952380951
3,1014,378,377.7142857142856
3,1015,378,378.2857142857143
3,1016,379,378.76190476190465
3,1017,379,378.76190476190465
3,1018,379,379.19047619047586
3,1019,379,379.7619047619046
3,1020,381,380.285714285714
3,1021,381,380.6857142857145
3,1022,380,380.65714285714273
3,1023,380,379.9
3,1024,381,379.0476190476189
3,1025,381,381.0476190476188
3,1026,382,382.23809523809507
3,1027,382,381.9523809523809
3,1028,382,382.09523809523796
3,1029,382,381.9999999999997
3,1030,382,381.9999999999997
3,1031,382,381.90476190476176
3,1032,382,382.04761904761887
3,1033,382,382.3333333333333
3,1034,383,382.66666666666663
3,1035,383,382.95238095238074
3,1036,383,383.0952380952379
3,1037,383,383.0
3,1038,383,383.0
3,1039,383,383.0
3,1040,383,383.0
3,1041,383,383.0
3,1042,383,383.0
3,1043,383,383.0
3,1044,383,383.095238095238
3,1045,383,382.9523809523809
3,1046,383,382.66666666666646
3,1047,382,382.33333333333314
3,1048,382,382.0476190476189
3,1049,382,381.9047619047618
3,1050,382,381.9999999999997
3,1051,382,381.9999999999997
3,1052,382,382.19047619047603
3,1053,382,381.9047619047618
3,1054,382,381.33333333333326
3,1055,380,380.6666666666667
3,1056,380,380.19047619047603
3,1057,380,379.8571428571428
3,1058,380,379.6190476190473
3,1059,379,379.09523809523796
3,1060,378,378.33333333333314
3,1061,378,377.7142857142856
3,1062,377,377.190476190476
3,1063,377,376.61904761904765
3,1064,376,376.2857142857143
3,1065,376,376.4761904761904
3,1066,377,376.5238095238094
3,1067,377,376.61904761904754
3,1068,376,376.4285714285712
3,1069,376,376.14285714285705
3,1070,376,375.8571428571427
3,1071,376,375.6666666666665
3,1072,375,375.3333333333332
3,1073,375,375.0476190476189
3,1074,375,374.9047619047617
3,1075,375,374.99999999999983
3,1076,375,374.99999999999983
3,1077,375,375.0952380952379
3,1078,375,374.95238095238085
3,1079,375,374.6666666666665
3,1080,374,374.3333333333332
3,1081,374,374.04761904761904
3,1082,374,373.8095238095239
3,1083,374,374.04761904761904
3,1084,374,374.3333333333332
3,1085,375,374.66666666666663
3,1086,375,374.85714285714283
3,1087,375,375.14285714285705
3,1088,375,375.33333333333326
3,1089,376,375.6666666666666
3,1090,376,375.95238095238085
3,1091,376,376.09523809523796
3,1092,376,375.9047619047618
3,1093,376,376.0476190476189
3,1094,376,376.14285714285705
3,1095,377,376.76190476190465
3,1096,377,377.7142857142855
3,1097,379,378.3809523809522
3,1098,379,378.4761904761904
3,1099,378,378.5714285714283
3,1100,378,378.3809523809523
3,1101,379,378.5714285714283
3,1102,379,378.85714285714266
3,1103,379,379.14285714285705
3,1104,379,379.33333333333314
3,1105,380,379.66666666666646
3,1106,380,379.9523809523808
3,1107,380,380.095238095238
3,1108,380,379.99999999999983
3,1109,380,379.99999999999983
3,1110,380,379.99999999999983
3,1111,380,379.99999999999983
3,1112,380,379.99999999999983
3,1113,380,379.99999999999983
3,1114,380,379.99999999999983
3,1115,380,379.99999999999983
3,1116,380,379.99999999999983
3,1117,380,379.99999999999983
3,1118,380,379.99999999999983
3,1119,380,380.09523809523813
3,1120,380,379.9523809523809
3,1121,380,379.57142857142844
3,1122,379,379.38095238095224
3,1123,379,379.57142857142844
3,1124,380,379.4761904761904
3,1125,380,379.1904761904761
3,1126,378,378.8095238095237
3,1127,378,378.52380952380935
3,1128,379,378.5238095238094
3,1129,379,378.5714285714283
3,1130,378,378.09523809523796
3,1131,377,377.3809523809523
3,1132,377,377.0476190476189
3,1133,377,376.8571428571427
3,1134,377,376.66666666666663
3,1135,376,376.3333333333333
3,1136,376,376.14285714285705
3,1137,376,375.8571428571427
3,1138,376,375.57142857142844
3,1139,375,375.38095238095224
3,1140,375,375.3809523809523
3,1141,376,375.5714285714284
3,1142,376,375.95238095238085
3,1143,376,376.09523809523796
3,1144,376,376.0952380952381
3,1145,376,375.95238095238085
3,1146,376,375.4761904761903
3,1147,375,375.42857142857133
3,1148,375,375.8095238095237
3,1149,377,376.1904761904761
3,1150,377,376.4761904761904
3,1151,376,376.6666666666666
3,1152,376,376.3333333333333
3,1153,377,376.0476190476189
3,1154,376,376.38095238095235
3,1155,376,376.8095238095237
3,1156,378,377.2380952380952
3,1157,378,377.8095238095237
3,1158,378,378.2380952380952
3,1159,378,378.23809523809507
3,1160,379,378.71428571428555
3,1161,379,379.2857142857143
3,1162,380,379.76190476190465
3,1163,380,379.85714285714266
3,1164,380,380.14285714285705
3,1165,380,380.23809523809507
3,1166,381,380.71428571428567
3,1167,381,381.2857142857141
3,1168,382,381.76190476190465
3,1169,382,381.9523809523809
3,1170,382,382.09523809523796
3,1171,382,381.90476190476176
3,1172,382,382.04761904761887
3,1173,382,382.3333333333333
3,1174,383,382.66666666666663
3,1175,383,382.95238095238074
3,1176,383,383.190476190476
3,1177,383,382.9523809523809
3,1178,383,382.57142857142844
3,1179,382,382.38095238095235
3,1180,382,382.47619047619037
3,1181,383,382.52380952380946
3,1182,383,382.61904761904736
3,1183,382,382.42857142857133
3,1184,382,382.0476190476189
3,1185,382,381.9047619047618
3,1186,382,382.19047619047603
3,1187,382,381.9047619047618
3,1188,382,381.42857142857144
3,1189,380,380.6190476190474
3,1190,380,379.8571428571428
3,1191,379,379.09523809523796
3,1192,379,378.80952380952374
3,1193,378,378.19047619047603
3,1194,378,377.8095238095236
3,1195,377,377.190476190476
3,1196,377,376.71428571428567
3,1197,376,376.2380952380951
3,1198,376,376.0476190476189
3,1199,376,375.99999999999994
3,1200,376,375.95238095238085
3,1201,376,375.6666666666665
3,1202,375,375.3333333333332
3,1203,375,375.0476190476189
3,1204,375,374.9047619047617
3,1205,375,375.0952380952379
3,1206,375,374.95238095238085
3,1207,375,374.57142857142856
3,1208,374,374.38095238095224
3,1209,374,374.38095238095224
3,1210,375,374.5714285714285
3,1211,375,374.9523809523808
3,1212,375,374.9047619047617
3,1213,375,375.0952380952381
3,1214,375,375.6666666666665
3,1215,377,376.3333333333332
3,1216,377,376.90476190476176
3,1217,377,377.190476190476
3,1218,377,376.9999999999999
3,1219,377,376.9999999999999
3,1220,377,376.8095238095238
3,1221,377,377.19047619047603
3,1222,377,377.61904761904754
3,1223,379,377.8095238095238
3,1224,378,378.33333333333314
3,1225,378,378.9047619047618
3,1226,380,379.2380952380951
3,1227,380,379.8095238095236
3,1228,380,380.2380952380951
3,1229,380,380.33333333333326
3,1230,381,380.6666666666666
3,1231,381,380.95238095238096
3,1232,381,381.09523809523796
3,1233,381,380.90476190476176
3,1234,381,381.0476190476189
3,1235,381,381.3333333333333
3,1236,382,381.6666666666666
3,1237,382,381.9523809523809
3,1238,382,382.09523809523796
3,1239,382,381.9999999999997
3,1240,382,381.9999999999997
3,1241,382,381.9999999999997
3,1242,382,382.095238095238
3,1243,382,381.9523809523809
3,1244,382,381.6666666666664
3,1245,381,381.4285714285713
3,1246,381,380.9999999999999
3,1247,381,380.6666666666667
3,1248,380,380.28571428571416
3,1249,380,379.7142857142856
3,1250,379,379.238095238095
3,1251,379,379.04761904761887
3,1252,379,378.90476190476176
3,1253,379,378.99999999999983
3,1254,379,379.095238095238
3,1255,379,378.952380952381
3,1256,379,378.6666666666665
3,1257,378,378.3333333333331
3,1258,378,378.04761904761887
3,1259,378,377.90476190476176
3,1260,378,377.9999999999999
3,1261,378,377.9999999999999
3,1262,378,378.09523809523785
3,1263,378,377.9523809523808
3,1264,378,377.6666666666665
3,1265,377,377.33333333333326
3,1266,377,377.047619047619
3,1267,377,376.9047619047618
3,1268,377,376.9999999999999
3,1269,377,376.9999999999999
3,1270,377,376.9999999999999
3,1271,377,376.9999999999999
3,1272,377,376.90476190476187
3,1273,377,377.04761904761915
3,1274,377,377.33333333333326
3,1275,378,377.6666666666665
3,1276,378,377.95238095238096
3,1277,378,378.14285714285734
3,1278,378,377.99999999999983
3,1279,378,377.99999999999983
3,1280,378,377.0476190476189
3,1281,378,378.28571428571416
3,1282,379,378.9047619047618
3,1283,379,378.5238095238094
3,1284,378,378.4761904761903
3,1285,378,378.3809523809523
3,1286,379,378.5714285714283
3,1287,379,378.95238095238085
3,1288,379,379.095238095238
3,1289,379,378.99999999999983
3,1290,379,378.99999999999983
3,1291,379,378.99999999999983
3,1292,379,378.99999999999983
3,1293,379,378.90476190476176
3,1294,379,379.047619047619
3,1295,379,379.33333333333314
3,1296,380,379.66666666666646
3,1297,380,379.9523809523808
3,1298,380,380.095238095238
3,1299,380,379.99999999999983
3,1300,380,380.09523809523813
3,1301,380,379.9523809523809
3,1302,380,379.57142857142844
3,1303,379,379.38095238095224
3,1304,379,379.3809523809523
3,1305,380,379.57142857142844
3,1306,380,379.9523809523808
3,1307,380,380.095238095238
3,1308,380,379.90476190476176
3,1309,380,380.047619047619
3,1310,380,380.4285714285714
3,1311,381,380.6190476190476
3,1312,381,380.6190476190474
3,1313,380,380.4285714285713
3,1314,380,379.9523809523808
3,1315,380,380.047619047619
3,1316,380,380.28571428571433
3,1317,381,380.4285714285714
3,1318,380,380.238095238095
3,1319,380,379.8095238095236
3,1320,379,379.238095238095
3,1321,379,379.04761904761887
3,1322,379,378.90476190476176
3,1323,379,379.095238095238
3,1324,379,378.952380952381
3,1325,379,378.57142857142844
3,1326,378,378.3809523809524
3,1327,378,378.57142857142844
3,1328,379,378.4761904761904
3,1329,379,378.28571428571416
3,1330,377,377.7619047619047
3,1331,377,376.99999999999994
3,1332,377,376.8571428571426
3,1333,377,377.4285714285712
3,1334,378,377.6190476190474
3,1335,378,377.6190476190475
3,1336,377,377.4285714285713
3,1337,377,377.047619047619
3,1338,377,376.9047619047618
3,1339,377,376.9999999999999
3,1340,377,376.9999999999999
3,1341,377,376.9999999999999
3,1342,377,377.0952380952381
3,1343,377,376.952380952381
3,1344,377,376.57142857142844
3,1345,376,376.3809523809523
3,1346,376,376.3809523809523
3,1347,377,376.57142857142844
3,1348,377,376.8571428571427
3,1349,377,377.14285714285705
3,1350,377,377.33333333333326
3,1351,378,377.6666666666665
3,1352,378,377.95238095238096
3,1353,378,378.09523809523796
3,1354,378,377.90476190476176
3,1355,378,378.04761904761887
3,1356,378,378.33333333333326
3,1357,379,378.6666666666666
3,1358,379,378.95238095238085
3,1359,379,379.1904761904761
3,1360,379,378.952380952381
3,1361,379,378.6666666666665
3,1362,378,378.3333333333331
3,1363,378,378.142857142857
3,1364,378,377.8571428571427
3,1365,378,377.6666666666665
3,1366,377,377.33333333333326
3,1367,377,377.1428571428571
3,1368,377,376.8571428571427
3,1369,377,376.66666666666663
3,1370,376,376.3333333333333
3,1371,376,376.14285714285705
3,1372,376,375.8571428571427
3,1373,376,375.6666666666665
3,1374,375,375.3333333333332
3,1375,375,375.14285714285705
3,1376,375,374.8571428571428
3,1377,375,374.6666666666665
3,1378,374,374.42857142857133
3,1379,374,373.9999999999998
3,1380,374,373.5714285714285
3,1381,373,373.33333333333326
3,1382,373,372.9523809523809
3,1383,373,372.95238095238096
3,1384,373,373.4285714285714
3,1385,374,373.6190476190475
3,1386,374,373.6190476190475
3,1387,373,373.42857142857133
3,1388,373,373.0476190476189
3,1389,373,372.9047619047618
3,1390,373,372.90476190476187
3,1391,373,373.0476190476189
3,1392,373,373.23809523809507
3,1393,374,373.71428571428555
3,1394,374,374.1904761904761
3,1395,375,374.8095238095237
3,1396,375,375.38095238095224
3,1397,376,375.61904761904754
3,1398,376,375.6666666666666
3,1399,375,375.76190476190465
3,1400,376,375.71428571428567
3,1401,376,375.76190476190465
3,1402,376,376.14285714285705
3,1403,376,376.33333333333326
3,1404,377,376.6666666666667
3,1405,377,376.8571428571427
3,1406,377,377.14285714285705
3,1407,377,377.4285714285712
3,1408,378,377.6190476190474
3,1409,378,377.6190476190475
3,1410,377,377.33333333333326
3,1411,377,377.0952380952379
3,1412,377,377.238095238095
3,1413,378,377.6666666666665
3,1414,378,377.95238095238096
3,1415,378,378.09523809523796
3,1416,378,377.9999999999999
3,1417,378,377.9999999999999
3,1418,378,378.09523809523785
3,1419,378,377.9523809523808
3,1420,378,377.6666666666665
3,1421,377,377.33333333333326
3,1422,377,377.047619047619
3,1423,377,376.9047619047618
3,1424,377,377.0952380952381
3,1425,377,376.952380952381
3,1426,377,376.66666666666663
3,1427,376,376.3333333333333
3,1428,376,376.2380952380951
3,1429,376,375.80952380952374
3,1430,376,375.33333333333326
3,1431,374,374.6666666666666
3,1432,374,374.1904761904762
3,1433,374,373.8571428571428
3,1434,374,373.6190476190475
3,1435,373,373.00000000000006
3,1436,372,372.3809523809523
3,1437,372,371.95238095238085
3,1438,372,371.9047619047618
3,1439,372,371.9999999999999
3,1440,372,371.9999999999999
3,1441,372,371.3333333333333
3,1442,372,372.33333333333326
3,1443,372,374.42857142857133
3,1444,379,376.61904761904754
3,1445,379,378.3333333333332
3,1446,378,378.9999999999999
3,1447,378,378.04761904761887
3,1448,378,377.90476190476176
3,1449,378,377.9999999999999
3,1450,378,377.9999999999999
3,1451,378,378.09523809523785
3,1452,378,377.9523809523808
3,1453,378,377.57142857142827
3,1454,377,377.3809523809523
3,1455,377,377.4761904761904
3,1456,378,377.5238095238093
3,1457,378,377.6190476190475
3,1458,377,377.4285714285713
3,1459,377,377.047619047619
3,1460,377,376.9047619047618
3,1461,377,376.9999999999999
3,1462,377,376.90476190476187
3,1463,377,377.04761904761915
3,1464,377,377.33333333333326
3,1465,378,377.6666666666665
3,1466,378,377.95238095238096
3,1467,378,378.09523809523796
3,1468,378,377.9999999999999
3,1469,378,377.9999999999999
3,1470,378,377.90476190476176
3,1471,378,378.04761904761887
3,1472,378,378.4285714285712
3,1473,379,378.6190476190474
3,1474,379,378.6190476190474
3,1475,378,378.238095238095
3,1476,378,378.14285714285705
3,1477,378,378.8571428571427
3,1478,380,379.1904761904761
3,1479,380,378.90476190476187
3,1480,377,378.19047619047603
3,1481,377,377.23809523809496
3,1482,377,376.6666666666666
3,1483,377,376.66666666666663
3,1484,376,376.3333333333333
3,1485,376,375.95238095238085
3,1486,376,375.95238095238085
3,1487,376,376.61904761904754
3,1488,377,376.52380952380946
3,1489,377,375.76190476190465
3,1490,374,375.190476190476
3,1491,374,374.9047619047617
3,1492,376,374.9999999999999
3,1493,376,375.5714285714284
3,1494,375,375.61904761904754
3,1495,375,374.99999999999994
3,1496,375,374.5714285714285
3,1497,374,374.3333333333332
3,1498,374,374.14285714285717
3,1499,374,373.8571428571428
3,1500,374,373.66666666666663
3,1501,373,373.33333333333326
3,1502,373,373.0476190476189
3,1503,373,372.99999999999994
3,1504,373,372.95238095238096
3,1505,373,372.6666666666665
3,1506,372,372.3333333333332
3,1507,372,372.0476190476189
3,1508,372,371.9047619047618
3,1509,372,371.9999999999999
3,1510,372,371.9999999999999
3,1511,372,371.90476190476187
3,1512,372,372.0476190476188
3,1513,372,372.3333333333332
3,1514,373,372.66666666666663
3,1515,373,372.95238095238085
3,1516,373,373.095238095238
3,1517,373,372.99999999999983
3,1518,373,372.99999999999983
3,1519,373,372.99999999999983
3,1520,373,372.99999999999983
3,1521,373,372.99999999999983
3,1522,373,372.90476190476187
3,1523,373,372.95238095238096
3,1524,373,373.3809523809523
3,1525,374,373.9047619047618
3,1526,375,374.6666666666665
3,1527,375,375.4761904761903
3,1528,376,375.7142857142856
3,1529,376,375.6190476190475
3,1530,375,375.4285714285712
3,1531,375,374.95238095238074
3,1532,375,374.95238095238096
3,1533,375,375.25714285714304
3,1534,376,375.62857142857126
3,1535,376,376.09999999999997
3,1536,376,375.7142857142855
3,1537,376,376.3809523809524
3,1538,377,376.71428571428567
3,1539,377,376.52380952380946
3,1540,376,376.4761904761903
3,1541,376,376.3809523809523
3,1542,377,376.57142857142844
3,1543,377,376.9523809523808
3,1544,377,377.095238095238
3,1545,377,376.9999999999999
3,1546,377,376.9999999999999
3,1547,377,376.9999999999999
3,1548,377,376.9999999999999
3,1549,377,376.9999999999999
3,1550,377,376.9999999999999
3,1551,377,376.9999999999999
3,1552,377,376.9999999999999
3,1553,377,377.0952380952381
3,1554,377,376.952380952381
3,1555,377,376.66666666666663
3,1556,376,376.3333333333333
3,1557,376,376.0476190476189
3,1558,376,375.9047619047618
3,1559,376,375.8095238095237
3,1560,376,376.0952380952381
3,1561,376,376.6666666666665
3,1562,378,377.3333333333333
3,1563,378,377.8095238095237
3,1564,378,378.2380952380952
3,1565,378,378.33333333333326
3,1566,379,378.6666666666666
3,1567,379,378.95238095238085
3,1568,379,379.095238095238
3,1569,379,378.99999999999983
3,1570,379,378.99999999999983
3,1571,379,378.99999999999983
3,1572,379,378.99999999999983
3,1573,379,378.99999999999983
3,1574,379,378.99999999999983
3,1575,379,378.99999999999983
3,1576,379,378.99999999999983
3,1577,379,378.99999999999983
3,1578,379,378.99999999999983
3,1579,379,378.99999999999983
3,1580,379,379.095238095238
3,1581,379,378.952380952381
3,1582,379,378.6666666666665
3,1583,378,378.3333333333331
3,1584,378,378.04761904761887
3,1585,378,377.90476190476176
3,1586,378,377.9999999999999
3,1587,378,377.9999999999999
3,1588,378,378.09523809523785
3,1589,378,377.9523809523808
3,1590,378,377.6666666666665
3,1591,377,377.33333333333326
3,1592,377,377.047619047619
3,1593,377,377.0
3,1594,377,376.952380952381
3,1595,377,376.4761904761903
3,1596,376,376.4285714285714
3,1597,376,376.90476190476187
3,1598,378,377.142857142857
3,1599,378,377.14285714285705
3,1600,376,376.9047619047618
3,1601,376,376.42857142857133
3,1602,377,376.4761904761904
3,1603,377,376.9523809523808
3,1604,377,377.095238095238
3,1605,377,376.90476190476187
3,1606,377,377.04761904761915
3,1607,377,377.33333333333326
3,1608,378,377.6666666666665
3,1609,378,377.95238095238096
3,1610,378,377.99999999999983
3,1611,378,378.04761904761887
3,1612,378,378.4285714285712
3,1613,379,378.6190476190474
3,1614,379,378.5238095238094
3,1615,378,378.4761904761903
3,1616,378,378.3809523809523
3,1617,379,378.5714285714283
3,1618,379,378.95238095238085
3,1619,379,379.095238095238
3,1620,379,378.99999999999983
3,1621,379,379.38095238095224
3,1622,379,378.8095238095236
3,1623,379,377.66666666666663
3,1624,375,376.42857142857116
3,1625,375,375.142857142857
3,1626,375,373.80952380952374
3,1627,374,374.57142857142856
3,1628,374,375.61904761904754
3,1629,379,377.2857142857141
3,1630,379,379.09523809523796
3,1631,380,380.1428571428571
3,1632,380,379.9523809523808
3,1633,380,380.095238095238
3,1634,380,380.09523809523813
3,1635,380,379.9523809523809
3,1636,380,379.6666666666664
3,1637,379,379.2380952380951
3,1638,379,379.0952380952381
3,1639,379,379.4285714285714
3,1640,380,379.5714285714286
3,1641,380,379.1904761904761
3,1642,378,378.8095238095237
3,1643,378,378.52380952380935
3,1644,379,378.4285714285714
3,1645,379,378.5238095238094
3,1646,378,378.4761904761903
3,1647,378,378.47619047619037
3,1648,379,378.5238095238094
3,1649,379,378.71428571428555
3,1650,378,378.38095238095224
3,1651,378,377.6190476190476
3,1652,377,377.2857142857143
3,1653,377,377.3809523809523
3,1654,378,377.6666666666665
3,1655,378,377.9047619047618
3,1656,378,377.76190476190465
3,1657,377,377.33333333333326
3,1658,377,377.047619047619
3,1659,377,376.9047619047618
3,1660,377,376.9999999999999
3,1661,377,376.9999999999999
3,1662,377,376.9999999999999
3,1663,377,376.9999999999999
3,1664,377,376.9999999999999
3,1665,377,376.9999999999999
3,1666,377,376.9999999999999
3,1667,377,376.9999999999999
3,1668,377,376.90476190476187
3,1669,377,377.04761904761915
3,1670,377,377.4285714285712
3,1671,378,377.6190476190474
3,1672,378,377.52380952380946
3,1673,377,377.47619047619014
3,1674,377,377.3809523809523
3,1675,378,377.57142857142827
3,1676,378,377.95238095238096
3,1677,378,378.09523809523796
3,1678,378,377.9999999999999
3,1679,378,377.90476190476176
3,1680,378,378.04761904761887
3,1681,378,378.4285714285712
3,1682,379,378.6190476190474
3,1683,379,378.5238095238094
3,1684,378,378.4761904761903
3,1685,378,378.3809523809523
3,1686,379,378.5714285714283
3,1687,379,378.95238095238085
3,1688,379,379.095238095238
3,1689,379,378.99999999999983
3,1690,379,378.99999999999983
3,1691,379,378.99999999999983
3,1692,379,378.99999999999983
3,1693,379,378.90476190476176
3,1694,379,379.14285714285705
3,1695,379,379.2857142857142
3,1696,380,379.33333333333314
3,1697,379,379.2857142857143
3,1698,379,379.142857142857
3,1699,379,378.90476190476176
3,1700,379,378.99999999999983
3,1701,379,378.99999999999983
3,1702,379,378.99999999999983
3,1703,379,378.99999999999983
3,1704,379,378.99999999999983
3,1705,379,378.99999999999983
3,1706,379,378.99999999999983
3,1707,379,378.99999999999983
3,1708,379,379.095238095238
3,1709,379,378.952380952381
3,1710,379,378.57142857142844
3,1711,378,378.3809523809524
3,1712,378,378.47619047619037
3,1713,379,378.5238095238094
3,1714,379,378.5238095238094
3,1715,378,378.4761904761903
3,1716,378,378.47619047619037
3,1717,379,378.5238095238094
3,1718,379,378.5238095238094
3,1719,378,378.57142857142844
3,1720,378,378.3333333333332
3,1721,379,378.23809523809507
3,1722,378,378.2857142857141
3,1723,378,378.14285714285705
3,1724,378,377.90476190476176
3,1725,378,377.9999999999999
3,1726,378,377.9999999999999
3,1727,378,378.09523809523785
3,1728,378,377.9523809523808
3,1729,378,377.6666666666665
3,1730,377,377.33333333333326
3,1731,377,376.9523809523809
3,1732,377,376.9523809523808
3,1733,377,377.4285714285712
3,1734,378,377.6190476190474
3,1735,378,377.6190476190475
3,1736,377,377.4285714285713
3,1737,377,377.047619047619
3,1738,377,376.9047619047618
3,1739,377,376.9999999999999
3,1740,377,376.9999999999999
3,1741,377,376.9999999999999
3,1742,377,376.9999999999999
3,1743,377,376.9999999999999
3,1744,377,377.0952380952381
3,1745,377,376.952380952381
3,1746,377,376.57142857142844
3,1747,376,376.3809523809523
3,1748,376,376.2857142857141
3,1749,377,376.6190476190475
3,1750,377,377.1904761904759
3,1751,378,377.8095238095237
3,1752,378,378.190476190476
3,1753,379,378.8095238095237
3,1754,379,379.2857142857143
3,1755,380,379.76190476190465
3,1756,380,379.85714285714266
3,1757,380,380.14285714285705
3,1758,380,380.33333333333326
3,1759,381,380.6666666666666
3,1760,381,380.85714285714266
3,1761,381,381.142857142857
3,1762,381,381.3333333333333
3,1763,382,381.6666666666666
3,1764,382,381.9523809523809
3,1765,382,382.09523809523796
3,1766,382,381.9999999999997
3,1767,382,381.9999999999997
3,1768,382,381.9999999999997
3,1769,382,381.9999999999997
3,1770,382,381.9999999999997
3,1771,382,381.9999999999997
3,1772,382,381.9999999999997
3,1773,382,381.9999999999997
3,1774,382,381.9999999999997
3,1775,382,382.095238095238
3,1776,382,381.9523809523809
3,1777,382,381.6666666666664
3,1778,381,381.33333333333314
3,1779,381,381.23809523809507
3,1780,381,380.8095238095238
3,1781,381,380.2380952380952
3,1782,379,379.7142857142858
3,1783,379,379.6190476190474
3,1784,380,379.3809523809524
3,1785,380,379.2857142857142
3,1786,378,378.95238095238085
3,1787,378,377.9999999999999
3,1788,378,377.142857142857
3,1789,376,376.74285714285736
3,1790,376,376.0571428571427
3,1791,376,376.1
3,1792,376,375.76190476190476
3,1793,376,375.9047619047618
3,1794,376,375.76190476190465
3,1795,375,375.3333333333332
3,1796,375,375.0476190476189
3,1797,375,374.9047619047617
3,1798,375,374.90476190476187
3,1799,375,375.14285714285694
3,1800,375,375.2857142857142
3,1801,376,375.33333333333326
3,1802,375,375.19047619047603
3,1803,375,375.190476190476
3,1804,375,375.2380952380951
3,1805,376,375.5714285714284
3,1806,376,375.9999999999999
3,1807,376,376.42857142857133
3,1808,377,376.6666666666667
3,1809,377,376.76190476190476
3,1810,377,377.1904761904761
3,1811,377,377.6666666666665
3,1812,379,378.33333333333326
3,1813,379,378.8095238095236
3,1814,379,379.2380952380952
3,1815,379,379.33333333333314
3,1816,380,379.66666666666646
3,1817,380,379.85714285714266
3,1818,380,380.14285714285705
3,1819,380,380.23809523809507
3,1820,381,380.71428571428567
3,1821,381,381.2857142857141
3,1822,382,381.76190476190465
3,1823,382,381.9523809523809
3,1824,382,382.09523809523796
3,1825,382,382.47619047619037
3,1826,382,381.7619047619047
3,1827,382,380.33333333333314
3,1828,377,378.6666666666666
3,1829,377,377.23809523809507
3,1830,377,376.5238095238096
3,1831,377,376.9999999999999
3,1832,377,377.0952380952381
3,1833,377,376.952380952381
3,1834,377,376.7619047619048
3,1835,376,376.2857142857141
3,1836,376,375.71428571428555
3,1837,375,375.33333333333326
3,1838,375,374.99999999999994
3,1839,375,374.47619047619037
3,1840,374,374.38095238095224
3,1841,374,374.47619047619025
3,1842,375,374.5238095238094
3,1843,375,374.6190476190476
3,1844,374,374.4285714285713
3,1845,374,374.14285714285717
3,1846,374,373.8571428571428
3,1847,374,373.57142857142856
3,1848,373,373.38095238095235
3,1849,373,373.47619047619037
3,1850,374,373.5238095238094
3,1851,374,373.6190476190475
3,1852,373,373.42857142857133
3,1853,373,373.0476190476189
3,1854,373,372.99999999999994
3,1855,373,372.95238095238096
3,1856,373,372.57142857142856
3,1857,372,372.3809523809523
3,1858,372,372.2857142857141
3,1859,373,372.6190476190475
3,1860,373,373.2857142857142
3,1861,374,373.76190476190465
3,1862,374,373.9523809523808
3,1863,374,374.09523809523813
3,1864,374,373.99999999999994
3,1865,374,373.99999999999994
3,1866,374,373.9047619047618
3,1867,374,374.04761904761904
3,1868,374,374.23809523809507
3,1869,375,374.7142857142855
3,1870,375,375.2857142857141
3,1871,376,375.7619047619047
3,1872,376,375.8571428571428
3,1873,376,376.14285714285705
3,1874,376,376.33333333333326
3,1875,377,376.6666666666667
3,1876,377,376.8571428571427
3,1877,377,377.14285714285705
3,1878,377,377.33333333333326
3,1879,378,377.6666666666665
3,1880,378,377.95238095238096
3,1881,378,378.09523809523796
3,1882,378,377.90476190476176
3,1883,378,378.04761904761887
3,1884,378,378.33333333333326
3,1885,379,378.6666666666666
3,1886,379,378.95238095238085
3,1887,379,379.095238095238
3,1888,379,378.99999999999983
3,1889,379,378.71428571428567
3,1890,379,379.1428571428569
3,1891,379,379.99999999999983
3,1892,382,380.9999999999999
3,1893,382,381.76190476190465
3,1894,382,382.3333333333333
3,1895,382,382.3333333333333
3,1896,383,382.66666666666663
3,1897,383,382.95238095238074
3,1898,383,383.0952380952379
3,1899,383,383.095238095238
3,1900,383,382.9523809523809
3,1901,383,382.66666666666646
3,1902,382,382.33333333333314
3,1903,382,381.95238095238085
3,1904,382,382.047619047619
3,1905,382,382.28571428571416
3,1906,383,382.33333333333314
3,1907,382,382.28571428571416
3,1908,382,382.3333333333333
3,1909,382,381.8095238095238
3,1910,382,381.42857142857144
3,1911,380,380.6190476190474
3,1912,380,379.95238095238074
3,1913,379,379.047619047619
3,1914,379,378.3809523809524
3,1915,377,377.57142857142844
3,1916,377,377.1904761904761
3,1917,377,376.76190476190476
3,1918,377,376.66666666666663
3,1919,376,376.3333333333333
3,1920,376,376.14285714285705
3,1921,376,375.8571428571427
3,1922,376,375.6666666666665
3,1923,375,375.3333333333332
3,1924,375,375.0476190476189
3,1925,375,374.9047619047617
3,1926,375,374.90476190476187
3,1927,375,375.047619047619
3,1928,375,375.33333333333326
3,1929,376,375.5714285714284
3,1930,376,375.9999999999999
3,1931,376,376.42857142857133
3,1932,377,376.6666666666667
3,1933,377,376.8571428571427
3,1934,377,377.14285714285705
3,1935,377,377.33333333333326
3,1936,378,377.6666666666665
3,1937,378,377.7619047619047
3,1938,378,378.19047619047603
3,1939,378,378.6666666666666
3,1940,380,379.33333333333326
3,1941,380,379.8095238095236
3,1942,380,380.2380952380951
3,1943,380,380.33333333333326
3,1944,381,380.6666666666666
3,1945,381,380.85714285714266
3,1946,381,381.142857142857
3,1947,381,381.4285714285713
3,1948,382,381.5238095238095
3,1949,382,381.6666666666666
3,1950,381,381.76190476190465
3,1951,382,381.7142857142857
3,1952,382,381.85714285714266
3,1953,382,382.09523809523796
3,1954,382,382.095238095238
3,1955,382,381.9523809523809
3,1956,382,381.76190476190465
3,1957,381,381.2857142857142
3,1958,381,380.6190476190474
3,1959,380,380.28571428571416
3,1960,380,380.6666666666666
3,1961,381,380.4285714285712
3,1962,381,379.85714285714266
3,1963,378,379.142857142857
3,1964,378,378.57142857142844
3,1965,379,378.3333333333331
3,1966,379,378.6190476190474
3,1967,378,378.4285714285712
3,1968,378,378.142857142857
3,1969,378,377.7619047619047
3,1970,378,377.7142857142856
3,1971,377,377.8571428571427
3,1972,378,377.61904761904754
3,1973,378,377.1904761904761
3,1974,376,376.76190476190465
3,1975,376,376.19047619047615
3,1976,376,375.76190476190476
3,1977,376,375.57142857142844
3,1978,375,375.38095238095224
3,1979,375,375.4761904761905
3,1980,376,375.52380952380946
3,1981,376,375.6190476190475
3,1982,375,375.4285714285712
3,1983,375,375.0476190476189
3,1984,375,374.9047619047617
3,1985,375,374.99999999999983
3,1986,375,374.99999999999983
3,1987,375,374.90476190476187
3,1988,375,375.047619047619
3,1989,375,375.33333333333326
3,1990,376,375.6666666666666
3,1991,376,375.8571428571428
3,1992,376,376.14285714285705
3,1993,376,376.33333333333326
3,1994,377,376.5714285714285
3,1995,377,376.99999999999994
3,1996,377,377.42857142857144
3,1997,378,377.6666666666665
3,1998,378,377.8571428571427
3,1999,378,378.14285714285705
3,2000,378,378.23809523809507
3,2001,379,378.71428571428555
3,2002,379,379.09523809523796
3,2003,380,379.8571428571428
3,2004,380,380.80952380952374
3,2005,382,381.33333333333314
3,2006,382,381.0476190476189
3,2007,380,380.95238095238074
3,2008,380,380.85714285714266
3,2009,382,381.0952380952379
3,2010,382,381.4761904761904
3,2011,381,381.5714285714284
3,2012,381,381.38095238095235
3,2013,382,381.5714285714285
3,2014,382,381.9523809523809
3,2015,382,382.09523809523796
3,2016,382,381.9999999999997
3,2017,382,381.9999999999997
3,2018,382,382.095238095238
3,2019,382,381.9523809523809
3,2020,382,381.6666666666664
3,2021,381,381.4285714285713
3,2022,381,380.9999999999999
3,2023,381,380.57142857142844
3,2024,380,380.33333333333314
3,2025,380,380.1428571428571
3,2026,380,379.8571428571428
3,2027,380,379.6666666666664
3,2028,379,379.4285714285714
3,2029,379,378.99999999999983
3,2030,379,378.8571428571426
3,2031,378,378.19047619047615
3,2032,378,377.04761904761904
3,2033,375,375.99999999999994
3,2034,375,375.0952380952381
3,2035,375,374.1904761904761
3,2036,374,374.4285714285714
3,2037,374,374.71428571428555
3,2038,376,375.23809523809507
3,2039,376,375.9047619047619
3,2040,376,376.1904761904761
3,2041,376,376.0952380952381
3,2042,376,375.95238095238085
3,2043,376,375.6666666666665
3,2044,375,375.3333333333332
3,2045,375,375.0285714285716
3,2046,375,374.8571428571428
3,2047,375,374.99999999999983
3,2048,375,374.99999999999983
3,2049,375,374.99999999999983
3,2050,375,374.99999999999983
3,2051,375,374.99999999999983
3,2052,375,374.8095238095236
3,2053,375,375.0952380952381
3,2054,375,375.6666666666665
3,2055,377,376.2380952380951
3,2056,377,376.9523809523808
3,2057,377,377.4285714285714
3,2058,378,377.7142857142856
3,2059,378,378.2857142857143
3,2060,379,378.76190476190465
3,2061,379,378.95238095238085
3,2062,379,379.095238095238
3,2063,379,378.99999999999983
3,2064,379,378.99999999999983
3,2065,379,379.095238095238
3,2066,379,378.952380952381
3,2067,379,378.6666666666665
3,2068,378,378.3333333333331
3,2069,378,378.142857142857
3,2070,378,377.8571428571427
3,2071,378,377.6666666666665
3,2072,377,377.33333333333326
3,2073,377,377.1428571428571
3,2074,377,376.7619047619046
3,2075,377,376.71428571428567
3,2076,376,376.6666666666665
3,2077,377,376.71428571428567
3,2078,377,376.9523809523809
3,2079,377,377.0476190476189
3,2080,377,376.7619047619048
3,2081,376,376.2857142857141
3,2082,376,375.71428571428555
3,2083,375,375.2380952380953
3,2084,375,375.0476190476189
3,2085,375,374.9047619047617
3,2086,375,375.0952380952379
3,2087,375,374.95238095238085
3,2088,375,374.6666666666665
3,2089,374,374.3333333333332
3,2090,374,374.04761904761904
3,2091,374,373.9047619047618
3,2092,374,374.09523809523796
3,2093,374,373.95238095238096
3,2094,374,373.76190476190476
3,2095,373,373.2857142857142
3,2096,373,372.61904761904754
3,2097,372,372.2857142857143
3,2098,372,372.3809523809523
3,2099,373,372.5714285714284
3,2100,373,372.95238095238085
3,2101,373,373.095238095238
3,2102,373,372.99999999999983
3,2103,373,372.99999999999983
3,2104,373,372.90476190476187
3,2105,373,373.0476190476189
3,2106,373,373.1428571428571
3,2107,374,373.76190476190465
3,2108,374,374.71428571428544
3,2109,376,375.3809523809522
3,2110,376,375.5714285714284
3,2111,375,375.5238095238094
3,2112,375,375.0476190476189
3,2113,375,374.9047619047617
3,2114,375,374.90476190476187
3,2115,375,375.047619047619
3,2116,375,375.33333333333326
3,2117,376,375.6666666666666
3,2118,376,375.8571428571428
3,2119,376,376.0476190476189
3,2120,376,376.38095238095224
3,2121,377,376.9047619047618
3,2122,378,377.66666666666646
3,2123,378,378.19047619047603
3,2124,379,378.8571428571428
3,2125,379,379.61904761904754
3,2126,381,380.42857142857144
3,2127,381,380.8095238095237
3,2128,381,381.2380952380952
3,2129,381,381.3333333333333
3,2130,382,381.6666666666666
3,2131,382,381.9523809523809
3,2132,382,382.09523809523796
3,2133,382,381.9999999999997
3,2134,382,381.9999999999997
3,2135,382,381.9999999999997
3,2136,382,381.9999999999997
3,2137,382,381.9999999999997
3,2138,382,381.9999999999997
3,2139,382,381.9999999999997
3,2140,382,381.9999999999997
3,2141,382,381.9999999999997
3,2142,382,381.9999999999997
3,2143,382,381.9999999999997
3,2144,382,381.9999999999997
3,2145,382,381.9999999999997
3,2146,382,381.9999999999997
3,2147,382,381.9999999999997
3,2148,382,381.9999999999997
3,2149,382,381.9999999999997
3,2150,382,381.9999999999997
3,2151,382,381.9999999999997
3,2152,382,381.9999999999997
3,2153,382,381.9999999999997
3,2154,382,381.90476190476176
3,2155,382,382.04761904761887
3,2156,382,382.42857142857133
3,2157,383,382.6190476190475
3,2158,383,382.61904761904736
3,2159,382,382.42857142857133
3,2160,382,382.142857142857
3,2161,382,381.8571428571428
3,2162,382,381.6666666666664
3,2163,381,381.4285714285713
3,2164,381,380.9999999999999
3,2165,381,380.6666666666667
3,2166,380,380.28571428571416
3,2167,380,379.7142857142856
3,2168,379,379.238095238095
3,2169,379,379.14285714285705
3,2170,379,378.85714285714266
3,2171,379,378.6666666666665
3,2172,378,378.3333333333331
3,2173,378,378.142857142857
3,2174,378,377.8571428571427
3,2175,378,377.6666666666665
3,2176,377,377.33333333333326
3,2177,377,377.2380952380952
3,2178,377,376.80952380952385
3,2179,377,376.33333333333326
3,2180,375,375.6666666666666
3,2181,375,375.09523809523796
3,2182,375,374.8095238095236
3,2183,375,374.99999999999983
3,2184,375,374.99999999999983
3,2185,375,374.99999999999983
3,2186,375,374.99999999999983
3,2187,375,374.99999999999983
3,2188,375,374.90476190476187
3,2189,375,375.047619047619
3,2190,375,375.33333333333326
3,2191,376,375.6666666666666
3,2192,376,375.95238095238085
3,2193,376,376.09523809523796
3,2194,376,375.9999999999999
3,2195,376,375.9999999999999
3,2196,376,375.9047619047618
3,2197,376,376.0476190476189
3,2198,376,376.2380952380951
3,2199,377,376.71428571428555
3,2200,377,377.2857142857142
3,2201,378,377.7619047619047
3,2202,378,377.8571428571427
3,2203,378,378.14285714285705
3,2204,378,378.23809523809507
3,2205,379,378.71428571428555
3,2206,379,379.2857142857143
3,2207,380,379.6666666666665
3,2208,380,379.9999999999999
3,2209,380,380.4285714285714
3,2210,381,380.6666666666666
3,2211,381,380.85714285714266
3,2212,381,381.142857142857
3,2213,381,381.3333333333333
3,2214,382,381.6666666666666
3,2215,382,381.85714285714283
3,2216,382,382.142857142857
3,2217,382,382.3333333333333
3,2218,383,382.66666666666663
3,2219,383,383.04761904761887
3,2220,383,383.04761904761887
3,2221,383,382.66666666666646
3,2222,382,382.33333333333314
3,2223,382,381.95238095238085
3,2224,382,381.95238095238085
3,2225,382,382.42857142857133
3,2226,383,382.6190476190475
3,2227,383,382.61904761904736
3,2228,382,382.42857142857133
3,2229,382,382.142857142857
3,2230,382,381.8571428571428
3,2231,382,381.6666666666664
3,2232,381,381.33333333333314
3,2233,381,381.1428571428572
3,2234,381,380.85714285714283
3,2235,381,381.14285714285705
3,2236,380,380.09523809523796
3,2237,380,378.38095238095235
3,2238,375,376.57142857142844
3,2239,375,375.23809523809507
3,2240,375,374.2380952380951
3,2241,375,375.1428571428571
3,2242,375,375.99999999999994
3,2243,378,376.9999999999999
3,2244,378,377.85714285714295
3,2245,378,378.28571428571416
3,2246,378,377.9999999999999
3,2247,378,378.0000000000001
3,2248,378,377.99999999999983
3,2249,378,377.99999999999983
