channel,index,raw,filtered
1,0,376,374.7909502262443
1,1,376,375.22895927601826
1,2,376,375.7466063348418
1,3,376,376.05791855203626
1,4,376,376.2859728506788
1,5,376,376.28325791855207
1,6,376,376.0407239819005
1,7,376,375.75837104072406
1,8,376,375.51312217194584
1,9,375,375.1909502262444
1,10,375,374.81900452488696
1,11,374,374.42443438914034
1,12,374,374.03438914027157
1,13,374,373.74660633484183
1,14,373,373.45882352941186
1,15,373,373.13665158371055
1,16,373,372.94570135746613
1,17,373,372.7746606334843
1,18,373,372.71221719457026
1,19,373,372.6380090497738
1,20,372,372.6316742081449
1,21,372,372.6316742081449
1,22,373,372.6380090497738
1,23,373,372.7828054298643
1,24,373,372.9276018099548
1,25,373,373.00180995475125
1,26,373,373.13484162895935
1,27,373,373.3176470588235
1,28,374,373.4027149321268
1,29,374,373.4425339366517
1,30,373,373.5574660633485
1,31,373,373.6678733031675
1,32,374,373.83529411764715
1,33,374,373.9212669683258
1,34,374,373.85520361990956
1,35,374,373.76651583710424
1,36,374,373.7846153846156
1,37,374,373.8389140271494
1,38,374,373.79095022624455
1,39,373,373.702262443439
1,40,373,373.63167420814494
1,41,374,373.63800904977387
1,42,374,373.71221719457026
1,43,374,373.8452488687784
1,44,374,374.02805429864264
1,45,374,374.25158371040726
1,46,374,374.57737556561096
1,47,375,374.72850678733045
1,48,375,374.69592760181
1,49,375,374.7384615384617
1,50,375,374.70588235294133
1,51,375,374.7185520361992
1,52,375,374.75837104072406
1,53,374,374.8778280542988
1,54,374,374.9294117647059
1,55,375,375.0425339366517
1,56,375,375.14660633484175
1,57,376,375.2416289592761
1,58,376,375.398190045249
1,59,376,375.4868778280544
1,60,375,375.44615384615395
1,61,375,375.2760180995476
1,62,375,375.03800904977385
1,63,375,374.79095022624443
1,64,375,374.5936651583712
1,65,374,374.57556561085977
1,66,374,374.66606334841634
1,67,375,374.8651583710408
1,68,375,375.0343891402716
1,69,375,375.164705882353
1,70,376,375.37647058823546
1,71,376,375.72217194570135
1,72,376,375.98371040724
1,73,376,376.14298642533953
1,74,376,376.2434389140273
1,75,376,376.46696832579204
1,76,377,376.59547511312223
1,77,377,376.6199095022626
1,78,376,376.5990950226245
1,79,377,376.5918552036199
1,80,377,376.5891402714933
1,81,377,376.5819004524888
1,82,376,376.702262443439
1,83,376,376.68235294117653
1,84,376,376.5990950226245
1,85,377,376.5294117647059
1,86,377,376.34389140271503
1,87,377,376.2515837104073
1,88,377,376.2615384615385
1,89,375,376.25339366515846
1,90,375,376.0361990950227
1,91,376,375.81900452488696
1,92,376,375.6723981900454
1,93,376,375.6054298642535
1,94,376,375.5656108597287
1,95,375,375.57104072398215
1,96,375,375.5692307692309
1,97,376,375.4307692307694
1,98,376,375.3583710407241
1,99,375,375.3520361990951
1,100,375,375.350226244344
1,101,375,375.36199095022647
1,102,375,375.3963800904978
1,103,376,375.3239819004526
1,104,376,375.2153846153847
1,105,375,375.35022624434407
1,106,375,375.40814479638016
1,107,375,375.2072398190046
1,108,375,374.96561085972866
1,109,375,374.6923076923078
1,110,375,374.3963800904979
1,111,375,374.2959276018101
1,112,373,374.2090497737558
1,113,373,374.0244343891405
1,114,374,373.83076923076936
1,115,374,373.64615384615394
1,116,374,373.48868778280547
1,117,374,373.3764705882354
1,118,373,373.32760180995484
1,119,373,373.4307692307694
1,120,373,373.22714932126695
1,121,373,372.9963800904979
1,122,373,372.87692307692316
1,123,373,372.8072398190046
1,124,373,372.79638009049785
1,125,373,372.8533936651585
1,126,372,372.9194570135748
1,127,373,372.935746606335
1,128,373,372.9113122171946
1,129,373,372.8552036199097
1,130,373,372.7764705882354
1,131,373,372.6841628959278
1,132,373,372.5873303167421
1,133,372,372.4950226244345
1,134,372,372.27782805429865
1,135,372,372.1447963800905
1,136,372,371.8932126696834
1,137,372,371.79095022624443
1,138,372,371.8995475113122
1,139,372,372.0805429864255
1,140,372,372.33393665158377
1,141,372,372.5212669683258
1,142,372,372.7040723981901
1,143,374,372.8027149321269
1,144,374,372.9375565610861
1,145,373,373.1610859728509
1,146,373,373.32579185520376
1,147,373,373.3520361990951
1,148,373,373.3601809954753
1,149,373,373.3321266968327
1,150,374,373.24977375565624
1,151,374,373.3013574660635
1,152,373,373.4751131221721
1,153,373,373.62352941176476
1,154,374,373.79909502262456
1,155,374,373.9837104072399
1,156,374,374.15927601809966
1,157,374,374.23710407239827
1,158,375,374.4669683257919
1,159,375,374.7601809954753
1,160,375,374.9601809954751
1,161,375,375.11040723981904
1,162,375,375.3221719457014
1,163,375,375.4361990950227
1,164,376,375.5638009049775
1,165,376,375.67782805429874
1,166,376,375.8895927601811
1,167,376,376.18099547511326
1,168,376,376.40452488687794
1,169,376,376.48054298642535
1,170,377,376.5294117647059
1,171,377,376.5330316742083
1,172,377,376.6117647058825
1,173,377,376.68597285067887
1,174,376,376.7466063348417
1,175,376,376.78461538461545
1,176,377,376.86153846153854
1,177,377,376.83891402714937
1,178,377,376.8552036199096
1,179,377,376.84886877828063
1,180,377,376.8289592760183
1,181,377,376.80452488687786
1,182,377,376.64615384615405
1,183,376,376.4244343891404
1,184,376,376.2778280542988
1,185,376,376.14479638009067
1,186,376,376.0343891402715
1,187,376,375.95565610859734
1,188,376,375.98823529411777
1,189,376,376.0117647058825
1,190,376,376.04434389140283
1,191,376,375.96561085972866
1,192,376,375.85520361990956
1,193,376,375.7221719457014
1,194,376,375.5755656108598
1,195,375,375.42443438914046
1,196,375,375.27782805429865
1,197,375,375.14479638009055
1,198,375,375.10497737556574
1,199,375,374.9674208144799
1,200,375,374.87963800904987
1,201,375,374.92126696832594
1,202,375,374.9719457013576
1,203,375,374.9113122171947
1,204,375,374.8190045248869
1,205,374,374.7040723981902
1,206,375,374.5755656108597
1,207,375,374.51312217194584
1,208,374,374.39638009049776
1,209,374,374.2434389140273
1,210,374,374.0723981900454
1,211,374,373.90135746606336
1,212,374,373.7484162895928
1,213,374,373.56380090497754
1,214,373,373.4361990950227
1,215,373,373.2515837104073
1,216,373,373.02805429864253
1,217,373,372.84524886877847
1,218,373,372.71221719457026
1,219,373,372.6380090497738
1,220,372,372.70226244343905
1,221,372,372.78461538461556
1,222,373,372.764705882353
1,223,373,372.7221719457016
1,224,373,372.5954751131222
1,225,373,372.52307692307704
1,226,373,372.57556561085994
1,227,372,372.62352941176476
1,228,372,372.466968325792
1,229,372,372.3058823529412
1,230,372,372.2696832579187
1,231,373,372.28778280543
1,232,373,372.4307692307693
1,233,372,372.5692307692307
1,234,372,372.64162895927626
1,235,373,372.6479638009051
1,236,373,372.57918552036216
1,237,373,372.5556561085975
1,238,373,372.55927601809964
1,239,372,372.710407239819
1,240,372,372.92941176470606
1,241,373,373.0687782805431
1,242,373,373.1809954751132
1,243,374,373.38642533936667
1,244,374,373.60542986425355
1,245,374,373.8289592760182
1,246,374,374.0479638009051
1,247,374,374.11493212669694
1,248,374,374.08235294117657
1,249,374,374.05042016806715
1,250,374,373.99999999999983
1,251,374,373.99999999999983
1,252,374,374.0000000000002
1,253,374,374.0000000000001
1,254,374,373.9999999999993
1,255,374,373.99999999999994
1,256,375,374.2153846153848
1,257,375,374.50678733031697
1,258,375,374.8208144796382
1,259,375,375.0099547511313
1,260,375,375.1266968325793
1,261,375,375.0823529411766
1,262,375,374.9882352941178
1,263,375,375.09683257918556
1,264,375,375.1990950226245
1,265,375,375.23348416289593
1,266,375,375.2796380090499
1,267,375,375.2171945701359
1,268,376,375.0642533936653
1,269,376,374.6977375565611
1,270,374,374.39457013574673
1,271,374,374.1547511312219
1,272,374,373.9782805429866
1,273,373,373.7239819004526
1,274,373,373.65067873303184
1,275,373,373.81085972850695
1,276,375,374.1954751131223
1,277,375,374.6633484162897
1,278,375,375.06696832579195
1,279,375,375.59095022624444
1,280,377,376.07873303167435
1,281,377,376.37375565610876
1,282,376,376.5194570135748
1,283,376,376.4886877828056
1,284,377,376.53122171945705
1,285,377,376.4968325791855
1,286,376,376.3764705882354
1,287,376,376.16108597285086
1,288,376,376.1185520361992
1,289,376,376.116742081448
1,290,376,376.0262443438916
1,291,376,375.91764705882366
1,292,376,376.00000000000006
1,293,376,376.08235294117645
1,294,376,375.97375565610866
1,295,376,375.8832579185521
1,296,376,375.881447963801
1,297,376,375.8389140271494
1,298,376,375.83529411764715
1,299,375,375.75022624434405
1,300,375,375.6018099547512
1,301,376,375.4081447963802
1,302,376,375.1873303167422
1,303,375,374.88687782805437
1,304,375,374.65429864253406
1,305,374,374.56923076923096
1,306,374,374.51131221719464
1,307,374,374.3601809954753
1,308,374,374.1954751131223
1,309,374,374.2352941176472
1,310,375,374.2977375565611
1,311,375,374.2714932126697
1,312,374,374.2452488687785
1,313,374,374.09864253393687
1,314,374,373.9113122171946
1,315,374,373.69230769230785
1,316,373,373.4506787330318
1,317,373,373.1954751131222
1,318,373,373.0742081447965
1,319,373,373.1049773755658
1,320,373,373.03800904977385
1,321,373,372.9619909502263
1,322,373,372.8950226244345
1,323,373,372.8552036199096
1,324,373,372.72217194570146
1,325,373,372.57556561085994
1,326,372,372.42443438914034
1,327,372,372.27782805429865
1,328,372,372.1447963800905
1,329,372,372.0343891402716
1,330,372,371.95565610859734
1,331,372,371.91764705882366
1,332,372,371.92941176470606
1,333,372,372.0
1,334,372,372.0
1,335,372,372.0
1,336,372,372.0
1,337,372,372.0
1,338,372,371.929411764706
1,339,372,371.91764705882366
1,340,372,371.95565610859745
1,341,372,372.0343891402715
1,342,372,372.1447963800906
1,343,372,372.27782805429877
1,344,372,372.42443438914034
1,345,373,372.5755656108598
1,346,373,372.65158371040735
1,347,373,372.77285067873316
1,348,373,372.921266968326
1,349,373,373.07873303167423
1,350,373,373.22714932126695
1,351,373,373.34841628959276
1,352,373,373.4244343891404
1,353,374,373.5755656108598
1,354,374,373.72217194570146
1,355,374,373.85520361990956
1,356,374,373.96561085972866
1,357,374,373.97375565610866
1,358,374,374.0000000000001
1,359,374,373.9556561085972
1,360,374,373.9520361990952
1,361,374,374.171040723982
1,362,374,374.39457013574673
1,363,374,374.54298642533945
1,364,375,374.7366515837105
1,365,375,374.95746606334853
1,366,376,375.18733031674213
1,367,376,375.4787330316743
1,368,375,375.68416289592767
1,369,375,375.7945701357467
1,370,376,375.7303167420815
1,371,376,375.6117647058825
1,372,376,375.55927601809964
1,373,376,375.4932126696833
1,374,375,375.5429864253394
1,375,375,375.63800904977387
1,376,375,375.63981900452495
1,377,376,375.6099547511313
1,378,376,375.6778280542988
1,379,376,375.7728506787331
1,380,376,375.82443438914044
1,381,376,375.9619909502263
1,382,376,376.1085972850679
1,383,376,376.1873303167423
1,384,376,376.11855203619916
1,385,376,376.1610859728509
1,386,376,376.30588235294124
1,387,377,376.4144796380092
1,388,377,376.4868778280545
1,389,376,376.523076923077
1,390,376,376.52307692307704
1,391,377,376.5574660633485
1,392,377,376.4968325791856
1,393,376,376.27963800905
1,394,376,376.044343891403
1,395,376,376.0
1,396,376,375.95565610859734
1,397,376,375.7909502262445
1,398,375,375.5855203619911
1,399,375,375.48687782805433
1,400,376,375.4425339366517
1,401,376,375.33212669683263
1,402,375,375.2352941176473
1,403,375,375.16108597285086
1,404,375,375.1185520361992
1,405,375,375.116742081448
1,406,375,375.0262443438915
1,407,375,374.9176470588237
1,408,375,375.0000000000001
1,409,375,375.0823529411765
1,410,375,374.97375565610884
1,411,375,374.8832579185522
1,412,375,374.8814479638011
1,413,375,374.83891402714937
1,414,375,374.7647058823531
1,415,374,374.6678733031675
1,416,374,374.5574660633486
1,417,375,374.4425339366516
1,418,375,374.33212669683274
1,419,374,374.2352941176472
1,420,374,374.2316742081449
1,421,374,374.2009049773756
1,422,374,374.16108597285063
1,423,374,373.99185520362
1,424,374,373.77285067873305
1,425,374,373.65158371040724
1,426,374,373.57556561085977
1,427,373,373.4244343891403
1,428,373,373.27782805429877
1,429,373,373.1447963800906
1,430,373,373.0343891402715
1,431,373,373.0262443438915
1,432,373,373.0000000000001
1,433,373,372.97375565610866
1,434,373,372.9656108597286
1,435,373,372.7846153846155
1,436,373,372.63981900452495
1,437,373,372.5312217194571
1,438,372,372.4588235294118
1,439,372,372.4932126696833
1,440,372,372.5049773755657
1,441,372,372.5031674208147
1,442,373,372.4968325791855
1,443,373,372.42443438914034
1,444,373,372.4244343891404
1,445,373,372.56742081447976
1,446,372,372.585520361991
1,447,372,372.54932126696843
1,448,372,372.45882352941186
1,449,372,372.2434389140273
1,450,373,372.17104072398206
1,451,373,372.171040723982
1,452,372,372.3140271493214
1,453,372,372.47058823529414
1,454,372,372.4407239819005
1,455,372,372.4244343891404
1,456,373,372.41266968325806
1,457,373,372.3963800904978
1,458,373,372.4343891402716
1,459,372,372.5855203619911
1,460,372,372.7728506787331
1,461,373,372.9194570135748
1,462,373,372.9457013574661
1,463,373,372.9719457013575
1,464,373,373.18914027149333
1,465,374,373.3882352941177
1,466,374,373.49864253393673
1,467,373,373.51131221719476
1,468,373,373.6199095022626
1,469,374,373.68597285067875
1,470,374,373.647963800905
1,471,373,373.5149321266969
1,472,373,373.29592760181015
1,473,374,372.92669683257924
1,474,374,372.7429864253395
1,475,372,372.5972850678734
1,476,372,372.54208144796394
1,477,372,372.62714932126715
1,478,372,372.9022624434391
1,479,372,373.2108597285068
1,480,375,373.5963800904978
1,481,375,374.1701357466065
1,482,375,374.84343891402733
1,483,375,375.39185520361997
1,484,376,375.7909502262445
1,485,376,376.01357466063365
1,486,376,376.03257918552043
1,487,376,375.75022624434405
1,488,376,375.68416289592767
1,489,376,375.6841628959278
1,490,375,375.6117647058825
1,491,375,375.466968325792
1,492,375,375.3882352941177
1,493,375,375.24343891402725
1,494,376,375.171040723982
1,495,376,375.17104072398206
1,496,375,375.24343891402725
1,497,375,375.3882352941177
1,498,375,375.39638009049787
1,499,375,375.458823529412
1,500,376,375.55746606334856
1,501,376,375.67420814479647
1,502,376,376.0
1,503,376,376.32579185520376
1,504,376,376.51312217194584
1,505,377,376.68043720984883
1,506,377,376.7682317682317
1,507,377,376.81773781773757
1,508,377,376.7610722610726
1,509,376,376.5060606060607
1,510,376,376.09595959595885
1,511,376,375.9848484848483
1,512,376,374.98009049773765
1,513,376,375.47239819004534
1,514,376,375.95565610859734
1,515,377,376.2733031674209
1,516,377,376.46877828054306
1,517,376,376.51493212669686
1,518,376,376.38461538461536
1,519,376,376.2597285067875
1,520,376,376.19909502262453
1,521,376,376.0
1,522,376,375.8009049773756
1,523,376,375.81085972850695
1,524,376,375.8389140271494
1,525,376,375.764705882353
1,526,375,375.6678733031674
1,527,375,375.62805429864267
1,528,376,375.5248868778281
1,529,376,375.23529411764713
1,530,375,375.03619909502265
1,531,375,375.06877828054303
1,532,375,375.0036199095023
1,533,375,374.98823529411777
1,534,374,374.96380090497746
1,535,374,374.87149321266975
1,536,376,374.7882352941177
1,537,376,374.79095022624443
1,538,374,374.8208144796381
1,539,375,374.81900452488696
1,540,375,374.7945701357467
1,541,374,374.756561085973
1,542,374,374.64615384615394
1,543,375,374.4045248868779
1,544,375,374.2470588235295
1,545,374,374.18914027149333
1,546,374,373.97194570135764
1,547,374,373.87511312217214
1,548,374,373.97828054298645
1,549,373,373.8932126696834
1,550,373,373.70859728506804
1,551,374,373.5809954751131
1,552,374,373.3963800904979
1,553,374,373.17285067873314
1,554,374,373.0606334841629
1,555,372,372.86877828054315
1,556,372,372.74479638009063
1,557,372,372.6298642533938
1,558,372,372.4651583710409
1,559,373,372.398190045249
1,560,373,372.3764705882354
1,561,372,372.4180995475113
1,562,373,372.54117647058837
1,563,373,372.41628959276034
1,564,372,372.3140271493214
1,565,372,372.225339366516
1,566,372,372.14117647058833
1,567,372,372.1909502262445
1,568,372,372.3040723981902
1,569,372,372.3420814479639
1,570,373,372.5049773755658
1,571,373,372.7221719457016
1,572,373,372.8552036199096
1,573,373,372.96561085972866
1,574,373,373.0443438914029
1,575,373,373.0823529411767
1,576,373,373.0705882352941
1,577,373,373.00000000000006
1,578,373,373.00000000000006
1,579,373,373.00000000000006
1,580,373,373.00000000000006
1,581,373,373.00000000000006
1,582,373,373.00000000000006
1,583,373,373.00000000000006
1,584,373,372.929411764706
1,585,373,372.91764705882366
1,586,373,373.02624434389145
1,587,373,373.1167420814481
1,588,373,373.18914027149333
1,589,373,373.2434389140272
1,590,373,373.27963800904996
1,591,374,373.2977375565613
1,592,374,373.2977375565611
1,593,373,373.27963800904996
1,594,373,373.1728506787332
1,595,373,373.1067873303168
1,596,373,373.0723981900454
1,597,373,373.0606334841631
1,598,373,373.06244343891416
1,599,373,373.1366515837106
1,600,373,373.34208144796395
1,601,374,373.5312217194571
1,602,374,373.7565610859729
1,603,374,374.07058823529417
1,604,374,374.3257918552036
1,605,374,374.4425339366517
1,606,375,374.54117647058837
1,607,375,374.6036199095023
1,608,375,374.6117647058825
1,609,375,374.68597285067887
1,610,374,374.7466063348417
1,611,374,374.7846153846155
1,612,375,374.7909502262445
1,613,375,374.68597285067887
1,614,375,374.72850678733045
1,615,375,374.8389140271494
1,616,375,375.0081447963802
1,617,375,375.227149321267
1,618,375,375.27782805429865
1,619,375,375.3420814479639
1,620,376,375.53122171945716
1,621,376,375.756561085973
1,622,376,376.0000000000001
1,623,376,376.24343891402725
1,624,376,376.5393665158372
1,625,377,376.7402714932128
1,626,377,376.83710407239823
1,627,377,376.82081447963816
1,628,377,376.82081447963816
1,629,377,376.7665158371042
1,630,377,376.6579185520362
1,631,376,376.4950226244345
1,632,376,376.2072398190046
1,633,376,376.06244343891404
1,634,376,376.060633484163
1,635,376,376.07239819004536
1,636,376,376.0361990950227
1,637,376,376.09049773755675
1,638,376,376.30588235294124
1,639,377,376.4144796380092
1,640,377,376.4868778280545
1,641,376,376.59366515837115
1,642,376,376.60542986425355
1,643,377,376.46063348416305
1,644,377,376.2977375565613
1,645,376,376.1873303167422
1,646,376,376.0000000000001
1,647,376,375.8832579185522
1,648,375,375.78461538461545
1,649,375,375.58371040723995
1,650,376,375.3601809954752
1,651,376,375.33212669683263
1,652,375,375.3176470588237
1,653,375,375.20542986425346
1,654,375,375.0841628959277
1,655,375,374.9719457013576
1,656,375,374.7484162895929
1,657,375,374.4932126696834
1,658,374,374.3538461538464
1,659,374,374.2778280542988
1,660,374,374.1447963800907
1,661,374,374.03438914027157
1,662,374,374.02624434389156
1,663,374,374.0000000000001
1,664,374,373.9737556561088
1,665,374,373.96561085972866
1,666,374,373.85520361990956
1,667,374,373.72217194570146
1,668,374,373.57556561085977
1,669,373,373.4244343891403
1,670,373,373.27782805429877
1,671,373,373.1447963800906
1,672,373,373.0343891402715
1,673,373,372.81447963800906
1,674,373,372.7529411764707
1,675,373,372.8407239819005
1,676,373,373.0687782805431
1,677,373,373.2895927601811
1,678,373,373.62624434389147
1,679,373,373.93122171945714
1,680,375,374.26606334841637
1,681,375,374.4923076923077
1,682,375,374.6099547511314
1,683,375,374.6190045248869
1,684,375,374.5194570135746
1,685,374,374.31131221719465
1,686,374,373.9945701357467
1,687,373,373.56923076923084
1,688,373,373.3122171945702
1,689,373,373.1004524886879
1,690,373,372.88144796380095
1,691,373,372.80271493212683
1,692,373,372.9438914027151
1,693,373,373.0461538461539
1,694,373,373.1185520361992
1,695,373,373.1610859728507
1,696,373,373.23529411764713
1,697,374,373.26153846153846
1,698,374,373.3601809954753
1,699,373,373.51312217194584
1,700,373,373.70226244343894
1,701,374,373.98009049773765
1,702,374,374.1990950226246
1,703,374,374.2796380090499
1,704,375,374.34208144796395
1,705,375,374.5773755656109
1,706,375,374.77647058823544
1,707,375,374.6597285067875
1,708,374,374.54751131221735
1,709,374,374.6923076923078
1,710,375,374.74660633484183
1,711,375,374.63981900452507
1,712,374,374.639819004525
1,713,374,374.67601809954766
1,714,376,374.67782805429874
1,715,376,374.77466063348425
1,716,374,374.8895927601812
1,717,374,374.94570135746625
1,718,375,375.0018099547513
1,719,375,375.116742081448
1,720,375,375.1429864253396
1,721,376,375.1330316742082
1,722,376,375.3457013574662
1,723,375,375.639819004525
1,724,375,375.66787330316754
1,725,376,375.6823529411767
1,726,376,375.86515837104076
1,727,376,375.998190045249
1,728,376,376.00180995475125
1,729,376,376.1348416289594
1,730,376,376.3176470588236
1,731,377,376.40271493212686
1,732,377,376.44253393665156
1,733,376,376.6280542986426
1,734,376,376.750226244344
1,735,377,376.80904977375576
1,736,377,376.8045248868778
1,737,377,376.66606334841634
1,738,377,376.52307692307704
1,739,377,376.5755656108598
1,740,376,376.62352941176476
1,741,376,376.4669683257919
1,742,376,376.30588235294124
1,743,376,376.26968325791864
1,744,377,376.28778280542997
1,745,377,376.43076923076933
1,746,376,376.5692307692309
1,747,376,376.6416289592762
1,748,377,376.6479638009051
1,749,377,376.7203619909504
1,750,377,376.7203619909504
1,751,377,376.6479638009051
1,752,376,376.571040723982
1,753,376,376.5574660633486
1,754,377,376.4687782805431
1,755,377,376.36651583710426
1,756,376,376.4506787330318
1,757,376,376.5212669683259
1,758,376,376.44615384615406
1,759,377,376.49321266968343
1,760,377,376.72669683257936
1,761,377,376.8015513897863
1,762,377,376.98201798201796
1,763,376,377.075369075369
1,764,376,377.05244755244775
1,765,378,376.9564102564104
1,766,378,376.8030303030295
1,767,375,375.56060606060595
1,768,375,374.63981900452507
1,769,376,375.0823529411766
1,770,376,375.6135746606336
1,771,376,375.94751131221733
1,772,376,376.1366515837106
1,773,376,376.1628959276018
1,774,376,376.00814479638024
1,775,376,375.7927601809956
1,776,376,375.5755656108598
1,777,375,375.42443438914046
1,778,375,375.27782805429865
1,779,375,375.14479638009055
1,780,375,375.0343891402716
1,781,375,375.02624434389145
1,782,375,375.00000000000006
1,783,375,374.90316742081455
1,784,375,374.8832579185522
1,785,375,374.81085972850684
1,786,375,374.7565610859729
1,787,375,374.7909502262443
1,788,374,374.7846153846155
1,789,374,374.7466063348417
1,790,375,374.68597285067887
1,791,375,374.6117647058824
1,792,375,374.5330316742083
1,793,375,374.38823529411764
1,794,374,374.3158371040726
1,795,374,374.38642533936667
1,796,374,374.33212669683274
1,797,374,374.22352941176473
1,798,374,374.1990950226246
1,799,374,374.19728506787334
1,800,375,374.2271493212671
1,801,375,374.29773755656123
1,802,374,374.2796380090499
1,803,374,374.2434389140273
1,804,374,374.1185520361992
1,805,374,374.03438914027157
1,806,374,374.0524886877829
1,807,374,374.03438914027157
1,808,374,374.11855203619933
1,809,374,374.2434389140272
1,810,374,374.2090497737558
1,811,375,374.2153846153847
1,812,375,374.2533936651585
1,813,374,374.31402714932136
1,814,374,374.3882352941178
1,815,374,374.466968325792
1,816,374,374.54117647058837
1,817,375,374.6018099547513
1,818,375,374.639819004525
1,819,375,374.7140271493213
1,820,375,374.88325791855215
1,821,375,375.0705882352943
1,822,375,375.19909502262465
1,823,375,375.2597285067874
1,824,375,375.24343891402725
1,825,375,375.20904977375585
1,826,376,375.2153846153847
1,827,376,375.2533936651585
1,828,375,375.3140271493214
1,829,375,375.31764705882364
1,830,375,375.3846153846155
1,831,375,375.56742081447976
1,832,376,375.71855203619924
1,833,376,375.68778280543
1,834,376,375.9339366515839
1,835,376,376.2389140271493
1,836,377,376.4552036199096
1,837,377,376.63529411764716
1,838,376,376.69049773755665
1,839,376,376.7321266968328
1,840,378,376.94208144796386
1,841,377,377.10226244343903
1,842,377,377.2036199095024
1,843,377,377.23710407239827
1,844,377,377.3321266968327
1,845,378,377.4180995475115
1,846,378,377.356561085973
1,847,377,377.2090497737557
1,848,377,377.3140271493213
1,849,377,377.27149321266984
1,850,377,377.0904977375567
1,851,377,376.90950226244365
1,852,377,376.7285067873304
1,853,377,376.68597285067887
1,854,377,376.7909502262445
1,855,376,376.7846153846154
1,856,376,376.7466063348418
1,857,377,376.68597285067887
1,858,377,376.6117647058824
1,859,377,376.5330316742082
1,860,377,376.4588235294119
1,861,376,376.46877828054306
1,862,376,376.44253393665167
1,863,376,376.1185520361992
1,864,376,375.83529411764704
1,865,376,375.79276018099563
1,866,376,375.7909502262445
1,867,376,375.90950226244354
1,868,375,376.02805429864253
1,869,375,376.0968325791856
1,870,377,376.0660633484165
1,871,377,375.88325791855226
1,872,376,375.69592760181
1,873,376,375.58371040724
1,874,375,375.42624434389137
1,875,375,375.2416289592761
1,876,374,374.9095022624435
1,877,374,374.43891402714945
1,878,375,374.2452488687785
1,879,375,374.2054298642536
1,880,374,374.1990950226246
1,881,374,374.37647058823546
1,882,374,374.337556561086
1,883,374,374.4208144796382
1,884,375,374.47873303167427
1,885,375,374.56380090497737
1,886,375,374.866968325792
1,887,375,375.17918552036207
1,888,374,375.2914027149322
1,889,376,375.39457013574673
1,890,376,375.54117647058825
1,891,376,375.5837104072399
1,892,376,375.6515837104074
1,893,375,375.6742081447965
1,894,375,375.72217194570146
1,895,376,375.6660633484164
1,896,376,375.3764705882354
1,897,375,375.2009049773756
1,898,375,375.01628959276036
1,899,375,374.84072398190057
1,900,375,374.6923076923078
1,901,374,374.45067873303185
1,902,374,374.1248868778281
1,903,374,373.99185520362005
1,904,374,374.06063348416296
1,905,374,374.0723981900455
1,906,374,374.1067873303168
1,907,374,374.1728506787333
1,908,374,374.2796380090499
1,909,375,374.29773755656123
1,910,375,374.29773755656123
1,911,374,374.20904977375585
1,912,374,374.1610859728508
1,913,374,374.2153846153847
1,914,374,374.23348416289605
1,915,374,374.2153846153847
1,916,374,374.16108597285074
1,917,374,374.2090497737558
1,918,375,374.29773755656123
1,919,375,374.29773755656123
1,920,374,374.2796380090499
1,921,374,374.17285067873314
1,922,374,374.1067873303169
1,923,374,374.0723981900454
1,924,374,374.060633484163
1,925,374,373.9918552036201
1,926,374,374.12488687782803
1,927,374,374.45067873303185
1,928,375,374.6923076923078
1,929,375,374.9113122171947
1,930,375,375.0986425339367
1,931,375,375.2452488687784
1,932,376,375.2714932126698
1,933,376,375.29773755656123
1,934,375,375.3764705882354
1,935,375,375.3601809954752
1,936,375,375.3076923076924
1,937,375,375.2778280542987
1,938,375,375.3321266968327
1,939,376,375.3321266968328
1,940,376,375.34570135746617
1,941,375,375.4407239819006
1,942,375,375.4787330316743
1,943,376,375.5212669683259
1,944,376,375.4886877828055
1,945,375,375.5013574660635
1,946,375,375.6117647058825
1,947,376,375.8108597285069
1,948,376,376.0280542986426
1,949,376,376.1248868778282
1,950,376,376.16289592760194
1,951,377,376.2009049773757
1,952,377,376.29773755656123
1,953,376,376.3764705882354
1,954,376,376.3601809954752
1,955,376,376.3782805429865
1,956,376,376.36018099547516
1,957,376,376.2352941176471
1,958,377,376.13303167420827
1,959,377,376.18280542986435
1,960,376,376.3140271493214
1,961,376,376.38823529411775
1,962,376,376.4669683257919
1,963,376,376.68235294117665
1,964,377,376.7665158371042
1,965,377,376.7285067873305
1,966,377,376.71583710407253
1,967,377,376.67601809954766
1,968,377,376.4886877828055
1,969,377,376.1628959276019
1,970,375,375.9076923076924
1,971,375,375.59366515837115
1,972,375,375.3683257918554
1,973,375,375.179185520362
1,974,375,375.0443438914028
1,975,375,374.9819004524888
1,976,376,375.0099547511313
1,977,375,375.1466063348416
1,978,375,375.0624434389141
1,979,375,375.02805429864264
1,980,375,375.0343891402716
1,981,375,375.07239819004536
1,982,375,375.1330316742081
1,983,375,375.20723981900454
1,984,375,375.49502262443457
1,985,376,375.6579185520363
1,986,376,375.7665158371042
1,987,376,375.8208144796381
1,988,376,375.8208144796381
1,989,376,375.7665158371042
1,990,376,375.6579185520363
1,991,375,375.4950226244345
1,992,375,375.20723981900466
1,993,375,375.0624434389141
1,994,375,375.06063348416296
1,995,375,375.0723981900453
1,996,375,375.10678733031693
1,997,375,375.1728506787332
1,998,375,375.27963800904985
1,999,376,375.29773755656123
1,1000,376,375.29773755656123
1,1001,375,375.35022624434407
1,1002,375,375.32579185520376
1,1003,375,375.233484162896
1,1004,375,375.0823529411765
1,1005,375,374.88144796380107
1,1006,375,374.639819004525
1,1007,375,374.4343891402716
1,1008,374,374.3420814479639
1,1009,374,374.3040723981902
1,1010,374,374.2615384615386
1,1011,374,374.1529411764707
1,1012,374,374.116742081448
1,1013,374,374.22352941176473
1,1014,375,374.34389140271503
1,1015,375,374.4868778280544
1,1016,374,374.5230769230771
1,1017,374,374.5494505494503
1,1018,375,374.51548451548445
1,1019,375,374.4107004107004
1,1020,374,374.27738927738955
1,1021,374,374.2717948717949
1,1022,374,374.09595959595885
1,1023,374,374.01515151515144
1,1024,374,373.4244343891403
1,1025,374,373.42443438914034
1,1026,374,373.4968325791855
1,1027,373,373.50316742081463
1,1028,373,373.5049773755658
1,1029,373,373.4932126696834
1,1030,373,373.4588235294119
1,1031,374,373.5312217194571
1,1032,374,373.63981900452495
1,1033,374,373.78461538461556
1,1034,374,373.96561085972866
1,1035,374,374.11493212669694
1,1036,374,374.1647058823532
1,1037,374,374.0443438914028
1,1038,374,373.8832579185522
1,1039,374,373.74027149321284
1,1040,374,373.6742081447965
1,1041,374,373.6760180995477
1,1042,373,373.73665158371045
1,1043,373,373.84705882352955
1,1044,374,373.998190045249
1,1045,374,374.2515837104073
1,1046,375,374.4687782805431
1,1047,375,374.64977375565616
1,1048,375,374.7945701357466
1,1049,375,374.9031674208146
1,1050,375,374.8371040723983
1,1051,375,374.65791855203634
1,1052,374,374.49502262443445
1,1053,374,374.2778280542988
1,1054,374,374.1447963800907
1,1055,374,373.96380090497746
1,1056,374,373.87330316742083
1,1057,374,373.873303167421
1,1058,374,373.9638009049775
1,1059,374,374.1447963800906
1,1060,374,374.2072398190046
1,1061,374,374.3420814479639
1,1062,375,374.6018099547513
1,1063,375,374.83891402714937
1,1064,375,374.97375565610866
1,1065,375,375.12669683257917
1,1066,375,375.27963800904985
1,1067,376,375.41447963800914
1,1068,376,375.5131221719459
1,1069,375,375.55746606334844
1,1070,375,375.66787330316754
1,1071,376,375.7647058823531
1,1072,376,375.8389140271495
1,1073,376,375.88144796380107
1,1074,376,375.8832579185522
1,1075,376,375.97375565610866
1,1076,376,376.0117647058824
1,1077,376,375.98823529411777
1,1078,376,375.9556561085974
1,1079,376,376.0343891402715
1,1080,376,376.14479638009067
1,1081,376,376.27782805429877
1,1082,376,376.4244343891403
1,1083,377,376.57556561085977
1,1084,377,376.72217194570146
1,1085,377,376.85520361990973
1,1086,377,376.96561085972854
1,1087,377,377.11493212669694
1,1088,377,377.164705882353
1,1089,377,377.04434389140283
1,1090,377,376.8832579185521
1,1091,377,376.881447963801
1,1092,377,376.83891402714937
1,1093,377,376.694117647059
1,1094,376,376.58552036199103
1,1095,376,376.5131221719457
1,1096,377,376.4769230769232
1,1097,377,376.406334841629
1,1098,376,376.43076923076933
1,1099,376,376.61176470588236
1,1100,377,376.8108597285068
1,1101,377,377.02805429864264
1,1102,377,377.1248868778282
1,1103,377,377.16289592760194
1,1104,378,377.27149321266984
1,1105,378,377.3800904977377
1,1106,377,377.3502262443441
1,1107,377,377.24343891402725
1,1108,377,377.1891402714934
1,1109,377,377.1167420814481
1,1110,377,377.02624434389145
1,1111,377,376.9176470588236
1,1112,377,376.92941176470595
1,1113,377,377.0000000000001
1,1114,377,377.0000000000001
1,1115,377,377.0000000000001
1,1116,377,377.0000000000001
1,1117,377,377.0000000000001
1,1118,377,376.929411764706
1,1119,377,376.91764705882366
1,1120,377,377.02624434389134
1,1121,377,377.1167420814481
1,1122,377,377.1891402714934
1,1123,377,377.24343891402725
1,1124,377,377.3502262443439
1,1125,378,377.3800904977376
1,1126,378,377.34208144796395
1,1127,377,377.24524886877833
1,1128,377,377.09864253393664
1,1129,377,376.91131221719473
1,1130,377,376.69230769230774
1,1131,376,376.4506787330318
1,1132,376,376.1954751131223
1,1133,376,376.0742081447965
1,1134,376,376.0343891402715
1,1135,376,375.95565610859734
1,1136,376,375.91764705882366
1,1137,376,376.00000000000006
1,1138,376,376.08235294117645
1,1139,376,375.97375565610866
1,1140,376,375.8832579185521
1,1141,376,375.881447963801
1,1142,376,375.8389140271494
1,1143,376,375.764705882353
1,1144,375,375.6678733031674
1,1145,375,375.5574660633485
1,1146,376,375.4425339366517
1,1147,376,375.40271493212674
1,1148,375,375.3176470588237
1,1149,375,375.20542986425346
1,1150,375,375.01357466063354
1,1151,375,374.8895927601811
1,1152,375,374.7746606334843
1,1153,375,374.60995475113134
1,1154,374,374.54298642533945
1,1155,374,374.52126696832596
1,1156,374,374.42443438914046
1,1157,375,374.33212669683263
1,1158,375,374.25339366515846
1,1159,374,374.19728506787345
1,1160,374,374.1728506787331
1,1161,374,374.18914027149333
1,1162,374,374.18733031674213
1,1163,374,374.108597285068
1,1164,374,373.9619909502263
1,1165,374,373.8950226244345
1,1166,374,373.85520361990956
1,1167,374,373.72217194570146
1,1168,374,373.50497737556566
1,1169,373,373.41266968325806
1,1170,373,373.3158371040725
1,1171,373,373.1529411764707
1,1172,373,373.06244343891416
1,1173,373,373.11493212669694
1,1174,373,373.1809954751132
1,1175,374,373.1990950226246
1,1176,373,373.3076923076923
1,1177,373,373.29773755656123
1,1178,374,373.36018099547516
1,1179,374,373.54751131221735
1,1180,373,373.7122171945703
1,1181,373,373.7746606334843
1,1182,374,373.8552036199096
1,1183,374,374.1447963800907
1,1184,375,374.2959276018101
1,1185,375,374.3701357466064
1,1186,374,374.49683257918565
1,1187,374,374.5348416289594
1,1188,375,374.4751131221721
1,1189,375,374.3701357466065
1,1190,374,374.3402714932127
1,1191,374,374.3058823529413
1,1192,374,374.39638009049787
1,1193,374,374.54117647058837
1,1194,375,374.6018099547513
1,1195,375,374.639819004525
1,1196,375,374.78461538461556
1,1197,375,374.9656108597286
1,1198,375,375.04434389140283
1,1199,375,375.0823529411766
1,1200,375,375.0000000000001
1,1201,375,374.91764705882355
1,1202,375,375.0262443438915
1,1203,375,375.116742081448
1,1204,375,375.1185520361992
1,1205,375,375.16108597285074
1,1206,375,375.23529411764724
1,1207,376,375.33212669683274
1,1208,376,375.51312217194584
1,1209,375,375.56923076923096
1,1210,375,375.6298642533938
1,1211,376,375.61538461538464
1,1212,376,375.646153846154
1,1213,376,375.77466063348436
1,1214,376,375.8533936651585
1,1215,375,375.94117647058835
1,1216,376,376.0968325791857
1,1217,376,376.2434389140272
1,1218,377,376.30407239819016
1,1219,377,376.40814479638016
1,1220,376,376.4850678733033
1,1221,376,376.53484162895944
1,1222,377,376.55746606334844
1,1223,377,376.41447963800914
1,1224,376,376.30588235294135
1,1225,376,376.16108597285086
1,1226,376,376.1185520361992
1,1227,376,376.116742081448
1,1228,376,376.0262443438916
1,1229,376,375.91764705882366
1,1230,376,375.92941176470606
1,1231,376,376.0
1,1232,376,376.0
1,1233,376,376.0
1,1234,376,376.0
1,1235,376,376.0
1,1236,376,376.0
1,1237,376,376.0
1,1238,376,376.0
1,1239,376,376.0
1,1240,376,376.0
1,1241,376,376.0
1,1242,376,376.0
1,1243,376,376.0
1,1244,376,376.0
1,1245,376,376.0
1,1246,376,376.0
1,1247,376,376.0
1,1248,376,376.0705882352943
1,1249,376,376.08235294117645
1,1250,376,376.04434389140283
1,1251,376,376.03619909502265
1,1252,376,375.93755656108607
1,1253,376,375.6959276018102
1,1254,376,375.45882352941186
1,1255,375,375.23529411764713
1,1256,375,375.0343891402716
1,1257,375,374.935746606335
1,1258,374,374.819004524887
1,1259,374,374.6316742081449
1,1260,375,374.52126696832585
1,1261,375,374.56742081447976
1,1262,375,374.64977375565627
1,1263,375,374.6479638009051
1,1264,374,374.64162895927603
1,1265,374,374.639819004525
1,1266,375,374.51312217194584
1,1267,375,374.33212669683274
1,1268,374,374.2352941176472
1,1269,374,374.16108597285086
1,1270,374,374.1185520361993
1,1271,374,374.11674208144797
1,1272,374,374.02624434389156
1,1273,374,373.9347123464768
1,1274,374,373.97802197802196
1,1275,374,373.99999999999983
1,1276,374,374.0000000000002
1,1277,374,374.0000000000001
1,1278,374,373.9999999999993
1,1279,374,373.99999999999994
1,1280,374,373.49502262443445
1,1281,374,373.50678733031685
1,1282,374,373.5411764705883
1,1283,373,373.468778280543
1,1284,373,373.36018099547516
1,1285,373,373.2153846153846
1,1286,373,373.0343891402715
1,1287,373,372.81447963800906
1,1288,373,372.7529411764707
1,1289,373,372.8407239819005
1,1290,373,373.0687782805431
1,1291,373,373.2895927601811
1,1292,373,373.5556561085974
1,1293,373,373.84886877828063
1,1294,375,374.2217194570136
1,1295,375,374.52669683257926
1,1296,375,374.6841628959277
1,1297,375,374.8144796380091
1,1298,375,374.9701357466065
1,1299,375,375.0036199095022
1,1300,375,374.9764705882353
1,1301,374,374.750226244344
1,1302,374,374.6018099547513
1,1303,375,374.40814479638027
1,1304,375,374.18733031674213
1,1305,374,373.95746606334853
1,1306,374,373.73665158371045
1,1307,373,373.47239819004534
1,1308,373,373.31221719457034
1,1309,373,373.12669683257934
1,1310,373,372.98642533936663
1,1311,373,373.02986425339367
1,1312,373,373.1954751131222
1,1313,373,373.3538461538462
1,1314,374,373.5755656108598
1,1315,374,373.72217194570146
1,1316,374,373.85520361990956
1,1317,374,373.8950226244345
1,1318,374,373.9619909502264
1,1319,374,374.108597285068
1,1320,374,374.18733031674213
1,1321,374,374.18914027149333
1,1322,374,374.2434389140272
1,1323,374,374.2796380090499
1,1324,375,374.29773755656123
1,1325,375,374.22714932126723
1,1326,374,374.1972850678734
1,1327,374,374.1285067873304
1,1328,374,374.14117647058845
1,1329,374,374.2877828054299
1,1330,374,374.35022624434396
1,1331,374,374.44886877828077
1,1332,375,374.77466063348413
1,1333,375,375.1185520361992
1,1334,376,375.342081447964
1,1335,376,375.50678733031685
1,1336,375,375.53303167420825
1,1337,376,375.54117647058825
1,1338,376,375.51312217194584
1,1339,375,375.4307692307693
1,1340,375,375.4850678733033
1,1341,375,375.4669683257919
1,1342,375,375.44434389140287
1,1343,376,375.4850678733033
1,1344,376,375.45067873303174
1,1345,376,375.5411764705884
1,1346,376,375.6859728506789
1,1347,375,375.7466063348418
1,1348,375,375.78461538461556
1,1349,376,375.7909502262445
1,1350,376,375.756561085973
1,1351,376,375.881447963801
1,1352,376,375.9656108597286
1,1353,376,376.01809954751155
1,1354,376,376.04796380090517
1,1355,376,375.8552036199096
1,1356,376,375.63981900452495
1,1357,376,375.46063348416294
1,1358,375,375.3764705882354
1,1359,375,375.5194570135748
1,1360,375,375.6217194570137
1,1361,375,375.6923076923078
1,1362,376,375.7402714932128
1,1363,376,375.70407239819025
1,1364,377,375.72217194570135
1,1365,377,375.8651583710409
1,1366,375,375.8651583710409
1,1367,375,375.72217194570146
1,1368,375,375.5656108597285
1,1369,375,375.45701357466083
1,1370,376,375.3963800904978
1,1371,376,375.32217194570154
1,1372,375,375.31131221719465
1,1373,375,375.4407239819006
1,1374,376,375.58371040724
1,1375,376,375.6135746606336
1,1376,375,375.4687782805432
1,1377,375,375.28778280542986
1,1378,375,375.20904977375585
1,1379,376,375.17104072398206
1,1380,376,375.0443438914029
1,1381,374,374.89954751131233
1,1382,374,374.875113122172
1,1383,375,374.90950226244354
1,1384,375,374.8733031674209
1,1385,375,374.83710407239835
1,1386,375,374.87149321266975
1,1387,375,374.98552036199106
1,1388,375,375.1266968325792
1,1389,375,375.0361990950227
1,1390,375,374.8552036199097
1,1391,375,374.72217194570146
1,1392,375,374.57556561085994
1,1393,374,374.4244343891404
1,1394,374,374.2778280542988
1,1395,374,374.1447963800907
1,1396,374,374.03438914027157
1,1397,374,373.95565610859734
1,1398,374,373.9176470588238
1,1399,374,373.929411764706
1,1400,374,374.0000000000001
1,1401,374,374.07058823529417
1,1402,374,374.0823529411766
1,1403,374,373.9737556561088
1,1404,374,373.8832579185522
1,1405,374,373.8108597285069
1,1406,374,373.7565610859728
1,1407,374,373.79095022624443
1,1408,373,373.7846153846156
1,1409,373,373.7466063348417
1,1410,374,373.6859728506789
1,1411,374,373.6117647058826
1,1412,374,373.53303167420813
1,1413,374,373.4588235294118
1,1414,373,373.39819004524907
1,1415,373,373.36018099547516
1,1416,373,373.2153846153846
1,1417,373,373.0343891402715
1,1418,373,372.95565610859745
1,1419,373,372.91764705882366
1,1420,373,372.92941176470606
1,1421,373,373.00000000000006
1,1422,373,373.0705882352941
1,1423,373,373.0823529411766
1,1424,373,372.9737556561087
1,1425,373,372.8832579185523
1,1426,373,372.81085972850695
1,1427,373,372.756561085973
1,1428,373,372.7203619909503
1,1429,372,372.70226244343905
1,1430,372,372.702262443439
1,1431,373,372.72036199095044
1,1432,373,372.7565610859729
1,1433,373,372.81085972850695
1,1434,373,372.8832579185522
1,1435,373,372.9031674208145
1,1436,373,373.00000000000017
1,1437,373,373.0262443438915
1,1438,373,373.03438914027146
1,1439,373,373.1447963800906
1,1440,373,373.2778280542987
1,1441,373,373.4244343891404
1,1442,374,373.5755656108598
1,1443,374,373.72217194570146
1,1444,374,373.85520361990956
1,1445,374,373.96561085972866
1,1446,374,374.0443438914028
1,1447,374,374.08235294117657
1,1448,374,374.07058823529417
1,1449,374,374.0000000000001
1,1450,374,374.0000000000001
1,1451,374,373.929411764706
1,1452,374,373.9176470588237
1,1453,374,373.95565610859734
1,1454,374,374.0343891402716
1,1455,374,374.1447963800906
1,1456,374,374.2778280542987
1,1457,374,374.42443438914034
1,1458,375,374.5755656108598
1,1459,375,374.72217194570146
1,1460,375,374.8552036199097
1,1461,375,374.9656108597286
1,1462,375,375.04434389140283
1,1463,375,375.0823529411766
1,1464,375,375.07058823529417
1,1465,375,375.00000000000006
1,1466,375,374.9294117647059
1,1467,375,374.91764705882355
1,1468,375,375.0262443438915
1,1469,375,375.116742081448
1,1470,375,375.1185520361992
1,1471,375,375.16108597285074
1,1472,375,375.23529411764724
1,1473,376,375.33212669683274
1,1474,376,375.44253393665167
1,1475,375,375.55746606334844
1,1476,375,375.66787330316754
1,1477,376,375.7647058823531
1,1478,376,375.8389140271495
1,1479,376,375.88144796380107
1,1480,376,375.8832579185522
1,1481,376,375.97375565610866
1,1482,376,376.08235294117657
1,1483,376,376.0705882352943
1,1484,376,376.0
1,1485,376,376.0
1,1486,376,376.0
1,1487,376,376.0
1,1488,376,376.0
1,1489,376,376.0
1,1490,376,376.0705882352943
1,1491,376,376.08235294117645
1,1492,376,375.90316742081467
1,1493,376,375.8009049773756
1,1494,376,375.7665158371042
1,1495,376,375.86153846153866
1,1496,376,375.94751131221744
1,1497,375,376.0950226244345
1,1498,375,376.1746606334842
1,1499,377,376.2660633484164
1,1500,377,376.24886877828067
1,1501,377,376.0705882352942
1,1502,376,375.8787330316744
1,1503,376,375.6117647058825
1,1504,375,375.40814479638027
1,1505,375,375.2
1,1506,374,374.91945701357474
1,1507,374,374.8434389140273
1,1508,375,374.8488687782807
1,1509,375,374.95384615384614
1,1510,376,375.10859728506796
1,1511,376,375.26334841628966
1,1512,375,375.2977375565612
1,1513,375,375.2914027149322
1,1514,375,375.11493212669694
1,1515,375,374.83891402714937
1,1516,375,374.53122171945716
1,1517,374,374.2597285067875
1,1518,374,374.23348416289605
1,1519,374,374.2615384615386
1,1520,374,374.22352941176473
1,1521,374,374.1990950226246
1,1522,374,374.19728506787334
1,1523,375,374.2271493212671
1,1524,375,374.29773755656123
1,1525,374,374.2796380090499
1,1526,374,374.2434389140273
1,1527,374,374.18914027149333
1,1528,374,374.11674208144797
1,1529,374,374.0084033613442
1,1530,374,373.95604395604374
1,1531,374,374.0146520146518
1,1532,374,374.0000000000002
1,1533,374,374.0000000000001
1,1534,374,373.9999999999993
1,1535,374,373.99999999999994
1,1536,374,373.7221719457015
1,1537,374,373.8289592760183
1,1538,374,373.93122171945726
1,1539,374,373.89954751131233
1,1540,374,373.8045248868779
1,1541,374,373.5755656108598
1,1542,373,373.34208144796384
1,1543,373,373.23348416289605
1,1544,373,373.17918552036207
1,1545,373,373.1791855203621
1,1546,373,373.23348416289605
1,1547,373,373.34208144796395
1,1548,374,373.5049773755658
1,1549,374,373.72217194570146
1,1550,374,373.85520361990956
1,1551,374,374.03619909502277
1,1552,374,374.1266968325792
1,1553,374,374.12669683257934
1,1554,374,373.96561085972866
1,1555,374,373.7728506787331
1,1556,374,373.6778280542988
1,1557,374,373.6099547511313
1,1558,373,373.4986425339368
1,1559,373,373.47330316742097
1,1560,373,373.59547511312223
1,1561,374,373.72669683257936
1,1562,374,373.86696832579196
1,1563,374,374.0162895927603
1,1564,374,374.24524886877845
1,1565,375,374.4244343891403
1,1566,375,374.3538461538463
1,1567,374,374.23348416289605
1,1568,374,374.0542986425341
1,1569,374,373.94570135746625
1,1570,374,373.90769230769234
1,1571,373,373.74027149321273
1,1572,373,373.5819004524888
1,1573,374,373.6416289592761
1,1574,374,373.72850678733045
1,1575,374,373.72217194570146
1,1576,374,373.70226244343894
1,1577,373,373.60723981900463
1,1578,374,373.55285890579995
1,1579,374,373.34965034965023
1,1580,373,373.17404817404804
1,1581,373,373.06293706293724
1,1582,373,373.04778554778557
1,1583,373,373.21717171717097
1,1584,374,374.04545454545445
2,0,373,373.6597285067874
2,1,373,373.55565610859736
2,2,373,373.47873303167427
2,3,373,373.42895927601813
2,4,373,373.40633484162913
2,5,374,373.41085972850686
2,6,374,373.58099547511324
2,7,374,373.85520361990956
2,8,374,373.96561085972866
2,9,374,374.0443438914028
2,10,374,374.08235294117657
2,11,374,374.07058823529417
2,12,374,374.0000000000001
2,13,374,374.0000000000001
2,14,374,374.0000000000001
2,15,374,374.0000000000001
2,16,374,374.0000000000001
2,17,374,374.0000000000001
2,18,374,374.0000000000001
2,19,374,374.0000000000001
2,20,374,374.0000000000001
2,21,374,374.0000000000001
2,22,374,374.0000000000001
2,23,374,374.0000000000001
2,24,374,374.0000000000001
2,25,374,373.929411764706
2,26,374,373.9176470588237
2,27,374,373.8850678733033
2,28,374,374.02262443438923
2,29,374,374.1828054298643
2,30,374,374.42714932126705
2,31,374,374.61719457013584
2,32,375,374.6823529411765
2,33,375,374.7520361990951
2,34,376,374.8171945701359
2,35,375,374.86877828054304
2,36,375,374.9683257918553
2,37,374,374.977375565611
2,38,374,374.8253393665159
2,39,375,374.64162895927615
2,40,375,374.55565610859736
2,41,375,374.4968325791857
2,42,375,374.6742081447966
2,43,374,374.758371040724
2,44,374,374.8289592760183
2,45,375,374.6859728506788
2,46,375,374.5294117647061
2,47,375,374.4180995475113
2,48,375,374.41085972850686
2,49,374,374.56923076923084
2,50,374,374.7547511312218
2,51,374,374.75837104072406
2,52,375,374.77104072398197
2,53,375,374.98371040723987
2,54,376,375.1873303167422
2,55,376,375.31131221719465
2,56,375,375.5556561085974
2,57,375,375.64343891402723
2,58,376,375.56561085972857
2,59,376,375.44253393665167
2,60,375,375.39457013574673
2,61,375,375.3420814479639
2,62,376,375.4144796380091
2,63,375,375.54117647058825
2,64,375,375.5837104072399
2,65,376,375.60361990950236
2,66,376,375.7303167420816
2,67,376,375.89321266968335
2,68,376,375.95384615384626
2,69,376,375.97375565610866
2,70,376,376.08235294117657
2,71,376,376.0705882352943
2,72,376,376.0705882352943
2,73,376,376.08235294117645
2,74,376,375.97375565610866
2,75,376,375.8832579185521
2,76,376,375.881447963801
2,77,376,375.8389140271494
2,78,376,375.764705882353
2,79,375,375.6678733031674
2,80,375,375.5574660633485
2,81,376,375.4425339366517
2,82,376,375.33212669683263
2,83,375,375.164705882353
2,84,375,375.07873303167423
2,85,375,375.1447963800906
2,86,375,375.233484162896
2,87,375,375.2153846153847
2,88,375,375.1610859728507
2,89,375,375.27963800904996
2,90,376,375.38009049773774
2,91,376,375.412669683258
2,92,375,375.3276018099548
2,93,375,375.1429864253395
2,94,375,374.87692307692316
2,95,375,374.47692307692324
2,96,374,374.0904977375567
2,97,374,373.7266968325793
2,98,373,373.53303167420825
2,99,373,373.4570135746607
2,100,373,373.37828054298654
2,101,373,373.44705882352946
2,102,374,373.5429864253395
2,103,374,373.6841628959277
2,104,374,373.750226244344
2,105,374,373.8208144796381
2,106,374,373.7665158371041
2,107,374,373.65791855203634
2,108,373,373.49502262443445
2,109,373,373.27782805429877
2,110,373,373.2153846153846
2,111,373,373.11674208144814
2,112,373,372.92941176470595
2,113,373,372.8009049773756
2,114,373,372.7402714932127
2,115,373,372.756561085973
2,116,373,372.7203619909503
2,117,372,372.70226244343905
2,118,372,372.7728506787331
2,119,373,372.8027149321268
2,120,373,372.7303167420816
2,121,373,372.6941176470588
2,122,373,372.694117647059
2,123,373,372.7303167420815
2,124,373,372.80271493212683
2,125,372,372.7728506787333
2,126,372,372.702262443439
2,127,373,372.72036199095044
2,128,373,372.7565610859729
2,129,373,372.81085972850695
2,130,373,372.8832579185522
2,131,373,372.9031674208145
2,132,373,373.00000000000017
2,133,373,373.0262443438915
2,134,373,373.03438914027146
2,135,373,373.1447963800906
2,136,373,373.2778280542987
2,137,373,373.3538461538462
2,138,374,373.4932126696834
2,139,374,373.6778280542988
2,140,374,373.8895927601811
2,141,374,374.1104072398191
2,142,374,374.3221719457015
2,143,374,374.43619909502274
2,144,375,374.5638009049774
2,145,375,374.67782805429886
2,146,375,374.8895927601811
2,147,375,375.11040723981904
2,148,375,375.3221719457014
2,149,375,375.50678733031685
2,150,376,375.646153846154
2,151,376,375.72217194570146
2,152,376,375.8552036199096
2,153,376,375.9656108597286
2,154,376,375.9737556561087
2,155,376,376.0000000000001
2,156,376,376.0968325791856
2,157,376,376.1167420814481
2,158,376,376.18914027149333
2,159,376,376.2434389140273
2,160,376,376.20904977375574
2,161,377,376.21538461538466
2,162,377,376.3239819004525
2,163,376,376.3963800904978
2,164,376,376.4325791855205
2,165,376,376.4325791855205
2,166,376,376.39638009049787
2,167,377,376.32398190045257
2,168,377,376.21538461538466
2,169,376,376.1384615384616
2,170,376,376.16108597285086
2,171,376,376.14479638009055
2,172,376,376.1511312217196
2,173,376,376.2416289592761
2,174,376,376.27782805429894
2,175,376,376.32760180995484
2,176,377,376.458823529412
2,177,377,376.60361990950236
2,178,377,376.6941176470589
2,179,377,376.8009049773757
2,180,376,376.7945701357467
2,181,376,376.6841628959278
2,182,377,376.47873303167427
2,183,377,376.1873303167422
2,184,376,375.9574660633485
2,185,376,375.7366515837105
2,186,375,375.54298642533956
2,187,375,375.3945701357467
2,188,375,375.171040723982
2,189,375,374.9520361990951
2,190,375,374.8850678733032
2,191,375,374.9176470588237
2,192,375,374.92941176470595
2,193,375,375.00000000000006
2,194,375,375.00000000000006
2,195,375,375.00000000000006
2,196,375,375.00000000000006
2,197,375,375.00000000000006
2,198,375,374.9294117647059
2,199,375,374.91764705882355
2,200,375,375.0262443438915
2,201,375,375.116742081448
2,202,375,375.25972850678744
2,203,375,375.32579185520365
2,204,375,375.2533936651585
2,205,376,375.18099547511326
2,206,376,375.1791855203622
2,207,375,375.1185520361992
2,208,375,374.93755656108607
2,209,374,374.77466063348436
2,210,374,374.6298642533938
2,211,375,374.5031674208147
2,212,375,374.3945701357467
2,213,374,374.5131221719457
2,214,374,374.6678733031675
2,215,375,374.73846153846176
2,216,375,374.80452488687797
2,217,375,374.73665158371045
2,218,375,374.6054298642535
2,219,375,374.4787330316743
2,220,374,374.4244343891404
2,221,374,374.3746606334842
2,222,374,374.2615384615386
2,223,374,374.22352941176473
2,224,374,374.1990950226246
2,225,374,374.19728506787334
2,226,375,374.2271493212671
2,227,375,374.29773755656123
2,228,374,374.2796380090499
2,229,374,374.2434389140273
2,230,374,374.18914027149333
2,231,374,374.11674208144797
2,232,374,374.02624434389156
2,233,374,373.9176470588238
2,234,374,373.929411764706
2,235,374,374.0000000000001
2,236,374,374.0000000000001
2,237,374,374.0000000000001
2,238,374,374.0000000000001
2,239,374,374.0000000000001
2,240,374,373.929411764706
2,241,374,373.9176470588237
2,242,374,373.95565610859734
2,243,374,374.0343891402716
2,244,374,374.1447963800906
2,245,374,374.2778280542987
2,246,374,374.42443438914034
2,247,375,374.64615384615394
2,248,375,374.80452488687786
2,249,375,374.9716166186751
2,250,375,375.0839160839159
2,251,375,375.086247086247
2,252,375,374.9300699300702
2,253,375,374.64289044289046
2,254,374,374.388888888888
2,255,374,373.8636363636364
2,256,374,374.39819004524895
2,257,374,374.4045248868778
2,258,374,374.42443438914034
2,259,375,374.44886877828066
2,260,375,374.398190045249
2,261,374,374.3927601809957
2,262,374,374.5529411764707
2,263,375,374.79909502262456
2,264,375,374.98371040724
2,265,375,375.15927601809955
2,266,375,375.30769230769226
2,267,376,375.5493212669685
2,268,376,375.80452488687797
2,269,376,375.9257918552037
2,270,376,375.9656108597286
2,271,376,375.9737556561087
2,272,376,376.0000000000001
2,273,376,376.0968325791856
2,274,376,376.1167420814481
2,275,376,376.18914027149333
2,276,376,376.2434389140273
2,277,376,376.20904977375574
2,278,377,376.21538461538466
2,279,377,376.3239819004525
2,280,376,376.3963800904978
2,281,376,376.3619909502263
2,282,376,376.35022624434407
2,283,376,376.35203619909515
2,284,377,376.3583710407242
2,285,377,376.3601809954753
2,286,376,376.48687782805445
2,287,376,376.6678733031676
2,288,377,376.8352941176471
2,289,377,376.9212669683259
2,290,377,376.9257918552037
2,291,377,376.84886877828063
2,292,377,376.75837104072406
2,293,377,376.72217194570146
2,294,377,376.6723981900454
2,295,376,376.54117647058837
2,296,376,376.39638009049776
2,297,376,376.30588235294124
2,298,376,376.34027149321275
2,299,377,376.3701357466065
2,300,377,376.3339366515838
2,301,376,376.3701357466065
2,302,376,376.4787330316743
2,303,377,376.59185520362007
2,304,377,376.6416289592762
2,305,376,376.6280542986426
2,306,376,376.5511312217195
2,307,377,376.5493212669684
2,308,377,376.5610859728508
2,309,377,376.4570135746606
2,310,376,376.30769230769243
2,311,376,376.25158371040743
2,312,376,376.2271493212671
2,313,376,376.17556561085985
2,314,376,376.03800904977385
2,315,376,375.8914027149322
2,316,376,375.81266968325804
2,317,376,375.81085972850684
2,318,376,375.756561085973
2,319,376,375.79095022624443
2,320,375,375.78461538461545
2,321,375,375.7466063348417
2,322,376,375.6859728506788
2,323,376,375.6117647058824
2,324,376,375.53303167420825
2,325,376,375.5294117647061
2,326,375,375.48054298642546
2,327,375,375.40452488687794
2,328,375,375.18099547511326
2,329,375,374.8895927601811
2,330,375,374.6778280542987
2,331,375,374.4932126696834
2,332,374,374.3538461538464
2,333,374,374.2778280542988
2,334,374,374.1447963800907
2,335,374,374.03438914027157
2,336,374,373.95565610859734
2,337,374,373.9176470588238
2,338,374,373.929411764706
2,339,374,374.0000000000001
2,340,374,374.0000000000001
2,341,374,374.0000000000001
2,342,374,373.929411764706
2,343,374,373.9176470588237
2,344,374,374.02624434389145
2,345,374,374.1167420814481
2,346,374,374.18914027149333
2,347,374,374.2434389140272
2,348,374,374.2796380090499
2,349,375,374.29773755656123
2,350,375,374.29773755656123
2,351,374,374.2796380090499
2,352,374,374.2434389140273
2,353,374,374.18914027149333
2,354,374,374.0461538461539
2,355,374,373.9438914027152
2,356,374,373.873303167421
2,357,374,373.9638009049775
2,358,374,374.1447963800906
2,359,374,374.2072398190046
2,360,374,374.3420814479639
2,361,375,374.5312217194571
2,362,375,374.7565610859729
2,363,375,375.0000000000001
2,364,375,375.24343891402725
2,365,375,375.4687782805431
2,366,376,375.65791855203634
2,367,376,375.7927601809956
2,368,376,375.8552036199096
2,369,376,375.9656108597286
2,370,376,376.04434389140283
2,371,376,376.08235294117657
2,372,376,376.0705882352943
2,373,376,376.0
2,374,376,376.0
2,375,376,376.0
2,376,376,375.92941176470606
2,377,376,375.91764705882366
2,378,376,376.02624434389156
2,379,376,376.1167420814481
2,380,376,376.11855203619916
2,381,376,376.1610859728509
2,382,376,376.30588235294124
2,383,377,376.4144796380092
2,384,377,376.4162895927602
2,385,376,376.4407239819006
2,386,376,376.5493212669685
2,387,377,376.60361990950236
2,388,377,376.60361990950236
2,389,376,376.54932126696855
2,390,376,376.3701357466065
2,391,377,376.3339366515839
2,392,377,376.44072398190065
2,393,376,376.42262443438926
2,394,376,376.35022624434407
2,395,376,376.3619909502264
2,396,376,376.39638009049787
2,397,377,376.32398190045257
2,398,377,376.21538461538466
2,399,376,376.2090497737558
2,400,376,376.2434389140272
2,401,376,376.1891402714933
2,402,376,376.116742081448
2,403,376,376.0262443438916
2,404,376,375.91764705882366
2,405,376,375.92941176470606
2,406,376,376.0
2,407,376,375.92941176470606
2,408,376,375.91764705882366
2,409,376,376.0968325791856
2,410,376,376.1990950226246
2,411,376,376.1628959276019
2,412,376,376.12669683257934
2,413,376,376.1610859728508
2,414,377,376.1366515837105
2,415,377,376.06244343891404
2,416,375,375.9475113122173
2,417,375,375.8009049773757
2,418,376,375.5610859728507
2,419,376,375.3665158371041
2,420,375,375.2877828054299
2,421,375,375.19547511312237
2,422,375,375.2371040723983
2,423,375,375.3601809954752
2,424,375,375.30588235294124
2,425,376,375.2153846153847
2,426,376,375.29773755656123
2,427,375,375.36199095022647
2,428,375,375.28778280542997
2,429,375,375.1547511312219
2,430,375,374.9719457013576
2,431,375,374.7484162895929
2,432,375,374.4932126696834
2,433,374,374.3538461538464
2,434,374,374.2778280542988
2,435,374,374.1447963800907
2,436,374,374.03438914027157
2,437,374,373.95565610859734
2,438,374,373.9176470588238
2,439,374,373.929411764706
2,440,374,374.0000000000001
2,441,374,374.0000000000001
2,442,374,374.0000000000001
2,443,374,374.0000000000001
2,444,374,374.0000000000001
2,445,374,374.0000000000001
2,446,374,374.0000000000001
2,447,374,374.0000000000001
2,448,374,374.0000000000001
2,449,374,374.0000000000001
2,450,374,374.0000000000001
2,451,374,374.0000000000001
2,452,374,374.1411764705884
2,453,374,374.164705882353
2,454,374,374.08868778280555
2,455,374,373.8606334841629
2,456,374,373.6280542986426
2,457,374,373.3294117647059
2,458,374,373.1031674208146
2,459,372,372.9493212669684
2,460,372,372.8678733031675
2,461,372,372.7882352941178
2,462,373,372.83981900452505
2,463,373,373.08416289592765
2,464,374,373.3122171945703
2,465,374,373.6533936651585
2,466,374,374.0986425339368
2,467,374,374.36199095022636
2,468,375,374.4868778280544
2,469,375,374.57556561085994
2,470,374,374.7303167420815
2,471,375,374.8533936651584
2,472,375,375.1266968325793
2,473,375,375.33212669683274
2,474,375,375.460633484163
2,475,376,375.5031674208146
2,476,376,375.58914027149325
2,477,376,375.64796380090513
2,478,376,375.47058823529426
2,479,375,375.38642533936655
2,480,375,375.3158371040725
2,481,375,375.2497737556562
2,482,375,375.1791855203622
2,483,375,375.2334841628959
2,484,375,375.34208144796384
2,485,376,375.5049773755658
2,486,376,375.72217194570146
2,487,376,375.78461538461545
2,488,376,375.88325791855203
2,489,376,376.0705882352941
2,490,376,376.19909502262465
2,491,376,376.2597285067875
2,492,376,376.2434389140273
2,493,376,376.27963800904996
2,494,377,376.29773755656123
2,495,377,376.2977375565611
2,496,376,376.2796380090499
2,497,376,376.17285067873314
2,498,376,376.1067873303169
2,499,376,376.1429864253395
2,500,376,376.1429864253395
2,501,376,376.1067873303169
2,502,376,376.17285067873314
2,503,376,376.27963800904996
2,504,377,376.29773755656123
2,505,377,376.318681318681
2,506,376,376.2957042957041
2,507,376,376.20424020424
2,508,376,376.0337995337997
2,509,376,375.83986013986026
2,510,376,375.828282828282
2,511,376,376.030303030303
2,512,377,375.35022624434396
2,513,375,375.6153846153847
2,514,375,376.066968325792
2,515,377,376.4099547511313
2,516,377,376.55565610859736
2,517,376,376.6153846153847
2,518,376,376.6298642533937
2,519,378,376.639819004525
2,520,378,376.9656108597287
2,521,376,377.05067873303176
2,522,376,377.0180995475114
2,523,377,377.1266968325794
2,524,377,377.2352941176472
2,525,378,377.2760180995476
2,526,378,377.1809954751133
2,527,377,377.227149321267
2,528,377,377.29140271493225
2,529,377,377.114932126697
2,530,377,376.8389140271494
2,531,377,376.6018099547512
2,532,376,376.34208144796395
2,533,376,376.2778280542989
2,534,376,376.22714932126706
2,535,376,376.0787330316743
2,536,376,375.9212669683258
2,537,376,375.77285067873316
2,538,376,375.65158371040735
2,539,376,375.5049773755658
2,540,375,375.34208144796384
2,541,375,375.3040723981901
2,542,375,375.26153846153863
2,543,375,375.2235294117649
2,544,375,375.1990950226246
2,545,375,375.19728506787334
2,546,376,375.227149321267
2,547,376,375.29773755656123
2,548,375,375.27963800904985
2,549,375,375.24343891402725
2,550,375,375.1891402714934
2,551,375,375.116742081448
2,552,375,375.09683257918556
2,553,375,375.00000000000006
2,554,375,374.9737556561087
2,555,375,374.9656108597285
2,556,375,374.92579185520367
2,557,375,374.80452488687786
2,558,375,374.5493212669685
2,559,374,374.30769230769243
2,560,374,374.08868778280555
2,561,374,373.9013574660634
2,562,374,373.6841628959277
2,563,373,373.5755656108599
2,564,373,373.64615384615394
2,565,374,373.69592760181007
2,566,374,373.8633484162896
2,567,374,374.0099547511313
2,568,374,374.19728506787345
2,569,375,374.41628959276034
2,570,375,374.6579185520363
2,571,374,374.84524886877836
2,572,375,374.90135746606353
2,573,375,374.8850678733033
2,574,375,374.85520361990956
2,575,375,374.80271493212683
2,576,375,374.7185520361992
2,577,375,374.73212669683267
2,578,374,374.7728506787331
2,579,374,374.7022624434391
2,580,375,374.72036199095044
2,581,375,374.75656108597303
2,582,375,374.8108597285069
2,583,375,374.88325791855215
2,584,375,374.97375565610866
2,585,375,375.0823529411766
2,586,375,375.07058823529417
2,587,375,374.9294117647059
2,588,375,374.91764705882355
2,589,375,374.9556561085974
2,590,375,375.03438914027157
2,591,375,375.1447963800906
2,592,375,375.2072398190046
2,593,375,375.3420814479639
2,594,376,375.53122171945716
2,595,376,375.756561085973
2,596,376,376.0705882352941
2,597,376,376.32579185520376
2,598,376,376.44253393665167
2,599,377,376.5411764705884
2,600,377,376.60361990950236
2,601,377,376.6117647058825
2,602,377,376.75656108597286
2,603,376,376.8289592760183
2,604,376,376.758371040724
2,605,377,376.74479638009063
2,606,377,376.64977375565616
2,607,377,376.6117647058823
2,608,377,376.56923076923084
2,609,376,376.53122171945716
2,610,376,376.50678733031697
2,611,377,376.3665158371042
2,612,376,376.1809954751133
2,613,376,376.0180995475115
2,614,376,375.9457013574661
2,615,376,376.0343891402715
2,616,376,376.1547511312217
2,617,376,376.17737556561104
2,618,376,376.17285067873314
2,619,376,376.27963800904996
2,620,377,376.29773755656123
2,621,377,376.2977375565611
2,622,376,376.2796380090499
2,623,376,376.3140271493214
2,624,376,376.27149321266984
2,625,376,376.09049773755663
2,626,376,375.90950226244354
2,627,376,375.7990950226245
2,628,376,375.7683257918554
2,629,376,375.694117647059
2,630,375,375.6561085972851
2,631,375,375.59547511312223
2,632,376,375.45067873303174
2,633,376,375.3601809954752
2,634,375,375.3945701357466
2,635,375,375.4244343891404
2,636,376,375.45882352941186
2,637,375,375.5067873303168
2,638,375,375.4389140271494
2,639,376,375.32579185520365
2,640,376,375.30588235294135
2,641,375,375.31764705882364
2,642,375,375.23167420814497
2,643,375,375.1185520361992
2,644,375,375.18733031674225
2,645,375,375.108597285068
2,646,375,374.9619909502263
2,647,375,374.89502262443443
2,648,375,374.78461538461545
2,649,375,374.71040723981906
2,650,375,374.6135746606337
2,651,374,374.5031674208146
2,652,374,374.38823529411775
2,653,374,374.2778280542988
2,654,374,374.1809954751131
2,655,375,374.1067873303168
2,656,374,374.0642533936653
2,657,374,374.06244343891416
2,658,374,374.1104072398191
2,659,374,374.0787330316744
2,660,374,374.0380090497739
2,661,374,373.98823529411777
2,662,374,373.929411764706
2,663,374,374.0000000000001
2,664,374,374.0000000000001
2,665,374,374.0000000000001
2,666,374,374.0000000000001
2,667,374,374.0000000000001
2,668,374,374.0000000000001
2,669,374,374.0000000000001
2,670,374,374.0000000000001
2,671,374,374.0000000000001
2,672,374,373.929411764706
2,673,374,373.9176470588237
2,674,374,373.8850678733033
2,675,374,374.02262443438923
2,676,374,374.1828054298643
2,677,374,374.356561085973
2,678,374,374.5348416289594
2,679,375,374.708597285068
2,680,375,374.868778280543
2,681,376,375.0063348416291
2,682,375,375.1122171945702
2,683,375,375.177375565611
2,684,375,375.19276018099555
2,685,375,375.21990950226257
2,686,375,375.1203619909503
2,687,375,374.9619909502264
2,688,375,374.812669683258
2,689,375,374.81085972850684
2,690,375,374.7565610859729
2,691,375,374.6497737556562
2,692,374,374.6199095022626
2,693,374,374.6579185520363
2,694,375,374.7547511312218
2,695,375,374.9013574660636
2,696,375,375.0886877828056
2,697,375,375.30769230769226
2,698,376,375.5493212669685
2,699,376,375.7339366515838
2,700,376,375.8434389140272
2,701,376,375.9918552036201
2,702,376,376.16108597285074
2,703,376,376.2714932126698
2,704,376,376.3140271493214
2,705,376,376.20904977375574
2,706,377,376.35656108597294
2,707,377,376.4180995475115
2,708,376,376.26153846153863
2,709,376,376.1547511312219
2,710,376,376.15927601809966
2,711,376,376.1366515837105
2,712,377,376.15746606334864
2,713,375,376.0923076923078
2,714,375,376.08868778280555
2,715,377,376.09411764705897
2,716,377,375.91764705882366
2,717,376,375.7683257918554
2,718,376,375.646153846154
2,719,375,375.5511312217196
2,720,375,375.69230769230774
2,721,375,375.60180995475116
2,722,375,375.42081447963807
2,723,376,375.42624434389154
2,724,376,375.5656108597286
2,725,376,375.51855203619914
2,726,376,375.5031674208146
2,727,375,375.460633484163
2,728,375,375.3321266968327
2,729,375,375.1266968325792
2,730,375,374.8533936651585
2,731,374,374.65972850678753
2,732,375,374.4932126696834
2,733,375,374.44253393665167
2,734,374,374.39638009049776
2,735,374,374.2434389140273
2,736,374,374.0723981900454
2,737,374,373.83076923076936
2,738,374,373.6660633484163
2,739,374,373.51945701357477
2,740,373,373.47058823529414
2,741,373,373.466968325792
2,742,373,373.38823529411775
2,743,373,373.3140271493214
2,744,374,373.25339366515846
2,745,374,373.21538461538483
2,746,373,373.2090497737558
2,747,373,373.2434389140273
2,748,373,373.1891402714932
2,749,373,373.11674208144814
2,750,373,373.02624434389156
2,751,373,372.91764705882366
2,752,373,372.92941176470606
2,753,373,373.00000000000006
2,754,373,373.0705882352941
2,755,373,373.0823529411766
2,756,373,372.9737556561087
2,757,373,372.8832579185523
2,758,373,372.81085972850695
2,759,373,372.756561085973
2,760,373,372.79095022624455
2,761,372,372.75788916965365
2,762,372,372.74725274725256
2,763,373,372.77788877788873
2,764,373,372.8624708624711
2,765,373,372.96340326340334
2,766,373,372.8636363636356
2,767,372,371.95454545454544
2,768,372,373.5529411764707
2,769,373,373.37466063348427
2,770,373,373.2009049773756
2,771,373,373.0407239819006
2,772,373,372.9031674208146
2,773,373,372.7972850678734
2,774,373,372.87058823529424
2,775,373,373.0705882352941
2,776,373,373.00000000000006
2,777,373,372.929411764706
2,778,373,372.91764705882366
2,779,373,372.95565610859734
2,780,373,373.03438914027146
2,781,373,373.1447963800906
2,782,373,373.2778280542987
2,783,373,373.3538461538462
2,784,374,373.4932126696834
2,785,374,373.6778280542988
2,786,374,373.8895927601811
2,787,374,374.1104072398191
2,788,374,374.3221719457015
2,789,374,374.43619909502274
2,790,375,374.5638009049774
2,791,375,374.67782805429886
2,792,375,374.96018099547524
2,793,375,375.19276018099555
2,794,375,375.29592760181
2,795,375,375.3900452488689
2,796,376,375.4570135746608
2,797,376,375.47873303167427
2,798,376,375.646153846154
2,799,375,375.750226244344
2,800,375,375.72036199095027
2,801,376,375.6859728506789
2,802,376,375.63800904977376
2,803,376,375.56742081447976
2,804,376,375.6742081447964
2,805,375,375.7583710407241
2,806,375,375.75837104072417
2,807,376,375.6742081447964
2,808,376,375.56742081447976
2,809,376,375.56742081447976
2,810,376,375.53303167420825
2,811,375,375.5936651583711
2,812,375,375.8108597285069
2,813,376,375.9076923076924
2,814,376,375.9457013574662
2,815,376,376.05429864253404
2,816,376,376.16289592760194
2,817,377,376.2009049773757
2,818,377,376.29773755656123
2,819,376,376.3764705882354
2,820,376,376.3601809954752
2,821,376,376.3782805429865
2,822,376,376.36018099547516
2,823,376,376.2352941176471
2,824,377,376.13303167420827
2,825,377,376.25339366515846
2,826,376,376.3963800904978
2,827,376,376.4325791855205
2,828,376,376.4325791855205
2,829,376,376.39638009049787
2,830,377,376.32398190045257
2,831,377,376.21538461538466
2,832,376,376.2090497737558
2,833,376,376.2434389140272
2,834,376,376.1891402714933
2,835,376,376.116742081448
2,836,376,376.0262443438916
2,837,376,375.98823529411777
2,838,376,376.0117647058825
2,839,376,376.04434389140283
2,840,376,375.96561085972866
2,841,376,375.85520361990956
2,842,376,375.7221719457014
2,843,376,375.5755656108598
2,844,375,375.49502262443445
2,845,375,375.36018099547516
2,846,375,375.1185520361992
2,847,375,374.9176470588237
2,848,375,374.83710407239835
2,849,375,374.7565610859729
2,850,375,374.7647058823531
2,851,374,374.750226244344
2,852,374,374.6018099547513
2,853,375,374.40814479638027
2,854,375,374.18733031674213
2,855,374,373.95746606334853
2,856,374,373.73665158371045
2,857,373,373.5429864253395
2,858,373,373.3945701357467
2,859,373,373.17104072398206
2,860,373,372.88144796380095
2,861,373,372.5909502262445
2,862,373,372.6262443438915
2,863,373,372.8307692307694
2,864,373,373.24796380090504
2,865,373,373.78280542986437
2,866,373,374.34027149321275
2,867,374,375.1755656108598
2,868,377,375.67330316742084
2,869,377,375.9719457013576
2,870,377,376.14208144796396
2,871,377,376.054298642534
2,872,376,375.64705882352945
2,873,376,375.05882352941194
2,874,372,374.28959276018116
2,875,373,373.4778280542988
2,876,373,372.90678733031683
2,877,372,372.53031674208165
2,878,372,372.3755656108598
2,879,373,372.4696832579187
2,880,373,372.7013574660634
2,881,373,373.1592760180997
2,882,373,373.3076923076925
2,883,374,373.5493212669684
2,884,374,373.8045248868779
2,885,374,373.92579185520367
2,886,374,373.96561085972866
2,887,374,374.0443438914028
2,888,374,374.08235294117657
2,889,374,374.07058823529417
2,890,374,374.0000000000001
2,891,374,373.929411764706
2,892,374,373.9176470588237
2,893,374,374.02624434389145
2,894,374,374.1167420814481
2,895,374,374.1185520361992
2,896,374,374.16108597285074
2,897,374,374.23529411764713
2,898,375,374.33212669683263
2,899,375,374.44253393665167
2,900,374,374.5574660633485
2,901,374,374.59728506787343
2,902,375,374.68235294117653
2,903,375,374.79457013574677
2,904,375,374.9158371040726
2,905,375,375.09864253393675
2,906,375,375.3339366515838
2,907,375,375.5511312217196
2,908,376,375.6117647058825
2,909,376,375.57737556561096
2,910,376,375.5067873303168
2,911,376,375.45882352941186
2,912,375,375.49502262443457
2,913,375,375.4769230769232
2,914,375,375.40452488687794
2,915,375,375.27782805429877
2,916,375,375.2352941176472
2,917,376,375.2153846153847
2,918,376,375.0859728506788
2,919,375,375.11493212669694
2,920,375,375.2253393665159
2,921,375,375.3402714932128
2,922,375,375.4506787330317
2,923,375,375.5475113122173
2,924,375,375.5511312217196
2,925,377,375.7203619909504
2,926,377,376.0461538461541
2,927,376,376.2515837104073
2,928,376,376.398190045249
2,929,376,376.4769230769232
2,930,376,376.4787330316744
2,931,377,376.3945701357467
2,932,377,376.21538461538466
2,933,376,376.2796380090499
2,934,376,376.3257918552037
2,935,376,376.233484162896
2,936,376,376.08235294117657
2,937,376,375.8814479638009
2,938,376,375.63981900452495
2,939,376,375.5049773755657
2,940,375,375.42443438914046
2,941,375,375.27782805429865
2,942,375,375.14479638009055
2,943,375,375.0343891402716
2,944,375,374.9556561085974
2,945,375,374.84705882352944
2,946,375,374.8470588235294
2,947,375,375.0262443438915
2,948,375,375.116742081448
2,949,375,375.1891402714934
2,950,375,375.24343891402725
2,951,375,375.27963800904985
2,952,376,375.29773755656123
2,953,376,375.3683257918553
2,954,375,375.36199095022647
2,955,375,375.28778280542997
2,956,375,375.225339366516
2,957,375,375.0542986425341
2,958,375,374.79276018099546
2,959,375,374.4588235294119
2,960,374,374.2090497737558
2,961,374,374.0000000000001
2,962,374,373.7203619909503
2,963,373,373.45882352941186
2,964,373,373.23348416289605
2,965,373,373.0624434389143
2,966,373,372.9638009049774
2,967,373,372.95565610859745
2,968,373,372.91764705882366
2,969,373,372.92941176470606
2,970,373,373.00000000000006
2,971,373,373.00000000000006
2,972,373,373.00000000000006
2,973,373,372.929411764706
2,974,373,372.91764705882366
2,975,373,373.02624434389145
2,976,373,373.1167420814481
2,977,373,373.18914027149333
2,978,373,373.2434389140272
2,979,373,373.27963800904996
2,980,374,373.2977375565613
2,981,374,373.2977375565611
2,982,373,373.27963800904996
2,983,373,373.2434389140273
2,984,373,373.1891402714932
2,985,373,373.11674208144814
2,986,373,373.02624434389156
2,987,373,372.9882352941177
2,988,373,373.0117647058824
2,989,373,372.9737556561087
2,990,373,372.8832579185523
2,991,373,372.88144796380107
2,992,373,372.8389140271494
2,993,373,372.6235294117647
2,994,372,372.57375565610863
2,995,372,372.5511312217195
2,996,373,372.5556561085974
2,997,373,372.58733031674234
2,998,372,372.5049773755658
2,999,372,372.56742081447976
2,1000,374,372.8271493212671
2,1001,373,373.13665158371055
2,1002,373,373.41900452488704
2,1003,373,373.5972850678735
2,1004,373,373.6597285067875
2,1005,375,373.79457013574665
2,1006,375,373.91583710407247
2,1007,374,373.937556561086
2,1008,374,374.0479638009051
2,1009,373,374.09683257918556
2,1010,373,374.2072398190046
2,1011,375,374.23167420814485
2,1012,375,374.09049773755675
2,1013,374,374.1809954751132
2,1014,374,374.36199095022636
2,1015,375,374.49502262443457
2,1016,375,374.64162895927603
2,1017,374,374.6073338426278
2,1018,374,374.6003996003995
2,1019,375,374.7329337329337
2,1020,375,374.7785547785549
2,1021,375,374.8934731934734
2,1022,375,375.1464646464639
2,1023,375,374.84848484848476
2,1024,375,375.0162895927604
2,1025,375,375.2009049773756
2,1026,376,375.37647058823546
2,1027,376,375.5248868778282
2,1028,375,375.6280542986426
2,1029,375,375.59728506787343
2,1030,376,375.6823529411767
2,1031,376,375.86515837104076
2,1032,376,375.998190045249
2,1033,376,376.0723981900453
2,1034,376,376.21719457013586
2,1035,376,376.4325791855205
2,1036,377,376.45067873303174
2,1037,377,376.2714932126698
2,1038,376,376.0923076923078
2,1039,376,375.97194570135764
2,1040,376,375.9719457013576
2,1041,376,375.9538461538462
2,1042,375,375.9176470588236
2,1043,375,375.86334841628974
2,1044,376,375.92941176470606
2,1045,377,376.05429864253404
2,1046,377,376.10859728506796
2,1047,376,376.16289592760194
2,1048,376,376.21719457013586
2,1049,376,376.2714932126698
2,1050,376,376.1167420814481
2,1051,376,375.94389140271505
2,1052,376,375.94389140271505
2,1053,376,376.046153846154
2,1054,376,376.18914027149333
2,1055,376,376.2434389140273
2,1056,376,376.27963800904996
2,1057,377,376.29773755656123
2,1058,377,376.2977375565611
2,1059,376,376.2796380090499
2,1060,376,376.2434389140272
2,1061,376,376.1891402714933
2,1062,376,376.116742081448
2,1063,376,376.0262443438916
2,1064,376,375.98823529411777
2,1065,376,376.0117647058825
2,1066,376,375.76199095022633
2,1067,376,375.6361990950227
2,1068,376,375.67782805429874
2,1069,376,375.85972850678746
2,1070,376,376.1547511312219
2,1071,375,376.8886877828055
2,1072,375,377.3873303167422
2,1073,379,377.66877828054317
2,1074,379,377.75113122171956
2,1075,379,377.6524886877829
2,1076,379,377.3909502262444
2,1077,379,376.98461538461544
2,1078,374,376.45158371040736
2,1079,374,375.67149321266976
2,1080,374,374.7239819004526
2,1081,374,374.2425339366517
2,1082,374,373.8606334841631
2,1083,374,373.6325791855205
2,1084,374,373.61266968325805
2,1085,374,373.85520361990956
2,1086,374,373.72217194570146
2,1087,374,373.57556561085977
2,1088,373,373.4244343891403
2,1089,373,373.27782805429877
2,1090,373,373.0742081447965
2,1091,373,372.9520361990952
2,1092,373,372.91131221719473
2,1093,373,372.9520361990951
2,1094,373,373.14479638009067
2,1095,373,373.3601809954752
2,1096,373,373.4687782805431
2,1097,374,373.54117647058837
2,1098,374,373.577375565611
2,1099,374,373.577375565611
2,1100,374,373.5411764705883
2,1101,373,373.468778280543
2,1102,373,373.36018099547516
2,1103,373,373.2859728506789
2,1104,373,373.11674208144814
2,1105,373,372.92941176470595
2,1106,373,372.8009049773756
2,1107,373,372.7402714932127
2,1108,373,372.756561085973
2,1109,373,372.79095022624455
2,1110,372,372.78461538461545
2,1111,372,372.6760180995477
2,1112,373,372.6036199095024
2,1113,373,372.5674208144797
2,1114,373,372.56742081447976
2,1115,373,372.5330316742083
2,1116,372,372.59366515837115
2,1117,372,372.8108597285069
2,1118,373,372.90769230769246
2,1119,373,372.9457013574662
2,1120,373,373.054298642534
2,1121,373,373.0923076923077
2,1122,374,373.18914027149344
2,1123,374,373.33574660633496
2,1124,373,373.4552036199097
2,1125,373,373.47058823529414
2,1126,373,373.5113122171947
2,1127,373,373.50678733031685
2,1128,374,373.4570135746608
2,1129,374,373.3619909502263
2,1130,374,373.3601809954752
2,1131,373,373.390045248869
2,1132,373,373.2515837104074
2,1133,373,373.14479638009067
2,1134,373,373.06063348416296
2,1135,373,372.99004524886885
2,1136,373,373.06244343891416
2,1137,373,373.2072398190046
2,1138,373,373.3538461538462
2,1139,374,373.4932126696834
2,1140,374,373.74841628959285
2,1141,374,373.9013574660635
2,1142,374,374.0723981900454
2,1143,374,374.24343891402725
2,1144,374,374.39638009049776
2,1145,375,374.51312217194584
2,1146,375,374.5755656108598
2,1147,374,374.7040723981901
2,1148,375,374.8190045248869
2,1149,375,374.8407239819007
2,1150,375,374.88959276018113
2,1151,375,375.01809954751144
2,1152,375,375.0787330316743
2,1153,375,375.1303167420815
2,1154,375,375.23167420814485
2,1155,375,375.30588235294124
2,1156,376,375.41447963800914
2,1157,376,375.4162895927604
2,1158,375,375.4407239819006
2,1159,375,375.4787330316743
2,1160,376,375.5212669683259
2,1161,376,375.55927601809964
2,1162,375,375.58371040723995
2,1163,375,375.58552036199103
2,1164,376,375.6235294117649
2,1165,376,375.756561085973
2,1166,376,375.83710407239835
2,1167,376,375.9176470588237
2,1168,376,376.25972850678744
2,1169,376,376.5248868778283
2,1170,376,376.51312217194584
2,1171,377,376.4244343891404
2,1172,377,376.3176470588236
2,1173,377,376.2515837104073
2,1174,377,376.21719457013586
2,1175,375,376.2054298642536
2,1176,375,376.2778280542989
2,1177,376,376.29592760181004
2,1178,376,376.2597285067874
2,1179,377,376.30769230769243
2,1180,377,376.3782805429866
2,1181,377,376.4805429864255
2,1182,377,376.694117647059
2,1183,376,376.6217194570137
2,1184,376,376.3339366515839
2,1185,376,376.09864253393675
2,1186,376,375.91583710407247
2,1187,376,375.7945701357467
2,1188,376,375.6823529411765
2,1189,375,375.5972850678735
2,1190,375,375.5574660633485
2,1191,376,375.3719457013576
2,1192,376,375.2497737556562
2,1193,375,375.19095022624447
2,1194,375,375.1954751131223
2,1195,375,375.2633484162898
2,1196,375,375.3945701357467
2,1197,375,375.45067873303174
2,1198,376,375.49321266968326
2,1199,376,375.65158371040735
2,1200,376,375.8552036199096
2,1201,376,375.9656108597286
2,1202,376,376.11493212669694
2,1203,376,376.16470588235313
2,1204,376,376.04434389140295
2,1205,376,375.8832579185521
2,1206,376,375.81085972850684
2,1207,376,375.756561085973
2,1208,376,375.7203619909504
2,1209,375,375.702262443439
2,1210,375,375.702262443439
2,1211,376,375.72036199095027
2,1212,376,375.8271493212671
2,1213,376,375.89321266968335
2,1214,376,375.9276018099549
2,1215,376,375.9393665158372
2,1216,376,375.93755656108607
2,1217,376,375.7927601809956
2,1218,376,375.5755656108598
2,1219,375,375.42443438914046
2,1220,375,375.27782805429865
2,1221,375,375.14479638009055
2,1222,375,375.0343891402716
2,1223,375,374.9556561085974
2,1224,375,374.9176470588237
2,1225,375,374.92941176470595
2,1226,375,375.00000000000006
2,1227,375,375.0705882352942
2,1228,375,375.0823529411765
2,1229,375,375.0443438914028
2,1230,375,374.9656108597285
2,1231,375,374.78461538461545
2,1232,375,374.639819004525
2,1233,375,374.6018099547513
2,1234,374,374.54117647058837
2,1235,374,374.39638009049787
2,1236,374,374.30588235294135
2,1237,374,374.2696832579187
2,1238,375,374.28778280542997
2,1239,375,374.3601809954752
2,1240,374,374.5574660633485
2,1241,374,374.75022624434405
2,1242,375,374.8090497737557
2,1243,375,374.80452488687797
2,1244,375,374.73665158371045
2,1245,375,374.6054298642535
2,1246,375,374.5493212669685
2,1247,374,374.50678733031685
2,1248,374,374.41900452488693
2,1249,374,374.22714932126706
2,1250,374,374.00814479638024
2,1251,374,373.8389140271494
2,1252,374,373.7990950226246
2,1253,374,373.7683257918553
2,1254,374,373.6941176470589
2,1255,373,373.585520361991
2,1256,373,373.5131221719459
2,1257,374,373.4769230769231
2,1258,374,373.47692307692324
2,1259,373,373.51312217194584
2,1260,373,373.5855203619911
2,1261,374,373.694117647059
2,1262,374,373.8389140271495
2,1263,374,373.88144796380095
2,1264,374,373.8832579185522
2,1265,374,373.90316742081455
2,1266,374,374.0000000000001
2,1267,374,374.02624434389145
2,1268,374,374.0343891402716
2,1269,374,374.2153846153847
2,1270,374,374.3601809954752
2,1271,374,374.5393665158372
2,1272,375,374.62352941176476
2,1273,375,374.7307398483866
2,1274,375,374.76923076923066
2,1275,375,374.6746586746586
2,1276,374,374.37179487179503
2,1277,374,373.83286713286714
2,1278,373,373.23232323232247
2,1279,373,372.90909090909093
2,1280,373,373.9393665158372
2,1281,374,373.85339366515853
2,1282,374,373.7764705882353
2,1283,373,373.70859728506787
2,1284,373,373.5791855203621
2,1285,374,373.5176470588237
2,1286,374,373.65339366515843
2,1287,374,373.9158371040725
2,1288,374,374.02805429864264
2,1289,374,374.25158371040726
2,1290,374,374.50678733031685
2,1291,375,374.64615384615394
2,1292,375,374.72217194570146
2,1293,375,374.8552036199097
2,1294,375,374.9656108597286
2,1295,375,375.04434389140283
2,1296,375,375.0823529411766
2,1297,375,375.0000000000001
2,1298,375,374.91764705882355
2,1299,375,375.0262443438915
2,1300,375,375.116742081448
2,1301,375,375.1891402714934
2,1302,375,375.24343891402725
2,1303,375,375.27963800904985
2,1304,376,375.29773755656123
2,1305,376,375.22714932126706
2,1306,375,375.19728506787334
2,1307,375,375.1990950226246
2,1308,375,375.2235294117649
2,1309,375,375.26153846153863
2,1310,375,375.3040723981901
2,1311,375,375.34208144796384
2,1312,376,375.5049773755658
2,1313,376,375.65158371040735
2,1314,376,375.7728506787331
2,1315,376,375.9918552036201
2,1316,376,376.16108597285074
2,1317,376,376.2714932126698
2,1318,376,376.3140271493214
2,1319,376,376.27963800904996
2,1320,377,376.29773755656123
2,1321,377,376.2977375565611
2,1322,376,376.2796380090499
2,1323,376,376.2434389140272
2,1324,376,376.1891402714933
2,1325,376,376.116742081448
2,1326,376,375.95565610859734
2,1327,376,375.8352941176471
2,1328,376,375.9556561085974
2,1329,376,376.1167420814481
2,1330,376,376.11855203619916
2,1331,376,376.1610859728509
2,1332,376,376.23529411764724
2,1333,377,376.33212669683286
2,1334,377,376.44253393665156
2,1335,376,376.5574660633485
2,1336,376,376.73846153846165
2,1337,377,376.84705882352955
2,1338,377,376.88325791855203
2,1339,377,376.77647058823544
2,1340,377,376.6561085972852
2,1341,377,376.72217194570146
2,1342,377,376.77466063348425
2,1343,376,376.6135746606336
2,1344,376,376.43891402714934
2,1345,376,376.4506787330318
2,1346,377,376.4488687782806
2,1347,377,376.4425339366517
2,1348,376,376.44072398190065
2,1349,376,376.45248868778305
2,1350,377,376.48687782805445
2,1351,377,376.41447963800914
2,1352,376,376.30588235294135
2,1353,376,376.23167420814497
2,1354,376,376.2009049773757
2,1355,376,376.09049773755663
2,1356,376,375.98009049773765
2,1357,376,375.8108597285069
2,1358,376,375.73031674208164
2,1359,376,375.68597285067887
2,1360,375,375.5574660633485
2,1361,375,375.4244343891404
2,1362,376,375.29592760181
2,1363,375,375.1809954751132
2,1364,375,375.0886877828056
2,1365,375,375.02805429864264
2,1366,375,375.0081447963802
2,1367,375,375.03800904977385
2,1368,375,374.9882352941177
2,1369,375,374.92941176470595
2,1370,375,375.00000000000006
2,1371,375,375.00000000000006
2,1372,375,375.00000000000006
2,1373,375,375.00000000000006
2,1374,375,375.00000000000006
2,1375,375,375.0705882352942
2,1376,375,375.0823529411765
2,1377,375,374.97375565610884
2,1378,375,374.8832579185522
2,1379,375,374.81085972850684
2,1380,375,374.7565610859729
2,1381,375,374.7909502262443
2,1382,374,374.7846153846155
2,1383,374,374.67601809954766
2,1384,375,374.6036199095023
2,1385,375,374.6380090497738
2,1386,375,374.64977375565627
2,1387,375,374.6479638009051
2,1388,374,374.64162895927603
2,1389,374,374.639819004525
2,1390,375,374.51312217194584
2,1391,375,374.33212669683274
2,1392,374,374.2352941176472
2,1393,374,374.16108597285086
2,1394,374,374.1185520361993
2,1395,374,374.11674208144797
2,1396,374,374.02624434389156
2,1397,374,373.9176470588238
2,1398,374,373.929411764706
2,1399,374,374.0000000000001
2,1400,374,374.0000000000001
2,1401,374,374.0000000000001
2,1402,374,374.0000000000001
2,1403,374,374.0000000000001
2,1404,374,374.0000000000001
2,1405,374,374.0000000000001
2,1406,374,373.929411764706
2,1407,374,373.9176470588237
2,1408,374,374.02624434389145
2,1409,374,374.1167420814481
2,1410,374,374.18914027149333
2,1411,374,374.2434389140272
2,1412,374,374.2796380090499
2,1413,375,374.29773755656123
2,1414,375,374.29773755656123
2,1415,374,374.2796380090499
2,1416,374,374.2434389140273
2,1417,374,374.18914027149333
2,1418,374,374.11674208144797
2,1419,374,374.02624434389156
2,1420,374,373.9176470588238
2,1421,374,373.85882352941195
2,1422,374,373.9176470588237
2,1423,374,374.02624434389145
2,1424,374,374.1167420814481
2,1425,374,374.18914027149333
2,1426,374,374.2434389140272
2,1427,374,374.2090497737558
2,1428,375,374.2153846153847
2,1429,375,374.3239819004526
2,1430,374,374.3963800904979
2,1431,374,374.43257918552047
2,1432,374,374.43257918552047
2,1433,374,374.32579185520376
2,1434,375,374.2416289592761
2,1435,375,374.17104072398206
2,1436,374,374.2434389140272
2,1437,374,374.3882352941178
2,1438,374,374.466968325792
2,1439,374,374.54117647058837
2,1440,375,374.6018099547513
2,1441,375,374.639819004525
2,1442,375,374.78461538461556
2,1443,375,374.9656108597286
2,1444,375,375.04434389140283
2,1445,375,375.0823529411766
2,1446,375,375.07058823529417
2,1447,375,375.00000000000006
2,1448,375,375.00000000000006
2,1449,375,375.00000000000006
2,1450,375,375.00000000000006
2,1451,375,375.00000000000006
2,1452,375,374.9294117647059
2,1453,375,374.91764705882355
2,1454,375,374.9556561085974
2,1455,375,375.03438914027157
2,1456,375,375.1447963800906
2,1457,375,375.27782805429865
2,1458,375,375.49502262443457
2,1459,376,375.6579185520363
2,1460,376,375.69592760181
2,1461,376,375.73846153846165
2,1462,376,375.7764705882355
2,1463,376,375.80090497737564
2,1464,376,375.802714932127
2,1465,375,375.77285067873316
2,1466,375,375.702262443439
2,1467,376,375.72036199095027
2,1468,376,375.756561085973
2,1469,376,375.8108597285069
2,1470,376,375.8832579185522
2,1471,376,375.97375565610866
2,1472,376,376.08235294117657
2,1473,376,376.0705882352943
2,1474,376,376.0
2,1475,376,376.0
2,1476,376,375.92941176470606
2,1477,376,375.91764705882366
2,1478,376,375.9556561085974
2,1479,376,375.9638009049776
2,1480,376,376.0624434389141
2,1481,376,376.30407239819016
2,1482,376,376.54117647058837
2,1483,377,376.764705882353
2,1484,377,376.96561085972854
2,1485,377,377.13484162895935
2,1486,378,377.26334841628966
2,1487,378,377.342081447964
2,1488,377,377.36199095022636
2,1489,377,377.3140271493215
2,1490,377,377.1891402714934
2,1491,377,377.1873303167422
2,1492,377,377.10859728506796
2,1493,377,376.9619909502264
2,1494,377,376.89502262443443
2,1495,377,376.85520361990956
2,1496,377,376.72217194570146
2,1497,377,376.5755656108598
2,1498,376,376.4244343891404
2,1499,376,376.2778280542988
2,1500,376,376.21538461538466
2,1501,376,376.1167420814481
2,1502,376,375.92941176470583
2,1503,376,375.8009049773756
2,1504,376,375.7402714932128
2,1505,376,375.756561085973
2,1506,376,375.7203619909504
2,1507,375,375.702262443439
2,1508,375,375.702262443439
2,1509,376,375.72036199095027
2,1510,376,375.756561085973
2,1511,376,375.8108597285069
2,1512,376,375.8832579185522
2,1513,376,376.0443438914029
2,1514,376,376.16470588235313
2,1515,376,376.04434389140295
2,1516,376,375.8832579185521
2,1517,376,375.881447963801
2,1518,376,375.8389140271494
2,1519,376,375.694117647059
2,1520,375,375.5855203619911
2,1521,375,375.58371040723995
2,1522,376,375.55927601809964
2,1523,376,375.4506787330317
2,1524,375,375.3963800904978
2,1525,375,375.46696832579204
2,1526,376,375.53303167420825
2,1527,376,375.53303167420825
2,1528,375,375.46696832579187
2,1529,375,375.3956043956043
2,1530,376,375.4165834165833
2,1531,376,375.37839937839937
2,1532,375,375.3473193473196
2,1533,375,375.539393939394
2,1534,376,375.70707070706993
2,1535,376,376.1515151515152
2,1536,375,375.0986425339367
2,1537,375,375.2452488687784
2,1538,376,375.342081447964
2,1539,376,375.3800904977376
2,1540,375,375.420814479638
2,1541,375,375.32579185520376
2,1542,375,375.16289592760194
2,1543,375,375.0000000000001
2,1544,375,374.83710407239835
2,1545,375,374.67420814479647
2,1546,375,374.72036199095044
2,1547,374,374.7846153846155
2,1548,374,374.7466063348417
2,1549,375,374.68597285067887
2,1550,375,374.6117647058824
2,1551,375,374.5330316742083
2,1552,375,374.4588235294119
2,1553,374,374.39819004524895
2,1554,374,374.3601809954753
2,1555,374,374.14479638009055
2,1556,374,373.95203619909506
2,1557,374,373.98190045248884
2,1558,374,374.03438914027157
2,1559,374,374.18914027149333
2,1560,374,374.32579185520376
2,1561,374,374.25339366515846
2,1562,375,374.1809954751133
2,1563,375,374.03800904977373
2,1564,374,373.9538461538462
2,1565,374,373.99004524886885
2,1566,373,374.0081447963802
2,1567,373,374.00814479638024
2,1568,374,373.9900452488689
2,1569,374,373.88325791855215
2,1570,375,373.95565610859734
2,1571,375,374.2072398190046
2,1572,374,374.3701357466064
2,1573,374,374.514932126697
2,1574,374,374.5031674208145
2,1575,374,374.39638009049776
2,1576,375,374.32398190045257
2,1577,375,374.2153846153847
2,1578,374,374.2090497737558
2,1579,374,374.2434389140273
2,1580,374,374.1185520361992
2,1581,374,374.03438914027157
2,1582,374,373.91984486102126
2,1583,374,373.8791208791209
2,1584,374,373.98235098235097
2,1585,374,374.0699300699305
2,1586,374,374.2675990675991
2,1587,375,374.61111111111023
2,1588,375,375.1363636363635
3,0,375,373.935746606335
3,1,375,374.08416289592776
3,2,375,374.3122171945701
3,3,374,374.4723981900453
3,4,374,374.55565610859736
3,5,374,374.5529411764707
3,6,374,374.45520361990964
3,7,375,374.2533936651585
3,8,375,374.2153846153847
3,9,374,374.2090497737558
3,10,374,374.2434389140273
3,11,374,374.25972850678744
3,12,374,374.1990950226246
3,13,374,374.0000000000001
3,14,374,373.8009049773757
3,15,374,373.74027149321273
3,16,374,373.7565610859728
3,17,374,373.7203619909503
3,18,373,373.702262443439
3,19,373,373.70226244343894
3,20,374,373.7203619909503
3,21,374,373.82714932126703
3,22,374,373.8932126696834
3,23,374,373.8570135746606
3,24,374,373.8570135746608
3,25,374,373.89321266968335
3,26,374,373.82714932126703
3,27,374,373.7203619909503
3,28,373,373.702262443439
3,29,373,373.70226244343894
3,30,374,373.7203619909503
3,31,374,373.7565610859729
3,32,374,373.81085972850695
3,33,374,373.8832579185522
3,34,374,373.9737556561087
3,35,374,374.08235294117657
3,36,374,374.07058823529417
3,37,374,374.0000000000001
3,38,374,374.0000000000001
3,39,374,374.0000000000001
3,40,374,373.929411764706
3,41,374,373.9176470588237
3,42,374,374.02624434389145
3,43,374,374.1167420814481
3,44,374,374.18914027149333
3,45,374,374.2434389140272
3,46,374,374.2796380090499
3,47,375,374.29773755656123
3,48,375,374.29773755656123
3,49,374,374.20904977375585
3,50,374,374.1610859728508
3,51,374,374.2153846153847
3,52,374,374.23348416289605
3,53,374,374.1447963800905
3,54,374,374.07873303167435
3,55,374,374.1647058823531
3,56,375,374.33212669683263
3,57,375,374.44253393665167
3,58,374,374.5574660633485
3,59,374,374.6678733031675
3,60,375,374.7647058823531
3,61,375,374.83891402714937
3,62,375,374.88144796380107
3,63,375,374.812669683258
3,64,375,374.8914027149322
3,65,375,375.03800904977396
3,66,375,375.10497737556574
3,67,375,375.1447963800906
3,68,375,375.2072398190046
3,69,375,375.3420814479639
3,70,376,375.53122171945716
3,71,376,375.756561085973
3,72,376,375.929411764706
3,73,376,376.16108597285086
3,74,376,376.42443438914034
3,75,377,376.6923076923077
3,76,377,376.86696832579196
3,77,377,377.05067873303176
3,78,377,377.4868778280544
3,79,378,377.81900452488696
3,80,378,377.9674208144797
3,81,378,378.05248868778295
3,82,378,378.0561085972853
3,83,379,378.09864253393675
3,84,379,378.17104072398206
3,85,377,378.1348416289593
3,86,377,377.99004524886897
3,87,378,377.87511312217197
3,88,378,377.6579185520363
3,89,378,377.47692307692313
3,90,378,377.3321266968327
3,91,377,377.36199095022636
3,92,377,377.57556561085994
3,93,377,377.5755656108599
3,94,377,377.50316742081463
3,95,378,377.4262443438915
3,96,378,377.41266968325806
3,97,378,377.5330316742082
3,98,378,377.65791855203634
3,99,377,377.7285067873305
3,100,377,377.6859728506787
3,101,377,377.4687782805432
3,102,378,377.2153846153848
3,103,378,377.06425339366535
3,104,377,376.95384615384626
3,105,377,377.0343891402716
3,106,376,377.0561085972852
3,107,376,376.83710407239835
3,108,377,376.5954751131223
3,109,377,376.3402714932128
3,110,377,376.21900452488694
3,111,377,376.17918552036207
3,112,375,376.24162895927594
3,113,375,376.22714932126706
3,114,376,375.812669683258
3,115,376,375.47511312217216
3,116,376,375.4144796380092
3,117,376,375.43076923076933
3,118,376,375.60361990950247
3,119,374,375.8126696832581
3,120,374,375.7285067873304
3,121,377,375.6923076923078
3,122,377,375.7040723981902
3,123,376,375.77285067873305
3,124,376,375.77828054298647
3,125,375,375.7384615384616
3,126,375,375.6714932126698
3,127,376,375.31855203619926
3,128,375,374.8208144796381
3,129,375,374.59366515837115
3,130,374,374.4524886877829
3,131,374,374.2153846153847
3,132,374,374.1004524886879
3,133,374,374.04886877828056
3,134,374,374.0018099547512
3,135,374,374.1067873303168
3,136,374,374.1728506787333
3,137,374,374.2796380090499
3,138,375,374.29773755656123
3,139,375,374.29773755656123
3,140,374,374.2796380090499
3,141,374,374.2434389140273
3,142,374,374.18914027149333
3,143,374,374.11674208144797
3,144,374,374.02624434389156
3,145,374,373.9176470588238
3,146,374,373.929411764706
3,147,374,374.0000000000001
3,148,374,373.929411764706
3,149,374,373.9176470588237
3,150,374,374.02624434389145
3,151,374,374.1167420814481
3,152,374,374.1185520361992
3,153,374,374.16108597285074
3,154,374,374.30588235294135
3,155,375,374.41447963800914
3,156,375,374.3457013574662
3,157,374,374.358371040724
3,158,374,374.5049773755657
3,159,375,374.6380090497738
3,160,375,374.67782805429874
3,161,374,374.74479638009063
3,162,374,374.8208144796381
3,163,376,375.0262443438915
3,164,376,375.2814479638009
3,165,375,375.43891402714934
3,166,375,375.5511312217196
3,167,376,375.73846153846176
3,168,376,375.9212669683259
3,169,376,375.9520361990953
3,170,376,375.8832579185522
3,171,376,375.97375565610866
3,172,376,376.08235294117657
3,173,376,376.00000000000006
3,174,376,375.91764705882366
3,175,376,375.9556561085974
3,176,376,376.0343891402715
3,177,376,376.14479638009067
3,178,376,376.27782805429877
3,179,376,376.4244343891403
3,180,377,376.57556561085977
3,181,377,376.72217194570146
3,182,377,376.85520361990973
3,183,377,376.96561085972854
3,184,377,377.04434389140283
3,185,377,377.0823529411767
3,186,377,377.07058823529417
3,187,377,377.0000000000001
3,188,377,377.0000000000001
3,189,377,376.929411764706
3,190,377,376.9882352941179
3,191,377,377.0380090497739
3,192,377,377.00814479638024
3,193,377,377.02805429864276
3,194,377,377.0886877828056
3,195,377,377.18099547511326
3,196,378,377.29592760181015
3,197,377,377.4244343891404
3,198,377,377.55746606334844
3,199,378,377.6859728506788
3,200,378,377.80090497737564
3,201,378,377.8932126696833
3,202,378,378.02443438914037
3,203,378,378.0561085972853
3,204,378,378.05610859728523
3,205,378,378.02443438914037
3,206,378,377.89321266968335
3,207,378,377.7303167420815
3,208,378,377.60361990950236
3,209,377,377.51312217194584
3,210,377,377.529411764706
3,211,378,377.52307692307704
3,212,377,377.5031674208147
3,213,377,377.5493212669684
3,214,378,377.5411764705884
3,215,378,377.49683257918565
3,216,378,377.43438914027166
3,217,377,377.1628959276019
3,218,377,376.8914027149322
3,219,377,376.8289592760183
3,220,376,376.646153846154
3,221,376,376.42262443438926
3,222,376,376.3058823529413
3,223,376,376.2434389140272
3,224,377,376.25339366515834
3,225,377,376.2859728506789
3,226,376,376.29140271493225
3,227,376,376.28778280543
3,228,376,376.1547511312218
3,229,376,375.9719457013575
3,230,376,375.74841628959274
3,231,376,375.49321266968326
3,232,375,375.3538461538463
3,233,375,375.27782805429865
3,234,375,375.14479638009055
3,235,375,375.0343891402716
3,236,375,374.9556561085974
3,237,375,374.9176470588237
3,238,375,375.0000000000001
3,239,375,375.0823529411765
3,240,375,374.97375565610884
3,241,375,374.8832579185522
3,242,375,374.8814479638011
3,243,375,374.83891402714937
3,244,375,374.7647058823531
3,245,374,374.6678733031675
3,246,374,374.5574660633486
3,247,375,374.4425339366516
3,248,375,374.33212669683274
3,249,374,374.2388200035255
3,250,374,374.1658341658339
3,251,374,374.0880230880229
3,252,374,373.89860139860156
3,253,374,373.81072261072273
3,254,374,374.0101010101001
3,255,374,373.9393939393938
3,256,374,373.5755656108598
3,257,374,373.6515837104074
3,258,374,373.77285067873305
3,259,374,373.921266968326
3,260,374,374.0787330316743
3,261,374,374.227149321267
3,262,374,374.3484162895928
3,263,374,374.42443438914034
3,264,375,374.5755656108598
3,265,375,374.6515837104073
3,266,375,374.77285067873316
3,267,375,374.99185520362
3,268,375,375.16108597285086
3,269,375,375.20090497737556
3,270,375,375.23167420814485
3,271,375,375.30588235294124
3,272,376,375.41447963800914
3,273,376,375.4162895927604
3,274,375,375.4407239819006
3,275,375,375.4787330316743
3,276,376,375.45067873303174
3,277,376,375.47692307692313
3,278,375,375.6099547511313
3,279,375,375.702262443439
3,280,376,375.812669683258
3,281,376,376.0000000000001
3,282,376,376.046153846154
3,283,377,376.1330316742083
3,284,377,376.4425339366517
3,285,376,376.756561085973
3,286,376,376.9276018099549
3,287,377,377.00814479638024
3,288,377,377.1185520361992
3,289,378,377.17918552036207
3,290,378,377.1809954751132
3,291,377,377.2533936651586
3,292,377,377.3257918552037
3,293,377,377.2597285067875
3,294,377,377.1167420814481
3,295,377,377.02624434389145
3,296,377,376.9176470588236
3,297,377,376.92941176470595
3,298,377,377.0000000000001
3,299,377,377.0000000000001
3,300,377,377.14117647058833
3,301,377,377.164705882353
3,302,377,377.15927601809966
3,303,377,377.01357466063365
3,304,377,376.75475113122184
3,305,377,376.40995475113135
3,306,377,376.006334841629
3,307,375,375.57104072398215
3,308,375,375.20180995475124
3,309,374,374.79638009049796
3,310,374,374.3909502262445
3,311,374,374.02171945701366
3,312,374,373.6542986425341
3,313,374,373.45429864253407
3,314,374,373.16651583710427
3,315,373,373.0588235294119
3,316,373,373.24524886877845
3,317,373,373.6307692307694
3,318,373,374.1203619909502
3,319,374,374.9692307692309
3,320,374,375.63257918552057
3,321,378,376.1900452488688
3,322,378,376.5212669683259
3,323,378,376.50588235294134
3,324,377,376.2235294117648
3,325,377,375.6832579185521
3,326,373,374.894117647059
3,327,373,374.0036199095024
3,328,372,372.88868778280556
3,329,372,372.2506787330317
3,330,372,371.85248868778297
3,331,372,371.73936651583716
3,332,372,371.8180995475114
3,333,372,372.19547511312237
3,334,372,372.35384615384623
3,335,373,372.5755656108598
3,336,373,372.7221719457016
3,337,373,372.8552036199096
3,338,373,372.96561085972866
3,339,373,373.0443438914029
3,340,373,373.0823529411767
3,341,373,373.0705882352941
3,342,373,372.929411764706
3,343,373,372.91764705882366
3,344,373,372.95565610859734
3,345,373,373.03438914027146
3,346,373,373.1447963800906
3,347,373,373.2778280542987
3,348,373,373.3538461538462
3,349,374,373.4932126696834
3,350,374,373.74841628959285
3,351,374,373.97194570135764
3,352,374,374.08416289592765
3,353,374,374.2760180995476
3,354,374,374.40000000000026
3,355,375,374.3058823529413
3,356,375,374.2434389140272
3,357,374,374.39457013574673
3,358,374,374.54117647058837
3,359,375,374.6036199095023
3,360,374,374.702262443439
3,361,374,374.81900452488696
3,362,376,374.935746606335
3,363,376,375.17285067873314
3,364,375,375.45067873303174
3,365,375,375.62171945701357
3,366,376,375.73846153846176
3,367,376,375.9212669683259
3,368,376,375.9520361990953
3,369,376,375.9538461538462
3,370,376,376.0561085972851
3,371,376,376.0561085972852
3,372,376,375.95384615384626
3,373,376,375.81085972850684
3,374,376,375.756561085973
3,375,376,375.6497737556564
3,376,375,375.6199095022625
3,377,375,375.72850678733033
3,378,376,375.7665158371041
3,379,376,375.8633484162898
3,380,376,376.0805429864253
3,381,376,376.27963800904996
3,382,377,376.4606334841629
3,383,377,376.6235294117649
3,384,376,376.6298642533938
3,385,377,376.54117647058837
3,386,377,376.48687782805445
3,387,376,376.3963800904978
3,388,376,376.2696832579186
3,389,376,376.1067873303168
3,390,376,376.04615384615397
3,391,376,376.0262443438916
3,392,376,375.91764705882366
3,393,376,375.92941176470606
3,394,376,376.0
3,395,376,376.0
3,396,376,376.0705882352943
3,397,376,376.08235294117645
3,398,376,376.04434389140283
3,399,376,375.82443438914044
3,400,376,375.6904977375567
3,401,376,375.70407239819025
3,402,376,375.7266968325793
3,403,375,375.8289592760182
3,404,375,375.881447963801
3,405,375,375.9638009049775
3,406,377,375.95565610859734
3,407,377,375.80452488687797
3,408,376,375.65791855203634
3,409,376,375.5248868778281
3,410,375,375.4144796380092
3,411,375,375.2678733031675
3,412,374,375.0262443438915
3,413,374,374.6986425339367
3,414,375,374.57104072398204
3,415,375,374.52941176470597
3,416,375,374.4624434389141
3,417,375,374.529411764706
3,418,374,374.48054298642546
3,419,374,374.40452488687794
3,420,374,374.18099547511315
3,421,374,373.8895927601812
3,422,374,373.6778280542987
3,423,374,373.4932126696835
3,424,373,373.42443438914034
3,425,373,373.3601809954752
3,426,373,373.1185520361992
3,427,373,372.91764705882355
3,428,373,372.83710407239835
3,429,373,372.756561085973
3,430,373,372.6235294117648
3,431,372,372.58552036199103
3,432,372,372.5131221719457
3,433,373,372.4769230769232
3,434,373,372.4769230769232
3,435,372,372.5131221719457
3,436,372,372.58552036199103
3,437,373,372.6941176470589
3,438,373,372.83891402714937
3,439,373,372.8108597285069
3,440,373,372.80090497737564
3,441,373,373.0000000000001
3,442,373,373.1990950226246
3,443,373,373.3303167420816
3,444,373,373.3257918552037
3,445,373,373.25339366515846
3,446,374,373.18099547511326
3,447,374,373.10859728506784
3,448,373,373.03619909502277
3,449,373,372.96380090497746
3,450,372,372.89140271493227
3,451,372,372.7484162895929
3,452,373,372.66425339366526
3,453,373,372.62986425339375
3,454,373,372.7746606334843
3,455,373,373.02805429864253
3,456,373,373.2515837104074
3,457,373,373.50678733031685
3,458,374,373.64615384615394
3,459,374,373.6515837104074
3,460,374,373.77285067873305
3,461,374,373.921266968326
3,462,374,374.0081447963802
3,463,374,374.1447963800907
3,464,374,374.3040723981902
3,465,374,374.4588235294118
3,466,375,374.72036199095044
3,467,375,375.00000000000006
3,468,375,375.350226244344
3,469,376,375.6235294117648
3,470,376,375.7402714932128
3,471,376,375.8208144796381
3,472,376,375.84705882352944
3,473,376,375.80090497737564
3,474,376,375.802714932127
3,475,375,375.77285067873316
3,476,375,375.702262443439
3,477,376,375.72036199095027
3,478,376,375.685972850679
3,479,376,375.72850678733033
3,480,376,375.8389140271494
3,481,376,376.0787330316743
3,482,376,376.3095022624435
3,483,376,376.3927601809956
3,484,376,376.39004524886894
3,485,377,376.43076923076933
3,486,377,376.4443438914027
3,487,377,376.4307692307692
3,488,376,376.39004524886894
3,489,376,376.3221719457015
3,490,376,376.2271493212671
3,491,376,376.1049773755658
3,492,376,375.95565610859734
3,493,376,375.91764705882366
3,494,376,375.92941176470606
3,495,376,376.0
3,496,376,376.0
3,497,376,376.0
3,498,376,376.0
3,499,376,376.0
3,500,376,376.0
3,501,376,376.0
3,502,376,376.0705882352943
3,503,376,376.08235294117645
3,504,376,376.04434389140283
3,505,376,376.012928248222
3,506,376,375.94905094905084
3,507,376,375.83716283716274
3,508,376,375.6596736596737
3,509,375,375.40629370629375
3,510,375,375.10606060605977
3,511,375,374.9242424242424
3,512,375,374.2217194570136
3,513,375,374.52669683257926
3,514,375,374.75475113122184
3,515,375,374.8968325791857
3,516,375,374.94389140271505
3,517,375,374.8868778280546
3,518,375,374.36380090497744
3,519,374,374.012669683258
3,520,374,374.0561085972851
3,521,374,374.38733031674224
3,522,374,374.84072398190057
3,523,374,375.74208144796387
3,524,374,376.4171945701359
3,525,379,376.8841628959276
3,526,379,377.1610859728509
3,527,379,377.12760180995485
3,528,378,376.8633484162896
3,529,378,376.37737556561086
3,530,373,375.67873303167437
3,531,373,374.7764705882355
3,532,373,373.6796380090499
3,533,373,373.0895927601811
3,534,373,372.70769230769247
3,535,373,372.58823529411774
3,536,373,372.64705882352945
3,537,373,373.00000000000006
3,538,373,373.00000000000006
3,539,373,373.00000000000006
3,540,373,373.00000000000006
3,541,373,373.00000000000006
3,542,373,373.00000000000006
3,543,373,373.00000000000006
3,544,373,373.00000000000006
3,545,373,373.00000000000006
3,546,373,373.00000000000006
3,547,373,373.00000000000006
3,548,373,373.00000000000006
3,549,373,373.00000000000006
3,550,373,373.00000000000006
3,551,373,373.00000000000006
3,552,373,373.00000000000006
3,553,373,373.00000000000006
3,554,373,373.00000000000006
3,555,373,373.00000000000006
3,556,373,372.929411764706
3,557,373,372.91764705882366
3,558,373,372.95565610859734
3,559,373,373.03438914027146
3,560,373,373.1447963800906
3,561,373,373.2778280542987
3,562,373,373.4244343891404
3,563,374,373.5755656108598
3,564,374,373.6515837104074
3,565,374,373.8434389140273
3,566,374,374.00361990950233
3,567,374,374.052488687783
3,568,374,374.1104072398191
3,569,374,374.15927601809955
3,570,374,374.18099547511315
3,571,375,374.36651583710426
3,572,374,374.50678733031685
3,573,374,374.5312217194571
3,574,375,374.56923076923084
3,575,375,374.61176470588236
3,576,375,374.64977375565627
3,577,375,374.6036199095023
3,578,374,374.59366515837115
3,579,374,374.7402714932128
3,580,375,374.8253393665159
3,581,375,374.9013574660636
3,582,375,375.0886877828056
3,583,375,375.30769230769226
3,584,376,375.5493212669685
3,585,376,375.8751131221721
3,586,376,376.0081447963803
3,587,376,375.9393665158372
3,588,376,375.9276018099548
3,589,376,375.89321266968346
3,590,376,375.8271493212671
3,591,376,375.7203619909504
3,592,375,375.702262443439
3,593,375,375.702262443439
3,594,376,375.72036199095027
3,595,376,375.756561085973
3,596,376,375.8108597285069
3,597,376,375.8832579185522
3,598,376,375.97375565610866
3,599,376,376.08235294117657
3,600,376,376.14117647058833
3,601,376,376.08235294117645
3,602,376,375.97375565610866
3,603,376,375.8832579185521
3,604,376,375.81085972850684
3,605,376,375.756561085973
3,606,376,375.7203619909504
3,607,375,375.702262443439
3,608,375,375.702262443439
3,609,376,375.72036199095027
3,610,376,375.756561085973
3,611,376,375.74027149321284
3,612,376,375.8009049773757
3,613,376,376.0000000000001
3,614,376,376.19909502262465
3,615,376,376.2597285067875
3,616,376,376.2434389140273
3,617,376,376.27963800904996
3,618,377,376.29773755656123
3,619,377,376.3683257918553
3,620,376,376.36199095022636
3,621,376,376.28778280543
3,622,376,376.1547511312218
3,623,376,375.9719457013575
3,624,376,375.74841628959274
3,625,376,375.56380090497754
3,626,375,375.4361990950228
3,627,375,375.2515837104073
3,628,375,375.02805429864264
3,629,375,374.84524886877836
3,630,375,374.7828054298644
3,631,375,374.7203619909504
3,632,374,374.6760180995476
3,633,374,374.66787330316754
3,634,375,374.57556561085994
3,635,375,374.4787330316743
3,636,375,374.38642533936667
3,637,374,374.30769230769255
3,638,374,374.2515837104073
3,639,374,374.2271493212672
3,640,374,374.1755656108597
3,641,374,374.03800904977396
3,642,374,373.9619909502263
3,643,374,373.8950226244345
3,644,374,373.85520361990956
3,645,374,373.72217194570146
3,646,374,373.57556561085977
3,647,373,373.4244343891403
3,648,373,373.27782805429877
3,649,373,373.1447963800906
3,650,373,373.0343891402715
3,651,373,372.95565610859745
3,652,373,372.91764705882366
3,653,373,372.92941176470606
3,654,373,373.00000000000006
3,655,373,373.00000000000006
3,656,373,373.00000000000006
3,657,373,373.00000000000006
3,658,373,373.00000000000006
3,659,373,373.00000000000006
3,660,373,373.00000000000006
3,661,373,373.00000000000006
3,662,373,373.00000000000006
3,663,373,373.00000000000006
3,664,373,373.00000000000006
3,665,373,373.00000000000006
3,666,373,373.00000000000006
3,667,373,373.00000000000006
3,668,373,373.00000000000006
3,669,373,373.00000000000006
3,670,373,373.00000000000006
3,671,373,373.00000000000006
3,672,373,373.00000000000006
3,673,373,372.929411764706
3,674,373,372.9882352941178
3,675,373,373.03800904977385
3,676,373,373.0081447963801
3,677,373,373.02805429864253
3,678,373,373.08868778280555
3,679,373,373.18099547511326
3,680,374,373.2959276018101
3,681,373,373.4244343891404
3,682,373,373.4868778280544
3,683,374,373.6036199095024
3,684,374,373.8271493212671
3,685,374,374.00995475113126
3,686,374,374.0723981900453
3,687,374,374.1348416289594
3,688,374,374.38823529411775
3,689,375,374.4850678733033
3,690,375,374.4162895927604
3,691,374,374.4407239819006
3,692,374,374.4787330316743
3,693,375,374.52126696832596
3,694,375,374.5592760180996
3,695,374,374.58371040723995
3,696,374,374.514932126697
3,697,375,374.68235294117665
3,698,375,374.87692307692316
3,699,375,374.88959276018113
3,700,375,374.91131221719456
3,701,375,374.99185520362005
3,702,375,375.1809954751134
3,703,376,375.39276018099554
3,704,375,375.5411764705883
3,705,375,375.74660633484166
3,706,376,375.929411764706
3,707,376,376.08054298642554
3,708,377,376.19095022624447
3,709,377,376.2515837104073
3,710,376,376.25339366515846
3,711,376,376.32579185520376
3,712,376,376.25972850678744
3,713,376,376.116742081448
3,714,376,376.0262443438916
3,715,376,375.7764705882355
3,716,376,375.76470588235304
3,717,376,376.052488687783
3,718,376,376.23348416289605
3,719,376,376.37828054298654
3,720,376,376.48687782805433
3,721,376,376.5592760180997
3,722,378,376.59547511312235
3,723,378,376.52488687782824
3,724,376,376.4769230769231
3,725,376,376.4425339366517
3,726,376,376.3420814479639
3,727,376,376.2959276018101
3,728,376,376.427149321267
3,729,376,376.45882352941186
3,730,377,376.5972850678734
3,731,377,376.8488687782807
3,732,377,377.0162895927603
3,733,378,377.102262443439
3,734,378,377.0361990950227
3,735,376,376.94751131221744
3,736,376,376.89773755656125
3,737,377,376.7484162895928
3,738,377,376.63800904977387
3,739,376,376.50497737556566
3,740,376,376.4289592760183
3,741,377,376.4280542986427
3,742,377,376.45882352941186
3,743,376,376.3420814479639
3,744,376,376.09864253393675
3,745,376,375.8850678733032
3,746,376,375.65791855203634
3,747,375,375.37647058823546
3,748,375,375.0000000000001
3,749,375,374.6235294117647
3,750,374,374.34208144796395
3,751,374,373.97375565610866
3,752,374,373.73665158371057
3,753,374,373.710407239819
3,754,373,373.7746606334843
3,755,373,373.8090497737557
3,756,374,373.89321266968335
3,757,374,374.03619909502277
3,758,375,374.108597285068
3,759,375,374.18099547511315
3,760,374,374.25339366515846
3,761,374,374.29123817359095
3,762,374,374.14085914085905
3,763,374,373.97258297258276
3,764,374,373.8694638694641
3,765,374,374.0111888111889
3,766,374,374.08080808080734
3,767,374,373.99999999999994
3,768,373,373.0144796380092
3,769,373,372.98552036199106
3,770,374,372.8452488687783
3,771,372,372.7321266968328
3,772,372,372.64615384615394
3,773,373,372.5873303167421
3,774,373,372.5556561085975
3,775,372,372.5511312217196
3,776,372,372.5737556561087
3,777,373,372.62352941176476
3,778,373,372.83891402714937
3,779,373,372.88144796380107
3,780,373,372.9538461538462
3,781,373,373.0561085972851
3,782,373,373.05610859728523
3,783,373,372.9538461538462
3,784,373,372.81085972850695
3,785,373,372.756561085973
3,786,373,372.7203619909503
3,787,372,372.70226244343905
3,788,372,372.702262443439
3,789,373,372.64977375565627
3,790,373,372.6742081447965
3,791,373,372.7665158371041
3,792,373,372.9176470588236
3,793,373,373.1185520361992
3,794,373,373.3601809954753
3,795,373,373.4950226244344
3,796,374,373.5755656108598
3,797,374,373.7927601809956
3,798,374,373.93755656108607
3,799,374,373.8687782805431
3,800,374,373.8452488687784
3,801,374,373.91945701357474
3,802,374,373.9438914027151
3,803,374,373.9095022624435
3,804,373,373.94570135746613
3,805,373,373.98190045248884
3,806,375,374.01809954751144
3,807,375,374.05429864253415
3,808,374,374.09049773755663
3,809,374,374.12669683257934
3,810,374,374.16289592760194
3,811,374,374.1990950226246
3,812,374,374.09683257918556
3,813,374,373.9176470588238
3,814,374,373.929411764706
3,815,374,374.0000000000001
3,816,374,373.929411764706
3,817,374,373.9176470588237
3,818,374,373.95565610859734
3,819,374,374.0343891402716
3,820,374,374.1447963800906
3,821,374,374.34841628959293
3,822,374,374.50678733031685
3,823,375,374.61990950226243
3,824,375,374.68778280543
3,825,375,374.7104072398192
3,826,375,374.68778280543006
3,827,375,374.54932126696843
3,828,374,374.4244343891404
3,829,374,374.233484162896
3,830,374,374.0968325791856
3,831,374,374.2054298642535
3,832,374,374.35022624434396
3,833,374,374.460633484163
3,834,375,374.6660633484164
3,835,375,374.95746606334853
3,836,376,375.18733031674213
3,837,376,375.4081447963801
3,838,375,375.6018099547511
3,839,375,375.75022624434405
3,840,376,375.83529411764727
3,841,376,375.8389140271495
3,842,376,375.88144796380107
3,843,376,375.812669683258
3,844,376,375.89140271493227
3,845,376,376.03800904977385
3,846,376,376.1755656108599
3,847,376,376.22714932126706
3,848,376,376.1809954751132
3,849,376,376.2253393665159
3,850,377,376.412669683258
3,851,377,376.5954751131224
3,852,377,376.764705882353
3,853,376,376.91131221719473
3,854,376,376.9556561085975
3,855,378,377.0180995475113
3,856,378,377.1511312217196
3,857,377,377.2072398190046
3,858,377,377.3158371040725
3,859,377,377.4063348416291
3,860,377,377.4081447963802
3,861,378,377.3122171945703
3,862,378,377.171040723982
3,863,377,377.24343891402714
3,864,377,377.4588235294119
3,865,377,377.5493212669684
3,866,377,377.5855203619911
3,867,378,377.56742081447976
3,868,378,377.49502262443457
3,869,378,377.5067873303168
3,870,378,377.5411764705883
3,871,377,377.4687782805432
3,872,377,377.3601809954752
3,873,377,377.2153846153848
3,874,377,377.0343891402717
3,875,377,376.95565610859745
3,876,377,376.9176470588236
3,877,377,377.00000000000017
3,878,377,377.08235294117645
3,879,377,377.0443438914028
3,880,377,376.96561085972854
3,881,377,376.85520361990956
3,882,377,376.72217194570146
3,883,377,376.5755656108598
3,884,376,376.4244343891404
3,885,376,376.2778280542988
3,886,376,376.14479638009067
3,887,376,376.1049773755658
3,888,376,376.03800904977385
3,889,376,375.8914027149322
3,890,376,375.81266968325804
3,891,376,375.81085972850684
3,892,376,375.8271493212671
3,893,376,375.80271493212683
3,894,375,375.7466063348418
3,895,375,375.66787330316737
3,896,376,375.5755656108597
3,897,376,375.4787330316744
3,898,376,375.38642533936655
3,899,375,375.3076923076924
3,900,375,375.3221719457015
3,901,375,375.3095022624437
3,902,375,375.14932126696846
3,903,375,374.92126696832594
3,904,375,374.702262443439
3,905,375,374.5692307692309
3,906,375,374.53122171945716
3,907,374,374.4588235294118
3,908,374,374.49321266968343
3,909,374,374.5049773755657
3,910,374,374.5031674208146
3,911,375,374.49683257918554
3,912,375,374.49502262443445
3,913,375,374.4361990950227
3,914,375,374.4588235294119
3,915,374,374.49502262443457
3,916,374,374.4769230769232
3,917,374,374.4045248868779
3,918,374,374.27782805429877
3,919,374,374.2352941176472
3,920,375,374.2153846153847
3,921,375,374.227149321267
3,922,374,374.2796380090499
3,923,374,374.2434389140273
3,924,374,374.18914027149333
3,925,374,374.11674208144797
3,926,374,374.02624434389156
3,927,374,373.9176470588238
3,928,374,373.929411764706
3,929,374,374.0000000000001
3,930,374,374.0000000000001
3,931,374,373.929411764706
3,932,374,373.9176470588237
3,933,374,374.0968325791856
3,934,374,374.1990950226246
3,935,374,374.0923076923078
3,936,374,374.04434389140283
3,937,374,374.0461538461541
3,938,375,374.08868778280555
3,939,375,374.16289592760194
3,940,373,374.3303167420816
3,941,373,374.4524886877829
3,942,375,374.38823529411775
3,943,375,374.39638009049787
3,944,375,374.4588235294118
3,945,375,374.55746606334856
3,946,375,374.812669683258
3,947,374,375.1447963800906
3,948,374,375.19728506787345
3,949,376,375.2135746606336
3,950,376,375.4343891402716
3,951,376,375.70045248868786
3,952,376,376.06425339366535
3,953,376,376.3782805429866
3,954,376,376.4923076923078
3,955,377,376.5176470588236
3,956,377,376.5592760180997
3,957,377,376.7285067873304
3,958,377,376.875113122172
3,959,376,376.99004524886897
3,960,376,377.0642533936653
3,961,378,377.08868778280555
3,962,378,376.9837104072398
3,963,377,377.0081447963802
3,964,377,377.08235294117657
3,965,377,377.1972850678734
3,966,377,377.34389140271503
3,967,377,377.3746606334842
3,968,377,377.3420814479639
3,969,378,377.5049773755658
3,970,378,377.7221719457015
3,971,378,377.92579185520367
3,972,378,378.0479638009051
3,973,378,378.08868778280555
3,974,378,378.047963800905
3,975,378,377.9257918552038
3,976,378,377.7221719457015
3,977,378,377.5755656108599
3,978,377,377.42443438914034
3,979,377,377.27782805429877
3,980,377,377.1447963800905
3,981,377,377.0343891402717
3,982,377,376.88506787330317
3,983,377,376.8352941176472
3,984,377,376.88506787330334
3,985,377,377.03438914027157
3,986,377,377.14479638009055
3,987,377,377.27782805429877
3,988,377,377.42443438914046
3,989,378,377.5755656108599
3,990,378,377.7221719457015
3,991,378,377.85520361990956
3,992,378,378.03619909502277
3,993,378,378.1266968325793
3,994,378,378.1266968325794
3,995,378,378.03619909502277
3,996,378,377.8552036199096
3,997,378,377.7221719457015
3,998,378,377.5755656108599
3,999,377,377.42443438914034
3,1000,377,377.27782805429877
3,1001,377,377.1447963800905
3,1002,377,377.0343891402717
3,1003,377,376.95565610859745
3,1004,377,376.9176470588236
3,1005,377,376.92941176470595
3,1006,377,377.0000000000001
3,1007,377,377.0705882352943
3,1008,377,377.08235294117645
3,1009,377,377.0443438914028
3,1010,377,376.96561085972854
3,1011,377,376.92579185520367
3,1012,377,376.8045248868779
3,1013,377,376.5493212669685
3,1014,376,376.30769230769243
3,1015,376,376.08868778280544
3,1016,376,375.9013574660635
3,1017,376,375.69600987248026
3,1018,375,375.5594405594403
3,1019,375,375.54123654123646
3,1020,376,375.64801864801893
3,1021,376,375.73939393939395
3,1022,376,375.98484848484765
3,1023,376,375.9848484848483
3,1024,375,374.14298642533953
3,1025,375,374.4162895927603
3,1026,375,374.6217194570136
3,1027,375,374.75022624434416
3,1028,374,374.7221719457014
3,1029,375,374.6579185520363
3,1030,375,374.6099547511313
3,1031,374,374.4307692307693
3,1032,374,374.38823529411775
3,1033,374,374.35022624434396
3,1034,374,374.3257918552038
3,1035,375,374.32398190045257
3,1036,375,374.2153846153847
3,1037,374,374.2090497737558
3,1038,374,374.17285067873314
3,1039,374,374.1067873303169
3,1040,374,374.14298642533936
3,1041,374,374.1429864253395
3,1042,374,374.1067873303168
3,1043,374,374.1728506787333
3,1044,374,374.2796380090499
3,1045,375,374.29773755656123
3,1046,375,374.29773755656123
3,1047,374,374.20904977375585
3,1048,374,374.1610859728508
3,1049,374,374.1447963800906
3,1050,374,374.1511312217196
3,1051,374,374.171040723982
3,1052,374,374.1954751131222
3,1053,374,374.42443438914046
3,1054,375,374.6579185520363
3,1055,375,374.7665158371041
3,1056,375,374.82081447963816
3,1057,375,374.75022624434393
3,1058,375,374.6841628959278
3,1059,375,374.5429864253395
3,1060,374,374.4470588235295
3,1061,374,374.37828054298654
3,1062,374,374.4570135746608
3,1063,374,374.6036199095024
3,1064,375,374.8090497737558
3,1065,375,375.06425339366524
3,1066,376,375.3601809954752
3,1067,376,375.68778280543
3,1068,376,375.8289592760182
3,1069,376,375.9656108597286
3,1070,376,376.14117647058833
3,1071,376,376.19909502262465
3,1072,376,376.1891402714933
3,1073,376,376.1610859728509
3,1074,376,376.30588235294124
3,1075,377,376.4144796380092
3,1076,377,376.4162895927602
3,1077,376,376.4407239819006
3,1078,376,376.5493212669685
3,1079,377,376.60361990950236
3,1080,377,376.5330316742083
3,1081,376,376.46696832579204
3,1082,376,376.39638009049776
3,1083,377,376.45067873303174
3,1084,377,376.4886877828055
3,1085,376,376.57194570135766
3,1086,376,376.62352941176465
3,1087,377,376.70226244343905
3,1088,377,376.86696832579196
3,1089,377,377.0407239819005
3,1090,377,377.14660633484164
3,1091,378,377.3140271493213
3,1092,377,377.47239819004534
3,1093,377,377.4832579185523
3,1094,378,377.4081447963801
3,1095,378,377.37647058823535
3,1096,377,377.3176470588237
3,1097,377,377.23167420814485
3,1098,377,377.1185520361991
3,1099,377,377.04615384615397
3,1100,377,376.9438914027151
3,1101,377,376.87330316742094
3,1102,377,376.9638009049774
3,1103,377,377.14479638009055
3,1104,377,377.27782805429877
3,1105,377,377.4950226244345
3,1106,378,377.6579185520364
3,1107,378,377.7665158371042
3,1108,378,377.8208144796381
3,1109,378,377.82081447963805
3,1110,378,377.76651583710424
3,1111,378,377.6579185520364
3,1112,377,377.49502262443457
3,1113,377,377.27782805429877
3,1114,377,377.0742081447965
3,1115,377,376.95203619909506
3,1116,377,376.98190045248873
3,1117,377,377.0343891402715
3,1118,377,377.1185520361991
3,1119,377,377.24343891402725
3,1120,377,377.2796380090498
3,1121,378,377.2977375565611
3,1122,378,377.29773755656123
3,1123,377,377.350226244344
3,1124,377,377.3257918552037
3,1125,377,377.23348416289605
3,1126,377,377.0823529411765
3,1127,377,376.81085972850684
3,1128,377,376.5574660633485
3,1129,377,376.53122171945705
3,1130,376,376.54117647058837
3,1131,376,376.46696832579204
3,1132,376,376.38823529411775
3,1133,376,376.3846153846156
3,1134,377,376.335746606335
3,1135,377,376.2597285067874
3,1136,376,376.1746606334842
3,1137,376,376.09864253393675
3,1138,376,375.84072398190057
3,1139,376,375.60995475113134
3,1140,375,375.4063348416291
3,1141,375,375.22986425339366
3,1142,375,375.2895927601811
3,1143,375,375.39457013574673
3,1144,375,375.4244343891403
3,1145,376,375.45882352941186
3,1146,376,375.5067873303168
3,1147,376,375.57737556561096
3,1148,376,375.5411764705883
3,1149,375,375.5393665158372
3,1150,375,375.4425339366518
3,1151,375,375.18914027149333
3,1152,375,374.9176470588237
3,1153,375,374.83710407239835
3,1154,375,374.7565610859729
3,1155,375,374.6235294117647
3,1156,374,374.5855203619911
3,1157,374,374.58371040724
3,1158,375,374.5592760180996
3,1159,375,374.4506787330318
3,1160,374,374.3963800904978
3,1161,374,374.466968325792
3,1162,375,374.53303167420825
3,1163,375,374.6036199095023
3,1164,374,374.5493212669685
3,1165,374,374.4407239819006
3,1166,375,374.4162895927603
3,1167,375,374.41447963800914
3,1168,374,374.3058823529413
3,1169,374,374.16108597285086
3,1170,374,374.1185520361993
3,1171,374,374.11674208144797
3,1172,374,374.02624434389156
3,1173,374,373.9176470588238
3,1174,374,373.929411764706
3,1175,374,374.0000000000001
3,1176,374,374.0000000000001
3,1177,374,374.0000000000001
3,1178,374,374.0000000000001
3,1179,374,374.0000000000001
3,1180,374,374.0000000000001
3,1181,374,374.0000000000001
3,1182,374,374.0000000000001
3,1183,374,374.0000000000001
3,1184,374,373.929411764706
3,1185,374,373.84705882352944
3,1186,374,373.87330316742094
3,1187,374,373.9900452488688
3,1188,374,374.1791855203622
3,1189,374,374.49321266968343
3,1190,374,374.78461538461545
3,1191,375,374.9737556561087
3,1192,376,375.18099547511326
3,1193,376,375.38823529411786
3,1194,376,375.57737556561096
3,1195,376,375.6597285067875
3,1196,375,375.7466063348418
3,1197,375,375.88144796380107
3,1198,376,375.9076923076924
3,1199,376,375.875113122172
3,1200,376,375.9719457013578
3,1201,376,376.1185520361992
3,1202,377,376.30588235294124
3,1203,377,376.59547511312235
3,1204,376,376.639819004525
3,1205,376,376.6298642533937
3,1206,377,376.68597285067887
3,1207,377,376.7285067873304
3,1208,377,376.7484162895929
3,1209,377,376.73665158371045
3,1210,376,376.8226244343892
3,1211,377,376.93574660633504
3,1212,377,376.866968325792
3,1213,377,376.8072398190046
3,1214,377,376.94751131221733
3,1215,377,377.07873303167435
3,1216,377,377.13031674208156
3,1217,377,377.2316742081449
3,1218,377,377.23529411764724
3,1219,378,377.3321266968327
3,1220,378,377.51312217194584
3,1221,377,377.639819004525
3,1222,377,377.7122171945702
3,1223,378,377.6597285067875
3,1224,378,377.61176470588254
3,1225,378,377.55927601809964
3,1226,378,377.49321266968326
3,1227,377,377.61357466063356
3,1228,377,377.7203619909502
3,1229,377,377.68416289592767
3,1230,378,377.57556561086
3,1231,378,377.46244343891414
3,1232,378,377.412669683258
3,1233,378,377.49683257918565
3,1234,377,377.5855203619911
3,1235,377,377.5493212669684
3,1236,377,377.458823529412
3,1237,377,377.3140271493215
3,1238,378,377.25339366515846
3,1239,378,377.2153846153848
3,1240,377,377.2090497737557
3,1241,377,377.1728506787331
3,1242,377,377.17737556561093
3,1243,377,377.1547511312218
3,1244,377,377.17556561086
3,1245,377,377.11040723981915
3,1246,377,377.1067873303169
3,1247,377,377.11221719457023
3,1248,378,377.00633484162904
3,1249,377,376.86877828054304
3,1250,377,376.708597285068
3,1251,376,376.53484162895927
3,1252,376,376.356561085973
3,1253,376,376.1828054298643
3,1254,376,376.02262443438923
3,1255,376,375.8850678733032
3,1256,376,375.91764705882366
3,1257,376,375.92941176470606
3,1258,376,376.0705882352943
3,1259,376,376.08235294117645
3,1260,376,375.97375565610866
3,1261,376,375.8832579185521
3,1262,376,375.881447963801
3,1263,376,375.8389140271494
3,1264,376,375.694117647059
3,1265,375,375.5855203619911
3,1266,375,375.58371040723995
3,1267,376,375.55927601809964
3,1268,376,375.52126696832585
3,1269,375,375.4787330316743
3,1270,375,375.44072398190053
3,1271,376,375.4162895927602
3,1272,376,375.41447963800914
3,1273,375,375.2892401715928
3,1274,375,375.1658341658341
3,1275,375,375.0880230880231
3,1276,375,374.89860139860167
3,1277,375,374.81072261072273
3,1278,375,375.0101010101002
3,1279,375,374.93939393939394
3,1280,375,374.15113122171965
3,1281,375,374.514932126697
3,1282,375,374.7927601809955
3,1283,375,374.97556561085975
3,1284,375,375.05429864253415
3,1285,375,375.0199095022625
3,1286,375,374.86334841628974
3,1287,375,374.5049773755657
3,1288,374,374.3420814479639
3,1289,374,374.3040723981902
3,1290,374,374.2615384615386
3,1291,374,374.22352941176473
3,1292,374,374.1990950226246
3,1293,374,374.19728506787334
3,1294,375,374.2271493212671
3,1295,375,374.29773755656123
3,1296,374,374.20904977375585
3,1297,374,374.1610859728508
3,1298,374,374.2153846153847
3,1299,374,374.23348416289605
3,1300,374,374.1447963800905
3,1301,374,374.07873303167435
3,1302,374,374.1647058823531
3,1303,375,374.33212669683263
3,1304,375,374.44253393665167
3,1305,374,374.5574660633485
3,1306,374,374.6678733031675
3,1307,375,374.7647058823531
3,1308,375,374.83891402714937
3,1309,375,374.88144796380107
3,1310,375,374.88325791855215
3,1311,375,374.97375565610866
3,1312,375,375.0823529411766
3,1313,375,375.0000000000001
3,1314,375,374.91764705882355
3,1315,375,374.9556561085974
3,1316,375,375.03438914027157
3,1317,375,375.1447963800906
3,1318,375,375.27782805429865
3,1319,375,375.42443438914034
3,1320,376,375.5755656108597
3,1321,376,375.72217194570146
3,1322,376,375.8552036199096
3,1323,376,375.9656108597286
3,1324,376,376.04434389140283
3,1325,376,376.08235294117657
3,1326,376,376.0705882352943
3,1327,376,376.0
3,1328,376,376.0
3,1329,376,376.0
3,1330,376,376.0
3,1331,376,376.0
3,1332,376,376.0
3,1333,376,376.0
3,1334,376,376.0
3,1335,376,376.0
3,1336,376,376.0
3,1337,376,376.0
3,1338,376,376.0
3,1339,376,376.0
3,1340,376,376.0
3,1341,376,376.0
3,1342,376,376.0
3,1343,376,376.0
3,1344,376,376.0
3,1345,376,376.0
3,1346,376,376.0
3,1347,376,376.0
3,1348,376,376.0
3,1349,376,376.0
3,1350,376,376.0
3,1351,376,376.0
3,1352,376,376.0
3,1353,376,376.0
3,1354,376,376.0
3,1355,376,376.0705882352943
3,1356,376,376.08235294117645
3,1357,376,376.04434389140283
3,1358,376,375.96561085972866
3,1359,376,375.85520361990956
3,1360,376,375.7221719457014
3,1361,376,375.5755656108598
3,1362,375,375.42443438914046
3,1363,375,375.27782805429865
3,1364,375,375.07420814479644
3,1365,375,374.9520361990951
3,1366,375,374.9819004524888
3,1367,375,375.0343891402716
3,1368,375,375.1185520361991
3,1369,375,375.24343891402725
3,1370,375,375.35022624434407
3,1371,376,375.38009049773774
3,1372,376,375.342081447964
3,1373,375,375.2452488687785
3,1374,375,375.02805429864264
3,1375,375,374.8995475113123
3,1376,375,374.7303167420815
3,1377,374,374.52941176470597
3,1378,374,374.30588235294135
3,1379,374,374.27782805429877
3,1380,374,374.2633484162896
3,1381,375,374.08054298642554
3,1382,374,373.94751131221716
3,1383,374,373.94389140271505
3,1384,374,373.9493212669684
3,1385,374,373.7728506787332
3,1386,373,373.6235294117649
3,1387,373,373.5013574660635
3,1388,374,373.406334841629
3,1389,374,373.47692307692324
3,1390,373,373.51312217194584
3,1391,373,373.65610859728525
3,1392,374,373.77647058823544
3,1393,374,373.8832579185521
3,1394,374,373.8470588235295
3,1395,374,373.73846153846154
3,1396,374,373.69592760181
3,1397,374,373.65791855203634
3,1398,373,373.49502262443445
3,1399,373,373.3484162895928
3,1400,373,373.15656108597295
3,1401,373,372.9963800904979
3,1402,373,372.87692307692316
3,1403,373,372.8072398190046
3,1404,373,372.79638009049785
3,1405,373,372.8533936651585
3,1406,372,372.9194570135748
3,1407,373,372.935746606335
3,1408,373,372.8407239819006
3,1409,373,372.7728506787332
3,1410,373,372.7321266968326
3,1411,373,372.71855203619924
3,1412,373,372.73212669683267
3,1413,372,372.7728506787333
3,1414,372,372.702262443439
3,1415,373,372.72036199095044
3,1416,373,372.7565610859729
3,1417,373,372.81085972850695
3,1418,373,372.8832579185522
3,1419,373,372.9737556561086
3,1420,373,373.0823529411767
3,1421,373,373.00000000000017
3,1422,373,372.91764705882366
3,1423,373,372.95565610859734
3,1424,373,373.03438914027146
3,1425,373,373.2153846153847
3,1426,373,373.3601809954752
3,1427,373,373.39819004524895
3,1428,374,373.458823529412
3,1429,374,373.53303167420825
3,1430,374,373.6117647058825
3,1431,374,373.61538461538476
3,1432,373,373.66425339366526
3,1433,373,373.81085972850695
3,1434,374,373.90769230769234
3,1435,374,373.8751131221721
3,1436,374,373.9719457013576
3,1437,374,374.1185520361992
3,1438,375,374.3058823529413
3,1439,375,374.5248868778281
3,1440,374,374.6280542986426
3,1441,374,374.6678733031675
3,1442,375,374.8352941176472
3,1443,375,374.92126696832594
3,1444,375,374.8552036199097
3,1445,375,374.76651583710407
3,1446,375,374.85520361990973
3,1447,375,374.92126696832594
3,1448,375,374.764705882353
3,1449,374,374.5855203619911
3,1450,374,374.51312217194584
3,1451,375,374.4769230769232
3,1452,375,374.4769230769232
3,1453,374,374.51312217194584
3,1454,374,374.514932126697
3,1455,375,374.6117647058825
3,1456,375,374.7239819004525
3,1457,375,374.8334841628962
3,1458,375,375.0542986425341
3,1459,375,375.3683257918553
3,1460,375,375.6959276018101
3,1461,376,375.88959276018113
3,1462,376,376.00180995475114
3,1463,377,376.1529411764707
3,1464,377,376.2633484162897
3,1465,376,376.39457013574673
3,1466,376,376.4081447963802
3,1467,376,376.16289592760194
3,1468,376,375.91764705882366
3,1469,376,375.86334841628974
3,1470,376,375.7909502262445
3,1471,376,375.8389140271495
3,1472,375,375.9457013574662
3,1473,375,375.9819004524888
3,1474,377,376.0180995475114
3,1475,377,376.054298642534
3,1476,376,376.0904977375568
3,1477,376,376.12669683257934
3,1478,376,376.162895927602
3,1479,376,376.19909502262453
3,1480,376,376.0968325791856
3,1481,376,375.91764705882366
3,1482,376,375.92941176470606
3,1483,376,376.0
3,1484,376,376.0
3,1485,376,376.0
3,1486,376,376.0
3,1487,376,376.0
3,1488,376,376.0
3,1489,376,376.0
3,1490,376,376.0
3,1491,376,376.0
3,1492,376,376.0
3,1493,376,376.0
3,1494,376,376.0705882352943
3,1495,376,376.08235294117645
3,1496,376,375.97375565610866
3,1497,376,375.8832579185521
3,1498,376,375.81085972850684
3,1499,376,375.756561085973
3,1500,376,375.79095022624443
3,1501,375,375.78461538461545
3,1502,375,375.7466063348417
3,1503,376,375.6859728506788
3,1504,376,375.68235294117653
3,1505,376,375.54479638009065
3,1506,376,375.4208144796381
3,1507,375,375.3900452488689
3,1508,375,375.3321266968327
3,1509,375,375.0561085972852
3,1510,375,374.77104072398197
3,1511,374,374.68597285067875
3,1512,375,374.60995475113134
3,1513,375,374.4904977375567
3,1514,374,374.4751131221721
3,1515,374,374.4343891402716
3,1516,375,374.43891402714945
3,1517,375,374.4886877828056
3,1518,374,374.58371040723995
3,1519,374,374.65610859728514
3,1520,375,374.77647058823544
3,1521,375,374.8832579185522
3,1522,375,374.8470588235296
3,1523,375,374.7384615384617
3,1524,375,374.69592760181007
3,1525,375,374.65791855203634
3,1526,374,374.49502262443445
3,1527,374,374.2778280542988
3,1528,374,374.1447963800907
3,1529,374,374.0195099018625
3,1530,374,373.95604395604386
3,1531,374,373.9793539793539
3,1532,374,374.0559440559441
3,1533,374,374.0000000000001
3,1534,374,373.9999999999993
3,1535,374,373.99999999999994
3,1536,374,373.4307692307694
3,1537,374,373.44434389140275
3,1538,374,373.3601809954752
3,1539,373,373.30769230769255
3,1540,373,373.3484162895929
3,1541,373,373.34389140271503
3,1542,373,373.0823529411766
3,1543,373,372.9520361990952
3,1544,373,373.0642533936652
3,1545,374,373.3303167420816
3,1546,374,373.7321266968327
3,1547,373,374.32488687782825
3,1548,373,374.7638009049774
3,1549,376,375.04886877828073
3,1550,376,375.1800904977377
3,1551,376,375.1574660633485
3,1552,376,374.9809954751133
3,1553,376,374.71855203619924
3,1554,373,374.4380090497739
3,1555,373,374.07149321266974
3,1556,373,373.5511312217197
3,1557,373,373.2923076923079
3,1558,373,373.11040723981904
3,1559,373,373.0325791855203
3,1560,374,373.08597285067884
3,1561,374,373.2977375565611
3,1562,373,373.27963800904996
3,1563,373,373.1728506787332
3,1564,373,373.1067873303168
3,1565,373,373.1429864253394
3,1566,373,373.1429864253395
3,1567,373,373.1067873303168
3,1568,373,373.1728506787331
3,1569,373,373.27963800904996
3,1570,374,373.2977375565613
3,1571,374,373.2977375565611
3,1572,373,373.35022624434407
3,1573,373,373.3257918552038
3,1574,373,373.16289592760194
3,1575,373,373.0000000000001
3,1576,373,372.8371040723983
3,1577,373,372.6742081447964
3,1578,373,372.64977375565616
3,1579,372,372.70226244343905
3,1580,372,372.702262443439
3,1581,373,372.72036199095044
3,1582,373,372.77404947993165
3,1583,373,372.88111888111877
3,1584,373,373.0274170274169
3,1585,373,373.1305361305362
3,1586,373,372.9888111888111
3,1587,373,372.919191919191
3,1588,373,373.0
