channel,index,raw,filtered
1,0,370,369.66666666666646
1,1,370,370.23809523809507
1,2,370,369.9523809523807
1,3,370,368.99999999999994
1,4,367,367.9999999999999
1,5,367,367.142857142857
1,6,367,366.7142857142855
1,7,367,366.9999999999997
1,8,367,366.9999999999997
1,9,367,366.9999999999997
1,10,367,366.9999999999997
1,11,367,367.09523809523796
1,12,367,366.8571428571428
1,13,367,366.7142857142855
1,14,366,366.66666666666634
1,15,367,366.7142857142855
1,16,367,366.6666666666666
1,17,367,367.19047619047603
1,18,367,367.8571428571428
1,19,369,368.23809523809507
1,20,369,368.23809523809507
1,21,367,367.85714285714266
1,22,367,367.095238095238
1,23,367,366.8095238095236
1,24,367,367.09523809523796
1,25,367,366.95238095238074
1,26,367,366.57142857142856
1,27,366,366.38095238095224
1,28,366,366.3809523809521
1,29,367,366.5714285714284
1,30,367,366.8571428571428
1,31,367,367.142857142857
1,32,367,367.23809523809507
1,33,368,367.71428571428567
1,34,368,368.285714285714
1,35,369,368.7619047619047
1,36,369,368.9523809523808
1,37,369,369.285714285714
1,38,369,368.90476190476176
1,39,369,368.33333333333314
1,40,367,367.6666666666665
1,41,367,367.095238095238
1,42,367,366.8095238095236
1,43,367,366.9999999999997
1,44,367,366.90476190476176
1,45,367,367.047619047619
1,46,367,367.4285714285712
1,47,368,367.61904761904754
1,48,368,367.6190476190475
1,49,367,367.4285714285712
1,50,367,366.9523809523808
1,51,367,366.95238095238085
1,52,367,367.4285714285712
1,53,368,367.61904761904754
1,54,368,367.6190476190475
1,55,367,367.4285714285712
1,56,367,367.047619047619
1,57,367,366.9047619047617
1,58,367,366.9999999999997
1,59,367,366.9999999999997
1,60,367,366.90476190476176
1,61,367,367.047619047619
1,62,367,367.4285714285712
1,63,368,367.61904761904754
1,64,368,367.6190476190475
1,65,367,367.4285714285712
1,66,367,367.047619047619
1,67,367,366.9047619047617
1,68,367,366.9999999999997
1,69,367,366.9999999999997
1,70,367,366.9999999999997
1,71,367,366.9999999999997
1,72,367,366.9999999999997
1,73,367,366.9999999999997
1,74,367,366.9999999999997
1,75,367,366.9999999999997
1,76,367,366.9999999999997
1,77,367,366.90476190476176
1,78,367,367.047619047619
1,79,367,367.4285714285712
1,80,368,367.61904761904754
1,81,368,367.52380952380935
1,82,367,367.4761904761903
1,83,367,367.47619047619037
1,84,368,367.5238095238093
1,85,368,367.52380952380935
1,86,367,367.4761904761903
1,87,367,367.2857142857141
1,88,368,367.61904761904754
1,89,368,368.3809523809522
1,90,369,368.71428571428555
1,91,369,368.6190476190474
1,92,368,368.4285714285713
1,93,368,368.04761904761887
1,94,368,367.90476190476164
1,95,368,367.9999999999997
1,96,368,367.9999999999997
1,97,368,367.9999999999997
1,98,368,367.9999999999997
1,99,368,367.9999999999997
1,100,368,367.9999999999997
1,101,368,367.9999999999997
1,102,368,367.9999999999997
1,103,368,367.9999999999997
1,104,368,368.09523809523796
1,105,368,367.95238095238085
1,106,368,367.57142857142844
1,107,367,367.38095238095224
1,108,367,367.38095238095224
1,109,368,367.5714285714284
1,110,368,367.9523809523809
1,111,368,368.0952380952378
1,112,368,367.9999999999997
1,113,368,367.9999999999997
1,114,368,367.9999999999997
1,115,368,367.9999999999997
1,116,368,367.9999999999997
1,117,368,367.90476190476176
1,118,368,368.04761904761887
1,119,368,368.4285714285712
1,120,369,368.61904761904754
1,121,369,368.6190476190474
1,122,368,368.4285714285713
1,123,368,368.04761904761887
1,124,368,367.90476190476164
1,125,368,367.9999999999997
1,126,368,367.9999999999997
1,127,368,367.9999999999997
1,128,368,367.9999999999997
1,129,368,367.9999999999997
1,130,368,367.9999999999997
1,131,368,367.9999999999997
1,132,368,367.9999999999997
1,133,368,367.9999999999997
1,134,368,367.90476190476176
1,135,368,368.04761904761887
1,136,368,368.33333333333314
1,137,369,368.6666666666664
1,138,369,369.04761904761887
1,139,369,369.04761904761887
1,140,369,368.6666666666666
1,141,368,368.3333333333333
1,142,368,367.9523809523808
1,143,368,367.9523809523808
1,144,368,368.33333333333314
1,145,369,368.6666666666664
1,146,369,369.04761904761887
1,147,369,369.04761904761887
1,148,369,368.6666666666666
1,149,368,368.3333333333333
1,150,368,368.04761904761887
1,151,368,367.8095238095237
1,152,368,368.04761904761887
1,153,368,368.4285714285712
1,154,369,368.61904761904754
1,155,369,368.6190476190474
1,156,368,368.4285714285713
1,157,368,367.9523809523808
1,158,368,367.9523809523808
1,159,368,368.33333333333314
1,160,369,368.6666666666664
1,161,369,368.9523809523808
1,162,369,369.0952380952378
1,163,369,368.9999999999999
1,164,369,368.9999999999999
1,165,369,368.9999999999999
1,166,369,368.9999999999999
1,167,369,368.9999999999999
1,168,369,368.9999999999999
1,169,369,368.9999999999999
1,170,369,368.9999999999999
1,171,369,369.09523809523796
1,172,369,368.95238095238074
1,173,369,368.5714285714283
1,174,368,368.3809523809522
1,175,368,368.3809523809522
1,176,369,368.6666666666666
1,177,369,368.90476190476176
1,178,369,368.6666666666666
1,179,368,368.3809523809522
1,180,368,368.47619047619037
1,181,369,368.5238095238093
1,182,369,368.52380952380946
1,183,368,368.47619047619025
1,184,368,368.3809523809522
1,185,369,368.5714285714283
1,186,369,368.9523809523808
1,187,369,369.0952380952378
1,188,369,369.09523809523796
1,189,369,368.95238095238074
1,190,369,368.6666666666666
1,191,368,368.3333333333333
1,192,368,368.04761904761887
1,193,368,367.90476190476164
1,194,368,367.9999999999997
1,195,368,367.90476190476176
1,196,368,368.04761904761887
1,197,368,368.33333333333314
1,198,369,368.6666666666664
1,199,369,369.04761904761887
1,200,369,369.04761904761887
1,201,369,368.6666666666666
1,202,368,368.3333333333333
1,203,368,368.04761904761887
1,204,368,367.90476190476164
1,205,368,367.9999999999997
1,206,368,367.9999999999997
1,207,368,367.9999999999997
1,208,368,367.9999999999997
1,209,368,367.9999999999997
1,210,368,367.9999999999997
1,211,368,367.9999999999997
1,212,368,367.9999999999997
1,213,368,367.9999999999997
1,214,368,367.9999999999997
1,215,368,367.9999999999997
1,216,368,367.9999999999997
1,217,368,367.9999999999997
1,218,368,368.09523809523796
1,219,368,367.95238095238085
1,220,368,367.57142857142844
1,221,367,367.38095238095224
1,222,367,367.2857142857141
1,223,368,367.61904761904754
1,224,368,368.3809523809522
1,225,369,368.71428571428555
1,226,369,368.7142857142856
1,227,368,368.38095238095207
1,228,368,367.61904761904736
1,229,367,367.28571428571416
1,230,367,367.47619047619037
1,231,368,367.5238095238093
1,232,368,367.6190476190475
1,233,367,367.4285714285712
1,234,367,366.9523809523808
1,235,367,366.95238095238085
1,236,367,367.3333333333333
1,237,368,367.6666666666665
1,238,368,367.9523809523809
1,239,368,367.99999999999983
1,240,368,368.04761904761887
1,241,368,368.4285714285712
1,242,369,368.61904761904754
1,243,369,368.7142857142856
1,244,368,368.38095238095207
1,245,368,367.61904761904736
1,246,367,367.28571428571416
1,247,367,367.38095238095224
1,248,368,367.5714285714284
1,249,368,367.9523809523809
1,250,368,368.0952380952378
1,251,368,367.9999999999997
1,252,368,367.9999999999997
1,253,368,368.00000000000017
1,254,368,367.99999999999994
1,255,368,367.9999999999999
1,256,368,368.3333333333333
1,257,368,367.9523809523808
1,258,368,367.9523809523808
1,259,368,368.33333333333314
1,260,369,368.7619047619045
1,261,369,368.90476190476176
1,262,369,368.6666666666666
1,263,368,368.3809523809522
1,264,368,368.47619047619037
1,265,369,368.5238095238093
1,266,369,368.6190476190474
1,267,368,368.4285714285713
1,268,368,367.9523809523808
1,269,368,367.9523809523808
1,270,368,368.33333333333314
1,271,369,368.6666666666664
1,272,369,368.9523809523808
1,273,369,369.0952380952378
1,274,369,368.9999999999999
1,275,369,368.9999999999999
1,276,369,368.9999999999999
1,277,369,369.09523809523796
1,278,369,368.95238095238074
1,279,369,368.5714285714283
1,280,368,368.3809523809522
1,281,368,368.3809523809522
1,282,369,368.5714285714283
1,283,369,368.9523809523808
1,284,369,369.0952380952378
1,285,369,369.09523809523796
1,286,369,368.95238095238074
1,287,369,368.6666666666666
1,288,368,368.3333333333333
1,289,368,368.04761904761887
1,290,368,367.90476190476164
1,291,368,367.90476190476176
1,292,368,368.04761904761887
1,293,368,368.4285714285712
1,294,369,368.61904761904754
1,295,369,368.52380952380946
1,296,368,368.5714285714283
1,297,368,368.33333333333314
1,298,369,368.23809523809507
1,299,368,368.28571428571416
1,300,368,368.142857142857
1,301,368,367.90476190476164
1,302,368,367.9999999999997
1,303,368,367.9999999999997
1,304,368,367.9999999999997
1,305,368,367.9999999999997
1,306,368,367.9999999999997
1,307,368,367.9999999999997
1,308,368,367.9999999999997
1,309,368,367.9999999999997
1,310,368,367.9999999999997
1,311,368,367.9999999999997
1,312,368,367.9999999999997
1,313,368,367.9999999999997
1,314,368,367.9999999999997
1,315,368,367.9999999999997
1,316,368,367.9999999999997
1,317,368,367.90476190476176
1,318,368,368.04761904761887
1,319,368,368.4285714285712
1,320,369,368.61904761904754
1,321,369,368.6190476190474
1,322,368,368.4285714285713
1,323,368,368.04761904761887
1,324,368,367.90476190476164
1,325,368,367.9999999999997
1,326,368,367.9999999999997
1,327,368,367.9999999999997
1,328,368,367.9999999999997
1,329,368,367.9999999999997
1,330,368,367.9999999999997
1,331,368,367.9999999999997
1,332,368,367.9999999999997
1,333,368,367.9999999999997
1,334,368,367.9999999999997
1,335,368,367.9999999999997
1,336,368,367.9999999999997
1,337,368,367.9999999999997
1,338,368,367.9999999999997
1,339,368,367.9999999999997
1,340,368,367.9999999999997
1,341,368,367.9999999999997
1,342,368,367.90476190476176
1,343,368,368.04761904761887
1,344,368,368.4285714285712
1,345,369,368.61904761904754
1,346,369,368.52380952380946
1,347,368,368.47619047619025
1,348,368,368.47619047619037
1,349,369,368.5238095238093
1,350,369,368.52380952380946
1,351,368,368.47619047619025
1,352,368,368.3809523809522
1,353,369,368.5714285714283
1,354,369,368.9523809523808
1,355,369,369.0952380952378
1,356,369,368.9999999999999
1,357,369,368.9999999999999
1,358,369,369.09523809523796
1,359,369,368.8571428571426
1,360,369,368.7142857142856
1,361,368,368.7619047619047
1,362,369,368.6666666666666
1,363,369,368.42857142857105
1,364,368,368.47619047619025
1,365,368,368.3809523809522
1,366,369,368.5714285714283
1,367,369,368.9523809523808
1,368,369,369.0952380952378
1,369,369,368.9999999999999
1,370,369,368.9999999999999
1,371,369,369.09523809523796
1,372,369,368.95238095238074
1,373,369,368.5714285714283
1,374,368,368.3809523809522
1,375,368,368.47619047619037
1,376,369,368.5238095238093
1,377,369,368.52380952380946
1,378,368,368.47619047619025
1,379,368,368.3809523809522
1,380,369,368.6666666666666
1,381,369,368.90476190476176
1,382,369,368.6666666666666
1,383,368,368.3809523809522
1,384,368,368.3809523809522
1,385,369,368.5714285714283
1,386,369,369.04761904761887
1,387,369,369.04761904761887
1,388,369,368.6666666666666
1,389,368,368.3333333333333
1,390,368,368.04761904761887
1,391,368,367.90476190476164
1,392,368,367.9999999999997
1,393,368,367.9999999999997
1,394,368,367.90476190476176
1,395,368,368.04761904761887
1,396,368,368.4285714285712
1,397,369,368.61904761904754
1,398,369,368.6190476190474
1,399,368,368.3333333333333
1,400,368,368.09523809523796
1,401,368,368.4285714285712
1,402,369,368.5714285714283
1,403,369,368.190476190476
1,404,367,367.80952380952357
1,405,367,367.42857142857133
1,406,368,367.4761904761903
1,407,368,367.9523809523809
1,408,368,368.0952380952378
1,409,368,368.09523809523796
1,410,368,367.95238095238085
1,411,368,367.57142857142844
1,412,367,367.38095238095224
1,413,367,367.38095238095224
1,414,368,367.5714285714284
1,415,368,367.9523809523809
1,416,368,368.0952380952378
1,417,368,367.9999999999997
1,418,368,367.9999999999997
1,419,368,368.09523809523796
1,420,368,367.8571428571428
1,421,368,367.7142857142855
1,422,367,367.6666666666664
1,423,368,367.7142857142855
1,424,368,367.85714285714266
1,425,368,368.0952380952378
1,426,368,367.9999999999997
1,427,368,367.9999999999997
1,428,368,367.9999999999997
1,429,368,367.9999999999997
1,430,368,367.9999999999997
1,431,368,367.9999999999997
1,432,368,367.9999999999997
1,433,368,367.9999999999997
1,434,368,367.9999999999997
1,435,368,367.9999999999997
1,436,368,367.9999999999997
1,437,368,367.9999999999997
1,438,368,367.9999999999997
1,439,368,367.9999999999997
1,440,368,367.9999999999997
1,441,368,367.9999999999997
1,442,368,367.9999999999997
1,443,368,367.9999999999997
1,444,368,367.9999999999997
1,445,368,367.9999999999997
1,446,368,367.9999999999997
1,447,368,367.9999999999997
1,448,368,367.9999999999997
1,449,368,367.9999999999997
1,450,368,367.9999999999997
1,451,368,367.9999999999997
1,452,368,367.9999999999997
1,453,368,367.9999999999997
1,454,368,367.9999999999997
1,455,368,367.9999999999997
1,456,368,367.90476190476176
1,457,368,368.04761904761887
1,458,368,368.4285714285712
1,459,369,368.61904761904754
1,460,369,368.52380952380946
1,461,368,368.47619047619025
1,462,368,368.3809523809522
1,463,369,368.5714285714283
1,464,369,369.04761904761887
1,465,369,369.04761904761887
1,466,369,368.6666666666666
1,467,368,368.3333333333333
1,468,368,368.04761904761887
1,469,368,367.90476190476164
1,470,368,367.9999999999997
1,471,368,367.9999999999997
1,472,368,367.9999999999997
1,473,368,367.9999999999997
1,474,368,367.9999999999997
1,475,368,367.90476190476176
1,476,368,368.04761904761887
1,477,368,368.33333333333314
1,478,369,368.6666666666664
1,479,369,368.9523809523808
1,480,369,369.0952380952378
1,481,369,368.90476190476176
1,482,369,369.047619047619
1,483,369,369.4285714285714
1,484,370,369.61904761904754
1,485,370,369.61904761904754
1,486,369,369.42857142857116
1,487,369,369.04761904761887
1,488,369,368.90476190476176
1,489,369,368.9999999999999
1,490,369,369.09523809523796
1,491,369,368.95238095238074
1,492,369,368.5714285714283
1,493,368,368.3809523809522
1,494,368,368.47619047619037
1,495,369,368.5238095238093
1,496,369,368.6190476190474
1,497,368,368.4285714285713
1,498,368,367.9523809523808
1,499,368,367.9523809523808
1,500,368,368.33333333333314
1,501,369,368.6666666666664
1,502,369,369.04761904761887
1,503,369,369.04761904761887
1,504,369,368.6666666666666
1,505,368,368.3333333333333
1,506,368,368.04761904761887
1,507,368,367.90476190476164
1,508,368,367.9999999999997
1,509,368,368.00000000000017
1,510,368,367.99999999999994
1,511,368,367.9999999999999
1,512,368,368.3809523809522
1,513,368,368.47619047619037
1,514,369,368.5238095238093
1,515,369,368.6190476190474
1,516,368,368.4285714285713
1,517,368,368.04761904761887
1,518,368,367.90476190476164
1,519,368,367.9999999999997
1,520,368,367.9999999999997
1,521,368,367.9999999999997
1,522,368,367.9999999999997
1,523,368,367.9999999999997
1,524,368,367.9999999999997
1,525,368,367.9999999999997
1,526,368,367.9999999999997
1,527,368,367.9999999999997
1,528,368,367.9999999999997
1,529,368,367.9999999999997
1,530,368,367.9999999999997
1,531,368,367.9999999999997
1,532,368,368.09523809523796
1,533,368,367.95238095238085
1,534,368,367.57142857142844
1,535,367,367.38095238095224
1,536,367,367.38095238095224
1,537,368,367.5714285714284
1,538,368,367.9523809523809
1,539,368,368.0952380952378
1,540,368,367.9999999999997
1,541,368,367.9999999999997
1,542,368,367.9999999999997
1,543,368,367.9999999999997
1,544,368,367.9999999999997
1,545,368,367.9999999999997
1,546,368,367.9999999999997
1,547,368,367.9999999999997
1,548,368,367.9999999999997
1,549,368,367.9999999999997
1,550,368,367.9999999999997
1,551,368,367.9999999999997
1,552,368,367.9999999999997
1,553,368,367.9999999999997
1,554,368,368.09523809523796
1,555,368,367.95238095238085
1,556,368,367.95238095238085
1,557,367,367.19047619047603
1,558,367,365.66666666666663
1,559,364,365.09523809523785
1,560,364,365.4761904761903
1,561,368,366.38095238095224
1,562,368,367.8095238095238
1,563,368,368.38095238095224
1,564,368,367.9999999999997
1,565,368,367.9999999999997
1,566,368,367.9999999999997
1,567,368,367.9999999999997
1,568,368,367.9999999999997
1,569,368,367.9999999999997
1,570,368,367.90476190476176
1,571,368,368.04761904761887
1,572,368,368.4285714285712
1,573,369,368.61904761904754
1,574,369,368.52380952380946
1,575,368,368.47619047619025
1,576,368,368.3809523809522
1,577,369,368.5714285714283
1,578,369,368.9523809523808
1,579,369,369.0952380952378
1,580,369,368.9999999999999
1,581,369,368.9999999999999
1,582,369,368.9999999999999
1,583,369,369.09523809523796
1,584,369,368.95238095238074
1,585,369,368.5714285714283
1,586,368,368.3809523809522
1,587,368,368.3809523809522
1,588,369,368.5714285714283
1,589,369,368.9523809523808
1,590,369,369.0952380952378
1,591,369,368.9999999999999
1,592,369,368.9999999999999
1,593,369,369.09523809523796
1,594,369,368.95238095238074
1,595,369,368.5714285714283
1,596,368,368.3809523809522
1,597,368,368.3809523809522
1,598,369,368.6666666666666
1,599,369,368.90476190476176
1,600,369,368.76190476190453
1,601,368,368.3333333333333
1,602,368,368.04761904761887
1,603,368,367.90476190476164
1,604,368,367.9999999999997
1,605,368,367.9999999999997
1,606,368,367.9999999999997
1,607,368,367.9999999999997
1,608,368,367.9999999999997
1,609,368,367.9999999999997
1,610,368,367.9999999999997
1,611,368,367.9999999999997
1,612,368,367.9999999999997
1,613,368,367.9999999999997
1,614,368,368.09523809523796
1,615,368,367.8571428571428
1,616,368,367.7142857142855
1,617,367,367.76190476190465
1,618,368,367.6666666666666
1,619,368,367.52380952380935
1,620,367,367.4285714285712
1,621,367,366.9523809523808
1,622,367,366.95238095238085
1,623,367,367.4285714285712
1,624,368,367.61904761904754
1,625,368,367.6190476190475
1,626,367,367.4285714285712
1,627,367,366.9523809523808
1,628,367,366.95238095238085
1,629,367,367.4285714285712
1,630,368,367.61904761904754
1,631,368,367.6190476190475
1,632,367,367.4285714285712
1,633,367,366.9523809523808
1,634,367,366.95238095238085
1,635,367,367.4285714285712
1,636,368,367.61904761904754
1,637,368,367.6190476190475
1,638,367,367.4285714285712
1,639,367,366.9523809523808
1,640,367,366.95238095238085
1,641,367,367.4285714285712
1,642,368,367.61904761904754
1,643,368,367.52380952380935
1,644,367,367.4761904761903
1,645,367,367.38095238095224
1,646,368,367.5714285714284
1,647,368,367.9523809523809
1,648,368,368.0952380952378
1,649,368,367.9999999999997
1,650,368,367.9999999999997
1,651,368,367.9999999999997
1,652,368,368.09523809523796
1,653,368,367.95238095238085
1,654,368,367.57142857142844
1,655,367,367.38095238095224
1,656,367,367.38095238095224
1,657,368,367.5714285714284
1,658,368,367.9523809523809
1,659,368,368.0952380952378
1,660,368,368.09523809523796
1,661,368,367.95238095238085
1,662,368,367.6666666666665
1,663,367,367.3333333333333
1,664,367,367.047619047619
1,665,367,366.8095238095236
1,666,367,367.047619047619
1,667,367,367.3333333333333
1,668,368,367.6666666666665
1,669,368,367.9523809523809
1,670,368,368.0952380952378
1,671,368,367.9999999999997
1,672,368,367.9999999999997
1,673,368,367.9999999999997
1,674,368,367.9999999999997
1,675,368,367.9999999999997
1,676,368,367.9999999999997
1,677,368,367.9999999999997
1,678,368,367.9999999999997
1,679,368,368.09523809523796
1,680,368,367.95238095238085
1,681,368,367.57142857142844
1,682,367,367.38095238095224
1,683,367,367.38095238095224
1,684,368,367.5714285714284
1,685,368,367.9523809523809
1,686,368,368.0952380952378
1,687,368,367.9999999999997
1,688,368,368.09523809523796
1,689,368,367.95238095238085
1,690,368,367.57142857142844
1,691,367,367.38095238095224
1,692,367,367.47619047619037
1,693,368,367.5238095238093
1,694,368,367.6190476190475
1,695,367,367.4285714285712
1,696,367,367.047619047619
1,697,367,366.9047619047617
1,698,367,366.90476190476176
1,699,367,367.047619047619
1,700,367,367.4285714285712
1,701,368,367.61904761904754
1,702,368,367.52380952380935
1,703,367,367.4761904761903
1,704,367,367.47619047619037
1,705,368,367.5238095238093
1,706,368,367.6190476190475
1,707,367,367.4285714285712
1,708,367,367.047619047619
1,709,367,366.9047619047617
1,710,367,366.9999999999997
1,711,367,366.9999999999997
1,712,367,366.9999999999997
1,713,367,366.9999999999997
1,714,367,366.9999999999997
1,715,367,366.9999999999997
1,716,367,366.9999999999997
1,717,367,366.9999999999997
1,718,367,366.9999999999997
1,719,367,366.90476190476176
1,720,367,367.047619047619
1,721,367,367.4285714285712
1,722,368,367.61904761904754
1,723,368,367.52380952380935
1,724,367,367.4761904761903
1,725,367,367.38095238095224
1,726,368,367.5714285714284
1,727,368,368.04761904761875
1,728,368,367.9523809523808
1,729,368,367.7142857142855
1,730,367,367.76190476190465
1,731,368,367.6666666666666
1,732,368,367.4285714285712
1,733,367,367.4761904761903
1,734,367,367.38095238095224
1,735,368,367.5714285714284
1,736,368,368.04761904761875
1,737,368,368.04761904761887
1,738,368,367.6666666666665
1,739,367,367.3333333333333
1,740,367,366.9523809523808
1,741,367,366.95238095238085
1,742,367,367.4285714285712
1,743,368,367.61904761904754
1,744,368,367.52380952380935
1,745,367,367.4761904761903
1,746,367,367.38095238095224
1,747,368,367.5714285714284
1,748,368,368.04761904761875
1,749,368,368.04761904761887
1,750,368,367.6666666666665
1,751,367,367.2380952380951
1,752,367,367.095238095238
1,753,367,367.23809523809507
1,754,368,367.6666666666665
1,755,368,368.04761904761875
1,756,368,368.04761904761887
1,757,368,367.6666666666665
1,758,367,367.3333333333333
1,759,367,367.047619047619
1,760,367,366.9047619047617
1,761,367,366.9999999999997
1,762,367,366.9999999999997
1,763,367,366.9999999999997
1,764,367,366.9999999999997
1,765,367,367.00000000000017
1,766,367,366.9999999999999
1,767,367,367.00000000000006
1,768,368,368.3333333333333
1,769,368,368.142857142857
1,770,368,367.76190476190465
1,771,368,367.7142857142855
1,772,367,367.76190476190465
1,773,368,367.6666666666666
1,774,368,367.4285714285712
1,775,367,367.4761904761903
1,776,367,367.47619047619037
1,777,368,367.5238095238093
1,778,368,367.52380952380935
1,779,367,367.4761904761903
1,780,367,367.47619047619037
1,781,368,367.5238095238093
1,782,368,367.52380952380935
1,783,367,367.4761904761903
1,784,367,367.47619047619037
1,785,368,367.5238095238093
1,786,368,367.6190476190475
1,787,367,367.4285714285712
1,788,367,366.9523809523808
1,789,367,366.95238095238085
1,790,367,367.4285714285712
1,791,368,367.61904761904754
1,792,368,367.6190476190475
1,793,367,367.3333333333332
1,794,367,367.095238095238
1,795,367,367.23809523809507
1,796,368,367.6666666666665
1,797,368,368.04761904761875
1,798,368,368.04761904761887
1,799,368,367.57142857142844
1,800,367,367.38095238095224
1,801,367,367.47619047619037
1,802,368,367.5238095238093
1,803,368,367.52380952380935
1,804,367,367.4761904761903
1,805,367,367.38095238095224
1,806,368,367.5714285714284
1,807,368,367.9523809523809
1,808,368,368.0952380952378
1,809,368,368.09523809523796
1,810,368,367.95238095238085
1,811,368,367.6666666666665
1,812,367,367.3333333333333
1,813,367,366.9523809523808
1,814,367,367.04761904761887
1,815,367,367.2857142857141
1,816,368,367.2380952380951
1,817,367,367.3333333333332
1,818,367,367.47619047619025
1,819,368,367.5714285714284
1,820,368,367.9523809523809
1,821,368,368.0952380952378
1,822,368,367.9999999999997
1,823,368,367.9999999999997
1,824,368,367.9999999999997
1,825,368,367.9999999999997
1,826,368,367.9999999999997
1,827,368,367.9999999999997
1,828,368,367.9999999999997
1,829,368,367.9999999999997
1,830,368,368.09523809523796
1,831,368,367.95238095238085
1,832,368,367.57142857142844
1,833,367,367.38095238095224
1,834,367,367.38095238095224
1,835,368,367.5714285714284
1,836,368,367.9523809523809
1,837,368,368.19047619047603
1,838,368,367.95238095238085
1,839,368,367.57142857142844
1,840,367,367.38095238095224
1,841,367,367.38095238095224
1,842,368,367.5714285714284
1,843,368,368.04761904761875
1,844,368,368.04761904761887
1,845,368,367.57142857142844
1,846,367,367.38095238095224
1,847,367,367.38095238095224
1,848,368,367.5714285714284
1,849,368,367.9523809523809
1,850,368,368.19047619047603
1,851,368,367.95238095238085
1,852,368,367.6666666666665
1,853,367,367.3333333333333
1,854,367,367.047619047619
1,855,367,366.9047619047617
1,856,367,366.9999999999997
1,857,367,366.90476190476176
1,858,367,367.047619047619
1,859,367,367.3333333333333
1,860,368,367.6666666666665
1,861,368,367.9523809523809
1,862,368,368.0952380952378
1,863,368,368.09523809523796
1,864,368,367.95238095238085
1,865,368,367.57142857142844
1,866,367,367.38095238095224
1,867,367,367.2857142857141
1,868,368,367.61904761904754
1,869,368,368.3809523809522
1,870,369,368.71428571428555
1,871,369,368.52380952380946
1,872,368,368.47619047619025
1,873,368,368.3809523809522
1,874,369,368.5714285714283
1,875,369,368.9523809523808
1,876,369,369.190476190476
1,877,369,368.95238095238074
1,878,369,368.5714285714283
1,879,368,368.3809523809522
1,880,368,368.3809523809522
1,881,369,368.5714285714283
1,882,369,368.9523809523808
1,883,369,369.0952380952378
1,884,369,368.90476190476176
1,885,369,369.047619047619
1,886,369,369.4285714285714
1,887,370,369.61904761904754
1,888,370,369.61904761904754
1,889,369,369.42857142857116
1,890,369,369.04761904761887
1,891,369,368.90476190476176
1,892,369,368.9999999999999
1,893,369,368.9999999999999
1,894,369,368.9999999999999
1,895,369,368.9999999999999
1,896,369,368.9999999999999
1,897,369,368.9999999999999
1,898,369,368.9999999999999
1,899,369,368.9999999999999
1,900,369,368.9999999999999
1,901,369,368.9999999999999
1,902,369,368.9999999999999
1,903,369,368.9999999999999
1,904,369,368.9999999999999
1,905,369,368.9999999999999
1,906,369,368.9999999999999
1,907,369,368.9999999999999
1,908,369,368.9999999999999
1,909,369,368.9999999999999
1,910,369,368.9999999999999
1,911,369,368.9999999999999
1,912,369,368.9999999999999
1,913,369,368.9999999999999
1,914,369,368.9999999999999
1,915,369,368.90476190476176
1,916,369,369.047619047619
1,917,369,369.52380952380935
1,918,370,369.5714285714283
1,919,370,369.28571428571416
1,920,368,368.76190476190453
1,921,368,368.09523809523796
1,922,368,367.8095238095238
1,923,368,367.9999999999997
1,924,368,367.9999999999997
1,925,368,367.9999999999997
1,926,368,367.9999999999997
1,927,368,367.9999999999997
1,928,368,367.9999999999997
1,929,368,367.9999999999997
1,930,368,367.9999999999997
1,931,368,367.9999999999997
1,932,368,367.9999999999997
1,933,368,367.9999999999997
1,934,368,367.9999999999997
1,935,368,367.9999999999997
1,936,368,367.9999999999997
1,937,368,367.9999999999997
1,938,368,367.9999999999997
1,939,368,367.9999999999997
1,940,368,367.9999999999997
1,941,368,367.9999999999997
1,942,368,367.9999999999997
1,943,368,368.09523809523796
1,944,368,367.95238095238085
1,945,368,367.6666666666665
1,946,367,367.3333333333333
1,947,367,366.9523809523808
1,948,367,366.95238095238085
1,949,367,367.4285714285712
1,950,368,367.61904761904754
1,951,368,367.52380952380935
1,952,367,367.4761904761903
1,953,367,367.38095238095224
1,954,368,367.5714285714284
1,955,368,367.9523809523809
1,956,368,368.0952380952378
1,957,368,367.9999999999997
1,958,368,367.9999999999997
1,959,368,367.9999999999997
1,960,368,367.9999999999997
1,961,368,367.9999999999997
1,962,368,367.9999999999997
1,963,368,367.9999999999997
1,964,368,367.9999999999997
1,965,368,367.9999999999997
1,966,368,367.9999999999997
1,967,368,367.90476190476176
1,968,368,368.04761904761887
1,969,368,368.33333333333314
1,970,369,368.6666666666664
1,971,369,368.9523809523808
1,972,369,369.0952380952378
1,973,369,368.9999999999999
1,974,369,368.9999999999999
1,975,369,368.9999999999999
1,976,369,368.9999999999999
1,977,369,368.9999999999999
1,978,369,368.9999999999999
1,979,369,368.9999999999999
1,980,369,368.9999999999999
1,981,369,368.9999999999999
1,982,369,368.9999999999999
1,983,369,368.90476190476176
1,984,369,369.047619047619
1,985,369,369.52380952380935
1,986,370,369.47619047619025
1,987,370,369.33333333333326
1,988,368,368.9999999999999
1,989,369,368.8095238095235
1,990,369,369.1904761904759
1,991,370,369.7142857142857
1,992,370,369.61904761904754
1,993,369,369.42857142857116
1,994,369,368.9523809523808
1,995,369,368.9523809523808
1,996,369,369.4285714285714
1,997,370,369.61904761904754
1,998,370,369.61904761904754
1,999,369,369.42857142857116
1,1000,369,369.04761904761887
1,1001,369,368.90476190476176
1,1002,369,368.9999999999999
1,1003,369,368.9999999999999
1,1004,369,368.9999999999999
1,1005,369,368.9999999999999
1,1006,369,368.9999999999999
1,1007,369,368.9999999999999
1,1008,369,368.9999999999999
1,1009,369,368.9999999999999
1,1010,369,368.9999999999999
1,1011,369,368.9999999999999
1,1012,369,368.9999999999999
1,1013,369,368.9999999999999
1,1014,369,368.9999999999999
1,1015,369,368.9999999999999
1,1016,369,368.9999999999999
1,1017,369,368.9999999999999
1,1018,369,368.9999999999999
1,1019,369,368.9999999999999
1,1020,369,369.09523809523796
1,1021,369,369.00000000000017
1,1022,369,368.742857142857
1,1023,368,368.05
1,1024,368,368.3333333333333
1,1025,368,368.04761904761887
1,1026,368,367.90476190476164
1,1027,368,367.9999999999997
1,1028,368,367.9999999999997
1,1029,368,367.9999999999997
1,1030,368,367.9999999999997
1,1031,368,367.9999999999997
1,1032,368,367.9999999999997
1,1033,368,367.9999999999997
1,1034,368,367.9999999999997
1,1035,368,367.9999999999997
1,1036,368,367.9999999999997
1,1037,368,367.9999999999997
1,1038,368,367.9999999999997
1,1039,368,368.09523809523796
1,1040,368,367.95238095238085
1,1041,368,367.57142857142844
1,1042,367,367.4761904761903
1,1043,367,367.3333333333332
1,1044,368,367.142857142857
1,1045,367,367.3333333333332
1,1046,367,367.47619047619025
1,1047,368,367.5714285714284
1,1048,368,368.04761904761875
1,1049,368,368.04761904761887
1,1050,368,367.6666666666665
1,1051,367,367.3333333333333
1,1052,367,366.9523809523808
1,1053,367,366.95238095238085
1,1054,367,367.3333333333333
1,1055,368,367.6666666666665
1,1056,368,367.9523809523809
1,1057,368,368.0952380952378
1,1058,368,368.09523809523796
1,1059,368,367.95238095238085
1,1060,368,367.57142857142844
1,1061,367,367.38095238095224
1,1062,367,367.38095238095224
1,1063,368,367.6666666666666
1,1064,368,367.90476190476176
1,1065,368,367.76190476190453
1,1066,367,367.3333333333333
1,1067,367,367.047619047619
1,1068,367,366.9047619047617
1,1069,367,366.9999999999997
1,1070,367,366.9999999999997
1,1071,367,366.90476190476176
1,1072,367,367.047619047619
1,1073,367,367.4285714285712
1,1074,368,367.61904761904754
1,1075,368,367.52380952380935
1,1076,367,367.4761904761903
1,1077,367,367.47619047619037
1,1078,368,367.5238095238093
1,1079,368,367.6190476190475
1,1080,367,367.4285714285712
1,1081,367,366.9523809523808
1,1082,367,366.95238095238085
1,1083,367,367.3333333333333
1,1084,368,367.6666666666665
1,1085,368,367.9523809523809
1,1086,368,368.0952380952378
1,1087,368,367.90476190476176
1,1088,368,368.04761904761887
1,1089,368,368.33333333333314
1,1090,369,368.6666666666664
1,1091,369,369.04761904761887
1,1092,369,369.04761904761887
1,1093,369,368.47619047619025
1,1094,368,368.4285714285712
1,1095,368,368.8095238095236
1,1096,370,369.1904761904762
1,1097,370,369.57142857142844
1,1098,369,369.52380952380935
1,1099,369,369.04761904761887
1,1100,369,368.8095238095236
1,1101,369,369.047619047619
1,1102,369,369.4285714285714
1,1103,370,369.61904761904754
1,1104,370,369.61904761904754
1,1105,369,369.42857142857116
1,1106,369,369.04761904761887
1,1107,369,368.90476190476176
1,1108,369,368.9999999999999
1,1109,369,368.9999999999999
1,1110,369,368.9999999999999
1,1111,369,368.9999999999999
1,1112,369,368.90476190476176
1,1113,369,369.047619047619
1,1114,369,369.4285714285714
1,1115,370,369.61904761904754
1,1116,370,369.61904761904754
1,1117,369,369.42857142857116
1,1118,369,369.04761904761887
1,1119,369,368.90476190476176
1,1120,369,368.9999999999999
1,1121,369,368.90476190476176
1,1122,369,369.047619047619
1,1123,369,369.4285714285714
1,1124,370,369.61904761904754
1,1125,370,369.61904761904754
1,1126,369,369.42857142857116
1,1127,369,369.04761904761887
1,1128,369,368.90476190476176
1,1129,369,368.9999999999999
1,1130,369,368.9999999999999
1,1131,369,368.9999999999999
1,1132,369,368.9999999999999
1,1133,369,368.90476190476176
1,1134,369,369.047619047619
1,1135,369,369.4285714285714
1,1136,370,369.61904761904754
1,1137,370,369.61904761904754
1,1138,369,369.42857142857116
1,1139,369,369.04761904761887
1,1140,369,368.90476190476176
1,1141,369,368.9999999999999
1,1142,369,369.09523809523796
1,1143,369,368.95238095238074
1,1144,369,368.6666666666666
1,1145,368,368.3333333333333
1,1146,368,367.9523809523808
1,1147,368,367.9523809523808
1,1148,368,368.33333333333314
1,1149,369,368.6666666666664
1,1150,369,368.9523809523808
1,1151,369,369.0952380952378
1,1152,369,368.9999999999999
1,1153,369,368.9999999999999
1,1154,369,369.09523809523796
1,1155,369,368.95238095238074
1,1156,369,368.6666666666666
1,1157,368,368.3333333333333
1,1158,368,368.04761904761887
1,1159,368,367.90476190476164
1,1160,368,367.90476190476176
1,1161,368,368.142857142857
1,1162,368,368.28571428571405
1,1163,369,368.33333333333314
1,1164,368,368.28571428571416
1,1165,368,368.142857142857
1,1166,368,367.90476190476164
1,1167,368,367.9999999999997
1,1168,368,367.9999999999997
1,1169,368,367.9999999999997
1,1170,368,367.9999999999997
1,1171,368,367.9999999999997
1,1172,368,367.9999999999997
1,1173,368,367.9999999999997
1,1174,368,367.9999999999997
1,1175,368,367.9999999999997
1,1176,368,367.9999999999997
1,1177,368,367.90476190476176
1,1178,368,368.04761904761887
1,1179,368,368.4285714285712
1,1180,369,368.61904761904754
1,1181,369,368.6190476190474
1,1182,368,368.4285714285713
1,1183,368,368.04761904761887
1,1184,368,367.90476190476164
1,1185,368,367.9999999999997
1,1186,368,367.9999999999997
1,1187,368,367.9999999999997
1,1188,368,367.90476190476176
1,1189,368,368.04761904761887
1,1190,368,368.4285714285712
1,1191,369,368.61904761904754
1,1192,369,368.52380952380946
1,1193,368,368.47619047619025
1,1194,368,368.3809523809522
1,1195,369,368.5714285714283
1,1196,369,369.04761904761887
1,1197,369,369.04761904761887
1,1198,369,368.5714285714283
1,1199,368,368.3809523809522
1,1200,368,368.3809523809522
1,1201,369,368.5714285714283
1,1202,369,369.04761904761887
1,1203,369,368.9523809523807
1,1204,369,368.7142857142856
1,1205,368,368.6666666666666
1,1206,369,368.7142857142855
1,1207,369,368.9523809523809
1,1208,369,369.04761904761887
1,1209,369,368.5714285714283
1,1210,368,368.3809523809522
1,1211,368,368.3809523809522
1,1212,369,368.5714285714283
1,1213,369,368.9523809523808
1,1214,369,369.0952380952378
1,1215,369,368.9999999999999
1,1216,369,368.9999999999999
1,1217,369,368.9999999999999
1,1218,369,368.9999999999999
1,1219,369,368.9999999999999
1,1220,369,368.9999999999999
1,1221,369,368.9999999999999
1,1222,369,368.9999999999999
1,1223,369,368.9999999999999
1,1224,369,368.9999999999999
1,1225,369,368.9999999999999
1,1226,369,368.9999999999999
1,1227,369,368.9999999999999
1,1228,369,368.9999999999999
1,1229,369,368.9999999999999
1,1230,369,368.9999999999999
1,1231,369,368.9999999999999
1,1232,369,368.9999999999999
1,1233,369,368.9999999999999
1,1234,369,368.9999999999999
1,1235,369,368.9999999999999
1,1236,369,368.9999999999999
1,1237,369,368.9999999999999
1,1238,369,368.90476190476176
1,1239,369,369.14285714285694
1,1240,369,369.28571428571416
1,1241,370,369.33333333333314
1,1242,369,369.28571428571416
1,1243,369,369.14285714285694
1,1244,369,368.90476190476176
1,1245,369,368.9999999999999
1,1246,369,368.9999999999999
1,1247,369,368.9999999999999
1,1248,369,368.9999999999999
1,1249,369,368.9999999999999
1,1250,369,368.9999999999999
1,1251,369,368.9999999999999
1,1252,369,368.9999999999999
1,1253,369,368.9999999999999
1,1254,369,368.9999999999999
1,1255,369,368.9999999999999
1,1256,369,368.9999999999999
1,1257,369,368.9999999999999
1,1258,369,368.9999999999999
1,1259,369,368.9999999999999
1,1260,369,368.9999999999999
1,1261,369,368.9999999999999
1,1262,369,368.9999999999999
1,1263,369,368.9999999999999
1,1264,369,368.9999999999999
1,1265,369,368.9999999999999
1,1266,369,369.09523809523796
1,1267,369,368.95238095238074
1,1268,369,368.6666666666666
1,1269,368,368.3333333333333
1,1270,368,368.04761904761887
1,1271,368,367.90476190476164
1,1272,368,367.9999999999997
1,1273,368,367.9999999999997
1,1274,368,367.9999999999997
1,1275,368,367.9999999999997
1,1276,368,367.9999999999997
1,1277,368,368.00000000000017
1,1278,368,367.99999999999994
1,1279,368,367.9999999999999
1,1280,368,368.3333333333333
1,1281,368,367.9523809523808
1,1282,368,367.9523809523808
1,1283,368,368.4285714285712
1,1284,369,368.61904761904754
1,1285,369,368.52380952380946
1,1286,368,368.47619047619025
1,1287,368,368.47619047619037
1,1288,369,368.5238095238093
1,1289,369,368.6190476190474
1,1290,368,368.4285714285713
1,1291,368,368.04761904761887
1,1292,368,367.90476190476164
1,1293,368,367.9999999999997
1,1294,368,367.9999999999997
1,1295,368,368.09523809523796
1,1296,368,367.95238095238085
1,1297,368,367.47619047619025
1,1298,367,367.4285714285714
1,1299,367,367.80952380952357
1,1300,369,368.19047619047603
1,1301,369,368.5714285714283
1,1302,368,368.5238095238093
1,1303,368,367.9523809523808
1,1304,368,367.9523809523808
1,1305,368,368.4285714285712
1,1306,369,368.61904761904754
1,1307,369,368.6190476190474
1,1308,368,368.3333333333333
1,1309,368,368.09523809523796
1,1310,368,368.33333333333326
1,1311,369,368.61904761904754
1,1312,369,368.6190476190474
1,1313,368,368.4285714285713
1,1314,368,368.04761904761887
1,1315,368,367.90476190476164
1,1316,368,367.9999999999997
1,1317,368,367.9999999999997
1,1318,368,367.90476190476176
1,1319,368,368.04761904761887
1,1320,368,368.33333333333314
1,1321,369,368.6666666666664
1,1322,369,368.9523809523808
1,1323,369,369.0952380952378
1,1324,369,368.9999999999999
1,1325,369,368.9999999999999
1,1326,369,368.9999999999999
1,1327,369,368.9999999999999
1,1328,369,368.9999999999999
1,1329,369,368.9999999999999
1,1330,369,368.9999999999999
1,1331,369,368.9999999999999
1,1332,369,368.9999999999999
1,1333,369,368.9999999999999
1,1334,369,368.9999999999999
1,1335,369,368.9999999999999
1,1336,369,368.9999999999999
1,1337,369,368.9999999999999
1,1338,369,368.9999999999999
1,1339,369,368.9999999999999
1,1340,369,368.9999999999999
1,1341,369,368.9999999999999
1,1342,369,368.9999999999999
1,1343,369,368.9999999999999
1,1344,369,368.9999999999999
1,1345,369,368.9999999999999
1,1346,369,368.9999999999999
1,1347,369,368.9999999999999
1,1348,369,368.9999999999999
1,1349,369,368.9999999999999
1,1350,369,368.90476190476176
1,1351,369,369.047619047619
1,1352,369,369.4285714285714
1,1353,370,369.61904761904754
1,1354,370,369.61904761904754
1,1355,369,369.42857142857116
1,1356,369,369.04761904761887
1,1357,369,368.90476190476176
1,1358,369,368.90476190476176
1,1359,369,369.047619047619
1,1360,369,369.4285714285714
1,1361,370,369.61904761904754
1,1362,370,369.61904761904754
1,1363,369,369.42857142857116
1,1364,369,369.04761904761887
1,1365,369,368.90476190476176
1,1366,369,368.9999999999999
1,1367,369,368.9999999999999
1,1368,369,368.9999999999999
1,1369,369,369.09523809523796
1,1370,369,368.95238095238074
1,1371,369,368.6666666666666
1,1372,368,368.3333333333333
1,1373,368,368.04761904761887
1,1374,368,367.90476190476164
1,1375,368,367.90476190476176
1,1376,368,368.04761904761887
1,1377,368,368.4285714285712
1,1378,369,368.61904761904754
1,1379,369,368.52380952380946
1,1380,368,368.47619047619025
1,1381,368,368.3809523809522
1,1382,369,368.5714285714283
1,1383,369,368.9523809523808
1,1384,369,369.0952380952378
1,1385,369,369.09523809523796
1,1386,369,368.95238095238074
1,1387,369,368.5714285714283
1,1388,368,368.47619047619025
1,1389,368,368.33333333333314
1,1390,369,368.23809523809507
1,1391,368,368.28571428571416
1,1392,368,368.04761904761887
1,1393,368,367.9523809523808
1,1394,368,368.4285714285712
1,1395,369,368.61904761904754
1,1396,369,368.6190476190474
1,1397,368,368.4285714285713
1,1398,368,368.04761904761887
1,1399,368,367.90476190476164
1,1400,368,367.9999999999997
1,1401,368,367.9999999999997
1,1402,368,367.9999999999997
1,1403,368,367.9999999999997
1,1404,368,367.9999999999997
1,1405,368,367.9999999999997
1,1406,368,367.9999999999997
1,1407,368,367.9999999999997
1,1408,368,367.9999999999997
1,1409,368,367.9999999999997
1,1410,368,367.9999999999997
1,1411,368,367.9999999999997
1,1412,368,367.9999999999997
1,1413,368,367.9999999999997
1,1414,368,367.9999999999997
1,1415,368,367.9999999999997
1,1416,368,367.9999999999997
1,1417,368,367.9999999999997
1,1418,368,367.9999999999997
1,1419,368,367.9999999999997
1,1420,368,367.9999999999997
1,1421,368,367.9999999999997
1,1422,368,367.9999999999997
1,1423,368,367.9999999999997
1,1424,368,367.9999999999997
1,1425,368,367.90476190476176
1,1426,368,368.04761904761887
1,1427,368,368.33333333333314
1,1428,369,368.6666666666664
1,1429,369,369.04761904761887
1,1430,369,369.04761904761887
1,1431,369,368.6666666666666
1,1432,368,368.23809523809507
1,1433,368,368.09523809523796
1,1434,368,368.238095238095
1,1435,369,368.6666666666664
1,1436,369,368.9523809523808
1,1437,369,369.0952380952378
1,1438,369,369.09523809523796
1,1439,369,368.95238095238074
1,1440,369,368.5714285714283
1,1441,368,368.3809523809522
1,1442,368,368.3809523809522
1,1443,369,368.5714285714283
1,1444,369,368.9523809523808
1,1445,369,369.0952380952378
1,1446,369,368.9999999999999
1,1447,369,368.9999999999999
1,1448,369,368.9999999999999
1,1449,369,368.9999999999999
1,1450,369,368.9999999999999
1,1451,369,368.9999999999999
1,1452,369,368.9999999999999
1,1453,369,368.9999999999999
1,1454,369,368.9999999999999
1,1455,369,368.9999999999999
1,1456,369,368.9999999999999
1,1457,369,368.9999999999999
1,1458,369,368.9999999999999
1,1459,369,368.90476190476176
1,1460,369,369.047619047619
1,1461,369,369.3333333333332
1,1462,370,369.76190476190465
1,1463,370,369.90476190476176
1,1464,370,369.7619047619046
1,1465,369,369.33333333333326
1,1466,369,369.04761904761887
1,1467,369,368.90476190476176
1,1468,369,368.9999999999999
1,1469,369,368.9999999999999
1,1470,369,368.9999999999999
1,1471,369,368.9999999999999
1,1472,369,368.9999999999999
1,1473,369,368.9999999999999
1,1474,369,368.9999999999999
1,1475,369,368.90476190476176
1,1476,369,369.047619047619
1,1477,369,369.4285714285714
1,1478,370,369.61904761904754
1,1479,370,369.61904761904754
1,1480,369,369.42857142857116
1,1481,369,369.04761904761887
1,1482,369,368.90476190476176
1,1483,369,368.9999999999999
1,1484,369,368.9999999999999
1,1485,369,368.9999999999999
1,1486,369,369.09523809523796
1,1487,369,368.95238095238074
1,1488,369,368.5714285714283
1,1489,368,368.3809523809522
1,1490,368,368.47619047619037
1,1491,369,368.5238095238093
1,1492,369,368.52380952380946
1,1493,368,368.47619047619025
1,1494,368,368.3809523809522
1,1495,369,368.5714285714283
1,1496,369,368.9523809523808
1,1497,369,369.0952380952378
1,1498,369,368.9999999999999
1,1499,369,368.9999999999999
1,1500,369,369.09523809523796
1,1501,369,368.95238095238074
1,1502,369,368.6666666666666
1,1503,368,368.3333333333333
1,1504,368,368.04761904761887
1,1505,368,367.90476190476164
1,1506,368,367.9999999999997
1,1507,368,367.9999999999997
1,1508,368,367.9999999999997
1,1509,368,367.9999999999997
1,1510,368,367.9999999999997
1,1511,368,367.9999999999997
1,1512,368,367.9999999999997
1,1513,368,367.9999999999997
1,1514,368,367.9999999999997
1,1515,368,367.9999999999997
1,1516,368,367.9999999999997
1,1517,368,367.9999999999997
1,1518,368,367.9999999999997
1,1519,368,367.9999999999997
1,1520,368,367.9999999999997
1,1521,368,367.9999999999997
1,1522,368,367.9999999999997
1,1523,368,367.9999999999997
1,1524,368,367.9999999999997
1,1525,368,367.9999999999997
1,1526,368,367.9999999999997
1,1527,368,367.9999999999997
1,1528,368,367.9999999999997
1,1529,368,367.9999999999997
1,1530,368,367.9999999999997
1,1531,368,367.9999999999997
1,1532,368,367.9999999999997
1,1533,368,368.00000000000017
1,1534,368,367.99999999999994
1,1535,368,367.9999999999999
1,1536,368,368.6666666666666
1,1537,369,368.7142857142855
1,1538,369,368.8571428571426
1,1539,369,369.0952380952378
1,1540,369,368.9999999999999
1,1541,369,368.9999999999999
1,1542,369,368.9999999999999
1,1543,369,368.9999999999999
1,1544,369,368.9999999999999
1,1545,369,368.9999999999999
1,1546,369,368.9999999999999
1,1547,369,368.9999999999999
1,1548,369,368.9999999999999
1,1549,369,368.90476190476176
1,1550,369,369.047619047619
1,1551,369,369.4285714285714
1,1552,370,369.61904761904754
1,1553,370,369.61904761904754
1,1554,369,369.42857142857116
1,1555,369,368.9523809523808
1,1556,369,368.9523809523808
1,1557,369,369.4285714285714
1,1558,370,369.61904761904754
1,1559,370,369.61904761904754
1,1560,369,369.42857142857116
1,1561,369,369.04761904761887
1,1562,369,368.90476190476176
1,1563,369,368.9999999999999
1,1564,369,368.9999999999999
1,1565,369,368.9999999999999
1,1566,369,368.9999999999999
1,1567,369,368.9999999999999
1,1568,369,368.9999999999999
1,1569,369,368.9999999999999
1,1570,369,368.9999999999999
1,1571,369,368.9999999999999
1,1572,369,368.9999999999999
1,1573,369,368.9999999999999
1,1574,369,368.9999999999999
1,1575,369,368.9999999999999
1,1576,369,368.9999999999999
1,1577,369,368.9999999999999
1,1578,369,368.9999999999999
1,1579,369,368.9999999999999
1,1580,369,368.9999999999999
1,1581,369,369.0000000000001
1,1582,369,368.99999999999983
1,1583,369,368.99999999999994
2,0,369,368.61904761904754
2,1,369,368.6190476190474
2,2,368,368.4285714285713
2,3,368,368.142857142857
2,4,368,367.8571428571426
2,5,368,367.57142857142844
2,6,367,367.38095238095224
2,7,367,367.38095238095224
2,8,368,367.5714285714284
2,9,368,368.04761904761875
2,10,368,368.04761904761887
2,11,368,367.6666666666665
2,12,367,367.2380952380951
2,13,367,367.095238095238
2,14,367,367.23809523809507
2,15,368,367.6666666666665
2,16,368,367.9523809523809
2,17,368,368.0952380952378
2,18,368,367.9999999999997
2,19,368,367.9999999999997
2,20,368,367.9999999999997
2,21,368,367.9999999999997
2,22,368,368.09523809523796
2,23,368,367.95238095238085
2,24,368,367.6666666666665
2,25,367,367.3333333333333
2,26,367,366.9523809523808
2,27,367,366.95238095238085
2,28,367,367.3333333333333
2,29,368,367.6666666666665
2,30,368,367.9523809523809
2,31,368,368.0952380952378
2,32,368,368.09523809523796
2,33,368,367.95238095238085
2,34,368,367.6666666666665
2,35,367,367.2380952380951
2,36,367,367.095238095238
2,37,367,367.23809523809507
2,38,368,367.6666666666665
2,39,368,368.04761904761875
2,40,368,368.04761904761887
2,41,368,367.6666666666665
2,42,367,367.3333333333333
2,43,367,367.047619047619
2,44,367,366.8095238095236
2,45,367,367.047619047619
2,46,367,367.3333333333333
2,47,368,367.6666666666665
2,48,368,367.9523809523809
2,49,368,368.0952380952378
2,50,368,367.9999999999997
2,51,368,367.9999999999997
2,52,368,367.9999999999997
2,53,368,367.9999999999997
2,54,368,367.9999999999997
2,55,368,367.9999999999997
2,56,368,367.9999999999997
2,57,368,367.9999999999997
2,58,368,368.09523809523796
2,59,368,367.95238095238085
2,60,368,367.6666666666665
2,61,367,367.3333333333333
2,62,367,367.047619047619
2,63,367,366.9047619047617
2,64,367,366.9999999999997
2,65,367,366.9999999999997
2,66,367,366.9999999999997
2,67,367,366.9999999999997
2,68,367,366.9999999999997
2,69,367,366.9999999999997
2,70,367,366.9999999999997
2,71,367,366.9999999999997
2,72,367,366.90476190476176
2,73,367,367.047619047619
2,74,367,367.3333333333333
2,75,368,367.6666666666665
2,76,368,367.9523809523809
2,77,368,368.0952380952378
2,78,368,367.9999999999997
2,79,368,367.9999999999997
2,80,368,367.9999999999997
2,81,368,367.9999999999997
2,82,368,367.9999999999997
2,83,368,367.90476190476176
2,84,368,368.04761904761887
2,85,368,368.4285714285712
2,86,369,368.61904761904754
2,87,369,368.6190476190474
2,88,368,368.4285714285713
2,89,368,368.04761904761887
2,90,368,367.90476190476164
2,91,368,368.09523809523796
2,92,368,367.95238095238085
2,93,368,367.57142857142844
2,94,367,367.38095238095224
2,95,367,367.38095238095224
2,96,368,367.5714285714284
2,97,368,368.04761904761875
2,98,368,368.04761904761887
2,99,368,367.57142857142844
2,100,367,367.38095238095224
2,101,367,367.2857142857141
2,102,368,367.7142857142855
2,103,368,368.238095238095
2,104,369,368.52380952380935
2,105,368,368.238095238095
2,106,368,367.7142857142856
2,107,367,367.28571428571416
2,108,367,367.38095238095224
2,109,368,367.5714285714284
2,110,368,367.9523809523809
2,111,368,368.0952380952378
2,112,368,367.9999999999997
2,113,368,367.9999999999997
2,114,368,368.09523809523796
2,115,368,367.95238095238085
2,116,368,367.57142857142844
2,117,367,367.38095238095224
2,118,367,367.38095238095224
2,119,368,367.5714285714284
2,120,368,367.9523809523809
2,121,368,368.0952380952378
2,122,368,367.9999999999997
2,123,368,368.09523809523796
2,124,368,367.95238095238085
2,125,368,367.6666666666665
2,126,367,367.3333333333333
2,127,367,367.047619047619
2,128,367,366.9047619047617
2,129,367,366.9999999999997
2,130,367,366.9999999999997
2,131,367,366.90476190476176
2,132,367,367.047619047619
2,133,367,367.4285714285712
2,134,368,367.61904761904754
2,135,368,367.6190476190475
2,136,367,367.4285714285712
2,137,367,366.9523809523808
2,138,367,366.95238095238085
2,139,367,367.3333333333333
2,140,368,367.7619047619047
2,141,368,367.90476190476176
2,142,368,367.6666666666666
2,143,367,367.38095238095224
2,144,367,367.47619047619037
2,145,368,367.5238095238093
2,146,368,367.6190476190475
2,147,367,367.4285714285712
2,148,367,367.047619047619
2,149,367,366.9047619047617
2,150,367,366.9999999999997
2,151,367,366.9999999999997
2,152,367,366.9999999999997
2,153,367,366.9999999999997
2,154,367,366.9999999999997
2,155,367,366.9999999999997
2,156,367,366.9999999999997
2,157,367,366.9999999999997
2,158,367,366.9999999999997
2,159,367,366.9999999999997
2,160,367,366.9999999999997
2,161,367,366.9999999999997
2,162,367,366.9999999999997
2,163,367,366.9999999999997
2,164,367,366.90476190476176
2,165,367,367.142857142857
2,166,367,367.2857142857141
2,167,368,367.2380952380951
2,168,367,367.3333333333332
2,169,367,367.47619047619025
2,170,368,367.5714285714284
2,171,368,367.9523809523809
2,172,368,368.0952380952378
2,173,368,367.9999999999997
2,174,368,367.9999999999997
2,175,368,367.9999999999997
2,176,368,367.9999999999997
2,177,368,368.09523809523796
2,178,368,367.95238095238085
2,179,368,367.57142857142844
2,180,367,367.38095238095224
2,181,367,367.38095238095224
2,182,368,367.5714285714284
2,183,368,367.9523809523809
2,184,368,368.0952380952378
2,185,368,367.9999999999997
2,186,368,367.9999999999997
2,187,368,367.9999999999997
2,188,368,367.9999999999997
2,189,368,367.9999999999997
2,190,368,367.9999999999997
2,191,368,367.9999999999997
2,192,368,367.9999999999997
2,193,368,367.9999999999997
2,194,368,367.9999999999997
2,195,368,367.9999999999997
2,196,368,368.09523809523796
2,197,368,367.95238095238085
2,198,368,367.6666666666665
2,199,367,367.3333333333333
2,200,367,366.9523809523808
2,201,367,366.95238095238085
2,202,367,367.3333333333333
2,203,368,367.6666666666665
2,204,368,367.9523809523809
2,205,368,368.0952380952378
2,206,368,367.9999999999997
2,207,368,367.9999999999997
2,208,368,367.9999999999997
2,209,368,368.09523809523796
2,210,368,367.95238095238085
2,211,368,367.6666666666665
2,212,367,367.3333333333333
2,213,367,366.9523809523808
2,214,367,366.95238095238085
2,215,367,367.4285714285712
2,216,368,367.61904761904754
2,217,368,367.4285714285712
2,218,367,367.52380952380935
2,219,367,367.80952380952357
2,220,369,368.19047619047603
2,221,369,368.6666666666666
2,222,368,368.47619047619037
2,223,368,367.71428571428567
2,224,367,367.23809523809507
2,225,367,366.9523809523808
2,226,367,367.04761904761887
2,227,367,367.2857142857141
2,228,368,367.2380952380951
2,229,367,367.3333333333332
2,230,367,367.47619047619025
2,231,368,367.5714285714284
2,232,368,368.04761904761875
2,233,368,368.04761904761887
2,234,368,367.57142857142844
2,235,367,367.38095238095224
2,236,367,367.38095238095224
2,237,368,367.5714285714284
2,238,368,368.04761904761875
2,239,368,368.04761904761887
2,240,368,367.57142857142844
2,241,367,367.38095238095224
2,242,367,367.38095238095224
2,243,368,367.5714285714284
2,244,368,368.04761904761875
2,245,368,368.04761904761887
2,246,368,367.57142857142844
2,247,367,367.38095238095224
2,248,367,367.38095238095224
2,249,368,367.5714285714284
2,250,368,367.9523809523809
2,251,368,368.0952380952378
2,252,368,367.9999999999997
2,253,368,368.00000000000017
2,254,368,367.99999999999994
2,255,368,367.9999999999999
2,256,368,367.6666666666665
2,257,367,367.3333333333333
2,258,367,367.047619047619
2,259,367,366.8095238095236
2,260,367,367.047619047619
2,261,367,367.3333333333333
2,262,368,367.6666666666665
2,263,368,368.04761904761875
2,264,368,368.04761904761887
2,265,368,367.57142857142844
2,266,367,367.38095238095224
2,267,367,367.38095238095224
2,268,368,367.5714285714284
2,269,368,368.04761904761875
2,270,368,368.04761904761887
2,271,368,367.6666666666665
2,272,367,367.3333333333333
2,273,367,366.9523809523808
2,274,367,366.95238095238085
2,275,367,367.3333333333333
2,276,368,367.7619047619047
2,277,368,367.90476190476176
2,278,368,367.6666666666666
2,279,367,367.38095238095224
2,280,367,367.47619047619037
2,281,368,367.5238095238093
2,282,368,367.6190476190475
2,283,367,367.4285714285712
2,284,367,367.047619047619
2,285,367,366.9047619047617
2,286,367,366.90476190476176
2,287,367,367.047619047619
2,288,367,367.4285714285712
2,289,368,367.61904761904754
2,290,368,367.52380952380935
2,291,367,367.4761904761903
2,292,367,367.47619047619037
2,293,368,367.5238095238093
2,294,368,367.52380952380935
2,295,367,367.5714285714284
2,296,367,367.3333333333332
2,297,368,367.142857142857
2,298,367,367.3333333333332
2,299,367,367.57142857142844
2,300,368,367.5238095238093
2,301,368,367.6190476190475
2,302,367,367.4285714285712
2,303,367,367.047619047619
2,304,367,366.9047619047617
2,305,367,366.9999999999997
2,306,367,366.9999999999997
2,307,367,366.9999999999997
2,308,367,366.9999999999997
2,309,367,366.9999999999997
2,310,367,366.9999999999997
2,311,367,366.9999999999997
2,312,367,366.9999999999997
2,313,367,366.90476190476176
2,314,367,367.047619047619
2,315,367,367.4285714285712
2,316,368,367.52380952380935
2,317,368,367.66666666666646
2,318,367,367.8571428571428
2,319,368,367.6666666666666
2,320,368,367.52380952380935
2,321,367,367.4285714285712
2,322,367,367.047619047619
2,323,367,366.9047619047617
2,324,367,366.90476190476176
2,325,367,367.047619047619
2,326,367,367.3333333333333
2,327,368,367.6666666666665
2,328,368,368.04761904761875
2,329,368,368.04761904761887
2,330,368,367.57142857142844
2,331,367,367.38095238095224
2,332,367,367.47619047619037
2,333,368,367.5238095238093
2,334,368,367.52380952380935
2,335,367,367.4761904761903
2,336,367,367.38095238095224
2,337,368,367.5714285714284
2,338,368,367.9523809523809
2,339,368,368.19047619047603
2,340,368,367.95238095238085
2,341,368,367.6666666666665
2,342,367,367.3333333333333
2,343,367,366.9523809523808
2,344,367,366.95238095238085
2,345,367,367.4285714285712
2,346,368,367.61904761904754
2,347,368,367.6190476190475
2,348,367,367.4285714285712
2,349,367,367.047619047619
2,350,367,366.9047619047617
2,351,367,366.9999999999997
2,352,367,366.9999999999997
2,353,367,366.90476190476176
2,354,367,367.047619047619
2,355,367,367.4285714285712
2,356,368,367.61904761904754
2,357,368,367.6190476190475
2,358,367,367.3333333333332
2,359,367,367.095238095238
2,360,367,367.23809523809507
2,361,368,367.6666666666665
2,362,368,367.9523809523809
2,363,368,368.0952380952378
2,364,368,367.9999999999997
2,365,368,367.9999999999997
2,366,368,367.9999999999997
2,367,368,367.9999999999997
2,368,368,367.9999999999997
2,369,368,367.9999999999997
2,370,368,367.9999999999997
2,371,368,367.9999999999997
2,372,368,368.09523809523796
2,373,368,367.95238095238085
2,374,368,367.57142857142844
2,375,367,367.38095238095224
2,376,367,367.38095238095224
2,377,368,367.5714285714284
2,378,368,367.9523809523809
2,379,368,368.0952380952378
2,380,368,367.9999999999997
2,381,368,368.09523809523796
2,382,368,367.95238095238085
2,383,368,367.6666666666665
2,384,367,367.3333333333333
2,385,367,366.9523809523808
2,386,367,366.95238095238085
2,387,367,367.4285714285712
2,388,368,367.61904761904754
2,389,368,367.52380952380935
2,390,367,367.4761904761903
2,391,367,367.38095238095224
2,392,368,367.5714285714284
2,393,368,367.9523809523809
2,394,368,368.0952380952378
2,395,368,368.09523809523796
2,396,368,367.95238095238085
2,397,368,367.6666666666665
2,398,367,367.3333333333333
2,399,367,366.9523809523808
2,400,367,366.95238095238085
2,401,367,367.3333333333333
2,402,368,367.6666666666665
2,403,368,367.9523809523809
2,404,368,368.19047619047603
2,405,368,367.95238095238085
2,406,368,367.57142857142844
2,407,367,367.38095238095224
2,408,367,367.38095238095224
2,409,368,367.5714285714284
2,410,368,368.04761904761875
2,411,368,368.04761904761887
2,412,368,367.57142857142844
2,413,367,367.38095238095224
2,414,367,367.38095238095224
2,415,368,367.5714285714284
2,416,368,368.04761904761875
2,417,368,368.04761904761887
2,418,368,367.6666666666665
2,419,367,367.2380952380951
2,420,367,367.095238095238
2,421,367,367.3333333333332
2,422,368,367.61904761904754
2,423,368,367.6190476190475
2,424,367,367.4285714285712
2,425,367,367.047619047619
2,426,367,366.9047619047617
2,427,367,366.9999999999997
2,428,367,366.9999999999997
2,429,367,366.9999999999997
2,430,367,366.9999999999997
2,431,367,366.90476190476176
2,432,367,367.047619047619
2,433,367,367.3333333333333
2,434,368,367.6666666666665
2,435,368,367.9523809523809
2,436,368,368.0952380952378
2,437,368,367.9999999999997
2,438,368,367.9999999999997
2,439,368,367.9999999999997
2,440,368,367.9999999999997
2,441,368,367.9999999999997
2,442,368,367.9999999999997
2,443,368,367.9999999999997
2,444,368,367.9999999999997
2,445,368,367.9999999999997
2,446,368,367.9999999999997
2,447,368,367.9999999999997
2,448,368,367.9999999999997
2,449,368,367.9999999999997
2,450,368,367.90476190476176
2,451,368,368.04761904761887
2,452,368,368.33333333333314
2,453,369,368.6666666666664
2,454,369,368.9523809523808
2,455,369,369.0952380952378
2,456,369,369.09523809523796
2,457,369,368.95238095238074
2,458,369,368.6666666666666
2,459,368,368.23809523809507
2,460,368,368.09523809523796
2,461,368,368.238095238095
2,462,369,368.6666666666664
2,463,369,368.9523809523808
2,464,369,369.0952380952378
2,465,369,368.9999999999999
2,466,369,368.9999999999999
2,467,369,368.9999999999999
2,468,369,368.9999999999999
2,469,369,368.9999999999999
2,470,369,368.9999999999999
2,471,369,368.9999999999999
2,472,369,368.9999999999999
2,473,369,368.9999999999999
2,474,369,368.90476190476176
2,475,369,369.047619047619
2,476,369,369.4285714285714
2,477,370,369.61904761904754
2,478,370,369.61904761904754
2,479,369,369.42857142857116
2,480,369,368.9523809523808
2,481,369,368.9523809523808
2,482,369,369.4285714285714
2,483,370,369.61904761904754
2,484,370,369.61904761904754
2,485,369,369.42857142857116
2,486,369,369.04761904761887
2,487,369,368.90476190476176
2,488,369,368.90476190476176
2,489,369,369.047619047619
2,490,369,369.4285714285714
2,491,370,369.61904761904754
2,492,370,369.61904761904754
2,493,369,369.33333333333326
2,494,369,369.09523809523785
2,495,369,369.3333333333332
2,496,370,369.61904761904754
2,497,370,369.61904761904754
2,498,369,369.42857142857116
2,499,369,369.04761904761887
2,500,369,368.90476190476176
2,501,369,368.9999999999999
2,502,369,368.9999999999999
2,503,369,369.09523809523796
2,504,369,368.95238095238074
2,505,369,368.6666666666666
2,506,368,368.3333333333333
2,507,368,367.9523809523808
2,508,368,367.9523809523808
2,509,368,368.25714285714315
2,510,369,368.6285714285714
2,511,369,369.0999999999999
2,512,368,367.9999999999997
2,513,368,367.9999999999997
2,514,368,367.9999999999997
2,515,368,367.9999999999997
2,516,368,367.90476190476176
2,517,368,368.04761904761887
2,518,368,368.4285714285712
2,519,369,368.61904761904754
2,520,369,368.6190476190474
2,521,368,368.4285714285713
2,522,368,368.04761904761887
2,523,368,367.90476190476164
2,524,368,367.9999999999997
2,525,368,367.9999999999997
2,526,368,367.90476190476176
2,527,368,368.04761904761887
2,528,368,368.4285714285712
2,529,369,368.61904761904754
2,530,369,368.52380952380946
2,531,368,368.47619047619025
2,532,368,368.47619047619037
2,533,369,368.5238095238093
2,534,369,368.6190476190474
2,535,368,368.4285714285713
2,536,368,368.04761904761887
2,537,368,367.90476190476164
2,538,368,367.9999999999997
2,539,368,367.9999999999997
2,540,368,367.9999999999997
2,541,368,367.90476190476176
2,542,368,368.04761904761887
2,543,368,368.4285714285712
2,544,369,368.61904761904754
2,545,369,368.6190476190474
2,546,368,368.4285714285713
2,547,368,368.04761904761887
2,548,368,367.90476190476164
2,549,368,367.90476190476176
2,550,368,368.04761904761887
2,551,368,368.33333333333314
2,552,369,368.6666666666664
2,553,369,368.9523809523808
2,554,369,369.0952380952378
2,555,369,368.9999999999999
2,556,369,368.9999999999999
2,557,369,368.9999999999999
2,558,369,369.09523809523796
2,559,369,368.95238095238074
2,560,369,368.5714285714283
2,561,368,368.3809523809522
2,562,368,368.3809523809522
2,563,369,368.5714285714283
2,564,369,368.9523809523808
2,565,369,369.0952380952378
2,566,369,368.90476190476176
2,567,369,369.047619047619
2,568,369,369.4285714285714
2,569,370,369.61904761904754
2,570,370,369.52380952380946
2,571,369,369.47619047619037
2,572,369,369.47619047619037
2,573,370,369.5238095238094
2,574,370,369.61904761904754
2,575,369,369.42857142857116
2,576,369,369.04761904761887
2,577,369,368.8095238095236
2,578,369,369.047619047619
2,579,369,369.4285714285714
2,580,370,369.61904761904754
2,581,370,369.61904761904754
2,582,369,369.42857142857116
2,583,369,369.04761904761887
2,584,369,368.90476190476176
2,585,369,368.90476190476176
2,586,369,369.047619047619
2,587,369,369.4285714285714
2,588,370,369.61904761904754
2,589,370,369.61904761904754
2,590,369,369.42857142857116
2,591,369,369.04761904761887
2,592,369,368.90476190476176
2,593,369,368.9999999999999
2,594,369,368.9999999999999
2,595,369,368.9999999999999
2,596,369,368.9999999999999
2,597,369,368.9999999999999
2,598,369,368.9999999999999
2,599,369,368.9999999999999
2,600,369,368.9999999999999
2,601,369,368.9999999999999
2,602,369,368.9999999999999
2,603,369,368.9999999999999
2,604,369,368.9999999999999
2,605,369,368.9999999999999
2,606,369,368.9999999999999
2,607,369,368.9999999999999
2,608,369,368.9999999999999
2,609,369,368.9999999999999
2,610,369,368.9999999999999
2,611,369,368.9999999999999
2,612,369,368.9999999999999
2,613,369,368.9999999999999
2,614,369,368.9999999999999
2,615,369,368.9999999999999
2,616,369,369.09523809523796
2,617,369,368.95238095238074
2,618,369,368.5714285714283
2,619,368,368.47619047619025
2,620,368,368.33333333333314
2,621,369,368.23809523809507
2,622,368,368.28571428571416
2,623,368,368.142857142857
2,624,368,367.90476190476164
2,625,368,367.90476190476176
2,626,368,368.04761904761887
2,627,368,368.33333333333314
2,628,369,368.6666666666664
2,629,369,369.04761904761887
2,630,369,369.04761904761887
2,631,369,368.6666666666666
2,632,368,368.3333333333333
2,633,368,367.9523809523808
2,634,368,367.9523809523808
2,635,368,368.33333333333314
2,636,369,368.6666666666664
2,637,369,369.04761904761887
2,638,369,369.04761904761887
2,639,369,368.6666666666666
2,640,368,368.3333333333333
2,641,368,368.04761904761887
2,642,368,367.90476190476164
2,643,368,367.90476190476176
2,644,368,368.142857142857
2,645,368,368.28571428571405
2,646,369,368.33333333333314
2,647,368,368.28571428571416
2,648,368,368.142857142857
2,649,368,367.90476190476164
2,650,368,367.9999999999997
2,651,368,367.9999999999997
2,652,368,367.9999999999997
2,653,368,367.9999999999997
2,654,368,367.90476190476176
2,655,368,368.04761904761887
2,656,368,368.33333333333314
2,657,369,368.6666666666664
2,658,369,369.04761904761887
2,659,369,369.04761904761887
2,660,369,368.6666666666666
2,661,368,368.3333333333333
2,662,368,368.04761904761887
2,663,368,367.90476190476164
2,664,368,367.9999999999997
2,665,368,367.9999999999997
2,666,368,367.9999999999997
2,667,368,367.90476190476176
2,668,368,368.04761904761887
2,669,368,368.33333333333314
2,670,369,368.6666666666664
2,671,369,369.04761904761887
2,672,369,369.04761904761887
2,673,369,368.5714285714283
2,674,368,368.3809523809522
2,675,368,368.3809523809522
2,676,369,368.5714285714283
2,677,369,368.9523809523808
2,678,369,369.0952380952378
2,679,369,368.9999999999999
2,680,369,368.9999999999999
2,681,369,368.90476190476176
2,682,369,369.047619047619
2,683,369,369.3333333333332
2,684,370,369.66666666666646
2,685,370,369.9523809523808
2,686,370,370.19047619047615
2,687,370,369.9523809523808
2,688,370,369.57142857142844
2,689,369,369.38095238095224
2,690,369,369.47619047619037
2,691,370,369.5238095238094
2,692,370,369.52380952380946
2,693,369,369.47619047619037
2,694,369,369.3809523809523
2,695,370,369.57142857142844
2,696,370,370.047619047619
2,697,370,370.04761904761887
2,698,370,369.66666666666646
2,699,369,369.33333333333326
2,700,369,369.04761904761887
2,701,369,368.90476190476176
2,702,369,368.9999999999999
2,703,369,368.9999999999999
2,704,369,368.9999999999999
2,705,369,368.9999999999999
2,706,369,368.90476190476176
2,707,369,369.14285714285694
2,708,369,369.28571428571416
2,709,370,369.33333333333314
2,710,369,369.28571428571416
2,711,369,369.14285714285694
2,712,369,368.90476190476176
2,713,369,368.9999999999999
2,714,369,368.9999999999999
2,715,369,369.09523809523796
2,716,369,368.95238095238074
2,717,369,368.5714285714283
2,718,368,368.3809523809522
2,719,368,368.47619047619037
2,720,369,368.5238095238093
2,721,369,368.6190476190474
2,722,368,368.4285714285713
2,723,368,368.04761904761887
2,724,368,367.90476190476164
2,725,368,367.9999999999997
2,726,368,367.9999999999997
2,727,368,367.9999999999997
2,728,368,367.9999999999997
2,729,368,367.9999999999997
2,730,368,367.9999999999997
2,731,368,367.9999999999997
2,732,368,367.9999999999997
2,733,368,367.9999999999997
2,734,368,367.9999999999997
2,735,368,367.9999999999997
2,736,368,367.9999999999997
2,737,368,367.9999999999997
2,738,368,367.9999999999997
2,739,368,367.9999999999997
2,740,368,367.9999999999997
2,741,368,367.9999999999997
2,742,368,367.9999999999997
2,743,368,367.9999999999997
2,744,368,367.9999999999997
2,745,368,367.90476190476176
2,746,368,368.04761904761887
2,747,368,368.5238095238093
2,748,369,368.5714285714283
2,749,369,368.190476190476
2,750,367,367.80952380952357
2,751,367,367.33333333333314
2,752,368,367.5238095238095
2,753,368,368.285714285714
2,754,369,368.7619047619047
2,755,369,368.9523809523808
2,756,369,369.0952380952378
2,757,369,368.9999999999999
2,758,369,368.9999999999999
2,759,369,368.9999999999999
2,760,369,368.9999999999999
2,761,369,368.9999999999999
2,762,369,368.9999999999999
2,763,369,368.9999999999999
2,764,369,368.9999999999999
2,765,369,369.0000000000001
2,766,369,368.99999999999983
2,767,369,368.99999999999994
2,768,369,368.6666666666664
2,769,369,368.9523809523808
2,770,369,369.0952380952378
2,771,369,368.9999999999999
2,772,369,368.9999999999999
2,773,369,368.9999999999999
2,774,369,368.9999999999999
2,775,369,368.9999999999999
2,776,369,368.9999999999999
2,777,369,368.9999999999999
2,778,369,368.90476190476176
2,779,369,369.047619047619
2,780,369,369.4285714285714
2,781,370,369.61904761904754
2,782,370,369.61904761904754
2,783,369,369.42857142857116
2,784,369,369.04761904761887
2,785,369,368.90476190476176
2,786,369,368.9999999999999
2,787,369,368.9999999999999
2,788,369,368.9999999999999
2,789,369,368.9999999999999
2,790,369,368.9999999999999
2,791,369,368.9999999999999
2,792,369,368.9999999999999
2,793,369,368.9999999999999
2,794,369,368.9999999999999
2,795,369,369.09523809523796
2,796,369,368.95238095238074
2,797,369,368.6666666666666
2,798,368,368.3333333333333
2,799,368,367.9523809523808
2,800,368,367.9523809523808
2,801,368,368.33333333333314
2,802,369,368.6666666666664
2,803,369,368.9523809523808
2,804,369,369.0952380952378
2,805,369,368.9999999999999
2,806,369,368.9999999999999
2,807,369,368.9999999999999
2,808,369,368.9999999999999
2,809,369,368.9999999999999
2,810,369,368.9999999999999
2,811,369,369.09523809523796
2,812,369,368.8571428571426
2,813,369,368.7142857142856
2,814,368,368.7619047619047
2,815,369,368.6666666666666
2,816,369,368.5238095238093
2,817,368,368.4285714285713
2,818,368,367.9523809523808
2,819,368,367.9523809523808
2,820,368,368.33333333333314
2,821,369,368.6666666666664
2,822,369,368.9523809523808
2,823,369,369.0952380952378
2,824,369,369.09523809523796
2,825,369,368.95238095238074
2,826,369,368.5714285714283
2,827,368,368.3809523809522
2,828,368,368.47619047619037
2,829,369,368.5238095238093
2,830,369,368.6190476190474
2,831,368,368.4285714285713
2,832,368,368.04761904761887
2,833,368,367.90476190476164
2,834,368,367.9999999999997
2,835,368,367.90476190476176
2,836,368,368.04761904761887
2,837,368,368.33333333333314
2,838,369,368.6666666666664
2,839,369,369.04761904761887
2,840,369,369.04761904761887
2,841,369,368.6666666666666
2,842,368,368.3333333333333
2,843,368,368.04761904761887
2,844,368,367.90476190476164
2,845,368,367.9999999999997
2,846,368,367.9999999999997
2,847,368,367.9999999999997
2,848,368,367.9999999999997
2,849,368,367.9999999999997
2,850,368,367.9999999999997
2,851,368,367.9999999999997
2,852,368,367.9999999999997
2,853,368,367.90476190476176
2,854,368,368.04761904761887
2,855,368,368.33333333333314
2,856,369,368.7619047619045
2,857,369,368.90476190476176
2,858,369,368.6666666666666
2,859,368,368.3809523809522
2,860,368,368.3809523809522
2,861,369,368.5714285714283
2,862,369,368.9523809523808
2,863,369,369.0952380952378
2,864,369,368.9999999999999
2,865,369,369.09523809523796
2,866,369,368.95238095238074
2,867,369,368.6666666666666
2,868,368,368.3333333333333
2,869,368,368.04761904761887
2,870,368,367.8095238095237
2,871,368,368.04761904761887
2,872,368,368.33333333333314
2,873,369,368.6666666666664
2,874,369,368.9523809523808
2,875,369,369.0952380952378
2,876,369,368.9999999999999
2,877,369,368.9999999999999
2,878,369,368.9999999999999
2,879,369,368.9999999999999
2,880,369,368.9999999999999
2,881,369,368.9999999999999
2,882,369,368.9999999999999
2,883,369,368.9999999999999
2,884,369,368.90476190476176
2,885,369,369.14285714285694
2,886,369,369.28571428571416
2,887,370,369.2380952380952
2,888,369,369.33333333333326
2,889,369,369.57142857142844
2,890,370,369.5238095238094
2,891,370,369.61904761904754
2,892,369,369.42857142857116
2,893,369,368.9523809523808
2,894,369,368.9523809523808
2,895,369,369.3333333333332
2,896,370,369.66666666666646
2,897,370,369.9523809523808
2,898,370,370.09523809523796
2,899,370,370.09523809523796
2,900,370,369.9523809523808
2,901,370,369.66666666666646
2,902,369,369.33333333333326
2,903,369,369.04761904761887
2,904,369,368.8095238095236
2,905,369,369.047619047619
2,906,369,369.4285714285714
2,907,370,369.61904761904754
2,908,370,369.61904761904754
2,909,369,369.42857142857116
2,910,369,369.04761904761887
2,911,369,368.90476190476176
2,912,369,368.9999999999999
2,913,369,368.9999999999999
2,914,369,369.09523809523796
2,915,369,368.95238095238074
2,916,369,368.5714285714283
2,917,368,368.3809523809522
2,918,368,368.3809523809522
2,919,369,368.5714285714283
2,920,369,368.9523809523808
2,921,369,369.0952380952378
2,922,369,368.9999999999999
2,923,369,368.9999999999999
2,924,369,368.9999999999999
2,925,369,368.9999999999999
2,926,369,368.9999999999999
2,927,369,368.9999999999999
2,928,369,368.9999999999999
2,929,369,368.9999999999999
2,930,369,368.9999999999999
2,931,369,368.9999999999999
2,932,369,368.9999999999999
2,933,369,368.9999999999999
2,934,369,368.9999999999999
2,935,369,368.9999999999999
2,936,369,368.9999999999999
2,937,369,369.09523809523796
2,938,369,368.95238095238074
2,939,369,368.6666666666666
2,940,368,368.3333333333333
2,941,368,368.142857142857
2,942,368,367.76190476190465
2,943,368,367.7142857142855
2,944,367,367.6666666666664
2,945,368,367.7142857142855
2,946,368,367.95238095238085
2,947,368,368.04761904761887
2,948,368,367.6666666666665
2,949,367,367.3333333333333
2,950,367,366.9523809523808
2,951,367,366.95238095238085
2,952,367,367.3333333333333
2,953,368,367.6666666666665
2,954,368,368.04761904761875
2,955,368,368.04761904761887
2,956,368,367.6666666666665
2,957,367,367.3333333333333
2,958,367,366.9523809523808
2,959,367,366.95238095238085
2,960,367,367.3333333333333
2,961,368,367.6666666666665
2,962,368,367.9523809523809
2,963,368,368.0952380952378
2,964,368,368.09523809523796
2,965,368,367.8571428571428
2,966,368,367.7142857142855
2,967,367,367.76190476190465
2,968,368,367.6666666666666
2,969,368,367.52380952380935
2,970,367,367.4285714285712
2,971,367,366.9523809523808
2,972,367,366.95238095238085
2,973,367,367.3333333333333
2,974,368,367.6666666666665
2,975,368,367.9523809523809
2,976,368,368.0952380952378
2,977,368,368.09523809523796
2,978,368,367.95238095238085
2,979,368,367.6666666666665
2,980,367,367.3333333333333
2,981,367,366.9523809523808
2,982,367,366.95238095238085
2,983,367,367.3333333333333
2,984,368,367.6666666666665
2,985,368,367.9523809523809
2,986,368,368.19047619047603
2,987,368,367.95238095238085
2,988,368,367.57142857142844
2,989,367,367.38095238095224
2,990,367,367.38095238095224
2,991,368,367.5714285714284
2,992,368,367.9523809523809
2,993,368,368.0952380952378
2,994,368,367.9999999999997
2,995,368,367.9999999999997
2,996,368,368.09523809523796
2,997,368,367.95238095238085
2,998,368,367.57142857142844
2,999,367,367.38095238095224
2,1000,367,367.38095238095224
2,1001,368,367.5714285714284
2,1002,368,367.9523809523809
2,1003,368,368.0952380952378
2,1004,368,368.09523809523796
2,1005,368,367.95238095238085
2,1006,368,367.47619047619025
2,1007,367,367.52380952380946
2,1008,367,367.6666666666664
2,1009,369,367.90476190476176
2,1010,368,368.238095238095
2,1011,368,368.23809523809507
2,1012,368,367.90476190476164
2,1013,368,367.9999999999997
2,1014,368,367.9999999999997
2,1015,368,367.9999999999997
2,1016,368,367.9999999999997
2,1017,368,368.09523809523796
2,1018,368,367.95238095238085
2,1019,368,367.57142857142844
2,1020,367,367.38095238095224
2,1021,367,367.2857142857144
2,1022,368,367.4857142857142
2,1023,368,368.09999999999985
2,1024,368,367.90476190476176
2,1025,368,368.04761904761887
2,1026,368,368.4285714285712
2,1027,369,368.61904761904754
2,1028,369,368.6190476190474
2,1029,368,368.4285714285713
2,1030,368,368.04761904761887
2,1031,368,367.90476190476164
2,1032,368,367.9999999999997
2,1033,368,367.9999999999997
2,1034,368,368.09523809523796
2,1035,368,367.95238095238085
2,1036,368,367.6666666666665
2,1037,367,367.3333333333333
2,1038,367,366.9523809523808
2,1039,367,366.95238095238085
2,1040,367,367.3333333333333
2,1041,368,367.6666666666665
2,1042,368,368.04761904761875
2,1043,368,368.04761904761887
2,1044,368,367.6666666666665
2,1045,367,367.3333333333333
2,1046,367,366.9523809523808
2,1047,367,366.95238095238085
2,1048,367,367.3333333333333
2,1049,368,367.6666666666665
2,1050,368,367.9523809523809
2,1051,368,368.19047619047603
2,1052,368,367.95238095238085
2,1053,368,367.6666666666665
2,1054,367,367.3333333333333
2,1055,367,366.9523809523808
2,1056,367,366.95238095238085
2,1057,367,367.3333333333333
2,1058,368,367.6666666666665
2,1059,368,368.04761904761875
2,1060,368,368.04761904761887
2,1061,368,367.6666666666665
2,1062,367,367.3333333333333
2,1063,367,367.047619047619
2,1064,367,366.9047619047617
2,1065,367,366.90476190476176
2,1066,367,367.047619047619
2,1067,367,367.3333333333333
2,1068,368,367.7619047619047
2,1069,368,367.90476190476176
2,1070,368,367.6666666666666
2,1071,367,367.38095238095224
2,1072,367,367.38095238095224
2,1073,368,367.6666666666666
2,1074,368,367.90476190476176
2,1075,368,367.6666666666666
2,1076,367,367.38095238095224
2,1077,367,367.47619047619037
2,1078,368,367.42857142857133
2,1079,368,367.66666666666646
2,1080,367,367.76190476190453
2,1081,368,367.7142857142855
2,1082,368,367.95238095238085
2,1083,368,368.04761904761887
2,1084,368,367.57142857142844
2,1085,367,367.38095238095224
2,1086,367,367.38095238095224
2,1087,368,367.5714285714284
2,1088,368,368.04761904761875
2,1089,368,368.04761904761887
2,1090,368,367.6666666666665
2,1091,367,367.3333333333333
2,1092,367,366.9523809523808
2,1093,367,366.95238095238085
2,1094,367,367.4285714285712
2,1095,368,367.61904761904754
2,1096,368,367.6190476190475
2,1097,367,367.3333333333332
2,1098,367,367.095238095238
2,1099,367,367.3333333333332
2,1100,368,367.61904761904754
2,1101,368,367.6190476190475
2,1102,367,367.4285714285712
2,1103,367,367.047619047619
2,1104,367,366.9047619047617
2,1105,367,366.90476190476176
2,1106,367,367.047619047619
2,1107,367,367.3333333333333
2,1108,368,367.6666666666665
2,1109,368,367.9523809523809
2,1110,368,368.0952380952378
2,1111,368,368.09523809523796
2,1112,368,367.95238095238085
2,1113,368,367.6666666666665
2,1114,367,367.3333333333333
2,1115,367,366.9523809523808
2,1116,367,366.95238095238085
2,1117,367,367.3333333333333
2,1118,368,367.6666666666665
2,1119,368,367.9523809523809
2,1120,368,368.19047619047603
2,1121,368,367.95238095238085
2,1122,368,367.6666666666665
2,1123,367,367.3333333333333
2,1124,367,367.047619047619
2,1125,367,366.9047619047617
2,1126,367,366.9999999999997
2,1127,367,366.9999999999997
2,1128,367,366.9999999999997
2,1129,367,366.9999999999997
2,1130,367,366.90476190476176
2,1131,367,367.047619047619
2,1132,367,367.3333333333333
2,1133,368,367.6666666666665
2,1134,368,367.9523809523809
2,1135,368,368.0952380952378
2,1136,368,367.9999999999997
2,1137,368,367.9999999999997
2,1138,368,367.9999999999997
2,1139,368,367.9999999999997
2,1140,368,367.9999999999997
2,1141,368,367.9999999999997
2,1142,368,367.9999999999997
2,1143,368,367.9999999999997
2,1144,368,367.9999999999997
2,1145,368,367.9999999999997
2,1146,368,367.9999999999997
2,1147,368,367.9999999999997
2,1148,368,367.9999999999997
2,1149,368,367.9999999999997
2,1150,368,367.9999999999997
2,1151,368,367.9999999999997
2,1152,368,367.9999999999997
2,1153,368,367.9999999999997
2,1154,368,367.9999999999997
2,1155,368,367.9999999999997
2,1156,368,367.9999999999997
2,1157,368,367.9999999999997
2,1158,368,367.9999999999997
2,1159,368,368.09523809523796
2,1160,368,367.95238095238085
2,1161,368,367.6666666666665
2,1162,367,367.3333333333333
2,1163,367,367.047619047619
2,1164,367,366.9047619047617
2,1165,367,366.9999999999997
2,1166,367,366.90476190476176
2,1167,367,367.047619047619
2,1168,367,367.4285714285712
2,1169,368,367.61904761904754
2,1170,368,367.52380952380935
2,1171,367,367.4761904761903
2,1172,367,367.38095238095224
2,1173,368,367.5714285714284
2,1174,368,367.9523809523809
2,1175,368,368.0952380952378
2,1176,368,368.09523809523796
2,1177,368,367.95238095238085
2,1178,368,367.57142857142844
2,1179,367,367.4761904761903
2,1180,367,367.3333333333332
2,1181,368,367.2380952380951
2,1182,367,367.2857142857141
2,1183,367,367.142857142857
2,1184,367,366.9047619047617
2,1185,367,366.9999999999997
2,1186,367,366.9999999999997
2,1187,367,366.9999999999997
2,1188,367,366.9999999999997
2,1189,367,366.90476190476176
2,1190,367,367.047619047619
2,1191,367,367.4285714285712
2,1192,368,367.61904761904754
2,1193,368,367.6190476190475
2,1194,367,367.4285714285712
2,1195,367,366.9523809523808
2,1196,367,366.95238095238085
2,1197,367,367.4285714285712
2,1198,368,367.61904761904754
2,1199,368,367.52380952380935
2,1200,367,367.4761904761903
2,1201,367,367.47619047619037
2,1202,368,367.5238095238093
2,1203,368,367.6190476190475
2,1204,367,367.4285714285712
2,1205,367,367.047619047619
2,1206,367,366.9047619047617
2,1207,367,366.9999999999997
2,1208,367,366.9999999999997
2,1209,367,366.9999999999997
2,1210,367,366.9999999999997
2,1211,367,366.9999999999997
2,1212,367,366.90476190476176
2,1213,367,367.047619047619
2,1214,367,367.3333333333333
2,1215,368,367.6666666666665
2,1216,368,367.9523809523809
2,1217,368,368.0952380952378
2,1218,368,367.9999999999997
2,1219,368,367.9999999999997
2,1220,368,368.09523809523796
2,1221,368,367.8571428571428
2,1222,368,367.7142857142855
2,1223,367,367.76190476190465
2,1224,368,367.6666666666666
2,1225,368,367.4285714285712
2,1226,367,367.4761904761903
2,1227,367,367.47619047619037
2,1228,368,367.5238095238093
2,1229,368,367.52380952380935
2,1230,367,367.4761904761903
2,1231,367,367.47619047619037
2,1232,368,367.5238095238093
2,1233,368,367.52380952380935
2,1234,367,367.4761904761903
2,1235,367,367.38095238095224
2,1236,368,367.5714285714284
2,1237,368,368.04761904761875
2,1238,368,368.04761904761887
2,1239,368,367.57142857142844
2,1240,367,367.38095238095224
2,1241,367,367.2857142857141
2,1242,368,367.61904761904754
2,1243,368,368.3809523809522
2,1244,369,368.71428571428555
2,1245,369,368.6190476190474
2,1246,368,368.52380952380946
2,1247,368,367.99999999999983
2,1248,368,367.4761904761902
2,1249,367,367.38095238095224
2,1250,367,367.38095238095224
2,1251,368,367.5714285714284
2,1252,368,367.9523809523809
2,1253,368,368.0952380952378
2,1254,368,368.09523809523796
2,1255,368,367.95238095238085
2,1256,368,367.6666666666665
2,1257,367,367.3333333333333
2,1258,367,367.047619047619
2,1259,367,366.9047619047617
2,1260,367,366.90476190476176
2,1261,367,367.047619047619
2,1262,367,367.4285714285712
2,1263,368,367.52380952380935
2,1264,368,367.66666666666646
2,1265,367,367.76190476190453
2,1266,368,367.7142857142855
2,1267,368,367.95238095238085
2,1268,368,368.04761904761887
2,1269,368,367.6666666666665
2,1270,367,367.3333333333333
2,1271,367,366.9523809523808
2,1272,367,366.95238095238085
2,1273,367,367.3333333333333
2,1274,368,367.6666666666665
2,1275,368,367.9523809523809
2,1276,368,368.0952380952378
2,1277,368,368.00000000000017
2,1278,368,367.99999999999994
2,1279,368,367.9999999999999
2,1280,368,367.9999999999997
2,1281,368,367.9999999999997
2,1282,368,368.09523809523796
2,1283,368,367.95238095238085
2,1284,368,367.57142857142844
2,1285,367,367.38095238095224
2,1286,367,367.47619047619037
2,1287,368,367.5238095238093
2,1288,368,367.6190476190475
2,1289,367,367.4285714285712
2,1290,367,367.047619047619
2,1291,367,366.8095238095236
2,1292,367,367.047619047619
2,1293,367,367.4285714285712
2,1294,368,367.61904761904754
2,1295,368,367.6190476190475
2,1296,367,367.4285714285712
2,1297,367,367.047619047619
2,1298,367,366.9047619047617
2,1299,367,366.90476190476176
2,1300,367,367.047619047619
2,1301,367,367.3333333333333
2,1302,368,367.6666666666665
2,1303,368,367.9523809523809
2,1304,368,368.0952380952378
2,1305,368,367.9999999999997
2,1306,368,367.9999999999997
2,1307,368,367.9999999999997
2,1308,368,368.09523809523796
2,1309,368,367.95238095238085
2,1310,368,367.6666666666665
2,1311,367,367.3333333333333
2,1312,367,366.9523809523808
2,1313,367,366.95238095238085
2,1314,367,367.3333333333333
2,1315,368,367.6666666666665
2,1316,368,367.85714285714266
2,1317,368,368.142857142857
2,1318,368,368.5238095238093
2,1319,369,368.5714285714283
2,1320,369,368.2857142857141
2,1321,367,367.76190476190465
2,1322,367,367.095238095238
2,1323,367,366.8095238095236
2,1324,367,366.9999999999997
2,1325,367,366.9999999999997
2,1326,367,366.9999999999997
2,1327,367,366.9999999999997
2,1328,367,366.9999999999997
2,1329,367,366.9999999999997
2,1330,367,366.9999999999997
2,1331,367,366.90476190476176
2,1332,367,367.047619047619
2,1333,367,367.3333333333333
2,1334,368,367.6666666666665
2,1335,368,367.9523809523809
2,1336,368,368.0952380952378
2,1337,368,368.09523809523796
2,1338,368,367.95238095238085
2,1339,368,367.57142857142844
2,1340,367,367.38095238095224
2,1341,367,367.47619047619037
2,1342,368,367.5238095238093
2,1343,368,367.6190476190475
2,1344,367,367.3333333333332
2,1345,367,367.095238095238
2,1346,367,367.23809523809507
2,1347,368,367.6666666666665
2,1348,368,367.9523809523809
2,1349,368,368.0952380952378
2,1350,368,367.9999999999997
2,1351,368,367.9999999999997
2,1352,368,367.9999999999997
2,1353,368,367.9999999999997
2,1354,368,367.9999999999997
2,1355,368,367.9999999999997
2,1356,368,368.09523809523796
2,1357,368,367.95238095238085
2,1358,368,367.6666666666665
2,1359,367,367.3333333333333
2,1360,367,366.9523809523808
2,1361,367,366.95238095238085
2,1362,367,367.3333333333333
2,1363,368,367.6666666666665
2,1364,368,368.04761904761875
2,1365,368,367.85714285714266
2,1366,368,367.76190476190465
2,1367,367,368.09523809523796
2,1368,369,368.33333333333314
2,1369,369,368.47619047619025
2,1370,368,368.5238095238093
2,1371,368,368.04761904761887
2,1372,368,367.90476190476164
2,1373,368,367.9999999999997
2,1374,368,367.9999999999997
2,1375,368,367.9999999999997
2,1376,368,367.9999999999997
2,1377,368,368.09523809523796
2,1378,368,367.95238095238085
2,1379,368,367.57142857142844
2,1380,367,367.38095238095224
2,1381,367,367.47619047619037
2,1382,368,367.5238095238093
2,1383,368,367.6190476190475
2,1384,367,367.4285714285712
2,1385,367,367.047619047619
2,1386,367,366.8095238095236
2,1387,367,367.047619047619
2,1388,367,367.3333333333333
2,1389,368,367.6666666666665
2,1390,368,367.9523809523809
2,1391,368,368.0952380952378
2,1392,368,368.09523809523796
2,1393,368,367.95238095238085
2,1394,368,367.6666666666665
2,1395,367,367.3333333333333
2,1396,367,366.9523809523808
2,1397,367,366.95238095238085
2,1398,367,367.4285714285712
2,1399,368,367.61904761904754
2,1400,368,367.6190476190475
2,1401,367,367.4285714285712
2,1402,367,367.047619047619
2,1403,367,366.9047619047617
2,1404,367,366.9999999999997
2,1405,367,366.9999999999997
2,1406,367,366.90476190476176
2,1407,367,367.142857142857
2,1408,367,367.2857142857141
2,1409,368,367.3333333333332
2,1410,367,367.2857142857141
2,1411,367,367.047619047619
2,1412,367,366.95238095238085
2,1413,367,367.3333333333333
2,1414,368,367.6666666666665
2,1415,368,368.04761904761875
2,1416,368,368.04761904761887
2,1417,368,367.6666666666665
2,1418,367,367.3333333333333
2,1419,367,367.047619047619
2,1420,367,366.9047619047617
2,1421,367,366.9999999999997
2,1422,367,366.9999999999997
2,1423,367,366.9999999999997
2,1424,367,366.9999999999997
2,1425,367,366.9999999999997
2,1426,367,366.90476190476176
2,1427,367,367.047619047619
2,1428,367,367.4285714285712
2,1429,368,367.61904761904754
2,1430,368,367.6190476190475
2,1431,367,367.4285714285712
2,1432,367,366.9523809523808
2,1433,367,366.95238095238085
2,1434,367,367.4285714285712
2,1435,368,367.61904761904754
2,1436,368,367.52380952380935
2,1437,367,367.4761904761903
2,1438,367,367.38095238095224
2,1439,368,367.5714285714284
2,1440,368,367.9523809523809
2,1441,368,367.99999999999983
2,1442,368,368.04761904761887
2,1443,368,368.4285714285712
2,1444,369,368.61904761904754
2,1445,369,368.52380952380946
2,1446,368,368.47619047619025
2,1447,368,368.47619047619037
2,1448,369,368.5238095238093
2,1449,369,368.6190476190474
2,1450,368,368.4285714285713
2,1451,368,367.9523809523808
2,1452,368,367.9523809523808
2,1453,368,368.33333333333314
2,1454,369,368.6666666666664
2,1455,369,369.04761904761887
2,1456,369,369.04761904761887
2,1457,369,368.5714285714283
2,1458,368,368.3809523809522
2,1459,368,368.3809523809522
2,1460,369,368.5714285714283
2,1461,369,368.9523809523808
2,1462,369,369.0952380952378
2,1463,369,368.9999999999999
2,1464,369,368.9999999999999
2,1465,369,368.9999999999999
2,1466,369,369.09523809523796
2,1467,369,368.95238095238074
2,1468,369,368.5714285714283
2,1469,368,368.3809523809522
2,1470,368,368.3809523809522
2,1471,369,368.5714285714283
2,1472,369,368.9523809523808
2,1473,369,369.0952380952378
2,1474,369,368.90476190476176
2,1475,369,369.047619047619
2,1476,369,369.4285714285714
2,1477,370,369.61904761904754
2,1478,370,369.61904761904754
2,1479,369,369.42857142857116
2,1480,369,369.04761904761887
2,1481,369,368.90476190476176
2,1482,369,368.9999999999999
2,1483,369,368.9999999999999
2,1484,369,368.9999999999999
2,1485,369,368.9999999999999
2,1486,369,368.9999999999999
2,1487,369,368.9999999999999
2,1488,369,368.9999999999999
2,1489,369,368.9999999999999
2,1490,369,368.9999999999999
2,1491,369,368.9999999999999
2,1492,369,368.9999999999999
2,1493,369,368.9999999999999
2,1494,369,368.9999999999999
2,1495,369,368.9999999999999
2,1496,369,369.09523809523796
2,1497,369,368.95238095238074
2,1498,369,368.5714285714283
2,1499,368,368.3809523809522
2,1500,368,368.3809523809522
2,1501,369,368.5714285714283
2,1502,369,368.9523809523808
2,1503,369,369.0952380952378
2,1504,369,369.09523809523796
2,1505,369,368.95238095238074
2,1506,369,368.5714285714283
2,1507,368,368.3809523809522
2,1508,368,368.3809523809522
2,1509,369,368.5714285714283
2,1510,369,368.9523809523808
2,1511,369,369.0952380952378
2,1512,369,369.09523809523796
2,1513,369,368.95238095238074
2,1514,369,368.5714285714283
2,1515,368,368.3809523809522
2,1516,368,368.3809523809522
2,1517,369,368.5714285714283
2,1518,369,368.9523809523808
2,1519,369,369.0952380952378
2,1520,369,368.9999999999999
2,1521,369,369.09523809523796
2,1522,369,368.95238095238074
2,1523,369,368.6666666666666
2,1524,368,368.3333333333333
2,1525,368,368.04761904761887
2,1526,368,367.90476190476164
2,1527,368,367.9999999999997
2,1528,368,367.9999999999997
2,1529,368,367.9999999999997
2,1530,368,367.9999999999997
2,1531,368,367.9999999999997
2,1532,368,367.90476190476176
2,1533,368,368.0000000000002
2,1534,368,368.25714285714287
2,1535,369,368.94999999999993
2,1536,369,368.7619047619045
2,1537,369,368.90476190476176
2,1538,369,368.76190476190453
2,1539,368,368.3333333333333
2,1540,368,368.04761904761887
2,1541,368,367.90476190476164
2,1542,368,367.9999999999997
2,1543,368,367.9999999999997
2,1544,368,367.90476190476176
2,1545,368,368.04761904761887
2,1546,368,368.4285714285712
2,1547,369,368.61904761904754
2,1548,369,368.6190476190474
2,1549,368,368.4285714285713
2,1550,368,368.04761904761887
2,1551,368,367.90476190476164
2,1552,368,367.9999999999997
2,1553,368,367.90476190476176
2,1554,368,368.04761904761887
2,1555,368,368.4285714285712
2,1556,369,368.61904761904754
2,1557,369,368.52380952380946
2,1558,368,368.47619047619025
2,1559,368,368.3809523809522
2,1560,369,368.5714285714283
2,1561,369,369.04761904761887
2,1562,369,369.04761904761887
2,1563,369,368.6666666666666
2,1564,368,368.3333333333333
2,1565,368,368.04761904761887
2,1566,368,367.90476190476164
2,1567,368,367.90476190476176
2,1568,368,368.04761904761887
2,1569,368,368.33333333333314
2,1570,369,368.6666666666664
2,1571,369,369.04761904761887
2,1572,369,369.04761904761887
2,1573,369,368.5714285714283
2,1574,368,368.3809523809522
2,1575,368,368.3809523809522
2,1576,369,368.5714285714283
2,1577,369,368.9523809523808
2,1578,369,369.0952380952378
2,1579,369,368.9999999999999
2,1580,369,369.09523809523796
2,1581,369,368.95238095238074
2,1582,369,368.5714285714283
2,1583,368,368.3809523809522
2,1584,368,368.47619047619037
2,1585,369,368.5238095238093
2,1586,369,368.6190476190474
2,1587,368,368.514285714286
2,1588,368,368.0285714285713
2,1589,368,368.04999999999984
3,0,368,367.5714285714284
3,1,368,367.9523809523809
3,2,368,368.0952380952378
3,3,368,367.9999999999997
3,4,368,367.9999999999997
3,5,368,367.9999999999997
3,6,368,367.9999999999997
3,7,368,367.9999999999997
3,8,368,367.9999999999997
3,9,368,367.9999999999997
3,10,368,367.9999999999997
3,11,368,367.9999999999997
3,12,368,367.9999999999997
3,13,368,367.9999999999997
3,14,368,367.9999999999997
3,15,368,367.90476190476176
3,16,368,368.04761904761887
3,17,368,368.33333333333314
3,18,369,368.6666666666664
3,19,369,369.04761904761887
3,20,369,368.9523809523807
3,21,369,368.7142857142856
3,22,368,368.7619047619047
3,23,369,368.6666666666666
3,24,369,368.42857142857105
3,25,368,368.47619047619025
3,26,368,368.47619047619037
3,27,369,368.5238095238093
3,28,369,368.6190476190474
3,29,368,368.4285714285713
3,30,368,368.04761904761887
3,31,368,367.90476190476164
3,32,368,367.90476190476176
3,33,368,368.04761904761887
3,34,368,368.4285714285712
3,35,369,368.61904761904754
3,36,369,368.6190476190474
3,37,368,368.4285714285713
3,38,368,368.04761904761887
3,39,368,367.90476190476164
3,40,368,367.9999999999997
3,41,368,367.9999999999997
3,42,368,367.90476190476176
3,43,368,368.142857142857
3,44,368,368.28571428571405
3,45,369,368.23809523809507
3,46,368,368.33333333333326
3,47,368,368.57142857142844
3,48,369,368.5238095238093
3,49,369,368.52380952380946
3,50,368,368.47619047619025
3,51,368,368.3809523809522
3,52,369,368.5714285714283
3,53,369,368.9523809523808
3,54,369,369.0952380952378
3,55,369,368.9999999999999
3,56,369,368.9999999999999
3,57,369,369.09523809523796
3,58,369,368.95238095238074
3,59,369,368.5714285714283
3,60,368,368.3809523809522
3,61,368,368.3809523809522
3,62,369,368.5714285714283
3,63,369,368.9523809523808
3,64,369,369.0952380952378
3,65,369,368.9999999999999
3,66,369,368.9999999999999
3,67,369,368.9999999999999
3,68,369,368.9999999999999
3,69,369,368.9999999999999
3,70,369,368.9999999999999
3,71,369,368.90476190476176
3,72,369,369.047619047619
3,73,369,369.4285714285714
3,74,370,369.61904761904754
3,75,370,369.61904761904754
3,76,369,369.42857142857116
3,77,369,368.85714285714266
3,78,369,368.9999999999999
3,79,369,369.8571428571427
3,80,371,370.23809523809507
3,81,371,370.23809523809524
3,82,369,369.8571428571427
3,83,369,369.0952380952379
3,84,369,368.8095238095236
3,85,369,368.90476190476176
3,86,369,369.047619047619
3,87,369,369.4285714285714
3,88,370,369.61904761904754
3,89,370,369.61904761904754
3,90,369,369.42857142857116
3,91,369,369.04761904761887
3,92,369,368.90476190476176
3,93,369,368.9999999999999
3,94,369,368.90476190476176
3,95,369,369.047619047619
3,96,369,369.4285714285714
3,97,370,369.61904761904754
3,98,370,369.61904761904754
3,99,369,369.42857142857116
3,100,369,369.04761904761887
3,101,369,368.90476190476176
3,102,369,368.9999999999999
3,103,369,368.9999999999999
3,104,369,368.9999999999999
3,105,369,368.9999999999999
3,106,369,368.9999999999999
3,107,369,368.9999999999999
3,108,369,368.9999999999999
3,109,369,368.9999999999999
3,110,369,368.9999999999999
3,111,369,368.9999999999999
3,112,369,369.09523809523796
3,113,369,368.8571428571426
3,114,369,368.7142857142856
3,115,368,368.7619047619047
3,116,369,368.6666666666666
3,117,369,368.42857142857105
3,118,368,368.47619047619025
3,119,368,368.3809523809522
3,120,369,368.5714285714283
3,121,369,369.04761904761887
3,122,369,369.04761904761887
3,123,369,368.6666666666666
3,124,368,368.3333333333333
3,125,368,368.04761904761887
3,126,368,367.90476190476164
3,127,368,367.9999999999997
3,128,368,367.9999999999997
3,129,368,367.9999999999997
3,130,368,367.9999999999997
3,131,368,367.9999999999997
3,132,368,367.9999999999997
3,133,368,367.9999999999997
3,134,368,367.9999999999997
3,135,368,367.9999999999997
3,136,368,367.90476190476176
3,137,368,368.04761904761887
3,138,368,368.4285714285712
3,139,369,368.61904761904754
3,140,369,368.52380952380946
3,141,368,368.47619047619025
3,142,368,368.3809523809522
3,143,369,368.5714285714283
3,144,369,369.04761904761887
3,145,369,369.04761904761887
3,146,369,368.6666666666666
3,147,368,368.3333333333333
3,148,368,367.9523809523808
3,149,368,367.9523809523808
3,150,368,368.33333333333314
3,151,369,368.6666666666664
3,152,369,368.9523809523808
3,153,369,369.0952380952378
3,154,369,368.9999999999999
3,155,369,368.9999999999999
3,156,369,368.9999999999999
3,157,369,368.9999999999999
3,158,369,368.9999999999999
3,159,369,368.9999999999999
3,160,369,368.9999999999999
3,161,369,368.9999999999999
3,162,369,368.9999999999999
3,163,369,368.90476190476176
3,164,369,369.047619047619
3,165,369,369.3333333333332
3,166,370,369.66666666666646
3,167,370,370.047619047619
3,168,370,370.04761904761887
3,169,370,369.57142857142844
3,170,369,369.38095238095224
3,171,369,369.47619047619037
3,172,370,369.5238095238094
3,173,370,369.61904761904754
3,174,369,369.42857142857116
3,175,369,369.04761904761887
3,176,369,368.90476190476176
3,177,369,368.9999999999999
3,178,369,368.9999999999999
3,179,369,368.9999999999999
3,180,369,368.9999999999999
3,181,369,368.9999999999999
3,182,369,368.9999999999999
3,183,369,368.9999999999999
3,184,369,369.09523809523796
3,185,369,368.95238095238074
3,186,369,368.5714285714283
3,187,368,368.3809523809522
3,188,368,368.3809523809522
3,189,369,368.5714285714283
3,190,369,368.9523809523808
3,191,369,369.0952380952378
3,192,369,369.09523809523796
3,193,369,368.8571428571426
3,194,369,368.7142857142856
3,195,368,368.7619047619047
3,196,369,368.6666666666666
3,197,369,368.5238095238093
3,198,368,368.4285714285713
3,199,368,367.9523809523808
3,200,368,367.9523809523808
3,201,368,368.4285714285712
3,202,369,368.61904761904754
3,203,369,368.6190476190474
3,204,368,368.4285714285713
3,205,368,368.04761904761887
3,206,368,367.90476190476164
3,207,368,367.9999999999997
3,208,368,367.9999999999997
3,209,368,367.9999999999997
3,210,368,367.9999999999997
3,211,368,367.9999999999997
3,212,368,367.9999999999997
3,213,368,367.90476190476176
3,214,368,368.04761904761887
3,215,368,368.33333333333314
3,216,369,368.6666666666664
3,217,369,368.9523809523808
3,218,369,369.0952380952378
3,219,369,368.9999999999999
3,220,369,368.9999999999999
3,221,369,368.9999999999999
3,222,369,368.9999999999999
3,223,369,368.9999999999999
3,224,369,368.9999999999999
3,225,369,368.9999999999999
3,226,369,368.9999999999999
3,227,369,368.9999999999999
3,228,369,368.9999999999999
3,229,369,368.9999999999999
3,230,369,368.9999999999999
3,231,369,368.9999999999999
3,232,369,368.9999999999999
3,233,369,368.9999999999999
3,234,369,368.9999999999999
3,235,369,368.9999999999999
3,236,369,368.9999999999999
3,237,369,368.9999999999999
3,238,369,368.9999999999999
3,239,369,368.9999999999999
3,240,369,368.9999999999999
3,241,369,368.9999999999999
3,242,369,368.9999999999999
3,243,369,368.9999999999999
3,244,369,368.9999999999999
3,245,369,368.9999999999999
3,246,369,368.9999999999999
3,247,369,368.9999999999999
3,248,369,368.9999999999999
3,249,369,368.90476190476176
3,250,369,369.047619047619
3,251,369,369.3333333333332
3,252,370,369.66666666666646
3,253,370,369.97142857142876
3,254,370,370.142857142857
3,255,370,370.0
3,256,370,368.9047619047619
3,257,370,369.9523809523809
3,258,370,370.23809523809507
3,259,370,369.57142857142844
3,260,369,369.47619047619025
3,261,369,369.33333333333326
3,262,370,369.2380952380952
3,263,369,369.28571428571416
3,264,369,369.14285714285694
3,265,369,368.90476190476176
3,266,369,368.9999999999999
3,267,369,368.9999999999999
3,268,369,368.9999999999999
3,269,369,368.9999999999999
3,270,369,368.9999999999999
3,271,369,368.9999999999999
3,272,369,368.9999999999999
3,273,369,368.9999999999999
3,274,369,368.9999999999999
3,275,369,368.9999999999999
3,276,369,369.09523809523796
3,277,369,368.95238095238074
3,278,369,368.6666666666666
3,279,368,368.3333333333333
3,280,368,368.04761904761887
3,281,368,367.90476190476164
3,282,368,367.9999999999997
3,283,368,367.90476190476176
3,284,368,368.04761904761887
3,285,368,368.4285714285712
3,286,369,368.61904761904754
3,287,369,368.6190476190474
3,288,368,368.4285714285713
3,289,368,368.04761904761887
3,290,368,367.90476190476164
3,291,368,367.90476190476176
3,292,368,368.04761904761887
3,293,368,368.4285714285712
3,294,369,368.61904761904754
3,295,369,368.52380952380946
3,296,368,368.47619047619025
3,297,368,368.47619047619037
3,298,369,368.5238095238093
3,299,369,368.6190476190474
3,300,368,368.3333333333333
3,301,368,368.09523809523796
3,302,368,368.238095238095
3,303,369,368.6666666666664
3,304,369,369.04761904761887
3,305,369,369.04761904761887
3,306,369,368.5714285714283
3,307,368,368.3809523809522
3,308,368,368.3809523809522
3,309,369,368.5714285714283
3,310,369,369.04761904761887
3,311,369,369.04761904761887
3,312,369,368.6666666666666
3,313,368,368.3333333333333
3,314,368,367.9523809523808
3,315,368,367.9523809523808
3,316,368,368.33333333333314
3,317,369,368.6666666666664
3,318,369,368.9523809523808
3,319,369,369.0952380952378
3,320,369,368.9999999999999
3,321,369,368.9999999999999
3,322,369,368.9999999999999
3,323,369,368.9999999999999
3,324,369,368.9999999999999
3,325,369,368.9999999999999
3,326,369,368.9999999999999
3,327,369,368.90476190476176
3,328,369,369.047619047619
3,329,369,369.4285714285714
3,330,370,369.61904761904754
3,331,370,369.61904761904754
3,332,369,369.42857142857116
3,333,369,369.04761904761887
3,334,369,368.90476190476176
3,335,369,368.9999999999999
3,336,369,368.9999999999999
3,337,369,368.9999999999999
3,338,369,368.9999999999999
3,339,369,368.90476190476176
3,340,369,369.047619047619
3,341,369,369.3333333333332
3,342,370,369.66666666666646
3,343,370,370.047619047619
3,344,370,370.04761904761887
3,345,370,369.57142857142844
3,346,369,369.38095238095224
3,347,369,369.3809523809523
3,348,370,369.57142857142844
3,349,370,369.9523809523808
3,350,370,370.09523809523796
3,351,370,369.9999999999998
3,352,370,369.9999999999998
3,353,370,369.9999999999998
3,354,370,370.09523809523796
3,355,370,369.9523809523808
3,356,370,369.66666666666646
3,357,369,369.33333333333326
3,358,369,368.9523809523808
3,359,369,368.9523809523808
3,360,369,369.4285714285714
3,361,370,369.61904761904754
3,362,370,369.61904761904754
3,363,369,369.42857142857116
3,364,369,369.04761904761887
3,365,369,368.90476190476176
3,366,369,368.9999999999999
3,367,369,368.9999999999999
3,368,369,368.9999999999999
3,369,369,368.9999999999999
3,370,369,368.9999999999999
3,371,369,368.9999999999999
3,372,369,368.9999999999999
3,373,369,368.9999999999999
3,374,369,368.9999999999999
3,375,369,368.9999999999999
3,376,369,368.9999999999999
3,377,369,368.9999999999999
3,378,369,368.9999999999999
3,379,369,369.09523809523796
3,380,369,368.95238095238074
3,381,369,368.6666666666666
3,382,368,368.3333333333333
3,383,368,368.04761904761887
3,384,368,367.8095238095237
3,385,368,368.04761904761887
3,386,368,368.4285714285712
3,387,369,368.61904761904754
3,388,369,368.52380952380946
3,389,368,368.47619047619025
3,390,368,368.47619047619037
3,391,369,368.5238095238093
3,392,369,368.52380952380946
3,393,368,368.47619047619025
3,394,368,368.3809523809522
3,395,369,368.5714285714283
3,396,369,368.9523809523808
3,397,369,369.0952380952378
3,398,369,368.9999999999999
3,399,369,368.9999999999999
3,400,369,368.9999999999999
3,401,369,368.9999999999999
3,402,369,368.9999999999999
3,403,369,369.09523809523796
3,404,369,368.95238095238074
3,405,369,368.6666666666666
3,406,368,368.3333333333333
3,407,368,367.9523809523808
3,408,368,367.9523809523808
3,409,368,368.33333333333314
3,410,369,368.6666666666664
3,411,369,368.9523809523808
3,412,369,369.0952380952378
3,413,369,368.9999999999999
3,414,369,368.9999999999999
3,415,369,368.9999999999999
3,416,369,368.9999999999999
3,417,369,368.9999999999999
3,418,369,368.9999999999999
3,419,369,368.9999999999999
3,420,369,368.9999999999999
3,421,369,368.9999999999999
3,422,369,368.9999999999999
3,423,369,368.9999999999999
3,424,369,368.9999999999999
3,425,369,368.9999999999999
3,426,369,368.9999999999999
3,427,369,368.9999999999999
3,428,369,368.9999999999999
3,429,369,368.9999999999999
3,430,369,368.9999999999999
3,431,369,368.9999999999999
3,432,369,368.9999999999999
3,433,369,368.9999999999999
3,434,369,368.9999999999999
3,435,369,368.9999999999999
3,436,369,368.90476190476176
3,437,369,369.047619047619
3,438,369,369.3333333333332
3,439,370,369.66666666666646
3,440,370,369.9523809523808
3,441,370,370.09523809523796
3,442,370,369.9999999999998
3,443,370,369.9999999999998
3,444,370,369.9999999999998
3,445,370,370.09523809523796
3,446,370,369.9523809523808
3,447,370,369.66666666666646
3,448,369,369.33333333333326
3,449,369,368.85714285714266
3,450,369,368.9999999999999
3,451,369,369.76190476190465
3,452,371,370.2857142857143
3,453,371,370.66666666666663
3,454,370,370.47619047619037
3,455,370,369.6190476190475
3,456,369,369.28571428571405
3,457,369,369.47619047619037
3,458,370,369.5238095238094
3,459,370,369.61904761904754
3,460,369,369.42857142857116
3,461,369,369.04761904761887
3,462,369,368.90476190476176
3,463,369,368.9999999999999
3,464,369,368.9999999999999
3,465,369,368.9999999999999
3,466,369,368.9999999999999
3,467,369,368.9999999999999
3,468,369,368.9999999999999
3,469,369,368.9999999999999
3,470,369,368.9999999999999
3,471,369,368.9999999999999
3,472,369,368.9999999999999
3,473,369,368.9999999999999
3,474,369,368.9999999999999
3,475,369,368.9999999999999
3,476,369,368.9999999999999
3,477,369,368.9999999999999
3,478,369,368.9999999999999
3,479,369,368.9999999999999
3,480,369,368.9999999999999
3,481,369,368.9999999999999
3,482,369,368.9999999999999
3,483,369,369.09523809523796
3,484,369,368.95238095238074
3,485,369,368.6666666666666
3,486,368,368.3333333333333
3,487,368,368.04761904761887
3,488,368,367.8095238095237
3,489,368,368.04761904761887
3,490,368,368.4285714285712
3,491,369,368.61904761904754
3,492,369,368.6190476190474
3,493,368,368.4285714285713
3,494,368,368.04761904761887
3,495,368,367.90476190476164
3,496,368,367.9999999999997
3,497,368,367.9999999999997
3,498,368,367.9999999999997
3,499,368,367.9999999999997
3,500,368,367.9999999999997
3,501,368,367.90476190476176
3,502,368,368.04761904761887
3,503,368,368.33333333333314
3,504,369,368.6666666666664
3,505,369,369.14285714285694
3,506,369,368.99999999999983
3,507,369,368.23809523809507
3,508,367,367.71428571428555
3,509,367,367.3142857142859
3,510,368,367.34285714285704
3,511,368,368.09999999999985
3,512,368,367.6666666666666
3,513,368,367.90476190476176
3,514,368,367.76190476190453
3,515,367,367.3333333333333
3,516,367,366.9523809523808
3,517,367,366.95238095238085
3,518,367,367.3333333333333
3,519,368,367.6666666666665
3,520,368,367.9523809523809
3,521,368,368.0952380952378
3,522,368,368.09523809523796
3,523,368,367.95238095238085
3,524,368,367.57142857142844
3,525,367,367.38095238095224
3,526,367,367.38095238095224
3,527,368,367.5714285714284
3,528,368,367.9523809523809
3,529,368,368.0952380952378
3,530,368,367.9999999999997
3,531,368,368.09523809523796
3,532,368,367.95238095238085
3,533,368,367.47619047619025
3,534,367,367.4285714285714
3,535,367,367.80952380952357
3,536,369,368.19047619047603
3,537,369,368.5714285714283
3,538,368,368.5238095238093
3,539,368,368.04761904761887
3,540,368,367.90476190476164
3,541,368,367.9999999999997
3,542,368,367.9999999999997
3,543,368,367.9999999999997
3,544,368,367.9999999999997
3,545,368,367.9999999999997
3,546,368,367.9999999999997
3,547,368,367.9999999999997
3,548,368,367.9999999999997
3,549,368,367.9999999999997
3,550,368,367.9999999999997
3,551,368,367.9999999999997
3,552,368,367.9999999999997
3,553,368,367.9999999999997
3,554,368,367.9999999999997
3,555,368,367.9999999999997
3,556,368,367.9999999999997
3,557,368,367.9999999999997
3,558,368,367.9999999999997
3,559,368,367.9999999999997
3,560,368,368.09523809523796
3,561,368,367.95238095238085
3,562,368,367.57142857142844
3,563,367,367.38095238095224
3,564,367,367.38095238095224
3,565,368,367.5714285714284
3,566,368,367.9523809523809
3,567,368,368.0952380952378
3,568,368,367.9999999999997
3,569,368,367.9999999999997
3,570,368,367.90476190476176
3,571,368,368.04761904761887
3,572,368,368.4285714285712
3,573,369,368.61904761904754
3,574,369,368.6190476190474
3,575,368,368.4285714285713
3,576,368,368.04761904761887
3,577,368,367.90476190476164
3,578,368,367.9999999999997
3,579,368,367.9999999999997
3,580,368,367.9999999999997
3,581,368,367.9999999999997
3,582,368,367.9999999999997
3,583,368,367.9999999999997
3,584,368,367.9999999999997
3,585,368,367.90476190476176
3,586,368,368.04761904761887
3,587,368,368.4285714285712
3,588,369,368.61904761904754
3,589,369,368.6190476190474
3,590,368,368.4285714285713
3,591,368,367.9523809523808
3,592,368,367.9523809523808
3,593,368,368.4285714285712
3,594,369,368.61904761904754
3,595,369,368.6190476190474
3,596,368,368.4285714285713
3,597,368,368.04761904761887
3,598,368,367.90476190476164
3,599,368,367.9999999999997
3,600,368,367.9999999999997
3,601,368,367.9999999999997
3,602,368,367.9999999999997
3,603,368,367.9999999999997
3,604,368,367.9999999999997
3,605,368,367.9999999999997
3,606,368,367.9999999999997
3,607,368,367.9999999999997
3,608,368,367.9999999999997
3,609,368,367.9999999999997
3,610,368,367.9999999999997
3,611,368,367.9999999999997
3,612,368,368.09523809523796
3,613,368,367.95238095238085
3,614,368,367.6666666666665
3,615,367,367.3333333333333
3,616,367,366.9523809523808
3,617,367,366.95238095238085
3,618,367,367.3333333333333
3,619,368,367.6666666666665
3,620,368,367.9523809523809
3,621,368,368.0952380952378
3,622,368,367.9999999999997
3,623,368,367.9999999999997
3,624,368,367.9999999999997
3,625,368,367.9999999999997
3,626,368,367.9999999999997
3,627,368,368.09523809523796
3,628,368,367.95238095238085
3,629,368,367.57142857142844
3,630,367,367.38095238095224
3,631,367,367.47619047619037
3,632,368,367.5238095238093
3,633,368,367.6190476190475
3,634,367,367.4285714285712
3,635,367,367.047619047619
3,636,367,366.9047619047617
3,637,367,366.90476190476176
3,638,367,367.047619047619
3,639,367,367.3333333333333
3,640,368,367.6666666666665
3,641,368,367.9523809523809
3,642,368,368.0952380952378
3,643,368,367.9999999999997
3,644,368,367.9999999999997
3,645,368,367.9999999999997
3,646,368,367.9999999999997
3,647,368,367.9999999999997
3,648,368,367.9999999999997
3,649,368,367.9999999999997
3,650,368,367.9999999999997
3,651,368,367.9999999999997
3,652,368,367.9999999999997
3,653,368,367.9999999999997
3,654,368,368.09523809523796
3,655,368,367.95238095238085
3,656,368,367.57142857142844
3,657,367,367.38095238095224
3,658,367,367.38095238095224
3,659,368,367.5714285714284
3,660,368,367.9523809523809
3,661,368,368.0952380952378
3,662,368,367.9999999999997
3,663,368,367.9999999999997
3,664,368,367.9999999999997
3,665,368,367.9999999999997
3,666,368,367.9999999999997
3,667,368,367.9999999999997
3,668,368,367.9999999999997
3,669,368,367.9999999999997
3,670,368,367.9999999999997
3,671,368,367.9999999999997
3,672,368,367.9999999999997
3,673,368,367.9999999999997
3,674,368,367.9999999999997
3,675,368,367.9999999999997
3,676,368,367.9999999999997
3,677,368,367.9999999999997
3,678,368,367.9999999999997
3,679,368,367.9999999999997
3,680,368,367.9999999999997
3,681,368,367.9999999999997
3,682,368,367.9999999999997
3,683,368,367.9999999999997
3,684,368,368.09523809523796
3,685,368,367.95238095238085
3,686,368,367.47619047619025
3,687,367,367.4285714285714
3,688,367,367.7142857142856
3,689,369,368.33333333333314
3,690,369,368.8571428571428
3,691,369,368.9523809523808
3,692,368,368.28571428571405
3,693,368,367.61904761904736
3,694,367,367.28571428571416
3,695,367,367.38095238095224
3,696,368,367.5714285714284
3,697,368,367.9523809523809
3,698,368,368.0952380952378
3,699,368,367.9999999999997
3,700,368,367.9999999999997
3,701,368,367.9999999999997
3,702,368,367.9999999999997
3,703,368,367.9999999999997
3,704,368,367.9999999999997
3,705,368,367.9999999999997
3,706,368,367.9999999999997
3,707,368,367.9999999999997
3,708,368,367.9999999999997
3,709,368,367.9999999999997
3,710,368,367.9999999999997
3,711,368,367.9999999999997
3,712,368,367.9999999999997
3,713,368,367.9999999999997
3,714,368,368.09523809523796
3,715,368,367.8571428571428
3,716,368,367.7142857142855
3,717,367,367.6666666666664
3,718,368,367.7142857142855
3,719,368,367.85714285714266
3,720,368,368.0952380952378
3,721,368,368.09523809523796
3,722,368,367.95238095238085
3,723,368,367.6666666666665
3,724,367,367.3333333333333
3,725,367,367.047619047619
3,726,367,366.9047619047617
3,727,367,366.90476190476176
3,728,367,367.047619047619
3,729,367,367.4285714285712
3,730,368,367.61904761904754
3,731,368,367.52380952380935
3,732,367,367.4761904761903
3,733,367,367.38095238095224
3,734,368,367.6666666666666
3,735,368,367.90476190476176
3,736,368,367.6666666666666
3,737,367,367.38095238095224
3,738,367,367.38095238095224
3,739,368,367.5714285714284
3,740,368,367.9523809523809
3,741,368,368.0952380952378
3,742,368,367.9999999999997
3,743,368,367.9999999999997
3,744,368,367.9999999999997
3,745,368,367.9999999999997
3,746,368,367.9999999999997
3,747,368,367.9999999999997
3,748,368,367.9999999999997
3,749,368,367.9999999999997
3,750,368,367.9999999999997
3,751,368,367.9999999999997
3,752,368,367.9999999999997
3,753,368,367.9999999999997
3,754,368,368.09523809523796
3,755,368,367.95238095238085
3,756,368,367.47619047619025
3,757,367,367.52380952380946
3,758,367,367.6666666666664
3,759,369,367.90476190476176
3,760,368,368.238095238095
3,761,368,368.23809523809507
3,762,368,367.90476190476164
3,763,368,367.9999999999997
3,764,368,367.9999999999997
3,765,368,368.00000000000017
3,766,368,367.99999999999994
3,767,368,367.9999999999999
3,768,368,367.5714285714284
3,769,368,367.9523809523809
3,770,368,368.0952380952378
3,771,368,367.9999999999997
3,772,368,367.9999999999997
3,773,368,367.9999999999997
3,774,368,367.9999999999997
3,775,368,367.9999999999997
3,776,368,367.9999999999997
3,777,368,367.9999999999997
3,778,368,367.9999999999997
3,779,368,367.9999999999997
3,780,368,367.90476190476176
3,781,368,368.04761904761887
3,782,368,368.4285714285712
3,783,369,368.61904761904754
3,784,369,368.6190476190474
3,785,368,368.4285714285713
3,786,368,368.142857142857
3,787,368,367.8571428571426
3,788,368,367.57142857142844
3,789,367,367.38095238095224
3,790,367,367.38095238095224
3,791,368,367.5714285714284
3,792,368,367.9523809523809
3,793,368,368.0952380952378
3,794,368,367.9999999999997
3,795,368,367.9999999999997
3,796,368,367.9999999999997
3,797,368,367.9999999999997
3,798,368,367.9999999999997
3,799,368,367.9999999999997
3,800,368,367.9999999999997
3,801,368,367.9999999999997
3,802,368,367.9999999999997
3,803,368,367.9999999999997
3,804,368,367.9999999999997
3,805,368,367.9999999999997
3,806,368,367.9999999999997
3,807,368,367.9999999999997
3,808,368,367.9999999999997
3,809,368,367.9999999999997
3,810,368,367.9999999999997
3,811,368,368.09523809523796
3,812,368,367.95238095238085
3,813,368,367.6666666666665
3,814,367,367.3333333333333
3,815,367,366.9523809523808
3,816,367,366.95238095238085
3,817,367,367.3333333333333
3,818,368,367.6666666666665
3,819,368,367.9523809523809
3,820,368,368.0952380952378
3,821,368,367.9999999999997
3,822,368,367.9999999999997
3,823,368,368.09523809523796
3,824,368,367.95238095238085
3,825,368,367.57142857142844
3,826,367,367.38095238095224
3,827,367,367.38095238095224
3,828,368,367.5714285714284
3,829,368,367.9523809523809
3,830,368,368.0952380952378
3,831,368,367.9999999999997
3,832,368,367.9999999999997
3,833,368,367.9999999999997
3,834,368,368.09523809523796
3,835,368,367.95238095238085
3,836,368,367.57142857142844
3,837,367,367.38095238095224
3,838,367,367.38095238095224
3,839,368,367.5714285714284
3,840,368,367.9523809523809
3,841,368,368.0952380952378
3,842,368,367.9999999999997
3,843,368,367.9999999999997
3,844,368,367.9999999999997
3,845,368,367.9999999999997
3,846,368,368.09523809523796
3,847,368,367.95238095238085
3,848,368,367.57142857142844
3,849,367,367.38095238095224
3,850,367,367.38095238095224
3,851,368,367.5714285714284
3,852,368,367.9523809523809
3,853,368,368.0952380952378
3,854,368,367.9999999999997
3,855,368,367.9999999999997
3,856,368,367.9999999999997
3,857,368,367.9999999999997
3,858,368,367.9999999999997
3,859,368,367.9999999999997
3,860,368,367.9999999999997
3,861,368,367.9999999999997
3,862,368,367.9999999999997
3,863,368,367.9999999999997
3,864,368,367.9999999999997
3,865,368,367.9999999999997
3,866,368,367.9999999999997
3,867,368,367.9999999999997
3,868,368,367.9999999999997
3,869,368,367.9999999999997
3,870,368,367.9999999999997
3,871,368,367.9999999999997
3,872,368,367.9999999999997
3,873,368,367.90476190476176
3,874,368,368.04761904761887
3,875,368,368.4285714285712
3,876,369,368.61904761904754
3,877,369,368.52380952380946
3,878,368,368.47619047619025
3,879,368,368.3809523809522
3,880,369,368.6666666666666
3,881,369,368.90476190476176
3,882,369,368.76190476190453
3,883,368,368.3333333333333
3,884,368,368.04761904761887
3,885,368,367.90476190476164
3,886,368,367.9999999999997
3,887,368,367.9999999999997
3,888,368,367.9999999999997
3,889,368,367.9999999999997
3,890,368,367.9999999999997
3,891,368,367.90476190476176
3,892,368,368.04761904761887
3,893,368,368.33333333333314
3,894,369,368.6666666666664
3,895,369,368.9523809523808
3,896,369,369.190476190476
3,897,369,368.95238095238074
3,898,369,368.6666666666666
3,899,368,368.3333333333333
3,900,368,368.04761904761887
3,901,368,367.90476190476164
3,902,368,367.9999999999997
3,903,368,367.9999999999997
3,904,368,367.9999999999997
3,905,368,367.9999999999997
3,906,368,367.9999999999997
3,907,368,367.9999999999997
3,908,368,367.9999999999997
3,909,368,367.9999999999997
3,910,368,367.9999999999997
3,911,368,367.9999999999997
3,912,368,367.9999999999997
3,913,368,368.09523809523796
3,914,368,367.95238095238085
3,915,368,367.57142857142844
3,916,367,367.38095238095224
3,917,367,367.47619047619037
3,918,368,367.5238095238093
3,919,368,367.6190476190475
3,920,367,367.4285714285712
3,921,367,366.9523809523808
3,922,367,366.95238095238085
3,923,367,367.3333333333333
3,924,368,367.6666666666665
3,925,368,367.9523809523809
3,926,368,368.0952380952378
3,927,368,367.9999999999997
3,928,368,367.9999999999997
3,929,368,367.9999999999997
3,930,368,367.9999999999997
3,931,368,367.9999999999997
3,932,368,367.9999999999997
3,933,368,367.9999999999997
3,934,368,367.9999999999997
3,935,368,367.9999999999997
3,936,368,367.9999999999997
3,937,368,367.9999999999997
3,938,368,367.9999999999997
3,939,368,367.9999999999997
3,940,368,367.9999999999997
3,941,368,367.9999999999997
3,942,368,367.9999999999997
3,943,368,367.9999999999997
3,944,368,367.9999999999997
3,945,368,367.9999999999997
3,946,368,367.9999999999997
3,947,368,367.9999999999997
3,948,368,367.9999999999997
3,949,368,367.9999999999997
3,950,368,367.90476190476176
3,951,368,368.04761904761887
3,952,368,368.4285714285712
3,953,369,368.61904761904754
3,954,369,368.6190476190474
3,955,368,368.4285714285713
3,956,368,368.04761904761887
3,957,368,367.99999999999983
3,958,368,367.95238095238085
3,959,368,367.57142857142844
3,960,367,367.38095238095224
3,961,367,367.38095238095224
3,962,368,367.5714285714284
3,963,368,367.9523809523809
3,964,368,368.0952380952378
3,965,368,367.9999999999997
3,966,368,367.9999999999997
3,967,368,367.9999999999997
3,968,368,367.9999999999997
3,969,368,367.9999999999997
3,970,368,367.9999999999997
3,971,368,367.9999999999997
3,972,368,367.9999999999997
3,973,368,367.9999999999997
3,974,368,367.9999999999997
3,975,368,367.9999999999997
3,976,368,367.90476190476176
3,977,368,368.04761904761887
3,978,368,368.4285714285712
3,979,369,368.61904761904754
3,980,369,368.6190476190474
3,981,368,368.4285714285713
3,982,368,368.04761904761887
3,983,368,367.90476190476164
3,984,368,367.9999999999997
3,985,368,367.9999999999997
3,986,368,367.9999999999997
3,987,368,367.9999999999997
3,988,368,367.9999999999997
3,989,368,367.9999999999997
3,990,368,367.90476190476176
3,991,368,368.04761904761887
3,992,368,368.4285714285712
3,993,369,368.61904761904754
3,994,369,368.52380952380946
3,995,368,368.47619047619025
3,996,368,368.3809523809522
3,997,369,368.6666666666666
3,998,369,368.90476190476176
3,999,369,368.76190476190453
3,1000,368,368.3333333333333
3,1001,368,368.04761904761887
3,1002,368,367.90476190476164
3,1003,368,367.90476190476176
3,1004,368,368.04761904761887
3,1005,368,368.23809523809507
3,1006,369,368.71428571428555
3,1007,369,369.2857142857143
3,1008,370,369.76190476190476
3,1009,370,369.9523809523808
3,1010,370,370.09523809523796
3,1011,370,369.9999999999998
3,1012,370,369.9999999999998
3,1013,370,369.9999999999998
3,1014,370,369.9999999999998
3,1015,370,369.9999999999998
3,1016,370,369.9999999999998
3,1017,370,370.09523809523796
3,1018,370,369.9523809523808
3,1019,370,369.57142857142844
3,1020,369,369.38095238095224
3,1021,369,369.28571428571456
3,1022,370,369.48571428571415
3,1023,370,370.0999999999999
3,1024,369,368.5714285714286
3,1025,370,369.5714285714286
3,1026,370,370.1428571428571
3,1027,370,370.09523809523796
3,1028,370,369.9999999999998
3,1029,370,369.9999999999998
3,1030,370,369.9999999999998
3,1031,370,369.9999999999998
3,1032,370,370.09523809523796
3,1033,370,369.9523809523808
3,1034,370,369.66666666666646
3,1035,369,369.33333333333326
3,1036,369,369.04761904761887
3,1037,369,368.90476190476176
3,1038,369,368.9999999999999
3,1039,369,368.9999999999999
3,1040,369,368.9999999999999
3,1041,369,368.9999999999999
3,1042,369,368.9999999999999
3,1043,369,368.9999999999999
3,1044,369,368.9999999999999
3,1045,369,368.9999999999999
3,1046,369,368.9999999999999
3,1047,369,368.9999999999999
3,1048,369,368.9999999999999
3,1049,369,368.9999999999999
3,1050,369,368.9999999999999
3,1051,369,368.9999999999999
3,1052,369,368.9999999999999
3,1053,369,368.9999999999999
3,1054,369,368.9999999999999
3,1055,369,368.9999999999999
3,1056,369,368.9999999999999
3,1057,369,368.90476190476176
3,1058,369,369.047619047619
3,1059,369,369.4285714285714
3,1060,370,369.61904761904754
3,1061,370,369.61904761904754
3,1062,369,369.42857142857116
3,1063,369,369.04761904761887
3,1064,369,368.9999999999998
3,1065,369,368.95238095238074
3,1066,369,368.5714285714283
3,1067,368,368.3809523809522
3,1068,368,368.3809523809522
3,1069,369,368.5714285714283
3,1070,369,368.9523809523808
3,1071,369,369.0952380952378
3,1072,369,368.9999999999999
3,1073,369,368.9999999999999
3,1074,369,369.09523809523796
3,1075,369,368.95238095238074
3,1076,369,368.5714285714283
3,1077,368,368.3809523809522
3,1078,368,368.3809523809522
3,1079,369,368.5714285714283
3,1080,369,368.9523809523808
3,1081,369,369.0952380952378
3,1082,369,368.9999999999999
3,1083,369,368.9999999999999
3,1084,369,368.9999999999999
3,1085,369,368.9999999999999
3,1086,369,368.9999999999999
3,1087,369,368.9999999999999
3,1088,369,368.9999999999999
3,1089,369,368.9999999999999
3,1090,369,368.9999999999999
3,1091,369,368.9999999999999
3,1092,369,368.9999999999999
3,1093,369,368.9999999999999
3,1094,369,368.9999999999999
3,1095,369,368.9999999999999
3,1096,369,368.9999999999999
3,1097,369,368.9999999999999
3,1098,369,368.9999999999999
3,1099,369,368.9999999999999
3,1100,369,368.9999999999999
3,1101,369,368.9999999999999
3,1102,369,368.9999999999999
3,1103,369,368.9999999999999
3,1104,369,368.9999999999999
3,1105,369,368.9999999999999
3,1106,369,368.9999999999999
3,1107,369,368.9999999999999
3,1108,369,368.90476190476176
3,1109,369,369.047619047619
3,1110,369,369.3333333333332
3,1111,370,369.66666666666646
3,1112,370,369.9523809523808
3,1113,370,370.09523809523796
3,1114,370,369.9999999999998
3,1115,370,369.9999999999998
3,1116,370,370.09523809523796
3,1117,370,369.9523809523808
3,1118,370,369.66666666666646
3,1119,369,369.33333333333326
3,1120,369,369.04761904761887
3,1121,369,368.90476190476176
3,1122,369,368.90476190476176
3,1123,369,369.047619047619
3,1124,369,369.4285714285714
3,1125,370,369.52380952380935
3,1126,370,369.66666666666663
3,1127,369,369.76190476190453
3,1128,370,369.8095238095237
3,1129,370,369.8095238095237
3,1130,370,369.66666666666663
3,1131,369,369.38095238095224
3,1132,369,369.3809523809523
3,1133,370,369.57142857142844
3,1134,370,369.9523809523808
3,1135,370,370.09523809523796
3,1136,370,369.9999999999998
3,1137,370,370.09523809523796
3,1138,370,369.9523809523808
3,1139,370,369.66666666666646
3,1140,369,369.33333333333326
3,1141,369,368.9523809523808
3,1142,369,368.9523809523808
3,1143,369,369.4285714285714
3,1144,370,369.61904761904754
3,1145,370,369.61904761904754
3,1146,369,369.42857142857116
3,1147,369,368.9523809523808
3,1148,369,368.9523809523808
3,1149,369,369.4285714285714
3,1150,370,369.61904761904754
3,1151,370,369.61904761904754
3,1152,369,369.42857142857116
3,1153,369,369.04761904761887
3,1154,369,368.90476190476176
3,1155,369,368.9999999999999
3,1156,369,368.9999999999999
3,1157,369,368.9999999999999
3,1158,369,368.9999999999999
3,1159,369,368.9999999999999
3,1160,369,368.9999999999999
3,1161,369,368.9999999999999
3,1162,369,368.90476190476176
3,1163,369,369.047619047619
3,1164,369,369.4285714285714
3,1165,370,369.61904761904754
3,1166,370,369.61904761904754
3,1167,369,369.42857142857116
3,1168,369,369.04761904761887
3,1169,369,368.90476190476176
3,1170,369,368.9999999999999
3,1171,369,368.9999999999999
3,1172,369,368.9999999999999
3,1173,369,368.9999999999999
3,1174,369,368.9999999999999
3,1175,369,368.9999999999999
3,1176,369,368.9999999999999
3,1177,369,368.9999999999999
3,1178,369,368.9999999999999
3,1179,369,368.9999999999999
3,1180,369,368.9999999999999
3,1181,369,368.9999999999999
3,1182,369,368.9999999999999
3,1183,369,368.9999999999999
3,1184,369,368.9999999999999
3,1185,369,369.09523809523796
3,1186,369,368.95238095238074
3,1187,369,368.5714285714283
3,1188,368,368.3809523809522
3,1189,368,368.47619047619037
3,1190,369,368.5238095238093
3,1191,369,368.52380952380946
3,1192,368,368.47619047619025
3,1193,368,368.3809523809522
3,1194,369,368.6666666666666
3,1195,369,368.90476190476176
3,1196,369,368.6666666666666
3,1197,368,368.3809523809522
3,1198,368,368.47619047619037
3,1199,369,368.5238095238093
3,1200,369,368.6190476190474
3,1201,368,368.4285714285713
3,1202,368,367.9523809523808
3,1203,368,367.9523809523808
3,1204,368,368.33333333333314
3,1205,369,368.6666666666664
3,1206,369,369.04761904761887
3,1207,369,369.04761904761887
3,1208,369,368.6666666666666
3,1209,368,368.3333333333333
3,1210,368,367.9523809523808
3,1211,368,367.9523809523808
3,1212,368,368.33333333333314
3,1213,369,368.6666666666664
3,1214,369,368.9523809523808
3,1215,369,369.0952380952378
3,1216,369,368.9999999999999
3,1217,369,368.9999999999999
3,1218,369,368.9999999999999
3,1219,369,368.9999999999999
3,1220,369,368.9999999999999
3,1221,369,368.9999999999999
3,1222,369,368.9999999999999
3,1223,369,368.9999999999999
3,1224,369,368.9999999999999
3,1225,369,368.90476190476176
3,1226,369,369.047619047619
3,1227,369,369.4285714285714
3,1228,370,369.61904761904754
3,1229,370,369.61904761904754
3,1230,369,369.42857142857116
3,1231,369,369.04761904761887
3,1232,369,368.90476190476176
3,1233,369,368.9999999999999
3,1234,369,368.9999999999999
3,1235,369,368.9999999999999
3,1236,369,368.9999999999999
3,1237,369,368.9999999999999
3,1238,369,368.90476190476176
3,1239,369,369.047619047619
3,1240,369,369.3333333333332
3,1241,370,369.66666666666646
3,1242,370,370.047619047619
3,1243,370,370.04761904761887
3,1244,370,369.66666666666646
3,1245,369,369.33333333333326
3,1246,369,368.9523809523808
3,1247,369,368.9523809523808
3,1248,369,369.4285714285714
3,1249,370,369.61904761904754
3,1250,370,369.52380952380946
3,1251,369,369.47619047619037
3,1252,369,369.47619047619037
3,1253,370,369.5238095238094
3,1254,370,369.61904761904754
3,1255,369,369.33333333333326
3,1256,369,369.09523809523785
3,1257,369,369.3333333333332
3,1258,370,369.61904761904754
3,1259,370,369.61904761904754
3,1260,369,369.42857142857116
3,1261,369,369.04761904761887
3,1262,369,368.90476190476176
3,1263,369,368.9999999999999
3,1264,369,368.9999999999999
3,1265,369,368.9999999999999
3,1266,369,368.9999999999999
3,1267,369,368.9999999999999
3,1268,369,368.9999999999999
3,1269,369,368.9999999999999
3,1270,369,368.9999999999999
3,1271,369,368.9999999999999
3,1272,369,368.9999999999999
3,1273,369,368.9999999999999
3,1274,369,368.9999999999999
3,1275,369,368.9999999999999
3,1276,369,368.9999999999999
3,1277,369,369.0000000000001
3,1278,369,368.99999999999983
3,1279,369,368.99999999999994
3,1280,369,368.33333333333314
3,1281,369,368.8571428571428
3,1282,369,368.85714285714255
3,1283,368,368.3333333333333
3,1284,368,368.04761904761887
3,1285,368,367.90476190476164
3,1286,368,367.9999999999997
3,1287,368,367.9999999999997
3,1288,368,367.9999999999997
3,1289,368,367.9999999999997
3,1290,368,367.90476190476176
3,1291,368,368.04761904761887
3,1292,368,368.33333333333314
3,1293,369,368.6666666666664
3,1294,369,368.9523809523808
3,1295,369,369.0952380952378
3,1296,369,368.9999999999999
3,1297,369,368.9999999999999
3,1298,369,368.9999999999999
3,1299,369,368.9999999999999
3,1300,369,368.9999999999999
3,1301,369,368.9999999999999
3,1302,369,368.9999999999999
3,1303,369,368.9999999999999
3,1304,369,368.9999999999999
3,1305,369,368.9999999999999
3,1306,369,368.9999999999999
3,1307,369,368.9999999999999
3,1308,369,368.9999999999999
3,1309,369,368.9999999999999
3,1310,369,368.9999999999999
3,1311,369,369.09523809523796
3,1312,369,368.95238095238074
3,1313,369,368.5714285714283
3,1314,368,368.3809523809522
3,1315,368,368.3809523809522
3,1316,369,368.5714285714283
3,1317,369,368.9523809523808
3,1318,369,369.0952380952378
3,1319,369,368.9999999999999
3,1320,369,368.90476190476176
3,1321,369,369.047619047619
3,1322,369,369.3333333333332
3,1323,370,369.66666666666646
3,1324,370,369.9523809523808
3,1325,370,370.09523809523796
3,1326,370,370.09523809523796
3,1327,370,369.9523809523808
3,1328,370,369.66666666666646
3,1329,369,369.33333333333326
3,1330,369,369.04761904761887
3,1331,369,368.90476190476176
3,1332,369,368.9999999999999
3,1333,369,368.9999999999999
3,1334,369,368.9999999999999
3,1335,369,368.9999999999999
3,1336,369,368.9999999999999
3,1337,369,368.90476190476176
3,1338,369,369.047619047619
3,1339,369,369.3333333333332
3,1340,370,369.66666666666646
3,1341,370,369.9523809523808
3,1342,370,370.09523809523796
3,1343,370,370.09523809523796
3,1344,370,369.9523809523808
3,1345,370,369.57142857142844
3,1346,369,369.38095238095224
3,1347,369,369.47619047619037
3,1348,370,369.5238095238094
3,1349,370,369.61904761904754
3,1350,369,369.42857142857116
3,1351,369,369.04761904761887
3,1352,369,368.90476190476176
3,1353,369,368.9999999999999
3,1354,369,368.9999999999999
3,1355,369,368.9999999999999
3,1356,369,368.90476190476176
3,1357,369,369.047619047619
3,1358,369,369.4285714285714
3,1359,370,369.61904761904754
3,1360,370,369.61904761904754
3,1361,369,369.42857142857116
3,1362,369,368.9523809523808
3,1363,369,368.9523809523808
3,1364,369,369.3333333333332
3,1365,370,369.66666666666646
3,1366,370,369.9523809523808
3,1367,370,370.09523809523796
3,1368,370,369.9999999999998
3,1369,370,369.9999999999998
3,1370,370,370.09523809523796
3,1371,370,369.9523809523808
3,1372,370,369.66666666666646
3,1373,369,369.33333333333326
3,1374,369,369.04761904761887
3,1375,369,368.90476190476176
3,1376,369,368.90476190476176
3,1377,369,369.047619047619
3,1378,369,369.4285714285714
3,1379,370,369.61904761904754
3,1380,370,369.61904761904754
3,1381,369,369.42857142857116
3,1382,369,369.04761904761887
3,1383,369,368.90476190476176
3,1384,369,368.9999999999999
3,1385,369,368.90476190476176
3,1386,369,369.047619047619
3,1387,369,369.4285714285714
3,1388,370,369.61904761904754
3,1389,370,369.61904761904754
3,1390,369,369.42857142857116
3,1391,369,369.04761904761887
3,1392,369,368.90476190476176
3,1393,369,369.09523809523796
3,1394,369,368.95238095238074
3,1395,369,368.5714285714283
3,1396,368,368.3809523809522
3,1397,368,368.3809523809522
3,1398,369,368.5714285714283
3,1399,369,368.9523809523808
3,1400,369,369.0952380952378
3,1401,369,368.9999999999999
3,1402,369,368.9999999999999
3,1403,369,368.9999999999999
3,1404,369,368.9999999999999
3,1405,369,368.9999999999999
3,1406,369,368.9999999999999
3,1407,369,368.9999999999999
3,1408,369,368.9999999999999
3,1409,369,368.9999999999999
3,1410,369,369.09523809523796
3,1411,369,368.95238095238074
3,1412,369,368.5714285714283
3,1413,368,368.3809523809522
3,1414,368,368.3809523809522
3,1415,369,368.5714285714283
3,1416,369,368.9523809523808
3,1417,369,369.0952380952378
3,1418,369,368.9999999999999
3,1419,369,368.9999999999999
3,1420,369,369.09523809523796
3,1421,369,368.95238095238074
3,1422,369,368.6666666666666
3,1423,368,368.3333333333333
3,1424,368,367.9523809523808
3,1425,368,367.9523809523808
3,1426,368,368.33333333333314
3,1427,369,368.6666666666664
3,1428,369,368.9523809523808
3,1429,369,369.0952380952378
3,1430,369,368.9999999999999
3,1431,369,368.9999999999999
3,1432,369,368.9999999999999
3,1433,369,369.09523809523796
3,1434,369,368.95238095238074
3,1435,369,368.5714285714283
3,1436,368,368.3809523809522
3,1437,368,368.3809523809522
3,1438,369,368.5714285714283
3,1439,369,368.9523809523808
3,1440,369,369.0952380952378
3,1441,369,368.9999999999999
3,1442,369,368.9999999999999
3,1443,369,368.9999999999999
3,1444,369,368.9999999999999
3,1445,369,368.9999999999999
3,1446,369,368.9999999999999
3,1447,369,368.9999999999999
3,1448,369,368.9999999999999
3,1449,369,368.9999999999999
3,1450,369,368.9999999999999
3,1451,369,368.9999999999999
3,1452,369,368.9999999999999
3,1453,369,368.9999999999999
3,1454,369,368.9999999999999
3,1455,369,368.9999999999999
3,1456,369,368.9999999999999
3,1457,369,368.9999999999999
3,1458,369,368.9999999999999
3,1459,369,368.9999999999999
3,1460,369,368.9999999999999
3,1461,369,368.9999999999999
3,1462,369,368.90476190476176
3,1463,369,369.047619047619
3,1464,369,369.4285714285714
3,1465,370,369.61904761904754
3,1466,370,369.52380952380946
3,1467,369,369.47619047619037
3,1468,369,369.3809523809523
3,1469,370,369.57142857142844
3,1470,370,370.047619047619
3,1471,370,370.04761904761887
3,1472,370,369.66666666666646
3,1473,369,369.33333333333326
3,1474,369,368.9523809523808
3,1475,369,368.9523809523808
3,1476,369,369.3333333333332
3,1477,370,369.76190476190465
3,1478,370,369.90476190476176
3,1479,370,369.66666666666663
3,1480,369,369.38095238095224
3,1481,369,369.3809523809523
3,1482,370,369.57142857142844
3,1483,370,369.9523809523808
3,1484,370,370.09523809523796
3,1485,370,369.9999999999998
3,1486,370,369.9999999999998
3,1487,370,369.9999999999998
3,1488,370,369.9999999999998
3,1489,370,369.9999999999998
3,1490,370,369.9999999999998
3,1491,370,370.09523809523796
3,1492,370,369.9523809523808
3,1493,370,369.57142857142844
3,1494,369,369.38095238095224
3,1495,369,369.47619047619037
3,1496,370,369.5238095238094
3,1497,370,369.52380952380946
3,1498,369,369.47619047619037
3,1499,369,369.47619047619037
3,1500,370,369.5238095238094
3,1501,370,369.52380952380946
3,1502,369,369.47619047619037
3,1503,369,369.47619047619037
3,1504,370,369.5238095238094
3,1505,370,369.61904761904754
3,1506,369,369.42857142857116
3,1507,369,369.04761904761887
3,1508,369,368.90476190476176
3,1509,369,368.9999999999999
3,1510,369,369.09523809523796
3,1511,369,368.95238095238074
3,1512,369,368.6666666666666
3,1513,368,368.3333333333333
3,1514,368,368.04761904761887
3,1515,368,367.90476190476164
3,1516,368,367.9999999999997
3,1517,368,367.9999999999997
3,1518,368,367.9999999999997
3,1519,368,367.9999999999997
3,1520,368,367.9999999999997
3,1521,368,367.9999999999997
3,1522,368,367.9999999999997
3,1523,368,367.9999999999997
3,1524,368,367.9999999999997
3,1525,368,367.9999999999997
3,1526,368,367.9999999999997
3,1527,368,367.9999999999997
3,1528,368,367.9999999999997
3,1529,368,367.9999999999997
3,1530,368,367.9999999999997
3,1531,368,368.09523809523796
3,1532,368,367.95238095238085
3,1533,368,367.74285714285725
3,1534,367,367.37142857142834
3,1535,367,366.9
3,1536,368,367.5714285714284
3,1537,368,368.04761904761875
3,1538,368,367.9523809523808
3,1539,368,367.7142857142855
3,1540,367,367.6666666666664
3,1541,368,367.7142857142855
3,1542,368,367.85714285714266
3,1543,368,368.0952380952378
3,1544,368,368.09523809523796
3,1545,368,367.95238095238085
3,1546,368,367.57142857142844
3,1547,367,367.38095238095224
3,1548,367,367.38095238095224
3,1549,368,367.5714285714284
3,1550,368,367.9523809523809
3,1551,368,368.0952380952378
3,1552,368,367.9999999999997
3,1553,368,367.9999999999997
3,1554,368,367.9999999999997
3,1555,368,367.9999999999997
3,1556,368,367.9999999999997
3,1557,368,367.9999999999997
3,1558,368,367.9999999999997
3,1559,368,367.9999999999997
3,1560,368,367.9999999999997
3,1561,368,367.9999999999997
3,1562,368,367.9999999999997
3,1563,368,367.9999999999997
3,1564,368,367.9999999999997
3,1565,368,367.9999999999997
3,1566,368,367.9999999999997
3,1567,368,367.9999999999997
3,1568,368,367.9999999999997
3,1569,368,367.90476190476176
3,1570,368,368.04761904761887
3,1571,368,368.4285714285712
3,1572,369,368.61904761904754
3,1573,369,368.6190476190474
3,1574,368,368.4285714285713
3,1575,368,368.04761904761887
3,1576,368,367.90476190476164
3,1577,368,367.9999999999997
3,1578,368,367.9999999999997
3,1579,368,368.09523809523796
3,1580,368,367.95238095238085
3,1581,368,367.6666666666665
3,1582,367,367.2380952380951
3,1583,367,367.095238095238
3,1584,367,367.23809523809507
3,1585,368,367.6666666666665
3,1586,368,368.04761904761875
3,1587,368,368.04761904761887
3,1588,368,367.74285714285725
3,1589,367,367.37142857142834
3,1590,367,366.9
