channel,index,raw,filtered
1,0,382,379.2760180995477
1,1,382,379.49592760181
1,2,382,379.72488687782817
1,3,379,379.9266968325793
1,4,379,380.2063348416291
1,5,378,380.268778280543
1,6,378,380.0959276018101
1,7,381,379.88144796380107
1,8,381,379.9113122171946
1,9,381,379.74570135746603
1,10,381,379.69773755656115
1,11,379,379.3882352941178
1,12,379,379.2497737556562
1,13,379,378.62352941176476
1,14,376,377.8660633484164
1,15,376,377.33122171945706
1,16,378,376.9728506787331
1,17,378,376.8886877828055
1,18,378,376.9764705882354
1,19,375,376.85429864253405
1,20,377,376.9402714932127
1,21,377,377.2343891402717
1,22,378,377.321266968326
1,23,378,377.3855203619911
1,24,377,377.6769230769232
1,25,377,378.0452488687784
1,26,379,378.481447963801
1,27,379,378.5610859728508
1,28,379,378.7366515837105
1,29,379,378.8488687782807
1,30,379,379.0180995475114
1,31,379,379.09411764705885
1,32,379,379.05882352941177
1,33,379,379.0262443438916
1,34,379,379.116742081448
1,35,379,379.18914027149333
1,36,379,379.172850678733
1,37,379,379.1972850678733
1,38,380,379.25339366515846
1,39,380,379.3321266968327
1,40,379,379.3538461538463
1,41,379,379.4389140271494
1,42,379,379.56923076923096
1,43,380,379.72669683257925
1,44,380,379.8932126696833
1,45,380,380.0506787330319
1,46,380,380.31945701357483
1,47,381,380.6199095022626
1,48,381,380.73393665158386
1,49,381,380.8434389140273
1,50,381,380.99185520362005
1,51,381,381.16108597285074
1,52,381,381.342081447964
1,53,381,381.39638009049787
1,54,381,381.32398190045257
1,55,382,381.2633484162897
1,56,382,381.0823529411767
1,57,381,380.9194570135748
1,58,381,380.77466063348436
1,59,380,380.64796380090513
1,60,380,380.53936651583723
1,61,380,380.44886877828066
1,62,380,380.37647058823546
1,63,381,380.5312217194572
1,64,381,380.72217194570146
1,65,381,380.8995475113124
1,66,381,381.0135746606336
1,67,381,380.94389140271494
1,68,381,380.7701357466064
1,69,381,380.64253393665155
1,70,380,380.31131221719465
1,71,380,379.9420814479639
1,72,379,379.5004524886879
1,73,379,378.9520361990952
1,74,379,378.46244343891414
1,75,379,378.1294117647061
1,76,377,377.8506787330318
1,77,377,377.6624434389142
1,78,377,377.4624434389142
1,79,377,377.3484162895929
1,80,378,377.20904977375574
1,81,378,377.1330316742082
1,82,377,377.13846153846174
1,83,377,377.24343891402725
1,84,377,377.2597285067873
1,85,377,377.1990950226245
1,86,377,377.07058823529417
1,87,377,376.88325791855215
1,88,377,376.85520361990956
1,89,377,376.8045248868779
1,90,377,376.61990950226254
1,91,376,376.3900452488689
1,92,376,376.2036199095024
1,93,376,375.9493212669685
1,94,376,375.7248868778282
1,95,375,375.4280542986427
1,96,375,375.02443438914037
1,97,375,374.6796380090499
1,98,375,374.42081447963807
1,99,374,374.2072398190046
1,100,374,373.998190045249
1,101,373,373.8208144796381
1,102,373,373.7022624434389
1,103,374,373.5312217194573
1,104,374,373.39638009049787
1,105,374,373.3158371040725
1,106,373,373.2371040723984
1,107,373,373.1692307692309
1,108,373,373.18280542986435
1,109,373,373.13936651583714
1,110,373,373.1004524886879
1,111,373,373.2660633484164
1,112,373,373.50678733031674
1,113,374,373.702262443439
1,114,374,373.6615384615385
1,115,374,373.59366515837115
1,116,374,373.4986425339368
1,117,374,373.37647058823546
1,118,373,373.15656108597295
1,119,372,372.9683257918554
1,120,372,372.8733031674209
1,121,373,372.8714932126697
1,122,373,372.9013574660634
1,123,373,372.9719457013575
1,124,373,373.0217194570138
1,125,374,373.18914027149344
1,126,374,373.2651583710408
1,127,373,373.302262443439
1,128,373,373.4144796380092
1,129,373,373.58371040724
1,130,373,373.7303167420815
1,131,374,373.7040723981902
1,132,374,373.7547511312218
1,133,375,374.1348416289594
1,134,375,374.49683257918565
1,135,374,374.63167420814494
1,136,374,374.7303167420815
1,137,374,374.77466063348425
1,138,376,374.74660633484183
1,139,376,374.69592760181007
1,140,374,374.6723981900454
1,141,374,374.8669683257921
1,142,375,375.0705882352943
1,143,375,375.00361990950233
1,144,375,374.98642533936663
1,145,375,374.99185520361993
1,146,376,375.26968325791876
1,147,376,375.5990950226246
1,148,375,375.82352941176487
1,149,375,376.1185520361992
1,150,377,376.4570135746608
1,151,377,376.6796380090498
1,152,377,376.82714932126703
1,153,377,377.00180995475114
1,154,378,377.37647058823535
1,155,378,377.7239819004525
1,156,377,377.8171945701358
1,157,377,377.8289592760182
1,158,378,378.0705882352942
1,159,379,378.2533936651585
1,160,379,378.22714932126706
1,161,378,378.24162895927606
1,162,378,378.4081447963802
1,163,379,378.6380090497739
1,164,379,378.77466063348425
1,165,378,378.8615384615386
1,166,378,379.0099547511314
1,167,380,379.2696832579187
1,168,380,379.5610859728508
1,169,380,379.7366515837105
1,170,380,379.9194570135748
1,171,380,380.10045248868795
1,172,380,380.0678733031676
1,173,380,380.0126696832581
1,174,380,379.8488687782807
1,175,380,379.83529411764715
1,176,380,379.8307692307693
1,177,379,379.83529411764715
1,178,379,379.84886877828075
1,179,381,379.8714932126698
1,180,380,379.9031674208146
1,181,380,379.94389140271494
1,182,380,379.99366515837124
1,183,380,379.98190045248884
1,184,380,380.03800904977385
1,185,380,380.01447963800905
1,186,380,379.9638009049775
1,187,380,380.1447963800906
1,188,380,380.27782805429877
1,189,380,380.42443438914034
1,190,381,380.5755656108597
1,191,381,380.7927601809957
1,192,381,380.937556561086
1,193,381,381.00995475113126
1,194,381,380.93936651583715
1,195,381,380.85520361990956
1,196,381,380.7484162895929
1,197,381,380.6099547511313
1,198,380,380.63981900452495
1,199,380,380.6380090497739
1,200,380,380.6135746606335
1,201,381,380.57556561085977
1,202,381,380.53303167420825
1,203,381,380.4950226244345
1,204,381,380.47058823529426
1,205,380,380.468778280543
1,206,380,380.36018099547516
1,207,380,380.21538461538466
1,208,380,380.1049773755658
1,209,380,380.0380090497738
1,210,380,379.9619909502263
1,211,380,379.89502262443455
1,212,380,379.9257918552037
1,213,380,379.804524886878
1,214,380,379.5493212669685
1,215,379,379.3076923076924
1,216,379,379.2298642533938
1,217,379,379.0660633484163
1,218,379,378.8434389140273
1,219,378,378.5891402714933
1,220,378,378.33031674208155
1,221,379,378.0235294117648
1,222,379,377.82533936651595
1,223,377,377.827149321267
1,224,377,377.7203619909503
1,225,377,377.5411764705883
1,226,377,377.32579185520376
1,227,377,377.04253393665164
1,228,378,376.6597285067875
1,229,378,376.3520361990951
1,230,375,376.0941176470589
1,231,375,375.6542986425341
1,232,375,375.20090497737567
1,233,375,374.8316742081449
1,234,374,374.4443438914028
1,235,374,374.0751131221721
1,236,374,373.8986425339368
1,237,374,373.8895927601812
1,238,374,373.6778280542987
1,239,374,373.4932126696835
1,240,373,373.42443438914034
1,241,373,373.3601809954752
1,242,373,373.1185520361992
1,243,373,372.91764705882355
1,244,373,372.83710407239835
1,245,373,372.756561085973
1,246,373,372.6235294117648
1,247,372,372.58552036199103
1,248,372,372.5131221719457
1,249,373,372.4385614385612
1,250,373,372.4065934065933
1,251,372,372.44455544455525
1,252,372,372.5617715617719
1,253,373,372.70023310023316
1,254,373,372.7474747474741
1,255,373,373.22727272727275
1,256,373,374.4180995475114
1,257,372,373.8135746606336
1,258,372,373.21085972850705
1,259,373,372.7755656108599
1,260,373,372.6054298642535
1,261,373,372.59819004524894
1,262,373,372.7194570135747
1,263,373,373.13484162895935
1,264,373,373.38823529411775
1,265,374,373.48506787330325
1,266,374,373.41628959276034
1,267,373,373.4407239819006
1,268,373,373.4787330316743
1,269,374,373.45067873303185
1,270,374,373.4769230769232
1,271,373,373.53936651583723
1,272,373,373.61990950226254
1,273,374,373.7683257918552
1,274,374,374.03438914027157
1,275,374,374.2615384615386
1,276,375,374.4932126696834
1,277,375,374.7701357466064
1,278,375,375.1330316742082
1,279,375,375.3457013574662
1,280,376,375.5719457013576
1,281,376,375.8343891402716
1,282,376,376.1556561085974
1,283,376,376.56108597285083
1,284,377,377.01447963800916
1,285,377,377.4180995475114
1,286,378,377.67420814479635
1,287,378,377.88506787330334
1,288,379,378.15294117647073
1,289,379,378.3800904977377
1,290,378,378.4687782805431
1,291,378,378.5212669683259
1,292,378,378.6398190045251
1,293,379,378.72669683257936
1,294,379,378.8932126696834
1,295,379,379.05067873303176
1,296,379,379.3194570135748
1,297,380,379.61990950226254
1,298,380,379.73393665158375
1,299,380,379.8434389140272
1,300,380,379.9212669683258
1,301,380,380.0787330316744
1,302,380,380.22714932126706
1,303,380,380.34841628959293
1,304,380,380.42443438914034
1,305,381,380.5755656108597
1,306,381,380.65158371040735
1,307,381,380.7728506787331
1,308,381,380.92126696832594
1,309,381,381.07873303167423
1,310,381,382.00361990950233
1,311,381,382.254298642534
1,312,381,381.9122171945703
1,313,382,381.19728506787345
1,314,382,380.12941176470605
1,315,382,378.02262443438934
1,316,382,376.3909502262444
1,317,371,375.2959276018101
1,318,371,374.59909502262445
1,319,371,374.3004524886879
1,320,371,374.40000000000015
1,321,371,374.96561085972866
1,322,382,376.0651583710409
1,323,382,377.76923076923094
1,324,381,379.9484162895929
1,325,381,381.1592760180998
1,326,381,381.9583710407241
1,327,381,382.19366515837106
1,328,382,381.91312217194576
1,329,382,381.0968325791857
1,330,381,381.1185520361993
1,331,381,381.09049773755663
1,332,380,380.90135746606353
1,333,380,380.6398190045249
1,334,381,380.3945701357466
1,335,381,380.0542986425341
1,336,380,379.78461538461556
1,337,379,379.5511312217196
1,338,379,379.1809954751133
1,339,379,378.90135746606336
1,340,379,378.662443438914
1,341,378,378.41447963800914
1,342,378,378.2434389140273
1,343,378,378.23529411764713
1,344,378,378.3402714932128
1,345,379,378.3701357466063
1,346,379,378.3339366515839
1,347,378,378.37013574660637
1,348,378,378.5493212669684
1,349,379,378.6742081447965
1,350,379,378.6859728506789
1,351,378,378.59366515837115
1,352,378,378.4063348416292
1,353,379,378.27149321266984
1,354,379,378.13665158371055
1,355,378,378.0226244343893
1,356,377,377.7502262443441
1,357,377,377.4850678733033
1,358,377,377.19276018099555
1,359,377,376.7004524886878
1,360,377,376.23529411764713
1,361,377,376.09502262443453
1,362,375,375.97737556561106
1,363,375,375.71855203619924
1,364,375,375.4162895927604
1,365,375,375.22986425339377
1,366,376,375.0479638009051
1,367,376,374.82714932126714
1,368,374,374.7239819004526
1,369,374,374.82714932126714
1,370,375,374.7484162895929
1,371,375,374.63800904977387
1,372,374,374.5049773755657
1,373,374,374.42895927601825
1,374,375,374.4280542986426
1,375,375,374.4588235294118
1,376,374,374.34208144796384
1,377,374,374.09864253393687
1,378,374,373.8144796380091
1,379,374,373.5755656108598
1,380,373,373.33212669683263
1,381,373,373.0343891402715
1,382,373,372.83891402714937
1,383,372,372.7022624434391
1,384,372,372.4425339366518
1,385,373,372.2778280542987
1,386,373,372.28778280543
1,387,372,372.35203619909515
1,388,372,372.27963800904996
1,389,372,372.27963800904985
1,390,372,372.35203619909515
1,391,373,372.35837104072397
1,392,373,372.3601809954752
1,393,372,372.48687782805445
1,394,372,372.66787330316754
1,395,373,372.8352941176472
1,396,373,372.9212669683259
1,397,373,372.8552036199097
1,398,373,372.76651583710424
1,399,373,372.78461538461556
1,400,373,372.8389140271494
1,401,373,372.7909502262445
1,402,372,372.70226244343905
1,403,372,372.702262443439
1,404,373,372.72036199095044
1,405,373,372.68597285067887
1,406,373,372.7285067873305
1,407,373,372.7683257918553
1,408,373,372.9257918552037
1,409,373,373.1828054298644
1,410,373,373.38280542986445
1,411,373,373.4986425339368
1,412,374,373.7710407239819
1,413,374,374.102262443439
1,414,375,374.4651583710407
1,415,375,374.9031674208146
1,416,375,375.25972850678755
1,417,375,375.37556561085984
1,418,376,375.5619909502265
1,419,376,375.65339366515843
1,420,376,375.61990950226266
1,421,376,375.6316742081449
1,422,375,375.8615384615385
1,423,375,376.0823529411766
1,424,377,376.20542986425346
1,425,376,376.3420814479639
1,426,376,376.60361990950236
1,427,378,376.9013574660635
1,428,378,377.2171945701359
1,429,377,377.5330316742082
1,430,377,377.69230769230774
1,431,378,377.7384615384616
1,432,378,377.8506787330318
1,433,378,377.8696832579187
1,434,378,377.83891402714937
1,435,378,378.00814479638024
1,436,378,378.2271493212671
1,437,378,378.27782805429877
1,438,378,378.3420814479639
1,439,379,378.53122171945716
1,440,379,378.756561085973
1,441,379,378.9294117647059
1,442,379,379.16108597285074
1,443,379,379.3538461538463
1,444,380,379.6099547511314
1,445,380,379.96380090497746
1,446,380,380.24977375565624
1,447,380,380.57918552036205
1,448,381,380.8633484162897
1,449,381,381.08416289592765
1,450,382,381.2235294117648
1,451,382,381.26334841628966
1,452,381,381.3239819004526
1,453,381,381.32579185520393
1,454,381,381.2597285067875
1,455,381,381.116742081448
1,456,381,381.0262443438915
1,457,381,380.91764705882366
1,458,381,380.929411764706
1,459,381,381.0000000000001
1,460,381,381.0000000000001
1,461,381,381.0000000000001
1,462,381,381.0705882352942
1,463,381,381.0823529411766
1,464,381,381.0443438914028
1,465,381,380.9656108597287
1,466,381,380.85520361990956
1,467,381,380.72217194570146
1,468,381,380.5755656108597
1,469,380,380.42443438914034
1,470,380,380.27782805429877
1,471,380,380.1447963800906
1,472,380,380.1049773755658
1,473,380,380.0380090497738
1,474,380,379.8914027149322
1,475,380,379.81266968325804
1,476,380,379.8108597285068
1,477,380,379.75656108597303
1,478,380,379.7909502262445
1,479,379,379.8552036199096
1,480,379,379.8289592760181
1,481,380,379.65972850678736
1,482,380,379.4950226244345
1,483,380,379.3438914027151
1,484,380,379.2153846153847
1,485,379,379.11855203619916
1,486,378,379.06244343891416
1,487,378,378.9176470588236
1,488,379,378.7547511312218
1,489,379,378.85339366515853
1,490,379,378.89321266968346
1,491,379,378.90135746606353
1,492,379,378.9049773755658
1,493,379,378.79276018099546
1,494,379,378.514932126697
1,495,379,378.1511312217196
1,496,377,377.8488687782807
1,497,377,377.62624434389147
1,498,377,377.3719457013576
1,499,377,377.1131221719457
1,500,377,376.8769230769231
1,501,377,376.69049773755665
1,502,377,376.5809954751131
1,503,377,376.5755656108598
1,504,376,376.4244343891404
1,505,376,376.24546042193083
1,506,376,376.0749250749248
1,507,376,375.95193695193683
1,508,376,375.925407925408
1,509,376,376.011188811189
1,510,376,376.08080808080723
1,511,376,375.99999999999994
1,512,375,375.7040723981902
1,513,375,375.27782805429877
1,514,375,374.86515837104076
1,515,374,374.49321266968343
1,516,374,374.1891402714933
1,517,374,373.9800904977376
1,518,374,373.8932126696834
1,519,374,373.95565610859734
1,520,374,373.84705882352955
1,521,374,373.84705882352955
1,522,374,374.0968325791856
1,523,374,374.1990950226246
1,524,374,374.23348416289616
1,525,374,374.20904977375574
1,526,374,374.1348416289594
1,527,375,374.01990950226246
1,528,375,373.8027149321269
1,529,373,373.6217194570137
1,530,373,373.54751131221735
1,531,373,373.4506787330318
1,532,373,373.4108597285069
1,533,373,373.2371040723984
1,534,373,373.07692307692315
1,535,374,373.07782805429883
1,536,374,373.18733031674213
1,537,373,373.14660633484175
1,538,373,373.0968325791857
1,539,372,373.03800904977385
1,540,373,372.9701357466064
1,541,373,372.89321266968335
1,542,373,372.8072398190046
1,543,373,372.8506787330318
1,544,373,372.9619909502265
1,545,373,373.0117647058824
1,546,373,373.0705882352941
1,547,373,373.00000000000006
1,548,373,373.00000000000006
1,549,373,372.929411764706
1,550,373,372.91764705882366
1,551,373,373.02624434389145
1,552,373,373.1167420814481
1,553,373,373.1185520361992
1,554,373,373.1610859728507
1,555,373,373.23529411764713
1,556,374,373.26153846153846
1,557,374,373.3601809954753
1,558,373,373.51312217194584
1,559,373,373.70226244343894
1,560,374,373.8389140271495
1,561,374,374.03438914027157
1,562,374,374.2615384615386
1,563,375,374.4932126696834
1,564,375,374.8407239819007
1,565,375,375.2153846153847
1,566,375,375.3900452488689
1,567,376,375.53755656108603
1,568,376,375.90135746606353
1,569,376,376.1248868778282
1,570,376,375.98733031674226
1,571,376,376.00633484162915
1,572,376,376.2959276018101
1,573,377,376.44072398190053
1,574,377,376.2995475113123
1,575,375,376.26968325791864
1,576,375,376.2714932126698
1,577,378,376.29592760181004
1,578,378,376.3339366515838
1,579,375,376.30588235294124
1,580,375,376.33212669683263
1,581,377,376.53303167420825
1,582,377,376.8289592760182
1,583,377,376.93393665158385
1,584,377,376.9619909502264
1,585,377,377.3013574660634
1,586,378,377.74027149321273
1,587,378,377.7927601809956
1,588,378,377.77285067873305
1,589,378,377.9212669683258
1,590,378,378.0787330316743
1,591,378,378.15656108597295
1,592,378,378.2660633484165
1,593,378,378.3800904977377
1,594,379,378.6099547511314
1,595,379,378.7963800904979
1,596,379,379.0506787330318
1,597,379,379.34570135746617
1,598,380,379.65429864253406
1,599,380,379.94932126696847
1,600,380,380.13303167420827
1,601,380,380.3076923076924
1,602,381,380.646153846154
1,603,381,380.921266968326
1,604,381,381.11493212669694
1,605,381,381.20904977375574
1,606,381,381.2533936651585
1,607,382,381.29773755656123
1,608,382,381.39457013574673
1,609,381,381.3963800904978
1,610,381,381.4325791855206
1,611,381,381.43257918552064
1,612,381,381.39638009049776
1,613,382,381.32398190045257
1,614,382,381.2153846153847
1,615,381,381.20904977375574
1,616,381,381.2434389140273
1,617,381,381.1891402714934
1,618,381,381.116742081448
1,619,381,381.0968325791857
1,620,381,381.0000000000001
1,621,381,380.97375565610866
1,622,381,380.9656108597287
1,623,381,380.85520361990956
1,624,381,380.72217194570146
1,625,381,380.64615384615394
1,626,380,380.50678733031685
1,627,380,380.32217194570137
1,628,380,380.11040723981904
1,629,380,379.96018099547507
1,630,380,379.7601809954752
1,631,380,379.46696832579204
1,632,379,379.23710407239827
1,633,379,379.1592760180996
1,634,379,378.98371040723987
1,635,379,378.86968325791867
1,636,378,378.7058823529413
1,637,378,378.51945701357477
1,638,379,378.40814479638016
1,639,379,378.2696832579188
1,640,378,377.931221719457
1,641,378,377.6199095022625
1,642,377,377.3538461538464
1,643,377,377.1511312217197
1,644,377,376.96199095022627
1,645,376,376.7366515837105
1,646,376,376.6316742081448
1,647,377,376.60361990950236
1,648,377,376.6117647058825
1,649,377,376.61538461538476
1,650,377,376.5737556561087
1,651,376,376.4461538461539
1,652,376,376.1891402714934
1,653,376,375.82081447963816
1,654,376,375.4914027149323
1,655,375,375.219004524887
1,656,375,374.9601809954751
1,657,374,374.7420814479639
1,658,374,374.66244343891424
1,659,375,374.48054298642546
1,660,375,374.29411764705895
1,661,374,374.1303167420815
1,662,374,374.0162895927603
1,663,374,373.8407239819005
1,664,374,373.69230769230785
1,665,373,373.4506787330318
1,666,373,373.1954751131222
1,667,373,373.0742081447965
1,668,373,373.0343891402715
1,669,373,372.95565610859745
1,670,373,372.91764705882366
1,671,373,372.92941176470606
1,672,373,373.00000000000006
1,673,373,373.00000000000006
1,674,373,373.00000000000006
1,675,373,373.00000000000006
1,676,373,373.00000000000006
1,677,373,373.00000000000006
1,678,373,373.00000000000006
1,679,373,373.00000000000006
1,680,373,372.85882352941184
1,681,373,372.8352941176472
1,682,373,372.98190045248884
1,683,373,373.15113122171965
1,684,373,373.33393665158377
1,685,373,373.52126696832596
1,686,373,373.70407239819014
1,687,375,373.8733031674209
1,688,375,373.9493212669684
1,689,374,374.05248868778295
1,690,374,374.164705882353
1,691,374,374.26787330316745
1,692,374,374.3438914027151
1,693,374,374.3746606334843
1,694,374,374.2714932126697
1,695,375,374.4226244343893
1,696,375,374.67782805429886
1,697,375,374.8895927601811
1,698,375,374.96923076923093
1,699,375,375.1574660633485
1,700,375,375.4180995475114
1,701,376,375.7149321266969
1,702,376,375.9411764705883
1,703,376,376.2579185520363
1,704,376,376.68778280542995
1,705,378,377.185520361991
1,706,378,377.70588235294116
1,707,378,378.13303167420827
1,708,378,378.5511312217196
1,709,379,379.0443438914027
1,710,380,379.4968325791856
1,711,380,379.8633484162896
1,712,380,380.09864253393664
1,713,380,380.36380090497755
1,714,381,380.6199095022626
1,715,381,380.8307692307694
1,716,381,380.9601809954752
1,717,381,381.1104072398191
1,718,381,381.3927601809956
1,719,381,381.5891402714933
1,720,382,382.32579185520376
1,721,382,382.3583710407241
1,722,382,382.0271493212671
1,723,382,381.3339366515838
1,724,382,380.06877828054314
1,725,381,378.8217194570137
1,726,381,377.2760180995477
1,727,372,376.1149321266969
1,728,373,375.4678733031674
1,729,373,375.3348416289593
1,730,373,375.5864253393666
1,731,377,376.23167420814497
1,732,377,377.27963800904996
1,733,382,378.60090497737565
1,734,382,380.2660633484164
1,735,382,381.02895927601827
1,736,381,381.58190045248887
1,737,381,381.8524886877829
1,738,381,381.6389140271495
1,739,381,381.4316742081449
1,740,381,380.9212669683259
1,741,381,380.84343891402716
1,742,381,380.7339366515838
1,743,381,380.6199095022626
1,744,380,380.46063348416305
1,745,380,380.21538461538466
1,746,380,379.8407239819006
1,747,380,379.4932126696834
1,748,379,379.3321266968328
1,749,379,379.1167420814481
1,750,379,378.88325791855215
1,751,378,378.6678733031675
1,752,378,378.36832579185534
1,753,379,378.0823529411766
1,754,379,377.90769230769234
1,755,377,377.7420814479639
1,756,377,377.48325791855217
1,757,377,377.22895927601826
1,758,377,377.07692307692315
1,759,377,376.78642533936653
1,760,377,376.4552036199096
1,761,376,376.30986660398406
1,762,376,376.1518481518479
1,763,376,375.8565878565879
1,764,376,375.55827505827534
1,765,375,375.3065268065268
1,766,375,375.1161616161609
1,767,375,374.8636363636362
1,768,375,375.873303167421
1,769,374,375.5493212669684
1,770,374,375.17104072398195
1,771,376,374.77466063348436
1,772,376,374.3963800904978
1,773,374,374.07239819004536
1,774,374,373.8389140271494
1,775,373,373.7321266968327
1,776,373,373.5113122171947
1,777,373,373.26787330316745
1,778,373,372.9520361990951
1,779,373,372.7882352941178
1,780,373,372.8009049773756
1,781,373,372.7402714932127
1,782,373,372.756561085973
1,783,373,372.64977375565627
1,784,372,372.6199095022626
1,785,372,372.6579185520362
1,786,373,372.75475113122195
1,787,373,372.9013574660634
1,788,373,373.08868778280544
1,789,373,373.3076923076925
1,790,374,373.5493212669684
1,791,374,373.8045248868779
1,792,374,373.92579185520367
1,793,374,373.96561085972866
1,794,374,374.11493212669694
1,795,374,374.1647058823532
1,796,374,374.0443438914028
1,797,374,373.8832579185522
1,798,374,373.74027149321284
1,799,374,373.6742081447965
1,800,374,373.6760180995477
1,801,373,373.73665158371045
1,802,373,373.7764705882354
1,803,374,373.9158371040725
1,804,374,374.13665158371043
1,805,375,374.42081447963807
1,806,375,374.75022624434393
1,807,375,375.1067873303169
1,808,375,375.4018099547512
1,809,376,375.6081447963802
1,810,376,375.83076923076936
1,811,376,375.90135746606336
1,812,376,375.9900452488688
1,813,376,376.1990950226246
1,814,376,376.43076923076933
1,815,377,376.6579185520363
1,816,377,376.85339366515853
1,817,376,377.1285067873305
1,818,378,377.39457013574673
1,819,378,377.5628959276021
1,820,378,377.7447963800906
1,821,378,377.9131221719458
1,822,378,378.0407239819005
1,823,378,378.1683257918553
1,824,378,378.33665158371053
1,825,378,378.3800904977377
1,826,379,378.6099547511314
1,827,379,378.86696832579185
1,828,379,379.1330316742082
1,829,379,379.3900452488689
1,830,380,379.61990950226254
1,831,380,379.8045248868779
1,832,380,379.9257918552038
1,833,380,379.96561085972854
1,834,380,380.0443438914029
1,835,380,380.0823529411766
1,836,380,380.00000000000006
1,837,380,379.91764705882366
1,838,380,379.9556561085974
1,839,380,380.03438914027157
1,840,380,380.1447963800906
1,841,380,380.27782805429877
1,842,380,380.35384615384623
1,843,381,380.4932126696835
1,844,381,380.6778280542988
1,845,381,380.88959276018113
1,846,381,381.1104072398191
1,847,381,381.3221719457015
1,848,381,381.50678733031685
1,849,382,381.64615384615405
1,850,382,381.72217194570146
1,851,382,381.8552036199096
1,852,382,381.8950226244345
1,853,382,381.96199095022644
1,854,382,382.10859728506796
1,855,382,382.1873303167422
1,856,382,382.11855203619916
1,857,382,382.16108597285086
1,858,382,382.30588235294124
1,859,383,382.41447963800914
1,860,383,382.4868778280543
1,861,382,382.52307692307704
1,862,382,382.5230769230771
1,863,383,382.4868778280543
1,864,383,382.4144796380091
1,865,382,382.30588235294124
1,866,382,382.16108597285086
1,867,382,382.18914027149333
1,868,382,382.1990950226245
1,869,382,382.00000000000006
1,870,382,381.80090497737575
1,871,382,381.88144796380107
1,872,382,381.92126696832594
1,873,382,381.73846153846165
1,874,381,381.5511312217196
1,875,381,381.43891402714934
1,876,382,381.281447963801
1,877,382,381.0968325791856
1,878,380,380.97375565610866
1,879,380,380.80090497737564
1,880,381,380.60542986425355
1,881,381,380.41447963800914
1,882,380,380.1873303167422
1,883,380,379.8832579185522
1,884,380,379.7384615384616
1,885,379,379.5891402714933
1,886,379,379.2036199095024
1,887,379,378.7502262443441
1,888,379,378.3945701357468
1,889,378,378.102262443439
1,890,378,377.8416289592761
1,891,377,377.58099547511307
1,892,377,377.35656108597306
1,893,377,377.0660633484163
1,894,377,376.8072398190046
1,895,377,376.6072398190046
1,896,377,376.5638009049775
1,897,376,376.4361990950227
1,898,376,376.3221719457015
1,899,376,376.1809954751132
1,900,376,375.9719457013576
1,901,376,375.72217194570135
1,902,376,375.4588235294118
1,903,375,375.2090497737558
1,904,375,375.00000000000006
1,905,375,374.72036199095044
1,906,374,374.4588235294118
1,907,374,374.30407239819016
1,908,374,374.1447963800907
1,909,374,374.0081447963801
1,910,374,373.921266968326
1,911,374,373.77285067873305
1,912,374,373.65158371040724
1,913,374,373.50497737556566
1,914,373,373.34208144796384
1,915,373,373.30407239819016
1,916,373,373.26153846153846
1,917,373,373.2235294117649
1,918,373,373.1990950226245
1,919,373,373.19728506787345
1,920,374,373.22714932126706
1,921,374,373.2977375565611
1,922,373,373.27963800904996
1,923,373,373.1728506787332
1,924,373,373.1067873303168
1,925,373,372.5076923076924
1,926,373,372.4018099547513
1,927,373,372.70769230769247
1,928,373,373.55294117647077
1,929,373,374.66515837104083
1,930,374,376.26606334841637
1,931,374,377.577375565611
1,932,382,378.4398190045251
1,933,382,379.09411764705897
1,934,382,379.5746606334843
1,935,381,379.71583710407253
1,936,381,379.49049773755667
1,937,375,378.8714932126699
1,938,375,377.9701357466065
1,939,377,376.6271493212671
1,940,377,376.06153846153853
1,941,376,375.6832579185523
1,942,376,375.66696832579197
1,943,376,375.91040723981905
1,944,376,376.5113122171946
1,945,376,376.6660633484164
1,946,377,376.77104072398197
1,947,377,377.0760180995476
1,948,378,377.43076923076933
1,949,378,377.758371040724
1,950,378,377.9819004524888
1,951,378,377.9511312217196
1,952,378,377.9158371040725
1,953,378,377.91945701357474
1,954,378,377.94389140271505
1,955,378,377.90950226244354
1,956,377,377.9457013574662
1,957,377,378.05248868778284
1,958,379,377.9592760180997
1,959,379,377.9339366515839
1,960,378,378.0380090497739
1,961,378,378.13303167420827
1,962,378,378.07782805429883
1,963,378,378.13122171945713
1,964,377,378.1366515837106
1,965,379,378.1375565610861
1,966,379,378.3131221719458
1,967,378,378.64253393665183
1,968,378,378.89864253393677
1,969,380,379.25429864253414
1,970,380,379.743891402715
1,971,380,380.2018099547512
1,972,380,380.4624434389141
1,973,381,380.8371040723983
1,974,381,381.16651583710416
1,975,382,381.294117647059
1,976,382,381.19276018099555
1,977,381,381.24162895927617
1,978,381,381.281447963801
1,979,381,381.36470588235306
1,980,381,381.3438914027151
1,981,381,381.34841628959293
1,982,381,381.30769230769243
1,983,382,381.2895927601811
1,984,382,381.3619909502264
1,985,382,381.3864253393666
1,986,381,381.42443438914034
1,987,381,381.46696832579204
1,988,381,381.50497737556566
1,989,381,381.5294117647059
1,990,382,381.5312217194571
1,991,382,381.639819004525
1,992,382,381.78461538461556
1,993,382,382.0361990950228
1,994,382,382.12669683257934
1,995,382,382.05610859728523
1,996,382,381.9538461538462
1,997,382,381.81085972850695
1,998,382,381.8271493212671
1,999,382,381.80271493212683
1,1000,381,381.8171945701359
1,1001,381,381.75022624434405
1,1002,382,381.6199095022626
1,1003,382,381.44434389140275
1,1004,382,381.2416289592761
1,1005,381,381.02986425339384
1,1006,381,380.89773755656125
1,1007,380,380.73393665158375
1,1008,380,380.4271493212671
1,1009,380,380.0660633484163
1,1010,380,379.87782805429873
1,1011,380,379.68959276018114
1,1012,380,379.53755656108603
1,1013,379,379.3194570135747
1,1014,379,379.20361990950244
1,1015,379,378.9493212669685
1,1016,379,378.5837104072398
1,1017,378,378.27625315860575
1,1018,378,377.99800199800177
1,1019,378,377.75768675768666
1,1020,378,377.4743589743591
1,1021,377,377.32610722610724
1,1022,377,377.39898989898916
1,1023,378,377.75757575757575
1,1024,378,377.5674208144797
1,1025,377,377.6416289592762
1,1026,377,377.7203619909503
1,1027,379,377.8651583710408
1,1028,379,377.93755656108607
1,1029,378,378.0081447963802
1,1030,377,377.94751131221733
1,1031,377,377.76470588235304
1,1032,378,377.60723981900463
1,1033,378,377.2841628959277
1,1034,377,376.8751131221721
1,1035,377,376.7366515837105
1,1036,376,376.6253393665161
1,1037,376,376.43891402714945
1,1038,376,376.1366515837105
1,1039,376,375.87782805429885
1,1040,376,375.6895927601812
1,1041,376,375.46696832579187
1,1042,375,375.2371040723984
1,1043,375,375.22986425339377
1,1044,375,375.0660633484164
1,1045,375,374.77285067873305
1,1046,374,374.5067873303168
1,1047,374,374.356561085973
1,1048,375,374.2108597285068
1,1049,375,374.0968325791856
1,1050,373,373.90316742081455
1,1051,373,373.71855203619924
1,1052,374,373.5610859728508
1,1053,374,373.44886877828066
1,1054,373,373.19095022624447
1,1055,373,372.996380090498
1,1056,373,373.0742081447964
1,1057,373,373.233484162896
1,1058,373,373.21538461538483
1,1059,373,373.16108597285074
1,1060,373,373.27963800904996
1,1061,374,373.3800904977377
1,1062,374,373.2714932126698
1,1063,373,373.1628959276019
1,1064,373,372.98371040724
1,1065,373,372.8633484162896
1,1066,373,372.7927601809955
1,1067,372,372.7628959276019
1,1068,372,372.764705882353
1,1069,373,372.92760180995487
1,1070,373,373.1809954751132
1,1071,374,373.38642533936667
1,1072,374,373.60542986425355
1,1073,374,373.8289592760182
1,1074,374,373.9067873303169
1,1075,374,374.09140271493214
1,1076,374,374.15837104072415
1,1077,374,374.0868778280544
1,1078,374,374.05610859728523
1,1079,374,374.1773755656109
1,1080,374,374.36199095022636
1,1081,376,374.52126696832596
1,1082,374,374.7665158371043
1,1083,374,375.07058823529417
1,1084,376,375.406334841629
1,1085,376,375.6760180995475
1,1086,376,375.9819004524888
1,1087,376,376.2877828054299
1,1088,377,376.5574660633485
1,1089,377,377.0316742081448
1,1090,377,377.27420814479655
1,1091,377,377.3194570135747
1,1092,378,377.53755656108603
1,1093,378,377.76018099547514
1,1094,378,377.8895927601811
1,1095,378,378.02805429864264
1,1096,378,378.27782805429865
1,1097,378,378.5411764705883
1,1098,379,378.7203619909503
1,1099,379,378.9176470588235
1,1100,379,379.3058823529413
1,1101,380,379.6579185520363
1,1102,380,379.8850678733033
1,1103,380,380.0986425339368
1,1104,380,380.2714932126698
1,1105,381,380.37647058823535
1,1106,381,380.52488687782824
1,1107,380,380.6280542986427
1,1108,380,380.5972850678735
1,1109,381,380.6823529411765
1,1110,381,380.7945701357467
1,1111,381,380.9158371040724
1,1112,381,381.02805429864253
1,1113,381,381.2515837104074
1,1114,381,381.50678733031685
1,1115,382,381.64615384615405
1,1116,382,381.72217194570146
1,1117,382,381.8552036199096
1,1118,382,381.96561085972866
1,1119,382,381.97375565610866
1,1120,382,382.0000000000001
1,1121,382,382.0968325791857
1,1122,382,382.11674208144814
1,1123,382,382.1891402714934
1,1124,382,382.2434389140273
1,1125,382,382.27963800904985
1,1126,383,382.2977375565613
1,1127,383,382.2977375565612
1,1128,382,382.2796380090499
1,1129,382,382.2434389140272
1,1130,382,382.8244343891404
1,1131,382,382.85791855203627
1,1132,382,382.4253393665159
1,1133,382,381.60814479638015
1,1134,382,380.6262443438915
1,1135,382,379.00542986425353
1,1136,382,377.60361990950247
1,1137,373,376.58009049773773
1,1138,373,375.8235294117649
1,1139,373,375.3610859728508
1,1140,373,375.21990950226257
1,1141,373,375.42714932126705
1,1142,380,376.0805429864254
1,1143,380,377.0778280542988
1,1144,379,378.3846153846156
1,1145,379,378.92036199095037
1,1146,379,379.3366515837105
1,1147,379,379.4497737556562
1,1148,379,379.14389140271516
1,1149,378,378.5031674208146
1,1150,378,378.51312217194584
1,1151,379,378.5592760180997
1,1152,379,378.52126696832585
1,1153,378,378.47873303167444
1,1154,378,378.5113122171947
1,1155,379,378.4986425339367
1,1156,379,378.38823529411775
1,1157,378,378.18914027149333
1,1158,378,377.9719457013575
1,1159,378,377.87511312217197
1,1160,378,377.83710407239835
1,1161,377,377.72850678733045
1,1162,377,377.6199095022626
1,1163,378,377.7203619909503
1,1164,378,377.83891402714937
1,1165,378,377.8552036199096
1,1166,378,377.8488687782807
1,1167,378,377.8289592760182
1,1168,378,377.80452488687797
1,1169,378,377.71674208144793
1,1170,377,377.50678733031685
1,1171,377,377.32217194570154
1,1172,377,377.11040723981904
1,1173,377,376.96018099547524
1,1174,377,376.8307692307693
1,1175,377,376.6199095022626
1,1176,376,376.36380090497755
1,1177,376,376.0986425339368
1,1178,376,375.72217194570135
1,1179,376,375.3321266968327
1,1180,375,374.9556561085974
1,1181,374,374.61990950226243
1,1182,374,374.35203619909504
1,1183,374,374.1791855203622
1,1184,374,374.06063348416296
1,1185,374,373.9556561085974
1,1186,374,373.8914027149322
1,1187,374,373.8950226244345
1,1188,374,373.85520361990956
1,1189,374,373.72217194570146
1,1190,374,373.50497737556566
1,1191,373,373.34208144796384
1,1192,373,373.23348416289605
1,1193,373,373.17918552036207
1,1194,373,373.24977375565624
1,1195,373,373.3158371040725
1,1196,373,373.38642533936655
1,1197,374,373.47058823529426
1,1198,374,373.577375565611
1,1199,374,373.577375565611
1,1200,374,373.5411764705883
1,1201,373,373.468778280543
1,1202,373,373.36018099547516
1,1203,373,373.2153846153846
1,1204,373,373.0343891402715
1,1205,373,372.95565610859745
1,1206,373,372.91764705882366
1,1207,373,372.92941176470606
1,1208,373,373.00000000000006
1,1209,373,372.929411764706
1,1210,373,372.91764705882366
1,1211,373,373.02624434389145
1,1212,373,373.1167420814481
1,1213,373,373.1185520361992
1,1214,373,373.1610859728507
1,1215,373,373.23529411764713
1,1216,374,373.33212669683274
1,1217,374,373.4425339366517
1,1218,373,373.5574660633485
1,1219,373,373.6678733031675
1,1220,374,373.694117647059
1,1221,374,373.75656108597286
1,1222,374,373.83710407239823
1,1223,374,373.91764705882355
1,1224,374,374.1891402714934
1,1225,374,374.4425339366516
1,1226,374,374.4687782805431
1,1227,375,374.4588235294118
1,1228,375,374.46244343891414
1,1229,375,374.52941176470597
1,1230,375,374.71221719457014
1,1231,374,374.8633484162897
1,1232,374,374.90316742081455
1,1233,375,374.95203619909506
1,1234,375,374.99185520362
1,1235,376,375.1429864253394
1,1236,376,375.3257918552037
1,1237,375,375.5312217194572
1,1238,375,375.6796380090499
1,1239,376,375.7529411764707
1,1240,376,375.7945701357467
1,1241,376,375.9158371040726
1,1242,376,376.02805429864264
1,1243,376,376.1809954751133
1,1244,376,376.4244343891403
1,1245,377,376.53122171945705
1,1246,377,376.67420814479635
1,1247,377,376.9556561085974
1,1248,377,377.27782805429877
1,1249,377,377.47239819004534
1,1250,378,377.771040723982
1,1251,378,378.1285067873304
1,1252,379,378.49954751131247
1,1253,379,379.04796380090505
1,1254,379,379.5375565610861
1,1255,379,379.8705882352943
1,1256,381,380.14932126696846
1,1257,381,380.33755656108616
1,1258,381,380.5375565610861
1,1259,381,380.6515837104074
1,1260,380,380.7909502262445
1,1261,380,380.86696832579196
1,1262,381,380.7909502262445
1,1263,381,380.67420814479647
1,1264,381,380.7665158371041
1,1265,381,380.91764705882355
1,1266,381,381.18914027149333
1,1267,381,381.4425339366517
1,1268,381,381.5393665158371
1,1269,382,381.5411764705884
1,1270,382,381.57737556561096
1,1271,382,381.57737556561096
1,1272,382,381.4705882352942
1,1273,381,381.3473585238289
1,1274,381,381.1368631368631
1,1275,381,380.8912198912198
1,1276,381,380.8146853146856
1,1277,381,380.91981351981343
1,1278,381,381.2929292929285
1,1279,382,381.83333333333314
1,1280,382,379.6425339366518
1,1281,381,380.2787330316743
1,1282,381,380.8334841628961
1,1283,382,381.2705882352944
1,1284,382,381.5538461538462
1,1285,381,381.64705882352945
1,1286,381,381.51402714932146
1,1287,381,381.11855203619905
1,1288,381,381.116742081448
1,1289,381,381.0262443438915
1,1290,381,380.91764705882366
1,1291,381,380.929411764706
1,1292,381,381.0000000000001
1,1293,381,381.0000000000001
1,1294,381,381.0000000000001
1,1295,381,381.0705882352942
1,1296,381,381.0823529411766
1,1297,381,381.0443438914028
1,1298,381,380.9656108597287
1,1299,381,380.85520361990956
1,1300,381,380.72217194570146
1,1301,381,380.5755656108597
1,1302,380,380.42443438914034
1,1303,380,380.3484162895929
1,1304,380,380.227149321267
1,1305,380,379.93755656108607
1,1306,380,379.82714932126703
1,1307,380,379.7665158371041
1,1308,380,379.764705882353
1,1309,380,379.8307692307693
1,1310,379,379.83529411764715
1,1311,379,379.84886877828075
1,1312,381,379.9420814479639
1,1313,380,379.985520361991
1,1314,380,379.9882352941177
1,1315,380,379.95927601809956
1,1316,380,379.9076923076923
1,1317,380,379.8425339366517
1,1318,380,379.7049773755656
1,1319,379,379.43619909502286
1,1320,379,379.3221719457015
1,1321,379,379.1104072398192
1,1322,379,378.8895927601811
1,1323,379,378.6778280542988
1,1324,379,378.5638009049774
1,1325,378,378.4361990950228
1,1326,378,378.3221719457015
1,1327,378,378.039819004525
1,1328,378,377.8072398190046
1,1329,378,377.70407239819014
1,1330,378,377.6099547511313
1,1331,377,377.54298642533945
1,1332,377,377.521266968326
1,1333,377,377.42443438914046
1,1334,378,377.5438914027151
1,1335,378,377.5004524886878
1,1336,377,377.33031674208155
1,1337,377,376.9990950226245
1,1338,377,376.6723981900453
1,1339,377,376.16832579185524
1,1340,377,375.7049773755657
1,1341,374,375.2914027149322
1,1342,374,375.075113122172
1,1343,374,375.0742081447966
1,1344,375,375.03891402714936
1,1345,375,374.98733031674226
1,1346,376,375.066968325792
1,1347,376,375.4280542986427
1,1348,376,375.82081447963816
1,1349,376,375.8570135746608
1,1350,375,375.7484162895928
1,1351,375,375.4950226244345
1,1352,376,375.23529411764724
1,1353,376,374.9076923076925
1,1354,374,374.65972850678753
1,1355,374,374.43891402714945
1,1356,374,374.33393665158377
1,1357,374,374.2334841628961
1,1358,374,374.02624434389156
1,1359,374,373.8009049773757
1,1360,374,373.6434389140272
1,1361,374,373.639819004525
1,1362,374,373.60180995475116
1,1363,373,373.5411764705883
1,1364,373,373.466968325792
1,1365,373,373.38823529411775
1,1366,373,373.3140271493214
1,1367,374,373.25339366515846
1,1368,374,373.1447963800905
1,1369,373,373.1266968325794
1,1370,373,373.2696832579187
1,1371,373,373.30588235294124
1,1372,373,373.2352941176471
1,1373,373,373.2579185520363
1,1374,373,373.2352941176472
1,1375,374,373.3058823529413
1,1376,374,373.4081447963801
1,1377,373,373.41266968325806
1,1378,373,373.39004524886894
1,1379,374,373.26968325791876
1,1380,373,373.1809954751132
1,1381,373,373.11493212669694
1,1382,373,373.0624434389141
1,1383,373,373.1529411764708
1,1384,373,373.3158371040724
1,1385,373,373.2714932126698
1,1386,374,373.34027149321275
1,1387,374,373.7040723981902
1,1388,374,374.0063348416292
1,1389,374,374.22895927601826
1,1390,374,374.48325791855217
1,1391,374,374.812669683258
1,1392,376,375.060633484163
1,1393,376,375.1384615384616
1,1394,375,375.29592760181004
1,1395,375,375.514932126697
1,1396,376,375.6479638009051
1,1397,376,375.6153846153847
1,1398,375,375.4669683257919
1,1399,375,375.31402714932136
1,1400,376,375.4063348416291
1,1401,376,375.5936651583711
1,1402,375,375.65791855203634
1,1403,375,375.78099547511334
1,1404,376,376.0742081447965
1,1405,377,376.44886877828066
1,1406,377,376.67782805429874
1,1407,377,376.9339366515838
1,1408,377,377.39004524886883
1,1409,378,377.8190045248871
1,1410,378,378.06425339366524
1,1411,378,378.16923076923086
1,1412,378,378.24524886877833
1,1413,379,378.34208144796395
1,1414,379,378.3800904977376
1,1415,378,378.2796380090499
1,1416,378,378.16108597285086
1,1417,378,378.1447963800906
1,1418,378,378.1511312217196
1,1419,378,378.171040723982
1,1420,378,378.1954751131223
1,1421,378,378.3538461538463
1,1422,379,378.57556561085977
1,1423,379,378.6515837104074
1,1424,379,378.7728506787332
1,1425,379,378.92126696832594
1,1426,379,379.0787330316743
1,1427,379,379.15656108597284
1,1428,379,379.26606334841637
1,1429,379,379.4506787330318
1,1430,380,379.69230769230774
1,1431,380,379.9113122171947
1,1432,380,380.0986425339368
1,1433,380,380.1746606334843
1,1434,381,380.25972850678744
1,1435,381,380.3357466063351
1,1436,380,380.4552036199095
1,1437,380,380.4705882352943
1,1438,380,380.5113122171947
1,1439,380,380.50678733031685
1,1440,381,380.4570135746608
1,1441,381,380.36199095022636
1,1442,381,380.36018099547516
1,1443,380,380.39004524886894
1,1444,380,380.3927601809956
1,1445,380,380.3095022624435
1,1446,380,380.0787330316743
1,1447,380,379.8389140271494
1,1448,380,379.72850678733056
1,1449,380,379.6859728506788
1,1450,380,379.7203619909503
1,1451,379,379.7022624434391
1,1452,379,379.77285067873316
1,1453,380,379.8027149321268
1,1454,380,379.80090497737564
1,1455,380,379.7764705882355
1,1456,380,379.73846153846165
1,1457,380,379.7665158371042
1,1458,380,379.7402714932127
1,1459,379,379.46877828054306
1,1460,379,379.16108597285074
1,1461,379,379.0262443438914
1,1462,379,378.87330316742094
1,1463,379,378.79095022624426
1,1464,378,378.6678733031675
1,1465,378,378.53122171945716
1,1466,379,378.40814479638016
1,1467,379,378.1873303167423
1,1468,378,377.95746606334853
1,1469,378,377.8072398190047
1,1470,377,377.62533936651596
1,1471,377,377.4389140271495
1,1472,377,377.13665158371055
1,1473,377,376.8072398190046
1,1474,377,376.6072398190046
1,1475,377,376.4932126696834
1,1476,376,376.42443438914034
1,1477,376,376.36018099547533
1,1478,376,376.1891402714932
1,1479,376,376.0000000000001
1,1480,376,375.81085972850695
1,1481,376,375.63981900452495
1,1482,376,375.57556561085966
1,1483,375,375.5067873303168
1,1484,375,375.3221719457016
1,1485,375,375.1104072398192
1,1486,375,374.8895927601811
1,1487,375,374.6778280542987
1,1488,375,374.4932126696834
1,1489,374,374.3538461538464
1,1490,374,374.2072398190046
1,1491,374,374.0624434389141
1,1492,374,374.06063348416296
1,1493,374,374.0723981900455
1,1494,374,374.1067873303168
1,1495,374,374.1728506787333
1,1496,374,374.2796380090499
1,1497,375,374.3683257918552
1,1498,375,374.38009049773774
1,1499,374,374.3239819004526
1,1500,374,374.2090497737558
1,1501,374,374.0443438914028
1,1502,374,373.8389140271494
1,1503,374,373.6018099547513
1,1504,373,373.34208144796395
1,1505,373,373.2072398190047
1,1506,373,373.1447963800906
1,1507,373,373.0343891402715
1,1508,373,372.95565610859745
1,1509,373,372.91764705882366
1,1510,373,372.92941176470606
1,1511,373,372.929411764706
1,1512,373,372.91764705882366
1,1513,373,373.0968325791857
1,1514,373,373.1285067873304
1,1515,373,373.15113122171965
1,1516,373,373.16470588235313
1,1517,373,373.16923076923086
1,1518,374,373.164705882353
1,1519,374,373.1511312217196
1,1520,372,373.1285067873303
1,1521,373,373.0968325791857
1,1522,373,373.0561085972852
1,1523,373,373.00633484162904
1,1524,373,372.87692307692316
1,1525,373,372.7972850678734
1,1526,373,372.9674208144798
1,1527,373,373.18733031674213
1,1528,373,373.1185520361992
1,1529,373,373.1881647763998
1,1530,373,373.27372627372597
1,1531,374,373.36852036852025
1,1532,374,373.45571095571114
1,1533,373,373.5086247086248
1,1534,373,373.52525252525174
1,1535,374,373.72727272727275
1,1536,374,375.12217194570155
1,1537,374,374.66877828054317
1,1538,374,374.2651583710408
1,1539,373,374.15022624434397
1,1540,373,373.96289592760183
1,1541,375,373.75746606334855
1,1542,374,373.51764705882374
1,1543,374,373.42714932126705
1,1544,374,372.9040723981902
1,1545,374,372.56651583710413
1,1546,371,372.4054298642534
1,1547,371,372.27330316742103
1,1548,371,372.22262443438916
1,1549,372,372.51221719457027
1,1550,372,372.79185520362
1,1551,375,373.2524886877829
1,1552,375,373.8760180995476
1,1553,375,374.6443438914028
1,1554,375,375.1239819004526
1,1555,375,375.481447963801
1,1556,375,375.6714932126698
1,1557,376,375.78733031674216
1,1558,376,375.72217194570146
1,1559,376,375.8552036199096
1,1560,376,375.9656108597286
1,1561,376,376.04434389140283
1,1562,376,376.08235294117657
1,1563,376,376.00000000000006
1,1564,376,375.91764705882366
1,1565,376,376.02624434389156
1,1566,376,376.1167420814481
1,1567,376,376.11855203619916
1,1568,376,376.1610859728509
1,1569,376,376.23529411764724
1,1570,377,376.33212669683286
1,1571,377,376.44253393665156
1,1572,376,376.5574660633485
1,1573,376,376.6678733031676
1,1574,377,376.7647058823531
1,1575,377,376.83891402714937
1,1576,377,376.881447963801
1,1577,377,376.8832579185522
1,1578,377,376.97375565610866
1,1579,377,377.0823529411767
1,1580,377,377.050420168067
1,1581,377,376.9999999999997
1,1582,377,376.99999999999994
1,1583,377,377.00000000000017
1,1584,377,377.0000000000001
1,1585,377,376.99999999999915
1,1586,377,376.99999999999983
2,0,377,375.48416289592774
2,1,377,374.7457013574662
2,2,373,374.07963800904986
2,3,373,373.48778280543
2,4,373,373.17194570135763
2,5,373,373.19547511312226
2,6,373,372.7909502262445
2,7,373,372.3909502262444
2,8,372,372.41990950226256
2,9,372,372.702262443439
2,10,373,372.72036199095044
2,11,373,372.7565610859729
2,12,373,372.81085972850695
2,13,373,372.8832579185522
2,14,373,372.9737556561086
2,15,373,373.0823529411767
2,16,373,373.0705882352941
2,17,373,373.00000000000006
2,18,373,373.0705882352941
2,19,373,373.0823529411766
2,20,373,372.9737556561087
2,21,373,372.8832579185523
2,22,373,372.88144796380107
2,23,373,372.8389140271494
2,24,373,372.764705882353
2,25,372,372.66787330316754
2,26,372,372.4868778280545
2,27,373,372.3601809954752
2,28,373,372.28778280543
2,29,372,372.26968325791876
2,30,372,372.3058823529412
2,31,372,372.46696832579187
2,32,372,372.6235294117648
2,33,373,372.5755656108598
2,34,373,372.5230769230771
2,35,373,372.59547511312223
2,36,373,372.72217194570163
2,37,373,372.76470588235316
2,38,372,372.7846153846155
2,39,372,372.77285067873305
2,40,373,372.72036199095044
2,41,373,372.68597285067887
2,42,373,372.7285067873305
2,43,373,372.7683257918553
2,44,373,372.9257918552037
2,45,373,373.1828054298644
2,46,373,373.38280542986445
2,47,373,373.5692307692308
2,48,374,373.85339366515853
2,49,374,374.14660633484186
2,50,375,374.3601809954752
2,51,375,374.6054298642535
2,52,375,374.8552036199095
2,53,375,375.0823529411766
2,54,375,375.2597285067874
2,55,375,375.3601809954752
2,56,375,375.56561085972857
2,57,376,375.6579185520363
2,58,376,375.69592760181
2,59,376,375.73846153846165
2,60,376,375.7058823529413
2,61,376,375.71855203619924
2,62,376,375.75837104072394
2,63,375,375.8072398190046
2,64,375,375.7764705882355
2,65,376,375.9864253393666
2,66,376,376.2190045248871
2,67,377,376.2533936651585
2,68,377,376.4687782805431
2,69,377,376.89954751131245
2,70,377,377.3800904977377
2,71,378,377.6742081447965
2,72,377,377.9457013574662
2,73,377,378.2877828054299
2,74,380,378.5936651583711
2,75,380,378.96561085972866
2,76,379,379.3058823529413
2,77,379,379.516742081448
2,78,380,379.7004524886879
2,79,380,379.9592760180996
2,80,380,380.0570135746607
2,81,380,380.0280542986426
2,82,380,380.25158371040743
2,83,380,380.50678733031685
2,84,381,380.64615384615394
2,85,381,380.7927601809957
2,86,381,380.937556561086
2,87,381,380.9393665158372
2,88,381,380.9276018099549
2,89,381,380.8932126696834
2,90,381,380.82714932126714
2,91,381,380.64977375565616
2,92,380,380.61990950226254
2,93,380,380.72850678733045
2,94,381,380.83710407239846
2,95,381,380.94570135746613
2,96,381,381.0542986425341
2,97,381,381.1628959276019
2,98,382,381.3420814479639
2,99,382,381.4624434389142
2,100,381,381.39457013574673
2,101,381,381.20904977375574
2,102,381,380.97375565610866
2,103,381,380.7565610859729
2,104,381,380.69864253393683
2,105,380,380.5411764705883
2,106,380,380.3701357466065
2,107,380,380.27149321266984
2,108,380,380.1248868778282
2,109,381,380.0099547511315
2,110,381,380.0769230769232
2,111,379,380.07601809954764
2,112,379,380.03438914027157
2,113,380,379.84072398190045
2,114,380,379.58371040723983
2,115,380,379.2814479638011
2,116,380,379.09321266968334
2,117,378,378.91674208144804
2,118,378,378.7972850678734
2,119,378,378.3031674208146
2,120,378,377.74117647058836
2,121,378,377.27692307692314
2,122,378,376.8760180995476
2,123,376,376.6452488687783
2,124,376,376.4914027149322
2,125,375,376.18280542986435
2,126,376,375.88778280542994
2,127,376,375.63348416289614
2,128,376,375.4470588235295
2,129,376,375.4262443438915
2,130,375,375.468778280543
2,131,375,375.33393665158377
2,132,375,375.18099547511326
2,133,375,374.8895927601811
2,134,375,374.6778280542987
2,135,375,374.4932126696834
2,136,374,374.3538461538464
2,137,374,374.34841628959293
2,138,374,374.22714932126706
2,139,374,374.0787330316744
2,140,374,373.921266968326
2,141,374,373.77285067873305
2,142,374,373.65158371040724
2,143,374,373.57556561085977
2,144,373,373.2832579185522
2,145,373,373.11312217194586
2,146,373,373.05610859728523
2,147,373,373.1737556561087
2,148,373,373.32760180995484
2,149,373,373.58823529411774
2,150,373,373.8262443438916
2,151,375,374.05067873303176
2,152,375,374.1321266968327
2,153,375,374.1411764705883
2,154,374,374.0778280542987
2,155,374,373.94208144796386
2,156,373,373.73393665158386
2,157,373,373.3828054298643
2,158,373,373.0180995475113
2,159,373,372.90769230769246
2,160,373,372.9194570135748
2,161,373,373.06244343891416
2,162,373,373.2072398190046
2,163,373,373.4244343891404
2,164,374,373.5755656108598
2,165,374,373.6515837104074
2,166,374,373.77285067873305
2,167,374,373.99185520362
2,168,374,374.16108597285086
2,169,374,374.20090497737567
2,170,374,374.23167420814485
2,171,374,374.30588235294135
2,172,375,374.41447963800914
2,173,375,374.4868778280544
2,174,374,374.5230769230771
2,175,374,374.523076923077
2,176,375,374.4162895927601
2,177,375,374.33212669683263
2,178,374,374.1909502262444
2,179,374,374.1131221719458
2,180,374,374.21900452488694
2,181,374,374.4289592760182
2,182,374,374.454298642534
2,183,375,374.6063348416291
2,184,375,374.98733031674226
2,185,376,375.4995475113123
2,186,376,375.9773755656111
2,187,376,376.4552036199096
2,188,376,376.8968325791855
2,189,378,377.2660633484164
2,190,378,377.52669683257926
2,191,378,377.7809954751132
2,192,378,377.86063348416303
2,193,378,378.07692307692326
2,194,378,378.20271493212687
2,195,378,378.0787330316744
2,196,378,377.9457013574662
2,197,378,378.11493212669694
2,198,378,378.2977375565613
2,199,379,378.41447963800925
2,200,378,378.585520361991
2,201,378,378.7927601809955
2,202,380,379.0180995475114
2,203,380,379.1728506787332
2,204,379,379.36832579185534
2,205,379,379.6479638009052
2,206,380,379.8552036199096
2,207,380,380.03981900452504
2,208,380,380.11312217194575
2,209,380,380.1185520361992
2,210,381,380.30588235294135
2,211,381,380.52488687782824
2,212,380,380.6280542986427
2,213,380,380.6678733031675
2,214,381,380.76470588235304
2,215,381,380.8389140271493
2,216,381,380.881447963801
2,217,381,380.88325791855215
2,218,381,380.90316742081455
2,219,381,381.00000000000017
2,220,381,381.0968325791857
2,221,381,381.1167420814481
2,222,381,381.18914027149333
2,223,381,381.24343891402725
2,224,381,381.27963800904985
2,225,382,381.29773755656123
2,226,382,381.29773755656106
2,227,381,381.2796380090499
2,228,381,381.3140271493214
2,229,381,381.2714932126698
2,230,381,381.09049773755663
2,231,381,380.9095022624435
2,232,381,380.79909502262456
2,233,381,380.7683257918552
2,234,381,380.76470588235304
2,235,380,380.73846153846165
2,236,380,380.63981900452495
2,237,381,380.41628959276034
2,238,381,380.2153846153846
2,239,380,380.116742081448
2,240,380,380.00000000000006
2,241,380,379.88325791855203
2,242,379,379.78461538461556
2,243,379,379.654298642534
2,244,380,379.44253393665167
2,245,380,379.30588235294124
2,246,379,379.20090497737567
2,247,379,379.1574660633484
2,248,379,379.00542986425353
2,249,379,378.8260562966443
2,250,378,378.50249750249753
2,251,378,378.20013320013305
2,252,378,377.87529137529157
2,253,378,377.31585081585087
2,254,376,376.6868686868679
2,255,376,375.7575757575758
2,256,377,376.3882352941178
2,257,377,376.0307692307694
2,258,376,375.7683257918553
2,259,376,375.646153846154
2,260,376,375.63891402714944
2,261,376,375.9212669683258
2,262,376,375.69864253393683
2,263,375,375.3764705882354
2,264,375,375.4932126696833
2,265,375,375.58733031674217
2,266,375,375.47692307692324
2,267,376,375.3800904977376
2,268,376,375.37647058823546
2,269,376,375.34570135746617
2,270,376,375.3058823529413
2,271,374,375.13665158371043
2,272,374,374.9882352941178
2,273,375,374.7402714932129
2,274,375,374.4108597285068
2,275,374,374.15656108597295
2,276,374,373.9339366515837
2,277,374,373.77013574660646
2,278,374,373.69230769230785
2,279,373,373.4506787330318
2,280,373,373.1954751131222
2,281,373,373.0742081447965
2,282,373,373.0343891402715
2,283,373,372.95565610859745
2,284,373,372.91764705882366
2,285,373,372.92941176470606
2,286,373,373.00000000000006
2,287,373,373.00000000000006
2,288,373,373.00000000000006
2,289,373,373.00000000000006
2,290,373,373.00000000000006
2,291,373,373.00000000000006
2,292,373,373.00000000000006
2,293,373,372.929411764706
2,294,373,372.9882352941178
2,295,373,373.03800904977385
2,296,373,373.07873303167435
2,297,373,373.11040723981915
2,298,373,373.1330316742083
2,299,373,373.14660633484175
2,300,374,373.0805429864255
2,301,373,373.0642533936653
2,302,373,373.08868778280555
2,303,373,373.1447963800906
2,304,373,373.0823529411766
2,305,373,373.15113122171965
2,306,373,373.3945701357468
2,307,374,373.65610859728514
2,308,374,373.9855203619911
2,309,374,374.29411764705895
2,310,374,374.5547511312219
2,311,376,374.86968325791855
2,312,376,375.13212669683264
2,313,375,375.43529411764723
2,314,375,375.7339366515838
2,315,376,376.05067873303176
2,316,376,376.4081447963801
2,317,377,376.8316742081448
2,318,377,377.14660633484164
2,319,378,377.5230769230769
2,320,378,377.93122171945714
2,321,378,378.2054298642536
2,322,379,378.3800904977377
2,323,379,378.55746606334844
2,324,378,378.639819004525
2,325,378,378.6678733031675
2,326,379,378.68235294117653
2,327,379,378.72398190045254
2,328,379,378.83348416289607
2,329,379,378.9837104072399
2,330,379,379.2859728506788
2,331,379,379.65158371040724
2,332,380,379.8533936651584
2,333,380,380.0642533936652
2,334,381,380.3864253393666
2,335,381,380.72217194570146
2,336,381,381.0443438914028
2,337,381,381.3257918552037
2,338,381,381.46877828054306
2,339,382,381.5755656108599
2,340,382,381.7484162895929
2,341,382,381.88959276018113
2,342,382,382.18099547511315
2,343,382,382.40452488687794
2,344,382,382.6217194570137
2,345,383,382.69411764705893
2,346,383,382.6217194570137
2,347,383,382.47239819004534
2,348,383,382.3140271493213
2,349,382,382.7819004524887
2,350,382,382.7113122171948
2,351,381,382.1837104072399
2,352,381,381.20995475113125
2,353,381,380.13936651583725
2,354,382,378.4886877828055
2,355,382,377.24524886877833
2,356,373,376.42714932126717
2,357,373,375.9140271493214
2,358,373,375.8561085972851
2,359,374,375.9945701357467
2,360,374,376.40904977375584
2,361,381,377.10859728506796
2,362,381,378.24072398190043
2,363,381,379.7529411764706
2,364,381,380.4877828054299
2,365,380,380.88778280543
2,366,380,380.9692307692309
2,367,380,380.68687782805443
2,368,380,379.93393665158385
2,369,380,379.71402714932145
2,370,380,379.43076923076933
2,371,379,379.1203619909504
2,372,379,378.81900452488713
2,373,378,378.42443438914046
2,374,378,378.03438914027157
2,375,378,377.7466063348418
2,376,377,377.45882352941186
2,377,377,377.20723981900466
2,378,377,377.0280542986426
2,379,377,376.8895927601812
2,380,377,376.7601809954752
2,381,377,376.4669683257921
2,382,376,376.2371040723983
2,383,376,376.15927601809966
2,384,376,375.9131221719458
2,385,376,375.716742081448
2,386,375,375.72036199095027
2,387,375,375.67420814479647
2,388,376,375.60542986425355
2,389,376,375.5411764705883
2,390,375,375.3701357466064
2,391,376,375.18099547511326
2,392,376,374.99185520361993
2,393,374,374.8208144796381
2,394,374,374.54751131221724
2,395,374,374.2515837104073
2,396,374,374.1511312217196
2,397,374,374.0642533936652
2,398,374,373.8090497737558
2,399,374,373.7420814479639
2,400,374,373.88144796380095
2,401,374,373.8389140271495
2,402,374,373.76470588235304
2,403,373,373.6678733031675
2,404,373,373.55746606334856
2,405,374,373.44253393665167
2,406,374,373.33212669683274
2,407,373,373.23529411764713
2,408,373,373.23167420814485
2,409,373,373.13031674208156
2,410,373,373.0787330316743
2,411,373,372.9475113122172
2,412,373,372.8072398190046
2,413,373,372.79638009049785
2,414,373,372.8533936651585
2,415,372,372.77828054298647
2,416,373,372.7710407239821
2,417,373,372.8932126696833
2,418,373,373.00633484162904
2,419,373,373.039819004525
2,420,373,373.123076923077
2,421,373,373.2470588235294
2,422,374,373.4027149321268
2,423,374,373.4425339366517
2,424,373,373.5574660633485
2,425,373,373.6678733031675
2,426,374,373.76470588235304
2,427,374,373.7683257918553
2,428,374,373.7990950226246
2,429,374,373.7683257918554
2,430,374,373.9257918552037
2,431,374,374.25339366515846
2,432,374,374.32398190045257
2,433,374,374.4488687782806
2,434,375,374.73031674208147
2,435,375,375.0705882352943
2,436,376,375.4425339366518
2,437,376,375.8190045248871
2,438,375,376.17285067873314
2,439,377,376.4769230769232
2,440,377,376.5628959276019
2,441,377,376.66244343891407
2,442,377,376.93936651583715
2,443,377,377.1574660633485
2,444,377,377.4280542986428
2,445,377,377.6624434389142
2,446,377,377.5628959276019
2,447,379,377.7085972850681
2,448,379,378.0018099547512
2,449,378,378.2859728506789
2,450,378,378.47239819004534
2,451,378,378.6723981900453
2,452,378,378.7882352941177
2,453,380,378.92217194570156
2,454,380,379.03800904977385
2,455,379,379.37647058823535
2,456,379,379.7782805429865
2,457,380,380.0162895927603
2,458,380,380.26334841628966
2,459,381,380.4832579185521
2,460,381,380.6398190045251
2,461,381,380.97375565610866
2,462,381,381.3257918552037
2,463,381,381.53936651583723
2,464,382,381.6579185520364
2,465,382,381.7927601809955
2,466,382,381.8552036199096
2,467,382,381.96561085972866
2,468,382,382.0443438914029
2,469,382,382.15294117647073
2,470,382,382.1529411764707
2,471,382,382.0443438914028
2,472,382,381.96561085972866
2,473,382,381.8552036199097
2,474,382,381.72217194570146
2,475,382,381.5755656108598
2,476,381,381.5656108597286
2,477,381,381.4425339366517
2,478,381,381.23348416289605
2,479,381,380.9656108597287
2,480,381,380.6660633484164
2,481,381,380.3619909502263
2,482,381,380.15113122171965
2,483,379,379.9312217194571
2,484,379,379.6000000000002
2,485,379,379.2552036199097
2,486,379,378.8533936651585
2,487,379,378.55113122171963
2,488,379,378.43710407239826
2,489,378,378.40000000000015
2,490,378,378.4669683257919
2,491,378,378.3882352941178
2,492,378,378.3846153846155
2,493,379,378.3357466063349
2,494,379,378.25972850678744
2,495,378,378.1746606334842
2,496,378,378.1692307692308
2,497,378,377.9936651583712
2,498,378,377.7366515837106
2,499,377,377.41628959276034
2,500,377,377.05067873303176
2,501,377,376.79638009049785
2,502,377,376.68054298642556
2,503,376,376.46244343891414
2,504,376,376.239819004525
2,505,376,376.0794499618027
2,506,376,375.94205794205783
2,507,376,375.78321678321674
2,508,376,375.65967365967373
2,509,375,375.4958041958045
2,510,375,375.10606060605977
2,511,375,374.9242424242424
2,512,374,374.86877828054315
2,513,374,374.2769230769232
2,514,374,373.8162895927603
2,515,374,373.550226244344
2,516,374,373.5420814479639
2,517,374,373.9257918552036
2,518,374,373.804524886878
2,519,374,373.5493212669683
2,520,373,373.3076923076924
2,521,373,373.08868778280555
2,522,373,372.9013574660634
2,523,373,372.75475113122195
2,524,372,372.6579185520362
2,525,372,372.61990950226254
2,526,373,372.64977375565627
2,527,373,372.7565610859729
2,528,373,372.81085972850695
2,529,373,372.8832579185522
2,530,373,372.9737556561086
2,531,373,373.0823529411767
2,532,373,373.0705882352941
2,533,373,373.00000000000006
2,534,373,373.00000000000006
2,535,373,373.00000000000006
2,536,373,373.00000000000006
2,537,373,373.00000000000006
2,538,373,373.00000000000006
2,539,373,373.00000000000006
2,540,373,373.00000000000006
2,541,373,373.00000000000006
2,542,373,373.00000000000006
2,543,373,373.00000000000006
2,544,373,372.929411764706
2,545,373,372.91764705882366
2,546,373,372.95565610859734
2,547,373,372.9638009049775
2,548,373,373.0624434389142
2,549,373,373.30407239819016
2,550,373,373.5411764705884
2,551,374,373.76470588235304
2,552,374,373.96561085972866
2,553,374,374.13484162895935
2,554,375,373.76923076923094
2,555,375,373.76561085972867
2,556,374,374.0515837104074
2,557,374,374.62533936651596
2,558,374,375.28506787330326
2,559,374,376.38823529411775
2,560,374,377.2923076923078
2,561,381,377.9791855203622
2,562,381,378.5692307692309
2,563,381,378.91221719457025
2,564,380,378.9900452488689
2,565,380,378.91674208144804
2,566,376,378.5357466063349
2,567,376,377.7583710407241
2,568,376,376.69592760181007
2,569,376,376.2904977375567
2,570,377,375.94298642533954
2,571,377,375.9484162895928
2,572,376,376.1864253393667
2,573,376,376.7366515837105
2,574,377,377.0542986425339
2,575,377,377.39457013574673
2,576,377,377.65972850678736
2,577,379,377.95203619909506
2,578,379,378.3737556561087
2,579,379,378.82714932126703
2,580,379,379.14660633484175
2,581,379,379.3665158371042
2,582,379,379.51855203619914
2,583,380,379.63438914027154
2,584,380,379.67782805429874
2,585,380,379.88959276018113
2,586,380,380.11040723981904
2,587,380,380.3221719457015
2,588,380,380.50678733031685
2,589,381,380.64615384615394
2,590,381,380.72217194570146
2,591,381,380.7846153846155
2,592,381,380.88325791855203
2,593,381,381.0705882352942
2,594,381,381.1990950226246
2,595,381,381.18914027149333
2,596,381,381.1610859728508
2,597,381,381.2352941176473
2,598,382,381.33212669683274
2,599,382,381.4425339366518
2,600,381,381.55746606334856
2,601,381,381.6678733031676
2,602,382,381.7647058823531
2,603,382,381.8389140271494
2,604,382,381.88144796380107
2,605,382,381.88325791855215
2,606,382,382.0443438914028
2,607,382,382.1647058823531
2,608,382,382.1149321266969
2,609,382,381.96561085972866
2,610,382,381.8552036199097
2,611,382,381.72217194570146
2,612,382,381.5755656108598
2,613,381,381.42443438914034
2,614,381,381.27782805429877
2,615,381,381.1447963800905
2,616,381,381.0343891402715
2,617,381,380.9556561085974
2,618,381,380.91764705882366
2,619,381,380.929411764706
2,620,381,381.0705882352942
2,621,381,381.0823529411766
2,622,381,381.0443438914028
2,623,381,380.9656108597287
2,624,381,380.9257918552037
2,625,381,380.804524886878
2,626,381,380.5493212669684
2,627,380,380.3076923076924
2,628,380,380.08868778280555
2,629,380,379.9719457013576
2,630,380,379.83710407239835
2,631,379,379.6316742081449
2,632,379,379.5031674208147
2,633,380,379.5312217194571
2,634,380,379.5954751131223
2,635,380,379.5755656108599
2,636,379,379.55113122171963
2,637,379,379.5312217194571
2,638,380,379.5248868778282
2,639,380,379.4027149321268
2,640,379,379.23529411764713
2,641,379,379.16108597285086
2,642,379,379.11855203619916
2,643,379,379.11674208144814
2,644,379,379.0262443438915
2,645,379,378.9882352941177
2,646,379,379.01176470588246
2,647,379,379.11493212669694
2,648,379,379.0479638009051
2,649,379,378.97013574660645
2,650,379,378.6995475113123
2,651,379,378.3927601809956
2,652,378,378.0678733031676
2,653,378,377.8135746606336
2,654,377,377.58914027149336
2,655,377,377.2923076923077
2,656,376,376.88868778280556
2,657,377,376.5438914027151
2,658,377,376.3556561085973
2,659,377,376.22171945701365
2,660,376,376.03981900452493
2,661,375,375.9076923076924
2,662,375,375.71402714932134
2,663,376,375.54751131221724
2,664,376,375.2877828054299
2,665,375,375.1529411764707
2,666,375,375.16108597285086
2,667,375,375.2009049773756
2,668,375,375.23167420814485
2,669,375,375.0742081447966
2,670,375,374.74660633484183
2,671,375,374.5348416289595
2,672,375,374.38642533936667
2,673,374,374.2515837104074
2,674,374,374.08054298642537
2,675,373,373.82081447963805
2,676,373,373.61990950226254
2,677,374,373.55746606334856
2,678,374,373.51312217194584
2,679,374,373.5049773755658
2,680,373,373.5511312217196
2,681,373,373.53122171945716
2,682,374,373.5248868778281
2,683,374,373.4027149321267
2,684,373,373.23529411764713
2,685,373,373.16108597285074
2,686,373,373.1185520361993
2,687,373,373.11674208144814
2,688,373,373.02624434389156
2,689,373,372.91764705882366
2,690,373,372.92941176470606
2,691,373,373.00000000000006
2,692,373,373.00000000000006
2,693,373,373.00000000000006
2,694,373,373.00000000000006
2,695,373,373.00000000000006
2,696,373,373.00000000000006
2,697,373,372.929411764706
2,698,373,372.91764705882366
2,699,373,372.95565610859734
2,700,373,372.9638009049775
2,701,373,373.0624434389142
2,702,373,373.30407239819016
2,703,373,373.5411764705884
2,704,374,373.694117647059
2,705,374,373.88325791855215
2,706,374,374.09049773755663
2,707,375,374.2977375565611
2,708,375,374.41628959276017
2,709,374,374.55746606334856
2,710,374,374.69411764705904
2,711,375,374.79909502262456
2,712,375,374.98371040724
2,713,375,375.15927601809955
2,714,375,375.23710407239827
2,715,376,375.4669683257919
2,716,376,375.7601809954752
2,717,376,375.8895927601811
2,718,376,376.02805429864264
2,719,376,376.20723981900466
2,720,376,376.4588235294119
2,721,377,376.67601809954766
2,722,377,376.952036199095
2,723,377,377.3800904977377
2,724,378,377.8533936651584
2,725,378,378.3357466063349
2,726,379,378.79095022624443
2,727,379,379.25339366515846
2,728,380,379.5574660633486
2,729,380,379.81447963800906
2,730,380,379.93574660633504
2,731,380,379.83257918552044
2,732,380,379.75475113122184
2,733,380,379.6135746606336
2,734,379,379.5294117647061
2,735,379,379.35203619909504
2,736,379,379.3402714932128
2,737,379,379.4850678733033
2,738,380,379.6479638009052
2,739,380,379.75837104072406
2,740,380,379.94570135746613
2,741,380,380.2009049773757
2,742,381,380.37647058823535
2,743,381,380.52488687782824
2,744,380,380.6280542986427
2,745,380,380.6678733031675
2,746,381,380.694117647059
2,747,381,380.75656108597286
2,748,381,380.90769230769246
2,749,381,381.0000000000001
2,750,381,381.1628959276018
2,751,381,381.32579185520365
2,752,381,381.27963800904985
2,753,382,381.2153846153847
2,754,382,381.3239819004526
2,755,381,381.3963800904978
2,756,381,381.36199095022636
2,757,381,381.350226244344
2,758,381,382.0579185520363
2,759,382,382.1819004524889
2,760,382,381.80361990950234
2,761,381,381.62737262737244
2,762,381,381.134865134865
2,763,382,380.08991008991006
2,764,382,378.3752913752914
2,765,372,375.95641025641027
2,766,372,373.20707070707
2,767,372,371.0909090909089
2,768,372,376.3348416289594
2,769,372,376.77104072398197
2,770,381,377.44705882352946
2,771,381,378.3538461538461
2,772,382,379.48235294117654
2,773,382,380.8941176470589
2,774,381,381.61990950226254
2,775,381,382.02895927601827
2,776,381,381.79004524886886
2,777,381,380.9719457013576
2,778,381,380.7484162895929
2,779,381,380.56380090497754
2,780,380,380.4361990950227
2,781,380,380.32217194570137
2,782,380,380.11040723981904
2,783,380,379.81900452488696
2,784,380,379.59547511312235
2,785,380,379.4488687782806
2,786,379,379.4588235294118
2,787,379,379.5049773755657
2,788,379,379.466968325792
2,789,379,379.42443438914023
2,790,380,379.3864253393666
2,791,380,379.36199095022636
2,792,380,379.4307692307694
2,793,379,379.47239819004534
2,794,379,379.2959276018101
2,795,379,379.11040723981915
2,796,379,379.12760180995497
2,797,379,378.9592760180997
2,798,379,378.771040723982
2,799,378,378.52850678733034
2,800,378,378.3384615384617
2,801,379,377.96923076923093
2,802,379,377.4570135746608
2,803,376,376.9674208144798
2,804,376,376.5981900452489
2,805,376,376.2470588235295
2,806,376,376.02081447963815
2,807,375,375.68778280543
2,808,375,375.2841628959278
2,809,376,375.18461538461554
2,810,376,375.22533936651587
2,811,375,375.0361990950227
2,812,375,374.84705882352944
2,813,374,374.6760180995476
2,814,374,374.54117647058837
2,815,375,374.32217194570154
2,816,374,374.09864253393675
2,817,374,374.0886877828055
2,818,374,374.11040723981904
2,819,374,374.0524886877829
2,820,374,374.00361990950233
2,821,374,373.8434389140273
2,822,374,373.65158371040724
2,823,374,373.57556561085977
2,824,373,373.4244343891403
2,825,373,373.3484162895928
2,826,373,373.22714932126706
2,827,373,373.0081447963801
2,828,373,372.8389140271494
2,829,373,372.7285067873304
2,830,373,372.6859728506789
2,831,373,372.7203619909503
2,832,372,372.70226244343905
2,833,372,372.702262443439
2,834,373,372.72036199095044
2,835,373,372.7565610859729
2,836,373,372.81085972850695
2,837,373,372.8832579185522
2,838,373,372.9031674208145
2,839,373,373.00000000000017
2,840,373,373.0262443438915
2,841,373,373.03438914027146
2,842,373,373.1447963800906
2,843,373,373.2778280542987
2,844,373,373.3538461538462
2,845,374,373.4932126696834
2,846,374,373.6778280542988
2,847,374,373.8895927601811
2,848,374,374.03981900452504
2,849,374,374.1692307692308
2,850,374,374.3800904977378
2,851,375,374.63619909502285
2,852,375,374.9013574660634
2,853,375,375.34841628959276
2,854,375,375.75022624434405
2,855,376,376.0180995475114
2,856,377,376.2633484162898
2,857,377,376.38823529411775
2,858,377,376.4950226244345
2,859,377,376.756561085973
2,860,376,376.94570135746613
2,861,376,377.04434389140283
2,862,377,377.0343891402716
2,863,377,376.96561085972854
2,864,378,377.0262443438915
2,865,378,377.0660633484164
2,866,377,377.20542986425335
2,867,377,377.42624434389137
2,868,377,377.5719457013576
2,869,377,377.6153846153848
2,870,378,377.7972850678734
2,871,378,378.0199095022625
2,872,379,378.39457013574673
2,873,379,378.8325791855205
2,874,379,379.10678733031693
2,875,379,379.39004524886883
2,876,380,379.64615384615394
2,877,380,379.8389140271494
2,878,380,380.0705882352942
2,879,380,380.24343891402725
2,880,380,380.46877828054306
2,881,381,380.6579185520364
2,882,381,380.72217194570146
2,883,381,380.7728506787331
2,884,381,380.92126696832594
2,885,381,381.07873303167423
2,886,381,381.22714932126706
2,887,381,381.3484162895928
2,888,381,381.42443438914034
2,889,382,381.5755656108599
2,890,382,381.72217194570146
2,891,382,381.8552036199096
2,892,382,381.96561085972866
2,893,382,382.0443438914029
2,894,382,382.0823529411766
2,895,382,382.0705882352943
2,896,382,382.0000000000002
2,897,382,382.0705882352942
2,898,382,382.0823529411765
2,899,382,382.0443438914028
2,900,382,381.96561085972866
2,901,382,381.8552036199097
2,902,382,381.72217194570146
2,903,382,381.5755656108598
2,904,381,381.42443438914034
2,905,381,381.27782805429877
2,906,381,381.1447963800905
2,907,381,381.1049773755658
2,908,381,381.03800904977396
2,909,381,381.03257918552043
2,910,381,380.97737556561094
2,911,381,380.8995475113123
2,912,381,380.75837104072417
2,913,381,380.5131221719458
2,914,380,380.19095022624447
2,915,380,379.81900452488696
2,916,379,379.42443438914034
2,917,379,379.03438914027157
2,918,379,378.74660633484183
2,919,378,378.45882352941186
2,920,378,378.20723981900466
2,921,378,378.02805429864253
2,922,378,377.819004524887
2,923,378,377.67782805429874
2,924,378,377.49321266968326
2,925,377,377.35384615384623
2,926,377,377.27782805429877
2,927,377,377.1447963800905
2,928,377,377.1049773755657
2,929,377,377.03800904977385
2,930,377,376.9619909502264
2,931,377,376.89502262443443
2,932,377,376.85520361990956
2,933,377,376.79276018099563
2,934,377,376.6579185520362
2,935,376,376.46877828054306
2,936,376,376.24343891402725
2,937,376,376.0000000000001
2,938,376,375.756561085973
2,939,376,375.53122171945716
2,940,375,375.34208144796384
2,941,375,375.27782805429877
2,942,375,375.22714932126706
2,943,375,375.0787330316743
2,944,375,374.92126696832594
2,945,375,374.77285067873316
2,946,375,374.6515837104073
2,947,375,374.64615384615405
2,948,374,374.50678733031685
2,949,374,374.3221719457015
2,950,374,374.1104072398191
2,951,374,373.8895927601812
2,952,374,373.6778280542987
2,953,374,373.4932126696835
2,954,373,373.3538461538462
2,955,373,373.27782805429877
2,956,373,373.1447963800906
2,957,373,373.0343891402715
2,958,373,372.95565610859745
2,959,373,372.91764705882366
2,960,373,372.92941176470606
2,961,373,373.00000000000006
2,962,373,373.00000000000006
2,963,373,373.00000000000006
2,964,373,373.00000000000006
2,965,373,373.00000000000006
2,966,373,373.00000000000006
2,967,373,373.00000000000006
2,968,373,372.929411764706
2,969,373,372.91764705882366
2,970,373,373.02624434389145
2,971,373,373.1167420814481
2,972,373,373.18914027149333
2,973,373,373.17285067873314
2,974,373,373.1972850678734
2,975,374,373.25339366515846
2,976,374,373.33212669683274
2,977,373,373.4244343891404
2,978,373,373.5212669683259
2,979,373,373.54298642533945
2,980,374,373.60995475113134
2,981,374,373.70407239819025
2,982,374,373.8072398190046
2,983,374,373.9692307692308
2,984,374,374.239819004525
2,985,374,374.321266968326
2,986,375,374.5158371040725
2,987,375,374.84886877828063
2,988,375,375.2841628959278
2,989,375,375.65339366515855
2,990,376,376.0588235294118
2,991,376,376.53484162895944
2,992,378,376.9158371040724
2,993,378,377.1040723981902
2,994,377,377.34027149321275
2,995,377,377.5266968325794
2,996,378,377.5656108597286
2,997,378,377.55927601809964
2,998,377,377.60995475113134
2,999,377,377.61990950226254
2,1000,378,377.76832579185526
2,1001,378,378.0343891402716
2,1002,378,378.19095022624447
2,1003,379,378.41085972850703
2,1004,379,378.86696832579196
2,1005,379,379.3321266968327
2,1006,379,379.508597285068
2,1007,380,379.69864253393683
2,1008,380,380.06606334841644
2,1009,381,380.3746606334842
2,1010,381,380.59728506787343
2,1011,380,380.8452488687785
2,1012,380,381.1004524886879
2,1013,382,381.2153846153848
2,1014,382,381.1104072398191
2,1015,381,381.04434389140295
2,1016,381,381.07873303167435
2,1017,381,381.05482752541565
2,1018,381,380.9170829170827
2,1019,380,380.6617826617825
2,1020,380,380.62820512820554
2,1021,381,380.5613053613055
2,1022,381,380.19191919191843
2,1023,379,379.3787878787879
2,1024,379,377.66425339366526
2,1025,379,377.70226244343905
2,1026,379,377.9619909502264
2,1027,379,378.43438914027166
2,1028,379,379.1104072398192
2,1029,379,379.9809954751133
2,1030,380,380.2063348416291
2,1031,380,380.14660633484175
2,1032,381,380.4307692307694
2,1033,381,380.61719457013584
2,1034,381,380.81719457013594
2,1035,381,381.07420814479644
2,1036,381,381.1610859728508
2,1037,381,381.18914027149333
2,1038,381,381.3402714932128
2,1039,381,381.3963800904978
2,1040,382,381.4162895927603
2,1041,382,381.45882352941186
2,1042,381,381.585520361991
2,1043,382,381.65791855203634
2,1044,382,381.74660633484183
2,1045,381,381.72217194570146
2,1046,381,381.5936651583712
2,1047,382,381.3701357466064
2,1048,382,381.1990950226246
2,1049,381,381.0280542986426
2,1050,381,380.73665158371045
2,1051,380,380.54298642533945
2,1052,380,380.4651583710409
2,1053,380,380.2533936651584
2,1054,380,379.9963800904977
2,1055,380,379.85067873303177
2,1056,380,379.7728506787331
2,1057,380,379.65158371040724
2,1058,380,379.64615384615394
2,1059,379,379.57737556561096
2,1060,379,379.404524886878
2,1061,379,379.15475113122193
2,1062,379,378.8552036199096
2,1063,379,378.53303167420825
2,1064,379,378.2153846153847
2,1065,378,378.00000000000006
2,1066,377,377.78461538461556
2,1067,377,377.4669683257919
2,1068,377,377.1447963800906
2,1069,377,376.9158371040725
2,1070,377,376.67782805429874
2,1071,377,376.4669683257921
2,1072,376,376.3194570135748
2,1073,376,376.1330316742082
2,1074,376,375.86696832579196
2,1075,376,375.6099547511313
2,1076,375,375.3800904977376
2,1077,375,375.3366515837105
2,1078,375,375.2389140271495
2,1079,375,375.05248868778295
2,1080,375,374.804524886878
2,1081,375,374.654298642534
2,1082,375,374.4199095022626
2,1083,375,374.25791855203624
2,1084,373,374.1185520361993
2,1085,373,373.9520361990951
2,1086,374,373.7764705882353
2,1087,374,373.6099547511313
2,1088,373,373.47058823529414
2,1089,374,373.37647058823546
2,1090,374,373.3457013574662
2,1091,373,373.39638009049787
2,1092,373,373.26968325791876
2,1093,373,373.1067873303168
2,1094,373,372.97556561085986
2,1095,373,372.94389140271505
2,1096,373,372.87330316742083
2,1097,373,372.96380090497746
2,1098,373,373.1447963800906
2,1099,373,373.2778280542987
2,1100,373,373.4244343891404
2,1101,374,373.5049773755658
2,1102,374,373.63981900452495
2,1103,374,373.8108597285069
2,1104,374,374.0000000000001
2,1105,374,374.1185520361992
2,1106,374,374.27782805429877
2,1107,374,374.3800904977378
2,1108,375,374.52760180995494
2,1109,375,374.82262443438935
2,1110,375,375.1674208144797
2,1111,375,375.4642533936653
2,1112,376,375.8153846153847
2,1113,376,376.2552036199096
2,1114,377,376.6180995475114
2,1115,377,376.8063348416291
2,1116,377,377.0606334841631
2,1117,377,377.3538461538463
2,1118,378,377.52941176470597
2,1119,378,377.56923076923096
2,1120,377,377.59366515837104
2,1121,377,377.45248868778293
2,1122,378,377.3339366515839
2,1123,378,377.28778280543
2,1124,377,377.225339366516
2,1125,377,377.25791855203636
2,1126,377,377.49683257918565
2,1127,377,377.85339366515853
2,1128,378,378.1004524886879
2,1129,379,378.4108597285068
2,1130,379,378.88687782805437
2,1131,380,379.43076923076933
2,1132,380,379.8769230769232
2,1133,380,380.25972850678744
2,1134,380,380.47239819004545
2,1135,381,380.60814479638026
2,1136,381,380.83076923076936
2,1137,381,381.0425339366517
2,1138,381,381.1547511312219
2,1139,381,381.2877828054301
2,1140,381,381.3619909502264
2,1141,382,381.3683257918554
2,1142,382,381.2271493212671
2,1143,381,381.19728506787345
2,1144,381,381.19909502262453
2,1145,381,381.22352941176473
2,1146,381,381.2615384615385
2,1147,381,381.37466063348427
2,1148,381,381.4244343891403
2,1149,382,381.54932126696855
2,1150,382,381.68778280543
2,1151,382,381.639819004525
2,1152,382,381.6054298642535
2,1153,382,381.64615384615394
2,1154,381,381.62352941176476
2,1155,381,381.5375565610861
2,1156,381,381.3882352941178
2,1157,381,381.3140271493213
2,1158,382,381.25339366515857
2,1159,382,381.2153846153847
2,1160,381,381.1384615384617
2,1161,381,381.16108597285086
2,1162,381,381.2153846153848
2,1163,381,381.23348416289605
2,1164,381,381.2859728506789
2,1165,381,381.24343891402725
2,1166,381,381.4651583710408
2,1167,382,381.51040723981913
2,1168,382,381.49773755656116
2,1169,381,381.1457013574662
2,1170,381,380.5176470588236
2,1171,380,379.67692307692323
2,1172,380,378.6162895927603
2,1173,377,377.52850678733046
2,1174,377,376.1855203619911
2,1175,374,375.43891402714945
2,1176,374,374.9864253393666
2,1177,374,374.6642533936652
2,1178,374,374.70859728506804
2,1179,375,375.00814479638024
2,1180,375,375.6515837104074
2,1181,379,376.3122171945703
2,1182,377,377.06334841628967
2,1183,377,377.4895927601811
2,1184,378,377.7755656108599
2,1185,378,377.96470588235314
2,1186,378,377.90045248868785
2,1187,378,377.7031674208146
2,1188,377,377.29321266968344
2,1189,377,377.28597285067883
2,1190,377,377.01990950226264
2,1191,377,376.65429864253406
2,1192,376,376.3457013574663
2,1193,376,376.1212669683259
2,1194,376,375.87873303167424
2,1195,376,375.58371040723995
2,1196,375,375.2633484162898
2,1197,375,375.0769230769232
2,1198,375,374.98371040724
2,1199,375,374.88144796380107
2,1200,374,374.6678733031675
2,1201,374,374.44072398190065
2,1202,375,374.2271493212672
2,1203,375,374.05429864253415
2,1204,374,373.74027149321273
2,1205,373,373.50316742081463
2,1206,373,373.42262443438926
2,1207,373,373.37828054298654
2,1208,373,373.2497737556563
2,1209,373,373.1167420814481
2,1210,373,373.1266968325793
2,1211,374,373.22714932126706
2,1212,374,373.2977375565611
2,1213,373,373.27963800904996
2,1214,373,373.2434389140273
2,1215,373,373.1891402714932
2,1216,373,373.11674208144814
2,1217,373,373.02624434389156
2,1218,373,372.91764705882366
2,1219,373,372.92941176470606
2,1220,373,373.00000000000006
2,1221,373,373.0705882352941
2,1222,373,373.0823529411766
2,1223,373,372.90316742081455
2,1224,373,372.8009049773757
2,1225,373,372.8371040723983
2,1226,373,372.87330316742094
2,1227,373,372.83891402714937
2,1228,372,372.8633484162898
2,1229,372,372.9375565610862
2,1230,374,373.0524886877829
2,1231,374,373.1285067873303
2,1232,373,373.2859728506789
2,1233,373,373.5067873303168
2,1234,374,373.7728506787332
2,1235,374,373.9954751131222
2,1236,374,374.1475113122173
2,1237,374,374.2633484162896
2,1238,375,374.6542986425342
2,1239,375,375.03167420814486
2,1240,375,375.1773755656108
2,1241,375,375.2733031674209
2,1242,376,375.5013574660635
2,1243,376,375.6434389140272
2,1244,376,375.6199095022626
2,1245,375,375.5511312217196
2,1246,375,375.4868778280544
2,1247,376,375.4769230769232
2,1248,376,375.43257918552047
2,1249,375,375.46515837104084
2,1250,375,375.61538461538476
2,1251,376,375.92398190045265
2,1252,376,376.3638009049773
2,1253,377,376.6986425339367
2,1254,377,377.09230769230777
2,1255,378,377.63800904977387
2,1256,378,378.2289592760182
2,1257,379,378.69049773755654
2,1258,379,379.04796380090517
2,1259,379,379.3945701357467
2,1260,380,379.6235294117649
2,1261,380,379.8371040723984
2,1262,380,379.93755656108607
2,1263,380,380.03619909502277
2,1264,380,380.0443438914029
2,1265,380,380.0117647058824
2,1266,380,379.9882352941177
2,1267,380,379.9556561085974
2,1268,380,380.03438914027157
2,1269,380,380.0742081447965
2,1270,380,380.1954751131222
2,1271,380,380.45067873303174
2,1272,381,380.6923076923078
2,1273,381,380.9554563083972
2,1274,381,381.2347652347651
2,1275,381,381.4860694860695
2,1276,382,381.63752913752944
2,1277,382,381.60955710955716
2,1278,381,381.3838383838376
2,1279,381,380.81818181818176
2,1280,381,378.8271493212671
2,1281,381,379.17918552036207
2,1282,381,379.67601809954766
2,1283,381,380.29954751131237
2,1284,381,381.102262443439
2,1285,381,381.9366515837105
2,1286,381,381.8923076923078
2,1287,382,381.4588235294118
2,1288,382,381.6036199095024
2,1289,382,381.694117647059
2,1290,382,381.7303167420816
2,1291,381,381.71221719457037
2,1292,381,381.639819004525
2,1293,382,381.51312217194584
2,1294,382,381.33212669683274
2,1295,381,381.2352941176473
2,1296,381,381.16108597285086
2,1297,381,381.11855203619905
2,1298,381,381.116742081448
2,1299,381,381.0262443438915
2,1300,381,380.91764705882366
2,1301,381,380.929411764706
2,1302,381,381.0000000000001
2,1303,381,381.0705882352942
2,1304,381,381.0823529411766
2,1305,381,381.0443438914028
2,1306,381,380.9656108597287
2,1307,381,380.7846153846155
2,1308,381,380.63981900452495
2,1309,381,380.60180995475116
2,1310,380,380.54117647058837
2,1311,380,380.466968325792
2,1312,380,380.38823529411775
2,1313,380,380.3846153846155
2,1314,381,380.3357466063351
2,1315,381,380.1891402714934
2,1316,380,380.09230769230777
2,1317,380,380.12488687782815
2,1318,380,380.02805429864264
2,1319,380,379.8814479638009
2,1320,379,379.7647058823531
2,1321,379,379.5574660633485
2,1322,380,379.34570135746617
2,1323,380,379.2153846153847
2,1324,379,379.04615384615397
2,1325,379,378.9176470588236
2,1326,379,378.8389140271495
2,1327,378,378.819004524887
2,1328,378,378.79909502262467
2,1329,379,378.7203619909504
2,1330,379,378.8009049773756
2,1331,379,378.858823529412
2,1332,379,378.7122171945703
2,1333,379,378.57918552036216
2,1334,379,378.60995475113134
2,1335,378,378.4162895927602
2,1336,378,378.1574660633485
2,1337,377,377.860633484163
2,1338,377,377.42081447963807
2,1339,378,377.0036199095024
2,1340,378,376.6361990950228
2,1341,376,376.4162895927603
2,1342,376,376.2416289592762
2,1343,375,375.9393665158372
2,1344,375,375.7366515837106
2,1345,376,375.58371040723995
2,1346,376,375.43076923076933
2,1347,376,375.36380090497755
2,1348,375,375.4687782805431
2,1349,375,375.4868778280544
2,1350,376,375.55927601809964
2,1351,376,375.6180995475114
2,1352,375,375.5954751131223
2,1353,375,375.6298642533938
2,1354,376,375.6597285067874
2,1355,376,375.7647058823531
2,1356,376,375.68597285067887
2,1357,376,375.50316742081463
2,1358,375,375.36380090497744
2,1359,375,375.2153846153847
2,1360,375,374.93755656108607
2,1361,375,374.60995475113134
2,1362,374,374.38009049773774
2,1363,374,374.1954751131222
2,1364,374,374.1447963800906
2,1365,374,374.1167420814481
2,1366,374,373.92941176470595
2,1367,374,373.8009049773757
2,1368,374,373.81085972850695
2,1369,374,373.8389140271495
2,1370,374,373.76470588235304
2,1371,373,373.6678733031675
2,1372,373,373.55746606334856
2,1373,374,372.8778280542987
2,1374,374,372.67330316742095
2,1375,373,372.8805429864254
2,1376,373,373.4361990950228
2,1377,373,374.27692307692314
2,1378,373,375.9040723981901
2,1379,373,377.0805429864255
2,1380,381,377.8769230769232
2,1381,381,378.36108597285084
2,1382,381,378.6009049773757
2,1383,381,378.52850678733046
2,1384,381,378.0760180995476
2,1385,373,377.2434389140273
2,1386,373,376.03076923076935
2,1387,373,374.3674208144798
2,1388,374,373.49049773755667
2,1389,374,372.9692307692309
2,1390,373,372.73755656108614
2,1391,373,372.7972850678733
2,1392,373,373.3502262443441
2,1393,373,373.35203619909515
2,1394,374,373.3583710407241
2,1395,374,373.28959276018105
2,1396,373,373.40452488687794
2,1397,373,373.69411764705893
2,1398,374,373.881447963801
2,1399,374,373.95746606334865
2,1400,374,374.04253393665164
2,1401,374,374.1185520361992
2,1402,375,374.3058823529413
2,1403,375,374.5248868778281
2,1404,374,374.6986425339367
2,1405,374,374.75022624434405
2,1406,375,374.73846153846165
2,1407,375,374.7221719457016
2,1408,375,374.6923076923078
2,1409,375,374.639819004525
2,1410,375,374.69411764705893
2,1411,374,374.78461538461545
2,1412,374,374.70226244343905
2,1413,375,374.63800904977387
2,1414,375,374.71221719457026
2,1415,375,374.84524886877836
2,1416,375,374.95746606334853
2,1417,375,375.1692307692309
2,1418,375,375.46244343891414
2,1419,376,375.6805429864255
2,1420,376,375.7963800904979
2,1421,376,376.05067873303176
2,1422,376,376.3457013574662
2,1423,377,376.65429864253406
2,1424,377,376.9493212669684
2,1425,377,377.27420814479643
2,1426,377,377.47239819004534
2,1427,378,377.59366515837104
2,1428,378,377.68778280542983
2,1429,378,377.8072398190046
2,1430,378,377.8045248868778
2,1431,378,377.7384615384617
2,1432,377,377.6678733031675
2,1433,377,377.5837104072399
2,1434,378,377.4769230769231
2,1435,378,377.4769230769232
2,1436,377,377.51312217194584
2,1437,377,377.5149321266969
2,1438,378,377.6117647058825
2,1439,378,377.79457013574665
2,1440,378,377.9158371040724
2,1441,378,377.9574660633486
2,1442,378,378.16923076923086
2,1443,378,378.53303167420825
2,1444,379,378.7628959276018
2,1445,379,378.84072398190057
2,1446,379,379.0162895927602
2,1447,379,379.27149321266984
2,1448,380,379.3882352941178
2,1449,380,379.48687782805433
2,1450,379,379.61990950226254
2,1451,379,379.639819004525
2,1452,380,379.60542986425344
2,1453,380,379.5755656108599
2,1454,379,379.54117647058837
2,1455,380,379.4932126696834
2,1456,380,379.49049773755667
2,1457,379,379.59185520362
2,1458,379,379.7203619909503
2,1459,380,379.79909502262456
2,1460,380,379.88687782805454
2,1461,380,380.04253393665175
2,1462,380,380.1891402714934
2,1463,381,380.3882352941178
2,1464,381,380.49864253393685
2,1465,380,380.5113122171948
2,1466,380,380.54932126696843
2,1467,381,380.5330316742082
2,1468,381,380.52126696832596
2,1469,380,380.5755656108598
2,1470,380,380.5574660633485
2,1471,381,380.53484162895927
2,1472,381,380.57556561085977
2,1473,380,380.6117647058825
2,1474,381,380.57556561085977
2,1475,381,380.60542986425344
2,1476,380,380.63981900452495
2,1477,380,380.54932126696843
2,1478,381,380.40452488687794
2,1479,381,380.34389140271503
2,1480,380,380.30588235294135
2,1481,380,380.16108597285086
2,1482,380,380.11855203619916
2,1483,380,380.25791855203624
2,1484,380,380.19095022624447
2,1485,380,379.935746606335
2,1486,380,379.7782805429865
2,1487,380,379.73665158371045
2,1488,380,379.56108597285083
2,1489,380,379.3402714932127
2,1490,378,379.0217194570137
2,1491,378,378.7529411764708
2,1492,379,378.6841628959276
2,1493,379,378.56561085972857
2,1494,378,378.4950226244345
2,1495,378,378.37013574660637
2,1496,378,378.15656108597307
2,1497,379,378.0199095022626
2,1498,379,377.7809954751132
2,1499,377,377.46063348416305
2,1500,377,377.2153846153847
2,1501,376,377.00180995475114
2,1502,376,376.708597285068
2,1503,377,376.42443438914034
2,1504,377,376.2380090497739
2,1505,376,376.17647058823536
2,1506,376,376.20542986425346
2,1507,376,376.08416289592776
2,1508,376,375.9719457013575
2,1509,376,375.74841628959274
2,1510,376,375.49321266968326
2,1511,375,375.3538461538463
2,1512,375,375.27782805429865
2,1513,375,375.14479638009055
2,1514,375,375.0343891402716
2,1515,375,374.9556561085974
2,1516,375,374.9176470588237
2,1517,375,374.92941176470595
2,1518,375,375.00000000000006
2,1519,375,375.0705882352942
2,1520,375,375.0823529411765
2,1521,375,375.0443438914028
2,1522,375,374.9656108597285
2,1523,375,374.92579185520367
2,1524,375,374.80452488687786
2,1525,375,374.5493212669685
2,1526,374,374.30769230769243
2,1527,374,374.1592760180997
2,1528,374,373.9837104072398
2,1529,374,373.78456837280345
2,1530,373,373.6363636363635
2,1531,373,373.57353757353735
2,1532,374,373.57808857808897
2,1533,374,373.4717948717949
2,1534,373,373.3737373737367
2,1535,373,372.8484848484848
2,1536,373,374.42624434389154
2,1537,373,373.63076923076943
2,1538,374,373.02986425339384
2,1539,373,372.6868778280543
2,1540,373,372.6651583710407
2,1541,373,373.0280542986426
2,1542,373,372.9375565610861
2,1543,373,372.95565610859745
2,1544,373,373.01447963800916
2,1545,373,373.0461538461539
2,1546,373,373.18914027149333
2,1547,373,373.2434389140272
2,1548,373,373.27963800904996
2,1549,374,373.2977375565613
2,1550,374,373.22714932126706
2,1551,373,373.19728506787345
2,1552,373,373.2696832579187
2,1553,373,373.30588235294124
2,1554,373,373.3058823529413
2,1555,373,373.26968325791876
2,1556,373,373.19728506787345
2,1557,374,373.22714932126706
2,1558,374,373.2977375565611
2,1559,373,373.27963800904996
2,1560,373,373.2434389140273
2,1561,373,373.1185520361993
2,1562,373,373.03438914027146
2,1563,373,373.052488687783
2,1564,373,373.0343891402715
2,1565,373,373.1185520361992
2,1566,373,373.2434389140272
2,1567,373,373.2090497737558
2,1568,374,373.21538461538455
2,1569,374,373.3239819004526
2,1570,373,373.39638009049776
2,1571,373,373.3619909502263
2,1572,373,373.3502262443441
2,1573,373,373.35203619909515
2,1574,374,373.3583710407241
2,1575,374,373.36018099547516
2,1576,373,373.48687782805433
2,1577,373,373.2443438914028
2,1578,374,373.27058823529416
2,1579,374,373.5728506787331
2,1580,374,374.0877828054299
2,1581,374,374.7520361990951
2,1582,374,376.06425339366535
2,1583,374,377.12307692307706
2,1584,380,378.19509901862835
2,1585,380,379.2447552447551
2,1586,380,380.0772560772561
2,1587,380,380.18881118881137
2,1588,380,378.993006993007
2,1589,374,376.2727272727265
2,1590,374,373.5454545454546
3,0,374,375.76018099547514
3,1,374,375.1719457013575
3,2,374,374.65158371040724
3,3,374,374.2443438914028
3,4,374,373.99547511312227
3,5,374,373.87963800904987
3,6,375,374.00361990950233
3,7,375,374.33574660633496
3,8,374,374.358371040724
3,9,374,374.3538461538463
3,10,374,374.3221719457015
3,11,374,374.2633484162896
3,12,375,374.1067873303169
3,13,374,373.98190045248873
3,14,374,374.08868778280544
3,15,374,374.2271493212671
3,16,374,374.2678733031675
3,17,374,374.281447963801
3,18,374,374.33846153846156
3,19,375,374.3095022624436
3,20,375,374.2009049773756
3,21,374,374.08054298642554
3,22,374,374.0805429864255
3,23,374,374.0624434389141
3,24,374,373.9556561085974
3,25,373,373.8895927601812
3,26,373,373.7846153846156
3,27,375,373.8995475113124
3,28,375,374.15475113122193
3,29,374,374.473303167421
3,30,374,374.7782805429865
3,31,375,375.060633484163
3,32,375,375.3113122171947
3,33,376,375.3122171945702
3,34,376,375.2452488687784
3,35,376,375.43076923076933
3,36,375,375.58914027149325
3,37,375,375.5113122171947
3,38,375,375.3882352941177
3,39,375,375.34027149321275
3,40,376,375.28778280542997
3,41,376,375.28959276018116
3,42,375,375.404524886878
3,43,375,375.5529411764706
3,44,376,375.71674208144816
3,45,376,375.9393665158371
3,46,376,376.1936651583712
3,47,376,376.3819004524887
3,48,377,376.7447963800906
3,49,377,377.18461538461554
3,50,378,377.53574660633495
3,51,378,377.90316742081467
3,52,378,378.1891402714933
3,53,378,378.43438914027155
3,54,379,378.6117647058824
3,55,379,378.69411764705893
3,56,379,378.8633484162897
3,57,379,378.90135746606353
3,58,378,378.937556561086
3,59,379,378.9013574660635
3,60,379,378.72217194570146
3,61,379,378.52941176470597
3,62,379,378.3819004524888
3,63,378,378.3384615384616
3,64,378,378.3900452488689
3,65,378,378.5276018099548
3,66,378,378.53303167420825
3,67,379,378.7266968325793
3,68,379,379.0199095022625
3,69,380,379.3945701357468
3,70,380,379.7619909502263
3,71,380,380.0950226244344
3,72,380,380.49864253393673
3,73,381,380.7366515837105
3,74,381,380.91131221719473
3,75,381,381.19547511312226
3,76,381,381.3619909502263
3,77,382,381.53122171945705
3,78,382,381.6235294117648
3,79,381,381.6298642533937
3,80,382,381.5411764705884
3,81,382,381.41628959276034
3,82,381,381.31402714932136
3,83,381,381.29592760181004
3,84,381,381.2235294117648
3,85,381,381.16470588235313
3,86,381,381.1873303167422
3,87,381,381.22352941176473
3,88,382,381.3438914027151
3,89,382,381.48687782805445
3,90,381,381.523076923077
3,91,381,381.5936651583712
3,92,382,381.56923076923096
3,93,382,381.4588235294118
3,94,381,381.41266968325806
3,95,381,381.1809954751134
3,96,381,380.85882352941195
3,97,381,380.54117647058837
3,98,380,380.18733031674225
3,99,380,379.75656108597303
3,100,380,379.343891402715
3,101,378,379.04434389140283
3,102,378,378.8171945701359
3,103,379,378.62171945701374
3,104,379,378.48506787330325
3,105,378,378.4343891402717
3,106,378,378.4289592760182
3,107,379,378.4280542986426
3,108,379,378.4588235294118
3,109,378,378.3420814479639
3,110,378,378.0986425339368
3,111,378,377.9556561085974
3,112,378,377.74027149321273
3,113,377,377.350226244344
3,114,377,376.88325791855215
3,115,377,376.5755656108598
3,116,376,376.2633484162897
3,117,376,375.8533936651585
3,118,375,375.452488687783
3,119,375,375.0968325791857
3,120,375,374.8226244343893
3,121,375,374.5276018099549
3,122,374,374.3095022624436
3,123,374,374.1954751131222
3,124,374,374.0742081447965
3,125,374,374.03438914027157
3,126,374,373.95565610859734
3,127,374,373.9176470588238
3,128,374,373.929411764706
3,129,374,374.0000000000001
3,130,374,374.0000000000001
3,131,374,374.0000000000001
3,132,374,374.0000000000001
3,133,374,374.07058823529417
3,134,374,374.1529411764708
3,135,374,374.1266968325792
3,136,374,373.93936651583715
3,137,374,373.73846153846165
3,138,374,373.53303167420825
3,139,374,373.33212669683274
3,140,373,373.14479638009067
3,141,372,372.98009049773765
3,142,372,372.8470588235295
3,143,373,372.7547511312218
3,144,373,372.7122171945703
3,145,373,372.7285067873305
3,146,373,372.742081447964
3,147,373,372.89140271493227
3,148,373,373.0380090497739
3,149,373,373.10497737556574
3,150,373,373.1447963800906
3,151,373,373.2778280542987
3,152,373,373.4244343891404
3,153,374,373.5755656108598
3,154,374,373.72217194570146
3,155,374,373.78461538461556
3,156,374,373.8832579185521
3,157,374,374.00000000000017
3,158,374,374.1167420814481
3,159,374,374.1447963800906
3,160,374,374.1954751131222
3,161,374,374.3800904977377
3,162,375,374.60995475113134
3,163,375,374.79638009049796
3,164,375,375.05067873303176
3,165,375,375.34570135746617
3,166,376,375.6542986425341
3,167,376,375.8787330316744
3,168,376,376.1212669683258
3,169,376,376.3457013574662
3,170,377,376.65429864253406
3,171,377,376.9493212669684
3,172,377,377.20361990950244
3,173,377,377.3194570135747
3,174,378,377.53755656108603
3,175,378,377.76018099547514
3,176,378,377.96018099547524
3,177,378,378.11040723981915
3,178,378,378.3221719457014
3,179,378,378.50678733031685
3,180,379,378.64615384615394
3,181,379,378.6515837104074
3,182,379,378.7728506787332
3,183,379,379.3447963800905
3,184,379,379.5728506787332
3,185,379,379.4226244343893
3,186,379,379.05972850678745
3,187,379,378.2995475113123
3,188,380,377.6959276018102
3,189,380,376.90497737556564
3,190,374,376.45339366515844
3,191,374,376.3140271493213
3,192,375,376.45972850678754
3,193,375,376.86334841628974
3,194,378,377.4977375565613
3,195,378,378.33574660633485
3,196,382,379.48868778280564
3,197,382,380.9384615384617
3,198,382,381.7067873303169
3,199,382,382.08325791855214
3,200,382,382.2723981900453
3,201,382,382.210859728507
3,202,382,382.1212669683259
3,203,382,381.7647058823531
3,204,381,381.66787330316754
3,205,381,381.48687782805445
3,206,382,381.4307692307692
3,207,382,381.3701357466064
3,208,381,381.2434389140273
3,209,381,381.1891402714932
3,210,381,381.2072398190046
3,211,381,381.2977375565612
3,212,382,381.39276018099565
3,213,381,381.42443438914034
3,214,381,381.6018099547513
3,215,382,381.73393665158386
3,216,382,381.6298642533938
3,217,382,381.49864253393673
3,218,382,381.4108597285069
3,219,381,381.2371040723982
3,220,381,381.1248868778282
3,221,380,380.8832579185522
3,222,380,380.7330316742082
3,223,381,380.56289592760186
3,224,381,380.2678733031675
3,225,380,380.01357466063354
3,226,380,379.89773755656114
3,227,380,379.6796380090499
3,228,380,379.4570135746607
3,229,378,379.18914027149333
3,230,378,378.8352941176471
3,231,379,378.5610859728508
3,232,379,378.33212669683274
3,233,378,378.1167420814482
3,234,378,377.8832579185521
3,235,378,377.73846153846165
3,236,377,377.5891402714933
3,237,377,377.20361990950255
3,238,377,376.750226244344
3,239,377,376.39457013574673
3,240,376,376.10226244343903
3,241,376,375.771040723982
3,242,375,375.49864253393673
3,243,375,375.3828054298645
3,244,375,375.1828054298644
3,245,375,374.996380090498
3,246,375,374.85067873303177
3,247,375,374.77285067873316
3,248,375,374.58099547511324
3,249,375,374.47170476582215
3,250,374,374.26073926073923
3,251,374,374.04262404262374
3,252,374,373.8752913752916
3,253,374,373.87062937062956
3,254,374,374.1919191919183
3,255,375,374.92424242424255
3,256,375,375.99366515837113
3,257,374,375.2923076923079
3,258,374,374.7384615384617
3,259,374,374.24796380090504
3,260,374,373.8751131221721
3,261,374,373.6742081447965
3,262,374,373.5610859728508
3,263,374,373.65158371040724
3,264,374,373.57556561085977
3,265,373,373.4244343891403
3,266,373,373.27782805429877
3,267,373,373.1447963800906
3,268,373,373.0343891402715
3,269,373,372.95565610859745
3,270,373,372.91764705882366
3,271,373,372.92941176470606
3,272,373,373.00000000000006
3,273,373,373.00000000000006
3,274,373,373.00000000000006
3,275,373,373.00000000000006
3,276,373,373.00000000000006
3,277,373,372.929411764706
3,278,373,372.91764705882366
3,279,373,372.95565610859734
3,280,373,373.03438914027146
3,281,373,373.0742081447965
3,282,373,373.19547511312226
3,283,373,373.3800904977376
3,284,374,373.60995475113134
3,285,374,373.86696832579196
3,286,374,374.1330316742083
3,287,374,374.3900452488689
3,288,375,374.61990950226243
3,289,375,374.73393665158386
3,290,375,374.8434389140273
3,291,375,374.921266968326
3,292,375,375.07873303167435
3,293,375,375.227149321267
3,294,375,375.2072398190047
3,295,375,375.25972850678744
3,296,376,375.4868778280544
3,297,376,375.7909502262445
3,298,376,376.1447963800905
3,299,376,376.52126696832596
3,300,376,376.82262443438924
3,301,378,377.1511312217196
3,302,378,377.4705882352941
3,303,378,377.7447963800906
3,304,378,378.07601809954775
3,305,378,378.36651583710415
3,306,378,378.51855203619925
3,307,379,378.6343891402716
3,308,379,378.74841628959297
3,309,379,378.90135746606353
3,310,379,379.0723981900454
3,311,379,379.1728506787332
3,312,379,379.31402714932136
3,313,380,379.5393665158373
3,314,380,379.69230769230785
3,315,379,379.89321266968335
3,316,380,380.0624434389143
3,317,380,380.19095022624447
3,318,381,380.26968325791864
3,319,381,380.219004524887
3,320,380,380.1592760180996
3,321,380,380.14027149321265
3,322,380,380.2117647058824
3,323,380,380.28778280543
3,324,380,380.4208144796382
3,325,380,380.5312217194572
3,326,381,380.7484162895929
3,327,381,380.9312217194571
3,328,382,381.0705882352942
3,329,382,381.36018099547516
3,330,381,381.523076923077
3,331,381,381.41809954751136
3,332,381,381.3040723981901
3,333,381,381.16289592760194
3,334,382,381.114932126697
3,335,382,381.0805429864255
3,336,380,381.25972850678744
3,337,380,381.45248868778293
3,338,382,381.52941176470597
3,339,382,381.56108597285083
3,340,382,381.54751131221724
3,341,382,381.48868778280564
3,342,382,381.523076923077
3,343,381,381.5891402714933
3,344,381,381.48959276018104
3,345,381,381.22714932126706
3,346,381,381.0787330316743
3,347,381,380.9212669683259
3,348,381,380.7728506787332
3,349,381,380.65158371040735
3,350,381,380.64615384615394
3,351,380,380.50678733031685
3,352,380,380.39276018099565
3,353,380,380.1927601809956
3,354,380,379.93393665158385
3,355,380,379.6434389140274
3,356,380,379.34841628959293
3,357,379,379.07601809954764
3,358,379,378.85339366515853
3,359,378,378.639819004525
3,360,378,378.3945701357467
3,361,378,378.2153846153848
3,362,378,378.0000000000001
3,363,378,377.7846153846154
3,364,378,377.60542986425355
3,365,378,377.3601809954753
3,366,377,377.14660633484175
3,367,377,376.85339366515853
3,368,376,376.5692307692309
3,369,376,376.38280542986433
3,370,376,376.1828054298644
3,371,376,375.92579185520367
3,372,376,375.7683257918553
3,373,376,375.8696832579186
3,374,376,375.8506787330318
3,375,376,375.80904977375565
3,376,375,375.6334841628961
3,377,375,375.4126696832581
3,378,376,375.16470588235296
3,379,376,374.9076923076925
3,380,374,374.65972850678753
3,381,374,374.43891402714945
3,382,374,374.26334841628966
3,383,374,374.22171945701365
3,384,374,374.1348416289594
3,385,374,373.9619909502262
3,386,374,373.868778280543
3,387,374,373.7502262443441
3,388,374,373.49502262443445
3,389,374,373.1828054298644
3,390,373,372.9520361990951
3,391,372,372.8027149321268
3,392,372,372.80542986425365
3,393,372,372.83076923076936
3,394,373,372.81719457013594
3,395,373,372.90316742081455
3,396,374,373.15927601809955
3,397,374,373.38552036199104
3,398,374,373.5819004524887
3,399,373,373.74208144796387
3,400,373,373.78914027149335
3,401,374,373.5728506787332
3,402,374,373.48144796380103
3,403,373,373.4968325791857
3,404,374,373.60995475113145
3,405,374,373.53846153846166
3,406,373,373.67058823529425
3,407,373,373.9113122171947
3,408,375,374.16561085972876
3,409,375,374.4036199095023
3,410,374,374.79547511312234
3,411,374,375.16651583710416
3,412,377,375.68054298642545
3,413,377,376.23076923076945
3,414,376,376.64253393665166
3,415,376,377.01176470588246
3,416,378,377.44072398190053
3,417,378,377.7701357466064
3,418,378,377.8434389140273
3,419,378,377.70407239819014
3,420,378,377.7402714932128
3,421,378,377.6696832579187
3,422,377,377.48325791855217
3,423,377,377.23348416289605
3,424,377,377.1791855203621
3,425,377,377.1791855203622
3,426,377,377.23348416289616
3,427,377,377.3420814479639
3,428,378,377.4343891402716
3,429,378,377.63981900452495
3,430,378,377.74027149321273
3,431,378,377.91764705882366
3,432,378,378.1447963800906
3,433,378,378.39457013574673
3,434,378,378.63981900452495
3,435,379,378.8533936651586
3,436,379,379.07601809954764
3,437,380,379.34841628959293
3,438,380,379.71402714932134
3,439,380,380.01628959276024
3,440,380,380.2371040723983
3,441,380,380.3583710407241
3,442,380,380.2914027149322
3,443,381,380.2859728506789
3,444,381,380.2533936651584
3,445,380,380.31402714932136
3,446,380,380.38823529411786
3,447,380,380.396380090498
3,448,380,380.45882352941175
3,449,381,380.6280542986427
3,450,381,380.7565610859729
3,451,381,380.9737556561086
3,452,381,381.20904977375574
3,453,381,381.3239819004525
3,454,382,381.3800904977377
3,455,382,381.3683257918553
3,456,381,381.2796380090499
3,457,381,381.2434389140273
3,458,381,381.1891402714934
3,459,381,381.1873303167423
3,460,381,381.108597285068
3,461,381,380.96199095022627
3,462,381,380.8950226244344
3,463,381,380.9257918552037
3,464,381,380.804524886878
3,465,381,380.5493212669684
3,466,380,380.3076923076924
3,467,380,380.08868778280555
3,468,380,379.9719457013576
3,469,380,379.83710407239835
3,470,379,379.70226244343905
3,471,379,379.58552036199103
3,472,380,379.5755656108599
3,473,380,379.5610859728508
3,474,380,379.4307692307693
3,475,379,379.2733031674209
3,476,379,379.1067873303168
3,477,379,378.94932126696847
3,478,379,378.8217194570137
3,479,378,378.54479638009065
3,480,378,378.35475113122186
3,481,378,378.08778280543
3,482,378,377.7185520361992
3,483,378,377.2832579185522
3,484,378,376.95022624434404
3,485,376,376.6171945701359
3,486,376,376.3203619909503
3,487,375,376.02805429864264
3,488,375,375.7085972850679
3,489,376,375.39819004524895
3,490,376,375.1330316742083
3,491,375,374.94932126696835
3,492,375,374.88325791855215
3,493,375,374.76470588235304
3,494,374,374.6235294117649
3,495,374,374.348416289593
3,496,374,374.0280542986427
3,497,374,373.8895927601811
3,498,374,373.76018099547514
3,499,374,373.46696832579204
3,500,373,373.23710407239844
3,501,373,373.15927601809966
3,502,373,372.9837104072399
3,503,373,372.7285067873305
3,504,372,372.5411764705884
3,505,372,372.415114297467
3,506,373,372.37262737262716
3,507,373,372.35775335775327
3,508,372,372.40326340326374
3,509,372,372.53939393939396
3,510,373,372.70707070707
3,511,373,373.1515151515152
3,512,373,375.266968325792
3,513,373,374.4235294117648
3,514,373,373.6796380090499
3,515,373,373.0895927601811
3,516,373,372.63710407239836
3,517,373,372.5058823529413
3,518,373,372.67330316742084
3,519,373,373.1167420814481
3,520,373,373.18914027149333
3,521,373,373.2434389140272
3,522,373,373.2090497737558
3,523,374,373.21538461538455
3,524,374,373.2533936651584
3,525,373,373.3140271493214
3,526,373,373.31764705882364
3,527,373,373.38461538461553
3,528,373,373.4968325791856
3,529,374,373.63619909502273
3,530,374,373.7846153846155
3,531,374,374.06244343891416
3,532,374,374.3900452488689
3,533,375,374.61990950226243
3,534,375,374.80452488687786
3,535,375,374.92579185520367
3,536,375,374.89502262443455
3,537,375,374.9619909502264
3,538,375,375.03800904977396
3,539,375,375.10497737556574
3,540,375,375.1447963800906
3,541,375,375.2072398190046
3,542,375,375.3420814479639
3,543,376,375.53122171945716
3,544,376,375.756561085973
3,545,376,376.0000000000001
3,546,376,376.24343891402725
3,547,376,376.3981900452489
3,548,377,376.5755656108599
3,549,377,376.7484162895928
3,550,377,376.88959276018113
3,551,377,377.03981900452504
3,552,377,377.23981900452503
3,553,377,377.4624434389141
3,554,378,377.6805429864254
3,555,378,377.86696832579196
3,556,378,378.1330316742084
3,557,378,378.3194570135747
3,558,379,378.5375565610862
3,559,379,378.7601809954752
3,560,379,378.9601809954753
3,561,379,379.1809954751133
3,562,379,379.4045248868779
3,563,379,379.4805429864255
3,564,380,379.52941176470597
3,565,380,379.462443438914
3,566,380,379.52941176470597
3,567,380,379.64162895927615
3,568,379,379.7809954751132
3,569,379,379.92941176470606
3,570,380,380.06877828054314
3,571,380,380.18099547511326
3,572,381,380.38642533936667
3,573,381,380.6054298642535
3,574,381,380.8289592760181
3,575,381,381.0479638009051
3,576,381,381.0443438914028
3,577,381,381.00000000000017
3,578,381,381.0968325791857
3,579,381,381.1167420814481
3,580,381,381.18914027149333
3,581,381,381.24343891402725
3,582,381,381.27963800904985
3,583,382,381.29773755656123
3,584,382,381.29773755656106
3,585,381,381.2796380090499
3,586,381,381.2434389140273
3,587,381,381.1891402714934
3,588,381,381.116742081448
3,589,381,381.0262443438915
3,590,381,380.8470588235295
3,591,381,380.8470588235295
3,592,381,381.1674208144797
3,593,381,381.281447963801
3,594,381,381.77194570135754
3,595,381,381.75113122171956
3,596,381,381.300452488688
3,597,382,380.4307692307694
3,598,382,379.3529411764706
3,599,379,377.5746606334844
3,600,379,376.2036199095024
3,601,372,375.31040723981914
3,602,372,374.7656108597286
3,603,372,374.5782805429866
3,604,373,374.7574660633486
3,605,373,375.45067873303174
3,606,381,376.67601809954766
3,607,381,377.9067873303169
3,608,380,379.42533936651597
3,609,380,380.1330316742082
3,610,380,380.54027149321274
3,611,380,380.4633484162897
3,612,380,379.99547511312227
3,613,379,379.02986425339367
3,614,379,378.70859728506804
3,615,378,378.3737556561087
3,616,378,377.8615384615386
3,617,377,377.40814479638027
3,618,377,376.97013574660645
3,619,377,376.7040723981902
3,620,377,376.6986425339368
3,621,376,376.7040723981901
3,622,376,376.80904977375576
3,623,377,376.82262443438924
3,624,377,376.9538461538462
3,625,378,377.0642533936652
3,626,378,377.2153846153847
3,627,377,377.4687782805431
3,628,377,377.6859728506789
3,629,377,377.72850678733045
3,630,378,377.65791855203634
3,631,378,377.74479638009063
3,632,378,377.6597285067874
3,633,378,377.5592760180997
3,634,377,377.4
3,635,377,377.0705882352941
3,636,377,376.6597285067874
3,637,377,376.1855203619911
3,638,375,375.8045248868779
3,639,375,375.543891402715
3,640,375,375.3013574660634
3,641,375,375.11312217194575
3,642,375,374.9475113122174
3,643,375,374.77285067873316
3,644,375,374.62533936651596
3,645,375,374.5411764705883
3,646,374,374.27963800904996
3,647,374,374.0000000000001
3,648,374,373.7203619909503
3,649,373,373.45882352941186
3,650,373,373.16289592760194
3,651,373,372.98009049773765
3,652,373,372.9900452488689
3,653,373,373.07239819004536
3,654,373,373.17737556561093
3,655,373,373.25520361990965
3,656,373,373.25339366515846
3,657,374,373.18099547511326
3,658,374,373.1791855203622
3,659,373,373.1185520361992
3,660,373,372.9375565610861
3,661,372,372.77466063348436
3,662,372,372.6298642533938
3,663,373,372.5031674208146
3,664,373,372.3945701357468
3,665,372,372.4425339366516
3,666,372,372.58552036199103
3,667,373,372.6235294117649
3,668,373,372.756561085973
3,669,373,372.8371040723983
3,670,373,372.9176470588236
3,671,373,373.18914027149333
3,672,373,373.4425339366516
3,673,373,373.39819004524895
3,674,374,373.3764705882354
3,675,374,373.5592760180998
3,676,374,373.72850678733045
3,677,374,373.804524886878
3,678,373,373.90769230769234
3,679,373,373.94932126696835
3,680,375,374.0407239819005
3,681,375,374.15475113122193
3,682,374,374.4027149321268
3,683,374,374.69592760181
3,684,375,375.0162895927604
3,685,375,375.34570135746617
3,686,376,375.52760180995483
3,687,376,375.5348416289594
3,688,376,375.7466063348418
3,689,376,376.0036199095023
3,690,376,376.1493212669685
3,691,376,376.22714932126706
3,692,376,376.34841628959276
3,693,376,376.4244343891403
3,694,377,376.57556561085977
3,695,377,376.72217194570146
3,696,377,376.7846153846155
3,697,377,376.88325791855215
3,698,377,377.00000000000017
3,699,377,377.1167420814481
3,700,377,377.2153846153847
3,701,377,377.27782805429877
3,702,377,377.42443438914046
3,703,378,377.5755656108599
3,704,378,377.6515837104073
3,705,378,377.77285067873305
3,706,378,377.9212669683258
3,707,378,378.0787330316743
3,708,378,378.2271493212671
3,709,378,378.3484162895928
3,710,378,378.3538461538463
3,711,379,378.4932126696834
3,712,379,378.6778280542988
3,713,379,378.819004524887
3,714,379,379.02805429864264
3,715,379,379.27782805429877
3,716,379,379.54117647058837
3,717,380,379.7909502262445
3,718,380,380.00000000000006
3,719,380,380.2796380090498
3,720,381,380.5411764705883
3,721,381,380.7665158371042
3,722,381,380.9375565610862
3,723,381,380.9656108597286
3,724,381,380.9619909502264
3,725,381,381.1085972850681
3,726,381,381.1873303167422
3,727,381,381.1185520361993
3,728,381,381.1610859728508
3,729,381,381.2352941176473
3,730,382,381.33212669683274
3,731,382,381.4425339366518
3,732,381,381.55746606334856
3,733,381,381.6678733031676
3,734,382,381.7647058823531
3,735,382,381.90950226244365
3,736,382,381.89321266968335
3,737,382,381.8452488687784
3,738,382,381.8950226244345
3,739,382,381.97194570135747
3,740,382,381.9375565610861
3,741,382,381.8533936651585
3,742,381,381.9194570135747
3,743,382,381.93574660633504
3,744,382,381.8407239819007
3,745,382,381.7728506787331
3,746,382,381.73212669683267
3,747,382,381.7185520361992
3,748,382,381.8027149321269
3,749,381,381.85520361990973
3,750,381,381.7466063348418
3,751,382,381.68597285067875
3,752,382,381.6117647058824
3,753,382,381.53303167420836
3,754,382,381.52941176470597
3,755,381,381.4805429864255
3,756,381,381.40452488687794
3,757,381,381.18099547511315
3,758,381,380.8895927601811
3,759,381,380.7484162895929
3,760,381,380.5755656108598
3,761,380,380.4359170241521
3,762,380,380.2797202797201
3,763,380,380.05172605172595
3,764,380,379.82867132867153
3,765,380,379.63263403263403
3,766,379,379.398989898989
3,767,379,378.80303030303037
3,768,379,378.68597285067887
3,769,379,378.6117647058824
3,770,379,378.53303167420825
3,771,379,378.4588235294119
3,772,378,378.39819004524907
3,773,378,378.4307692307694
3,774,378,378.29773755656123
3,775,378,378.0787330316744
3,776,378,377.9212669683259
3,777,378,377.7728506787331
3,778,378,377.6515837104073
3,779,378,377.5755656108599
3,780,377,377.42443438914034
3,781,377,377.27782805429877
3,782,377,377.21538461538466
3,783,377,377.1167420814481
3,784,377,377.00000000000017
3,785,377,376.88325791855215
3,786,377,376.78461538461545
3,787,377,376.72217194570146
3,788,377,376.5755656108598
3,789,376,376.4244343891404
3,790,376,376.3484162895928
3,791,376,376.22714932126706
3,792,376,376.0787330316743
3,793,376,375.9212669683258
3,794,376,375.77285067873316
3,795,376,375.65158371040735
3,796,376,375.5049773755658
3,797,375,375.34208144796384
3,798,375,375.3040723981901
3,799,375,375.26153846153863
3,800,375,375.2235294117649
3,801,375,375.1990950226246
3,802,375,375.19728506787334
3,803,376,375.2977375565613
3,804,376,375.3800904977376
3,805,375,375.3945701357466
3,806,375,375.2914027149321
3,807,375,375.0180995475114
3,808,375,374.7221719457016
3,809,375,374.48325791855217
3,810,374,374.1809954751132
3,811,374,373.97194570135764
3,812,373,373.8126696832579
3,813,373,373.52126696832585
3,814,374,373.31583710407244
3,815,374,373.2054298642534
3,816,373,373.1285067873303
3,817,373,373.2235294117649
3,818,373,373.4226244343892
3,819,373,373.6579185520364
3,820,374,373.7909502262445
3,821,374,373.8832579185522
3,822,374,374.0642533936652
3,823,375,374.26334841628966
3,824,375,374.2714932126697
3,825,374,374.27963800904996
3,826,374,374.34027149321275
3,827,374,374.3058823529413
3,828,374,374.23529411764713
3,829,374,374.18733031674225
3,830,374,374.22352941176473
3,831,375,374.34389140271503
3,832,375,374.3457013574662
3,833,374,374.358371040724
3,834,374,374.5755656108598
3,835,375,374.7203619909504
3,836,375,374.65158371040735
3,837,374,374.62805429864267
3,838,374,374.63167420814494
3,839,376,374.71221719457026
3,840,376,374.9194570135748
3,841,374,375.02624434389156
3,842,374,375.2054298642536
3,843,376,375.62986425339386
3,844,376,376.0723981900453
3,845,376,376.23529411764724
3,846,377,376.4208144796381
3,847,377,376.93122171945714
3,848,378,377.46877828054306
3,849,378,377.66787330316754
3,850,377,377.76289592760196
3,851,377,377.98552036199106
3,852,379,378.16742081447984
3,853,379,378.14027149321277
3,854,378,378.27420814479643
3,855,378,378.4624434389141
3,856,379,378.8072398190046
3,857,379,379.21085972850693
3,858,379,379.5076923076924
3,859,379,379.73212669683267
3,860,381,380.12488687782815
3,861,381,380.5266968325794
3,862,381,380.7104072398191
3,863,381,380.8488687782806
3,864,381,381.0443438914028
3,865,381,381.1990950226246
3,866,381,381.28597285067883
3,867,381,381.2778280542987
3,868,381,381.42443438914034
3,869,382,381.5755656108599
3,870,382,381.72217194570146
3,871,382,381.8552036199096
3,872,382,382.0361990950228
3,873,382,382.12669683257934
3,874,382,382.1266968325794
3,875,382,382.0361990950229
3,876,382,381.8552036199097
3,877,382,381.72217194570146
3,878,382,381.50497737556566
3,879,381,381.34208144796395
3,880,381,381.1628959276019
3,881,381,381.0968325791857
3,882,381,381.2054298642536
3,883,381,381.350226244344
3,884,381,381.5312217194571
3,885,382,381.7484162895928
3,886,382,382.0018099547513
3,887,383,382.0823529411765
3,888,383,382.1809954751131
3,889,382,382.35022624434396
3,890,382,382.4425339366518
3,891,382,382.51945701357477
3,892,382,382.4425339366517
3,893,382,382.2796380090499
3,894,383,382.09864253393675
3,895,383,382.03800904977396
3,896,382,382.0361990950228
3,897,382,381.9638009049775
3,898,381,381.89140271493216
3,899,381,381.81900452488696
3,900,382,381.74660633484183
3,901,382,381.74479638009063
3,902,382,381.8226244343893
3,903,382,381.9276018099549
3,904,382,382.0099547511313
3,905,382,382.01990950226246
3,906,382,381.8371040723984
3,907,382,381.5411764705883
3,908,381,381.350226244344
3,909,381,381.0823529411767
3,910,381,380.69411764705893
3,911,380,380.34208144796395
3,912,380,380.1855203619911
3,913,380,379.98371040724
3,914,380,379.77285067873305
3,915,379,379.58914027149336
3,916,379,379.40090497737566
3,917,380,379.1764705882354
3,918,380,378.881447963801
3,919,378,378.5429864253394
3,920,378,378.3909502262444
3,921,378,378.18461538461554
3,922,378,377.96018099547524
3,923,377,377.61538461538476
3,924,377,377.3185520361992
3,925,378,377.10588235294125
3,926,378,376.9520361990951
3,927,376,376.62533936651585
3,928,376,376.29411764705895
3,929,376,376.0561085972852
3,930,376,375.80904977375576
3,931,375,375.45067873303185
3,932,375,375.07873303167423
3,933,375,374.8588235294119
3,934,375,374.7565610859729
3,935,375,374.6018099547513
3,936,374,374.4244343891404
3,937,374,374.2515837104073
3,938,374,374.1104072398191
3,939,374,373.8895927601812
3,940,374,373.6778280542987
3,941,374,373.4932126696835
3,942,373,373.3538461538462
3,943,373,373.27782805429877
3,944,373,373.1447963800906
3,945,373,373.0343891402715
3,946,373,372.95565610859745
3,947,373,372.91764705882366
3,948,373,372.92941176470606
3,949,373,373.00000000000006
3,950,373,373.00000000000006
3,951,373,373.00000000000006
3,952,373,372.929411764706
3,953,373,372.91764705882366
3,954,373,372.95565610859734
3,955,373,373.03438914027146
3,956,373,373.1447963800906
3,957,373,373.2778280542987
3,958,373,373.4950226244344
3,959,374,373.6579185520363
3,960,374,373.69592760181
3,961,374,373.73846153846165
3,962,374,373.7764705882354
3,963,374,373.80090497737564
3,964,374,373.7321266968327
3,965,373,373.6904977375567
3,966,373,373.6579185520363
3,967,374,373.7547511312218
3,968,374,373.9013574660634
3,969,374,374.0886877828056
3,970,374,374.23710407239827
3,971,375,374.4669683257919
3,972,375,374.7601809954753
3,973,375,374.88959276018113
3,974,375,375.02805429864264
3,975,375,375.27782805429877
3,976,375,375.54117647058837
3,977,376,375.79095022624443
3,978,376,376.0000000000001
3,979,376,376.2796380090499
3,980,377,376.5411764705884
3,981,377,376.76651583710424
3,982,377,376.9375565610861
3,983,377,377.03619909502277
3,984,377,377.04434389140283
3,985,377,377.01176470588246
3,986,377,376.9882352941177
3,987,377,376.8850678733033
3,988,377,376.952036199095
3,989,377,377.0298642533937
3,990,377,377.2298642533938
3,991,377,377.4542986425339
3,992,378,377.8054298642535
3,993,378,378.24705882352964
3,994,379,378.67239819004544
3,995,379,379.1746606334842
3,996,380,379.708597285068
3,997,380,380.2289592760181
3,998,381,380.61990950226266
3,999,381,380.96561085972866
3,1000,381,381.35022624434407
3,1001,382,381.65791855203634
3,1002,382,381.9819004524888
3,1003,382,382.99185520362
3,1004,382,383.3665158371042
3,1005,383,383.10769230769233
3,1006,383,382.3556561085975
3,1007,383,381.2506787330318
3,1008,383,379.22986425339366
3,1009,383,377.6687782805431
3,1010,372,376.5674208144798
3,1011,372,375.7963800904979
3,1012,372,375.43529411764723
3,1013,373,375.50226244343895
3,1014,373,375.8832579185523
3,1015,382,376.7348416289593
3,1016,382,378.14570135746624
3,1017,381,380.19915378738887
3,1018,381,381.0359640359639
3,1019,380,381.12176712176694
3,1020,380,380.44289044289064
3,1021,381,379.58601398601405
3,1022,381,380.4848484848478
3,1023,380,380.2121212121212
3,1024,380,379.13484162895935
3,1025,380,379.2434389140272
3,1026,379,379.33393665158377
3,1027,379,379.33574660633496
3,1028,380,379.37828054298654
3,1029,380,379.4524886877828
3,1030,379,379.41085972850686
3,1031,379,379.30588235294124
3,1032,379,379.3963800904979
3,1033,379,379.5411764705884
3,1034,380,379.6018099547512
3,1035,380,379.5692307692309
3,1036,380,379.702262443439
3,1037,380,380.06244343891416
3,1038,380,380.24343891402737
3,1039,380,380.31583710407244
3,1040,380,380.27963800904985
3,1041,380,380.2760180995476
3,1042,381,380.1140271493214
3,1043,381,379.8796380090499
3,1044,379,379.66153846153844
3,1045,379,379.34841628959293
3,1046,379,378.96742081447985
3,1047,379,378.54570135746627
3,1048,377,378.1104072398191
3,1049,378,377.6886877828056
3,1050,378,377.516742081448
3,1051,377,377.4307692307693
3,1052,377,377.19909502262453
3,1053,377,376.99004524886885
3,1054,377,376.90135746606353
3,1055,377,376.83076923076925
3,1056,377,376.4669683257921
3,1057,376,376.2371040723983
3,1058,376,376.2298642533937
3,1059,376,376.0660633484164
3,1060,376,375.8434389140272
3,1061,375,375.58914027149336
3,1062,375,375.33031674208166
3,1063,376,375.09411764705885
3,1064,376,374.9076923076925
3,1065,374,374.7303167420815
3,1066,374,374.52126696832596
3,1067,374,374.30769230769243
3,1068,374,374.1167420814481
3,1069,374,373.8371040723983
3,1070,374,373.5574660633485
3,1071,374,373.4343891402716
3,1072,373,373.4244343891403
3,1073,373,373.3484162895928
3,1074,373,373.22714932126706
3,1075,373,373.0081447963801
3,1076,373,372.8389140271494
3,1077,373,372.7285067873304
3,1078,373,372.6859728506789
3,1079,373,372.7203619909503
3,1080,372,372.70226244343905
3,1081,372,372.702262443439
3,1082,373,372.72036199095044
3,1083,373,372.7565610859729
3,1084,373,372.74027149321284
3,1085,373,372.80090497737564
3,1086,373,372.92941176470595
3,1087,373,373.1167420814481
3,1088,373,373.21538461538483
3,1089,373,373.2778280542987
3,1090,373,373.4244343891404
3,1091,374,373.5755656108598
3,1092,374,373.72217194570146
3,1093,374,373.85520361990956
3,1094,374,373.96561085972866
3,1095,374,374.0443438914028
3,1096,374,374.0117647058825
3,1097,374,373.98823529411777
3,1098,374,373.95565610859734
3,1099,374,374.0343891402716
3,1100,374,374.1447963800906
3,1101,374,374.2778280542987
3,1102,374,374.3538461538463
3,1103,375,374.49321266968343
3,1104,375,374.67782805429886
3,1105,375,374.8895927601811
3,1106,375,375.03981900452493
3,1107,375,375.169230769231
3,1108,375,375.3800904977376
3,1109,376,375.6361990950228
3,1110,376,375.9013574660634
3,1111,376,376.3484162895928
3,1112,376,376.750226244344
3,1113,377,377.0180995475114
3,1114,378,377.2633484162897
3,1115,378,377.38823529411775
3,1116,378,377.49502262443457
3,1117,378,377.6859728506788
3,1118,377,377.8633484162898
3,1119,377,377.92941176470595
3,1120,378,377.9864253393666
3,1121,378,378.0660633484164
3,1122,379,378.3384615384616
3,1123,379,378.7764705882353
3,1124,379,379.2235294117648
3,1125,379,379.5909502262444
3,1126,380,379.8515837104074
3,1127,380,380.039819004525
3,1128,381,380.2579185520363
3,1129,381,380.33755656108616
3,1130,380,380.51945701357477
3,1131,380,380.77647058823544
3,1132,381,380.9520361990952
3,1133,381,380.9574660633484
3,1134,381,381.1131221719458
3,1135,381,381.2009049773756
3,1136,382,381.350226244344
3,1137,382,381.49049773755655
3,1138,381,381.41266968325806
3,1139,381,381.30769230769243
3,1140,382,381.22533936651604
3,1141,381,381.21538461538483
3,1142,381,381.33031674208155
3,1143,381,381.42262443438926
3,1144,381,381.5511312217195
3,1145,382,381.77466063348425
3,1146,382,381.9457013574661
3,1147,383,382.11674208144814
3,1148,383,382.4787330316742
3,1149,382,382.6841628959278
3,1150,382,382.79457013574665
3,1151,383,382.80090497737564
3,1152,383,382.6941176470588
3,1153,383,382.60361990950247
3,1154,383,382.45882352941186
3,1155,382,382.398190045249
3,1156,382,382.3601809954752
3,1157,382,382.2153846153847
3,1158,382,382.03438914027174
3,1159,382,382.02624434389145
3,1160,382,382.00000000000006
3,1161,382,381.9737556561086
3,1162,382,381.96561085972866
3,1163,382,381.8552036199097
3,1164,382,381.72217194570146
3,1165,382,381.50497737556566
3,1166,381,381.34208144796395
3,1167,381,381.37466063348415
3,1168,381,381.3438914027149
3,1169,381,381.26787330316745
3,1170,381,381.16470588235313
3,1171,381,381.05248868778295
3,1172,382,380.9493212669684
3,1173,382,380.8733031674209
3,1174,380,380.7746606334843
3,1175,380,380.6036199095024
3,1176,380,380.37828054298654
3,1177,380,380.1167420814481
3,1178,380,379.90769230769234
3,1179,380,379.63981900452495
3,1180,380,379.4787330316743
3,1181,379,379.3900452488689
3,1182,379,379.1330316742082
3,1183,379,378.8669683257919
3,1184,379,378.6099547511313
3,1185,378,378.3800904977377
3,1186,378,378.2660633484165
3,1187,378,378.156561085973
3,1188,378,378.0081447963801
3,1189,378,377.8389140271494
3,1190,378,377.72850678733056
3,1191,378,377.68597285067875
3,1192,378,377.7909502262445
3,1193,377,377.78461538461545
3,1194,377,377.81719457013577
3,1195,378,377.7683257918552
3,1196,378,377.65610859728525
3,1197,378,377.56923076923084
3,1198,378,377.3963800904978
3,1199,377,377.1647058823531
3,1200,377,376.9013574660635
3,1201,376,376.49502262443445
3,1202,376,376.0343891402716
3,1203,376,375.67601809954755
3,1204,375,375.37647058823546
3,1205,375,375.1628959276019
3,1206,375,375.1330316742081
3,1207,375,375.0461538461539
3,1208,375,374.5764705882354
3,1209,375,374.38914027149326
3,1210,375,374.51855203619914
3,1211,375,374.8579185520363
3,1212,375,375.3619909502264
3,1213,374,376.54117647058837
3,1214,374,377.4352941176472
3,1215,380,378.12398190045263
3,1216,380,378.48687782805445
3,1217,380,378.5420814479639
3,1218,381,378.3076923076925
3,1219,381,377.8018099547513
3,1220,374,377.04253393665164
3,1221,374,375.9095022624435
3,1222,373,374.4823529411766
3,1223,373,373.6009049773757
3,1224,373,372.90497737556575
3,1225,373,372.45791855203635
3,1226,373,372.3909502262444
3,1227,373,372.83529411764715
3,1228,373,372.88506787330334
3,1229,373,373.03438914027146
3,1230,373,373.1447963800906
3,1231,373,373.2778280542987
3,1232,373,373.4244343891404
3,1233,374,373.5755656108598
3,1234,374,373.72217194570146
3,1235,374,373.85520361990956
3,1236,374,373.96561085972866
3,1237,374,374.0443438914028
3,1238,374,374.08235294117657
3,1239,374,374.07058823529417
3,1240,374,374.0000000000001
3,1241,374,374.0000000000001
3,1242,374,374.0000000000001
3,1243,374,374.0000000000001
3,1244,374,373.929411764706
3,1245,374,373.84705882352944
3,1246,374,373.87330316742094
3,1247,374,374.06063348416296
3,1248,374,374.2615384615385
3,1249,374,374.3257918552038
3,1250,374,374.50316742081446
3,1251,375,374.83710407239835
3,1252,376,375.17104072398195
3,1253,376,375.3457013574663
3,1254,375,375.6018099547512
3,1255,375,375.9737556561088
3,1256,377,376.29592760181015
3,1257,377,376.47058823529414
3,1258,376,376.6000000000001
3,1259,376,376.7864253393666
3,1260,378,377.07058823529417
3,1261,378,377.3638009049775
3,1262,377,377.50950226244356
3,1263,377,377.4805429864255
3,1264,378,377.6561085972853
3,1265,378,377.9475113122173
3,1266,378,378.06877828054303
3,1267,378,377.9312217194571
3,1268,378,378.0524886877829
3,1269,378,378.273303167421
3,1270,379,378.43710407239837
3,1271,379,378.5873303167422
3,1272,378,378.83529411764715
3,1273,378,379.0976670388431
3,1274,380,379.37762237762223
3,1275,380,379.6602286602285
3,1276,380,379.951048951049
3,1277,380,380.30909090909097
3,1278,380,380.26262626262536
3,1279,380,379.93939393939405
3,1280,380,379.2515837104074
3,1281,380,379.5131221719457
3,1282,380,379.881447963801
3,1283,380,380.2090497737558
3,1284,380,380.4162895927603
3,1285,381,380.6235294117647
3,1286,381,380.67420814479647
3,1287,381,380.61176470588254
3,1288,381,380.6859728506788
3,1289,380,380.67601809954766
3,1290,380,380.702262443439
3,1291,381,380.81719457013577
3,1292,381,380.87330316742094
3,1293,381,381.0705882352942
3,1294,381,381.2090497737557
3,1295,381,381.22714932126706
3,1296,382,381.2633484162897
3,1297,382,381.1085972850679
3,1298,381,380.9538461538463
3,1299,381,380.9194570135748
3,1300,380,380.9257918552036
3,1301,380,381.0343891402716
3,1302,381,381.1067873303169
3,1303,381,381.0723981900453
3,1304,382,381.1990950226246
3,1305,382,381.34570135746617
3,1306,382,381.5031674208145
3,1307,382,381.79457013574677
3,1308,381,381.93393665158396
3,1309,381,382.0443438914029
3,1310,382,382.1167420814481
3,1311,382,382.08054298642537
3,1312,383,382.07420814479656
3,1313,383,382.1067873303169
3,1314,382,382.0579185520363
3,1315,382,381.9457013574662
3,1316,381,381.64977375565616
3,1317,381,381.2497737556563
3,1318,381,380.82262443438935
3,1319,381,380.44524886877844
3,1320,380,380.33574660633485
3,1321,380,380.31221719457034
3,1322,380,380.26334841628966
3,1323,380,380.2778280542988
3,1324,380,380.23529411764713
3,1325,381,380.2153846153847
3,1326,381,380.22714932126706
3,1327,380,380.27963800904996
3,1328,380,380.24343891402737
3,1329,380,380.18914027149333
3,1330,380,380.1167420814481
3,1331,380,380.02624434389156
3,1332,380,379.91764705882366
3,1333,380,379.929411764706
3,1334,380,380.00000000000006
3,1335,380,380.00000000000006
3,1336,380,380.00000000000006
3,1337,380,380.00000000000006
3,1338,380,379.9294117647061
3,1339,380,379.91764705882366
3,1340,380,380.02624434389156
3,1341,380,380.04615384615397
3,1342,380,380.10678733031676
3,1343,380,380.26968325791876
3,1344,380,380.39638009049787
3,1345,381,380.41628959276034
3,1346,381,380.4588235294118
3,1347,380,380.514932126697
3,1348,381,380.57556561085977
3,1349,381,380.6316742081449
3,1350,380,380.6742081447965
3,1351,380,380.694117647059
3,1352,381,380.6823529411766
3,1353,381,380.83891402714954
3,1354,381,380.96380090497746
3,1355,381,380.9276018099549
3,1356,381,380.9393665158372
3,1357,381,380.866968325792
3,1358,381,380.7104072398192
3,1359,381,380.60180995475116
3,1360,380,380.54117647058837
3,1361,380,380.466968325792
3,1362,380,380.38823529411775
3,1363,380,380.3140271493214
3,1364,381,380.25339366515846
3,1365,381,380.2153846153849
3,1366,380,380.1384615384617
3,1367,380,380.1610859728508
3,1368,380,380.2153846153846
3,1369,380,380.23348416289605
3,1370,380,380.21538461538466
3,1371,380,380.16108597285074
3,1372,380,380.2090497737558
3,1373,381,380.29773755656123
3,1374,381,380.29773755656134
3,1375,380,380.27963800904996
3,1376,380,380.31402714932136
3,1377,380,380.27149321266984
3,1378,380,380.0904977375567
3,1379,380,379.90950226244365
3,1380,380,379.72850678733056
3,1381,380,379.6859728506788
3,1382,380,379.7203619909503
3,1383,379,379.7022624434391
3,1384,379,379.702262443439
3,1385,380,379.7909502262445
3,1386,380,379.8389140271495
3,1387,380,379.8552036199096
3,1388,380,379.84886877828063
3,1389,380,379.89954751131233
3,1390,380,379.8868778280545
3,1391,380,379.6904977375567
3,1392,379,379.3900452488689
3,1393,379,379.20361990950244
3,1394,379,378.9493212669685
3,1395,379,378.65429864253406
3,1396,378,378.3457013574662
3,1397,378,378.0506787330318
3,1398,378,377.79638009049796
3,1399,378,377.60995475113134
3,1400,377,377.45067873303185
3,1401,377,377.27782805429877
3,1402,377,377.047963800905
3,1403,377,376.9176470588236
3,1404,377,376.83710407239823
3,1405,377,376.7565610859729
3,1406,377,376.69411764705893
3,1407,376,376.6678733031676
3,1408,376,376.6280542986426
3,1409,377,376.52488687782824
3,1410,377,376.3764705882354
3,1411,376,376.2009049773757
3,1412,376,376.01628959276024
3,1413,376,375.84072398190057
3,1414,376,375.6923076923077
3,1415,375,375.45067873303174
3,1416,375,375.1954751131223
3,1417,375,375.07420814479644
3,1418,375,375.10497737556574
3,1419,375,375.0380090497739
3,1420,375,374.9619909502263
3,1421,375,374.89502262443443
3,1422,375,374.92579185520367
3,1423,375,374.73393665158386
3,1424,375,374.53755656108603
3,1425,374,374.3457013574662
3,1426,374,374.2380090497738
3,1427,374,374.09411764705897
3,1428,374,373.9321266968326
3,1429,373,373.77013574660634
3,1430,374,373.55565610859736
3,1431,374,373.43619909502263
3,1432,374,373.4208144796382
3,1433,373,373.4506787330318
3,1434,373,373.4669683257919
3,1435,373,373.4787330316743
3,1436,373,373.49502262443445
3,1437,374,373.4570135746608
3,1438,374,373.4443438914029
3,1439,374,373.33393665158377
3,1440,373,373.273303167421
3,1441,373,373.1330316742082
3,1442,373,372.98371040724
3,1443,373,372.8253393665159
3,1444,372,372.6579185520362
3,1445,372,372.5493212669683
3,1446,373,372.56742081447976
3,1447,373,372.71221719457026
3,1448,373,372.84524886877847
3,1449,373,373.0986425339368
3,1450,373,373.2633484162898
3,1451,373,373.46877828054306
3,1452,374,373.5674208144797
3,1453,374,373.61176470588254
3,1454,374,373.6515837104074
3,1455,374,373.73665158371057
3,1456,373,373.9194570135748
3,1457,374,374.05248868778295
3,1458,374,374.0561085972851
3,1459,374,374.05067873303165
3,1460,374,374.22714932126706
3,1461,375,374.3764705882354
3,1462,375,374.3574660633485
3,1463,374,374.4289592760182
3,1464,374,374.43438914027155
3,1465,375,374.55565610859736
3,1466,375,374.77466063348425
3,1467,374,374.943891402715
3,1468,374,374.9837104072399
3,1469,376,375.15294117647073
3,1470,376,375.3719457013576
3,1471,376,375.42262443438926
3,1472,376,375.4868778280544
3,1473,375,375.67601809954766
3,1474,375,375.9013574660635
3,1475,376,375.93574660633493
3,1476,376,375.9520361990951
3,1477,376,376.19095022624435
3,1478,377,376.49321266968343
3,1479,377,376.8407239819005
3,1480,377,377.2153846153847
3,1481,377,377.39004524886894
3,1482,378,377.53755656108603
3,1483,378,377.76018099547514
3,1484,378,377.96018099547524
3,1485,378,378.11040723981915
3,1486,378,378.3221719457014
3,1487,378,378.50678733031685
3,1488,379,378.64615384615394
3,1489,379,378.7221719457014
3,1490,379,378.8552036199096
3,1491,379,378.96561085972866
3,1492,379,379.0443438914028
3,1493,379,379.0823529411766
3,1494,379,379.0000000000001
3,1495,379,378.9176470588236
3,1496,379,378.95565610859734
3,1497,379,379.03438914027157
3,1498,379,379.1447963800906
3,1499,379,379.2778280542988
3,1500,379,379.42443438914046
3,1501,380,379.5755656108599
3,1502,380,379.65158371040724
3,1503,380,379.77285067873316
3,1504,380,379.9212669683258
3,1505,380,380.0787330316744
3,1506,380,380.29773755656123
3,1507,380,380.4307692307694
3,1508,380,380.468778280543
3,1509,381,380.54117647058837
3,1510,381,380.577375565611
3,1511,381,380.577375565611
3,1512,381,380.5411764705883
3,1513,380,380.39819004524895
3,1514,380,380.27782805429877
3,1515,380,380.24162895927617
3,1516,380,380.1511312217194
3,1517,380,380.1447963800906
3,1518,380,380.16108597285074
3,1519,380,380.27963800904996
3,1520,381,380.3800904977377
3,1521,381,380.3420814479639
3,1522,380,380.24524886877845
3,1523,380,380.09864253393675
3,1524,380,379.9113122171946
3,1525,380,379.69230769230774
3,1526,379,379.4506787330318
3,1527,379,379.26606334841637
3,1528,379,379.15656108597295
3,1529,379,379.1080684021859
3,1530,379,379.0329670329669
3,1531,379,379.01165501165485
3,1532,379,378.98601398601426
3,1533,379,378.73240093240094
3,1534,378,378.38888888888806
3,1535,378,377.8636363636365
3,1536,378,378.1891402714933
3,1537,378,378.0000000000001
3,1538,378,377.81085972850695
3,1539,378,377.639819004525
3,1540,378,377.5049773755658
3,1541,377,377.42443438914034
3,1542,377,377.27782805429877
3,1543,377,377.1447963800905
3,1544,377,377.1049773755657
3,1545,377,377.03800904977385
3,1546,377,376.82081447963816
3,1547,377,376.7303167420816
3,1548,377,376.83710407239823
3,1549,377,376.873303167421
3,1550,377,376.9095022624436
3,1551,376,377.01628959276024
3,1552,376,377.0642533936653
3,1553,378,377.0624434389141
3,1554,378,377.01990950226246
3,1555,377,376.87511312217197
3,1556,377,376.7665158371042
3,1557,377,376.69411764705904
3,1558,376,376.6579185520363
3,1559,376,376.51945701357477
3,1560,376,376.34027149321275
3,1561,376,376.3176470588235
3,1562,377,376.44886877828066
3,1563,377,376.5248868778281
3,1564,377,376.7366515837105
3,1565,377,377.13665158371055
3,1566,377,377.4389140271494
3,1567,377,377.62533936651596
3,1568,378,377.8072398190046
3,1569,378,377.8868778280544
3,1570,379,378.1049773755658
3,1571,379,378.4343891402716
3,1572,378,378.7891402714933
3,1573,378,379.0217194570138
3,1574,379,379.05248868778295
3,1575,379,379.00180995475125
3,1576,380,378.9900452488689
3,1577,380,378.937556561086
3,1578,379,378.9737556561087
3,1579,378,379.02805429864264
3,1580,378,378.9619909502263
3,1581,379,378.83710407239823
3,1582,379,378.85339366515853
3,1583,379,378.8108597285069
3,1584,379,378.95334077687
3,1585,379,379.0989010989008
3,1586,379,379.0529470529471
3,1587,379,378.8741258741261
3,1588,379,378.73240093240094
3,1589,378,378.38888888888806
3,1590,378,377.8636363636365
