channel,index,raw,filtered
1,0,375,375.0476190476189
1,1,375,374.9047619047617
1,2,375,374.99999999999983
1,3,375,374.14285714285705
1,4,375,375.42857142857133
1,5,375,377.8095238095237
1,6,384,381.0952380952379
1,7,384,384.2380952380952
1,8,386,386.19047619047615
1,9,386,385.80952380952357
1,10,386,386.2380952380952
1,11,386,386.5238095238094
1,12,387,386.5714285714285
1,13,387,386.285714285714
1,14,385,385.7619047619046
1,15,385,384.9047619047618
1,16,385,385.19047619047603
1,17,385,385.5238095238095
1,18,387,385.1428571428569
1,19,384,385.0
1,20,384,385.3809523809523
1,21,386,384.85714285714266
1,22,386,384.8571428571426
1,23,382,383.3809523809523
1,24,382,381.1904761904761
1,25,379,379.5238095238094
1,26,379,379.19047619047603
1,27,379,379.142857142857
1,28,380,379.6190476190474
1,29,380,379.61904761904754
1,30,379,379.4285714285713
1,31,379,378.9523809523809
1,32,379,378.9523809523808
1,33,379,379.6190476190475
1,34,380,379.52380952380946
1,35,380,378.95238095238085
1,36,377,378.09523809523796
1,37,377,377.23809523809496
1,38,377,376.6666666666666
1,39,377,376.66666666666663
1,40,376,376.3333333333333
1,41,376,376.0476190476189
1,42,376,375.99999999999994
1,43,376,375.95238095238085
1,44,376,375.7619047619048
1,45,375,375.2857142857142
1,46,375,374.80952380952374
1,47,374,374.1904761904761
1,48,374,373.61904761904754
1,49,373,373.2857142857144
1,50,373,373.3809523809523
1,51,374,373.5714285714285
1,52,374,373.9523809523808
1,53,374,374.09523809523813
1,54,374,373.99999999999994
1,55,374,373.9047619047618
1,56,374,374.04761904761904
1,57,374,374.3333333333332
1,58,375,374.66666666666663
1,59,375,375.0476190476189
1,60,375,375.04761904761904
1,61,375,374.57142857142856
1,62,374,374.38095238095224
1,63,374,374.1904761904762
1,64,375,374.6666666666664
1,65,375,375.52380952380935
1,66,377,376.4761904761904
1,67,377,376.95238095238085
1,68,378,377.9999999999997
1,69,378,378.6666666666667
1,70,381,380.2380952380952
1,71,381,381.7619047619047
1,72,384,383.3333333333332
1,73,384,384.095238095238
1,74,385,384.90476190476187
1,75,385,385.3333333333333
1,76,386,386.0952380952381
1,77,387,386.6190476190475
1,78,387,387.047619047619
1,79,387,387.0952380952379
1,80,387,386.9999999999999
1,81,387,386.9999999999999
1,82,387,386.9999999999999
1,83,387,386.9999999999999
1,84,387,387.09523809523796
1,85,387,386.95238095238085
1,86,387,386.57142857142856
1,87,386,386.3809523809523
1,88,386,386.38095238095224
1,89,387,386.57142857142856
1,90,387,387.1428571428571
1,91,387,386.9999999999998
1,92,387,386.33333333333314
1,93,385,385.66666666666646
1,94,385,385.0952380952379
1,95,385,384.80952380952357
1,96,385,385.2857142857142
1,97,385,384.8571428571427
1,98,385,384.19047619047615
1,99,382,382.9999999999999
1,100,382,381.4285714285714
1,101,380,380.1428571428571
1,102,379,379.38095238095224
1,103,379,378.71428571428567
1,104,378,378.14285714285705
1,105,378,377.3809523809523
1,106,376,376.57142857142856
1,107,376,376.2857142857143
1,108,376,375.71428571428567
1,109,376,375.33333333333326
1,110,374,374.6666666666666
1,111,374,374.095238095238
1,112,374,373.80952380952374
1,113,374,373.99999999999994
1,114,374,373.99999999999994
1,115,374,373.99999999999994
1,116,374,373.99999999999994
1,117,374,373.9047619047618
1,118,374,374.04761904761904
1,119,374,374.3333333333332
1,120,375,374.47619047619037
1,121,375,375.0476190476189
1,122,375,375.66666666666674
1,123,377,376.38095238095235
1,124,377,377.0476190476189
1,125,378,377.95238095238085
1,126,378,378.6190476190476
1,127,380,379.4285714285714
1,128,380,379.7142857142857
1,129,380,380.28571428571416
1,130,380,380.66666666666646
1,131,382,381.3333333333332
1,132,382,381.7142857142856
1,133,382,382.28571428571405
1,134,382,382.66666666666663
1,135,384,383.33333333333314
1,136,384,383.8095238095237
1,137,384,384.2380952380952
1,138,384,384.142857142857
1,139,385,384.7619047619046
1,140,385,385.61904761904736
1,141,387,386.42857142857133
1,142,387,386.90476190476176
1,143,387,387.190476190476
1,144,387,387.09523809523796
1,145,387,386.95238095238085
1,146,387,386.6666666666665
1,147,386,386.42857142857144
1,148,386,385.99999999999994
1,149,386,385.7619047619046
1,150,385,385.238095238095
1,151,385,384.6666666666665
1,152,383,383.42857142857133
1,153,383,381.9047619047617
1,154,380,380.9047619047618
1,155,380,381.09523809523796
1,156,382,380.9047619047619
1,157,382,380.90476190476176
1,158,379,380.19047619047603
1,159,379,379.33333333333326
1,160,379,378.6190476190475
1,161,379,378.4285714285712
1,162,377,377.6190476190474
1,163,377,376.95238095238096
1,164,376,376.0476190476189
1,165,376,375.38095238095224
1,166,374,374.6666666666664
1,167,374,374.0476190476189
1,168,374,373.4761904761904
1,169,373,373.33333333333326
1,170,373,372.9523809523809
1,171,373,372.95238095238096
1,172,373,373.33333333333326
1,173,374,373.66666666666663
1,174,374,373.85714285714283
1,175,374,374.14285714285705
1,176,374,374.23809523809507
1,177,375,374.7142857142855
1,178,375,375.0952380952379
1,179,376,375.85714285714266
1,180,376,376.52380952380935
1,181,378,377.47619047619037
1,182,378,377.9523809523808
1,183,379,378.9999999999999
1,184,379,379.95238095238085
1,185,382,380.80952380952385
1,186,382,381.9999999999999
1,187,382,383.28571428571416
1,188,385,383.9999999999999
1,189,385,384.85714285714283
1,190,385,385.28571428571416
1,191,385,384.9999999999999
1,192,385,384.9999999999999
1,193,385,384.9047619047618
1,194,385,385.0476190476188
1,195,385,385.33333333333326
1,196,386,385.6666666666666
1,197,386,385.8571428571427
1,198,386,386.14285714285717
1,199,386,386.4285714285712
1,200,387,386.6190476190476
1,201,387,386.6190476190475
1,202,386,386.4285714285714
1,203,386,386.14285714285705
1,204,386,385.85714285714283
1,205,386,385.76190476190476
1,206,385,385.2857142857143
1,207,385,384.7142857142856
1,208,384,384.23809523809507
1,209,384,384.23809523809507
1,210,384,383.8095238095237
1,211,384,383.5238095238094
1,212,382,382.76190476190453
1,213,382,381.3333333333332
1,214,380,379.80952380952374
1,215,378,378.76190476190465
1,216,378,378.09523809523796
1,217,378,377.7142857142856
1,218,378,377.4285714285712
1,219,376,376.6190476190475
1,220,376,375.8571428571427
1,221,375,375.09523809523796
1,222,375,374.80952380952374
1,223,374,374.1904761904761
1,224,374,373.7142857142856
1,225,373,373.2380952380951
1,226,373,372.19047619047615
1,227,373,373.33333333333326
1,228,373,375.9999999999999
1,229,382,378.99999999999994
1,230,382,381.6666666666667
1,231,382,382.8095238095237
1,232,382,382.33333333333314
1,233,381,380.8095238095237
1,234,381,378.8095238095237
1,235,374,376.90476190476176
1,236,376,375.6666666666666
1,237,376,375.0476190476189
1,238,376,376.2857142857142
1,239,376,376.4761904761903
1,240,378,377.4285714285713
1,241,378,378.38095238095235
1,242,380,379.6190476190475
1,243,380,380.47619047619037
1,244,382,381.57142857142844
1,245,382,382.0476190476189
1,246,383,382.95238095238085
1,247,383,383.5238095238094
1,248,385,384.47619047619037
1,249,385,385.2380952380951
1,250,386,385.8571428571428
1,251,386,385.95238095238085
1,252,386,386.095238095238
1,253,386,386.0000000000001
1,254,386,385.9999999999997
1,255,386,385.99999999999994
1,256,386,382.4285714285714
1,257,386,385.7142857142854
1,258,387,387.90476190476176
1,259,387,386.8571428571428
1,260,387,386.42857142857133
1,261,385,385.66666666666646
1,262,385,385.19047619047615
1,263,385,384.7619047619046
1,264,385,384.6666666666665
1,265,384,384.3333333333332
1,266,384,384.33333333333303
1,267,384,383.7619047619046
1,268,384,382.9999999999999
1,269,381,382.0
1,270,381,381.142857142857
1,271,381,380.7142857142855
1,272,381,381.28571428571416
1,273,381,380.8571428571426
1,274,381,380.09523809523796
1,275,378,378.95238095238096
1,276,378,377.80952380952374
1,277,377,377.14285714285705
1,278,377,376.99999999999994
1,279,377,376.6666666666665
1,280,376,376.2857142857141
1,281,376,375.8095238095237
1,282,375,375.19047619047603
1,283,375,374.71428571428567
1,284,374,374.2380952380951
1,285,374,374.04761904761904
1,286,374,373.9047619047618
1,287,374,373.99999999999994
1,288,374,373.99999999999994
1,289,374,373.7142857142856
1,290,374,374.14285714285705
1,291,374,374.90476190476176
1,292,377,376.047619047619
1,293,377,377.1904761904762
1,294,378,377.95238095238085
1,295,378,377.8571428571427
1,296,378,378.14285714285705
1,297,378,378.14285714285705
1,298,379,378.76190476190465
1,299,379,379.61904761904754
1,300,381,380.42857142857144
1,301,381,380.71428571428555
1,302,381,381.2857142857141
1,303,381,381.6666666666666
1,304,383,382.23809523809507
1,305,383,382.9523809523808
1,306,383,383.42857142857133
1,307,384,383.7142857142856
1,308,384,384.1904761904761
1,309,385,384.80952380952374
1,310,385,385.190476190476
1,311,386,385.8095238095238
1,312,386,386.2857142857142
1,313,387,386.7619047619046
1,314,387,387.0476190476188
1,315,387,387.0476190476189
1,316,387,386.6666666666665
1,317,386,386.33333333333314
1,318,386,386.04761904761904
1,319,386,385.99999999999994
1,320,386,385.9523809523808
1,321,386,385.6666666666666
1,322,385,385.3333333333332
1,323,385,385.0476190476189
1,324,385,384.9047619047618
1,325,385,385.190476190476
1,326,385,384.90476190476164
1,327,385,384.4285714285713
1,328,383,383.6190476190474
1,329,383,382.85714285714266
1,330,382,382.0952380952379
1,331,382,382.0
1,332,381,381.09523809523796
1,333,381,380.1428571428571
1,334,378,378.85714285714283
1,335,378,377.99999999999994
1,336,377,376.95238095238085
1,337,377,376.2857142857141
1,338,375,375.6190476190475
1,339,375,375.6190476190474
1,340,376,375.3809523809522
1,341,376,375.2857142857141
1,342,374,374.8571428571428
1,343,374,374.0476190476189
1,344,374,373.3809523809523
1,345,373,373.38095238095235
1,346,373,373.28571428571416
1,347,374,373.6190476190475
1,348,374,374.3809523809522
1,349,375,374.7142857142856
1,350,375,374.33333333333326
1,351,374,374.57142857142844
1,352,374,374.95238095238085
1,353,377,375.95238095238085
1,354,377,377.1904761904762
1,355,378,377.95238095238085
1,356,378,377.7619047619047
1,357,378,378.19047619047603
1,358,378,378.57142857142844
1,359,380,379.3809523809523
1,360,380,380.1428571428571
1,361,381,380.9047619047618
1,362,381,381.09523809523813
1,363,382,381.8571428571427
1,364,382,382.61904761904754
1,365,384,383.4285714285713
1,366,384,383.8095238095237
1,367,384,384.14285714285717
1,368,384,384.38095238095224
1,369,385,384.9047619047618
1,370,386,385.6666666666666
1,371,386,386.38095238095224
1,372,387,386.6666666666666
1,373,387,386.9999999999998
1,374,387,387.33333333333326
1,375,388,387.7142857142855
1,376,388,388.2857142857141
1,377,389,388.85714285714266
1,378,389,388.9047619047617
1,379,389,388.8571428571427
1,380,388,388.2857142857141
1,381,388,387.71428571428567
1,382,387,387.23809523809507
1,383,387,387.3333333333332
1,384,387,386.76190476190453
1,385,387,385.99999999999994
1,386,384,384.99999999999994
1,387,384,384.3333333333333
1,388,384,383.61904761904736
1,389,384,383.5238095238094
1,390,382,382.5714285714285
1,391,382,381.6190476190474
1,392,380,380.38095238095224
1,393,380,379.5238095238094
1,394,378,378.4285714285712
1,395,378,377.9523809523809
1,396,377,377.0476190476189
1,397,377,376.38095238095224
1,398,375,375.57142857142844
1,399,375,375.09523809523796
1,400,375,374.8095238095236
1,401,375,375.0952380952379
1,402,375,374.8571428571428
1,403,375,374.7142857142855
1,404,374,374.76190476190465
1,405,375,374.6666666666665
1,406,375,374.61904761904754
1,407,374,374.38095238095224
1,408,374,373.61904761904754
1,409,373,373.2857142857144
1,410,373,373.28571428571416
1,411,374,373.6190476190475
1,412,374,374.1904761904761
1,413,375,374.8095238095237
1,414,375,375.190476190476
1,415,376,375.8095238095238
1,416,376,376.2857142857143
1,417,377,376.76190476190476
1,418,377,376.76190476190476
1,419,377,377.0952380952381
1,420,377,377.71428571428567
1,421,379,378.5714285714285
1,422,380,379.61904761904754
1,423,380,380.38095238095224
1,424,381,380.80952380952374
1,425,381,381.2857142857141
1,426,382,381.76190476190465
1,427,382,381.76190476190465
1,428,382,382.1904761904761
1,429,382,382.66666666666663
1,430,384,383.33333333333314
1,431,384,384.3809523809522
1,432,384,383.95238095238074
1,433,384,382.33333333333314
1,434,379,380.66666666666646
1,435,379,379.2380952380952
1,436,379,378.52380952380946
1,437,379,378.14285714285694
1,438,379,379.4285714285712
1,439,379,381.9999999999998
1,440,388,384.9047619047617
1,441,388,387.6190476190475
1,442,388,389.38095238095235
1,443,389,388.57142857142856
1,444,389,388.3809523809523
1,445,387,387.71428571428567
1,446,387,386.8571428571428
1,447,386,386.095238095238
1,448,386,385.9047619047617
1,449,385,385.14285714285705
1,450,385,384.6666666666665
1,451,383,383.42857142857133
1,452,383,381.9999999999999
1,453,380,380.8571428571426
1,454,380,380.6666666666665
1,455,381,380.2857142857142
1,456,381,380.2857142857141
1,457,379,379.95238095238085
1,458,379,379.0
1,459,379,378.14285714285717
1,460,377,377.6666666666665
1,461,377,377.1904761904761
1,462,377,376.76190476190476
1,463,377,376.66666666666663
1,464,376,376.3333333333333
1,465,376,376.14285714285705
1,466,376,375.8571428571427
1,467,376,375.7619047619048
1,468,375,375.2857142857142
1,469,375,374.61904761904754
1,470,374,374.2857142857143
1,471,374,374.1904761904762
1,472,375,374.6666666666664
1,473,375,375.80952380952374
1,474,377,376.33333333333326
1,475,377,376.0476190476189
1,476,375,375.95238095238085
1,477,375,375.7619047619047
1,478,377,376.14285714285705
1,479,377,376.8095238095237
1,480,377,376.9523809523809
1,481,377,377.4761904761905
1,482,378,378.5714285714285
1,483,381,379.99999999999983
1,484,381,381.19047619047615
1,485,382,381.9999999999999
1,486,382,381.9047619047618
1,487,383,382.9523809523809
1,488,383,384.38095238095224
1,489,387,385.71428571428544
1,490,387,386.3809523809521
1,491,386,386.7619047619045
1,492,386,386.38095238095224
1,493,387,386.57142857142856
1,494,387,386.8571428571427
1,495,387,387.1428571428571
1,496,387,387.3333333333332
1,497,388,387.66666666666646
1,498,388,387.95238095238085
1,499,388,388.09523809523785
1,500,388,387.9999999999999
1,501,388,387.9999999999999
1,502,388,387.9999999999999
1,503,388,387.9999999999999
1,504,388,387.9999999999999
1,505,388,388.19047619047615
1,506,388,387.9047619047617
1,507,388,387.33333333333326
1,508,386,386.6666666666667
1,509,386,386.05714285714305
1,510,386,385.71428571428555
1,511,386,385.99999999999994
1,512,385,381.6190476190475
1,513,385,383.85714285714266
1,514,383,384.57142857142844
1,515,383,383.0476190476189
1,516,382,382.0
1,517,382,381.23809523809524
1,518,379,379.80952380952374
1,519,379,378.47619047619037
1,520,377,377.57142857142844
1,521,377,376.9999999999999
1,522,377,376.14285714285705
1,523,375,375.6666666666666
1,524,375,375.09523809523796
1,525,375,374.8095238095236
1,526,375,374.99999999999983
1,527,375,374.99999999999983
1,528,375,374.99999999999983
1,529,375,374.99999999999983
1,530,375,374.90476190476187
1,531,375,375.047619047619
1,532,375,375.33333333333326
1,533,376,375.6666666666666
1,534,376,375.8571428571428
1,535,376,376.14285714285705
1,536,376,375.95238095238085
1,537,377,376.8571428571427
1,538,377,378.38095238095224
1,539,381,379.71428571428555
1,540,381,380.28571428571416
1,541,380,380.71428571428555
1,542,380,380.7619047619047
1,543,382,381.47619047619037
1,544,383,382.61904761904754
1,545,383,383.4761904761903
1,546,384,383.76190476190476
1,547,384,383.9523809523808
1,548,384,384.095238095238
1,549,384,383.9999999999999
1,550,384,383.9999999999999
1,551,384,383.9999999999999
1,552,384,383.9999999999999
1,553,384,383.90476190476176
1,554,384,384.04761904761875
1,555,384,384.33333333333326
1,556,385,384.66666666666663
1,557,385,384.8571428571428
1,558,385,385.14285714285705
1,559,385,385.2380952380951
1,560,386,385.7142857142857
1,561,386,386.2857142857142
1,562,387,386.7619047619046
1,563,387,386.8571428571427
1,564,387,387.1428571428571
1,565,387,387.42857142857133
1,566,388,387.61904761904736
1,567,388,387.7142857142855
1,568,387,387.38095238095224
1,569,387,386.7142857142856
1,570,386,386.33333333333326
1,571,386,385.99999999999994
1,572,386,385.66666666666646
1,573,385,385.2857142857143
1,574,385,384.7142857142856
1,575,384,384.23809523809507
1,576,384,384.23809523809507
1,577,384,383.8095238095237
1,578,384,383.5238095238094
1,579,382,382.5714285714285
1,580,382,381.52380952380935
1,581,380,380.4285714285712
1,582,380,379.6666666666666
1,583,379,379.19047619047615
1,584,379,379.57142857142844
1,585,380,379.57142857142844
1,586,380,379.2380952380952
1,587,378,378.6190476190474
1,588,377,377.33333333333326
1,589,377,376.19047619047615
1,590,375,375.57142857142844
1,591,375,375.19047619047615
1,592,375,374.7619047619047
1,593,375,374.57142857142856
1,594,374,374.38095238095224
1,595,374,374.38095238095224
1,596,375,374.5714285714285
1,597,375,374.85714285714283
1,598,375,375.14285714285705
1,599,375,375.33333333333326
1,600,376,375.6666666666666
1,601,376,375.8571428571428
1,602,376,376.14285714285705
1,603,376,376.14285714285705
1,604,377,376.66666666666663
1,605,377,377.6666666666666
1,606,379,378.6666666666666
1,607,380,379.61904761904754
1,608,380,380.38095238095224
1,609,381,380.80952380952374
1,610,381,381.190476190476
1,611,382,381.8095238095237
1,612,382,382.1904761904761
1,613,383,382.80952380952374
1,614,383,383.19047619047603
1,615,384,383.8095238095235
1,616,384,384.09523809523785
1,617,385,384.85714285714266
1,618,385,385.61904761904736
1,619,387,386.42857142857133
1,620,387,386.8095238095237
1,621,387,387.23809523809524
1,622,387,387.3333333333332
1,623,388,387.66666666666646
1,624,388,387.95238095238085
1,625,388,388.09523809523785
1,626,388,387.9999999999999
1,627,388,388.0952380952379
1,628,388,387.952380952381
1,629,388,387.66666666666663
1,630,387,387.3333333333332
1,631,387,387.047619047619
1,632,387,386.9047619047617
1,633,387,386.9999999999999
1,634,387,387.09523809523796
1,635,387,386.95238095238085
1,636,387,387.7142857142856
1,637,386,385.80952380952374
1,638,386,382.3809523809523
1,639,375,378.57142857142844
1,640,375,375.5238095238095
1,641,375,373.19047619047615
1,642,375,375.38095238095235
1,643,375,377.95238095238085
1,644,383,380.1904761904762
1,645,383,381.6190476190474
1,646,380,381.7619047619047
1,647,380,380.3333333333332
1,648,380,379.6190476190475
1,649,380,379.33333333333326
1,650,378,378.66666666666646
1,651,378,378.3809523809523
1,652,378,377.6666666666665
1,653,378,376.9047619047618
1,654,375,376.0476190476189
1,655,375,375.3809523809523
1,656,376,375.5238095238094
1,657,376,376.2380952380951
1,658,377,376.3333333333332
1,659,376,376.3333333333333
1,660,376,376.4761904761905
1,661,377,376.57142857142844
1,662,377,376.8571428571427
1,663,377,377.14285714285705
1,664,377,377.2380952380951
1,665,378,377.7142857142856
1,666,378,378.09523809523796
1,667,379,378.8571428571428
1,668,379,379.61904761904754
1,669,381,380.42857142857144
1,670,381,380.6190476190474
1,671,381,381.33333333333326
1,672,381,381.9999999999999
1,673,384,382.9999999999999
1,674,384,383.6666666666665
1,675,384,384.4761904761903
1,676,384,384.6190476190473
1,677,386,384.7142857142856
1,678,385,385.3809523809522
1,679,385,386.42857142857116
1,680,388,386.8095238095237
1,681,388,386.99999999999994
1,682,386,387.0476190476188
1,683,386,386.8571428571427
1,684,388,387.0952380952381
1,685,388,387.47619047619037
1,686,387,387.5714285714283
1,687,387,387.38095238095235
1,688,388,387.5714285714284
1,689,388,388.04761904761875
1,690,388,388.0476190476189
1,691,388,387.66666666666663
1,692,387,387.3333333333332
1,693,387,387.23809523809496
1,694,387,386.80952380952357
1,695,387,386.33333333333314
1,696,385,385.66666666666646
1,697,385,384.9999999999999
1,698,385,385.04761904761904
1,699,385,385.238095238095
1,700,386,384.9999999999998
1,701,384,384.61904761904754
1,702,384,384.4761904761903
1,703,384,383.6666666666665
1,704,384,382.9047619047618
1,705,381,382.047619047619
1,706,381,381.76190476190465
1,707,382,381.2380952380951
1,708,382,380.95238095238085
1,709,379,380.095238095238
1,710,379,379.33333333333326
1,711,379,378.6190476190475
1,712,379,378.33333333333326
1,713,377,377.6666666666665
1,714,377,377.1904761904761
1,715,377,376.76190476190476
1,716,377,376.66666666666663
1,717,376,376.3333333333333
1,718,376,376.0476190476189
1,719,376,375.9047619047618
1,720,376,375.9999999999999
1,721,376,375.9999999999999
1,722,376,375.9999999999999
1,723,376,376.0952380952381
1,724,376,375.95238095238085
1,725,376,375.4761904761903
1,726,375,375.42857142857133
1,727,375,375.71428571428567
1,728,377,376.2380952380952
1,729,377,376.71428571428567
1,730,377,377.2857142857143
1,731,377,377.6666666666665
1,732,379,378.33333333333326
1,733,379,378.8095238095236
1,734,379,379.2380952380952
1,735,379,379.238095238095
1,736,380,379.71428571428555
1,737,380,379.9999999999998
1,738,381,380.9047619047619
1,739,381,381.9523809523809
1,740,384,382.9999999999999
1,741,384,383.90476190476164
1,742,384,384.61904761904754
1,743,385,384.66666666666663
1,744,385,384.8571428571428
1,745,385,385.14285714285705
1,746,385,385.42857142857133
1,747,386,385.6190476190474
1,748,386,385.42857142857133
1,749,385,385.5238095238094
1,750,385,385.61904761904754
1,751,387,386.28571428571416
1,752,387,387.23809523809524
1,753,388,387.8571428571428
1,754,388,387.95238095238085
1,755,388,388.09523809523785
1,756,388,387.9999999999999
1,757,388,387.9999999999999
1,758,388,387.9999999999999
1,759,388,387.9999999999999
1,760,388,387.9999999999999
1,761,388,387.9999999999999
1,762,388,387.9999999999999
1,763,388,387.9999999999999
1,764,388,387.9999999999999
1,765,388,388.00000000000017
1,766,388,387.99999999999994
1,767,388,387.9999999999998
1,768,387,382.9999999999998
1,769,387,385.99999999999994
1,770,386,387.47619047619037
1,771,386,386.14285714285705
1,772,386,385.85714285714283
1,773,386,385.76190476190476
1,774,385,385.2857142857143
1,775,385,384.9047619047618
1,776,384,384.1428571428571
1,777,384,383.5714285714285
1,778,382,382.6666666666666
1,779,382,381.3333333333332
1,780,380,379.90476190476187
1,781,378,378.7142857142856
1,782,378,377.47619047619025
1,783,377,377.1904761904762
1,784,377,377.4761904761904
1,785,378,377.5238095238093
1,786,378,377.7142857142856
1,787,377,377.3809523809523
1,788,377,376.61904761904765
1,789,376,376.2857142857143
1,790,376,376.4761904761904
1,791,377,376.5238095238094
1,792,377,376.61904761904754
1,793,376,376.4285714285712
1,794,376,376.0476190476189
1,795,376,375.9047619047618
1,796,376,375.9047619047618
1,797,376,376.0476190476189
1,798,376,376.14285714285705
1,799,377,376.66666666666663
1,800,377,377.6666666666666
1,801,379,378.57142857142844
1,802,380,379.6666666666666
1,803,380,380.71428571428555
1,804,382,381.47619047619037
1,805,382,382.14285714285705
1,806,383,382.90476190476187
1,807,383,383.2857142857141
1,808,384,383.76190476190476
1,809,384,383.8571428571428
1,810,384,384.14285714285694
1,811,384,384.142857142857
1,812,385,384.7619047619046
1,813,385,385.61904761904736
1,814,387,386.42857142857133
1,815,387,386.8095238095237
1,816,387,387.23809523809524
1,817,387,387.3333333333332
1,818,388,387.66666666666646
1,819,388,387.8571428571428
1,820,388,388.2380952380951
1,821,388,388.2857142857141
1,822,389,388.33333333333326
1,823,388,388.2857142857143
1,824,388,388.14285714285705
1,825,388,387.90476190476176
1,826,388,388.0952380952379
1,827,388,387.952380952381
1,828,388,387.66666666666663
1,829,387,387.3333333333332
1,830,387,387.23809523809496
1,831,387,386.80952380952357
1,832,387,386.33333333333314
1,833,385,385.66666666666646
1,834,385,385.2857142857142
1,835,385,384.71428571428567
1,836,385,384.4285714285713
1,837,383,383.6190476190474
1,838,383,382.85714285714266
1,839,382,382.0952380952379
1,840,382,381.9047619047618
1,841,381,381.142857142857
1,842,381,380.6666666666666
1,843,379,379.4285714285714
1,844,379,377.9047619047617
1,845,376,376.90476190476187
1,846,376,376.9047619047618
1,847,378,376.99999999999983
1,848,378,377.5714285714285
1,849,377,377.52380952380946
1,850,377,376.9523809523809
1,851,377,376.9523809523808
1,852,377,377.2380952380951
1,853,378,377.7142857142856
1,854,378,378.09523809523796
1,855,379,378.8571428571428
1,856,379,379.5238095238095
1,857,381,380.4761904761902
1,858,381,381.14285714285694
1,859,382,381.90476190476176
1,860,382,382.09523809523796
1,861,383,382.95238095238074
1,862,383,383.5714285714285
1,863,385,383.9999999999999
1,864,384,384.2857142857141
1,865,384,384.5714285714285
1,866,385,384.5714285714285
1,867,385,385.0476190476189
1,868,385,385.0476190476189
1,869,385,384.4761904761903
1,870,384,384.4285714285713
1,871,384,384.6190476190474
1,872,386,385.2857142857142
1,873,386,386.14285714285705
1,874,387,386.90476190476176
1,875,387,387.38095238095224
1,876,388,387.71428571428567
1,877,388,387.61904761904754
1,878,387,387.4285714285714
1,879,387,387.14285714285705
1,880,387,386.8571428571428
1,881,387,386.6666666666665
1,882,386,386.33333333333314
1,883,386,386.2380952380952
1,884,386,385.80952380952357
1,885,386,385.3333333333333
1,886,384,384.6666666666666
1,887,384,384.3809523809523
1,888,384,383.6666666666665
1,889,384,382.9047619047618
1,890,381,382.4285714285713
1,891,381,381.2857142857142
1,892,382,379.76190476190476
1,893,378,379.4285714285714
1,894,378,379.7619047619045
1,895,381,379.3809523809524
1,896,381,379.19047619047615
1,897,376,377.95238095238096
1,898,376,376.33333333333326
1,899,376,375.4761904761905
1,900,376,375.6666666666665
1,901,375,375.3333333333332
1,902,375,375.14285714285705
1,903,375,374.8571428571428
1,904,375,374.57142857142856
1,905,374,374.38095238095224
1,906,374,374.38095238095224
1,907,375,374.5714285714285
1,908,375,374.9523809523808
1,909,375,374.9047619047617
1,910,375,375.0952380952381
1,911,375,375.6666666666665
1,912,377,376.3333333333332
1,913,377,376.71428571428567
1,914,377,377.2857142857143
1,915,377,377.57142857142827
1,916,379,378.38095238095224
1,917,379,379.2380952380951
1,918,380,379.8571428571427
1,919,380,379.76190476190476
1,920,380,380.1904761904762
1,921,380,380.47619047619025
1,922,382,381.4285714285713
1,923,382,382.4761904761904
1,924,384,383.5714285714284
1,925,384,384.142857142857
1,926,385,384.90476190476176
1,927,385,385.190476190476
1,928,386,385.8095238095238
1,929,386,386.2857142857142
1,930,387,386.6666666666666
1,931,387,386.9999999999998
1,932,387,387.42857142857116
1,933,388,387.66666666666646
1,934,388,388.14285714285705
1,935,388,387.9999999999998
1,936,388,387.33333333333326
1,937,386,386.6666666666667
1,938,386,386.19047619047615
1,939,386,385.76190476190465
1,940,386,385.8571428571427
1,941,385,385.238095238095
1,942,385,384.38095238095224
1,943,383,383.5714285714284
1,944,383,383.2857142857141
1,945,383,382.7142857142856
1,946,383,382.52380952380946
1,947,381,381.5714285714284
1,948,381,380.4285714285714
1,949,379,379.47619047619037
1,950,379,379.285714285714
1,951,379,378.8095238095236
1,952,379,378.2857142857141
1,953,377,377.4285714285714
1,954,376,376.3809523809523
1,955,376,375.6190476190475
1,956,375,375.19047619047603
1,957,375,374.71428571428567
1,958,374,374.2380952380951
1,959,374,374.04761904761904
1,960,374,373.9047619047618
1,961,374,373.99999999999994
1,962,374,373.99999999999994
1,963,374,373.9047619047618
1,964,374,374.04761904761904
1,965,374,374.3333333333332
1,966,375,374.66666666666663
1,967,375,374.9523809523808
1,968,375,375.09523809523796
1,969,375,374.7142857142856
1,970,375,375.1428571428571
1,971,375,375.99999999999994
1,972,378,376.9999999999999
1,973,378,377.7619047619046
1,974,378,378.142857142857
1,975,378,378.42857142857133
1,976,379,379.1428571428571
1,977,381,380.3809523809522
1,978,381,381.5714285714285
1,979,383,382.5714285714284
1,980,383,383.142857142857
1,981,384,383.90476190476176
1,982,384,384.2857142857141
1,983,385,384.76190476190476
1,984,385,384.8571428571428
1,985,385,385.14285714285705
1,986,385,385.2380952380951
1,987,386,385.7142857142857
1,988,386,386.2857142857142
1,989,387,386.7619047619046
1,990,387,386.95238095238085
1,991,387,387.0952380952379
1,992,387,386.9999999999999
1,993,387,386.9999999999999
1,994,387,387.09523809523796
1,995,387,386.95238095238085
1,996,387,386.76190476190476
1,997,386,386.28571428571416
1,998,386,385.71428571428567
1,999,385,385.33333333333326
1,1000,385,384.9999999999999
1,1001,385,384.6666666666666
1,1002,384,384.2857142857142
1,1003,384,383.8095238095237
1,1004,383,383.1904761904759
1,1005,383,382.80952380952357
1,1006,382,382.1904761904761
1,1007,382,382.0
1,1008,381,381.09523809523796
1,1009,381,380.1428571428571
1,1010,378,378.85714285714283
1,1011,378,377.90476190476187
1,1012,377,377.0000000000001
1,1013,377,376.8095238095236
1,1014,376,376.1904761904761
1,1015,376,375.71428571428555
1,1016,375,375.33333333333326
1,1017,375,374.99999999999994
1,1018,375,374.5714285714285
1,1019,374,374.3333333333332
1,1020,374,374.04761904761904
1,1021,374,373.85714285714295
1,1022,374,373.99999999999966
1,1023,374,373.9999999999999
1,1024,374,374.71428571428555
1,1025,375,374.6190476190474
1,1026,375,374.66666666666646
1,1027,375,375.190476190476
1,1028,375,375.5714285714284
1,1029,377,376.38095238095235
1,1030,377,377.142857142857
1,1031,378,377.90476190476187
1,1032,378,378.190476190476
1,1033,379,378.8095238095237
1,1034,379,379.09523809523796
1,1035,380,379.8571428571428
1,1036,380,380.52380952380946
1,1037,382,381.47619047619037
1,1038,382,382.14285714285705
1,1039,383,382.8095238095237
1,1040,383,383.33333333333326
1,1041,384,383.9999999999999
1,1042,385,384.6666666666666
1,1043,385,385.3809523809523
1,1044,386,385.66666666666674
1,1045,386,385.99999999999983
1,1046,386,387.4761904761903
1,1047,387,386.1428571428571
1,1048,387,383.2857142857142
1,1049,376,379.5714285714285
1,1050,376,376.6190476190475
1,1051,376,374.6666666666666
1,1052,378,377.80952380952374
1,1053,378,381.33333333333314
1,1054,388,384.8095238095236
1,1055,388,387.2857142857141
1,1056,387,388.238095238095
1,1057,387,386.90476190476176
1,1058,386,386.142857142857
1,1059,386,385.47619047619037
1,1060,384,384.5238095238094
1,1061,384,383.95238095238085
1,1062,383,383.04761904761904
1,1063,383,382.47619047619025
1,1064,381,381.5238095238095
1,1065,381,380.95238095238085
1,1066,380,380.1428571428571
1,1067,380,379.33333333333326
1,1068,378,378.33333333333326
1,1069,377,377.3809523809522
1,1070,377,376.52380952380946
1,1071,376,376.2380952380951
1,1072,376,376.14285714285705
1,1073,376,375.8571428571427
1,1074,376,375.6666666666665
1,1075,375,375.3333333333332
1,1076,375,375.14285714285705
1,1077,375,374.8571428571428
1,1078,375,374.6666666666665
1,1079,374,374.3333333333332
1,1080,374,374.04761904761904
1,1081,374,373.9047619047618
1,1082,374,373.9047619047618
1,1083,374,374.04761904761904
1,1084,374,374.1428571428571
1,1085,375,374.8571428571428
1,1086,375,375.57142857142844
1,1087,377,375.80952380952357
1,1088,376,376.38095238095224
1,1089,376,377.3333333333333
1,1090,379,377.8571428571427
1,1091,379,378.2380952380952
1,1092,378,378.7619047619046
1,1093,378,379.047619047619
1,1094,381,379.90476190476187
1,1095,381,380.7619047619045
1,1096,381,381.33333333333326
1,1097,381,381.23809523809507
1,1098,382,381.7142857142856
1,1099,382,382.09523809523796
1,1100,383,382.85714285714283
1,1101,383,383.5238095238094
1,1102,385,384.47619047619037
1,1103,385,385.2380952380951
1,1104,386,385.8571428571428
1,1105,386,385.8571428571427
1,1106,386,386.14285714285717
1,1107,386,386.33333333333314
1,1108,387,386.6666666666665
1,1109,387,386.95238095238085
1,1110,387,387.0952380952379
1,1111,387,386.9999999999999
1,1112,387,386.9999999999999
1,1113,387,386.9999999999999
1,1114,387,387.09523809523796
1,1115,387,386.95238095238085
1,1116,387,386.76190476190476
1,1117,386,386.28571428571416
1,1118,386,385.9047619047617
1,1119,385,385.14285714285705
1,1120,385,384.38095238095224
1,1121,383,383.5714285714284
1,1122,383,383.19047619047603
1,1123,383,382.7619047619046
1,1124,383,382.95238095238096
1,1125,382,382.1904761904761
1,1126,382,381.142857142857
1,1127,379,379.8571428571428
1,1128,379,378.8095238095237
1,1129,378,378.33333333333326
1,1130,378,377.9047619047618
1,1131,378,376.9047619047619
1,1132,375,375.99999999999994
1,1133,375,375.142857142857
1,1134,375,374.8095238095236
1,1135,375,374.95238095238085
1,1136,375,374.6666666666665
1,1137,374,374.3333333333332
1,1138,374,374.04761904761904
1,1139,374,373.8095238095239
1,1140,374,374.04761904761904
1,1141,374,374.42857142857133
1,1142,375,374.6190476190476
1,1143,375,374.33333333333326
1,1144,374,374.57142857142844
1,1145,374,375.04761904761887
1,1146,377,375.90476190476187
1,1147,377,376.66666666666663
1,1148,377,377.3809523809522
1,1149,377,377.4761904761903
1,1150,379,378.4285714285712
1,1151,379,379.57142857142844
1,1152,381,380.5238095238093
1,1153,381,380.71428571428555
1,1154,381,381.2857142857141
1,1155,381,381.4761904761902
1,1156,383,382.4285714285712
1,1157,383,383.5714285714284
1,1158,385,384.4285714285713
1,1159,385,384.9523809523808
1,1160,385,385.42857142857133
1,1161,386,385.7142857142857
1,1162,386,386.2857142857142
1,1163,387,386.7619047619046
1,1164,387,386.8571428571427
1,1165,387,387.1428571428571
1,1166,387,387.3333333333332
1,1167,388,387.66666666666646
1,1168,388,388.04761904761875
1,1169,388,388.0476190476189
1,1170,388,387.76190476190476
1,1171,387,387.2857142857141
1,1172,387,386.8095238095237
1,1173,386,386.1904761904761
1,1174,386,385.80952380952374
1,1175,385,385.190476190476
1,1176,385,384.80952380952374
1,1177,384,384.2857142857142
1,1178,384,383.6666666666666
1,1179,383,383.0952380952379
1,1180,382,382.28571428571416
1,1181,382,381.38095238095224
1,1182,380,380.52380952380946
1,1183,380,379.8571428571428
1,1184,379,379.09523809523796
1,1185,379,378.80952380952374
1,1186,378,378.19047619047603
1,1187,378,377.7142857142856
1,1188,377,377.2380952380952
1,1189,377,377.2380952380952
1,1190,377,376.80952380952385
1,1191,377,376.4285714285712
1,1192,375,375.6190476190475
1,1193,375,374.7619047619047
1,1194,374,374.1428571428571
1,1195,374,374.04761904761904
1,1196,374,373.9047619047618
1,1197,374,373.99999999999994
1,1198,374,373.9047619047618
1,1199,374,374.04761904761904
1,1200,374,374.23809523809507
1,1201,375,374.7142857142855
1,1202,375,375.190476190476
1,1203,376,375.8095238095238
1,1204,376,376.1904761904761
1,1205,377,376.80952380952374
1,1206,377,377.095238095238
1,1207,378,377.8571428571428
1,1208,378,378.52380952380935
1,1209,380,379.4761904761904
1,1210,380,379.9523809523809
1,1211,381,380.9999999999999
1,1212,381,381.9523809523809
1,1213,384,383.095238095238
1,1214,384,383.7619047619045
1,1215,384,384.3333333333332
1,1216,384,384.2380952380951
1,1217,385,384.7142857142856
1,1218,385,385.2857142857142
1,1219,386,385.66666666666674
1,1220,386,385.99999999999983
1,1221,386,386.42857142857116
1,1222,387,386.6666666666665
1,1223,387,386.95238095238085
1,1224,387,387.0952380952379
1,1225,387,386.9999999999999
1,1226,387,386.9999999999999
1,1227,387,387.09523809523796
1,1228,387,386.95238095238085
1,1229,387,386.6666666666665
1,1230,386,386.33333333333314
1,1231,386,386.14285714285705
1,1232,386,385.85714285714283
1,1233,386,385.76190476190476
1,1234,385,385.2857142857143
1,1235,385,384.9047619047618
1,1236,384,384.2380952380952
1,1237,384,383.3333333333332
1,1238,382,382.52380952380935
1,1239,381,381.2857142857141
1,1240,381,379.9523809523809
1,1241,378,378.85714285714283
1,1242,378,377.80952380952374
1,1243,377,377.0476190476189
1,1244,377,377.1428571428571
1,1245,377,376.8571428571427
1,1246,377,376.7619047619048
1,1247,376,376.2857142857141
1,1248,376,375.71428571428555
1,1249,375,375.2380952380953
1,1250,375,375.0476190476189
1,1251,375,374.0476190476188
1,1252,375,375.42857142857133
1,1253,375,377.99999999999983
1,1254,384,381.28571428571416
1,1255,384,383.42857142857144
1,1256,384,384.4285714285713
1,1257,381,381.7142857142856
1,1258,381,378.8571428571428
1,1259,375,376.8571428571427
1,1260,375,376.190476190476
1,1261,378,376.3809523809523
1,1262,378,378.2380952380952
1,1263,379,379.0952380952379
1,1264,380,379.7142857142856
1,1265,380,380.52380952380935
1,1266,382,381.52380952380946
1,1267,382,382.57142857142844
1,1268,384,383.5238095238094
1,1269,384,383.6190476190474
1,1270,384,384.33333333333314
1,1271,384,385.095238095238
1,1272,387,385.9523809523808
1,1273,387,386.4285714285713
1,1274,386,386.6666666666666
1,1275,386,386.38095238095224
1,1276,387,386.57142857142856
1,1277,387,386.97142857142876
1,1278,387,387.14285714285717
1,1279,387,386.99999999999994
1,1280,388,383.6666666666665
1,1281,388,386.9523809523806
1,1282,387,388.57142857142844
1,1283,387,387.047619047619
1,1284,387,386.99999999999983
1,1285,387,386.95238095238085
1,1286,387,386.6666666666665
1,1287,386,386.33333333333314
1,1288,386,386.2380952380952
1,1289,386,385.80952380952357
1,1290,386,385.3333333333333
1,1291,384,384.6666666666666
1,1292,384,384.2857142857141
1,1293,384,383.7142857142858
1,1294,384,383.4285714285713
1,1295,382,382.61904761904754
1,1296,382,381.85714285714283
1,1297,381,381.0952380952379
1,1298,381,380.80952380952374
1,1299,380,380.19047619047603
1,1300,380,380.0
1,1301,379,379.095238095238
1,1302,379,378.0476190476189
1,1303,376,376.90476190476187
1,1304,376,376.2380952380951
1,1305,376,375.76190476190465
1,1306,376,375.6190476190476
1,1307,375,374.99999999999983
1,1308,374,374.38095238095224
1,1309,374,373.9523809523808
1,1310,374,373.9047619047618
1,1311,374,373.99999999999994
1,1312,374,373.99999999999994
1,1313,374,373.80952380952357
1,1314,374,374.095238095238
1,1315,374,374.76190476190465
1,1316,376,375.2857142857141
1,1317,376,375.38095238095235
1,1318,375,375.6190476190475
1,1319,375,375.61904761904754
1,1320,377,376.2857142857141
1,1321,377,377.238095238095
1,1322,378,377.8571428571428
1,1323,378,377.7619047619047
1,1324,378,377.90476190476176
1,1325,378,378.80952380952357
1,1326,380,380.3333333333333
1,1327,383,381.9047619047617
1,1328,383,382.85714285714266
1,1329,383,383.3809523809523
1,1330,383,383.5714285714285
1,1331,385,384.3809523809523
1,1332,385,385.2380952380951
1,1333,386,385.8571428571428
1,1334,386,385.95238095238085
1,1335,386,386.095238095238
1,1336,386,385.90476190476187
1,1337,386,386.0476190476189
1,1338,386,386.2380952380951
1,1339,387,386.7142857142857
1,1340,387,387.2857142857141
1,1341,388,387.76190476190465
1,1342,388,388.04761904761875
1,1343,388,388.0476190476189
1,1344,388,387.76190476190476
1,1345,387,387.2857142857141
1,1346,387,386.7142857142856
1,1347,386,386.2380952380951
1,1348,386,386.04761904761904
1,1349,386,386.09523809523796
1,1350,386,385.9047619047618
1,1351,386,385.3333333333333
1,1352,384,384.6666666666666
1,1353,384,384.19047619047603
1,1354,384,383.7619047619046
1,1355,384,383.8571428571427
1,1356,383,383.23809523809507
1,1357,383,382.47619047619025
1,1358,381,381.5238095238095
1,1359,381,380.95238095238085
1,1360,380,380.04761904761887
1,1361,380,379.4761904761904
1,1362,378,378.5238095238094
1,1363,378,377.8571428571427
1,1364,377,377.0952380952379
1,1365,377,376.71428571428567
1,1366,376,376.2380952380951
1,1367,376,376.14285714285705
1,1368,376,375.8571428571427
1,1369,376,375.6666666666665
1,1370,375,375.3333333333332
1,1371,375,374.95238095238074
1,1372,375,375.0476190476189
1,1373,375,375.2857142857142
1,1374,376,375.33333333333326
1,1375,375,375.2857142857141
1,1376,375,375.14285714285694
1,1377,375,374.9047619047617
1,1378,375,374.99999999999983
1,1379,375,374.99999999999983
1,1380,375,374.8095238095236
1,1381,375,375.0952380952381
1,1382,375,375.6666666666665
1,1383,377,376.3333333333332
1,1384,377,376.61904761904754
1,1385,377,377.42857142857133
1,1386,377,377.9523809523809
1,1387,380,378.2857142857143
1,1388,379,379.3809523809523
1,1389,379,380.76190476190453
1,1390,383,381.52380952380935
1,1391,383,382.285714285714
1,1392,382,382.8095238095237
1,1393,382,382.61904761904754
1,1394,384,383.2857142857142
1,1395,384,384.23809523809507
1,1396,385,384.85714285714266
1,1397,385,384.7619047619046
1,1398,385,385.19047619047603
1,1399,385,385.57142857142856
1,1400,387,386.3809523809523
1,1401,387,387.1428571428571
1,1402,388,387.90476190476176
1,1403,388,388.38095238095224
1,1404,389,388.71428571428555
1,1405,389,388.61904761904754
1,1406,388,388.42857142857133
1,1407,388,388.0476190476189
1,1408,388,387.90476190476176
1,1409,388,387.9999999999999
1,1410,388,387.9999999999999
1,1411,388,387.9999999999999
1,1412,388,388.19047619047615
1,1413,388,387.9047619047617
1,1414,388,387.14285714285705
1,1415,386,386.76190476190476
1,1416,386,387.0476190476189
1,1417,388,386.9999999999998
1,1418,388,386.90476190476176
1,1419,385,386.190476190476
1,1420,385,385.33333333333337
1,1421,385,384.61904761904754
1,1422,385,384.4285714285713
1,1423,383,383.6190476190474
1,1424,383,383.0476190476189
1,1425,382,382.0
1,1426,382,380.95238095238085
1,1427,379,379.9523809523808
1,1428,379,379.6666666666666
1,1429,380,379.38095238095224
1,1430,380,379.2380952380952
1,1431,378,378.42857142857133
1,1432,377,377.42857142857144
1,1433,377,376.8571428571427
1,1434,377,376.9047619047618
1,1435,377,376.9999999999999
1,1436,377,376.9999999999999
1,1437,377,376.9999999999999
1,1438,377,376.9999999999999
1,1439,377,376.8095238095238
1,1440,377,377.0952380952379
1,1441,377,377.76190476190465
1,1442,379,378.28571428571416
1,1443,379,378.28571428571416
1,1444,378,378.6666666666666
1,1445,378,379.047619047619
1,1446,381,379.90476190476187
1,1447,381,380.5714285714285
1,1448,381,381.4285714285713
1,1449,381,381.9047619047618
1,1450,384,383.04761904761887
1,1451,384,384.19047619047603
1,1452,385,384.9523809523808
1,1453,385,384.8571428571428
1,1454,385,385.14285714285705
1,1455,385,385.80952380952385
1,1456,386,385.42857142857133
1,1457,386,384.2857142857142
1,1458,381,382.76190476190465
1,1459,381,381.23809523809507
1,1460,381,379.8571428571426
1,1461,381,381.33333333333337
1,1462,381,383.3333333333332
1,1463,388,385.66666666666646
1,1464,388,387.5714285714285
1,1465,388,388.7142857142857
1,1466,388,388.4285714285713
1,1467,389,388.61904761904736
1,1468,389,388.71428571428567
1,1469,388,388.3809523809524
1,1470,388,387.90476190476176
1,1471,387,387.14285714285694
1,1472,387,386.57142857142844
1,1473,385,385.47619047619037
1,1474,385,384.5238095238094
1,1475,383,383.4285714285713
1,1476,383,382.66666666666663
1,1477,382,382.1904761904762
1,1478,382,382.5714285714284
1,1479,383,382.57142857142844
1,1480,383,382.23809523809507
1,1481,381,381.6190476190475
1,1482,380,380.33333333333326
1,1483,380,379.19047619047615
1,1484,378,378.57142857142844
1,1485,378,378.19047619047603
1,1486,378,377.7619047619047
1,1487,378,377.7619047619048
1,1488,377,377.2857142857141
1,1489,377,376.71428571428567
1,1490,376,376.2380952380951
1,1491,376,376.0476190476189
1,1492,376,375.9047619047618
1,1493,376,375.9999999999999
1,1494,376,375.9999999999999
1,1495,376,375.8095238095237
1,1496,376,376.0952380952381
1,1497,376,376.76190476190465
1,1498,378,377.2857142857141
1,1499,378,377.5714285714285
1,1500,377,377.52380952380946
1,1501,377,376.8571428571427
1,1502,377,376.99999999999994
1,1503,377,377.6666666666665
1,1504,379,378.047619047619
1,1505,379,379.04761904761887
1,1506,379,380.09523809523796
1,1507,382,381.0476190476189
1,1508,382,381.99999999999994
1,1509,383,383.04761904761887
1,1510,383,383.6190476190474
1,1511,385,384.4285714285714
1,1512,385,384.80952380952374
1,1513,385,385.2380952380951
1,1514,385,385.2380952380951
1,1515,386,385.7142857142857
1,1516,386,386.1904761904759
1,1517,387,386.8095238095236
1,1518,387,387.190476190476
1,1519,388,387.8095238095238
1,1520,388,388.2857142857141
1,1521,389,388.76190476190453
1,1522,389,389.0476190476189
1,1523,389,389.0476190476189
1,1524,389,388.57142857142844
1,1525,388,388.38095238095224
1,1526,388,388.38095238095224
1,1527,389,388.6666666666666
1,1528,389,388.9047619047617
1,1529,389,388.6666666666666
1,1530,388,388.38095238095224
1,1531,388,388.47619047619025
1,1532,389,388.5238095238096
1,1533,389,388.71428571428595
1,1534,388,388.5142857142857
1,1535,388,387.89999999999986
1,1536,387,383.04761904761887
1,1537,387,386.4285714285714
1,1538,387,388.095238095238
1,1539,387,386.85714285714266
1,1540,386,386.23809523809507
1,1541,386,385.47619047619037
1,1542,384,384.5238095238094
1,1543,384,383.95238095238085
1,1544,383,383.04761904761904
1,1545,383,382.3809523809522
1,1546,381,381.5714285714285
1,1547,381,381.19047619047603
1,1548,381,380.76190476190453
1,1549,381,380.8571428571428
1,1550,380,380.3333333333332
1,1551,380,379.33333333333326
1,1552,378,378.047619047619
1,1553,377,377.52380952380946
1,1554,377,377.6190476190475
1,1555,379,378.19047619047603
1,1556,379,378.57142857142844
1,1557,378,378.52380952380946
1,1558,378,378.04761904761887
1,1559,378,377.90476190476176
1,1560,378,377.9999999999999
1,1561,378,377.9999999999999
1,1562,378,377.9999999999999
1,1563,378,377.9999999999999
1,1564,378,378.09523809523785
1,1565,378,377.9523809523808
1,1566,378,377.6666666666665
1,1567,377,377.33333333333326
1,1568,377,377.1428571428571
1,1569,377,376.8571428571427
1,1570,377,376.66666666666663
1,1571,376,376.3333333333333
1,1572,376,376.0476190476189
1,1573,376,375.9047619047618
1,1574,376,375.9999999999999
1,1575,376,376.0952380952381
1,1576,376,375.95238095238085
1,1577,376,375.6666666666665
1,1578,375,375.3333333333332
1,1579,375,375.0476190476189
1,1580,375,374.9047619047617
1,1581,375,374.90476190476187
1,1582,375,375.047619047619
1,1583,375,375.4285714285715
1,1584,376,375.6285714285717
1,1585,376,375.7142857142856
1,1586,375,374.99999999999983
2,0,376,375.09523809523796
2,1,376,376.6666666666666
2,2,376,380.2380952380951
2,3,389,384.6666666666665
2,4,389,388.38095238095224
2,5,389,390.2380952380951
2,6,389,388.99999999999983
2,7,389,388.99999999999983
2,8,389,389.0952380952381
2,9,389,388.8571428571427
2,10,389,388.71428571428555
2,11,388,388.6666666666666
2,12,389,388.7142857142855
2,13,389,388.85714285714295
2,14,389,389.0952380952379
2,15,389,388.99999999999983
2,16,389,388.99999999999983
2,17,389,388.99999999999983
2,18,389,388.99999999999983
2,19,389,389.0952380952381
2,20,389,388.95238095238096
2,21,389,388.57142857142844
2,22,388,388.38095238095224
2,23,388,388.47619047619025
2,24,389,388.5238095238096
2,25,389,388.61904761904754
2,26,388,388.42857142857133
2,27,388,388.2380952380951
2,28,388,387.80952380952374
2,29,388,387.4285714285714
2,30,386,386.7142857142855
2,31,386,385.7142857142855
2,32,385,384.80952380952374
2,33,384,384.38095238095224
2,34,384,383.95238095238085
2,35,384,383.90476190476164
2,36,384,384.09523809523796
2,37,384,383.9523809523808
2,38,384,383.76190476190465
2,39,383,383.2857142857142
2,40,383,382.61904761904754
2,41,382,382.28571428571416
2,42,382,382.38095238095224
2,43,383,382.57142857142844
2,44,383,383.3333333333332
2,45,383,382.9047619047618
2,46,383,381.6666666666666
2,47,379,380.3333333333333
2,48,379,379.38095238095224
2,49,379,378.5238095238094
2,50,379,378.33333333333326
2,51,377,377.6666666666665
2,52,377,377.0952380952379
2,53,377,376.8095238095236
2,54,377,376.90476190476187
2,55,377,376.9523809523808
2,56,377,377.3809523809523
2,57,378,377.99999999999983
2,58,379,378.61904761904754
2,59,379,378.95238095238085
2,60,379,379.5238095238094
2,61,379,379.14285714285705
2,62,380,378.3333333333333
2,63,376,377.2857142857141
2,64,376,376.2857142857143
2,65,376,375.6190476190476
2,66,376,375.9999999999999
2,67,376,375.9999999999999
2,68,376,375.8095238095237
2,69,376,376.0952380952381
2,70,376,376.76190476190465
2,71,378,377.2857142857141
2,72,378,377.2857142857141
2,73,377,377.6666666666665
2,74,377,378.14285714285705
2,75,380,378.85714285714266
2,76,380,379.33333333333326
2,77,379,379.71428571428555
2,78,379,379.4285714285712
2,79,381,380.3809523809523
2,80,381,381.80952380952374
2,81,384,383.2380952380951
2,82,384,383.99999999999994
2,83,385,385.0476190476189
2,84,385,385.61904761904736
2,85,387,386.3333333333332
2,86,387,386.9523809523808
2,87,387,387.52380952380935
2,88,388,387.66666666666646
2,89,388,388.04761904761875
2,90,388,388.0476190476189
2,91,388,387.5714285714285
2,92,387,387.38095238095224
2,93,387,387.38095238095235
2,94,388,387.5714285714284
2,95,388,387.95238095238085
2,96,388,388.09523809523785
2,97,388,388.0952380952379
2,98,388,387.952380952381
2,99,388,387.66666666666663
2,100,387,387.3333333333332
2,101,387,387.14285714285705
2,102,387,386.8571428571428
2,103,387,386.6666666666665
2,104,386,386.5238095238093
2,105,386,385.95238095238085
2,106,386,385.3333333333332
2,107,384,384.61904761904754
2,108,384,383.95238095238085
2,109,383,383.04761904761904
2,110,383,382.2857142857142
2,111,381,381.6190476190474
2,112,381,381.80952380952357
2,113,382,381.28571428571416
2,114,382,380.5238095238096
2,115,378,379.47619047619037
2,116,378,378.71428571428567
2,117,379,378.19047619047603
2,118,379,378.28571428571416
2,119,377,377.95238095238074
2,120,377,376.9999999999999
2,121,377,375.952380952381
2,122,375,375.7619047619046
2,123,375,375.8571428571427
2,124,377,376.095238095238
2,125,377,376.57142857142844
2,126,376,376.5238095238095
2,127,376,375.95238095238085
2,128,376,375.95238095238085
2,129,376,376.2380952380951
2,130,377,376.71428571428555
2,131,377,377.2857142857142
2,132,378,377.7619047619047
2,133,378,377.8571428571427
2,134,378,378.14285714285705
2,135,378,378.23809523809507
2,136,379,378.71428571428555
2,137,379,379.1904761904761
2,138,380,379.8095238095238
2,139,380,380.19047619047603
2,140,381,380.80952380952374
2,141,381,381.190476190476
2,142,382,381.8095238095237
2,143,382,382.2857142857143
2,144,383,382.6666666666665
2,145,383,382.9999999999999
2,146,383,383.142857142857
2,147,384,383.8095238095238
2,148,384,384.8571428571427
2,149,387,386.14285714285694
2,150,387,387.2857142857141
2,151,388,387.9047619047619
2,152,388,387.52380952380946
2,153,387,387.47619047619037
2,154,387,387.38095238095235
2,155,388,387.5714285714284
2,156,388,388.04761904761875
2,157,388,388.0476190476189
2,158,388,387.5714285714285
2,159,387,387.38095238095224
2,160,387,387.5714285714285
2,161,388,387.47619047619037
2,162,388,387.2857142857141
2,163,386,386.76190476190453
2,164,386,386.095238095238
2,165,386,385.99999999999994
2,166,386,385.9047619047618
2,167,386,385.42857142857144
2,168,384,384.61904761904754
2,169,384,383.8571428571428
2,170,383,383.095238095238
2,171,383,382.9999999999999
2,172,382,382.0952380952381
2,173,382,381.047619047619
2,174,379,379.9047619047618
2,175,379,379.2380952380951
2,176,379,378.6666666666666
2,177,379,378.76190476190465
2,178,378,378.28571428571416
2,179,378,377.8095238095236
2,180,377,377.190476190476
2,181,377,376.71428571428567
2,182,376,376.14285714285694
2,183,376,376.09523809523796
2,184,376,376.238095238095
2,185,377,376.6666666666667
2,186,377,376.9523809523808
2,187,377,377.095238095238
2,188,377,376.90476190476187
2,189,377,377.04761904761915
2,190,377,377.2380952380951
2,191,378,377.7142857142856
2,192,378,377.99999999999983
2,193,379,378.90476190476187
2,194,379,379.95238095238085
2,195,382,381.0952380952379
2,196,382,381.76190476190465
2,197,382,382.3333333333333
2,198,382,382.23809523809507
2,199,383,382.6190476190475
2,200,383,383.33333333333326
2,201,384,383.9999999999999
2,202,385,384.6666666666666
2,203,385,385.28571428571416
2,204,386,385.8095238095238
2,205,386,386.2857142857142
2,206,387,386.7619047619046
2,207,387,386.95238095238085
2,208,387,387.0952380952379
2,209,387,386.90476190476187
2,210,387,387.0476190476188
2,211,387,387.3333333333332
2,212,388,387.66666666666646
2,213,388,388.04761904761875
2,214,388,388.0476190476189
2,215,388,387.76190476190476
2,216,387,387.2857142857141
2,217,387,386.8095238095237
2,218,386,386.1904761904761
2,219,386,385.80952380952374
2,220,385,385.190476190476
2,221,385,384.80952380952374
2,222,384,384.1904761904761
2,223,384,383.8095238095237
2,224,383,383.1904761904759
2,225,383,382.80952380952357
2,226,382,382.1904761904761
2,227,382,381.9047619047618
2,228,381,381.33333333333314
2,229,381,380.2857142857141
2,230,379,378.9047619047618
2,231,377,377.76190476190465
2,232,377,377.0
2,233,377,376.76190476190476
2,234,377,376.66666666666663
2,235,376,376.3333333333333
2,236,376,376.0476190476189
2,237,376,375.9047619047618
2,238,376,375.9999999999999
2,239,376,375.9999999999999
2,240,376,375.9999999999999
2,241,376,375.9999999999999
2,242,376,375.9999999999999
2,243,376,375.9999999999999
2,244,376,375.9047619047618
2,245,376,376.0476190476189
2,246,376,376.2380952380951
2,247,377,376.71428571428555
2,248,377,377.2857142857142
2,249,378,377.4761904761904
2,250,378,378.0952380952379
2,251,378,378.90476190476187
2,252,381,380.095238095238
2,253,381,381.42857142857173
2,254,383,382.6857142857142
2,255,383,383.1999999999999
2,256,383,381.0952380952379
2,257,383,383.3809523809522
2,258,385,384.80952380952374
2,259,385,384.9523809523808
2,260,385,385.99999999999966
2,261,386,385.42857142857133
2,262,386,384.2857142857142
2,263,381,382.8571428571427
2,264,381,381.1904761904761
2,265,381,379.5238095238095
2,266,380,380.6666666666667
2,267,380,382.2857142857142
2,268,387,384.61904761904754
2,269,387,386.99999999999994
2,270,388,388.33333333333314
2,271,388,387.95238095238085
2,272,388,388.09523809523785
2,273,388,387.9999999999999
2,274,388,388.19047619047615
2,275,388,387.9047619047617
2,276,388,387.4285714285714
2,277,386,386.61904761904736
2,278,386,385.8571428571428
2,279,385,385.095238095238
2,280,385,384.7142857142856
2,281,384,384.23809523809507
2,282,384,384.142857142857
2,283,384,383.85714285714266
2,284,384,383.57142857142844
2,285,383,383.3809523809522
2,286,383,383.57142857142856
2,287,384,383.4761904761904
2,288,384,383.3809523809523
2,289,382,382.7142857142856
2,290,382,381.85714285714283
2,291,381,381.0952380952379
2,292,381,380.71428571428555
2,293,380,380.2380952380952
2,294,380,380.3333333333333
2,295,380,379.7619047619046
2,296,380,378.99999999999994
2,297,377,378.09523809523796
2,298,377,377.0952380952379
2,299,377,376.38095238095235
2,300,376,376.3333333333333
2,301,376,376.0476190476189
2,302,376,375.9047619047618
2,303,376,375.9047619047618
2,304,376,376.0476190476189
2,305,376,376.33333333333326
2,306,377,376.6666666666667
2,307,377,376.8571428571427
2,308,377,377.14285714285705
2,309,377,377.4285714285712
2,310,378,377.6190476190474
2,311,378,377.33333333333326
2,312,377,377.5714285714285
2,313,377,378.047619047619
2,314,380,378.6190476190476
2,315,380,379.9999999999999
2,316,380,381.28571428571416
2,317,383,381.9999999999999
2,318,383,382.5714285714283
2,319,383,383.4285714285712
2,320,383,384.0952380952381
2,321,386,384.9523809523808
2,322,386,385.3333333333333
2,323,385,385.7142857142855
2,324,385,385.8095238095236
2,325,387,386.1904761904761
2,326,387,386.4761904761904
2,327,386,386.57142857142856
2,328,386,386.38095238095224
2,329,387,386.57142857142856
2,330,387,386.8571428571427
2,331,387,387.1428571428571
2,332,387,387.3333333333332
2,333,388,387.66666666666646
2,334,388,387.95238095238085
2,335,388,388.19047619047603
2,336,388,387.952380952381
2,337,388,387.76190476190476
2,338,387,387.2857142857141
2,339,387,386.7142857142856
2,340,386,386.2380952380951
2,341,386,386.14285714285705
2,342,386,385.85714285714283
2,343,386,385.76190476190476
2,344,385,385.2857142857143
2,345,385,384.80952380952374
2,346,384,384.1904761904761
2,347,384,383.8095238095237
2,348,383,383.1904761904759
2,349,383,382.80952380952357
2,350,382,382.1904761904761
2,351,382,381.9047619047618
2,352,381,381.142857142857
2,353,381,380.47619047619037
2,354,379,379.5238095238094
2,355,379,378.8571428571428
2,356,378,378.19047619047615
2,357,378,377.6666666666665
2,358,377,376.9047619047618
2,359,376,376.38095238095235
2,360,376,376.0476190476189
2,361,376,375.8571428571427
2,362,376,375.57142857142844
2,363,375,375.38095238095224
2,364,375,375.3809523809523
2,365,376,375.5714285714284
2,366,376,375.8571428571428
2,367,376,376.14285714285705
2,368,376,376.2380952380951
2,369,377,376.71428571428555
2,370,377,377.2857142857142
2,371,378,377.7619047619047
2,372,378,377.7619047619047
2,373,378,378.19047619047603
2,374,378,378.47619047619037
2,375,380,379.4285714285712
2,376,380,380.47619047619037
2,377,382,381.57142857142844
2,378,382,382.0476190476189
2,379,383,382.95238095238085
2,380,383,383.6190476190474
2,381,385,384.3333333333332
2,382,385,384.9523809523808
2,383,385,385.5238095238094
2,384,386,385.6666666666666
2,385,386,385.8571428571427
2,386,386,386.14285714285717
2,387,386,386.33333333333314
2,388,387,386.6666666666665
2,389,387,386.95238095238085
2,390,387,387.0952380952379
2,391,387,387.09523809523796
2,392,387,386.95238095238085
2,393,387,386.76190476190476
2,394,386,386.28571428571416
2,395,386,385.80952380952374
2,396,385,385.190476190476
2,397,385,384.80952380952374
2,398,384,384.38095238095224
2,399,384,383.61904761904754
2,400,383,382.5714285714285
2,401,381,381.7142857142856
2,402,381,381.095238095238
2,403,381,380.76190476190453
2,404,381,380.7619047619047
2,405,380,380.28571428571416
2,406,380,379.6190476190475
2,407,379,379.28571428571416
2,408,379,379.47619047619037
2,409,380,379.52380952380935
2,410,380,379.8095238095237
2,411,379,379.3333333333332
2,412,379,378.4761904761905
2,413,377,377.52380952380946
2,414,377,376.76190476190465
2,415,376,376.14285714285705
2,416,376,376.0476190476189
2,417,376,375.9047619047618
2,418,376,376.0952380952381
2,419,376,375.95238095238085
2,420,376,375.6666666666665
2,421,375,375.3333333333332
2,422,375,375.0476190476189
2,423,375,374.9047619047617
2,424,375,374.99999999999983
2,425,375,374.99999999999983
2,426,375,374.90476190476187
2,427,375,374.95238095238096
2,428,375,375.3809523809522
2,429,376,375.9047619047617
2,430,377,376.66666666666646
2,431,377,377.38095238095224
2,432,378,377.7619047619047
2,433,378,377.66666666666646
2,434,378,378.2380952380952
2,435,378,378.90476190476187
2,436,381,380.047619047619
2,437,381,381.0952380952379
2,438,382,381.9999999999999
2,439,382,382.1904761904761
2,440,383,382.80952380952374
2,441,383,383.19047619047603
2,442,384,383.8095238095235
2,443,384,384.1904761904761
2,444,385,384.7142857142856
2,445,385,385.3333333333333
2,446,386,386.0952380952381
2,447,387,386.6190476190475
2,448,387,387.14285714285694
2,449,387,387.0476190476189
2,450,387,386.76190476190476
2,451,386,386.28571428571416
2,452,386,385.80952380952374
2,453,385,385.190476190476
2,454,385,384.80952380952374
2,455,384,384.1904761904761
2,456,384,383.61904761904754
2,457,383,383.28571428571416
2,458,383,383.66666666666663
2,459,384,383.42857142857116
2,460,384,383.04761904761887
2,461,381,382.0476190476189
2,462,381,380.80952380952374
2,463,380,380.047619047619
2,464,380,380.04761904761887
2,465,380,379.5238095238094
2,466,380,380.1904761904762
2,467,380,381.42857142857144
2,468,384,382.6190476190476
2,469,384,383.76190476190476
2,470,383,383.5714285714285
2,471,383,382.5238095238093
2,472,380,380.6666666666666
2,473,380,378.4761904761903
2,474,375,376.3809523809524
2,475,375,375.23809523809507
2,476,375,374.5238095238094
2,477,375,374.99999999999983
2,478,375,374.99999999999983
2,479,375,374.99999999999983
2,480,375,374.90476190476187
2,481,375,375.047619047619
2,482,375,375.2380952380951
2,483,376,375.7142857142855
2,484,376,376.095238095238
2,485,377,376.8571428571427
2,486,377,377.4285714285714
2,487,379,378.52380952380946
2,488,379,379.47619047619037
2,489,381,380.5714285714285
2,490,381,380.95238095238085
2,491,382,381.9999999999999
2,492,382,383.14285714285694
2,493,385,383.9999999999998
2,494,385,383.9999999999998
2,495,383,383.95238095238096
2,496,383,383.80952380952374
2,497,385,384.3809523809523
2,498,386,385.61904761904754
2,499,386,386.5714285714284
2,500,387,386.71428571428555
2,501,387,386.4285714285715
2,502,386,386.52380952380946
2,503,386,386.8095238095236
2,504,388,387.190476190476
2,505,388,387.5714285714283
2,506,387,387.52380952380935
2,507,387,387.14285714285705
2,508,387,386.8571428571428
2,509,387,386.74285714285725
2,510,386,386.3714285714285
2,511,386,385.9
2,512,386,382.9523809523809
2,513,386,385.2380952380953
2,514,385,386.5714285714284
2,515,385,384.8571428571427
2,516,385,383.47619047619037
2,517,381,382.38095238095224
2,518,381,381.8095238095238
2,519,382,381.1428571428571
2,520,382,381.1428571428571
2,521,379,379.9999999999998
2,522,379,378.6666666666666
2,523,377,377.28571428571416
2,524,377,376.4285714285714
2,525,375,375.4761904761904
2,526,375,375.09523809523796
2,527,375,374.8095238095236
2,528,375,374.99999999999983
2,529,375,374.99999999999983
2,530,375,374.99999999999983
2,531,375,374.99999999999983
2,532,375,374.90476190476187
2,533,375,375.047619047619
2,534,375,375.2380952380951
2,535,376,375.7142857142855
2,536,376,376.2857142857143
2,537,377,376.76190476190476
2,538,377,376.9523809523808
2,539,377,376.8095238095238
2,540,377,377.14285714285705
2,541,377,378.09523809523813
2,542,380,378.95238095238085
2,543,380,379.33333333333326
2,544,379,379.71428571428555
2,545,379,379.6190476190474
2,546,381,380.28571428571416
2,547,381,381.047619047619
2,548,382,381.9523809523808
2,549,382,382.71428571428555
2,550,384,383.3809523809523
2,551,384,383.4761904761904
2,552,383,383.5714285714284
2,553,383,383.4761904761903
2,554,384,383.52380952380935
2,555,384,383.5238095238093
2,556,383,383.47619047619025
2,557,383,383.2857142857142
2,558,384,383.52380952380935
2,559,384,384.33333333333326
2,560,385,385.095238095238
2,561,386,385.61904761904754
2,562,386,386.0476190476189
2,563,386,386.095238095238
2,564,386,385.99999999999994
2,565,386,385.99999999999994
2,566,386,385.99999999999994
2,567,386,385.99999999999994
2,568,386,386.09523809523796
2,569,386,385.9523809523808
2,570,386,385.8571428571427
2,571,385,385.238095238095
2,572,385,384.19047619047615
2,573,383,383.6666666666666
2,574,383,383.95238095238085
2,575,385,384.04761904761904
2,576,385,384.33333333333326
2,577,383,383.8095238095237
2,578,383,382.7619047619046
2,579,382,382.4285714285714
2,580,382,381.9047619047617
2,581,382,380.99999999999983
2,582,379,379.9523809523809
2,583,379,378.99999999999983
2,584,378,377.9523809523808
2,585,378,377.3809523809523
2,586,376,376.57142857142856
2,587,376,376.19047619047615
2,588,376,375.76190476190476
2,589,376,375.7619047619048
2,590,375,375.2857142857142
2,591,375,374.71428571428567
2,592,374,374.2380952380951
2,593,374,374.04761904761904
2,594,374,373.9047619047618
2,595,374,373.9047619047618
2,596,374,374.04761904761904
2,597,374,374.3333333333332
2,598,375,374.66666666666663
2,599,375,374.85714285714283
2,600,375,375.14285714285705
2,601,375,375.2380952380951
2,602,376,375.7142857142855
2,603,376,376.2857142857143
2,604,377,376.57142857142844
2,605,377,377.0476190476189
2,606,377,377.57142857142844
2,607,379,378.4285714285712
2,608,379,379.47619047619037
2,609,381,380.5714285714285
2,610,381,381.047619047619
2,611,382,381.9523809523808
2,612,382,382.61904761904754
2,613,384,383.4285714285713
2,614,384,383.8095238095237
2,615,384,384.2380952380952
2,616,384,384.2380952380951
2,617,385,384.7142857142856
2,618,385,385.190476190476
2,619,386,385.8095238095238
2,620,386,386.2857142857142
2,621,387,386.7619047619046
2,622,387,386.8571428571427
2,623,387,387.1428571428571
2,624,387,387.3333333333332
2,625,388,387.66666666666646
2,626,388,387.95238095238085
2,627,388,388.09523809523785
2,628,388,387.9999999999999
2,629,388,388.19047619047615
2,630,388,387.9047619047617
2,631,388,387.33333333333326
2,632,386,386.6666666666667
2,633,386,386.19047619047615
2,634,386,385.76190476190465
2,635,386,385.6666666666666
2,636,385,385.3333333333332
2,637,385,385.2380952380951
2,638,385,384.8095238095237
2,639,385,384.4285714285713
2,640,383,383.6190476190474
2,641,383,382.95238095238074
2,642,382,382.04761904761887
2,643,382,381.5714285714285
2,644,380,380.6666666666665
2,645,380,379.3333333333333
2,646,378,377.8095238095237
2,647,376,376.7619047619047
2,648,376,375.9999999999998
2,649,376,375.76190476190476
2,650,376,375.6666666666665
2,651,375,375.3333333333332
2,652,375,375.23809523809507
2,653,375,374.8095238095237
2,654,375,374.2380952380951
2,655,373,373.71428571428567
2,656,373,373.42857142857133
2,657,374,373.4761904761904
2,658,374,373.9523809523808
2,659,374,374.09523809523813
2,660,374,373.9047619047618
2,661,374,374.04761904761904
2,662,374,374.3333333333332
2,663,375,374.66666666666663
2,664,375,374.85714285714283
2,665,375,375.14285714285705
2,666,375,375.2380952380951
2,667,376,375.7142857142855
2,668,376,376.095238095238
2,669,377,376.8571428571427
2,670,377,377.7142857142855
2,671,379,378.3809523809522
2,672,379,378.76190476190465
2,673,378,378.42857142857133
2,674,378,377.3809523809523
2,675,376,376.57142857142856
2,676,376,376.09523809523796
2,677,376,375.8095238095237
2,678,376,375.9999999999999
2,679,376,375.9999999999999
2,680,376,375.9999999999999
2,681,376,374.8571428571428
2,682,376,376.5714285714286
2,683,376,379.9999999999999
2,684,388,383.9999999999999
2,685,388,387.42857142857133
2,686,388,389.14285714285705
2,687,388,387.9999999999999
2,688,388,387.9999999999999
2,689,388,388.0952380952379
2,690,388,387.952380952381
2,691,388,387.76190476190476
2,692,387,387.4761904761905
2,693,387,386.6190476190475
2,694,386,385.5714285714285
2,695,384,384.7142857142856
2,696,384,384.095238095238
2,697,384,383.7619047619046
2,698,384,383.8571428571427
2,699,383,383.23809523809507
2,700,383,382.47619047619025
2,701,381,381.5238095238095
2,702,381,380.8571428571428
2,703,380,380.09523809523813
2,704,380,379.7142857142856
2,705,379,379.238095238095
2,706,379,379.2380952380951
2,707,379,378.80952380952385
2,708,379,378.33333333333326
2,709,377,377.6666666666665
2,710,377,377.2857142857143
2,711,377,376.71428571428544
2,712,377,376.33333333333326
2,713,375,375.76190476190465
2,714,375,375.0476190476189
2,715,375,374.47619047619037
2,716,374,374.3333333333332
2,717,374,373.9523809523808
2,718,374,373.9523809523808
2,719,374,374.1428571428571
2,720,375,374.7619047619047
2,721,375,375.71428571428567
2,722,377,376.38095238095224
2,723,377,376.19047619047615
2,724,376,376.71428571428567
2,725,376,377.4761904761904
2,726,380,378.5238095238094
2,727,380,379.1904761904761
2,728,379,379.8571428571428
2,729,379,380.0476190476189
2,730,382,380.9047619047618
2,731,382,381.6666666666665
2,732,382,382.3809523809523
2,733,382,382.66666666666663
2,734,384,383.14285714285705
2,735,384,383.99999999999983
2,736,384,384.95238095238096
2,737,386,385.2857142857142
2,738,386,385.47619047619025
2,739,385,385.57142857142856
2,740,385,385.190476190476
2,741,386,385.6666666666664
2,742,386,386.6190476190474
2,743,388,387.42857142857133
2,744,388,387.9999999999999
2,745,388,388.14285714285705
2,746,388,387.66666666666663
2,747,387,387.3333333333332
2,748,387,387.047619047619
2,749,387,386.9047619047617
2,750,387,386.9999999999999
2,751,387,386.9999999999999
2,752,387,387.1904761904761
2,753,387,387.0952380952381
2,754,387,386.2380952380952
2,755,385,385.0
2,756,383,383.7619047619046
2,757,383,383.09523809523796
2,758,383,382.7142857142856
2,759,383,382.4285714285713
2,760,381,381.6190476190475
2,761,381,380.95238095238085
2,762,380,380.04761904761887
2,763,380,379.4761904761904
2,764,378,378.5238095238094
2,765,378,377.8000000000002
2,766,377,377.0857142857142
2,767,377,376.89999999999986
2,768,376,376.2857142857141
2,769,376,375.8095238095237
2,770,375,375.19047619047603
2,771,375,374.71428571428567
2,772,374,374.2380952380951
2,773,374,374.04761904761904
2,774,374,373.8095238095239
2,775,374,374.04761904761904
2,776,374,374.42857142857133
2,777,375,374.6190476190476
2,778,375,374.5238095238095
2,779,374,374.4761904761905
2,780,374,374.28571428571416
2,781,375,374.6190476190475
2,782,375,375.0952380952379
2,783,376,375.85714285714266
2,784,376,376.52380952380935
2,785,378,377.47619047619037
2,786,378,378.0476190476188
2,787,379,378.9523809523809
2,788,379,379.61904761904754
2,789,381,380.42857142857144
2,790,381,380.71428571428555
2,791,381,381.2857142857141
2,792,381,381.5714285714284
2,793,383,382.1904761904762
2,794,383,383.33333333333314
2,795,384,384.42857142857133
2,796,386,385.33333333333326
2,797,386,386.42857142857133
2,798,387,386.8095238095236
2,799,387,386.5238095238093
2,800,386,386.4761904761903
2,801,386,386.38095238095224
2,802,387,386.57142857142856
2,803,387,386.95238095238085
2,804,387,387.0952380952379
2,805,387,387.09523809523796
2,806,387,386.95238095238085
2,807,387,386.6666666666665
2,808,386,386.33333333333314
2,809,386,386.14285714285705
2,810,386,385.85714285714283
2,811,386,385.6666666666666
2,812,385,385.42857142857144
2,813,385,384.9999999999999
2,814,385,384.6666666666666
2,815,384,384.2857142857142
2,816,384,383.8095238095237
2,817,383,383.1904761904759
2,818,383,382.80952380952357
2,819,382,382.1904761904761
2,820,382,381.80952380952374
2,821,381,381.190476190476
2,822,381,380.80952380952374
2,823,380,380.19047619047603
2,824,380,379.8095238095237
2,825,379,379.1904761904761
2,826,379,378.80952380952374
2,827,378,378.19047619047603
2,828,378,377.9047619047617
2,829,377,377.142857142857
2,830,377,376.38095238095224
2,831,375,375.57142857142844
2,832,375,375.19047619047615
2,833,375,374.7619047619047
2,834,375,374.6666666666665
2,835,374,374.3333333333332
2,836,374,374.04761904761904
2,837,374,373.8095238095239
2,838,374,374.04761904761904
2,839,374,374.1428571428571
2,840,375,374.7619047619047
2,841,375,375.61904761904754
2,842,377,376.4285714285714
2,843,377,376.71428571428567
2,844,377,377.2857142857143
2,845,377,377.57142857142827
2,846,379,378.38095238095224
2,847,379,379.14285714285694
2,848,380,379.9047619047617
2,849,380,380.19047619047603
2,850,381,380.80952380952374
2,851,381,381.09523809523813
2,852,382,381.8571428571427
2,853,382,382.61904761904754
2,854,384,383.4285714285713
2,855,384,383.9047619047618
2,856,384,384.09523809523785
2,857,384,384.04761904761875
2,858,384,384.2380952380951
2,859,385,384.7142857142856
2,860,385,385.190476190476
2,861,386,385.8095238095238
2,862,386,386.2857142857142
2,863,387,386.7619047619046
2,864,387,386.8571428571427
2,865,387,387.1428571428571
2,866,387,387.42857142857133
2,867,388,387.61904761904736
2,868,388,387.61904761904754
2,869,387,387.4285714285714
2,870,387,387.23809523809496
2,871,387,386.80952380952357
2,872,387,386.33333333333314
2,873,385,385.66666666666646
2,874,385,385.2857142857142
2,875,385,384.71428571428567
2,876,385,384.3333333333332
2,877,383,383.6666666666666
2,878,383,383.095238095238
2,879,383,383.095238095238
2,880,383,382.85714285714266
2,881,383,382.38095238095224
2,882,380,380.8095238095237
2,883,380,378.6190476190474
2,884,376,377.14285714285705
2,885,376,377.0476190476188
2,886,378,376.8571428571427
2,887,378,377.33333333333326
2,888,376,376.80952380952385
2,889,376,375.8571428571427
2,890,375,375.09523809523796
2,891,375,374.71428571428567
2,892,374,374.2380952380951
2,893,374,373.9523809523808
2,894,374,373.9523809523808
2,895,374,374.3333333333332
2,896,375,374.66666666666663
2,897,375,374.85714285714283
2,898,375,375.14285714285705
2,899,375,375.33333333333326
2,900,376,375.6666666666666
2,901,376,375.6666666666666
2,902,376,376.2380952380951
2,903,376,376.99999999999994
2,904,379,377.99999999999983
2,905,379,378.66666666666646
2,906,379,379.3809523809524
2,907,379,379.47619047619037
2,908,381,380.4285714285714
2,909,381,381.5714285714284
2,910,383,382.33333333333314
2,911,383,382.99999999999994
2,912,383,383.7619047619046
2,913,385,384.3809523809523
2,914,385,385.3333333333332
2,915,386,385.80952380952357
2,916,386,385.42857142857133
2,917,385,385.5238095238094
2,918,385,385.8095238095236
2,919,387,386.1904761904761
2,920,387,386.4761904761904
2,921,386,386.57142857142856
2,922,386,386.38095238095224
2,923,387,386.57142857142856
2,924,387,387.0476190476188
2,925,387,387.0476190476189
2,926,387,386.6666666666665
2,927,386,386.42857142857144
2,928,386,385.99999999999994
2,929,386,385.66666666666646
2,930,385,385.2857142857143
2,931,385,384.9047619047618
2,932,384,384.1428571428571
2,933,384,383.5714285714285
2,934,382,382.4761904761903
2,935,382,381.42857142857133
2,936,380,380.47619047619037
2,937,380,380.3809523809523
2,938,380,379.6666666666667
2,939,380,378.99999999999994
2,940,377,378.0
2,941,377,377.23809523809496
2,942,377,376.6666666666666
2,943,377,376.7619047619048
2,944,376,376.2857142857141
2,945,376,375.61904761904754
2,946,375,375.28571428571416
2,947,375,375.3809523809523
2,948,376,375.66666666666663
2,949,376,375.9047619047618
2,950,376,375.6666666666666
2,951,375,375.38095238095224
2,952,375,375.4761904761905
2,953,376,375.52380952380946
2,954,376,375.6190476190475
2,955,375,375.4285714285712
2,956,375,374.95238095238074
2,957,375,374.95238095238096
2,958,375,375.33333333333326
2,959,376,375.6666666666666
2,960,376,375.8571428571428
2,961,376,375.9523809523808
2,962,376,376.4285714285712
2,963,377,377.2380952380951
2,964,379,378.3333333333332
2,965,379,379.2380952380952
2,966,380,379.9047619047617
2,967,380,380.09523809523813
2,968,381,380.8571428571427
2,969,381,381.6190476190474
2,970,383,382.42857142857144
2,971,383,382.8095238095235
2,972,383,383.2380952380951
2,973,383,383.238095238095
2,974,384,383.7142857142856
2,975,384,384.1904761904761
2,976,385,384.80952380952374
2,977,385,385.190476190476
2,978,386,385.8095238095238
2,979,386,386.1904761904759
2,980,387,386.8095238095236
2,981,387,387.2857142857141
2,982,388,387.76190476190465
2,983,388,387.8571428571428
2,984,388,388.14285714285705
2,985,388,388.4285714285713
2,986,389,388.71428571428567
2,987,389,388.5714285714286
2,988,388,387.9999999999999
2,989,387,387.4285714285712
2,990,387,387.38095238095235
2,991,388,387.52380952380946
2,992,388,387.61904761904754
2,993,387,387.4285714285714
2,994,387,387.047619047619
2,995,387,386.9047619047617
2,996,387,387.1904761904761
2,997,387,386.90476190476176
2,998,387,386.4285714285714
2,999,385,385.6190476190475
2,1000,385,384.8571428571428
2,1001,384,384.0952380952381
2,1002,384,383.8095238095237
2,1003,383,383.1904761904759
2,1004,383,382.90476190476187
2,1005,382,382.14285714285694
2,1006,382,381.4761904761905
2,1007,380,380.52380952380946
2,1008,380,379.95238095238074
2,1009,379,379.047619047619
2,1010,379,378.4761904761905
2,1011,377,377.52380952380946
2,1012,377,376.76190476190465
2,1013,376,376.14285714285705
2,1014,376,376.0476190476189
2,1015,376,375.9047619047618
2,1016,376,375.9999999999999
2,1017,376,375.9047619047618
2,1018,376,376.0476190476189
2,1019,376,376.33333333333326
2,1020,377,376.6666666666667
2,1021,377,376.97142857142876
2,1022,377,377.14285714285705
2,1023,377,376.9999999999999
2,1024,378,377.7142857142856
2,1025,378,378.2857142857143
2,1026,379,378.76190476190465
2,1027,379,378.57142857142844
2,1028,379,379.28571428571416
2,1029,379,380.2380952380951
2,1030,383,381.52380952380935
2,1031,383,383.2380952380952
2,1032,384,384.8095238095236
2,1033,386,385.2380952380952
2,1034,386,385.4761904761903
2,1035,385,385.6190476190475
2,1036,385,385.8095238095236
2,1037,387,386.1904761904761
2,1038,387,386.4761904761904
2,1039,386,386.57142857142856
2,1040,386,386.28571428571416
2,1041,387,386.6190476190474
2,1042,387,387.190476190476
2,1043,388,387.8095238095238
2,1044,388,388.38095238095224
2,1045,389,388.71428571428555
2,1046,389,388.5238095238094
2,1047,388,388.4761904761903
2,1048,388,388.57142857142844
2,1049,389,388.5714285714286
2,1050,389,388.2380952380952
2,1051,387,387.5238095238095
2,1052,386,386.3809523809523
2,1053,386,385.7142857142858
2,1054,385,385.14285714285705
2,1055,385,384.38095238095224
2,1056,383,383.5714285714284
2,1057,383,383.095238095238
2,1058,383,382.8095238095236
2,1059,383,383.095238095238
2,1060,383,382.9523809523809
2,1061,383,382.66666666666646
2,1062,382,382.33333333333314
2,1063,382,382.142857142857
2,1064,382,381.8571428571428
2,1065,382,381.8571428571428
2,1066,381,381.23809523809507
2,1067,381,380.2857142857142
2,1068,379,379.61904761904754
2,1069,379,379.6190476190474
2,1070,380,379.3809523809524
2,1071,380,379.3809523809523
2,1072,378,378.7142857142855
2,1073,378,377.8571428571427
2,1074,377,377.0952380952379
2,1075,377,376.71428571428567
2,1076,376,376.2380952380951
2,1077,376,376.0476190476189
2,1078,376,375.9047619047618
2,1079,376,375.52380952380946
2,1080,376,376.2380952380952
2,1081,376,377.6666666666665
2,1082,381,379.33333333333326
2,1083,381,380.7619047619047
2,1084,381,381.6666666666664
2,1085,381,380.9047619047619
2,1086,381,380.14285714285694
2,1087,379,379.76190476190476
2,1088,379,379.8571428571427
2,1089,381,380.09523809523796
2,1090,381,380.2857142857141
2,1091,380,380.66666666666663
2,1092,380,380.9523809523809
2,1093,383,381.9523809523809
2,1094,383,382.90476190476187
2,1095,384,384.0952380952381
2,1096,384,385.04761904761904
2,1097,387,386.047619047619
2,1098,387,386.3333333333332
2,1099,386,386.7142857142855
2,1100,386,386.7142857142856
2,1101,388,387.2380952380951
2,1102,388,387.90476190476176
2,1103,388,388.190476190476
2,1104,388,388.0952380952379
2,1105,388,387.952380952381
2,1106,388,387.66666666666663
2,1107,387,387.23809523809507
2,1108,387,387.09523809523796
2,1109,387,387.23809523809507
2,1110,388,387.66666666666646
2,1111,388,388.04761904761875
2,1112,388,388.0476190476189
2,1113,388,387.8571428571427
2,1114,387,387.2380952380951
2,1115,387,386.2857142857142
2,1116,385,385.61904761904754
2,1117,385,385.80952380952374
2,1118,386,385.2857142857141
2,1119,386,384.52380952380946
2,1120,382,383.4761904761904
2,1121,382,382.9047619047618
2,1122,383,381.9047619047618
2,1123,383,381.7142857142856
2,1124,379,381.3809523809523
2,1125,381,380.3809523809521
2,1126,381,379.5238095238095
2,1127,378,379.1904761904761
2,1128,378,378.3333333333332
2,1129,378,377.6190476190475
2,1130,378,377.2380952380951
2,1131,376,376.71428571428567
2,1132,376,376.5238095238094
2,1133,377,376.42857142857116
2,1134,377,376.52380952380946
2,1135,376,376.4761904761903
2,1136,376,376.5714285714284
2,1137,377,376.4761904761904
2,1138,377,376.19047619047603
2,1139,375,375.8095238095237
2,1140,375,375.4285714285712
2,1141,376,375.4761904761903
2,1142,376,375.7619047619047
2,1143,376,376.19047619047615
2,1144,376,376.76190476190465
2,1145,378,376.9047619047618
2,1146,378,377.7619047619046
2,1147,377,379.047619047619
2,1148,381,379.6190476190476
2,1149,381,379.8571428571428
2,1150,379,380.142857142857
2,1151,379,379.6666666666665
2,1152,381,380.1904761904759
2,1153,381,381.047619047619
2,1154,382,381.9523809523808
2,1155,382,382.52380952380946
2,1156,384,383.4761904761904
2,1157,384,383.9523809523808
2,1158,385,384.9999999999999
2,1159,385,386.0476190476189
2,1160,388,387.0476190476189
2,1161,388,387.42857142857133
2,1162,387,387.5714285714283
2,1163,387,387.42857142857133
2,1164,388,387.90476190476176
2,1165,389,388.61904761904754
2,1166,389,389.0476190476189
2,1167,389,389.0952380952379
2,1168,389,388.99999999999983
2,1169,389,388.99999999999983
2,1170,389,389.0952380952381
2,1171,389,388.95238095238096
2,1172,389,388.7619047619047
2,1173,388,388.2857142857141
2,1174,388,387.8095238095236
2,1175,387,387.190476190476
2,1176,387,386.7142857142856
2,1177,386,386.2380952380951
2,1178,386,386.2380952380952
2,1179,386,385.80952380952357
2,1180,386,385.52380952380935
2,1181,384,384.5714285714285
2,1182,384,383.6190476190475
2,1183,382,382.3809523809523
2,1184,382,381.42857142857133
2,1185,380,380.5714285714284
2,1186,380,380.047619047619
2,1187,380,379.57142857142844
2,1188,379,379.28571428571405
2,1189,379,378.80952380952374
2,1190,378,378.19047619047603
2,1191,378,377.8095238095236
2,1192,377,377.190476190476
2,1193,377,376.71428571428567
2,1194,376,376.2380952380951
2,1195,376,376.0476190476189
2,1196,376,375.9047619047618
2,1197,376,376.0952380952381
2,1198,376,375.95238095238085
2,1199,376,375.57142857142844
2,1200,375,375.38095238095224
2,1201,375,375.2857142857141
2,1202,376,375.6190476190475
2,1203,376,376.2857142857143
2,1204,377,376.66666666666663
2,1205,377,376.99999999999994
2,1206,377,377.2380952380952
2,1207,378,377.76190476190465
2,1208,378,378.6190476190476
2,1209,380,379.4285714285714
2,1210,380,379.7142857142857
2,1211,380,380.28571428571416
2,1212,380,380.5714285714283
2,1213,382,381.3809523809523
2,1214,382,382.14285714285705
2,1215,383,382.90476190476187
2,1216,383,383.19047619047603
2,1217,384,383.8095238095235
2,1218,384,384.1904761904761
2,1219,385,384.80952380952374
2,1220,385,385.2857142857142
2,1221,386,385.76190476190476
2,1222,386,385.76190476190476
2,1223,386,386.190476190476
2,1224,386,386.6666666666667
2,1225,388,387.33333333333326
2,1226,388,387.90476190476176
2,1227,388,388.190476190476
2,1228,388,387.9999999999999
2,1229,388,387.9999999999999
2,1230,388,387.9999999999999
2,1231,388,387.9999999999999
2,1232,388,387.9999999999999
2,1233,388,387.9999999999999
2,1234,388,387.9999999999999
2,1235,388,388.2857142857141
2,1236,388,387.8571428571427
2,1237,388,386.9999999999998
2,1238,385,385.99999999999994
2,1239,385,385.33333333333337
2,1240,385,384.61904761904754
2,1241,385,384.3333333333332
2,1242,383,384.04761904761887
2,1243,383,382.90476190476176
2,1244,383,381.38095238095235
2,1245,379,380.38095238095224
2,1246,379,379.4285714285713
2,1247,380,379.33333333333326
2,1248,380,380.4761904761904
2,1249,381,380.6666666666666
2,1250,381,380.38095238095224
2,1251,379,379.71428571428555
2,1252,379,378.7619047619046
2,1253,378,378.14285714285717
2,1254,378,378.142857142857
2,1255,378,377.8571428571427
2,1256,378,377.6666666666665
2,1257,377,377.33333333333326
2,1258,377,377.047619047619
2,1259,377,376.9047619047618
2,1260,377,376.9999999999999
2,1261,377,376.9999999999999
2,1262,377,376.90476190476187
2,1263,377,377.04761904761915
2,1264,377,377.33333333333326
2,1265,378,377.6666666666665
2,1266,378,377.7619047619047
2,1267,378,378.0952380952381
2,1268,378,378.71428571428555
2,1269,380,379.5714285714283
2,1270,381,380.6190476190475
2,1271,381,381.38095238095235
2,1272,382,381.8095238095237
2,1273,382,382.09523809523796
2,1274,383,382.85714285714283
2,1275,383,383.7142857142855
2,1276,385,384.3809523809523
2,1277,385,384.6857142857143
2,1278,384,384.65714285714273
2,1279,384,383.9
2,1280,386,382.9999999999999
2,1281,386,385.3809523809523
2,1282,386,386.95238095238096
2,1283,386,387.23809523809507
2,1284,388,387.0476190476189
2,1285,388,386.0952380952379
2,1286,382,384.095238095238
2,1287,382,381.6190476190475
2,1288,380,380.09523809523796
2,1289,380,380.0952380952379
2,1290,380,379.04761904761904
2,1291,380,380.4761904761903
2,1292,380,382.6190476190474
2,1293,388,384.9047619047617
2,1294,387,386.9999999999999
2,1295,387,388.3333333333333
2,1296,388,387.47619047619037
2,1297,388,387.4761904761903
2,1298,386,386.6666666666665
2,1299,386,385.5238095238094
2,1300,384,384.4285714285713
2,1301,384,383.8571428571428
2,1302,383,383.095238095238
2,1303,383,382.90476190476187
2,1304,382,382.14285714285694
2,1305,382,381.28571428571416
2,1306,380,380.6190476190474
2,1307,380,380.6190476190474
2,1308,381,380.3809523809523
2,1309,381,380.38095238095224
2,1310,379,379.71428571428555
2,1311,379,378.8571428571428
2,1312,378,378.09523809523785
2,1313,378,377.7142857142856
2,1314,377,377.2380952380952
2,1315,377,377.1428571428571
2,1316,377,376.8571428571427
2,1317,377,376.66666666666663
2,1318,376,376.2380952380951
2,1319,376,376.09523809523796
2,1320,376,376.3333333333333
2,1321,377,376.6190476190475
2,1322,377,376.52380952380946
2,1323,376,376.4761904761903
2,1324,376,376.4761904761904
2,1325,377,376.5238095238094
2,1326,377,376.4285714285713
2,1327,376,376.52380952380946
2,1328,376,376.7142857142856
2,1329,378,377.2380952380952
2,1330,378,377.6190476190474
2,1331,378,378.3333333333332
2,1332,378,379.09523809523796
2,1333,381,379.95238095238074
2,1334,381,380.04761904761887
2,1335,380,380.8571428571428
2,1336,380,382.00000000000006
2,1337,385,382.7142857142856
2,1338,385,383.95238095238085
2,1339,382,384.90476190476176
2,1340,386,384.7619047619046
2,1341,386,384.9047619047618
2,1342,385,385.8571428571427
2,1343,385,386.0476190476189
2,1344,388,386.90476190476176
2,1345,388,387.7619047619046
2,1346,388,388.33333333333314
2,1347,388,388.33333333333314
2,1348,389,388.6666666666666
2,1349,389,388.9523809523808
2,1350,389,389.0952380952379
2,1351,389,389.0952380952381
2,1352,389,388.95238095238096
2,1353,389,388.7619047619047
2,1354,388,388.2857142857141
2,1355,388,387.71428571428567
2,1356,387,387.23809523809507
2,1357,387,387.047619047619
2,1358,387,386.9047619047617
2,1359,387,387.1904761904761
2,1360,387,386.80952380952374
2,1361,387,386.3809523809523
2,1362,385,386.28571428571416
2,1363,386,385.61904761904736
2,1364,386,384.6666666666665
2,1365,383,384.142857142857
2,1366,383,383.76190476190465
2,1367,384,383.2380952380952
2,1368,384,382.95238095238085
2,1369,381,382.09523809523796
2,1370,381,381.4285714285714
2,1371,381,380.5714285714286
2,1372,381,380.09523809523796
2,1373,378,378.95238095238096
2,1374,378,377.80952380952374
2,1375,377,377.0476190476189
2,1376,377,377.1428571428571
2,1377,377,376.8571428571427
2,1378,377,376.66666666666663
2,1379,376,376.3333333333333
2,1380,376,376.0476190476189
2,1381,376,375.9047619047618
2,1382,376,375.8095238095237
2,1383,376,376.0952380952381
2,1384,376,376.57142857142844
2,1385,378,377.38095238095224
2,1386,378,378.23809523809507
2,1387,379,378.85714285714266
2,1388,379,378.95238095238085
2,1389,379,378.9047619047618
2,1390,379,379.09523809523796
2,1391,379,379.6666666666666
2,1392,381,380.3333333333332
2,1393,381,380.8095238095237
2,1394,381,381.2380952380952
2,1395,381,381.23809523809507
2,1396,382,381.7142857142856
2,1397,382,382.1904761904761
2,1398,383,382.80952380952374
2,1399,383,383.0952380952381
2,1400,384,383.85714285714266
2,1401,384,384.52380952380946
2,1402,386,385.4761904761904
2,1403,386,386.14285714285705
2,1404,387,386.90476190476176
2,1405,387,387.2857142857141
2,1406,388,387.76190476190465
2,1407,388,387.95238095238085
2,1408,388,388.09523809523785
2,1409,388,387.9999999999999
2,1410,388,387.9999999999999
2,1411,388,387.9999999999999
2,1412,388,388.0952380952379
2,1413,388,387.952380952381
2,1414,388,387.66666666666663
2,1415,387,387.3333333333332
2,1416,387,387.23809523809496
2,1417,387,386.80952380952357
2,1418,387,386.33333333333314
2,1419,385,385.66666666666646
2,1420,385,385.3809523809523
2,1421,385,384.6666666666665
2,1422,385,383.9999999999999
2,1423,382,382.99999999999994
2,1424,382,382.3333333333333
2,1425,382,381.7142857142856
2,1426,382,381.2857142857141
2,1427,380,380.4285714285714
2,1428,379,379.38095238095224
2,1429,379,378.6190476190474
2,1430,378,378.19047619047603
2,1431,378,377.7142857142856
2,1432,377,377.2380952380952
2,1433,377,377.047619047619
2,1434,377,376.9047619047618
2,1435,377,376.9999999999999
2,1436,377,376.9999999999999
2,1437,377,377.0952380952381
2,1438,377,376.952380952381
2,1439,377,376.66666666666663
2,1440,376,376.3333333333333
2,1441,376,375.95238095238085
2,1442,376,375.95238095238085
2,1443,376,376.2380952380951
2,1444,377,376.71428571428555
2,1445,377,377.2857142857142
2,1446,378,377.4761904761904
2,1447,378,378.0952380952379
2,1448,378,378.90476190476187
2,1449,381,380.095238095238
2,1450,381,381.33333333333326
2,1451,383,382.7142857142856
2,1452,383,383.4761904761904
2,1453,385,384.57142857142844
2,1454,385,385.14285714285705
2,1455,386,385.9047619047618
2,1456,386,386.2857142857142
2,1457,387,386.7619047619046
2,1458,387,387.0476190476188
2,1459,387,387.0476190476189
2,1460,387,386.57142857142856
2,1461,386,386.3809523809523
2,1462,386,386.38095238095224
2,1463,387,386.4761904761903
2,1464,387,386.9999999999998
2,1465,387,387.5238095238093
2,1466,388,387.61904761904736
2,1467,388,387.7142857142855
2,1468,387,387.38095238095224
2,1469,387,386.9999999999998
2,1470,386,386.0952380952382
2,1471,386,384.85714285714266
2,1472,383,383.99999999999983
2,1473,383,383.99999999999994
2,1474,385,383.9523809523809
2,1475,385,384.33333333333326
2,1476,383,383.8095238095237
2,1477,383,382.85714285714266
2,1478,382,382.0952380952379
2,1479,382,381.80952380952374
2,1480,381,381.190476190476
2,1481,381,380.9047619047618
2,1482,380,380.14285714285705
2,1483,380,379.3809523809523
2,1484,378,378.57142857142844
2,1485,378,378.2857142857141
2,1486,378,377.7142857142856
2,1487,378,377.4285714285712
2,1488,376,376.6190476190475
2,1489,376,374.99999999999994
2,1490,375,375.52380952380946
2,1491,375,377.7142857142856
2,1492,383,380.2380952380952
2,1493,383,382.6190476190475
2,1494,383,384.5238095238094
2,1495,383,382.61904761904765
2,1496,383,380.33333333333326
2,1497,375,377.6666666666665
2,1498,375,375.0952380952379
2,1499,375,374.38095238095224
2,1500,375,375.90476190476187
2,1501,378,377.0476190476189
2,1502,378,377.9999999999999
2,1503,379,379.047619047619
2,1504,379,379.4285714285713
2,1505,381,380.52380952380935
2,1506,381,381.5714285714284
2,1507,383,382.52380952380935
2,1508,383,382.8095238095235
2,1509,383,383.2380952380951
2,1510,383,383.238095238095
2,1511,384,383.7142857142856
2,1512,384,384.2857142857141
2,1513,385,384.76190476190476
2,1514,385,384.8571428571428
2,1515,385,385.0476190476189
2,1516,385,385.3809523809524
2,1517,386,385.99999999999994
2,1518,387,386.6190476190475
2,1519,387,386.9523809523808
2,1520,387,387.1428571428571
2,1521,387,387.42857142857133
2,1522,388,387.61904761904736
2,1523,388,387.61904761904754
2,1524,387,387.4285714285714
2,1525,387,387.14285714285705
2,1526,387,386.8571428571428
2,1527,387,386.6666666666665
2,1528,386,386.33333333333314
2,1529,386,386.04761904761904
2,1530,386,385.90476190476164
2,1531,386,386.28571428571416
2,1532,386,385.57142857142844
2,1533,386,385.2285714285715
2,1534,383,384.88571428571413
2,1535,386,385.54999999999995
2,1536,386,381.76190476190476
2,1537,382,382.8571428571427
2,1538,382,382.8095238095237
2,1539,381,380.90476190476187
2,1540,381,380.71428571428555
2,1541,380,380.2380952380952
2,1542,380,380.2380952380951
2,1543,380,379.8095238095237
2,1544,380,379.4285714285712
2,1545,378,378.6190476190475
2,1546,378,377.8571428571427
2,1547,377,377.0952380952379
2,1548,377,376.8095238095236
2,1549,376,376.1904761904761
2,1550,376,375.71428571428555
2,1551,375,375.2380952380953
2,1552,375,375.0476190476189
2,1553,375,374.9047619047617
2,1554,375,374.99999999999983
2,1555,375,374.99999999999983
2,1556,375,374.99999999999983
2,1557,375,375.0952380952379
2,1558,375,374.95238095238085
2,1559,375,374.7619047619046
2,1560,374,374.2857142857143
2,1561,374,373.61904761904754
2,1562,373,373.2857142857144
2,1563,373,373.3809523809523
2,1564,374,373.5714285714285
2,1565,374,373.9523809523808
2,1566,374,374.09523809523813
2,1567,374,373.99999999999994
2,1568,374,373.99999999999994
2,1569,374,373.99999999999994
2,1570,374,373.99999999999994
2,1571,374,373.80952380952357
2,1572,374,374.095238095238
2,1573,374,374.6666666666665
2,1574,376,375.33333333333326
2,1575,376,375.80952380952374
2,1576,376,376.2380952380953
2,1577,376,376.33333333333326
2,1578,377,376.5714285714285
2,1579,377,376.99999999999994
2,1580,377,377.5238095238093
2,1581,378,377.6190476190474
2,1582,378,377.52380952380946
2,1583,377,377.47619047619014
2,1584,377,377.4761904761904
2,1585,378,377.5238095238093
2,1586,378,377.6190476190475
2,1587,377,377.51428571428585
2,1588,377,377.0285714285713
2,1589,377,377.05
3,0,379,381.4285714285713
3,1,379,379.33333333333326
3,2,379,377.8571428571427
3,3,379,379.2380952380951
3,4,379,380.5714285714284
3,5,384,382.3809523809523
3,6,384,383.9999999999999
3,7,385,385.19047619047603
3,8,385,385.38095238095235
3,9,386,385.71428571428555
3,10,386,385.61904761904754
3,11,385,385.42857142857133
3,12,385,385.0476190476189
3,13,385,384.9047619047618
3,14,385,384.9999999999999
3,15,385,384.9999999999999
3,16,385,384.9999999999999
3,17,385,384.9047619047618
3,18,385,385.0476190476188
3,19,385,385.42857142857133
3,20,386,385.6190476190474
3,21,386,385.61904761904754
3,22,385,385.42857142857133
3,23,385,385.0476190476189
3,24,385,384.9047619047618
3,25,385,385.190476190476
3,26,385,384.90476190476164
3,27,385,384.3333333333332
3,28,383,383.6666666666666
3,29,383,383.19047619047603
3,30,383,382.7619047619046
3,31,383,382.76190476190465
3,32,382,382.4761904761903
3,33,382,381.61904761904754
3,34,381,380.47619047619025
3,35,379,379.7619047619047
3,36,379,379.3333333333332
3,37,380,379.47619047619025
3,38,380,380.4285714285713
3,39,380,379.8571428571427
3,40,380,378.33333333333314
3,41,375,376.6666666666665
3,42,375,375.3333333333332
3,43,375,374.4761904761904
3,44,375,374.6666666666665
3,45,374,374.3333333333332
3,46,374,374.04761904761904
3,47,374,373.8095238095239
3,48,374,374.04761904761904
3,49,374,374.3333333333332
3,50,375,374.66666666666663
3,51,375,374.9523809523808
3,52,375,375.09523809523796
3,53,375,374.90476190476187
3,54,375,375.047619047619
3,55,375,375.33333333333326
3,56,376,375.6666666666666
3,57,376,375.7619047619047
3,58,376,376.19047619047615
3,59,376,376.8571428571427
3,60,378,377.23809523809496
3,61,378,377.14285714285705
3,62,376,376.9047619047618
3,63,376,376.42857142857133
3,64,377,376.4761904761904
3,65,377,376.76190476190476
3,66,377,377.1904761904761
3,67,377,377.57142857142827
3,68,379,378.0952380952379
3,69,379,379.3809523809523
3,70,380,380.95238095238096
3,71,383,381.90476190476176
3,72,383,382.2380952380952
3,73,382,382.8095238095237
3,74,382,383.38095238095224
3,75,386,384.5714285714285
3,76,386,385.80952380952357
3,77,386,386.3809523809522
3,78,386,385.90476190476187
3,79,386,386.0476190476189
3,80,386,386.4285714285712
3,81,387,386.6190476190476
3,82,387,386.6190476190475
3,83,386,386.4285714285714
3,84,386,386.14285714285705
3,85,386,385.85714285714283
3,86,386,385.6666666666666
3,87,385,385.42857142857144
3,88,385,384.9999999999999
3,89,385,384.5714285714284
3,90,384,384.3333333333332
3,91,384,384.23809523809507
3,92,384,383.8095238095237
3,93,384,383.3333333333332
3,94,382,382.66666666666663
3,95,382,382.2857142857142
3,96,382,381.7142857142856
3,97,382,381.33333333333326
3,98,380,380.6666666666667
3,99,380,380.3809523809523
3,100,380,379.6666666666667
3,101,380,378.90476190476176
3,102,377,378.047619047619
3,103,377,377.5714285714285
3,104,378,377.33333333333326
3,105,378,377.04761904761904
3,106,377,377.7142857142856
3,107,377,379.047619047619
3,108,383,380.90476190476176
3,109,383,382.71428571428555
3,110,383,384.33333333333326
3,111,383,382.61904761904765
3,112,383,380.33333333333326
3,113,375,377.6666666666665
3,114,375,375.38095238095224
3,115,375,374.2380952380952
3,116,375,374.7142857142856
3,117,375,375.1428571428571
3,118,375,375.90476190476187
3,119,378,377.0476190476189
3,120,378,377.8095238095237
3,121,379,379.14285714285705
3,122,379,380.38095238095224
3,123,383,381.7142857142856
3,124,383,382.285714285714
3,125,382,382.90476190476187
3,126,382,382.66666666666663
3,127,384,382.71428571428555
3,128,383,383.3333333333332
3,129,383,383.9047619047617
3,130,385,384.2380952380952
3,131,385,384.9047619047618
3,132,385,385.19047619047615
3,133,385,384.9047619047618
3,134,385,385.0476190476188
3,135,385,385.2380952380951
3,136,386,385.7142857142857
3,137,386,386.2857142857142
3,138,387,386.7619047619046
3,139,387,386.95238095238085
3,140,387,387.0952380952379
3,141,387,387.09523809523796
3,142,387,386.95238095238085
3,143,387,386.76190476190476
3,144,386,386.1904761904761
3,145,386,385.76190476190465
3,146,385,385.76190476190465
3,147,386,385.61904761904754
3,148,386,385.190476190476
3,149,384,384.7619047619046
3,150,384,384.3809523809523
3,151,384,383.6666666666665
3,152,384,382.9047619047618
3,153,381,382.047619047619
3,154,381,381.8571428571428
3,155,382,381.1904761904761
3,156,382,380.61904761904754
3,157,378,379.4285714285714
3,158,378,378.38095238095224
3,159,378,377.52380952380946
3,160,378,377.4285714285712
3,161,376,376.6190476190475
3,162,376,375.8571428571427
3,163,375,375.09523809523796
3,164,375,374.71428571428567
3,165,374,374.2380952380951
3,166,374,374.04761904761904
3,167,374,373.8095238095239
3,168,374,374.04761904761904
3,169,374,374.3333333333332
3,170,375,374.66666666666663
3,171,375,374.7619047619047
3,172,375,375.190476190476
3,173,375,375.6666666666665
3,174,377,376.3333333333332
3,175,377,376.90476190476176
3,176,377,377.190476190476
3,177,377,376.8095238095238
3,178,377,377.0952380952379
3,179,377,377.38095238095235
3,180,379,378.47619047619037
3,181,379,379.90476190476176
3,182,382,381.190476190476
3,183,382,381.76190476190465
3,184,382,382.3333333333333
3,185,382,382.23809523809507
3,186,383,382.71428571428555
3,187,383,383.2857142857141
3,188,384,383.6666666666665
3,189,384,383.9999999999998
3,190,384,384.33333333333326
3,191,385,384.7142857142856
3,192,385,385.190476190476
3,193,386,385.8095238095238
3,194,386,386.2857142857142
3,195,387,386.7619047619046
3,196,387,387.0476190476188
3,197,387,387.0476190476189
3,198,387,386.6666666666665
3,199,386,386.33333333333314
3,200,386,386.14285714285705
3,201,386,385.85714285714283
3,202,386,385.76190476190476
3,203,385,385.2857142857143
3,204,385,384.80952380952374
3,205,384,384.1904761904761
3,206,384,383.9999999999998
3,207,383,383.09523809523796
3,208,383,382.04761904761887
3,209,380,381.09523809523796
3,210,380,380.047619047619
3,211,380,378.95238095238085
3,212,378,378.7142857142856
3,213,378,378.71428571428555
3,214,379,378.33333333333326
3,215,379,377.95238095238096
3,216,376,377.095238095238
3,217,376,376.2380952380951
3,218,376,375.6666666666666
3,219,376,375.6666666666665
3,220,375,375.3333333333332
3,221,375,375.23809523809507
3,222,375,374.8095238095237
3,223,375,374.3333333333332
3,224,373,373.66666666666646
3,225,373,373.00000000000006
3,226,373,372.8571428571427
3,227,373,373.23809523809507
3,228,374,373.71428571428555
3,229,374,374.1904761904761
3,230,375,374.61904761904754
3,231,375,375.38095238095224
3,232,376,376.3333333333333
3,233,378,377.3333333333333
3,234,378,378.2380952380951
3,235,379,378.90476190476187
3,236,379,379.09523809523796
3,237,380,379.8571428571428
3,238,380,380.52380952380946
3,239,382,381.47619047619037
3,240,382,382.14285714285705
3,241,383,382.90476190476187
3,242,383,383.19047619047603
3,243,384,383.8095238095235
3,244,384,384.1904761904761
3,245,385,384.80952380952374
3,246,385,385.2857142857142
3,247,386,385.76190476190476
3,248,386,385.95238095238085
3,249,386,386.095238095238
3,250,386,385.90476190476187
3,251,386,386.0476190476189
3,252,386,386.33333333333314
3,253,387,386.62857142857155
3,254,387,386.9714285714284
3,255,387,386.94999999999993
3,256,387,386.7619047619046
3,257,387,387.0476190476188
3,258,387,387.0476190476189
3,259,387,386.76190476190476
3,260,386,386.28571428571416
3,261,386,385.9047619047617
3,262,385,385.14285714285705
3,263,385,384.47619047619025
3,264,383,383.5238095238094
3,265,383,382.95238095238074
3,266,382,382.04761904761887
3,267,382,381.3809523809523
3,268,380,380.57142857142844
3,269,380,380.285714285714
3,270,380,379.7142857142856
3,271,380,379.52380952380946
3,272,378,378.57142857142844
3,273,378,377.3333333333332
3,274,376,376.5238095238095
3,275,376,376.61904761904754
3,276,377,376.4761904761904
3,277,377,376.2380952380951
3,278,375,375.33333333333326
3,279,374,374.4761904761903
3,280,374,374.28571428571416
3,281,375,374.5238095238094
3,282,375,374.5238095238095
3,283,374,374.4761904761905
3,284,374,374.38095238095224
3,285,375,374.5714285714285
3,286,375,374.9523809523808
3,287,375,375.09523809523796
3,288,375,374.90476190476187
3,289,375,375.047619047619
3,290,375,375.2380952380951
3,291,376,375.7142857142855
3,292,376,376.1904761904761
3,293,377,376.80952380952374
3,294,377,377.1904761904759
3,295,378,377.8095238095237
3,296,378,378.09523809523796
3,297,379,378.7619047619046
3,298,379,379.6666666666666
3,299,381,380.66666666666663
3,300,382,381.6190476190475
3,301,382,382.28571428571433
3,302,383,382.85714285714283
3,303,383,383.6190476190474
3,304,385,384.4285714285714
3,305,385,384.7142857142857
3,306,385,385.28571428571416
3,307,385,385.66666666666646
3,308,387,386.3333333333332
3,309,387,386.90476190476176
3,310,387,388.2380952380951
3,311,387,386.4761904761905
3,312,387,383.33333333333326
3,313,376,379.4761904761903
3,314,376,376.6190476190475
3,315,376,374.7619047619047
3,316,378,377.7619047619047
3,317,378,381.0952380952379
3,318,387,384.09523809523785
3,319,387,386.0952380952381
3,320,385,386.42857142857133
3,321,385,384.7142857142856
3,322,383,383.3333333333332
3,323,383,382.095238095238
3,324,380,380.8095238095237
3,325,380,380.4285714285712
3,326,380,379.47619047619037
3,327,380,379.047619047619
3,328,377,378.5238095238094
3,329,378,377.7142857142856
3,330,378,376.8095238095237
3,331,376,376.85714285714283
3,332,376,376.85714285714266
3,333,378,377.0952380952379
3,334,378,377.6666666666666
3,335,377,377.47619047619037
3,336,377,376.71428571428567
3,337,376,376.2380952380951
3,338,376,376.14285714285705
3,339,376,375.8571428571427
3,340,376,375.7619047619048
3,341,375,375.2857142857142
3,342,375,374.61904761904754
3,343,374,374.2857142857143
3,344,374,374.38095238095224
3,345,375,374.5714285714285
3,346,375,374.9523809523808
3,347,375,374.8095238095237
3,348,375,375.1428571428571
3,349,375,375.99999999999994
3,350,378,376.9999999999999
3,351,378,377.57142857142844
3,352,378,378.42857142857133
3,353,378,379.09523809523796
3,354,381,379.95238095238074
3,355,381,380.1428571428571
3,356,380,380.8095238095237
3,357,380,381.5714285714285
3,358,384,382.47619047619054
3,359,384,382.76190476190453
3,360,382,383.2380952380951
3,361,382,383.5238095238095
3,362,386,384.4285714285713
3,363,386,385.2857142857143
3,364,385,385.80952380952374
3,365,385,385.7142857142856
3,366,387,386.23809523809507
3,367,387,386.90476190476176
3,368,387,387.190476190476
3,369,387,386.9999999999999
3,370,387,386.9999999999999
3,371,387,386.9999999999999
3,372,387,387.09523809523796
3,373,387,386.95238095238085
3,374,387,386.57142857142856
3,375,386,386.3809523809523
3,376,386,386.57142857142856
3,377,387,386.4761904761903
3,378,387,386.285714285714
3,379,385,385.7619047619046
3,380,385,385.2857142857142
3,381,385,384.71428571428567
3,382,385,384.2380952380952
3,383,383,383.7142857142856
3,384,383,383.8095238095237
3,385,384,383.2857142857141
3,386,384,382.7142857142856
3,387,380,381.3809523809523
3,388,380,380.04761904761887
3,389,379,378.8571428571427
3,390,379,378.3809523809524
3,391,377,377.57142857142844
3,392,377,377.38095238095224
3,393,377,376.5714285714285
3,394,377,376.047619047619
3,395,374,375.52380952380946
3,396,375,374.71428571428567
3,397,375,373.90476190476187
3,398,373,373.80952380952374
3,399,373,373.33333333333337
3,400,374,373.5238095238094
3,401,374,374.3809523809522
3,402,375,374.7142857142856
3,403,375,374.4285714285712
3,404,374,374.5238095238096
3,405,374,374.52380952380946
3,406,376,375.3333333333332
3,407,376,376.5714285714283
3,408,378,377.52380952380946
3,409,378,377.8095238095237
3,410,378,378.14285714285705
3,411,378,378.3809523809521
3,412,379,378.99999999999983
3,413,380,379.61904761904754
3,414,380,379.95238095238096
3,415,380,380.14285714285705
3,416,380,380.33333333333326
3,417,381,380.6666666666666
3,418,381,380.95238095238096
3,419,381,381.09523809523796
3,420,381,380.8095238095237
3,421,381,381.09523809523796
3,422,381,381.6666666666666
3,423,383,382.33333333333314
3,424,383,382.7142857142856
3,425,383,383.28571428571416
3,426,383,383.6666666666665
3,427,385,384.3333333333333
3,428,385,384.9047619047618
3,429,385,385.19047619047615
3,430,385,384.9999999999999
3,431,385,384.9999999999999
3,432,385,384.9999999999999
3,433,385,384.9999999999999
3,434,385,384.9999999999999
3,435,385,384.9999999999999
3,436,385,384.9999999999999
3,437,385,384.9999999999999
3,438,385,384.9999999999999
3,439,385,384.9999999999999
3,440,385,384.9999999999999
3,441,385,385.0952380952379
3,442,385,384.9523809523808
3,443,385,384.6666666666665
3,444,384,384.3333333333332
3,445,384,384.142857142857
3,446,384,383.85714285714266
3,447,384,383.8571428571427
3,448,383,383.23809523809507
3,449,383,382.47619047619025
3,450,381,381.5238095238095
3,451,381,380.8571428571428
3,452,380,380.09523809523813
3,453,380,379.9047619047617
3,454,379,379.14285714285705
3,455,379,378.4761904761905
3,456,377,377.52380952380946
3,457,377,376.76190476190465
3,458,376,376.3333333333333
3,459,376,375.9523809523808
3,460,376,375.2380952380951
3,461,374,374.6666666666666
3,462,374,374.095238095238
3,463,374,373.80952380952374
3,464,374,373.99999999999994
3,465,374,373.99999999999994
3,466,374,373.9047619047618
3,467,374,374.04761904761904
3,468,374,374.23809523809507
3,469,375,374.7142857142855
3,470,375,375.190476190476
3,471,376,375.8095238095238
3,472,376,376.1904761904761
3,473,377,376.80952380952374
3,474,377,377.095238095238
3,475,378,377.8571428571428
3,476,378,378.6190476190476
3,477,380,379.23809523809507
3,478,380,379.9999999999998
3,479,380,380.85714285714266
3,480,382,381.3333333333332
3,481,382,381.80952380952374
3,482,382,382.23809523809524
3,483,382,382.14285714285694
3,484,383,382.76190476190465
3,485,383,383.5238095238094
3,486,385,384.47619047619037
3,487,385,385.2380952380951
3,488,386,385.8571428571428
3,489,386,385.8571428571427
3,490,386,386.14285714285717
3,491,386,386.33333333333314
3,492,387,386.6666666666665
3,493,387,386.95238095238085
3,494,387,387.0952380952379
3,495,387,387.09523809523796
3,496,387,386.95238095238085
3,497,387,386.6666666666665
3,498,386,386.33333333333314
3,499,386,386.04761904761904
3,500,386,385.99999999999994
3,501,386,385.9523809523808
3,502,386,385.76190476190476
3,503,385,385.2857142857143
3,504,385,384.7142857142856
3,505,384,384.23809523809507
3,506,384,384.23809523809507
3,507,384,383.8095238095237
3,508,384,383.5238095238094
3,509,382,382.74285714285736
3,510,382,381.54285714285703
3,511,380,380.20000000000005
3,512,380,381.095238095238
3,513,377,378.2857142857141
3,514,377,376.5714285714285
3,515,377,376.2380952380952
3,516,377,377.238095238095
3,517,377,378.6666666666666
3,518,382,380.3333333333333
3,519,382,381.7619047619047
3,520,382,383.23809523809507
3,521,382,381.6190476190474
3,522,382,379.3333333333333
3,523,374,376.57142857142856
3,524,374,374.4285714285713
3,525,374,373.2857142857141
3,526,375,374.80952380952374
3,527,375,375.8571428571427
3,528,378,377.14285714285705
3,529,378,377.9999999999999
3,530,379,379.047619047619
3,531,379,379.4285714285713
3,532,381,380.52380952380935
3,533,381,381.2857142857141
3,534,383,382.6666666666665
3,535,383,383.8095238095237
3,536,386,385.23809523809496
3,537,386,386.190476190476
3,538,387,386.95238095238074
3,539,387,386.95238095238085
3,540,387,387.0952380952379
3,541,387,387.1904761904761
3,542,387,386.61904761904754
3,543,387,386.4761904761905
3,544,385,386.7619047619046
3,545,388,387.0476190476188
3,546,388,387.23809523809507
3,547,387,387.66666666666663
3,548,387,387.38095238095235
3,549,388,387.5714285714284
3,550,388,387.95238095238085
3,551,388,388.09523809523785
3,552,388,388.0952380952379
3,553,388,387.952380952381
3,554,388,387.66666666666663
3,555,387,387.3333333333332
3,556,387,387.14285714285705
3,557,387,386.9523809523808
3,558,387,386.6190476190476
3,559,386,386.095238095238
3,560,385,385.3333333333332
3,561,385,384.61904761904754
3,562,384,384.23809523809507
3,563,384,384.142857142857
3,564,384,383.85714285714266
3,565,384,383.57142857142844
3,566,383,383.3809523809522
3,567,383,383.4761904761903
3,568,384,383.52380952380935
3,569,384,383.8095238095237
3,570,383,383.3333333333333
3,571,383,382.47619047619025
3,572,381,381.5238095238095
3,573,381,380.95238095238085
3,574,380,380.04761904761887
3,575,380,379.3809523809523
3,576,378,378.57142857142844
3,577,378,378.2857142857141
3,578,378,377.7142857142856
3,579,378,377.33333333333326
3,580,376,376.6666666666666
3,581,376,376.19047619047615
3,582,376,375.76190476190476
3,583,376,375.6666666666665
3,584,375,375.3333333333332
3,585,375,375.0476190476189
3,586,375,374.8095238095238
3,587,375,375.047619047619
3,588,375,375.2380952380951
3,589,376,375.7142857142855
3,590,376,376.3809523809524
3,591,377,376.71428571428567
3,592,377,376.238095238095
3,593,376,376.61904761904736
3,594,376,377.3809523809523
3,595,380,378.57142857142844
3,596,380,379.5238095238094
3,597,380,380.5238095238095
3,598,380,380.9999999999999
3,599,383,381.7142857142856
3,600,383,382.9999999999999
3,601,383,384.3809523809523
3,602,386,384.9523809523808
3,603,386,385.3333333333333
3,604,385,385.7142857142855
3,605,385,385.7142857142856
3,606,387,386.23809523809507
3,607,387,386.8095238095237
3,608,387,387.23809523809524
3,609,387,387.3333333333332
3,610,388,387.66666666666646
3,611,388,387.8571428571428
3,612,388,388.14285714285705
3,613,388,388.33333333333314
3,614,389,388.6666666666666
3,615,389,388.9523809523808
3,616,389,389.0952380952379
3,617,389,389.0952380952381
3,618,389,388.95238095238096
3,619,389,388.85714285714266
3,620,388,388.238095238095
3,621,388,387.2857142857143
3,622,386,386.6190476190476
3,623,386,386.61904761904754
3,624,387,386.38095238095235
3,625,387,386.285714285714
3,626,385,385.8571428571427
3,627,385,385.04761904761904
3,628,385,384.57142857142844
3,629,384,384.2857142857142
3,630,384,383.9999999999998
3,631,383,383.09523809523796
3,632,383,382.23809523809524
3,633,380,380.8095238095237
3,634,380,379.5714285714283
3,635,378,378.33333333333326
3,636,378,377.8571428571427
3,637,377,377.0952380952379
3,638,377,376.8095238095236
3,639,376,376.1904761904761
3,640,376,375.71428571428555
3,641,375,375.142857142857
3,642,375,375.09523809523796
3,643,375,375.2380952380951
3,644,376,375.6666666666666
3,645,376,375.95238095238085
3,646,376,376.09523809523796
3,647,376,375.9999999999999
3,648,376,375.9999999999999
3,649,376,375.9047619047618
3,650,376,376.0476190476189
3,651,376,376.14285714285705
3,652,377,376.76190476190465
3,653,377,377.52380952380963
3,654,379,378.4761904761905
3,655,379,379.14285714285694
3,656,380,379.9047619047617
3,657,380,380.09523809523813
3,658,381,380.8571428571427
3,659,381,381.52380952380935
3,660,383,382.4761904761904
3,661,383,383.142857142857
3,662,384,383.90476190476176
3,663,384,384.1904761904761
3,664,385,384.80952380952374
3,665,385,385.38095238095235
3,666,386,385.71428571428555
3,667,386,385.42857142857133
3,668,385,385.4285714285714
3,669,385,385.76190476190476
3,670,387,386.5714285714285
3,671,388,387.5714285714285
3,672,388,388.0476190476189
3,673,388,388.14285714285705
3,674,388,388.4285714285713
3,675,389,388.61904761904736
3,676,389,388.61904761904754
3,677,388,388.42857142857133
3,678,388,388.14285714285705
3,679,388,387.8571428571428
3,680,388,387.66666666666663
3,681,387,387.3333333333332
3,682,387,387.23809523809496
3,683,387,386.80952380952357
3,684,387,386.33333333333314
3,685,385,385.66666666666646
3,686,385,385.2857142857142
3,687,385,384.61904761904754
3,688,385,384.3809523809523
3,689,383,384.2857142857142
3,690,384,383.6190476190474
3,691,384,382.76190476190465
3,692,381,382.09523809523796
3,693,381,381.4285714285714
3,694,381,380.5714285714286
3,695,381,379.9047619047617
3,696,378,379.047619047619
3,697,378,378.57142857142844
3,698,379,378.3333333333331
3,699,379,378.71428571428555
3,700,378,378.38095238095224
3,701,378,377.7142857142856
3,702,377,377.2380952380952
3,703,377,377.1428571428571
3,704,377,376.8571428571427
3,705,377,376.66666666666663
3,706,376,376.3333333333333
3,707,376,375.95238095238085
3,708,376,376.0476190476189
3,709,376,376.2857142857142
3,710,377,376.2380952380951
3,711,376,376.3333333333333
3,712,376,376.3809523809522
3,713,377,376.6190476190475
3,714,377,377.2857142857142
3,715,378,377.7619047619047
3,716,378,377.57142857142844
3,717,378,378.28571428571416
3,718,378,379.3333333333332
3,719,382,380.66666666666646
3,720,382,381.8095238095237
3,721,382,382.3809523809522
3,722,382,381.9999999999997
3,723,382,381.80952380952374
3,724,382,382.09523809523785
3,725,382,382.4761904761905
3,726,384,383.4285714285712
3,727,384,384.4761904761904
3,728,386,385.57142857142856
3,729,386,386.14285714285705
3,730,387,386.90476190476176
3,731,387,387.38095238095224
3,732,388,387.71428571428567
3,733,388,387.52380952380946
3,734,387,387.47619047619037
3,735,387,387.38095238095235
3,736,388,387.5714285714284
3,737,388,388.04761904761875
3,738,388,388.0476190476189
3,739,388,387.76190476190476
3,740,387,387.2857142857141
3,741,387,386.7142857142856
3,742,386,386.42857142857133
3,743,386,385.95238095238085
3,744,386,385.2380952380951
3,745,384,384.6666666666666
3,746,384,384.0952380952379
3,747,384,383.80952380952357
3,748,384,384.2857142857142
3,749,384,383.85714285714266
3,750,384,382.9999999999999
3,751,381,382.0
3,752,381,381.33333333333314
3,753,381,380.61904761904736
3,754,381,380.3333333333332
3,755,379,379.6666666666666
3,756,379,379.285714285714
3,757,379,378.6190476190476
3,758,379,378.38095238095224
3,759,377,378.09523809523796
3,760,378,377.71428571428567
3,761,378,377.4285714285713
3,762,377,377.4285714285713
3,763,377,377.1428571428571
3,764,377,376.8571428571427
3,765,377,376.74285714285725
3,766,376,376.3714285714286
3,767,376,375.89999999999986
3,768,377,380.095238095238
3,769,377,377.3333333333331
3,770,377,376.19047619047615
3,771,377,377.2380952380951
3,772,378,377.7142857142856
3,773,378,377.99999999999983
3,774,379,378.90476190476187
3,775,379,380.047619047619
3,776,382,381.04761904761887
3,777,382,381.42857142857133
3,778,381,381.66666666666674
3,779,381,381.19047619047626
3,780,382,381.6666666666666
3,781,382,382.61904761904754
3,782,384,383.238095238095
3,783,384,383.99999999999983
3,784,384,384.76190476190465
3,785,386,385.38095238095235
3,786,386,386.14285714285705
3,787,387,386.90476190476176
3,788,387,387.2857142857141
3,789,388,387.76190476190465
3,790,388,387.95238095238085
3,791,388,388.09523809523785
3,792,388,387.90476190476176
3,793,388,388.04761904761887
3,794,388,388.5238095238096
3,795,389,388.57142857142856
3,796,389,388.2857142857141
3,797,387,387.76190476190476
3,798,387,387.09523809523796
3,799,387,386.80952380952374
3,800,387,387.1904761904761
3,801,387,386.90476190476176
3,802,387,386.52380952380935
3,803,385,385.5714285714285
3,804,385,384.61904761904754
3,805,383,383.3809523809523
3,806,383,382.52380952380935
3,807,381,381.42857142857133
3,808,381,380.8571428571428
3,809,380,380.09523809523813
3,810,380,379.8095238095237
3,811,379,379.2857142857143
3,812,379,378.66666666666646
3,813,378,377.9999999999999
3,814,377,377.33333333333326
3,815,377,376.61904761904754
3,816,376,376.2380952380951
3,817,376,376.0476190476189
3,818,376,375.9047619047618
3,819,376,375.9999999999999
3,820,376,375.9999999999999
3,821,376,375.9047619047618
3,822,376,376.0476190476189
3,823,376,376.33333333333326
3,824,377,376.6666666666667
3,825,377,376.8571428571427
3,826,377,377.14285714285705
3,827,377,377.14285714285705
3,828,378,377.76190476190465
3,829,378,378.6190476190476
3,830,380,379.4285714285714
3,831,380,379.8095238095236
3,832,380,380.2380952380951
3,833,380,380.33333333333326
3,834,381,380.4761904761903
3,835,381,381.047619047619
3,836,381,381.66666666666663
3,837,383,382.38095238095235
3,838,383,383.0476190476189
3,839,384,383.95238095238085
3,840,384,384.4285714285713
3,841,386,385.52380952380935
3,842,386,386.5714285714285
3,843,388,387.5238095238093
3,844,388,387.90476190476176
3,845,388,388.190476190476
3,846,388,387.90476190476176
3,847,388,388.04761904761887
3,848,388,388.33333333333314
3,849,389,388.6666666666666
3,850,389,389.0476190476189
3,851,389,389.0476190476189
3,852,389,388.6666666666666
3,853,388,388.33333333333314
3,854,388,388.14285714285705
3,855,388,387.8571428571428
3,856,388,387.76190476190476
3,857,387,387.38095238095224
3,858,387,386.6666666666667
3,859,386,385.90476190476176
3,860,385,385.3809523809522
3,861,385,385.2380952380951
3,862,385,384.7619047619046
3,863,385,383.9999999999999
3,864,382,382.99999999999994
3,865,382,382.3333333333333
3,866,382,381.6190476190473
3,867,382,381.33333333333326
3,868,380,380.6666666666667
3,869,380,380.285714285714
3,870,380,379.7142857142856
3,871,380,379.4285714285712
3,872,378,378.6190476190475
3,873,378,377.7619047619047
3,874,377,377.1428571428572
3,875,377,377.1428571428571
3,876,377,376.8571428571427
3,877,377,376.66666666666663
3,878,376,376.3333333333333
3,879,376,375.95238095238085
3,880,376,375.95238095238085
3,881,376,376.33333333333326
3,882,377,376.6666666666667
3,883,377,376.9523809523808
3,884,377,376.9999999999999
3,885,377,377.04761904761915
3,886,377,377.33333333333326
3,887,378,377.6666666666665
3,888,378,377.7619047619047
3,889,378,378.19047619047603
3,890,378,378.6666666666666
3,891,380,379.33333333333326
3,892,380,379.8095238095236
3,893,380,380.2380952380951
3,894,380,380.14285714285705
3,895,381,380.76190476190465
3,896,381,381.52380952380935
3,897,383,382.4761904761904
3,898,383,383.23809523809524
3,899,384,383.85714285714266
3,900,384,383.76190476190476
3,901,384,384.095238095238
3,902,384,384.7142857142856
3,903,386,385.6666666666666
3,904,387,386.57142857142856
3,905,387,387.047619047619
3,906,387,387.1428571428571
3,907,387,387.3333333333332
3,908,388,387.66666666666646
3,909,388,387.95238095238085
3,910,388,388.09523809523785
3,911,388,387.9999999999999
3,912,388,387.9999999999999
3,913,388,388.0952380952379
3,914,388,387.952380952381
3,915,388,387.66666666666663
3,916,387,387.3333333333332
3,917,387,387.047619047619
3,918,387,386.9047619047617
3,919,387,387.09523809523796
3,920,387,386.95238095238085
3,921,387,386.6666666666665
3,922,386,386.71428571428567
3,923,386,385.8571428571427
3,924,386,384.9523809523808
3,925,382,383.1428571428571
3,926,382,380.85714285714266
3,927,378,379.0476190476188
3,928,378,378.14285714285694
3,929,378,376.99999999999983
3,930,377,377.4761904761905
3,931,377,378.23809523809524
3,932,380,378.8095238095237
3,933,380,379.09523809523796
3,934,378,378.99999999999983
3,935,378,378.71428571428555
3,936,379,378.33333333333326
3,937,379,377.95238095238096
3,938,376,377.095238095238
3,939,376,376.1428571428571
3,940,376,375.71428571428567
3,941,376,375.9047619047618
3,942,376,376.0476190476189
3,943,376,376.33333333333326
3,944,377,376.6666666666667
3,945,377,376.9523809523808
3,946,377,376.9999999999999
3,947,377,377.04761904761915
3,948,377,377.33333333333326
3,949,378,377.6666666666665
3,950,378,377.8571428571427
3,951,378,378.14285714285705
3,952,378,378.33333333333326
3,953,379,378.6666666666666
3,954,379,378.76190476190465
3,955,379,379.19047619047586
3,956,379,379.6666666666666
3,957,381,380.3333333333332
3,958,381,380.9047619047618
3,959,381,381.1904761904761
3,960,381,380.8095238095237
3,961,381,381.09523809523796
3,962,381,381.4761904761902
3,963,383,382.4285714285712
3,964,383,383.4761904761904
3,965,385,384.57142857142844
3,966,385,385.14285714285705
3,967,386,385.9047619047618
3,968,386,386.2857142857142
3,969,387,386.7619047619046
3,970,387,386.95238095238085
3,971,387,386.9999999999999
3,972,387,387.0476190476188
3,973,387,387.3333333333332
3,974,388,387.66666666666646
3,975,388,387.95238095238085
3,976,388,388.09523809523785
3,977,388,387.9999999999999
3,978,388,387.9999999999999
3,979,388,387.9999999999999
3,980,388,387.9999999999999
3,981,388,387.9999999999999
3,982,388,387.9999999999999
3,983,388,388.19047619047615
3,984,388,387.9047619047617
3,985,388,387.33333333333326
3,986,386,386.6666666666667
3,987,386,386.3809523809523
3,988,386,385.66666666666646
3,989,386,384.9999999999998
3,990,383,384.2857142857141
3,991,383,382.99999999999994
3,992,383,381.7142857142856
3,993,380,380.9999999999999
3,994,380,380.3333333333332
3,995,380,379.6190476190475
3,996,380,379.4285714285712
3,997,378,378.6190476190475
3,998,378,377.8571428571427
3,999,377,377.0952380952379
3,1000,377,376.71428571428567
3,1001,376,376.2380952380951
3,1002,376,376.14285714285705
3,1003,376,375.8571428571427
3,1004,376,375.6666666666665
3,1005,375,375.3333333333332
3,1006,375,375.0476190476189
3,1007,375,374.9047619047617
3,1008,375,374.90476190476187
3,1009,375,375.047619047619
3,1010,375,375.33333333333326
3,1011,376,375.6666666666666
3,1012,376,375.95238095238085
3,1013,376,375.9999999999999
3,1014,376,376.0476190476189
3,1015,376,376.2380952380951
3,1016,377,376.71428571428555
3,1017,377,377.095238095238
3,1018,378,377.8571428571428
3,1019,378,378.6190476190476
3,1020,380,379.4285714285714
3,1021,380,379.9428571428572
3,1022,380,380.2857142857143
3,1023,380,379.99999999999994
3,1024,382,383.5238095238092
3,1025,382,382.76190476190453
3,1026,384,382.9999999999998
3,1027,384,384.04761904761887
3,1028,385,384.95238095238085
3,1029,385,385.61904761904736
3,1030,387,386.3333333333332
3,1031,387,386.9523809523808
3,1032,387,387.42857142857133
3,1033,388,387.7142857142855
3,1034,388,388.38095238095224
3,1035,389,388.71428571428555
3,1036,389,388.61904761904754
3,1037,388,388.42857142857133
3,1038,388,388.3333333333333
3,1039,388,387.7619047619045
3,1040,388,387.09523809523796
3,1041,385,385.9523809523809
3,1042,385,384.9047619047618
3,1043,384,383.99999999999994
3,1044,384,383.61904761904754
3,1045,383,383.5714285714283
3,1046,383,383.23809523809496
3,1047,384,382.6666666666665
3,1048,381,381.90476190476176
3,1049,381,380.99999999999983
3,1050,380,379.99999999999983
3,1051,380,379.7142857142856
3,1052,379,379.238095238095
3,1053,379,379.2380952380951
3,1054,379,378.80952380952385
3,1055,379,378.33333333333326
3,1056,377,377.6666666666665
3,1057,377,377.2857142857143
3,1058,377,376.71428571428544
3,1059,377,376.4285714285712
3,1060,375,375.6190476190475
3,1061,375,374.7619047619047
3,1062,374,374.1428571428571
3,1063,374,374.04761904761904
3,1064,374,373.9047619047618
3,1065,374,373.9047619047618
3,1066,374,374.04761904761904
3,1067,374,374.3333333333332
3,1068,375,374.66666666666663
3,1069,375,374.9523809523808
3,1070,375,374.8095238095237
3,1071,375,375.1428571428571
3,1072,375,375.90476190476187
3,1073,378,377.0476190476189
3,1074,378,378.09523809523813
3,1075,379,378.99999999999983
3,1076,379,379.1904761904761
3,1077,380,379.8095238095238
3,1078,380,380.09523809523813
3,1079,381,380.8571428571427
3,1080,381,381.6190476190474
3,1081,383,382.42857142857144
3,1082,383,382.8095238095235
3,1083,383,383.2380952380951
3,1084,383,383.14285714285694
3,1085,384,383.76190476190465
3,1086,384,384.6190476190474
3,1087,386,385.42857142857133
3,1088,386,385.90476190476187
3,1089,386,386.1904761904761
3,1090,386,385.90476190476187
3,1091,386,386.0476190476189
3,1092,386,386.33333333333314
3,1093,387,386.5714285714284
3,1094,387,386.9999999999998
3,1095,387,387.5238095238093
3,1096,388,387.61904761904736
3,1097,388,387.7142857142855
3,1098,387,387.38095238095224
3,1099,387,386.7142857142856
3,1100,386,386.2380952380951
3,1101,386,386.2380952380952
3,1102,386,385.80952380952357
3,1103,386,385.3333333333333
3,1104,384,384.6666666666666
3,1105,384,384.2857142857141
3,1106,384,383.7142857142858
3,1107,384,383.3333333333332
3,1108,382,382.66666666666663
3,1109,382,382.2857142857142
3,1110,382,381.7142857142856
3,1111,382,381.33333333333326
3,1112,380,380.6666666666667
3,1113,380,380.285714285714
3,1114,380,379.8095238095236
3,1115,380,379.28571428571416
3,1116,378,378.4285714285712
3,1117,377,377.3809523809522
3,1118,377,376.6190476190475
3,1119,376,376.1904761904761
3,1120,376,375.8095238095237
3,1121,375,375.19047619047603
3,1122,375,374.71428571428567
3,1123,374,374.2380952380951
3,1124,374,374.04761904761904
3,1125,374,373.9047619047618
3,1126,374,373.99999999999994
3,1127,374,373.9047619047618
3,1128,374,374.04761904761904
3,1129,374,373.7619047619046
3,1130,375,374.85714285714283
3,1131,375,377.0
3,1132,381,379.42857142857133
3,1133,382,381.57142857142844
3,1134,382,382.4285714285712
3,1135,382,381.52380952380946
3,1136,380,380.6190476190474
3,1137,380,379.3809523809522
3,1138,379,379.2380952380952
3,1139,379,380.4285714285713
3,1140,383,381.7142857142856
3,1141,384,383.5714285714285
3,1142,384,384.99999999999994
3,1143,386,385.42857142857133
3,1144,386,385.90476190476187
3,1145,386,386.1904761904761
3,1146,386,385.90476190476187
3,1147,386,386.0476190476189
3,1148,386,386.33333333333314
3,1149,387,386.6666666666665
3,1150,387,386.8571428571427
3,1151,387,387.1428571428571
3,1152,387,387.42857142857133
3,1153,388,387.61904761904736
3,1154,388,387.61904761904754
3,1155,387,387.4285714285714
3,1156,387,387.14285714285705
3,1157,387,386.8571428571428
3,1158,387,386.57142857142856
3,1159,386,386.3809523809523
3,1160,386,386.6666666666665
3,1161,387,386.42857142857133
3,1162,387,385.9523809523809
3,1163,384,385.3809523809522
3,1164,384,383.9999999999999
3,1165,384,382.71428571428555
3,1166,381,382.0
3,1167,381,381.4285714285714
3,1168,381,380.5714285714286
3,1169,381,379.99999999999994
3,1170,378,378.9999999999999
3,1171,378,378.3333333333332
3,1172,378,377.6190476190475
3,1173,378,377.4285714285712
3,1174,376,376.6190476190475
3,1175,376,375.8571428571427
3,1176,375,375.09523809523796
3,1177,375,374.71428571428567
3,1178,374,374.2380952380951
3,1179,374,373.9523809523808
3,1180,374,373.9523809523808
3,1181,374,374.42857142857133
3,1182,375,374.42857142857133
3,1183,375,374.71428571428555
3,1184,374,375.2857142857141
3,1185,376,375.2857142857141
3,1186,376,374.8571428571428
3,1187,374,374.99999999999994
3,1188,374,375.095238095238
3,1189,377,375.8095238095237
3,1190,377,376.76190476190465
3,1191,377,377.3333333333333
3,1192,377,377.2380952380951
3,1193,378,377.7142857142856
3,1194,378,377.99999999999983
3,1195,379,378.90476190476187
3,1196,379,379.95238095238085
3,1197,382,381.0952380952379
3,1198,382,381.76190476190465
3,1199,382,382.3333333333333
3,1200,382,382.14285714285694
3,1201,383,382.76190476190465
3,1202,383,383.5238095238094
3,1203,385,384.47619047619037
3,1204,385,385.2380952380951
3,1205,386,385.76190476190476
3,1206,386,385.99999999999983
3,1207,386,386.42857142857116
3,1208,387,386.6666666666665
3,1209,387,386.8571428571427
3,1210,387,387.1428571428571
3,1211,387,387.42857142857133
3,1212,388,387.61904761904736
3,1213,388,387.7142857142855
3,1214,387,387.38095238095224
3,1215,387,386.7142857142856
3,1216,386,386.2380952380951
3,1217,386,386.2380952380952
3,1218,386,385.80952380952357
3,1219,386,385.52380952380935
3,1220,384,384.5714285714285
3,1221,384,383.42857142857144
3,1222,382,382.66666666666663
3,1223,382,381.99999999999994
3,1224,382,381.23809523809507
3,1225,380,380.6190476190474
3,1226,380,379.7619047619046
3,1227,379,379.14285714285705
3,1228,379,379.14285714285705
3,1229,379,378.85714285714266
3,1230,379,378.8571428571428
3,1231,378,378.2380952380952
3,1232,378,377.47619047619025
3,1233,376,376.52380952380935
3,1234,376,375.7619047619047
3,1235,375,375.142857142857
3,1236,375,375.0476190476189
3,1237,375,374.9047619047617
3,1238,375,374.99999999999983
3,1239,375,374.99999999999983
3,1240,375,375.0952380952379
3,1241,375,374.95238095238085
3,1242,375,374.4761904761903
3,1243,374,374.3333333333331
3,1244,374,374.7619047619047
3,1245,376,375.3809523809522
3,1246,377,376.6666666666664
3,1247,377,377.8095238095237
3,1248,379,378.4285714285713
3,1249,379,378.7142857142855
3,1250,379,379.28571428571416
3,1251,379,379.47619047619037
3,1252,381,380.4285714285714
3,1253,381,381.5714285714284
3,1254,383,382.52380952380935
3,1255,383,382.61904761904765
3,1256,383,383.33333333333303
3,1257,383,383.9999999999998
3,1258,386,384.99999999999994
3,1259,386,385.85714285714283
3,1260,386,386.2857142857141
3,1261,386,385.90476190476187
3,1262,386,386.0476190476189
3,1263,386,386.33333333333314
3,1264,387,386.6666666666665
3,1265,387,386.95238095238085
3,1266,387,386.9999999999999
3,1267,387,387.0476190476188
3,1268,387,387.42857142857133
3,1269,388,387.61904761904736
3,1270,388,387.61904761904754
3,1271,387,387.4285714285714
3,1272,387,387.23809523809496
3,1273,387,386.80952380952357
3,1274,387,386.4285714285714
3,1275,385,385.6190476190475
3,1276,385,384.7619047619046
3,1277,384,384.08571428571446
3,1278,384,384.02857142857124
3,1279,384,384.0499999999999
3,1280,384,384.5238095238095
3,1281,383,383.47619047619037
3,1282,383,382.47619047619037
3,1283,382,382.09523809523796
3,1284,381,381.2857142857142
3,1285,381,380.4761904761905
3,1286,379,379.47619047619037
3,1287,379,378.42857142857133
3,1288,377,377.4761904761905
3,1289,377,377.2857142857143
3,1290,377,376.71428571428544
3,1291,377,376.33333333333326
3,1292,375,375.6666666666666
3,1293,375,375.19047619047615
3,1294,375,374.7619047619047
3,1295,375,374.6666666666665
3,1296,374,374.3333333333332
3,1297,374,374.04761904761904
3,1298,374,373.9047619047618
3,1299,374,373.9047619047618
3,1300,374,374.04761904761904
3,1301,374,374.3333333333332
3,1302,375,374.66666666666663
3,1303,375,374.9523809523808
3,1304,375,374.9047619047617
3,1305,375,375.0952380952381
3,1306,375,375.6666666666665
3,1307,377,376.3333333333332
3,1308,377,376.8095238095237
3,1309,377,377.23809523809507
3,1310,377,377.14285714285705
3,1311,378,377.76190476190465
3,1312,378,378.6190476190476
3,1313,380,379.4285714285714
3,1314,380,379.6190476190474
3,1315,380,380.33333333333314
3,1316,380,380.90476190476176
3,1317,383,382.0476190476189
3,1318,383,383.095238095238
3,1319,384,383.9999999999999
3,1320,384,384.2857142857141
3,1321,385,384.6666666666666
3,1322,385,384.99999999999983
3,1323,385,385.42857142857133
3,1324,386,385.6666666666666
3,1325,386,385.8571428571427
3,1326,386,386.14285714285717
3,1327,386,386.33333333333314
3,1328,387,386.6666666666665
3,1329,387,386.95238095238085
3,1330,387,387.0952380952379
3,1331,387,386.9999999999999
3,1332,387,386.9999999999999
3,1333,387,386.9999999999999
3,1334,387,387.6666666666667
3,1335,387,386.6666666666665
3,1336,387,384.66666666666646
3,1337,380,382.3333333333332
3,1338,380,380.33333333333326
3,1339,380,378.85714285714266
3,1340,380,380.2380952380951
3,1341,380,381.95238095238085
3,1342,385,383.190476190476
3,1343,385,383.7619047619046
3,1344,382,383.4761904761904
3,1345,382,382.3333333333333
3,1346,382,381.9047619047618
3,1347,382,381.1904761904761
3,1348,380,379.8571428571427
3,1349,377,378.0
3,1350,377,376.2857142857141
3,1351,375,375.3809523809522
3,1352,375,375.19047619047615
3,1353,375,374.7619047619047
3,1354,375,374.57142857142856
3,1355,374,374.38095238095224
3,1356,374,374.38095238095224
3,1357,375,374.5714285714285
3,1358,375,374.9523809523808
3,1359,375,375.09523809523796
3,1360,375,375.0952380952379
3,1361,375,374.95238095238085
3,1362,375,374.4761904761903
3,1363,374,374.4285714285714
3,1364,374,374.71428571428555
3,1365,376,375.23809523809507
3,1366,376,375.80952380952374
3,1367,376,376.2380952380953
3,1368,376,376.2380952380951
3,1369,377,376.61904761904754
3,1370,377,377.33333333333326
3,1371,378,377.8095238095237
3,1372,379,378.7619047619046
3,1373,379,380.04761904761887
3,1374,382,381.0952380952379
3,1375,382,381.6666666666665
3,1376,382,382.3809523809523
3,1377,382,382.66666666666663
3,1378,384,383.33333333333314
3,1379,384,383.8095238095237
3,1380,384,384.2380952380952
3,1381,384,384.33333333333326
3,1382,385,384.66666666666663
3,1383,385,384.7619047619046
3,1384,385,385.19047619047603
3,1385,385,385.66666666666646
3,1386,387,386.3333333333332
3,1387,387,386.90476190476176
3,1388,387,387.190476190476
3,1389,387,386.9999999999999
3,1390,387,386.9999999999999
3,1391,387,387.09523809523796
3,1392,387,387.14285714285705
3,1393,387,386.5714285714285
3,1394,386,385.66666666666663
3,1395,384,384.7142857142856
3,1396,384,384.19047619047603
3,1397,384,383.7142857142858
3,1398,384,383.4285714285713
3,1399,382,382.61904761904754
3,1400,382,381.85714285714283
3,1401,381,381.0952380952379
3,1402,381,380.80952380952374
3,1403,380,380.19047619047603
3,1404,380,379.8095238095237
3,1405,379,379.1904761904761
3,1406,379,378.80952380952374
3,1407,378,378.19047619047603
3,1408,378,377.9047619047617
3,1409,377,377.142857142857
3,1410,377,376.1904761904761
3,1411,375,375.95238095238074
3,1412,375,375.6190476190474
3,1413,377,375.14285714285705
3,1414,374,374.90476190476187
3,1415,374,374.3333333333332
3,1416,374,373.7142857142856
3,1417,374,373.9047619047618
3,1418,374,374.04761904761904
3,1419,374,374.23809523809507
3,1420,375,374.7142857142855
3,1421,375,375.38095238095224
3,1422,376,375.7142857142856
3,1423,376,375.4285714285712
3,1424,375,375.5238095238095
3,1425,375,375.61904761904754
3,1426,377,376.2857142857141
3,1427,377,377.0476190476189
3,1428,378,377.95238095238085
3,1429,378,378.52380952380935
3,1430,380,379.4761904761904
3,1431,380,380.047619047619
3,1432,381,380.8571428571426
3,1433,381,381.6666666666665
3,1434,383,382.66666666666646
3,1435,384,383.6190476190475
3,1436,384,384.38095238095224
3,1437,385,384.80952380952374
3,1438,385,385.190476190476
3,1439,386,385.8095238095238
3,1440,386,386.2857142857142
3,1441,387,386.7619047619046
3,1442,387,386.8571428571427
3,1443,387,387.1428571428571
3,1444,387,387.42857142857133
3,1445,388,387.61904761904736
3,1446,388,387.61904761904754
3,1447,387,387.4285714285714
3,1448,387,387.047619047619
3,1449,387,386.9047619047617
3,1450,387,387.1904761904761
3,1451,387,386.90476190476176
3,1452,387,386.33333333333314
3,1453,385,385.66666666666646
3,1454,385,385.2857142857142
3,1455,385,384.71428571428567
3,1456,385,384.3333333333332
3,1457,383,383.8571428571427
3,1458,383,382.9999999999999
3,1459,383,382.1428571428571
3,1460,381,381.6666666666665
3,1461,381,381.2857142857141
3,1462,381,380.71428571428567
3,1463,381,380.4285714285712
3,1464,379,379.6190476190475
3,1465,379,378.7619047619046
3,1466,378,378.14285714285717
3,1467,378,378.238095238095
3,1468,378,377.80952380952374
3,1469,378,377.4285714285712
3,1470,376,376.6190476190475
3,1471,376,375.8571428571427
3,1472,375,375.09523809523796
3,1473,375,374.61904761904754
3,1474,374,374.2857142857143
3,1475,374,374.47619047619025
3,1476,375,374.4285714285712
3,1477,375,374.6666666666665
3,1478,374,374.6666666666665
3,1479,375,374.7619047619046
3,1480,375,375.09523809523796
3,1481,376,375.8095238095238
3,1482,376,376.1904761904761
3,1483,377,376.80952380952374
3,1484,377,377.1904761904759
3,1485,378,377.8095238095237
3,1486,378,378.190476190476
3,1487,379,378.8095238095237
3,1488,379,379.1904761904761
3,1489,380,379.8095238095238
3,1490,380,380.2857142857142
3,1491,381,380.7619047619047
3,1492,381,380.76190476190465
3,1493,381,381.19047619047603
3,1494,381,381.6666666666666
3,1495,383,382.33333333333314
3,1496,383,382.8095238095235
3,1497,383,383.2380952380951
3,1498,383,383.14285714285694
3,1499,384,383.6666666666665
3,1500,384,384.6666666666665
3,1501,386,385.7619047619044
3,1502,387,386.57142857142856
3,1503,387,387.047619047619
3,1504,387,387.1428571428571
3,1505,387,387.42857142857133
3,1506,388,387.61904761904736
3,1507,388,387.61904761904754
3,1508,387,387.4285714285714
3,1509,387,387.14285714285705
3,1510,387,386.8571428571428
3,1511,387,386.6666666666665
3,1512,386,386.33333333333314
3,1513,386,386.14285714285705
3,1514,386,385.85714285714283
3,1515,386,385.6666666666666
3,1516,385,385.3333333333332
3,1517,385,385.2380952380951
3,1518,385,384.8095238095237
3,1519,385,384.4285714285713
3,1520,383,383.6190476190474
3,1521,383,382.85714285714266
3,1522,382,382.0952380952379
3,1523,382,381.9047619047618
3,1524,381,381.2380952380952
3,1525,381,380.33333333333314
3,1526,379,379.33333333333314
3,1527,378,378.38095238095224
3,1528,378,377.5238095238095
3,1529,377,377.2380952380952
3,1530,377,377.2380952380952
3,1531,377,376.80952380952385
3,1532,377,376.14285714285705
3,1533,375,375.74285714285736
3,1534,375,375.57142857142844
3,1535,377,376.9999999999998
3,1536,377,379.4285714285714
3,1537,375,376.0952380952379
3,1538,375,374.2380952380951
3,1539,375,374.4285714285712
3,1540,375,375.19047619047615
3,1541,375,376.33333333333326
3,1542,379,377.47619047619025
3,1543,379,378.90476190476176
3,1544,379,380.42857142857116
3,1545,381,380.14285714285705
3,1546,381,379.6666666666665
3,1547,377,378.2857142857141
3,1548,377,376.95238095238085
3,1549,376,376.61904761904754
3,1550,378,377.47619047619014
3,1551,378,377.76190476190465
3,1552,378,377.7619047619046
3,1553,377,377.3809523809523
3,1554,377,377.3809523809523
3,1555,378,377.57142857142827
3,1556,378,377.95238095238096
3,1557,378,377.9047619047618
3,1558,378,378.0952380952381
3,1559,378,378.76190476190453
3,1560,380,379.2857142857142
3,1561,380,379.285714285714
3,1562,379,379.66666666666663
3,1563,379,380.33333333333314
3,1564,382,380.7619047619047
3,1565,382,380.4761904761902
3,1566,379,380.47619047619025
3,1567,379,380.66666666666646
3,1568,383,381.28571428571394
3,1569,383,381.95238095238085
3,1570,381,382.14285714285694
3,1571,381,381.6666666666664
3,1572,383,382.1904761904761
3,1573,383,383.23809523809524
3,1574,384,383.85714285714266
3,1575,384,383.8571428571428
3,1576,384,384.14285714285694
3,1577,384,384.33333333333326
3,1578,385,384.57142857142844
3,1579,385,384.99999999999983
3,1580,385,385.42857142857133
3,1581,386,385.6666666666666
3,1582,386,386.0476190476189
3,1583,386,386.0476190476189
3,1584,386,385.57142857142856
3,1585,385,385.3809523809523
3,1586,385,385.28571428571433
3,1587,386,385.48571428571404
3,1588,386,386.0999999999999
