channel,index,raw,filtered
1,0,386,387.5864253393666
1,1,386,388.0244343891404
1,2,393,387.91040723981894
1,3,393,387.14479638009055
1,4,388,386.6280542986426
1,5,388,385.7348416289593
1,6,381,385.23981900452503
1,7,381,385.2253393665159
1,8,382,385.5095022624435
1,9,382,386.11945701357484
1,10,391,388.05701357466074
1,11,391,390.52398190045255
1,12,397,392.7303167420816
1,13,397,395.08597285067884
1,14,396,396.68144796380096
1,15,398,397.6072398190045
1,16,398,397.7339366515839
1,17,396,397.13212669683264
1,18,396,397.1239819004526
1,19,397,396.6316742081449
1,20,397,396.38823529411775
1,21,395,396.1266968325794
1,22,395,395.7266968325793
1,23,397,395.54479638009065
1,24,397,395.4669683257919
1,25,394,395.2434389140272
1,26,394,394.8832579185521
1,27,395,394.7927601809956
1,28,395,394.9719457013577
1,29,395,395.1556561085973
1,30,395,395.2171945701358
1,31,395,395.44253393665167
1,32,395,395.71764705882356
1,33,397,395.654298642534
1,34,397,395.4642533936652
1,35,396,395.4271493212671
1,36,394,395.22262443438933
1,37,394,394.8778280542989
1,38,394,394.41990950226256
1,39,394,393.80542986425354
1,40,394,393.19095022624447
1,41,394,393.012669683258
1,42,392,392.90678733031683
1,43,392,392.6479638009051
1,44,392,392.3339366515838
1,45,392,392.2561085972851
1,46,393,392.16470588235313
1,47,393,392.08687782805436
1,48,391,391.9791855203621
1,49,391,391.9981900452489
1,50,393,392.02624434389145
1,51,393,391.9457013574662
1,52,391,391.84524886877847
1,53,391,391.61357466063356
1,54,391,391.62805429864267
1,55,392,391.4660633484164
1,56,392,391.0552036199096
1,57,390,390.32307692307705
1,58,390,389.53936651583723
1,59,389,388.77375565610873
1,60,389,387.82171945701367
1,61,386,386.87873303167436
1,62,386,386.0696832579186
1,63,384,385.4579185520363
1,64,384,384.97466063348423
1,65,385,384.68597285067887
1,66,385,384.5194570135747
1,67,385,384.2588235294118
1,68,385,384.28778280542997
1,69,384,384.29773755656123
1,70,384,384.38009049773757
1,71,385,384.27601809954774
1,72,383,384.12669683257934
1,73,383,384.1411764705884
1,74,385,384.12850678733037
1,75,385,384.1067873303169
1,76,384,384.0941176470589
1,77,384,383.97013574660645
1,78,384,383.81447963800923
1,79,384,383.77466063348425
1,80,383,383.5212669683259
1,81,383,383.19547511312226
1,82,383,383.07420814479644
1,83,383,383.03438914027157
1,84,383,382.88506787330334
1,85,383,382.83529411764715
1,86,383,382.8144796380093
1,87,383,382.95203619909506
1,88,383,383.171040723982
1,89,383,383.3945701357467
1,90,383,383.6841628959277
1,91,384,383.9013574660634
1,92,384,384.1167420814481
1,93,385,384.2009049773758
1,94,385,383.9511312217195
1,95,384,383.7647058823531
1,96,384,383.69411764705893
1,97,383,383.59185520361996
1,98,383,383.3782805429866
1,99,382,383.3122171945702
1,100,382,383.38461538461553
1,101,385,383.5954751131223
1,102,385,383.60090497737576
1,103,384,383.78914027149335
1,104,384,384.1945701357467
1,105,385,384.6425339366517
1,106,385,385.15837104072415
1,107,384,386.2642533936653
1,108,384,386.6823529411766
1,109,388,386.86425339366514
1,110,388,386.66153846153856
1,111,388,385.92850678733055
1,112,388,384.9194570135747
1,113,388,383.8180995475114
1,114,378,382.60814479638015
1,115,378,381.06425339366524
1,116,378,379.56108597285083
1,117,378,378.67963800904994
1,118,379,378.20090497737567
1,119,379,378.1176470588236
1,120,379,378.6226244343892
1,121,379,379.6289592760182
1,122,381,380.06515837104087
1,123,381,380.65339366515843
1,124,381,381.06877828054303
1,125,381,381.5248868778282
1,126,382,382.1674208144797
1,127,382,382.74208144796387
1,128,384,383.1330316742082
1,129,384,383.4244343891403
1,130,383,383.90950226244354
1,131,385,384.28144796380104
1,132,385,384.4425339366518
1,133,384,384.49502262443457
1,134,384,384.4705882352942
1,135,385,384.40090497737566
1,136,385,384.4561085972853
1,137,384,384.60633484162906
1,138,384,384.68597285067887
1,139,385,385.0063348416291
1,140,385,385.4081447963802
1,141,386,385.7348416289593
1,142,386,386.02986425339384
1,143,387,386.4045248868779
1,144,387,386.69954751131235
1,145,387,386.8877828054299
1,146,387,387.0036199095024
1,147,387,387.14932126696846
1,148,387,387.22714932126706
1,149,387,387.41900452488704
1,150,387,387.5067873303168
1,151,388,387.5493212669684
1,152,388,387.60542986425344
1,153,388,387.66606334841634
1,154,388,387.72217194570146
1,155,388,387.76470588235304
1,156,387,387.7846153846156
1,157,387,387.84343891402733
1,158,388,387.80271493212683
1,159,388,387.73031674208147
1,160,388,387.694117647059
1,161,388,387.69411764705893
1,162,388,387.7303167420816
1,163,388,387.8027149321268
1,164,387,387.77285067873316
1,165,387,387.7728506787331
1,166,388,387.80271493212683
1,167,388,387.73031674208147
1,168,388,387.694117647059
1,169,388,387.69411764705893
1,170,388,387.7303167420816
1,171,388,387.8027149321268
1,172,387,387.77285067873316
1,173,387,387.70226244343905
1,174,388,387.7203619909504
1,175,388,387.756561085973
1,176,388,387.8108597285069
1,177,388,387.883257918552
1,178,388,387.90316742081467
1,179,388,388.00000000000017
1,180,388,387.8144796380092
1,181,388,387.7873303167422
1,182,388,388.08235294117657
1,183,388,388.4633484162898
1,184,388,388.9031674208146
1,185,389,389.3746606334841
1,186,389,389.8506787330318
1,187,392,390.30407239819004
1,188,392,390.70769230769235
1,189,391,391.0343891402716
1,190,391,391.2570135746607
1,191,391,391.3484162895929
1,192,391,391.210859728507
1,193,391,391.08506787330333
1,194,391,390.873303167421
1,195,391,390.9638009049774
1,196,391,391.2859728506788
1,197,391,391.37194570135756
1,198,391,391.4307692307694
1,199,392,391.4624434389141
1,200,392,391.4669683257919
1,201,392,391.44434389140275
1,202,392,391.39457013574673
1,203,390,391.2470588235296
1,204,391,391.131221719457
1,205,391,391.03800904977373
1,206,391,390.95837104072416
1,207,391,391.09230769230777
1,208,391,391.239819004525
1,209,391,391.40995475113135
1,210,392,391.6117647058826
1,211,392,391.57737556561096
1,212,392,391.57737556561096
1,213,392,391.6117647058826
1,214,391,391.5511312217196
1,215,391,391.40452488687805
1,216,391,391.18099547511326
1,217,391,390.81900452488713
1,218,391,390.59547511312223
1,219,391,390.44886877828066
1,220,390,390.3882352941178
1,221,390,390.42262443438915
1,222,390,390.42262443438915
1,223,390,390.45882352941186
1,224,391,390.5312217194571
1,225,391,390.63981900452507
1,226,391,390.7846153846155
1,227,391,390.9656108597286
1,228,391,391.04434389140283
1,229,391,391.08235294117657
1,230,391,391.0705882352943
1,231,391,391.0000000000001
1,232,391,391.0705882352943
1,233,391,391.08235294117657
1,234,391,391.0443438914027
1,235,391,390.96561085972866
1,236,391,390.8552036199096
1,237,391,390.7221719457015
1,238,391,390.64615384615394
1,239,390,390.5067873303168
1,240,390,390.3221719457014
1,241,390,390.11040723981915
1,242,390,389.81900452488696
1,243,390,389.59547511312235
1,244,390,389.5194570135748
1,245,389,389.4705882352943
1,246,389,389.4669683257919
1,247,389,389.3882352941177
1,248,389,389.31402714932125
1,249,390,389.292530998413
1,250,390,389.31868131868106
1,251,389,389.3503163503161
1,252,389,389.2214452214453
1,253,389,389.0170163170165
1,254,389,388.8535353535344
1,255,389,389.15151515151507
1,256,389,386.92941176470595
1,257,389,387.55927601809964
1,258,389,387.88144796380107
1,259,389,388.447963800905
1,260,388,388.8108597285068
1,261,388,388.7339366515838
1,262,388,388.3809954751132
1,263,388,387.8452488687785
1,264,388,387.71221719457026
1,265,388,387.63800904977387
1,266,387,387.56108597285083
1,267,387,387.6199095022625
1,268,388,387.6760180995476
1,269,388,387.7909502262445
1,270,388,387.88506787330334
1,271,388,388.07873303167435
1,272,388,388.35384615384635
1,273,389,388.6923076923078
1,274,389,388.866968325792
1,275,389,389.0506787330318
1,276,389,389.3457013574661
1,277,390,389.654298642534
1,278,390,389.9493212669684
1,279,390,390.2036199095024
1,280,390,390.31945701357483
1,281,391,390.5375565610861
1,282,391,390.76018099547525
1,283,391,390.9601809954753
1,284,391,391.1104072398191
1,285,391,391.2515837104074
1,286,391,391.4244343891404
1,287,392,391.6723981900452
1,288,392,391.8389140271494
1,289,392,391.9737556561087
1,290,392,392.1266968325793
1,291,392,392.350226244344
1,292,393,392.4968325791858
1,293,393,392.4868778280544
1,294,392,392.4407239819006
1,295,392,392.4787330316743
1,296,393,392.52126696832596
1,297,393,392.55927601809975
1,298,392,392.58371040723983
1,299,392,392.5855203619911
1,300,393,392.69411764705893
1,301,393,392.8389140271494
1,302,393,392.88144796380107
1,303,393,392.88325791855215
1,304,393,392.97375565610866
1,305,393,393.0117647058824
1,306,393,392.9882352941177
1,307,393,393.52036199095033
1,308,393,393.6932126696834
1,309,393,393.49954751131236
1,310,393,393.0027149321268
1,311,393,392.3366515837106
1,312,394,391.5058823529414
1,313,394,390.45339366515856
1,314,386,389.0488687782806
1,315,386,387.7619909502263
1,316,386,386.50588235294134
1,317,386,385.59366515837115
1,318,385,384.9909502262444
1,319,384,384.8633484162897
1,320,384,385.3058823529414
1,321,387,386.4135746606336
1,322,387,387.10588235294125
1,323,389,387.902262443439
1,324,389,388.68687782805443
1,325,390,389.54389140271513
1,326,390,390.3511312217196
1,327,391,390.8479638009051
1,328,391,390.97104072398196
1,329,391,391.20180995475124
1,330,391,391.28325791855207
1,331,392,391.44705882352946
1,332,392,391.59547511312235
1,333,391,391.7104072398191
1,334,391,391.71221719457026
1,335,392,391.65972850678753
1,336,392,391.6117647058825
1,337,392,391.5592760180996
1,338,392,391.4932126696833
1,339,391,391.5429864253395
1,340,391,391.6380090497738
1,341,391,391.63981900452495
1,342,392,391.60995475113134
1,343,392,391.6778280542988
1,344,392,391.77285067873305
1,345,392,391.89502262443455
1,346,392,392.04434389140283
1,347,392,392.1529411764707
1,348,392,392.1529411764707
1,349,392,392.04434389140283
1,350,392,391.96561085972866
1,351,392,391.9257918552037
1,352,392,391.8045248868779
1,353,392,391.6199095022625
1,354,391,391.390045248869
1,355,391,391.1330316742084
1,356,391,390.86696832579196
1,357,391,390.60995475113134
1,358,390,390.5212669683259
1,359,390,390.3601809954752
1,360,390,390.0217194570137
1,361,390,389.80090497737575
1,362,390,389.6479638009051
1,363,390,389.5131221719458
1,364,390,389.4144796380092
1,365,388,389.37013574660637
1,366,388,389.18914027149344
1,367,390,389.0805429864254
1,368,390,389.0443438914029
1,369,389,389.08054298642537
1,370,389,389.11855203619916
1,371,389,389.2877828054299
1,372,389,389.6497737556562
1,373,390,389.7891402714933
1,374,390,389.8289592760181
1,375,390,390.02805429864264
1,376,390,390.31583710407256
1,377,391,390.42443438914046
1,378,391,390.3538461538463
1,379,390,390.3040723981902
1,380,390,390.1366515837104
1,381,390,389.9900452488689
1,382,390,389.8027149321267
1,383,389,389.58371040724006
1,384,389,389.3420814479639
1,385,390,389.2253393665159
1,386,389,389.18099547511315
1,387,389,389.08868778280555
1,388,389,389.0280542986426
1,389,389,389.07873303167423
1,390,389,389.12036199095036
1,391,389,389.03257918552043
1,392,389,388.8950226244345
1,393,389,388.7846153846154
1,394,389,388.6398190045251
1,395,389,388.53122171945705
1,396,388,388.4588235294118
1,397,388,388.4226244343893
1,398,388,388.42262443438926
1,399,388,388.4588235294118
1,400,389,388.39004524886883
1,401,389,388.47511312217193
1,402,389,388.69592760181007
1,403,389,389.03438914027157
1,404,389,389.4045248868779
1,405,389,389.7203619909504
1,406,389,389.9638009049775
1,407,391,390.116742081448
1,408,391,390.22895927601814
1,409,391,390.35022624434396
1,410,391,390.39185520362
1,411,390,390.46515837104084
1,412,390,390.4723981900454
1,413,390,390.51583710407243
1,414,390,390.6298642533938
1,415,391,390.92579185520356
1,416,391,391.25339366515846
1,417,392,391.6036199095024
1,418,392,392.0380090497739
1,419,393,392.1384615384616
1,420,393,392.2253393665159
1,421,392,392.27149321266984
1,422,392,392.2497737556563
1,423,392,392.27149321266984
1,424,392,392.24796380090504
1,425,391,392.29954751131226
1,426,393,392.3466063348418
1,427,393,392.51855203619925
1,428,393,392.74479638009063
1,429,393,392.8868778280544
1,430,393,393.0063348416291
1,431,393,393.0941176470589
1,432,393,393.1411764705884
1,433,393,393.00000000000006
1,434,393,393.00000000000006
1,435,393,393.00000000000006
1,436,393,393.00000000000006
1,437,393,393.00000000000006
1,438,393,393.00000000000006
1,439,393,393.00000000000006
1,440,393,393.00000000000006
1,441,393,393.00000000000006
1,442,393,393.07058823529417
1,443,393,393.0823529411766
1,444,393,393.04434389140283
1,445,393,392.96561085972866
1,446,393,392.8552036199096
1,447,393,392.7221719457014
1,448,393,392.50497737556566
1,449,392,392.3420814479639
1,450,392,392.37466063348427
1,451,392,392.34389140271514
1,452,392,392.1972850678734
1,453,392,392.0823529411767
1,454,392,392.0081447963803
1,455,393,391.98371040724
1,456,393,392.01809954751144
1,457,391,391.98190045248873
1,458,391,392.0162895927603
1,459,392,391.99185520362005
1,460,392,391.9176470588237
1,461,392,391.80271493212683
1,462,392,391.6561085972852
1,463,392,391.69592760181007
1,464,392,391.74027149321284
1,465,391,391.398190045249
1,466,391,391.0787330316743
1,467,391,390.9819004524888
1,468,391,390.9076923076924
1,469,391,390.86515837104076
1,470,390,390.8633484162897
1,471,390,390.9113122171946
1,472,392,391.01809954751144
1,473,392,391.0542986425341
1,474,391,391.09049773755675
1,475,391,391.0561085972851
1,476,391,391.0805429864255
1,477,391,391.225339366516
1,478,391,391.2135746606336
1,479,391,391.0361990950227
1,480,391,391.09049773755663
1,481,391,391.23529411764724
1,482,392,391.33212669683263
1,483,392,391.4425339366517
1,484,391,391.6280542986427
1,485,391,391.7502262443441
1,486,392,391.6678733031675
1,487,392,391.639819004525
1,488,392,391.64796380090513
1,489,392,391.67420814479647
1,490,392,391.98009049773765
1,491,391,392.2271493212671
1,492,391,392.2153846153847
1,493,393,392.1447963800906
1,494,393,392.1447963800906
1,495,393,392.1447963800906
1,496,393,392.1447963800906
1,497,391,392.1447963800906
1,498,391,392.1447963800906
1,499,392,392.006334841629
1,500,392,391.8615384615386
1,501,392,391.84886877828075
1,502,392,391.84524886877836
1,503,392,391.86877828054315
1,504,392,391.93755656108607
1,505,392,391.7827466650994
1,506,392,391.56543456543454
1,507,391,391.3550893550893
1,508,391,391.1200466200468
1,509,391,390.9172494172495
1,510,391,390.8636363636356
1,511,391,391.09090909090907
1,512,391,388.0886877828055
1,513,391,389.0316742081449
1,514,391,389.68054298642545
1,515,391,390.56018099547526
1,516,391,391.1954751131223
1,517,390,392.02895927601816
1,518,390,391.90316742081455
1,519,391,390.9040723981902
1,520,391,390.0868778280544
1,521,391,388.9683257918554
1,522,390,387.7592760180997
1,523,390,386.46153846153857
1,524,381,385.2769230769232
1,525,381,384.13031674208145
1,526,382,383.0054298642536
1,527,382,382.35384615384623
1,528,383,382.2208144796381
1,529,383,382.52217194570153
1,530,384,383.0325791855205
1,531,384,384.1266968325792
1,532,384,384.514932126697
1,533,386,384.9076923076924
1,534,386,385.3800904977377
1,535,385,385.8072398190047
1,536,385,386.2733031674209
1,537,387,386.66244343891424
1,538,387,387.0678733031675
1,539,388,387.3828054298645
1,540,388,387.50045248868787
1,541,388,387.79095022624443
1,542,388,388.156561085973
1,543,388,388.302262443439
1,544,388,388.2714932126698
1,545,388,388.31402714932136
1,546,388,388.27963800904996
1,547,389,388.2977375565611
1,548,389,388.2977375565611
1,549,388,388.27963800904996
1,550,388,388.38461538461553
1,551,388,388.28325791855207
1,552,388,388.1230769230771
1,553,388,387.9131221719459
1,554,388,387.6624434389142
1,555,388,387.377375565611
1,556,388,387.2642533936653
1,557,386,387.1846153846155
1,558,387,387.20000000000016
1,559,387,387.1601809954752
1,560,387,387.314932126697
1,561,387,387.70769230769235
1,562,389,388.1819004524888
1,563,389,388.6488687782806
1,564,389,389.2199095022625
1,565,389,389.4497737556563
1,566,391,389.8316742081449
1,567,391,390.38190045248876
1,568,390,390.7873303167422
1,569,390,390.94117647058835
1,570,391,391.21357466063364
1,571,391,391.4361990950227
1,572,393,391.5113122171947
1,573,393,391.5411764705884
1,574,391,391.7665158371042
1,575,391,392.02805429864264
1,576,392,392.16923076923086
1,577,392,392.23348416289616
1,578,392,392.33212669683274
1,579,393,392.3764705882354
1,580,393,392.625339366516
1,581,393,392.937556561086
1,582,393,393.03619909502277
1,583,393,393.0443438914028
1,584,393,393.0117647058824
1,585,393,392.9882352941177
1,586,393,392.95565610859734
1,587,393,393.0343891402716
1,588,393,393.0742081447965
1,589,393,393.1954751131223
1,590,393,393.3800904977377
1,591,394,393.6099547511314
1,592,394,393.8669683257919
1,593,394,394.13303167420827
1,594,394,394.31945701357483
1,595,395,394.5375565610861
1,596,395,394.76018099547525
1,597,395,395.0307692307694
1,598,395,395.1927601809956
1,599,395,395.3665158371042
1,600,395,395.47239819004534
1,601,396,395.57194570135755
1,602,396,395.52669683257943
1,603,396,395.4751131221721
1,604,395,395.3556561085973
1,605,395,395.1067873303168
1,606,395,394.866968325792
1,607,395,394.6361990950226
1,608,394,394.4144796380091
1,609,394,394.3402714932128
1,610,394,394.35203619909515
1,611,394,394.458823529412
1,612,395,394.5312217194573
1,613,395,394.63981900452495
1,614,395,394.8552036199097
1,615,395,395.047963800905
1,616,395,395.08868778280544
1,617,395,395.04796380090505
1,618,395,394.92579185520367
1,619,395,394.72217194570146
1,620,395,394.646153846154
1,621,394,394.5067873303168
1,622,394,394.32217194570137
1,623,394,394.11040723981904
1,624,394,393.8895927601811
1,625,394,393.67782805429863
1,626,394,393.6343891402716
1,627,393,393.51855203619914
1,628,393,393.3665158371043
1,629,393,393.07601809954764
1,630,393,392.6742081447965
1,631,393,392.31764705882375
1,632,393,392.0244343891404
1,633,391,391.8126696832581
1,634,391,391.77104072398197
1,635,391,391.6497737556562
1,636,391,391.4669683257919
1,637,392,391.3701357466064
1,638,392,391.43891402714945
1,639,392,391.5529411764707
1,640,392,391.7303167420815
1,641,391,391.7828054298645
1,642,391,391.72217194570163
1,643,392,391.4868778280544
1,644,392,391.21538461538483
1,645,391,391.046153846154
1,646,391,390.91764705882355
1,647,391,390.83891402714954
1,648,390,390.8190045248869
1,649,390,390.72850678733033
1,650,391,390.63800904977376
1,651,391,390.8271493212671
1,652,391,390.9755656108598
1,653,391,390.9719457013576
1,654,391,390.90497737556575
1,655,391,390.7927601809955
1,656,391,390.5149321266969
1,657,391,390.0805429864255
1,658,389,389.7665158371041
1,659,389,389.58190045248875
1,660,389,389.40633484162913
1,661,389,389.2579185520362
1,662,389,389.1547511312219
1,663,389,389.11493212669706
1,664,390,389.2271493212671
1,665,390,389.38009049773757
1,666,389,389.3239819004527
1,667,389,389.20904977375585
1,668,389,389.04434389140283
1,669,389,388.8389140271493
1,670,389,388.6723981900453
1,671,388,388.4244343891404
1,672,388,388.2515837104073
1,673,388,388.11040723981904
1,674,388,387.88959276018113
1,675,388,387.67782805429874
1,676,388,387.5638009049776
1,677,387,387.43619909502263
1,678,387,387.3221719457015
1,679,387,387.1104072398192
1,680,387,386.8895927601812
1,681,387,386.67782805429874
1,682,387,386.4226244343893
1,683,386,386.27149321266967
1,684,386,386.23348416289605
1,685,386,386.2497737556562
1,686,386,386.2615384615387
1,687,386,386.27782805429877
1,688,386,386.30769230769243
1,689,387,386.4307692307693
1,690,387,386.52669683257926
1,691,387,386.54570135746604
1,692,386,386.4380090497739
1,693,386,386.2217194570136
1,694,386,385.914932126697
1,695,386,385.535746606335
1,696,385,385.1022624434391
1,697,385,384.7004524886878
1,698,384,384.41628959276045
1,699,384,384.19728506787334
1,700,384,384.0524886877829
1,701,384,384.0524886877829
1,702,384,384.47963800904984
1,703,384,384.81628959276037
1,704,385,385.38371040724
1,705,385,385.5031674208146
1,706,386,385.04705882352954
1,707,386,384.28778280542997
1,708,386,383.21809954751143
1,709,382,382.03076923076935
1,710,382,380.8506787330319
1,711,376,379.60271493212696
1,712,376,378.3475113122173
1,713,377,377.34570135746606
1,714,377,376.7900452488688
1,715,378,376.7438914027152
1,716,378,377.1411764705884
1,717,377,376.7945701357468
1,718,377,377.316742081448
1,719,379,377.8226244343892
1,720,379,378.41538461538477
1,721,379,379.51312217194584
1,722,378,381.8361990950227
1,723,378,383.71402714932134
1,724,388,385.0760180995476
1,725,388,385.78371040723994
1,726,388,385.8986425339368
1,727,391,385.6886877828056
1,728,391,384.9511312217196
1,729,378,383.82443438914044
1,730,378,382.0995475113123
1,731,378,379.96742081447974
1,732,378,378.72398190045266
1,733,378,377.935746606335
1,734,378,377.53665158371064
1,735,379,377.94389140271505
1,736,379,379.1746606334843
1,737,380,379.80180995475126
1,738,380,380.19819004524885
1,739,381,380.0199095022626
1,740,380,379.9230769230771
1,741,380,379.7303167420815
1,742,381,379.6642533936652
1,743,381,379.7384615384616
1,744,377,379.9665158371042
1,745,377,380.29140271493225
1,746,382,380.85610859728513
1,747,382,381.80633484162905
1,748,384,382.7493212669685
1,749,384,383.4190045248869
1,750,385,384.41719457013585
1,751,385,385.66244343891407
1,752,387,386.39004524886883
1,753,387,386.63257918552046
1,754,386,387.23257918552054
1,755,386,387.9674208144797
1,756,390,388.64434389140274
1,757,390,388.7330316742082
1,758,389,389.7592760180997
1,759,389,390.156561085973
1,760,391,389.8054298642536
1,761,391,389.6315449256624
1,762,388,388.9500499500497
1,763,388,388.10001110001093
1,764,393,387.0000000000003
1,765,382,385.5592074592076
1,766,382,384.8080808080801
1,767,388,386.39393939393943
1,768,388,386.32126696832586
1,769,388,387.01266968325797
1,770,388,387.5954751131222
1,771,389,388.514932126697
1,772,389,389.34570135746617
1,773,389,390.0063348416291
1,774,389,390.3357466063349
1,775,392,390.6407239819007
1,776,392,391.3049773755658
1,777,392,391.91221719457025
1,778,392,392.5285067873304
1,779,393,393.43167420814495
1,780,393,394.09954751131227
1,781,395,394.28416289592775
1,782,395,394.3375565610861
1,783,395,394.6823529411766
1,784,396,394.9411764705884
1,785,396,395.0162895927603
1,786,393,395.00995475113126
1,787,393,395.0950226244344
1,788,396,395.0443438914028
1,789,396,394.9755656108598
1,790,395,395.0063348416291
1,791,395,395.11855203619916
1,792,396,395.43257918552047
1,793,396,395.79819004524904
1,794,395,395.92036199095037
1,795,395,396.0361990950227
1,796,397,396.3864253393665
1,797,397,396.60904977375577
1,798,397,396.81538461538474
1,799,397,397.0398190045249
1,800,398,397.3140271493215
1,801,398,397.6696832579187
1,802,397,398.0027149321268
1,803,397,398.2090497737559
1,804,399,398.52941176470597
1,805,399,398.80452488687797
1,806,399,398.94570135746613
1,807,400,399.06425339366535
1,808,400,399.27149321266984
1,809,399,399.4787330316743
1,810,399,399.5294117647061
1,811,399,399.46696832579204
1,812,399,399.5411764705884
1,813,400,399.6018099547512
1,814,400,399.7104072398192
1,815,400,399.86696832579196
1,816,400,399.9393665158373
1,817,400,399.927601809955
1,818,400,399.96380090497746
1,819,400,399.9095022624436
1,820,400,399.7647058823531
1,821,399,399.59728506787343
1,822,399,399.4751131221721
1,823,400,399.39819004524895
1,824,400,399.36651583710415
1,825,399,399.5212669683259
1,826,399,399.60361990950224
1,827,399,399.6316742081449
1,828,400,399.623529411765
1,829,400,399.4588235294121
1,830,400,399.21719457013586
1,831,400,399.04615384615386
1,832,398,398.8932126696834
1,833,398,398.7791855203622
1,834,398,398.5248868778281
1,835,398,398.1574660633485
1,836,398,397.84253393665176
1,837,398,397.5457013574662
1,838,398,397.3031674208146
1,839,398,397.22171945701376
1,840,396,397.07239819004536
1,841,396,396.76470588235304
1,842,396,396.4144796380092
1,843,396,395.9375565610861
1,844,396,395.2470588235295
1,845,396,394.65610859728514
1,846,395,394.342081447964
1,847,393,394.0823529411765
1,848,393,393.65429864253406
1,849,392,393.23529411764713
1,850,392,393.07330316742093
1,851,394,392.81628959276026
1,852,394,392.59819004524894
1,853,392,392.3529411764708
1,854,392,392.08506787330316
1,855,392,391.5221719457014
1,856,392,391.0009049773756
1,857,389,390.1782805429866
1,858,389,389.2588235294118
1,859,388,388.5945701357467
1,860,388,387.8760180995476
1,861,387,386.9348416289594
1,862,387,386.0027149321268
1,863,385,385.31131221719477
1,864,385,384.69230769230774
1,865,384,383.90950226244354
1,866,382,383.12669683257934
1,867,382,382.4371040723983
1,868,382,381.7339366515839
1,869,382,380.8371040723984
1,870,380,380.1665158371042
1,871,380,379.65882352941185
1,872,379,379.2506787330317
1,873,379,378.87601809954765
1,874,377,378.39185520362
1,875,377,378.0552036199097
1,876,379,377.78190045248874
1,877,379,377.6262443438915
1,878,377,377.36561085972863
1,879,377,377.17737556561093
1,880,377,376.9592760180996
1,881,377,376.80904977375576
1,882,376,376.4769230769232
1,883,376,376.1131221719459
1,884,376,376.0036199095024
1,885,376,376.0343891402715
1,886,376,376.0262443438915
1,887,376,376.00000000000006
1,888,376,375.83257918552044
1,889,376,375.8009049773756
1,890,376,375.7665158371042
1,891,376,375.7909502262444
1,892,376,375.72398190045266
1,893,375,375.81538461538474
1,894,375,376.0380090497739
1,895,377,376.3647058823531
1,896,377,376.62714932126704
1,897,377,377.0570135746608
1,898,377,377.6796380090498
1,899,379,378.3203619909503
1,900,379,378.87239819004543
1,901,379,379.29049773755673
1,902,379,379.52036199095045
1,903,381,379.8434389140273
1,904,381,380.20271493212687
1,905,380,380.47330316742097
1,906,380,380.7303167420817
1,907,381,381.0461538461539
1,908,381,381.4932126696835
1,909,382,382.0081447963802
1,910,383,382.5276018099549
1,911,383,383.19457013574686
1,912,384,383.9520361990951
1,913,384,384.6072398190045
1,914,386,385.1674208144797
1,915,386,385.4959276018101
1,916,386,385.85610859728524
1,917,386,386.37556561085984
1,918,387,386.9203619909502
1,919,387,387.36561085972863
1,920,387,387.65429864253406
1,921,387,387.9294117647059
1,922,390,388.05158371040744
1,923,390,388.48144796380103
1,924,389,389.12850678733037
1,925,389,389.902262443439
1,926,389,390.8506787330317
1,927,391,391.8217194570136
1,928,391,392.73393665158375
1,929,396,393.57647058823545
1,930,396,394.4832579185521
1,931,396,395.32669683257933
1,932,396,395.84343891402733
1,933,396,396.17013574660655
1,934,396,396.1638009049775
1,935,396,396.158371040724
1,936,395,396.0199095022624
1,937,396,396.2479638009051
1,938,396,396.4805429864254
1,939,397,396.70859728506787
1,940,397,396.78190045248886
1,941,398,396.950226244344
1,942,398,397.25701357466085
1,943,397,397.5457013574662
1,944,397,397.65972850678736
1,945,397,397.7809954751132
1,946,397,397.750226244344
1,947,399,397.8171945701359
1,948,399,397.8932126696834
1,949,398,398.0986425339367
1,950,398,398.3538461538464
1,951,398,398.51131221719476
1,952,398,398.623529411765
1,953,399,398.74298642533955
1,954,399,398.7221719457015
1,955,399,398.75837104072417
1,956,399,398.8488687782808
1,957,399,398.99638009049795
1,958,399,399.00361990950256
1,959,399,398.80904977375576
1,960,398,398.55113122171963
1,961,398,398.4389140271495
1,962,399,398.2814479638011
1,963,399,398.0262443438914
1,964,397,397.82081447963816
1,965,397,397.8153846153847
1,966,398,397.76018099547525
1,967,398,397.6823529411766
1,968,397,397.47058823529414
1,969,397,397.3547511312218
1,970,398,397.23257918552054
1,971,398,397.0787330316743
1,972,396,396.6615384615386
1,973,396,396.14932126696846
1,974,396,395.99004524886897
1,975,396,395.63167420814494
1,976,394,395.0081447963802
1,977,394,394.2533936651585
1,978,394,393.7104072398191
1,979,394,393.1221719457015
1,980,394,392.1610859728508
1,981,390,391.2995475113123
1,982,390,390.87420814479657
1,983,390,390.42171945701375
1,984,390,389.6850678733033
1,985,388,389.0072398190048
1,986,388,388.5221719457015
1,987,390,388.1638009049774
1,988,390,388.07511312217196
1,989,386,387.64524886877837
1,990,386,387.34298642533946
1,991,387,386.88416289592766
1,992,387,386.46153846153857
1,993,386,386.0642533936653
1,994,386,385.481447963801
1,995,385,385.05339366515847
1,996,385,384.7203619909504
1,997,383,384.1511312217196
1,998,384,383.41447963800925
1,999,384,382.7828054298644
1,1000,381,382.1285067873305
1,1001,381,381.46515837104084
1,1002,381,380.80633484162905
1,1003,381,380.0950226244345
1,1004,379,379.4742081447964
1,1005,379,378.8099547511314
1,1006,378,378.30678733031687
1,1007,378,377.96651583710417
1,1008,377,377.4461538461539
1,1009,377,377.0027149321269
1,1010,377,376.681447963801
1,1011,377,376.5276018099549
1,1012,376,376.3095022624435
1,1013,376,376.1954751131223
1,1014,376,376.14479638009067
1,1015,376,376.1167420814481
1,1016,376,375.92941176470583
1,1017,376,375.8552036199091
1,1018,376,375.81718281718264
1,1019,376,375.72360972360957
1,1020,376,375.5757575757578
1,1021,375,375.42587412587426
1,1022,375,375.38888888888806
1,1023,376,375.81818181818164
1,1024,376,380.0506787330319
1,1025,377,379.16923076923086
1,1026,377,378.04705882352954
1,1027,378,377.51493212669686
1,1028,378,377.3972850678733
1,1029,378,377.46244343891414
1,1030,378,377.67601809954766
1,1031,378,378.4714932126699
1,1032,378,378.69773755656115
1,1033,380,379.0126696832581
1,1034,380,379.1683257918554
1,1035,379,379.4552036199095
1,1036,379,379.88687782805437
1,1037,381,380.26787330316756
1,1038,381,380.8027149321268
1,1039,381,381.4190045248871
1,1040,381,382.0443438914029
1,1041,383,382.60090497737565
1,1042,384,383.41085972850703
1,1043,384,384.31583710407256
1,1044,386,385.15746606334864
1,1045,386,385.9809954751132
1,1046,386,386.8316742081448
1,1047,386,387.7601809954752
1,1048,390,388.4171945701358
1,1049,390,388.79547511312245
1,1050,389,389.2262443438915
1,1051,389,389.56651583710413
1,1052,391,390.02081447963815
1,1053,391,390.323076923077
1,1054,389,390.54841628959286
1,1055,389,390.4923076923079
1,1056,392,390.9040723981902
1,1057,392,391.4561085972852
1,1058,392,391.89411764705886
1,1059,392,392.36380090497755
1,1060,393,393.0787330316744
1,1061,393,393.8524886877829
1,1062,395,394.29230769230776
1,1063,395,394.6054298642535
1,1064,395,395.2054298642535
1,1065,396,395.7058823529414
1,1066,396,395.929411764706
1,1067,396,396.09864253393675
1,1068,396,396.36832579185534
1,1069,397,396.49321266968326
1,1070,397,396.6434389140273
1,1071,396,396.7891402714933
1,1072,396,396.90316742081455
1,1073,398,397.09683257918573
1,1074,398,397.210859728507
1,1075,397,397.3565610859729
1,1076,397,397.43619909502263
1,1077,398,397.6904977375567
1,1078,398,398.0217194570137
1,1079,398,398.26425339366534
1,1080,398,398.452488687783
1,1081,399,398.8977375565614
1,1082,399,399.31131221719477
1,1083,400,399.47511312217216
1,1084,400,399.5710407239821
1,1085,400,399.7104072398192
1,1086,400,399.804524886878
1,1087,400,399.90588235294143
1,1088,399,399.866968325792
1,1089,399,399.8171945701359
1,1090,400,399.6859728506789
1,1091,400,399.6117647058826
1,1092,400,399.53303167420825
1,1093,400,399.4588235294119
1,1094,399,399.3981900452489
1,1095,399,399.43076923076933
1,1096,399,399.29773755656134
1,1097,399,399.07873303167446
1,1098,399,398.99185520362005
1,1099,399,398.8552036199097
1,1100,399,398.69592760181007
1,1101,399,398.5411764705884
1,1102,398,398.35022624434396
1,1103,398,398.0823529411765
1,1104,398,397.7647058823531
1,1105,397,397.4244343891404
1,1106,397,397.15927601809966
1,1107,397,396.8669683257919
1,1108,397,396.7248868778282
1,1109,396,396.5104072398191
1,1110,396,396.20995475113136
1,1111,396,395.80995475113133
1,1112,396,395.5058823529413
1,1113,395,394.9547511312219
1,1114,395,394.2199095022625
1,1115,393,393.494117647059
1,1116,393,393.0434389140274
1,1117,392,392.39547511312225
1,1118,392,391.6932126696833
1,1119,390,391.00904977375575
1,1120,390,390.55656108597304
1,1121,391,390.0108597285069
1,1122,391,389.45339366515844
1,1123,388,388.8180995475114
1,1124,388,388.3004524886878
1,1125,388,388.02805429864264
1,1126,388,387.7990950226246
1,1127,386,387.27963800904985
1,1128,386,386.67420814479647
1,1129,387,386.1846153846156
1,1130,387,385.8126696832581
1,1131,387,385.14479638009055
1,1132,384,384.5674208144797
1,1133,383,384.04615384615386
1,1134,383,383.7466063348417
1,1135,383,383.6307692307693
1,1136,383,383.46063348416305
1,1137,383,383.48144796380103
1,1138,384,383.5384615384615
1,1139,384,383.61538461538476
1,1140,385,383.4805429864254
1,1141,385,383.3665158371042
1,1142,382,383.09411764705897
1,1143,382,382.6904977375568
1,1144,381,382.18280542986435
1,1145,381,381.6687782805431
1,1146,382,381.18461538461554
1,1147,382,380.70497737556576
1,1148,380,380.34298642533946
1,1149,380,380.2117647058825
1,1150,380,380.01176470588257
1,1151,380,379.84343891402716
1,1152,379,379.59547511312235
1,1153,379,379.356561085973
1,1154,379,379.42443438914023
1,1155,380,379.4968325791856
1,1156,380,379.34208144796395
1,1157,379,379.1285067873305
1,1158,379,378.88325791855215
1,1159,379,378.633484162896
1,1160,379,378.26787330316756
1,1161,377,377.87511312217197
1,1162,377,377.47330316742097
1,1163,377,377.21900452488694
1,1164,377,377.0687782805431
1,1165,377,376.91131221719473
1,1166,377,376.764705882353
1,1167,377,376.7764705882354
1,1168,377,376.9556561085974
1,1169,377,377.03438914027157
1,1170,377,377.07420814479656
1,1171,377,377.19547511312226
1,1172,377,377.3095022624436
1,1173,378,377.52760180995483
1,1174,378,377.75203619909513
1,1175,378,378.2262443438915
1,1176,378,378.65520361990957
1,1177,379,378.7384615384617
1,1178,379,378.97556561085986
1,1179,380,379.4533936651584
1,1180,380,379.8588235294119
1,1181,381,380.22352941176484
1,1182,379,380.57918552036205
1,1183,379,380.81900452488696
1,1184,383,381.03619909502277
1,1185,383,381.2533936651585
1,1186,381,381.4932126696834
1,1187,381,381.7782805429866
1,1188,382,382.1312217194571
1,1189,382,382.64524886877837
1,1190,383,382.9366515837106
1,1191,383,382.88054298642544
1,1192,384,383.43529411764706
1,1193,384,384.14389140271504
1,1194,385,384.62262443438937
1,1195,385,385.08778280543
1,1196,385,385.473303167421
1,1197,385,385.9131221719458
1,1198,388,386.4027149321268
1,1199,387,386.93755656108607
1,1200,387,387.65429864253406
1,1201,388,388.2895927601811
1,1202,388,388.7864253393666
1,1203,390,389.2877828054299
1,1204,390,389.447963800905
1,1205,391,389.7212669683259
1,1206,391,390.49411764705883
1,1207,390,391.21447963800904
1,1208,390,391.8099547511314
1,1209,392,392.47601809954756
1,1210,392,392.9285067873305
1,1211,396,393.77194570135754
1,1212,396,394.5339366515838
1,1213,395,395.1574660633485
1,1214,395,395.78552036199096
1,1215,396,396.2868778280544
1,1216,396,396.53031674208154
1,1217,398,396.6588235294118
1,1218,396,396.6153846153847
1,1219,396,396.97013574660656
1,1220,398,397.2932126696835
1,1221,398,397.3665158371042
1,1222,397,397.3719457013575
1,1223,397,397.42081447963807
1,1224,398,397.4244343891405
1,1225,398,397.57104072398204
1,1226,397,397.57194570135755
1,1227,397,397.54117647058837
1,1228,398,397.72850678733045
1,1229,398,397.98371040723987
1,1230,398,398.15927601809955
1,1231,398,398.30769230769255
1,1232,399,398.4787330316744
1,1233,399,398.7221719457015
1,1234,399,398.95203619909523
1,1235,399,399.0823529411767
1,1236,399,399.23348416289616
1,1237,399,399.3257918552039
1,1238,399,399.35022624434407
1,1239,400,399.29773755656134
1,1240,400,399.3683257918554
1,1241,399,399.36199095022636
1,1242,399,399.21719457013586
1,1243,399,399.0723981900454
1,1244,399,398.9276018099549
1,1245,399,398.7828054298645
1,1246,399,398.77918552036215
1,1247,398,398.79638009049796
1,1248,398,398.7203619909503
1,1249,399,398.7104072398192
1,1250,399,398.5873303167421
1,1251,399,398.44886877828077
1,1252,399,398.1927601809956
1,1253,397,397.85520361990956
1,1254,397,397.47239819004534
1,1255,398,396.9420814479639
1,1256,396,396.36199095022636
1,1257,396,396.03891402714953
1,1258,395,395.67963800905
1,1259,395,395.3384615384617
1,1260,395,395.06968325791865
1,1261,395,394.5800904977377
1,1262,395,394.17647058823525
1,1263,395,394.2361990950227
1,1264,393,394.05972850678745
1,1265,393,393.833484162896
1,1266,393,393.4642533936653
1,1267,393,393.129411764706
1,1268,394,392.80633484162905
1,1269,394,392.4108597285069
1,1270,391,392.1384615384616
1,1271,391,391.78461538461545
1,1272,391,391.0036199095024
1,1273,391,390.26126814362095
1,1274,390,389.5044955044953
1,1275,389,388.89654789654776
1,1276,389,388.39860139860144
1,1277,387,387.62004662004665
1,1278,387,387.5505050505042
1,1279,389,388.7575757575758
1,1280,389,385.7791855203621
1,1281,386,385.90859728506797
1,1282,386,385.91493212669695
1,1283,386,385.927601809955
1,1284,386,385.550226244344
1,1285,384,384.9303167420815
1,1286,384,384.2796380090498
1,1287,384,383.4778280542987
1,1288,384,383.2443438914028
1,1289,381,382.7538461538462
1,1290,381,382.41357466063357
1,1291,383,382.01900452488695
1,1292,383,381.64253393665166
1,1293,381,381.00904977375575
1,1294,381,380.4434389140272
1,1295,380,380.1321266968327
1,1296,380,379.86153846153854
1,1297,378,379.2090497737558
1,1298,378,378.55203619909514
1,1299,378,378.2651583710408
1,1300,379,378.12307692307695
1,1301,379,377.83257918552044
1,1302,377,377.70045248868786
1,1303,377,377.756561085973
1,1304,378,377.8307692307694
1,1305,378,377.6117647058824
1,1306,377,377.38823529411764
1,1307,377,377.169230769231
1,1308,378,377.10226244343903
1,1309,378,377.1348416289594
1,1310,376,377.0081447963802
1,1311,376,376.8633484162897
1,1312,377,376.7683257918552
1,1313,377,376.79095022624443
1,1314,377,376.7927601809957
1,1315,377,376.83529411764715
1,1316,377,376.90678733031694
1,1317,377,377.19547511312226
1,1318,377,377.4063348416291
1,1319,378,377.6443438914028
1,1320,378,377.9411764705883
1,1321,378,378.32850678733047
1,1322,378,378.8407239819005
1,1323,380,379.31221719457017
1,1324,380,379.57466063348426
1,1325,380,379.8597285067874
1,1326,380,380.05158371040744
1,1327,381,380.37285067873313
1,1328,381,380.42533936651597
1,1329,380,380.6814479638011
1,1330,380,380.9185520361992
1,1331,382,381.5909502262445
1,1332,382,381.84072398190057
1,1333,383,382.7511312217196
1,1334,383,384.1592760180997
1,1335,387,386.04072398190056
1,1336,387,388.17104072398206
1,1337,389,390.68144796380096
1,1338,389,392.84434389140296
1,1339,398,394.5692307692308
1,1340,398,395.57194570135755
1,1341,398,396.0479638009051
1,1342,398,395.64253393665166
1,1343,398,395.22533936651604
1,1344,392,394.45067873303174
1,1345,390,393.53212669683273
1,1346,390,392.2832579185522
1,1347,391,391.9049773755657
1,1348,391,391.7276018099549
1,1349,394,391.9167420814481
1,1350,394,392.42895927601813
1,1351,394,393.4208144796381
1,1352,394,394.00904977375575
1,1353,394,394.43348416289604
1,1354,394,394.7013574660635
1,1355,395,395.01719457013587
1,1356,395,395.2470588235295
1,1357,396,395.74298642533955
1,1358,396,396.1864253393667
1,1359,397,396.67058823529425
1,1360,397,397.1502262443441
1,1361,398,397.5800904977376
1,1362,398,397.91493212669695
1,1363,398,398.24796380090527
1,1364,398,398.47239819004534
1,1365,399,398.69049773755677
1,1366,399,398.80452488687797
1,1367,399,398.9257918552038
1,1368,399,398.9656108597286
1,1369,399,399.0443438914028
1,1370,399,399.0823529411767
1,1371,399,399.07058823529434
1,1372,399,399.0000000000001
1,1373,399,399.0705882352943
1,1374,399,399.0823529411767
1,1375,399,399.1149321266969
1,1376,399,399.0479638009051
1,1377,399,398.8289592760182
1,1378,399,398.60542986425355
1,1379,399,398.59819004524894
1,1380,398,398.35746606334857
1,1381,398,398.0488687782806
1,1382,397,397.7701357466064
1,1383,397,397.41900452488704
1,1384,398,397.2434389140272
1,1385,398,396.8914027149322
1,1386,395,396.2850678733033
1,1387,396,395.7466063348417
1,1388,396,395.3239819004527
1,1389,395,394.8651583710409
1,1390,395,394.14479638009055
1,1391,392,393.5375565610861
1,1392,392,393.4914027149322
1,1393,394,393.45429864253407
1,1394,394,392.94208144796386
1,1395,392,392.60904977375577
1,1396,392,392.70316742081457
1,1397,394,392.604524886878
1,1398,394,392.3764705882354
1,1399,390,391.79638009049785
1,1400,390,391.31493212669693
1,1401,392,390.8479638009052
1,1402,392,390.185520361991
1,1403,388,389.3819004524889
1,1404,388,388.9674208144798
1,1405,389,388.46696832579204
1,1406,389,388.0977375565611
1,1407,386,387.59909502262457
1,1408,386,386.9104072398192
1,1409,388,386.45158371040725
1,1410,388,386.0425339366516
1,1411,383,385.2995475113123
1,1412,385,384.43891402714945
1,1413,385,383.67149321266976
1,1414,382,383.0081447963802
1,1415,382,382.18552036199117
1,1416,381,381.3402714932128
1,1417,381,380.81266968325804
1,1418,380,380.54298642533956
1,1419,380,379.92036199095025
1,1420,380,379.61085972850685
1,1421,380,379.5276018099549
1,1422,379,379.30950226244346
1,1423,379,379.26606334841637
1,1424,379,379.15656108597295
1,1425,379,379.0787330316743
1,1426,379,378.921266968326
1,1427,379,378.77285067873316
1,1428,379,378.7221719457014
1,1429,379,378.65791855203616
1,1430,378,378.46877828054306
1,1431,378,378.2434389140273
1,1432,378,377.92941176470595
1,1433,378,377.6742081447964
1,1434,378,377.4162895927604
1,1435,377,377.294117647059
1,1436,377,377.3782805429865
1,1437,377,377.5393665158373
1,1438,377,377.57737556561096
1,1439,378,377.69230769230774
1,1440,378,377.87511312217197
1,1441,379,378.11674208144814
1,1442,379,378.26696832579194
1,1443,378,378.43710407239826
1,1444,378,378.73212669683267
1,1445,379,378.9864253393667
1,1446,379,378.96108597285075
1,1447,379,379.1556561085974
1,1448,379,379.52488687782807
1,1449,381,380.0325791855205
1,1450,381,380.43981900452496
1,1451,380,380.839819004525
1,1452,380,381.2488687782807
1,1453,383,381.5393665158371
1,1454,383,381.9837104072399
1,1455,382,382.58009049773773
1,1456,382,383.1266968325793
1,1457,384,383.83710407239823
1,1458,384,384.5248868778281
1,1459,384,384.72398190045254
1,1460,387,384.9683257918553
1,1461,387,385.58280542986427
1,1462,386,386.2923076923077
1,1463,386,386.8244343891404
1,1464,386,387.3067873303168
1,1465,386,387.86425339366525
1,1466,390,388.42171945701364
1,1467,390,388.76561085972867
1,1468,390,389.56832579185533
1,1469,390,390.42533936651597
1,1470,391,390.93212669683265
1,1471,391,391.48416289592774
1,1472,392,392.0615384615386
1,1473,392,392.44434389140287
1,1474,394,392.96380090497746
1,1475,393,393.55113122171946
1,1476,393,394.1429864253395
1,1477,396,394.6760180995476
1,1478,396,395.15475113122176
1,1479,395,395.58371040723983
1,1480,395,396.03800904977385
1,1481,397,396.3927601809956
1,1482,397,396.80000000000007
1,1483,397,397.0733031674209
1,1484,397,397.22895927601826
1,1485,398,397.62805429864267
1,1486,398,398.102262443439
1,1487,398,398.35656108597294
1,1488,398,398.4343891402716
1,1489,399,398.58552036199114
1,1490,399,398.6597285067874
1,1491,399,398.64796380090525
1,1492,399,398.5411764705884
1,1493,398,398.4687782805431
1,1494,398,398.36018099547533
1,1495,398,398.35656108597294
1,1496,398,398.1990950226245
1,1497,398,398.11493212669706
1,1498,398,397.93122171945726
1,1499,398,397.7547511312218
1,1500,398,397.4923076923078
1,1501,398,397.05067873303176
1,1502,396,396.5366515837106
1,1503,396,396.12760180995485
1,1504,395,395.6009049773757
1,1505,395,395.01085972850683
1,1506,394,394.41176470588255
1,1507,394,393.92850678733043
1,1508,394,393.4859728506788
1,1509,394,393.14751131221726
1,1510,392,392.6995475113123
1,1511,392,392.4696832579187
1,1512,392,392.1058823529413
1,1513,392,391.73303167420835
1,1514,391,391.47873303167427
1,1515,391,391.07058823529417
1,1516,391,390.5104072398191
1,1517,391,390.00000000000006
1,1518,389,389.5375565610861
1,1519,389,388.9212669683259
1,1520,389,388.3647058823531
1,1521,386,387.68144796380096
1,1522,386,386.89411764705886
1,1523,387,386.025339366516
1,1524,387,385.16561085972864
1,1525,384,384.40542986425356
1,1526,384,383.6289592760182
1,1527,382,382.92036199095025
1,1528,382,382.43167420814484
1,1529,381,381.66139742610306
1,1530,381,381.115884115884
1,1531,381,380.9062049062048
1,1532,381,380.6421911421914
1,1533,380,380.46596736596746
1,1534,380,379.8333333333325
1,1535,379,378.96969696969694
1,1536,379,380.33393665158377
1,1537,378,379.29592760181004
1,1538,378,378.42986425339376
1,1539,378,378.1122171945702
1,1540,378,378.3194570135747
1,1541,377,379.60090497737576
1,1542,377,380.7058823529413
1,1543,384,381.7656108597286
1,1544,384,382.21900452488705
1,1545,384,382.36923076923097
1,1546,386,382.1665158371041
1,1547,386,381.6289592760181
1,1548,376,380.77466063348425
1,1549,376,379.48325791855217
1,1550,377,377.8343891402716
1,1551,377,376.80633484162905
1,1552,376,375.97737556561106
1,1553,376,375.4199095022626
1,1554,376,375.4126696832581
1,1555,376,376.03438914027146
1,1556,376,375.9113122171948
1,1557,376,375.86968325791867
1,1558,376,375.88868778280556
1,1559,376,376.1475113122173
1,1560,376,376.5511312217194
1,1561,377,377.00452488687785
1,1562,377,377.4099547511312
1,1563,378,377.86968325791867
1,1564,378,378.4180995475113
1,1565,380,378.8895927601811
1,1566,380,379.11583710407245
1,1567,379,379.3285067873305
1,1568,379,379.55294117647065
1,1569,380,379.7529411764707
1,1570,380,379.8307692307694
1,1571,379,379.89773755656125
1,1572,379,379.7945701357467
1,1573,381,379.9800904977377
1,1574,381,380.17466063348417
1,1575,380,379.95746606334853
1,1576,380,379.9076923076923
1,1577,380,380.18914027149333
1,1578,380,380.5656108597286
1,1579,381,380.8009049773757
1,1580,380,381.0782159017451
1,1581,380,381.68331668331655
1,1582,384,382.3707403707401
1,1583,384,383.06876456876483
1,1584,383,383.645920745921
1,1585,383,383.8636363636356
1,1586,384,383.3939393939393
2,0,383,384.3158371040725
2,1,383,384.7230769230771
2,2,383,385.4036199095023
2,3,388,386.07149321266974
2,4,388,386.90226244343904
2,5,389,387.65067873303184
2,6,389,388.4714932126697
2,7,389,389.31040723981914
2,8,389,389.83619909502266
2,9,390,390.04705882352954
2,10,390,390.00000000000017
2,11,390,390.30588235294135
2,12,391,390.5755656108598
2,13,391,390.9113122171946
2,14,391,391.2153846153848
2,15,391,391.4606334841629
2,16,392,391.6199095022626
2,17,392,391.7339366515837
2,18,392,391.8434389140273
2,19,392,391.92126696832594
2,20,392,392.0787330316743
2,21,392,392.29773755656134
2,22,392,392.43076923076933
2,23,392,392.398190045249
2,24,393,392.4588235294118
2,25,393,392.4624434389141
2,26,393,392.5294117647059
2,27,393,392.71221719457026
2,28,392,392.8633484162897
2,29,392,392.9031674208145
2,30,393,392.952036199095
2,31,393,392.9918552036201
2,32,394,393.1429864253394
2,33,394,393.3257918552036
2,34,393,393.6018099547513
2,35,393,393.8325791855205
2,36,394,393.95022624434404
2,37,394,393.8868778280543
2,38,394,393.78099547511323
2,39,394,393.5710407239819
2,40,394,393.4045248868778
2,41,393,393.2289592760182
2,42,393,392.9239819004525
2,43,392,393.27511312217206
2,44,392,393.1357466063349
2,45,392,392.5438914027151
2,46,392,391.6081447963802
2,47,392,390.43710407239826
2,48,392,388.3628959276019
2,49,392,386.77918552036203
2,50,382,385.756561085973
2,51,382,385.15656108597295
2,52,382,385.1819004524888
2,53,382,385.6352941176473
2,54,382,386.3963800904978
2,55,393,387.55384615384617
2,56,393,388.99638009049784
2,57,393,390.82171945701367
2,58,393,391.54298642533945
2,59,391,391.8823529411767
2,60,390,391.65610859728514
2,61,390,390.8190045248869
2,62,389,389.32579185520376
2,63,389,388.7248868778281
2,64,388,388.16470588235313
2,65,388,387.49683257918565
2,66,387,387.1728506787332
2,67,387,387.1638009049775
2,68,387,387.1022624434391
2,69,387,386.81266968325804
2,70,386,386.99276018099556
2,71,386,387.1864253393666
2,72,389,387.00000000000006
2,73,389,387.03981900452493
2,74,386,387.2904977375566
2,75,386,387.53665158371064
2,76,390,387.55746606334844
2,77,386,387.73212669683267
2,78,386,388.0271493212671
2,79,390,388.2090497737558
2,80,390,388.66606334841646
2,81,388,389.1864253393667
2,82,388,389.4959276018101
2,83,391,389.52036199095033
2,84,391,389.875113122172
2,85,389,389.6217194570136
2,86,389,389.0425339366517
2,87,389,388.6914027149321
2,88,389,388.46334841628965
2,89,387,387.8588235294118
2,90,387,386.98461538461544
2,91,386,386.4217194570137
2,92,386,386.1538461538463
2,93,386,385.69954751131223
2,94,386,385.11312217194575
2,95,384,384.70769230769247
2,96,384,384.59004524886893
2,97,385,384.17828054298656
2,98,385,384.0289592760182
2,99,383,384.2153846153847
2,100,383,384.41085972850686
2,101,385,384.4923076923078
2,102,385,384.7366515837105
2,103,384,385.0081447963802
2,104,387,385.17104072398206
2,105,387,385.29321266968344
2,106,384,385.4425339366517
2,107,384,385.48325791855217
2,108,386,385.27963800904985
2,109,386,384.96742081447974
2,110,384,384.68235294117665
2,111,384,384.427149321267
2,112,385,384.4199095022625
2,113,385,384.5556561085975
2,114,383,384.32579185520376
2,115,383,383.8895927601812
2,116,385,383.81266968325804
2,117,385,383.72217194570146
2,118,383,383.2452488687784
2,119,383,382.8090497737557
2,120,382,382.7728506787331
2,121,382,382.69592760181
2,122,383,382.2054298642535
2,123,381,381.7285067873305
2,124,381,381.6923076923078
2,125,383,381.72398190045254
2,126,383,381.45067873303174
2,127,380,381.29954751131237
2,128,380,381.28235294117655
2,129,382,381.21085972850693
2,130,382,381.2416289592761
2,131,380,381.0542986425341
2,132,380,380.8696832579187
2,133,382,380.8443438914027
2,134,382,380.7321266968327
2,135,380,380.412669683258
2,136,380,380.3004524886879
2,137,380,380.27511312217206
2,138,380,380.1610859728508
2,139,379,379.84705882352955
2,140,379,379.4832579185521
2,141,381,379.3556561085973
2,142,381,379.350226244344
2,143,378,379.28778280543
2,144,378,379.1891402714933
2,145,379,379.0723981900454
2,146,379,378.9556561085974
2,147,379,378.7891402714933
2,148,379,378.52307692307704
2,149,379,378.45248868778293
2,150,378,378.47239819004534
2,151,378,378.27420814479655
2,152,378,377.9493212669684
2,153,378,377.58371040723995
2,154,377,377.2633484162897
2,155,377,377.00633484162904
2,156,377,376.83076923076936
2,157,377,376.82533936651595
2,158,376,376.7402714932128
2,159,376,376.5936651583712
2,160,377,376.53303167420825
2,161,377,376.5674208144797
2,162,377,376.56742081447976
2,163,377,376.6036199095024
2,164,376,376.67601809954755
2,165,376,376.78461538461545
2,166,377,376.86153846153854
2,167,377,376.83891402714937
2,168,377,376.8552036199096
2,169,377,376.84886877828063
2,170,377,376.75837104072406
2,171,377,376.72217194570146
2,172,377,376.5312217194571
2,173,376,376.37647058823535
2,174,376,376.44886877828054
2,175,376,376.5393665158373
2,176,376,376.64796380090513
2,177,377,376.77466063348436
2,178,377,376.9900452488688
2,179,378,377.0941176470589
2,180,378,377.225339366516
2,181,377,377.2452488687784
2,182,377,377.2153846153847
2,183,377,377.1972850678734
2,184,377,377.052488687783
2,185,376,376.8488687782806
2,186,377,376.65429864253406
2,187,377,376.7484162895928
2,188,377,376.8108597285068
2,189,377,376.7303167420815
2,190,376,376.5954751131223
2,191,376,376.3538461538463
2,192,377,376.15294117647073
2,193,377,375.9339366515838
2,194,375,375.77647058823544
2,195,375,375.62805429864267
2,196,375,375.5067873303169
2,197,375,375.3601809954752
2,198,376,375.1266968325792
2,199,376,375.00633484162904
2,200,375,375.1285067873305
2,201,375,375.4226244343894
2,202,375,375.4705882352942
2,203,375,375.65429864253394
2,204,376,375.93755656108596
2,205,377,376.2841628959276
2,206,377,376.7963800904978
2,207,377,377.37647058823535
2,208,377,377.929411764706
2,209,379,378.3601809954752
2,210,379,378.5710407239821
2,211,379,378.6642533936652
2,212,379,378.742081447964
2,213,379,378.84524886877847
2,214,379,378.74389140271495
2,215,378,378.6787330316743
2,216,378,378.6135746606336
2,217,379,378.78914027149335
2,218,379,379.0461538461541
2,219,379,379.3665158371042
2,220,379,379.66153846153856
2,221,381,380.0425339366517
2,222,381,380.3411764705883
2,223,381,380.5095022624437
2,224,381,380.8226244343891
2,225,381,381.41719457013585
2,226,381,382.0298642533937
2,227,382,382.46515837104084
2,228,382,382.9276018099549
2,229,384,383.76289592760196
2,230,386,384.5167420814481
2,231,386,384.94117647058835
2,232,385,385.3882352941177
2,233,385,385.93574660633493
2,234,387,386.2615384615386
2,235,387,386.1764705882354
2,236,385,386.0914027149322
2,237,385,386.35203619909504
2,238,388,386.7809954751133
2,239,388,386.93665158371056
2,240,386,387.1800904977377
2,241,386,387.5185520361992
2,242,390,388.1656108597287
2,243,390,388.86425339366525
2,244,388,389.42171945701375
2,245,388,389.90678733031683
2,246,392,390.6624434389141
2,247,392,391.4316742081449
2,248,392,391.60995475113134
2,249,392,391.8574954457305
2,250,393,392.3216783216782
2,251,393,392.47219447219425
2,252,393,392.4813519813522
2,253,393,393.22727272727275
2,254,393,394.2222222222213
2,255,397,396.54545454545456
2,256,397,391.3457013574662
2,257,397,392.90316742081467
2,258,396,394.56018099547526
2,259,396,395.8289592760182
2,260,396,396.82171945701356
2,261,396,397.3004524886878
2,262,396,397.29773755656123
2,263,397,396.5755656108598
2,264,397,396.62533936651596
2,265,397,396.7384615384617
2,266,397,396.7764705882354
2,267,397,396.8009049773756
2,268,397,396.8027149321269
2,269,396,396.77285067873316
2,270,396,396.702262443439
2,271,397,396.7203619909504
2,272,397,396.68597285067887
2,273,397,396.7285067873304
2,274,397,396.9095022624436
2,275,397,397.0904977375565
2,276,397,397.1303167420814
2,277,397,397.1493212669684
2,278,397,397.12036199095036
2,279,398,397.28416289592775
2,280,398,397.5429864253395
2,281,397,397.8696832579188
2,282,397,398.23710407239827
2,283,399,398.5475113122174
2,284,399,398.90316742081467
2,285,400,399.3384615384617
2,286,400,399.68778280543
2,287,400,400.0624434389142
2,288,400,400.37375565610876
2,289,400,400.4651583710409
2,290,401,400.3800904977377
2,291,401,400.43891402714956
2,292,400,400.36199095022647
2,293,400,400.3583710407241
2,294,400,400.23710407239844
2,295,400,400.15746606334847
2,296,400,399.8787330316744
2,297,400,399.29592760181
2,298,399,398.84253393665176
2,299,399,398.4751131221722
2,300,398,398.0823529411766
2,301,398,397.8941176470589
2,302,396,397.66968325791873
2,303,396,397.37466063348427
2,304,398,397.1040723981903
2,305,398,397.0144796380091
2,306,398,396.9855203619911
2,307,398,397.0968325791857
2,308,396,397.3601809954752
2,309,396,397.58733031674217
2,310,397,397.3782805429866
2,311,398,397.1330316742083
2,312,398,397.39276018099565
2,313,398,397.49864253393685
2,314,398,397.4162895927603
2,315,396,397.31131221719477
2,316,396,397.1457013574662
2,317,398,396.68144796380096
2,318,398,395.88144796380095
2,319,394,395.2470588235295
2,320,394,395.0877828054299
2,321,395,394.78371040723994
2,322,395,394.1248868778281
2,323,392,393.42443438914034
2,324,392,393.05339366515835
2,325,395,392.9185520361992
2,326,395,392.942081447964
2,327,390,392.633484162896
2,328,390,392.30226244343896
2,329,394,391.9728506787331
2,330,394,391.86968325791867
2,331,391,391.7366515837105
2,332,391,391.51764705882357
2,333,391,391.7782805429865
2,334,391,392.0841628959278
2,335,391,391.72669683257925
2,336,393,391.1972850678734
2,337,393,391.12036199095036
2,338,391,391.12036199095036
2,339,391,390.6859728506788
2,340,389,390.3058823529413
2,341,389,390.0506787330318
2,342,390,389.79095022624443
2,343,390,389.53574660633495
2,344,389,389.64162895927615
2,345,389,389.8651583710409
2,346,391,389.89502262443455
2,347,391,390.0199095022625
2,348,390,390.1131221719458
2,349,390,390.04796380090494
2,350,390,390.1131221719458
2,351,389,389.9972850678734
2,352,389,389.6687782805431
2,353,390,389.09592760181005
2,354,390,388.7330316742082
2,355,388,388.2343891402716
2,356,388,387.46334841628965
2,357,386,386.6832579185522
2,358,386,386.0895927601811
2,359,385,385.3393665158371
2,360,385,384.4959276018101
2,361,383,383.89049773755664
2,362,383,383.7276018099549
2,363,384,383.4054298642535
2,364,384,382.9963800904979
2,365,382,382.55475113122185
2,366,382,382.25791855203636
2,367,383,382.00361990950233
2,368,383,382.10135746606346
2,369,380,381.91312217194576
2,370,380,381.61628959276027
2,371,382,381.314932126697
2,372,382,381.11312217194575
2,373,382,380.7701357466064
2,374,382,380.44524886877844
2,375,379,380.36561085972863
2,376,379,380.3583710407241
2,377,379,379.97375565610866
2,378,380,379.5619909502264
2,379,380,379.40000000000015
2,380,380,379.3647058823531
2,381,380,379.6153846153847
2,382,379,379.9113122171948
2,383,379,379.8733031674208
2,384,380,379.7221719457014
2,385,380,379.466968325792
2,386,380,379.2552036199096
2,387,380,379.17556561085973
2,388,378,378.98733031674215
2,389,378,378.58552036199103
2,390,378,378.1266968325794
2,391,378,377.7610859728508
2,392,378,377.5067873303168
2,393,378,377.3203619909503
2,394,376,377.2995475113123
2,395,376,377.3420814479639
2,396,378,377.13665158371055
2,397,378,376.9719457013575
2,398,377,376.8570135746608
2,399,377,376.8009049773757
2,400,377,376.7420814479639
2,401,376,376.81900452488696
2,402,376,376.82533936651595
2,403,377,376.7547511312219
2,404,377,376.66334841628964
2,405,377,376.80723981900456
2,406,377,376.95927601809956
2,407,378,377.2923076923078
2,408,378,377.69954751131223
2,409,377,378.13574660633486
2,410,377,378.6171945701359
2,411,380,379.2280542986427
2,412,380,379.78190045248886
2,413,381,380.3628959276019
2,414,381,380.846153846154
2,415,382,381.58642533936666
2,416,382,382.2000000000001
2,417,382,382.371040723982
2,418,382,382.3837104072399
2,419,383,382.5194570135748
2,420,383,382.65972850678753
2,421,384,382.75656108597286
2,422,382,382.9619909502263
2,423,382,383.21900452488705
2,424,384,383.6705882352942
2,425,384,384.1828054298644
2,426,385,384.8217194570138
2,427,385,385.5828054298644
2,428,387,386.4615384615386
2,429,387,387.45339366515833
2,430,389,388.27692307692314
2,431,389,388.8416289592762
2,432,390,389.5927601809956
2,433,390,390.2986425339367
2,434,391,391.0072398190046
2,435,391,391.49592760181014
2,436,392,392.08959276018106
2,437,392,392.5746606334842
2,438,394,393.08506787330316
2,439,394,393.55475113122185
2,440,394,394.0588235294118
2,441,394,394.47239819004534
2,442,395,394.73846153846165
2,443,395,395.00000000000017
2,444,395,395.3321266968327
2,445,396,395.60995475113134
2,446,396,396.0561085972852
2,447,396,396.49321266968326
2,448,396,396.8144796380092
2,449,398,397.11312217194586
2,450,398,397.4823529411766
2,451,398,397.8153846153848
2,452,398,398.0760180995476
2,453,398,398.71945701357475
2,454,398,399.0009049773758
2,455,399,398.93846153846175
2,456,399,398.6208144796382
2,457,399,398.21357466063364
2,458,399,397.1266968325793
2,459,399,396.3113122171947
2,460,394,395.74932126696854
2,461,394,395.4932126696833
2,462,394,395.3954751131223
2,463,393,395.5149321266969
2,464,393,395.9104072398192
2,465,400,396.6434389140272
2,466,400,397.57556561085977
2,467,400,398.63619909502285
2,468,399,399.26244343891415
2,469,399,399.8235294117649
2,470,400,400.135746606335
2,471,400,399.9447963800907
2,472,399,399.39638009049787
2,473,399,399.466968325792
2,474,400,399.53303167420825
2,475,400,399.6742081447966
2,476,399,399.63167420814494
2,477,399,399.5556561085974
2,478,400,399.4642533936654
2,479,400,399.3140271493214
2,480,399,398.99366515837124
2,481,399,398.5918552036201
2,482,398,398.26515837104085
2,483,398,397.8995475113124
2,484,397,397.58371040723995
2,485,397,397.26787330316756
2,486,397,397.038009049774
2,487,397,396.98009049773776
2,488,397,397.185520361991
2,489,397,397.3457013574661
2,490,398,397.2171945701358
2,491,397,397.15656108597295
2,492,397,397.17556561085985
2,493,398,397.0859728506789
2,494,398,396.76470588235316
2,495,395,396.4886877828056
2,496,395,396.4696832579186
2,497,397,396.3194570135747
2,498,397,396.0624434389141
2,499,395,395.7846153846154
2,500,395,395.70678733031684
2,501,397,395.7176470588236
2,502,397,395.7122171945702
2,503,394,395.5113122171946
2,504,394,395.19728506787334
2,505,396,395.0787447846269
2,506,396,394.9200799200798
2,507,394,394.6753246753246
2,508,394,394.713286713287
2,509,395,394.6286713286714
2,510,394,393.9898989898982
2,511,394,394.24242424242425
2,512,392,388.79185520361995
2,513,392,389.62624434389164
2,514,393,390.5194570135749
2,515,393,391.04705882352954
2,516,389,391.3846153846155
2,517,389,391.5692307692308
2,518,391,391.2380090497739
2,519,391,390.0904977375567
2,520,390,389.59547511312223
2,521,390,389.55022624434406
2,522,390,389.51402714932135
2,523,390,389.6000000000001
2,524,387,389.51131221719476
2,525,387,389.15113122171954
2,526,391,388.9031674208145
2,527,391,388.5511312217196
2,528,387,388.16108597285086
2,529,388,387.59909502262457
2,530,388,386.866968325792
2,531,385,386.16651583710416
2,532,385,385.1457013574661
2,533,384,384.0524886877829
2,534,384,383.61809954751135
2,535,382,383.3737556561088
2,536,382,382.785520361991
2,537,383,382.45791855203635
2,538,383,382.3746606334842
2,539,383,382.17466063348434
2,540,383,382.23800904977395
2,541,381,382.19457013574686
2,542,381,382.2217194570137
2,543,382,381.94932126696847
2,544,382,381.5457013574661
2,545,382,381.17647058823536
2,546,382,380.8072398190047
2,547,380,380.61538461538464
2,548,380,380.37828054298654
2,549,379,379.8733031674209
2,550,379,379.2778280542988
2,551,379,378.8371040723983
2,552,379,378.3963800904978
2,553,379,377.9393665158372
2,554,377,377.64977375565627
2,555,377,377.3665158371041
2,556,377,377.1285067873303
2,557,377,376.8334841628962
2,558,376,376.5791855203622
2,559,376,376.3221719457015
2,560,377,376.21900452488705
2,561,377,376.35837104072414
2,562,376,376.35203619909515
2,563,376,376.2796380090499
2,564,376,376.27963800904996
2,565,376,376.35203619909515
2,566,377,376.2877828054301
2,567,377,376.2778280542988
2,568,376,376.4425339366517
2,569,376,376.702262443439
2,570,377,376.8389140271493
2,571,377,377.0343891402716
2,572,377,377.2615384615385
2,573,378,377.49321266968326
2,574,378,377.84072398190057
2,575,378,378.21538461538466
2,576,378,378.3900452488689
2,577,379,378.5375565610862
2,578,379,378.619004524887
2,579,379,378.7954751131223
2,580,379,379.0923076923079
2,581,379,379.4733031674209
2,582,379,379.77013574660634
2,583,380,380.08506787330333
2,584,380,380.3113122171947
2,585,382,380.68054298642545
2,586,382,381.156561085973
2,587,381,381.50316742081463
2,588,381,381.8226244343893
2,589,382,382.00814479638024
2,590,382,382.1529411764707
2,591,383,382.2796380090499
2,592,383,382.410859728507
2,593,382,382.70769230769235
2,594,383,383.1312217194571
2,595,383,383.43619909502274
2,596,384,383.77737556561095
2,597,384,384.1683257918553
2,598,385,384.6226244343893
2,599,385,385.36561085972863
2,600,386,386.0226244343892
2,601,386,386.14570135746624
2,602,387,386.4253393665159
2,603,387,386.727601809955
2,604,388,387.1276018099548
2,605,388,387.5004524886878
2,606,386,387.9303167420815
2,607,386,388.0895927601811
2,608,390,388.3891402714933
2,609,390,388.82443438914044
2,610,390,389.4615384615385
2,611,390,390.16651583710427
2,612,390,390.94389140271505
2,613,390,391.79819004524893
2,614,393,392.3891402714933
2,615,394,392.7764705882354
2,616,394,393.43257918552047
2,617,394,394.02986425339384
2,618,394,394.4524886877829
2,619,395,394.78461538461556
2,620,395,394.9719457013576
2,621,395,394.96018099547524
2,622,395,395.11040723981904
2,623,395,395.3221719457015
2,624,395,395.50678733031685
2,625,396,395.64615384615405
2,626,396,395.58099547511335
2,627,396,395.6904977375566
2,628,396,395.87692307692316
2,629,396,396.04253393665175
2,630,396,396.2895927601811
2,631,396,396.5819004524887
2,632,396,396.88325791855215
2,633,398,397.29592760181015
2,634,398,397.7221719457016
2,635,398,398.13484162895946
2,636,399,398.50678733031697
2,637,399,398.8108597285068
2,638,399,399.0199095022625
2,639,399,399.0361990950229
2,640,399,398.96199095022644
2,641,399,399.03800904977396
2,642,399,399.1049773755659
2,643,399,399.21538461538483
2,644,399,399.3601809954753
2,645,399,399.398190045249
2,646,400,399.52941176470614
2,647,400,399.6153846153846
2,648,400,399.6561085972852
2,649,400,399.65158371040746
2,650,399,399.6018099547512
2,651,399,399.50678733031697
2,652,400,399.36651583710415
2,653,399,399.18099547511343
2,654,399,399.0886877828056
2,655,399,399.0986425339367
2,656,399,399.0904977375567
2,657,399,399.929411764706
2,658,399,399.94208144796403
2,659,399,399.38733031674224
2,660,399,398.39185520362014
2,661,399,396.88235294117646
2,662,398,394.20904977375574
2,663,398,392.0515837104074
2,664,386,390.42805429864256
2,665,386,389.4271493212671
2,666,385,388.9375565610861
2,667,385,388.9864253393666
2,668,385,389.88325791855203
2,669,397,390.99638009049784
2,670,397,392.5095022624435
2,671,397,394.74117647058836
2,672,396,395.67782805429886
2,673,396,396.121266968326
2,674,396,395.88778280543
2,675,392,395.2054298642536
2,676,394,393.63167420814483
2,677,394,392.7303167420816
2,678,391,391.8651583710408
2,679,391,391.0380090497738
2,680,391,390.3122171945703
2,681,391,389.8832579185522
2,682,388,389.6760180995476
2,683,388,388.9176470588236
2,684,389,388.71221719457026
2,685,389,389.3511312217196
2,686,390,389.6515837104073
2,687,390,390.2144796380092
2,688,389,390.4289592760182
2,689,389,390.5176470588237
2,690,393,389.88778280543
2,691,393,388.82352941176487
2,692,387,387.74751131221734
2,693,387,386.2823529411766
2,694,382,384.67511312217204
2,695,382,382.97285067873315
2,696,380,381.1547511312219
2,697,380,379.4
2,698,380,378.4416289592761
2,699,377,378.012669683258
2,700,377,377.43619909502274
2,701,377,377.23529411764713
2,702,377,376.81719457013577
2,703,377,376.58914027149336
2,704,377,376.3285067873305
2,705,376,376.21266968325807
2,706,376,376.2778280542988
2,707,376,376.14479638009067
2,708,376,376.0343891402715
2,709,376,375.95565610859734
2,710,376,375.84705882352955
2,711,376,375.84705882352955
2,712,376,375.9556561085974
2,713,376,376.0343891402715
2,714,376,376.0742081447965
2,715,376,376.19547511312226
2,716,376,376.3800904977376
2,717,377,376.6099547511313
2,718,377,376.866968325792
2,719,377,377.0624434389141
2,720,377,377.30769230769243
2,721,378,377.646153846154
2,722,378,377.92126696832594
2,723,378,377.9031674208145
2,724,378,377.96199095022627
2,725,378,378.2615384615385
2,726,379,378.56561085972857
2,727,379,378.63529411764716
2,728,378,378.8316742081448
2,729,378,379.16832579185535
2,730,381,379.6588235294119
2,731,381,380.0371040723983
2,732,380,380.6371040723984
2,733,380,381.4479638009051
2,734,383,382.3972850678735
2,735,383,383.20995475113125
2,736,384,383.9429864253394
2,737,384,384.4352941176472
2,738,387,385.3411764705884
2,739,387,386.23800904977384
2,740,386,386.7031674208145
2,741,386,387.1140271493214
2,742,388,387.8479638009051
2,743,388,388.48235294117666
2,744,390,388.9420814479638
2,745,389,389.3520361990952
2,746,389,390.116742081448
2,747,392,390.8407239819006
2,748,392,391.19909502262453
2,749,391,391.46696832579204
2,750,391,391.91945701357474
2,751,393,392.23167420814497
2,752,393,392.56470588235305
2,753,392,392.74117647058836
2,754,392,392.5746606334843
2,755,394,392.8235294117647
2,756,394,393.3719457013576
2,757,393,393.777375565611
2,758,393,393.9330316742082
2,759,394,394.3384615384616
2,760,394,394.8162895927603
2,761,397,395.1873420696947
2,762,397,395.5874125874125
2,763,395,396.04617604617596
2,764,395,396.22494172494197
2,765,397,396.2317016317016
2,766,397,396.48484848484765
2,767,397,397.5151515151514
2,768,398,392.30407239819016
2,769,398,394.27692307692325
2,770,398,396.31312217194574
2,771,398,397.977375565611
2,772,399,399.23438914027156
2,773,399,399.76651583710424
2,774,399,399.65610859728525
2,775,399,398.77647058823544
2,776,399,398.80090497737575
2,777,399,398.80271493212695
2,778,398,398.7728506787331
2,779,398,398.70226244343917
2,780,399,398.7203619909504
2,781,399,398.75656108597303
2,782,399,398.8108597285069
2,783,399,398.8832579185522
2,784,399,398.9737556561089
2,785,399,399.0823529411767
2,786,399,399.07058823529434
2,787,399,399.0000000000001
2,788,399,399.0705882352943
2,789,399,399.0823529411767
2,790,399,399.1149321266969
2,791,399,399.0479638009051
2,792,399,398.8995475113125
2,793,399,398.6877828054301
2,794,399,398.4307692307694
2,795,398,398.1466063348418
2,796,398,397.9239819004526
2,797,397,397.6515837104073
2,798,397,397.28597285067883
2,799,397,396.9837104072399
2,800,397,396.76289592760196
2,801,397,396.6416289592761
2,802,397,396.77918552036203
2,803,396,396.79638009049796
2,804,396,396.7203619909503
2,805,397,396.56923076923096
2,806,397,396.4932126696833
2,807,397,396.37194570135756
2,808,397,396.29411764705895
2,809,395,396.1484162895929
2,810,395,396.1031674208145
2,811,396,395.7882352941178
2,812,396,395.3104072398191
2,813,395,394.84434389140284
2,814,395,394.4352941176471
2,815,394,393.99909502262454
2,816,394,393.59004524886876
2,817,392,393.05610859728506
2,818,392,392.4452488687784
2,819,392,391.8705882352942
2,820,392,391.44524886877844
2,821,391,391.21719457013586
2,822,391,391.0343891402715
2,823,391,390.8832579185522
2,824,390,390.7502262443439
2,825,390,390.342081447964
2,826,391,389.9656108597286
2,827,391,389.7185520361993
2,828,389,389.49864253393673
2,829,389,389.2036199095024
2,830,388,388.931221719457
2,831,388,388.8497737556563
2,832,389,388.58914027149336
2,833,389,388.2561085972851
2,834,388,388.0253393665159
2,835,388,387.9420814479638
2,836,388,387.64524886877837
2,837,388,387.3122171945703
2,838,386,386.9113122171946
2,839,386,386.4108597285068
2,840,386,386.0561085972852
2,841,386,385.6923076923078
2,842,385,385.2352941176472
2,843,385,384.8009049773757
2,844,385,384.4343891402715
2,845,384,384.1809954751133
2,846,384,383.95022624434387
2,847,383,383.6515837104073
2,848,383,383.4714932126698
2,849,383,383.1963800904978
2,850,383,382.68054298642545
2,851,383,382.1782805429865
2,852,383,381.8760180995476
2,853,381,381.42171945701375
2,854,381,380.86968325791867
2,855,379,380.3357466063349
2,856,379,379.7972850678735
2,857,380,379.3701357466065
2,858,380,378.9701357466064
2,859,378,378.65158371040735
2,860,378,378.46877828054306
2,861,379,378.19909502262453
2,862,378,377.38461538461553
2,863,378,376.9493212669684
2,864,377,376.971040723982
2,865,377,377.4542986425341
2,866,377,378.4036199095023
2,867,377,380.32579185520365
2,868,377,381.7276018099549
2,869,386,382.70407239819014
2,870,386,383.2117647058825
2,871,386,383.3393665158371
2,872,387,382.9665158371043
2,873,387,382.10226244343903
2,874,375,380.8850678733033
2,875,375,379.38552036199104
2,876,376,377.4742081447966
2,877,376,376.4063348416291
2,878,376,375.6371040723983
2,879,376,375.25701357466073
2,880,377,375.49502262443445
2,881,377,376.3800904977376
2,882,376,376.350226244344
2,883,376,376.2434389140272
2,884,376,376.04796380090505
2,885,376,375.9520361990952
2,886,376,375.93755656108607
2,887,376,375.9864253393665
2,888,376,376.0778280542988
2,889,376,376.3909502262445
2,890,376,376.83076923076936
2,891,378,377.302262443439
2,892,378,377.5665158371042
2,893,378,377.9846153846155
2,894,378,378.50226244343895
2,895,380,379.0651583710407
2,896,380,379.4778280542987
2,897,379,379.9447963800906
2,898,379,380.39366515837116
2,899,382,381.02895927601827
2,900,382,381.58461538461546
2,901,382,382.0651583710408
2,902,382,382.53665158371047
2,903,384,383.2036199095024
2,904,384,383.8705882352943
2,905,384,384.27420814479655
2,906,384,384.55113122171963
2,907,385,385.11493212669683
2,908,386,385.5791855203621
2,909,386,385.69592760181
2,910,386,385.8171945701357
2,911,386,386.2977375565612
2,912,387,386.69230769230774
2,913,387,386.7619909502265
2,914,386,386.8678733031676
2,915,386,387.0235294117649
2,916,389,387.3809954751132
2,917,389,387.8244343891404
2,918,387,388.30859728506795
2,919,387,388.5764705882354
2,920,390,389.1095022624436
2,921,390,389.7737556561086
2,922,391,390.2968325791856
2,923,391,390.8063348416291
2,924,391,391.6361990950228
2,925,391,392.5203619909504
2,926,394,392.9864253393665
2,927,394,393.3619909502263
2,928,394,394.0425339366517
2,929,395,394.6235294117648
2,930,395,395.1185520361992
2,931,395,395.54117647058837
2,932,395,395.8371040723983
2,933,397,395.95203619909506
2,934,397,396.2470588235295
2,935,396,396.4832579185521
2,936,396,396.7040723981902
2,937,397,396.89140271493227
2,938,397,396.8950226244345
2,939,397,396.83529411764715
2,940,397,396.6235294117648
2,941,397,396.6479638009051
2,942,397,396.7583710407241
2,943,396,396.8072398190046
2,944,396,396.77647058823544
2,945,397,396.9864253393666
2,946,397,397.2190045248871
2,947,398,397.39457013574673
2,948,398,397.633484162896
2,949,398,397.9882352941179
2,950,398,398.3113122171947
2,951,399,398.3846153846156
2,952,398,398.39004524886894
2,953,398,398.43891402714945
2,954,399,398.4425339366517
2,955,399,398.52126696832613
2,956,398,398.59547511312235
2,957,398,398.7972850678736
2,958,399,398.8588235294119
2,959,399,398.8570135746607
2,960,399,398.7303167420815
2,961,399,398.69049773755677
2,962,399,398.6171945701359
2,963,399,398.3963800904978
2,964,397,398.04615384615386
2,965,397,397.78733031674216
2,966,398,397.508597285068
2,967,398,397.17556561085985
2,968,396,396.8950226244345
2,969,396,396.5737556561088
2,970,397,396.2570135746608
2,971,397,395.99004524886885
2,972,395,395.4705882352942
2,973,395,394.99638009049795
2,974,395,394.7945701357467
2,975,394,394.69230769230774
2,976,394,394.5194570135748
2,977,394,394.30588235294124
2,978,394,394.2171945701358
2,979,395,394.219004524887
2,980,395,394.0705882352943
2,981,394,393.93122171945714
2,982,394,394.0307692307694
2,983,393,393.8606334841629
2,984,393,393.3864253393667
2,985,393,392.90316742081467
2,986,393,392.6407239819005
2,987,393,392.36742081447966
2,988,393,391.9963800904979
2,989,390,391.6434389140273
2,990,390,391.2859728506789
2,991,392,390.76018099547525
2,992,392,390.302262443439
2,993,389,390.1511312217196
2,994,389,389.94570135746613
2,995,390,389.5285067873304
2,996,389,389.34208144796395
2,997,389,389.1393665158371
2,998,390,388.873303167421
2,999,390,388.8389140271494
2,1000,387,388.93122171945714
2,1001,387,388.8416289592761
2,1002,390,388.66153846153856
2,1003,390,388.5475113122173
2,1004,388,388.3176470588236
2,1005,388,388.27239819004546
2,1006,388,388.1800904977377
2,1007,388,388.0950226244345
2,1008,387,387.52669683257926
2,1009,387,386.7230769230771
2,1010,387,386.1357466063349
2,1011,387,385.8986425339368
2,1012,384,385.2099547511314
2,1013,384,384.42171945701364
2,1014,383,383.6769230769232
2,1015,383,382.91855203619923
2,1016,383,382.019004524887
2,1017,383,381.2683786801432
2,1018,379,380.64635364635365
2,1019,380,379.9725829725828
2,1020,380,379.3484848484852
2,1021,379,378.91282051282053
2,1022,379,379.1616161616153
2,1023,380,379.8484848484849
2,1024,380,381.10497737556574
2,1025,378,379.9475113122174
2,1026,378,379.05248868778295
2,1027,378,378.1131221719458
2,1028,378,377.4226244343893
2,1029,377,376.9239819004526
2,1030,377,376.7601809954753
2,1031,377,376.9330316742083
2,1032,377,376.95203619909506
2,1033,377,376.98190045248873
2,1034,377,377.0343891402715
2,1035,377,376.977375565611
2,1036,377,377.07873303167435
2,1037,377,377.2615384615386
2,1038,378,377.44886877828066
2,1039,378,377.49049773755667
2,1040,377,377.63619909502273
2,1041,377,377.8588235294119
2,1042,379,378.1312217194572
2,1043,379,378.2144796380092
2,1044,378,378.4696832579187
2,1045,378,378.9131221719459
2,1046,380,379.49954751131236
2,1047,380,380.05158371040744
2,1048,380,380.5239819004527
2,1049,380,381.00361990950233
2,1050,383,381.58371040723995
2,1051,383,382.1665158371042
2,1052,382,382.4570135746607
2,1053,382,382.4986425339368
2,1054,383,382.54117647058837
2,1055,383,382.36380090497755
2,1056,382,381.94570135746613
2,1057,382,381.52760180995483
2,1058,381,381.4886877828056
2,1059,381,381.60814479638015
2,1060,381,381.52669683257926
2,1061,381,381.6850678733033
2,1062,382,382.1764705882353
2,1063,384,382.894117647059
2,1064,384,383.66334841628975
2,1065,384,384.4389140271495
2,1066,384,385.1665158371041
2,1067,387,385.2180995475115
2,1068,387,385.6950226244345
2,1069,387,386.4524886877829
2,1070,387,387.5547511312218
2,1071,387,388.9429864253395
2,1072,388,390.64977375565616
2,1073,388,392.04886877828056
2,1074,397,393.0678733031676
2,1075,397,394.0497737556563
2,1076,397,394.7375565610861
2,1077,396,395.0859728506788
2,1078,396,394.8380090497739
2,1079,392,394.33665158371053
2,1080,392,393.6479638009052
2,1081,392,392.63800904977387
2,1082,392,392.4895927601811
2,1083,392,392.5149321266969
2,1084,392,392.8615384615386
2,1085,395,393.4000000000002
2,1086,395,394.20090497737567
2,1087,395,394.639819004525
2,1088,395,395.0923076923079
2,1089,395,395.58371040723983
2,1090,396,395.93936651583715
2,1091,396,396.05248868778295
2,1092,396,396.0162895927603
2,1093,396,396.2009049773758
2,1094,397,396.3764705882354
2,1095,397,396.38371040723996
2,1096,396,396.46334841628976
2,1097,396,396.64977375565627
2,1098,397,396.9158371040725
2,1099,397,397.102262443439
2,1100,397,397.3203619909503
2,1101,397,397.54298642533945
2,1102,399,397.881447963801
2,1103,399,398.2470588235297
2,1104,398,398.48325791855217
2,1105,398,398.6334841628961
2,1106,399,398.8090497737559
2,1107,399,398.9212669683258
2,1108,399,399.02262443438934
2,1109,399,398.96561085972854
2,1110,399,399.0180995475115
2,1111,399,399.0479638009051
2,1112,399,398.99638009049795
2,1113,399,398.80452488687797
2,1114,399,398.5493212669685
2,1115,398,398.30769230769255
2,1116,398,398.1592760180996
2,1117,398,397.9837104072399
2,1118,398,397.72850678733033
2,1119,397,397.6823529411765
2,1120,397,397.59547511312235
2,1121,398,397.4950226244345
2,1122,398,397.4081447963802
2,1123,397,397.3647058823531
2,1124,397,397.19457013574674
2,1125,398,396.86334841628974
2,1126,396,396.5366515837104
2,1127,396,396.314932126697
2,1128,396,395.8986425339367
2,1129,396,395.4009049773756
2,1130,394,394.93484162895936
2,1131,394,394.4778280542987
2,1132,395,394.00723981900455
2,1133,395,393.8479638009052
2,1134,392,393.4479638009051
2,1135,392,392.93212669683277
2,1136,393,392.48416289592774
2,1137,393,392.2199095022625
2,1138,392,391.7782805429866
2,1139,392,391.33665158371053
2,1140,390,391.0696832579186
2,1141,390,391.16380090497745
2,1142,391,390.86063348416303
2,1143,391,390.3466063348418
2,1144,390,389.93484162895936
2,1145,390,389.8117647058826
2,1146,390,389.5665158371042
2,1147,390,389.2036199095023
2,1148,387,388.65972850678753
2,1149,387,387.87149321266986
2,1150,388,387.0497737556562
2,1151,388,386.20542986425346
2,1152,385,385.3520361990952
2,1153,384,384.5031674208147
2,1154,384,383.88144796380095
2,1155,382,383.3095022624436
2,1156,382,382.4009049773756
2,1157,382,381.56923076923084
2,1158,382,381.08687782805436
2,1159,381,380.8262443438916
2,1160,381,380.3122171945703
2,1161,379,379.931221719457
2,1162,379,379.9221719457015
2,1163,380,379.77647058823544
2,1164,380,379.6624434389142
2,1165,379,379.60723981900475
2,1166,379,379.7791855203621
2,1167,381,379.8081447963802
2,1168,381,379.7303167420814
2,1169,379,379.4343891402715
2,1170,379,379.0705882352943
2,1171,379,378.85701357466075
2,1172,379,378.6117647058825
2,1173,377,378.2235294117649
2,1174,377,377.78099547511323
2,1175,378,377.508597285068
2,1176,378,377.4307692307693
2,1177,378,377.3683257918553
2,1178,377,377.3420814479638
2,1179,377,377.2995475113123
2,1180,377,377.38823529411775
2,1181,377,377.3402714932128
2,1182,378,377.28778280543
2,1183,378,377.43076923076933
2,1184,377,377.5692307692309
2,1185,377,377.64162895927603
2,1186,378,377.647963800905
2,1187,378,377.79095022624443
2,1188,378,377.80271493212683
2,1189,378,377.6923076923078
2,1190,377,377.6072398190047
2,1191,377,377.5656108597286
2,1192,378,377.31764705882364
2,1193,378,376.9520361990951
2,1194,376,376.62533936651585
2,1195,376,376.29411764705895
2,1196,376,375.9855203619911
2,1197,376,375.7266968325793
2,1198,375,375.4063348416291
2,1199,375,375.11312217194575
2,1200,375,374.93303167420817
2,1201,375,374.9520361990951
2,1202,375,374.7701357466064
2,1203,375,374.7873303167422
2,1204,375,375.0561085972852
2,1205,375,375.4289592760181
2,1206,375,375.68778280543
2,1207,376,376.01447963800916
2,1208,376,376.38190045248876
2,1209,378,376.76289592760196
2,1210,378,376.9185520361992
2,1211,377,377.20995475113136
2,1212,377,377.6533936651585
2,1213,378,378.06515837104087
2,1214,378,378.11764705882365
2,1215,378,378.42171945701364
2,1216,378,378.83438914027164
2,1217,381,379.5601809954752
2,1218,381,380.2624434389142
2,1219,380,381.0072398190045
2,1220,380,381.6425339366518
2,1221,384,382.5547511312219
2,1222,384,383.4533936651586
2,1223,384,384.1864253393666
2,1224,384,384.8018099547512
2,1225,386,385.412669683258
2,1226,386,386.1321266968327
2,1227,388,386.6606334841629
2,1228,387,387.0986425339368
2,1229,387,387.96199095022627
2,1230,388,388.76651583710424
2,1231,388,389.2371040723983
2,1232,391,389.69864253393666
2,1233,391,390.40814479638016
2,1234,392,391.0226244343892
2,1235,392,391.6144796380091
2,1236,391,392.1176470588236
2,1237,391,392.60090497737576
2,1238,394,393.00090497737574
2,1239,394,392.9809954751132
2,1240,393,393.2904977375567
2,1241,393,393.73393665158375
2,1242,395,394.19547511312226
2,1243,395,394.6977375565612
2,1244,394,394.98642533936663
2,1245,394,395.2072398190045
2,1246,397,395.78280542986437
2,1247,397,396.3357466063349
2,1248,396,396.62986425339375
2,1249,397,396.8289592760183
2,1250,397,397.1647058823531
2,1251,398,397.4687782805432
2,1252,398,397.5049773755658
2,1253,397,397.43710407239826
2,1254,397,397.70588235294133
2,1255,398,397.9520361990951
2,1256,398,397.95746606334853
2,1257,398,398.04253393665164
2,1258,398,398.11855203619916
2,1259,399,398.30588235294124
2,1260,399,398.45429864253407
2,1261,398,398.54570135746616
2,1262,398,398.6235294117648
2,1263,399,398.7990950226246
2,1264,399,398.98371040724
2,1265,399,399.1592760180997
2,1266,399,399.3076923076923
2,1267,400,399.6199095022626
2,1268,400,399.8868778280546
2,1269,400,399.9701357466065
2,1270,400,400.00180995475125
2,1271,400,399.9819004524888
2,1272,400,400.8371040723983
2,1273,400,400.9216078039605
2,1274,399,400.8581418581416
2,1275,399,400.58308358308346
2,1276,399,399.7937062937065
2,1277,398,397.98321678321673
2,1278,398,394.0555555555548
2,1279,384,385.4393939393938
2,1280,384,384.59004524886893
2,1281,384,385.6850678733033
2,1282,384,387.2009049773757
2,1283,384,388.7475113122173
2,1284,395,390.3348416289594
2,1285,395,391.6904977375567
2,1286,395,393.0126696832581
2,1287,395,394.0904977375567
2,1288,394,394.78371040724005
2,1289,394,394.9520361990952
2,1290,393,394.5230769230771
2,1291,393,393.42443438914046
2,1292,394,393.247963800905
2,1293,393,392.985520361991
2,1294,393,392.68235294117653
2,1295,392,392.38371040723996
2,1296,392,392.13755656108606
2,1297,392,391.79185520361995
2,1298,392,391.2624434389142
2,1299,390,390.66515837104095
2,1300,390,390.3954751131224
2,1301,390,389.9104072398191
2,1302,390,389.42352941176483
2,1303,388,388.7393665158372
2,1304,388,388.0009049773756
2,1305,388,387.4217194570136
2,1306,388,386.8153846153847
2,1307,385,386.06606334841644
2,1308,385,385.25791855203624
2,1309,384,384.40180995475134
2,1310,384,383.70859728506804
2,1311,384,383.11493212669694
2,1312,382,382.55746606334856
2,1313,382,382.179185520362
2,1314,381,381.9230769230771
2,1315,381,381.31402714932136
2,1316,382,380.8769230769232
2,1317,382,380.65067873303184
2,1318,380,380.47420814479653
2,1319,380,380.3927601809957
2,1320,379,380.1746606334843
2,1321,379,380.12941176470605
2,1322,381,379.8868778280544
2,1323,381,379.4832579185522
2,1324,379,379.22262443438916
2,1325,379,379.21176470588244
2,1326,379,378.95113122171944
2,1327,379,378.61809954751146
2,1328,377,377.9692307692308
2,1329,377,377.36108597285073
2,1330,378,377.150226244344
2,1331,378,377.0932126696833
2,1332,376,376.94932126696835
2,1333,376,376.87782805429873
2,1334,376,376.89683257918557
2,1335,378,377.0244343891404
2,1336,378,376.8606334841629
2,1337,377,376.8054298642535
2,1338,377,376.9791855203622
2,1339,377,377.302262443439
2,1340,377,377.3475113122173
2,1341,377,377.4877828054299
2,1342,377,377.53665158371047
2,1343,379,377.98461538461544
2,1344,379,378.57466063348426
2,1345,379,379.25248868778294
2,1346,379,380.0959276018101
2,1347,381,380.91221719457036
2,1348,381,381.5058823529414
2,1349,383,382.08144796380094
2,1350,383,382.4959276018101
2,1351,384,383.15384615384625
2,1352,384,383.72126696832595
2,1353,383,384.0027149321268
2,1354,383,384.2027149321268
2,1355,385,384.3846153846155
2,1356,385,384.6117647058824
2,1357,386,385.01809954751144
2,1358,385,385.537556561086
2,1359,385,386.24524886877833
2,1360,387,387.01628959276036
2,1361,387,387.44615384615395
2,1362,389,387.93031674208146
2,1363,389,388.7257918552038
2,1364,390,389.4895927601811
2,1365,390,390.29683257918566
2,1366,390,390.8841628959278
2,1367,390,391.258823529412
2,1368,393,391.5638009049775
2,1369,393,391.742081447964
2,1370,392,392.08687782805447
2,1371,392,392.29140271493225
2,1372,392,392.3257918552037
2,1373,392,392.36018099547516
2,1374,392,392.28778280542997
2,1375,393,392.2018099547512
2,1376,393,392.40180995475123
2,1377,392,392.78733031674216
2,1378,392,393.1221719457015
2,1379,394,393.57013574660647
2,1380,394,394.0859728506788
2,1381,395,394.6244343891404
2,1382,395,394.9990950226246
2,1383,396,395.5619909502263
2,1384,396,396.2588235294119
2,1385,397,396.76742081447975
2,1386,397,397.03348416289595
2,1387,397,397.4090497737558
2,1388,397,397.7782805429865
2,1389,399,397.9638009049776
2,1390,399,398.1266968325793
2,1391,398,398.43076923076944
2,1392,398,398.63981900452507
2,1393,399,398.86515837104093
2,1394,399,399.0180995475115
2,1395,398,399.0805429864255
2,1396,400,399.0343891402716
2,1397,400,399.1384615384617
2,1398,399,399.2515837104075
2,1399,399,399.2352941176472
2,1400,399,399.15113122171954
2,1401,399,399.1285067873305
2,1402,399,399.0968325791856
2,1403,399,398.98823529411766
2,1404,399,399.0117647058825
2,1405,399,398.97375565610866
2,1406,399,398.8832579185521
2,1407,399,398.88144796380107
2,1408,399,398.8389140271495
2,1409,399,398.76470588235304
2,1410,398,398.66787330316765
2,1411,398,398.6280542986428
2,1412,399,398.5248868778282
2,1413,399,398.3058823529413
2,1414,398,398.25972850678744
2,1415,398,398.13665158371055
2,1416,398,397.96380090497746
2,1417,398,397.7683257918554
2,1418,397,397.5800904977377
2,1419,397,397.2289592760182
2,1420,398,396.8895927601812
2,1421,396,396.5366515837105
2,1422,396,396.00633484162904
2,1423,396,395.5348416289593
2,1424,396,395.2904977375566
2,1425,394,395.0416289592761
2,1426,394,394.48325791855217
2,1427,394,394.1104072398191
2,1428,394,394.4941176470589
2,1429,395,394.5285067873304
2,1430,395,394.19728506787345
2,1431,393,393.94298642533954
2,1432,393,394.00452488687796
2,1433,396,393.743891402715
2,1434,396,393.3384615384617
2,1435,390,393.1773755656111
2,1436,390,392.6497737556562
2,1437,393,391.83438914027164
2,1438,393,391.00995475113126
2,1439,390,390.3248868778282
2,1440,390,389.32760180995484
2,1441,390,388.39185520362
2,1442,385,387.6914027149323
2,1443,385,386.5746606334843
2,1444,387,385.39004524886883
2,1445,387,384.6868778280544
2,1446,382,384.2144796380092
2,1447,382,383.72760180995493
2,1448,384,383.38099547511314
2,1449,384,383.3972850678733
2,1450,383,382.9067873303169
2,1451,383,382.1755656108599
2,1452,382,382.07601809954764
2,1453,382,382.0036199095024
2,1454,381,381.2153846153847
2,1455,381,380.36832579185534
2,1456,379,379.83710407239835
2,1457,379,379.39638009049787
2,1458,381,378.9619909502264
2,1459,377,378.64977375565616
2,1460,377,378.43710407239826
2,1461,379,378.3013574660635
2,1462,379,378.1493212669684
2,1463,378,378.08778280543
2,1464,378,377.80542986425354
2,1465,378,377.59095022624444
2,1466,378,377.8009049773757
2,1467,377,377.6380090497738
2,1468,377,377.3140271493213
2,1469,377,377.23529411764713
2,1470,377,377.19909502262465
2,1471,378,377.2054298642535
2,1472,378,377.31583710407244
2,1473,377,377.521266968326
2,1474,377,377.8832579185522
2,1475,378,378.1248868778282
2,1476,378,377.17828054298644
2,1477,379,377.10497737556574
2,1478,379,377.7511312217195
2,1479,379,379.10135746606335
2,1480,379,380.9402714932127
2,1481,378,383.6904977375567
2,1482,378,385.9746606334843
2,1483,394,387.72669683257936
2,1484,394,389.08054298642554
2,1485,394,389.8904977375567
2,1486,394,390.41085972850686
2,1487,394,390.62171945701374
2,1488,384,390.3031674208146
2,1489,384,389.1647058823531
2,1490,386,387.31583710407256
2,1491,386,386.9429864253395
2,1492,389,386.8325791855204
2,1493,389,387.03891402714936
2,1494,388,387.61628959276027
2,1495,388,388.4778280542987
2,1496,389,388.5520361990952
2,1497,389,388.41990950226244
2,1498,388,388.5746606334842
2,1499,388,388.571040723982
2,1500,388,388.5149321266969
2,1501,388,388.71221719457026
2,1502,390,388.98823529411777
2,1503,390,389.36832579185534
2,1504,391,389.6633484162898
2,1505,389,390.28416289592764
2,1506,389,391.09049773755663
2,1507,393,391.94208144796386
2,1508,393,392.62533936651596
2,1509,393,393.32669683257933
2,1510,393,394.30316742081453
2,1511,397,395.21176470588244
2,1512,397,396.05701357466074
2,1513,396,396.56651583710425
2,1514,396,396.729411764706
2,1515,398,397.1475113122174
2,1516,398,397.4135746606335
2,1517,397,397.6027149321268
2,1518,397,397.7221719457014
2,1519,398,398.13303167420844
2,1520,398,398.53484162895944
2,1521,399,398.77104072398197
2,1522,399,398.88506787330334
2,1523,400,399.1266968325794
2,1524,400,399.3457013574663
2,1525,399,399.465158371041
2,1526,399,399.4081447963802
2,1527,399,399.2334841628961
2,1528,399,399.0000000000002
2,1529,399,398.80748663101576
2,1530,399,398.64635364635353
2,1531,399,398.57664557664555
2,1532,398,398.4370629370631
2,1533,398,398.3792540792541
2,1534,399,398.53535353535267
2,1535,399,399.18181818181813
2,1536,397,391.10045248868795
2,1537,397,392.7746606334842
2,1538,396,394.3990950226245
2,1539,396,395.44253393665167
2,1540,394,396.1737556561087
2,1541,394,396.4434389140272
2,1542,397,396.10226244343903
2,1543,397,394.92760180995487
2,1544,394,394.75837104072406
2,1545,394,394.89773755656125
2,1546,395,394.9574660633486
2,1547,395,394.8850678733033
2,1548,394,394.9628959276019
2,1549,394,394.79638009049785
2,1550,396,394.6072398190047
2,1551,396,394.6171945701359
2,1552,394,394.57013574660647
2,1553,394,394.40995475113135
2,1554,396,394.2841628959277
2,1555,392,394.14027149321265
2,1556,392,394.06968325791865
2,1557,395,393.7638009049775
2,1558,395,393.3945701357468
2,1559,393,393.1339366515838
2,1560,393,392.88235294117663
2,1561,393,392.54027149321286
2,1562,393,392.49140271493224
2,1563,390,391.9656108597287
2,1564,390,391.4135746606336
2,1565,392,391.019004524887
2,1566,392,390.7837104072398
2,1567,390,390.2443438914029
2,1568,390,389.47330316742097
2,1569,389,388.7312217194571
2,1570,389,388.2018099547513
2,1571,387,387.4443438914028
2,1572,387,386.81809954751145
2,1573,385,386.8208144796381
2,1574,385,386.950226244344
2,1575,387,386.8425339366517
2,1576,388,386.93393665158385
2,1577,388,387.1746606334842
2,1578,389,387.514932126697
2,1579,389,387.55475113122174
2,1580,386,387.69411764705893
2,1581,386,387.8497737556562
2,1582,388,387.73846153846165
2,1583,388,387.69864253393683
2,1584,387,387.6072398190046
2,1585,387,387.4208144796381
2,1586,389,387.4640653464179
2,1587,389,387.32067932067923
2,1588,386,386.7803307803307
2,1589,386,386.22261072261097
2,1590,385,385.4470862470863
2,1591,385,384.6767676767668
2,1592,385,385.3181818181818
3,0,386,383.1357466063349
3,1,386,385.60000000000014
3,2,386,388.23167420814497
3,3,386,390.9972850678734
3,4,398,393.66334841628964
3,5,398,395.6515837104073
3,6,399,396.98371040724
3,7,399,397.8850678733032
3,8,398,398.8823529411765
3,9,398,399.31402714932153
3,10,398,399.0805429864255
3,11,398,397.94117647058835
3,12,398,397.78733031674227
3,13,398,397.6334841628961
3,14,398,397.6180995475114
3,15,397,397.6796380090499
3,16,397,397.75927601809974
3,17,397,397.79819004524893
3,18,399,397.80542986425354
3,19,398,397.7900452488689
3,20,398,397.83167420814493
3,21,398,397.8099547511313
3,22,398,397.7429864253395
3,23,397,397.5104072398191
3,24,397,397.12126696832587
3,25,397,396.71402714932134
3,26,397,396.5656108597286
3,27,396,396.414479638009
3,28,396,396.3402714932127
3,29,396,396.35203619909515
3,30,396,396.4588235294119
3,31,397,396.53122171945716
3,32,397,396.7104072398191
3,33,397,396.9375565610861
3,34,397,397.09230769230777
3,35,397,397.1248868778282
3,36,397,396.9855203619911
3,37,397,396.62171945701357
3,38,397,396.1809954751133
3,39,396,395.88144796380095
3,40,395,395.5411764705883
3,41,395,395.1873303167422
3,42,394,395.7647058823531
3,43,394,395.6180995475115
3,44,395,394.89230769230784
3,45,395,393.7321266968327
3,46,394,391.92941176470606
3,47,394,390.1375565610861
3,48,394,387.8850678733033
3,49,381,386.2298642533938
3,50,381,385.2633484162898
3,51,381,384.67692307692323
3,52,381,384.57466063348437
3,53,386,385.0606334841629
3,54,386,386.1031674208146
3,55,393,387.6705882352943
3,56,393,389.7285067873304
3,57,390,390.6425339366517
3,58,390,391.3809954751132
3,59,391,391.5945701357466
3,60,391,390.99909502262454
3,61,390,390.6027149321269
3,62,390,390.1393665158372
3,63,391,390.2651583710409
3,64,391,390.4425339366516
3,65,389,390.4126696832581
3,66,389,390.5194570135748
3,67,392,390.7040723981902
3,68,392,390.78461538461545
3,69,390,390.72036199095044
3,70,390,390.4705882352942
3,71,391,390.13031674208145
3,72,391,389.79457013574665
3,73,389,389.28416289592764
3,74,388,388.6199095022627
3,75,388,388.16470588235313
3,76,387,387.88144796380107
3,77,387,387.4588235294118
3,78,388,387.18552036199105
3,79,388,387.35022624434396
3,80,387,387.64162895927615
3,81,387,387.74841628959285
3,82,388,387.8208144796381
3,83,388,388.1411764705883
3,84,389,388.18280542986435
3,85,389,387.8932126696834
3,86,387,387.68778280542995
3,87,387,387.6461538461539
3,88,388,387.38009049773774
3,89,388,386.83710407239835
3,90,385,386.50316742081463
3,91,385,386.18733031674225
3,92,387,385.9049773755657
3,93,387,385.87149321266975
3,94,385,385.9601809954753
3,95,385,386.0443438914028
3,96,387,386.2009049773757
3,97,386,386.5067873303169
3,98,386,386.6262443438915
3,99,388,386.6235294117648
3,100,388,386.9076923076924
3,101,386,387.08778280543
3,102,386,386.8434389140273
3,103,387,386.454298642534
3,104,387,386.47963800904984
3,105,386,386.14027149321277
3,106,386,385.34027149321275
3,107,384,384.790045248869
3,108,384,384.66696832579186
3,109,385,384.2126696832581
3,110,385,383.4108597285068
3,111,381,382.8425339366517
3,112,381,382.68506787330335
3,113,384,382.44796380090503
3,114,384,382.04434389140283
3,115,380,381.71040723981906
3,116,380,381.4669683257919
3,117,383,381.40000000000015
3,118,383,381.59547511312235
3,119,380,381.58823529411774
3,120,380,381.51312217194584
3,121,383,381.7764705882354
3,122,382,382.18461538461554
3,123,382,382.2723981900453
3,124,383,382.1746606334843
3,125,383,382.2977375565612
3,126,382,382.447963800905
3,127,382,382.15746606334847
3,128,382,381.75837104072406
3,129,382,381.8597285067875
3,130,381,381.73212669683267
3,131,381,381.40271493212674
3,132,381,381.16651583710416
3,133,381,381.1212669683259
3,134,382,380.8262443438916
3,135,382,380.5176470588237
3,136,379,380.36380090497755
3,137,379,380.1330316742082
3,138,380,379.5909502262444
3,139,380,379.10316742081443
3,140,378,378.7583710407241
3,141,379,378.4452488687784
3,142,379,378.25882352941187
3,143,377,378.2941176470589
3,144,377,378.30407239819016
3,145,379,378.2416289592761
3,146,379,378.1221719457015
3,147,378,378.1610859728507
3,148,378,378.231674208145
3,149,379,378.3457013574663
3,150,379,378.5212669683259
3,151,377,378.3701357466063
3,152,377,378.0425339366517
3,153,379,377.82443438914044
3,154,379,377.6723981900454
3,155,377,377.34570135746617
3,156,377,376.9420814479639
3,157,376,376.62714932126704
3,158,376,376.3665158371042
3,159,376,375.9194570135748
3,160,376,375.4452488687783
3,161,375,375.2389140271493
3,162,375,375.1954751131223
3,163,375,375.07420814479644
3,164,375,375.0343891402716
3,165,375,374.9556561085974
3,166,375,374.9176470588237
3,167,375,374.92941176470595
3,168,375,375.00000000000006
3,169,375,375.00000000000006
3,170,375,375.00000000000006
3,171,375,375.00000000000006
3,172,375,375.00000000000006
3,173,375,374.9294117647059
3,174,375,374.91764705882355
3,175,375,375.0262443438915
3,176,375,375.04615384615386
3,177,375,375.1067873303168
3,178,375,375.19909502262453
3,179,375,375.31402714932136
3,180,376,375.37194570135756
3,181,376,375.4932126696834
3,182,375,375.7303167420816
3,183,376,375.93574660633493
3,184,376,376.0298642533938
3,185,376,376.1330316742081
3,186,376,376.15656108597295
3,187,377,376.21176470588256
3,188,377,376.4805429864254
3,189,376,376.7447963800906
3,190,376,376.78642533936664
3,191,377,376.92579185520367
3,192,377,377.0742081447965
3,193,378,377.2135746606335
3,194,378,377.2552036199096
3,195,377,377.44886877828066
3,196,377,377.77647058823544
3,197,378,377.9520361990952
3,198,378,377.8162895927602
3,199,378,377.8778280542987
3,200,378,378.100452488688
3,201,379,378.3864253393667
3,202,379,378.7764705882354
3,203,378,378.9638009049774
3,204,378,379.2416289592761
3,205,381,379.694117647059
3,206,381,380.20542986425346
3,207,380,380.6597285067875
3,208,381,381.1411764705884
3,209,381,381.66334841628964
3,210,383,382.23981900452486
3,211,383,382.6072398190046
3,212,383,382.90226244343904
3,213,383,383.53846153846155
3,214,384,384.1294117647061
3,215,384,384.3592760180997
3,216,385,384.65067873303184
3,217,385,384.9493212669684
3,218,386,385.3484162895929
3,219,386,385.53846153846166
3,220,385,385.75113122171945
3,221,385,385.9411764705883
3,222,387,386.0606334841631
3,223,387,386.26153846153863
3,224,386,386.69864253393666
3,225,386,387.12669683257934
3,226,388,387.7185520361993
3,227,388,388.2470588235294
3,228,388,388.27330316742103
3,229,390,388.358371040724
3,230,390,388.64524886877837
3,231,389,389.07692307692326
3,232,389,389.46063348416305
3,233,388,389.80361990950246
3,234,388,390.17828054298656
3,235,392,390.65701357466077
3,236,392,391.1764705882354
3,237,393,391.95022624434404
3,238,393,392.7212669683259
3,239,393,393.43529411764723
3,240,393,394.0289592760181
3,241,395,394.42986425339376
3,242,395,394.62714932126715
3,243,395,395.0932126696834
3,244,395,395.5004524886879
3,245,396,395.942081447964
3,246,396,396.6642533936652
3,247,397,396.98371040724
3,248,397,396.69773755656126
3,249,397,396.7124052418168
3,250,397,396.46653346653335
3,251,397,395.8844488844488
3,252,397,395.0466200466204
3,253,392,394.00069930069935
3,254,392,393.37878787878714
3,255,395,394.30303030303025
3,256,395,388.6579185520363
3,257,395,391.3737556561087
3,258,397,393.8723981900454
3,259,397,396.1294117647059
3,260,398,397.92036199095037
3,261,398,398.67601809954766
3,262,397,398.42714932126717
3,263,397,397.40814479638016
3,264,397,397.40090497737566
3,265,397,397.1990950226245
3,266,397,397.14117647058833
3,267,397,396.96561085972866
3,268,397,396.75837104072417
3,269,397,396.60542986425355
3,270,397,396.3158371040725
3,271,396,396.0986425339367
3,272,396,395.81266968325804
3,273,395,395.71674208144805
3,274,395,395.7927601809955
3,275,396,396.02262443438934
3,276,396,396.31764705882364
3,277,397,396.78914027149324
3,278,397,397.40995475113124
3,279,399,398.0850678733031
3,280,399,398.7194570135747
3,281,399,399.07692307692326
3,282,399,399.3212669683259
3,283,400,399.6162895927603
3,284,400,399.7257918552038
3,285,400,399.6904977375568
3,286,399,399.55113122171974
3,287,399,399.6280542986426
3,288,400,399.64162895927626
3,289,400,399.5918552036201
3,290,399,399.47873303167444
3,291,399,399.5819004524888
3,292,400,399.5809954751131
3,293,400,399.4325791855206
3,294,399,399.1547511312218
3,295,399,399.03891402714953
3,296,399,398.84434389140273
3,297,399,398.404524886878
3,298,397,397.8850678733033
3,299,397,397.51583710407243
3,300,398,397.335746606335
3,301,398,397.06063348416296
3,302,395,396.4742081447965
3,303,395,395.9601809954752
3,304,397,395.76651583710407
3,305,397,395.5411764705883
3,306,395,395.0000000000001
3,307,393,394.458823529412
3,308,393,394.37466063348415
3,309,395,394.20452488687795
3,310,395,393.2615384615386
3,311,392,392.4588235294119
3,312,392,392.36470588235306
3,313,393,392.34751131221736
3,314,393,392.1230769230771
3,315,389,391.7303167420816
3,316,389,391.61085972850685
3,317,394,391.5420814479639
3,318,394,391.3140271493215
3,319,390,390.84253393665165
3,320,390,390.5076923076923
3,321,391,390.2162895927603
3,322,391,389.88144796380095
3,323,387,389.1330316742083
3,324,387,388.26244343891415
3,325,389,388.1122171945703
3,326,389,388.1248868778282
3,327,387,387.7484162895928
3,328,387,387.43076923076933
3,329,388,387.19638009049794
3,330,388,387.26968325791864
3,331,388,387.32669683257933
3,332,386,387.2434389140272
3,333,386,387.3058823529413
3,334,387,387.4000000000001
3,335,387,387.2054298642536
3,336,389,387.0018099547512
3,337,389,387.0687782805431
3,338,386,387.08597285067896
3,339,386,387.0805429864254
3,340,386,386.8027149321269
3,341,386,386.4733031674211
3,342,387,386.03981900452504
3,343,387,385.58823529411785
3,344,385,385.48416289592757
3,345,385,385.4932126696833
3,346,385,385.2452488687784
3,347,385,384.9701357466065
3,348,384,384.68597285067887
3,349,385,384.4108597285069
3,350,385,384.4425339366518
3,351,384,384.4787330316742
3,352,384,384.2877828054299
3,353,384,384.0380090497739
3,354,384,383.75656108597286
3,355,384,383.4705882352943
3,356,384,383.13936651583725
3,357,382,382.860633484163
3,358,382,382.74117647058836
3,359,382,382.41990950226256
3,360,382,381.9420814479639
3,361,382,381.48235294117666
3,362,382,381.07692307692315
3,363,381,380.7619909502263
3,364,381,380.57375565610874
3,365,379,380.2714932126698
3,366,379,380.01447963800916
3,367,380,379.82081447963805
3,368,380,379.70859728506804
3,369,380,379.69592760181007
3,370,380,379.80090497737575
3,371,380,379.8325791855205
3,372,380,380.00000000000006
3,373,380,380.0968325791856
3,374,380,380.1167420814481
3,375,380,380.25972850678744
3,376,380,380.3257918552037
3,377,380,380.32398190045257
3,378,381,380.2633484162897
3,379,381,380.1529411764707
3,380,380,380.00180995475125
3,381,380,379.8895927601812
3,382,379,379.69592760181007
3,383,379,379.3683257918552
3,384,379,379.0542986425341
3,385,379,378.83348416289596
3,386,379,378.7239819004526
3,387,379,378.6823529411766
3,388,378,378.59728506787343
3,389,378,378.5574660633487
3,390,379,378.4425339366516
3,391,379,378.33212669683274
3,392,378,378.23529411764713
3,393,378,378.16108597285074
3,394,378,378.11855203619916
3,395,378,378.1167420814482
3,396,378,378.02624434389156
3,397,378,377.91764705882366
3,398,378,377.8588235294119
3,399,378,377.9176470588236
3,400,378,377.95565610859734
3,401,378,378.0343891402716
3,402,378,378.0742081447966
3,403,378,378.1954751131223
3,404,378,378.3800904977377
3,405,379,378.6099547511314
3,406,379,378.7963800904979
3,407,379,379.0506787330318
3,408,379,379.41628959276034
3,409,380,379.6660633484164
3,410,380,379.9113122171947
3,411,380,380.12488687782815
3,412,380,380.2796380090499
3,413,381,380.3457013574661
3,414,381,380.4932126696834
3,415,380,380.7565610859729
3,416,381,380.97013574660645
3,417,381,381.10407239819017
3,418,381,381.3285067873304
3,419,381,381.6072398190047
3,420,383,381.9040723981902
3,421,383,382.25067873303186
3,422,382,382.6787330316743
3,423,382,382.9429864253394
3,424,384,383.3366515837106
3,425,384,383.74389140271495
3,426,384,384.11945701357473
3,427,384,384.4180995475114
3,428,385,384.80090497737564
3,429,385,385.22895927601814
3,430,386,385.3864253393666
3,431,386,385.5574660633486
3,432,386,386.02624434389145
3,433,386,386.4769230769231
3,434,386,386.87330316742094
3,435,387,387.1791855203621
3,436,387,387.49683257918565
3,437,389,387.7285067873304
3,438,389,387.84434389140296
3,439,388,388.01447963800905
3,440,388,388.2733031674209
3,441,388,388.45520361990964
3,442,388,388.39185520362
3,443,388,388.45339366515856
3,444,388,388.4624434389141
3,445,390,388.7891402714933
3,446,390,389.19457013574674
3,447,389,389.64253393665166
3,448,389,390.08778280542987
3,449,391,390.61447963800913
3,450,391,391.0977375565612
3,451,392,391.612669683258
3,452,392,391.8841628959277
3,453,393,392.5140271493213
3,454,393,393.28868778280554
3,455,394,393.9972850678734
3,456,394,394.6289592760182
3,457,395,395.44977375565617
3,458,395,396.12579185520366
3,459,398,396.7411764705884
3,460,398,397.18009049773775
3,461,398,397.60633484162906
3,462,398,397.7837104072399
3,463,398,397.75294117647064
3,464,397,397.55475113122185
3,465,397,397.3004524886879
3,466,397,396.90135746606353
3,467,397,396.68416289592767
3,468,396,396.5755656108599
3,469,396,396.64615384615394
3,470,397,396.7665158371042
3,471,397,396.94570135746613
3,472,397,397.0542986425341
3,473,397,397.1628959276019
3,474,398,397.27149321266984
3,475,398,397.3800904977376
3,476,397,397.35022624434396
3,477,397,397.2434389140272
3,478,397,397.1185520361992
3,479,397,397.03438914027157
3,480,397,396.9819004524888
3,481,397,396.9520361990952
3,482,397,397.0742081447965
3,483,397,397.2778280542988
3,484,397,397.4244343891404
3,485,398,397.5755656108598
3,486,398,397.6515837104073
3,487,398,397.7728506787331
3,488,398,397.99185520361993
3,489,398,398.16108597285086
3,490,398,398.20090497737584
3,491,398,398.23167420814497
3,492,398,398.30588235294124
3,493,399,398.41447963800925
3,494,399,398.41628959276034
3,495,398,398.4407239819007
3,496,398,398.6199095022626
3,497,399,398.61538461538476
3,498,399,398.56561085972874
3,499,398,398.54117647058854
3,500,398,398.412669683258
3,501,399,398.32760180995484
3,502,399,398.23348416289616
3,503,397,398.1511312217196
3,504,398,397.9013574660636
3,505,398,397.7212787212785
3,506,397,397.47952047952026
3,507,397,397.14629814629774
3,508,397,396.89393939393966
3,509,397,396.4836829836829
3,510,395,395.60606060605977
3,511,395,394.7575757575757
3,512,396,388.1185520361993
3,513,396,390.6859728506789
3,514,395,392.9909502262444
3,515,395,395.02714932126713
3,516,395,396.5882352941176
3,517,395,397.3348416289594
3,518,397,396.9276018099548
3,519,397,395.5049773755657
3,520,395,395.5737556561088
3,521,395,395.3755656108599
3,522,395,394.7647058823531
3,523,395,393.99547511312227
3,524,392,393.32488687782813
3,525,392,392.40995475113147
3,526,394,391.529411764706
3,527,389,390.7619909502262
3,528,389,390.12398190045263
3,529,390,389.43167420814484
3,530,390,388.7049773755657
3,531,387,388.1638009049775
3,532,387,387.6153846153847
3,533,388,387.06696832579195
3,534,388,386.7972850678734
3,535,385,386.19276018099555
3,536,385,385.71312217194577
3,537,386,385.4036199095025
3,538,386,385.24796380090515
3,539,384,384.8850678733033
3,540,384,384.62443438914033
3,541,385,384.50226244343895
3,542,385,384.42262443438926
3,543,384,384.1447963800906
3,544,384,384.03076923076947
3,545,384,384.0398190045251
3,546,384,384.00814479638035
3,547,383,383.77466063348436
3,548,383,383.37828054298654
3,549,384,382.9936651583711
3,550,384,382.59547511312223
3,551,382,382.16108597285086
3,552,381,381.66787330316754
3,553,381,381.23167420814485
3,554,380,380.7683257918554
3,555,380,380.1230769230771
3,556,380,379.5411764705884
3,557,380,379.2678733031675
3,558,379,379.1484162895929
3,559,379,379.0307692307693
3,560,378,378.82443438914044
3,561,378,378.49502262443457
3,562,379,378.19909502262453
3,563,379,378.08687782805436
3,564,378,378.03800904977385
3,565,378,378.07058823529417
3,566,377,378.13484162895935
3,567,377,378.1809954751132
3,568,379,378.01809954751144
3,569,379,377.85520361990956
3,570,378,377.83076923076925
3,571,378,377.8832579185522
3,572,378,377.8832579185521
3,573,377,377.9013574660634
3,574,377,377.7285067873305
3,575,378,377.5556561085974
3,576,378,377.64162895927615
3,577,378,377.8452488687784
3,578,378,378.02805429864253
3,579,378,378.2515837104073
3,580,378,378.5773755656109
3,581,379,378.7285067873304
3,582,379,378.5547511312218
3,583,379,378.57375565610863
3,584,379,378.75837104072417
3,585,379,378.9520361990952
3,586,379,378.92488687782816
3,587,378,379.1176470588236
3,588,378,379.35565610859743
3,589,381,379.6
3,590,381,380.01176470588246
3,591,380,380.6162895927602
3,592,380,381.2389140271494
3,593,383,381.70226244343905
3,594,382,382.22895927601826
3,595,382,382.6262443438915
3,596,384,382.9013574660634
3,597,384,383.4063348416291
3,598,383,383.89321266968346
3,599,383,384.2579185520364
3,600,385,384.39638009049787
3,601,385,384.5466063348417
3,602,385,384.6081447963802
3,603,385,384.4742081447965
3,604,385,384.714932126697
3,605,385,385.02352941176486
3,606,384,385.0226244343893
3,607,384,385.1348416289593
3,608,386,385.5737556561086
3,609,386,386.1529411764708
3,610,388,386.8271493212671
3,611,387,387.55113122171963
3,612,387,388.2090497737558
3,613,390,388.8850678733033
3,614,390,389.3158371040725
3,615,390,389.63800904977387
3,616,390,390.1266968325793
3,617,390,390.4570135746608
3,618,390,390.7900452488689
3,619,391,390.9484162895929
3,620,391,390.88687782805437
3,621,392,391.10497737556585
3,622,392,391.4343891402717
3,623,391,391.71855203619924
3,624,391,391.79819004524893
3,625,392,391.9140271493214
3,626,392,391.9592760180997
3,627,393,392.16561085972864
3,628,393,392.42624434389154
3,629,392,392.8434389140272
3,630,392,393.3194570135747
3,631,394,393.5475113122173
3,632,394,393.8208144796382
3,633,395,394.2235294117649
3,634,395,394.63981900452507
3,635,395,395.1628959276019
3,636,395,395.6859728506788
3,637,395,396.0343891402717
3,638,397,396.233484162896
3,639,397,396.4443438914028
3,640,397,396.62805429864255
3,641,397,396.8868778280545
3,642,397,397.123076923077
3,643,397,397.3095022624436
3,644,397,397.4190045248871
3,645,397,397.4244343891404
3,646,398,397.5049773755658
3,647,398,397.639819004525
3,648,398,397.81085972850684
3,649,398,398.00000000000006
3,650,398,398.1891402714934
3,651,398,398.3601809954752
3,652,398,398.56561085972874
3,653,399,398.65791855203634
3,654,399,398.7665158371042
3,655,399,398.7502262443441
3,656,399,398.7384615384616
3,657,399,399.28687782805446
3,658,399,399.3511312217196
3,659,398,398.9945701357467
3,660,398,398.35113122171964
3,661,398,397.49321266968343
3,662,399,395.8669683257921
3,663,399,394.5891402714933
3,664,391,393.59819004524894
3,665,391,393.03257918552043
3,666,391,392.8923076923079
3,667,390,393.0389140271494
3,668,390,393.74570135746615
3,669,398,394.6153846153847
3,670,398,395.66334841628975
3,671,399,397.10497737556574
3,672,399,397.91221719457013
3,673,399,398.31583710407256
3,674,399,398.5203619909505
3,675,396,398.59728506787354
3,676,396,398.01809954751144
3,677,398,397.7040723981902
3,678,398,397.37647058823535
3,679,397,397.4651583710408
3,680,399,397.4000000000001
3,681,399,397.16470588235296
3,682,395,396.9429864253394
3,683,395,396.50588235294134
3,684,397,395.82443438914044
3,685,397,395.35294117647067
3,686,393,394.74570135746615
3,687,393,393.86606334841633
3,688,394,393.2542986425341
3,689,394,392.98280542986436
3,690,392,392.31131221719465
3,691,392,391.50588235294134
3,692,390,391.0271493212671
3,693,390,391.0090497737558
3,694,391,390.5728506787331
3,695,391,389.9140271493214
3,696,389,389.48416289592757
3,697,389,389.39909502262464
3,698,390,389.16832579185535
3,699,390,388.90769230769246
3,700,387,388.79728506787336
3,701,387,388.47873303167444
3,702,389,388.00361990950233
3,703,389,387.6235294117649
3,704,387,387.31855203619915
3,705,387,386.8687782805431
3,706,388,386.4669683257919
3,707,384,386.10588235294136
3,708,384,385.3628959276019
3,709,386,384.61538461538487
3,710,386,384.37918552036206
3,711,383,384.1701357466065
3,712,383,383.7837104072398
3,713,383,383.41538461538477
3,714,383,383.32850678733035
3,715,384,382.83257918552044
3,716,384,382.17556561085985
3,717,381,381.79999999999995
3,718,381,381.75113122171956
3,719,381,381.40000000000015
3,720,381,380.99457013574687
3,721,380,380.5710407239821
3,722,380,380.2361990950228
3,723,381,380.03529411764714
3,724,381,379.95203619909523
3,725,379,379.6253393665159
3,726,379,379.294117647059
3,727,379,378.84434389140273
3,728,379,378.56199095022635
3,729,378,378.3882352941178
3,730,378,378.2642533936654
3,731,378,378.40814479638016
3,732,378,378.6380090497739
3,733,378,378.7040723981901
3,734,380,378.7565610859729
3,735,380,378.87511312217214
3,736,379,378.93936651583726
3,737,379,378.8289592760182
3,738,378,378.6235294117648
3,739,378,378.3321266968327
3,740,378,377.9638009049776
3,741,378,377.59819004524894
3,742,377,377.39185520362
3,743,377,377.2398190045249
3,744,377,377.03981900452504
3,745,377,376.8895927601811
3,746,377,376.67782805429863
3,747,377,376.4932126696834
3,748,376,376.35384615384623
3,749,376,376.2778280542988
3,750,376,376.14479638009067
3,751,376,376.0343891402715
3,752,376,375.95565610859734
3,753,376,375.91764705882366
3,754,376,375.92941176470606
3,755,376,376.0
3,756,376,376.0
3,757,376,376.0
3,758,376,375.92941176470606
3,759,376,375.91764705882366
3,760,376,375.8850678733033
3,761,376,375.89463477698763
3,762,376,375.9410589410589
3,763,376,376.0492840492839
3,764,376,376.25641025641033
3,765,377,376.61328671328675
3,766,377,377.176767676767
3,767,378,377.969696969697
3,768,378,378.54751131221735
3,769,378,378.7728506787332
3,770,379,379.0705882352943
3,771,379,379.4904977375566
3,772,381,380.08235294117657
3,773,381,380.27149321266984
3,774,381,380.4832579185521
3,775,381,381.0696832579186
3,776,381,381.5058823529414
3,777,381,381.7375565610861
3,778,382,382.10769230769245
3,779,382,382.5529411764707
3,780,384,383.1574660633486
3,781,384,383.6027149321268
3,782,384,384.1113122171946
3,783,384,384.6995475113124
3,784,386,385.18371040723997
3,785,386,385.23619909502276
3,786,385,385.4678733031676
3,787,385,385.8063348416291
3,788,387,386.32669683257933
3,789,387,386.7719457013576
3,790,386,387.0850678733033
3,791,386,387.4705882352943
3,792,390,388.13303167420827
3,793,390,388.87692307692316
3,794,389,389.50950226244356
3,795,389,390.0380090497739
3,796,390,390.67601809954766
3,797,392,391.2371040723983
3,798,392,391.53755656108615
3,799,392,391.5936651583712
3,800,392,391.90497737556575
3,801,392,392.171040723982
3,802,392,392.09411764705897
3,803,392,391.97647058823543
3,804,392,391.9113122171947
3,805,392,392.06877828054303
3,806,392,392.219004524887
3,807,392,392.47330316742097
3,808,392,392.80452488687786
3,809,394,393.18552036199105
3,810,394,393.4479638009051
3,811,394,393.8235294117648
3,812,394,394.1963800904978
3,813,395,394.65067873303184
3,814,395,395.1321266968328
3,815,395,395.51583710407255
3,816,395,395.8769230769231
3,817,397,396.42895927601825
3,818,397,396.985520361991
3,819,398,397.5013574660635
3,820,398,397.931221719457
3,821,398,398.3683257918554
3,822,399,398.7058823529413
3,823,399,398.9076923076924
3,824,399,398.9375565610862
3,825,399,398.96561085972854
3,826,399,398.96199095022644
3,827,399,399.03800904977396
3,828,399,399.1049773755659
3,829,399,399.1447963800906
3,830,399,399.27782805429877
3,831,399,399.42443438914046
3,832,400,399.57556561085977
3,833,400,399.72217194570163
3,834,400,399.85520361990973
3,835,400,399.96561085972866
3,836,400,400.114932126697
3,837,400,400.1647058823531
3,838,400,400.1855203619911
3,839,400,400.0479638009051
3,840,400,399.8289592760183
3,841,400,399.6054298642536
3,842,400,399.45701357466083
3,843,399,399.26334841628983
3,844,399,399.0425339366517
3,845,398,398.8126696832579
3,846,398,398.6624434389142
3,847,399,398.4805429864256
3,848,399,398.2941176470591
3,849,398,398.13031674208156
3,850,398,397.9457013574663
3,851,398,397.758371040724
3,852,398,397.7185520361991
3,853,397,397.6380090497738
3,854,397,397.4669683257919
3,855,397,397.36199095022636
3,856,397,397.2796380090499
3,857,398,397.17918552036207
3,858,398,397.0199095022627
3,859,397,396.82895927601805
3,860,396,396.70407239819014
3,861,396,396.404524886878
3,862,396,396.9457013574662
3,863,396,396.6723981900453
3,864,395,395.729411764706
3,865,395,394.4000000000001
3,866,395,392.7674208144797
3,867,394,390.2823529411766
3,868,394,388.0570135746608
3,869,381,386.1547511312218
3,870,381,384.76832579185543
3,871,381,384.09321266968345
3,872,381,383.7864253393666
3,873,381,383.98190045248884
3,874,389,384.74298642533955
3,875,389,385.99457013574687
3,876,390,388.0733031674208
3,877,390,388.8452488687783
3,878,388,389.05067873303176
3,879,388,388.91221719457013
3,880,388,388.65791855203634
3,881,388,387.71583710407253
3,882,388,387.10497737556574
3,883,385,386.4443438914028
3,884,385,386.20000000000016
3,885,387,385.83800904977386
3,886,387,385.1013574660634
3,887,383,384.3330316742082
3,888,383,383.737556561086
3,889,384,383.11945701357484
3,890,384,382.6307692307694
3,891,380,381.80814479638025
3,892,380,380.9972850678734
3,893,381,380.4090497737558
3,894,381,379.9927601809956
3,895,379,379.28506787330326
3,896,379,378.6932126696835
3,897,378,378.2805429864255
3,898,378,378.1194570135746
3,899,377,377.59909502262457
3,900,377,376.97647058823543
3,901,377,376.6352941176471
3,902,377,376.4208144796381
3,903,376,376.1104072398191
3,904,376,375.88144796380095
3,905,375,375.5610859728507
3,906,375,375.37647058823546
3,907,376,375.20723981900454
3,908,375,375.1330316742082
3,909,375,375.0923076923077
3,910,375,375.22352941176484
3,911,375,375.45882352941186
3,912,376,375.7303167420816
3,913,376,375.8289592760182
3,914,376,375.9457013574662
3,915,376,376.2009049773757
3,916,377,376.3764705882354
3,917,377,376.45429864253407
3,918,376,376.5457013574662
3,919,376,376.48235294117654
3,920,377,376.6343891402716
3,921,377,376.96561085972866
3,922,377,377.3104072398191
3,923,377,377.64162895927615
3,924,378,378.0705882352942
3,925,378,378.29683257918566
3,926,380,378.5520361990952
3,927,380,378.78190045248874
3,928,379,379.27058823529427
3,929,379,379.7638009049775
3,930,379,380.00452488687796
3,931,379,380.3357466063349
3,932,382,380.8235294117648
3,933,382,381.33393665158377
3,934,383,381.9393665158372
3,935,382,382.7122171945702
3,936,382,383.4506787330317
3,937,385,384.1529411764707
3,938,385,384.6760180995476
3,939,385,385.0769230769232
3,940,385,385.6895927601811
3,941,387,386.24796380090515
3,942,387,386.62443438914033
3,943,387,386.95294117647063
3,944,387,387.2226244343892
3,945,388,387.7674208144797
3,946,388,388.2506787330317
3,947,388,388.81809954751145
3,948,388,389.27692307692314
3,949,391,389.63800904977387
3,950,391,390.1122171945702
3,951,391,390.63619909502273
3,952,391,391.1466063348417
3,953,392,391.6479638009052
3,954,391,392.1447963800906
3,955,391,392.57375565610863
3,956,394,392.87149321266975
3,957,394,393.2488687782806
3,958,394,393.7167420814481
3,959,394,394.2208144796381
3,960,395,394.70678733031684
3,961,395,395.18823529411776
3,962,395,395.54027149321286
3,963,395,395.77013574660657
3,964,397,396.2298642533937
3,965,397,396.6714932126698
3,966,397,397.05882352941194
3,967,397,397.2850678733034
3,968,398,397.5113122171946
3,969,398,397.7601809954753
3,970,398,398.05701357466074
3,971,398,398.2271493212671
3,972,398,398.51131221719476
3,973,398,398.750226244344
3,974,399,398.9257918552037
3,975,400,399.01990950226264
3,976,400,399.1529411764706
3,977,399,399.24524886877845
3,978,399,399.28778280542986
3,979,399,399.27149321266984
3,980,399,399.1873303167422
3,981,399,399.02624434389156
3,982,399,398.9176470588237
3,983,399,398.92941176470606
3,984,399,398.92941176470606
3,985,399,398.9176470588236
3,986,399,399.0968325791857
3,987,399,399.1990950226246
3,988,399,399.162895927602
3,989,399,399.2678733031675
3,990,399,399.25520361990965
3,991,400,399.0723981900453
3,992,400,398.866968325792
3,993,398,398.7891402714935
3,994,398,398.58914027149336
3,995,399,398.29411764705884
3,996,397,397.931221719457
3,997,397,397.59819004524905
3,998,398,397.1927601809956
3,999,398,396.819004524887
3,1000,396,396.5809954751132
3,1001,396,396.3791855203621
3,1002,396,396.11402714932143
3,1003,396,396.0307692307694
3,1004,395,395.69773755656115
3,1005,395,395.43348416289604
3,1006,396,395.15384615384636
3,1007,396,394.9221719457015
3,1008,394,394.4660633484164
3,1009,394,393.85158371040734
3,1010,393,393.35384615384635
3,1011,393,392.647963800905
3,1012,391,391.68597285067887
3,1013,391,390.6199095022626
3,1014,390,389.66968325791873
3,1015,389,388.85520361990956
3,1016,389,388.0606334841629
3,1017,386,387.2916495269434
3,1018,386,386.6233766233765
3,1019,386,386.0972360972361
3,1020,386,385.83566433566455
3,1021,386,385.7706293706295
3,1022,386,385.7474747474739
3,1023,385,384.9242424242424
3,1024,385,381.3809954751133
3,1025,383,381.9628959276019
3,1026,383,382.5520361990951
3,1027,383,383.1212669683259
3,1028,383,383.6524886877829
3,1029,383,383.5828054298643
3,1030,383,383.2289592760182
3,1031,383,382.7113122171947
3,1032,383,382.59004524886905
3,1033,382,382.1601809954752
3,1034,382,381.53755656108615
3,1035,381,381.0380090497739
3,1036,381,380.4389140271494
3,1037,379,379.7945701357467
3,1038,379,379.15927601809955
3,1039,378,378.5873303167423
3,1040,378,378.13303167420827
3,1041,379,377.64162895927603
3,1042,377,377.358371040724
3,1043,377,377.18099547511326
3,1044,377,377.2072398190046
3,1045,377,377.25791855203624
3,1046,377,377.35384615384623
3,1047,377,377.3040723981902
3,1048,378,377.3176470588236
3,1049,378,377.60361990950236
3,1050,378,377.6941176470589
3,1051,378,377.6597285067874
3,1052,377,377.6298642533938
3,1053,377,377.5954751131222
3,1054,378,377.5475113122172
3,1055,378,377.33574660633496
3,1056,377,377.419004524887
3,1057,377,377.57918552036216
3,1058,378,377.80723981900456
3,1059,378,378.0941176470589
3,1060,378,378.22171945701365
3,1061,378,378.3719457013576
3,1062,380,378.65610859728514
3,1063,379,378.9855203619911
3,1064,379,379.2036199095025
3,1065,379,379.21266968325807
3,1066,379,379.3828054298644
3,1067,380,378.6190045248869
3,1068,380,378.6968325791856
3,1069,380,379.4533936651585
3,1070,380,381.00271493212676
3,1071,380,382.9203619909503
3,1072,382,385.5466063348418
3,1073,382,387.95113122171955
3,1074,396,390.1755656108598
3,1075,396,391.85882352941184
3,1076,396,393.11674208144814
3,1077,396,393.8588235294119
3,1078,396,393.9945701357468
3,1079,390,393.29230769230776
3,1080,390,392.19728506787345
3,1081,388,390.61900452488703
3,1082,390,390.14660633484175
3,1083,390,389.846153846154
3,1084,390,389.7719457013576
3,1085,390,389.7665158371042
3,1086,392,390.2723981900454
3,1087,392,390.55656108597304
3,1088,390,390.8859728506789
3,1089,390,390.6832579185521
3,1090,390,390.84796380090506
3,1091,390,391.2552036199096
3,1092,393,391.721266968326
3,1093,393,392.0597285067875
3,1094,392,392.7610859728508
3,1095,392,393.4977375565612
3,1096,396,394.20633484162903
3,1097,396,395.01719457013587
3,1098,395,395.5782805429866
3,1099,395,396.07601809954764
3,1100,397,396.90588235294115
3,1101,397,397.66334841628975
3,1102,399,398.0850678733033
3,1103,399,398.30769230769243
3,1104,398,398.8832579185521
3,1105,400,399.36380090497744
3,1106,400,399.5131221719459
3,1107,399,399.4950226244344
3,1108,399,399.6117647058825
3,1109,400,399.56561085972874
3,1110,400,399.61538461538476
3,1111,399,399.6199095022626
3,1112,399,399.4407239819006
3,1113,400,399.4162895927602
3,1114,400,399.4850678733033
3,1115,399,399.3882352941178
3,1116,399,399.06425339366524
3,1117,399,399.0606334841629
3,1118,399,399.04796380090517
3,1119,399,398.9058823529413
3,1120,399,398.7140271493214
3,1121,398,398.61990950226254
3,1122,398,398.5710407239822
3,1123,400,398.5176470588237
3,1124,398,398.4099547511314
3,1125,398,398.12488687782815
3,1126,398,397.9393665158372
3,1127,398,397.99457013574676
3,1128,398,398.03167420814486
3,1129,398,397.93031674208146
3,1130,397,397.77013574660646
3,1131,397,397.90769230769234
3,1132,399,397.82262443438935
3,1133,399,397.74479638009063
3,1134,397,397.56289592760186
3,1135,397,397.3746606334842
3,1136,397,397.0778280542987
3,1137,397,396.77918552036203
3,1138,396,396.2470588235295
3,1139,396,395.8
3,1140,395,395.43348416289604
3,1141,395,394.9583710407242
3,1142,394,394.1882352941177
3,1143,394,393.3366515837105
3,1144,393,392.47601809954756
3,1145,393,391.6787330316744
3,1146,390,391.01990950226264
3,1147,389,390.3746606334843
3,1148,389,389.756561085973
3,1149,389,389.179185520362
3,1150,389,388.6561085972852
3,1151,389,388.2009049773757
3,1152,389,387.89773755656114
3,1153,387,387.6307692307693
3,1154,387,387.07511312217207
3,1155,386,386.36742081447983
3,1156,386,385.63257918552057
3,1157,385,384.92488687782816
3,1158,385,384.3692307692308
3,1159,383,383.9610859728508
3,1160,383,383.63438914027165
3,1161,383,383.25520361990965
3,1162,383,382.889592760181
3,1163,383,382.60361990950247
3,1164,383,382.2633484162897
3,1165,382,381.66153846153856
3,1166,381,381.1909502262445
3,1167,381,380.6904977375567
3,1168,380,380.1990950226246
3,1169,380,379.894117647059
3,1170,378,379.5529411764707
3,1171,378,379.1592760180997
3,1172,380,378.8968325791856
3,1173,380,378.6723981900453
3,1174,379,378.454298642534
3,1175,379,378.41085972850686
3,1176,377,378.30135746606345
3,1177,377,378.2235294117649
3,1178,378,377.9276018099549
3,1179,378,377.63438914027154
3,1180,378,377.50045248868787
3,1181,378,377.4208144796382
3,1182,377,377.29321266968344
3,1183,377,377.2153846153848
3,1184,377,376.937556561086
3,1185,377,376.60995475113134
3,1186,376,376.3800904977378
3,1187,376,376.1954751131223
3,1188,376,375.9330316742083
3,1189,376,375.8696832579188
3,1190,376,375.8669683257921
3,1191,376,375.9864253393665
3,1192,376,376.21900452488705
3,1193,376,376.5556561085974
3,1194,376,376.84886877828075
3,1195,378,377.1511312217196
3,1196,378,377.30316742081465
3,1197,378,377.54570135746616
3,1198,378,377.7719457013576
3,1199,378,378.075113122172
3,1200,378,378.4099547511313
3,1201,378,378.7312217194571
3,1202,378,378.78190045248886
3,1203,380,379.1819004524889
3,1204,380,379.735746606335
3,1205,381,380.17737556561093
3,1206,381,380.8407239819006
3,1207,381,381.8561085972852
3,1208,381,382.75384615384627
3,1209,384,383.19728506787345
3,1210,384,383.64977375565627
3,1211,384,384.5800904977376
3,1212,387,385.25701357466085
3,1213,387,385.42986425339376
3,1214,384,385.647963800905
3,1215,384,386.0506787330317
3,1216,388,386.17737556561093
3,1217,388,386.32760180995484
3,1218,384,386.40090497737566
3,1219,384,386.15837104072403
3,1220,389,386.3764705882354
3,1221,389,386.675113122172
3,1222,386,386.8705882352943
3,1223,386,387.1022624434391
3,1224,387,387.78099547511323
3,1225,387,388.71764705882356
3,1226,390,389.2425339366517
3,1227,390,389.68597285067875
3,1228,392,390.6497737556562
3,1229,392,391.5945701357467
3,1230,392,392.3185520361992
3,1231,393,392.80180995475115
3,1232,393,393.4217194570137
3,1233,394,393.8787330316743
3,1234,394,394.42714932126705
3,1235,394,394.9212669683258
3,1236,396,395.56561085972857
3,1237,396,396.1647058823531
3,1238,398,396.5936651583711
3,1239,397,397.06606334841644
3,1240,397,397.52760180995494
3,1241,398,397.9330316742083
3,1242,398,398.1755656108599
3,1243,398,398.219004524887
3,1244,398,398.23348416289593
3,1245,399,398.18914027149333
3,1246,399,398.4063348416291
3,1247,398,398.4669683257918
3,1248,398,398.43257918552047
3,1249,398,398.4325791855204
3,1250,398,398.32579185520376
3,1251,399,398.24162895927617
3,1252,399,398.171040723982
3,1253,398,398.24343891402737
3,1254,398,398.38823529411775
3,1255,398,398.4669683257921
3,1256,398,398.5411764705885
3,1257,399,398.60180995475133
3,1258,399,398.63981900452495
3,1259,399,398.8552036199097
3,1260,399,399.0479638009052
3,1261,399,399.08868778280555
3,1262,399,399.0479638009051
3,1263,399,398.99638009049795
3,1264,399,398.80452488687797
3,1265,399,398.5493212669685
3,1266,398,398.30769230769255
3,1267,398,398.1592760180996
3,1268,398,397.9837104072399
3,1269,398,397.7990950226246
3,1270,397,397.55294117647077
3,1271,397,397.3927601809956
3,1272,398,398.31583710407244
3,1273,398,398.6193806193805
3,1274,397,398.84115884115886
3,1275,397,398.9361749361747
3,1276,397,398.6048951048953
3,1277,398,397.15944055944067
3,1278,398,393.7626262626254
3,1279,384,385.590909090909
3,1280,384,381.8434389140272
3,1281,384,383.73122171945715
3,1282,383,385.69592760181
3,1283,383,387.75837104072417
3,1284,393,389.73936651583733
3,1285,395,391.1149321266969
3,1286,395,391.89049773755664
3,1287,392,392.47511312217205
3,1288,392,393.16380090497756
3,1289,392,393.4633484162897
3,1290,392,393.2334841628961
3,1291,392,392.3339366515838
3,1292,392,392.21809954751143
3,1293,393,392.21628959276035
3,1294,393,392.3828054298643
3,1295,392,392.0977375565612
3,1296,392,391.6886877828055
3,1297,391,391.212669683258
3,1298,391,390.46515837104084
3,1299,389,389.7303167420816
3,1300,389,388.6923076923078
3,1301,387,387.51855203619925
3,1302,387,386.3764705882354
3,1303,386,385.3683257918553
3,1304,384,384.3963800904979
3,1305,384,383.43076923076933
3,1306,381,382.6416289592761
3,1307,381,381.9221719457015
3,1308,382,381.3656108597285
3,1309,382,380.7855203619911
3,1310,380,380.3954751131222
3,1311,380,380.27058823529427
3,1312,380,380.00904977375586
3,1313,380,379.7447963800906
3,1314,379,379.25520361990965
3,1315,379,378.84977375565614
3,1316,379,378.5647058823531
3,1317,379,378.3040723981901
3,1318,377,377.9656108597286
3,1319,377,377.7791855203621
3,1320,378,377.6334841628961
3,1321,378,377.48506787330325
3,1322,377,377.3520361990952
3,1323,377,377.24343891402725
3,1324,378,377.2271493212671
3,1325,378,377.43257918552047
3,1326,377,377.6443438914028
3,1327,377,377.84705882352944
3,1328,378,378.0199095022626
3,1329,378,378.3420814479639
3,1330,379,378.71855203619924
3,1331,380,379.05429864253404
3,1332,380,379.2488687782806
3,1333,379,379.6018099547513
3,1334,379,379.92941176470606
3,1335,381,380.24796380090515
3,1336,381,380.2886877828055
3,1337,380,380.5828054298643
3,1338,380,381.46063348416294
3,1339,383,382.3909502262445
3,1340,383,382.9846153846156
3,1341,383,383.58461538461546
3,1342,383,384.18009049773764
3,1343,388,384.96651583710417
3,1344,388,385.5276018099549
3,1345,384,386.0497737556562
3,1346,384,386.6452488687784
3,1347,388,387.0886877828055
3,1348,388,387.63167420814483
3,1349,388,388.2542986425341
3,1350,388,388.73665158371057
3,1351,391,389.6190045248869
3,1352,391,390.64162895927603
3,1353,389,391.0642533936653
3,1354,393,391.3466063348417
3,1355,393,391.9429864253396
3,1356,392,392.5076923076924
3,1357,392,392.97737556561094
3,1358,393,393.28868778280554
3,1359,393,393.6524886877829
3,1360,395,394.07963800904986
3,1361,395,394.2389140271494
3,1362,395,394.7529411764707
3,1363,395,395.3031674208146
3,1364,395,395.7149321266969
3,1365,395,395.94298642533954
3,1366,397,396.1393665158372
3,1367,397,396.3176470588235
3,1368,397,396.70045248868786
3,1369,397,397.110407239819
3,1370,397,397.5819004524888
3,1371,397,397.9493212669684
3,1372,398,398.18552036199117
3,1373,399,398.2633484162898
3,1374,399,398.36199095022647
3,1375,399,398.46063348416294
3,1376,399,398.6117647058825
3,1377,398,398.6678733031676
3,1378,398,398.54932126696855
3,1379,398,398.3764705882355
3,1380,398,398.3402714932127
3,1381,399,398.3701357466065
3,1382,399,398.4045248868779
3,1383,398,398.4524886877829
3,1384,398,398.5230769230771
3,1385,399,398.48687782805445
3,1386,399,398.41447963800925
3,1387,398,398.3058823529413
3,1388,398,398.1610859728508
3,1389,398,398.1185520361993
3,1390,398,398.1873303167422
3,1391,398,398.1085972850679
3,1392,398,397.9619909502265
3,1393,398,397.8950226244345
3,1394,398,397.85520361990956
3,1395,398,397.7927601809956
3,1396,398,397.6579185520363
3,1397,397,397.4687782805431
3,1398,397,397.2434389140272
3,1399,397,397.00000000000006
3,1400,397,396.756561085973
3,1401,397,396.6723981900453
3,1402,396,396.5067873303169
3,1403,396,396.36651583710415
3,1404,396,396.1583710407241
3,1405,396,395.8597285067876
3,1406,396,395.4479638009051
3,1407,396,394.9683257918552
3,1408,394,394.46606334841636
3,1409,394,394.12760180995485
3,1410,393,393.6009049773757
3,1411,393,393.0108597285069
3,1412,392,392.4117647058825
3,1413,392,391.8579185520363
3,1414,392,391.5447963800906
3,1415,392,391.2678733031675
3,1416,390,390.82262443438924
3,1417,390,390.4045248868779
3,1418,390,390.0000000000001
3,1419,390,389.59547511312235
3,1420,390,389.24796380090515
3,1421,388,388.8144796380091
3,1422,388,388.4995475113123
3,1423,388,388.1076923076924
3,1424,388,387.3022624434391
3,1425,387,386.54660633484167
3,1426,387,386.1683257918553
3,1427,385,385.6950226244346
3,1428,385,385.2081447963801
3,1429,383,384.51221719457027
3,1430,383,383.8823529411766
3,1431,385,383.2524886877829
3,1432,385,382.7656108597286
3,1433,381,382.3674208144798
3,1434,381,381.942081447964
3,1435,381,381.30316742081453
3,1436,381,380.66425339366526
3,1437,380,379.8208144796381
3,1438,380,378.9683257918553
3,1439,379,378.50859728506794
3,1440,377,378.2434389140273
3,1441,377,377.7004524886879
3,1442,377,377.20723981900477
3,1443,377,376.8090497737557
3,1444,377,376.55113122171946
3,1445,377,376.2696832579187
3,1446,376,376.20090497737567
3,1447,376,376.1628959276019
3,1448,376,376.0968325791856
3,1449,376,376.2054298642536
3,1450,376,376.35022624434396
3,1451,376,376.3194570135747
3,1452,377,376.50135746606344
3,1453,377,376.93936651583715
3,1454,378,377.3384615384616
3,1455,378,377.67149321266976
3,1456,377,377.9701357466064
3,1457,377,378.32760180995473
3,1458,380,378.55746606334844
3,1459,380,378.873303167421
3,1460,379,379.49140271493224
3,1461,379,380.02805429864253
3,1462,380,380.3737556561087
3,1463,381,380.8190045248869
3,1464,381,381.17104072398206
3,1465,383,381.43710407239826
3,1466,383,381.82805429864266
3,1467,381,382.3547511312219
3,1468,381,382.75384615384627
3,1469,384,383.1619909502263
3,1470,384,383.433484162896
3,1471,384,383.9610859728508
3,1472,384,384.52217194570153
3,1473,386,385.44162895927616
3,1474,386,386.5058823529412
3,1475,387,387.36561085972863
3,1476,387,387.57737556561096
3,1477,390,388.37194570135756
3,1478,390,389.410859728507
3,1479,391,390.5674208144798
3,1480,391,391.71493212669697
3,1481,391,393.1447963800905
3,1482,391,394.3484162895928
3,1483,398,395.44434389140275
3,1484,398,396.15113122171965
3,1485,398,396.81176470588247
3,1486,398,397.1692307692309
3,1487,398,397.10497737556574
3,1488,396,396.9004524886878
3,1489,396,396.56289592760197
3,1490,395,395.8995475113124
3,1491,395,395.68416289592767
3,1492,395,395.6904977375567
3,1493,395,395.9800904977376
3,1494,398,396.4144796380092
3,1495,398,396.9936651583712
3,1496,397,397.4407239819006
3,1497,397,397.8787330316743
3,1498,399,398.1511312217197
3,1499,399,398.3719457013576
3,1500,398,398.3846153846156
3,1501,398,398.100452488688
3,1502,398,398.0461538461539
3,1503,398,398.0805429864254
3,1504,398,397.8651583710408
3,1505,398,397.6
3,1506,397,397.62352941176493
3,1507,397,397.67420814479647
3,1508,398,397.6316742081448
3,1509,398,397.5755656108598
3,1510,397,397.5149321266969
3,1511,398,397.4588235294119
3,1512,398,397.48687782805445
3,1513,397,397.4787330316745
3,1514,397,397.2434389140272
3,1515,397,396.99004524886885
3,1516,397,396.99819004524886
3,1517,397,396.9475113122173
3,1518,397,396.6561085972852
3,1519,396,396.48054298642546
3,1520,396,396.5800904977376
3,1521,397,396.2343891402715
3,1522,397,395.93846153846164
3,1523,395,395.98371040723987
3,1524,395,395.8615384615385
3,1525,396,395.61719457013584
3,1526,396,395.29592760181004
3,1527,393,394.94570135746613
3,1528,396,394.4144796380092
3,1529,396,393.989304812834
3,1530,392,393.4345654345653
3,1531,392,392.6570096570096
3,1532,392,391.9207459207462
3,1533,392,391.1039627039627
3,1534,390,390.1717171717164
3,1535,390,389.8484848484848
3,1536,389,383.6950226244345
3,1537,389,385.29954751131237
3,1538,387,386.514932126697
3,1539,387,387.09049773755663
3,1540,386,387.92850678733055
3,1541,386,387.894117647059
3,1542,389,386.79185520362
3,1543,389,385.6298642533937
3,1544,383,385.79366515837114
3,1545,383,385.88054298642544
3,1546,388,385.25339366515846
3,1547,383,384.875113122172
3,1548,383,385.02171945701366
3,1549,388,384.96923076923076
3,1550,388,384.8162895927602
3,1551,382,385.06153846153853
3,1552,382,385.10407239819017
3,1553,388,384.9429864253394
3,1554,388,385.26153846153863
3,1555,382,385.0506787330318
3,1556,382,384.79547511312234
3,1557,387,384.92036199095025
3,1558,387,385.1266968325792
3,1559,384,384.6380090497739
3,1560,384,384.019004524887
3,1561,384,383.84162895927614
3,1562,384,383.8253393665159
3,1563,382,383.08235294117657
3,1564,382,382.06334841628967
3,1565,382,381.4877828054299
3,1566,382,381.0751131221721
3,1567,380,380.48235294117654
3,1568,380,379.9665158371041
3,1569,379,379.5022624434391
3,1570,379,379.2642533936653
3,1571,379,379.0823529411766
3,1572,379,378.9864253393666
3,1573,379,379.07420814479644
3,1574,379,379.2434389140272
3,1575,379,379.0416289592762
3,1576,380,379.01628959276036
3,1577,380,379.1610859728508
3,1578,379,379.26968325791864
3,1579,379,379.27149321266984
3,1580,378,379.29592760181004
3,1581,378,379.5457013574662
3,1582,381,379.6235294117648
3,1583,381,379.3357466063349
3,1584,379,379.3814420873242
3,1585,379,379.3346653346653
3,1586,380,379.0310800310799
3,1587,380,378.4044289044291
3,1588,377,377.89230769230767
3,1589,377,378.3232323232314
3,1590,380,379.2424242424242
