channel,index,raw,filtered
1,0,362,362.360386
1,1,362,362.380676
1,2,362,362.274203
1,3,362,362.329275
1,4,362,362.545894
1,5,362,362.635749
1,6,362,362.696618
1,7,363,362.728502
1,8,363,362.682512
1,9,363,362.702802
1,10,364,362.740483
1,11,364,362.795556
1,12,362,362.770242
1,13,362,362.733720
1,14,364,362.777971
1,15,364,362.777198
1,16,362,362.798647
1,17,362,362.836522
1,18,362,362.885024
1,19,362,362.938357
1,20,363,363.063768
1,21,363,363.159614
1,22,363,363.293140
1,23,363,363.531594
1,24,365,363.822222
1,25,365,364.063961
1,26,364,364.275749
1,27,365,364.500097
1,28,365,364.779517
1,29,365,365.011014
1,30,365,365.211594
1,31,365,365.422415
1,32,365,365.564638
1,33,366,365.705507
1,34,366,365.743382
1,35,366,365.745507
1,36,366,365.754976
1,37,365,365.840966
1,38,365,365.905700
1,39,367,365.876135
1,40,367,365.921159
1,41,366,365.920773
1,42,366,365.925797
1,43,365,365.867053
1,44,365,365.748406
1,45,365,365.573720
1,46,366,365.468792
1,47,366,365.319420
1,48,365,365.182222
1,49,365,364.993816
1,50,365,364.690821
1,51,365,364.329855
1,52,364,364.064734
1,53,364,363.809275
1,54,363,363.502029
1,55,363,363.201546
1,56,363,362.844444
1,57,363,362.389565
1,58,362,361.986860
1,59,362,361.713237
1,60,361,361.525604
1,61,361,361.307826
1,62,361,361.183768
1,63,361,361.155362
1,64,361,361.224541
1,65,361,361.320193
1,66,361,361.491208
1,67,361,361.566763
1,68,361,361.736039
1,69,363,361.944348
1,70,363,362.257005
1,71,363,362.593237
1,72,363,363.090048
1,73,364,363.522512
1,74,364,363.931787
1,75,364,364.359034
1,76,364,364.725411
1,77,364,365.025121
1,78,364,365.154589
1,79,366,365.445797
1,80,366,365.604638
1,81,367,365.629179
1,82,367,365.663575
1,83,367,365.563092
1,84,365,365.400773
1,85,365,365.225507
1,86,365,365.039227
1,87,364,364.796908
1,88,364,364.502415
1,89,364,364.159614
1,90,366,363.772367
1,91,362,363.344541
1,92,362,363.026087
1,93,362,362.726957
1,94,362,362.430145
1,95,363,362.238647
1,96,363,362.207150
1,97,362,362.124251
1,98,362,361.993816
1,99,362,361.961932
1,100,362,362.004444
1,101,362,362.097198
1,102,362,362.289082
1,103,362,362.655072
1,104,362,362.713237
1,105,362,362.799420
1,106,364,362.907826
1,107,364,363.032657
1,108,363,363.241159
1,109,363,363.480580
1,110,365,363.722899
1,111,365,363.940097
1,112,364,364.128309
1,113,364,364.332560
1,114,363,364.477874
1,115,363,364.660097
1,116,365,364.735072
1,117,365,364.558068
1,118,365,364.344348
1,119,365,364.431691
1,120,365,364.437874
1,121,365,364.248696
1,122,364,363.989952
1,123,364,363.811594
1,124,364,363.623575
1,125,363,363.360580
1,126,363,363.077295
1,127,361,362.706473
1,128,361,362.251981
1,129,364,361.934879
1,130,364,361.663188
1,131,360,361.442705
1,132,360,361.230338
1,133,361,361.102995
1,134,361,361.064541
1,135,361,361.045797
1,136,361,360.999807
1,137,361,361.070725
1,138,361,361.183575
1,139,361,361.383382
1,140,362,361.520193
1,141,362,361.684058
1,142,362,362.135266
1,143,362,362.654106
1,144,363,362.899517
1,145,363,363.130435
1,146,363,363.459130
1,147,363,363.757874
1,148,365,364.020870
1,149,365,364.291208
1,150,365,364.491981
1,151,365,364.717101
1,152,365,364.820483
1,153,365,364.777391
1,154,364,364.683092
1,155,364,364.633430
1,156,365,364.484251
1,157,365,364.310531
1,158,364,364.067246
1,159,364,363.758261
1,160,364,363.387440
1,161,363,363.006957
1,162,363,362.668986
1,163,361,362.475169
1,164,361,362.140483
1,165,363,361.885990
1,166,363,361.713623
1,167,361,361.552271
1,168,361,361.548599
1,169,361,361.633430
1,170,361,361.617005
1,171,361,361.645411
1,172,361,361.765604
1,173,363,361.975652
1,174,363,362.200580
1,175,361,362.485411
1,176,364,362.631304
1,177,364,362.799420
1,178,364,363.126184
1,179,364,363.605797
1,180,362,363.944155
1,181,362,364.184348
1,182,365,364.391691
1,183,365,364.656232
1,184,365,364.828019
1,185,365,364.903188
1,186,365,365.023961
1,187,365,365.092560
1,188,366,364.962899
1,189,366,364.996908
1,190,366,364.978744
1,191,364,364.961159
1,192,364,364.876908
1,193,365,364.634589
1,194,365,364.262802
1,195,363,363.935652
1,196,363,363.636135
1,197,363,363.300870
1,198,363,362.841739
1,199,363,362.410628
1,200,363,362.013333
1,201,362,361.728696
1,202,362,361.466667
1,203,361,361.306087
1,204,361,361.106667
1,205,360,360.968116
1,206,360,360.867633
1,207,361,360.902415
1,208,360,360.926377
1,209,360,361.033430
1,210,362,361.219710
1,211,362,361.481353
1,212,362,361.863382
1,213,362,362.290821
1,214,363,362.688696
1,215,363,363.053140
1,216,363,363.378357
1,217,363,363.901063
1,218,365,364.256039
1,219,365,364.392464
1,220,365,364.523671
1,221,365,364.572754
1,222,365,364.511691
1,223,365,364.531594
1,224,364,364.463575
1,225,364,364.309565
1,226,364,364.071498
1,227,365,363.824348
1,228,365,363.523092
1,229,361,363.171594
1,230,361,362.822609
1,231,363,362.554976
1,232,363,362.231691
1,233,362,361.933527
1,234,362,361.668213
1,235,361,361.443478
1,236,361,361.169275
1,237,361,360.922512
1,238,361,360.754010
1,239,361,360.665700
1,240,361,360.634783
1,241,361,360.758454
1,242,360,360.744541
1,243,360,360.780870
1,244,361,360.964444
1,245,361,361.197068
1,246,361,361.476285
1,247,361,361.799639
1,248,363,362.164674
1,249,363,362.568934
1,250,363,363.009963
1,251,363,363.485305
1,252,365,363.992504
1,253,365,364.529104
1,254,365,365.092650
1,255,365,365.680684
1,256,365,364.671884
1,257,365,364.661643
1,258,364,364.565411
1,259,364,364.479034
1,260,365,364.258357
1,261,364,364.002512
1,262,364,363.690628
1,263,363,363.375459
1,264,363,362.989758
1,265,362,362.685411
1,266,362,362.325411
1,267,362,361.990531
1,268,362,361.639614
1,269,362,361.351498
1,270,362,361.131981
1,271,360,360.962705
1,272,360,360.825314
1,273,361,360.407536
1,274,361,360.164058
1,275,360,360.085217
1,276,360,360.159420
1,277,360,360.422029
1,278,361,360.786473
1,279,361,361.579517
1,280,362,362.359034
1,281,362,363.121159
1,282,362,363.862029
1,283,361,364.528889
1,284,361,365.042899
1,285,369,365.541063
1,286,369,366.015652
1,287,370,366.509758
1,288,370,366.753430
1,289,370,366.862802
1,290,370,366.978744
1,291,364,366.955169
1,292,364,366.745121
1,293,364,366.423575
1,294,364,365.896618
1,295,365,365.239227
1,296,365,364.429179
1,297,364,363.444251
1,298,364,362.870725
1,299,362,362.334879
1,300,363,361.878261
1,301,363,361.542415
1,302,360,361.344734
1,303,360,361.302609
1,304,360,361.044058
1,305,360,360.797101
1,306,361,360.471691
1,307,361,360.217778
1,308,360,360.112271
1,309,360,360.063188
1,310,360,360.074396
1,311,360,360.147826
1,312,361,360.210435
1,313,361,360.429179
1,314,361,360.753237
1,315,361,360.912657
1,316,360,361.117488
1,317,360,361.406957
1,318,362,361.700290
1,319,362,362.062802
1,320,362,362.439807
1,321,363,362.752464
1,322,363,363.090821
1,323,364,363.376039
1,324,364,363.651208
1,325,364,363.912464
1,326,364,364.157874
1,327,365,364.314396
1,328,365,364.382029
1,329,364,364.287729
1,330,364,364.127343
1,331,364,363.973913
1,332,364,363.733527
1,333,364,363.410048
1,334,363,362.933720
1,335,363,362.474783
1,336,362,362.008502
1,337,362,361.630145
1,338,361,361.337778
1,339,361,360.982802
1,340,361,360.849662
1,341,361,360.981449
1,342,360,361.157101
1,343,360,361.323865
1,344,360,361.620097
1,345,360,361.940290
1,346,363,362.418937
1,347,363,362.922512
1,348,365,363.557488
1,349,365,364.235362
1,350,365,364.987633
1,351,368,365.772754
1,352,368,366.549179
1,353,366,367.299517
1,354,366,368.006377
1,355,368,368.628213
1,356,368,369.123478
1,357,370,369.474783
1,358,370,369.811401
1,359,371,370.121739
1,360,371,370.253333
1,361,371,370.346473
1,362,371,370.448116
1,363,370,370.342995
1,364,370,370.254106
1,365,370,370.044444
1,366,370,369.577585
1,367,369,368.957101
1,368,369,368.334879
1,369,369,367.622802
1,370,366,366.976618
1,371,366,366.312077
1,372,366,365.569082
1,373,366,364.927536
1,374,363,364.397101
1,375,363,363.987440
1,376,363,363.635169
1,377,363,363.250242
1,378,363,363.053720
1,379,363,363.145314
1,380,363,363.311691
1,381,363,363.410048
1,382,363,363.728696
1,383,363,364.093527
1,384,366,364.570435
1,385,366,365.102802
1,386,366,365.754010
1,387,366,366.344155
1,388,366,366.933333
1,389,369,367.508019
1,390,369,368.054686
1,391,367,368.608696
1,392,367,369.085411
1,393,371,369.571014
1,394,371,369.911691
1,395,370,370.099710
1,396,370,370.225121
1,397,371,370.357101
1,398,371,370.399807
1,399,370,370.284058
1,400,370,370.062609
1,401,370,369.668213
1,402,370,369.325797
1,403,369,368.900290
1,404,369,368.257198
1,405,367,367.502029
1,406,367,366.885797
1,407,367,366.299517
1,408,365,365.683671
1,409,365,365.049855
1,410,364,364.553816
1,411,364,364.011594
1,412,363,363.575072
1,413,363,363.297005
1,414,363,363.181256
1,415,363,363.133913
1,416,363,363.228019
1,417,363,363.559420
1,418,364,363.908986
1,419,364,364.321739
1,420,364,364.864928
1,421,365,365.337778
1,422,365,365.948406
1,423,368,366.541063
1,424,368,367.153043
1,425,368,367.699710
1,426,368,368.265314
1,427,370,368.765217
1,428,370,369.236715
1,429,369,369.597101
1,430,369,369.885604
1,431,370,370.094493
1,432,370,370.266860
1,433,371,370.254686
1,434,370,370.129082
1,435,370,369.841159
1,436,370,369.707826
1,437,370,369.445990
1,438,369,369.016425
1,439,369,368.499903
1,440,368,368.050242
1,441,368,367.581256
1,442,367,367.031498
1,443,367,366.459517
1,444,365,365.948019
1,445,365,365.264155
1,446,365,364.777005
1,447,365,364.370435
1,448,363,364.097198
1,449,363,363.912271
1,450,364,363.890628
1,451,364,363.961159
1,452,364,364.172754
1,453,364,364.403478
1,454,364,364.771401
1,455,364,365.150725
1,456,364,365.655652
1,457,368,366.181256
1,458,368,366.742609
1,459,368,367.330048
1,460,368,367.933913
1,461,369,368.398454
1,462,369,368.807923
1,463,369,369.270725
1,464,369,369.704155
1,465,370,370.027440
1,466,370,370.330628
1,467,371,370.463768
1,468,371,370.520773
1,469,370,370.355556
1,470,370,370.211401
1,471,370,369.971594
1,472,370,369.739710
1,473,370,369.379324
1,474,370,368.973140
1,475,369,368.483865
1,476,368,367.874203
1,477,368,367.226860
1,478,366,366.722319
1,479,366,366.181063
1,480,364,365.691594
1,481,364,365.222415
1,482,365,364.717874
1,483,365,364.046763
1,484,363,363.508986
1,485,363,363.014493
1,486,363,362.713237
1,487,363,362.609082
1,488,364,362.681739
1,489,364,362.837874
1,490,362,363.128309
1,491,362,363.360000
1,492,362,363.699903
1,493,362,363.998068
1,494,362,364.344541
1,495,366,364.853527
1,496,366,365.399227
1,497,368,365.978357
1,498,368,366.467633
1,499,368,366.718454
1,500,367,367.143055
1,501,367,367.506519
1,502,367,367.792266
1,503,368,367.983715
1,504,368,368.064287
1,505,368,368.017400
1,506,368,367.826474
1,507,367,367.474929
1,508,367,366.946183
1,509,364,366.223657
1,510,364,365.290769
1,511,367,364.130940
1,512,367,365.838261
1,513,366,365.470725
1,514,366,365.287536
1,515,364,365.077295
1,516,364,364.774106
1,517,367,364.552077
1,518,367,364.317295
1,519,363,364.215845
1,520,363,364.223575
1,521,363,364.316329
1,522,363,364.177198
1,523,363,364.089275
1,524,366,364.213140
1,525,366,364.469372
1,526,363,364.730242
1,527,363,365.108019
1,528,366,365.495845
1,529,366,365.906860
1,530,368,366.548599
1,531,368,367.268599
1,532,367,367.768889
1,533,367,368.475942
1,534,369,369.020676
1,535,369,369.203671
1,536,370,369.305507
1,537,370,369.729275
1,538,371,370.038068
1,539,371,370.063575
1,540,370,369.877488
1,541,370,369.745894
1,542,370,369.454879
1,543,370,369.156329
1,544,370,368.762126
1,545,365,368.208889
1,546,365,367.504348
1,547,369,366.873430
1,548,369,366.179130
1,549,365,365.575266
1,550,365,365.071498
1,551,364,364.679420
1,552,364,364.168116
1,553,363,363.762512
1,554,363,363.564251
1,555,363,363.506087
1,556,363,363.496039
1,557,363,363.682126
1,558,364,363.652174
1,559,364,363.714010
1,560,365,364.101256
1,561,365,364.687536
1,562,364,365.176812
1,563,364,365.753043
1,564,368,366.331594
1,565,368,366.996715
1,566,367,367.590725
1,567,367,368.148986
1,568,369,368.657971
1,569,369,369.104155
1,570,370,369.474010
1,571,370,369.973720
1,572,371,370.329469
1,573,371,370.657391
1,574,371,370.833623
1,575,371,370.880966
1,576,371,370.702222
1,577,370,370.638454
1,578,370,370.430725
1,579,370,370.015652
1,580,370,369.449855
1,581,370,368.887150
1,582,370,368.192464
1,583,367,367.521546
1,584,367,366.788213
1,585,366,366.148213
1,586,366,365.515362
1,587,364,364.972367
1,588,364,364.577778
1,589,363,364.270145
1,590,363,363.743575
1,591,363,363.412174
1,592,363,363.275942
1,593,363,363.334879
1,594,364,363.588986
1,595,364,364.038261
1,596,365,364.414686
1,597,365,364.930242
1,598,366,365.455266
1,599,366,366.197874
1,600,365,366.858164
1,601,365,367.522319
1,602,370,368.105700
1,603,370,368.594783
1,604,370,369.047150
1,605,370,369.594010
1,606,370,370.006570
1,607,370,370.348213
1,608,371,370.562319
1,609,371,370.860870
1,610,372,370.975845
1,611,370,371.029179
1,612,370,370.902802
1,613,370,370.576425
1,614,370,370.029758
1,615,371,369.631884
1,616,371,369.151884
1,617,368,368.603285
1,618,368,368.048502
1,619,368,367.429952
1,620,368,366.714203
1,621,365,366.060870
1,622,365,365.338744
1,623,364,364.778551
1,624,364,364.198841
1,625,363,363.707053
1,626,363,363.215072
1,627,363,362.874783
1,628,363,362.667246
1,629,363,362.693527
1,630,362,362.689469
1,631,362,362.822029
1,632,363,363.158454
1,633,363,363.692947
1,634,365,364.200580
1,635,365,364.767536
1,636,365,365.380290
1,637,365,366.170048
1,638,367,366.906087
1,639,367,367.672657
1,640,369,368.385121
1,641,369,368.982995
1,642,370,369.525797
1,643,371,370.024734
1,644,371,370.371014
1,645,371,370.772754
1,646,371,370.958068
1,647,372,371.020290
1,648,372,370.981643
1,649,370,370.769082
1,650,370,370.529275
1,651,369,370.194976
1,652,369,369.629179
1,653,370,369.058744
1,654,370,368.397488
1,655,368,367.730048
1,656,368,367.094106
1,657,365,366.456232
1,658,365,365.880773
1,659,366,365.312077
1,660,365,364.645024
1,661,365,364.134493
1,662,362,363.597101
1,663,362,363.209469
1,664,363,362.855459
1,665,363,362.658937
1,666,363,362.694879
1,667,363,362.771594
1,668,363,362.960193
1,669,363,363.352657
1,670,362,363.724058
1,671,362,364.209469
1,672,366,364.870338
1,673,366,365.575072
1,674,367,366.360966
1,675,367,367.046184
1,676,368,367.688889
1,677,368,368.395556
1,678,368,369.032657
1,679,371,369.588599
1,680,371,370.051787
1,681,371,370.508406
1,682,371,370.804638
1,683,371,371.055266
1,684,371,371.015072
1,685,371,370.974300
1,686,371,370.889855
1,687,370,370.627246
1,688,370,370.004444
1,689,369,369.321353
1,690,369,368.489855
1,691,369,367.590725
1,692,369,366.899710
1,693,367,366.212560
1,694,367,365.544734
1,695,363,364.911691
1,696,363,364.231111
1,697,363,363.660676
1,698,360,363.065314
1,699,360,362.669952
1,700,363,362.309565
1,701,363,362.179130
1,702,364,362.205604
1,703,364,362.387053
1,704,363,362.792657
1,705,363,363.418551
1,706,363,364.114783
1,707,363,364.922512
1,708,365,365.612947
1,709,365,366.462029
1,710,368,367.310145
1,711,368,367.875749
1,712,370,368.357295
1,713,370,369.099324
1,714,370,369.726377
1,715,371,370.301836
1,716,371,370.769082
1,717,371,371.145121
1,718,371,371.326957
1,719,372,371.357681
1,720,372,371.160386
1,721,370,370.828406
1,722,370,370.481739
1,723,371,370.124251
1,724,371,369.618937
1,725,368,369.121546
1,726,368,368.547826
1,727,368,367.911304
1,728,368,367.298551
1,729,366,366.676135
1,730,366,366.059517
1,731,365,365.464155
1,732,365,364.880773
1,733,366,364.420097
1,734,363,363.949565
1,735,363,363.576618
1,736,363,363.188406
1,737,363,363.032077
1,738,363,362.941256
1,739,363,362.989565
1,740,363,363.177005
1,741,363,363.356908
1,742,363,363.596522
1,743,363,363.983961
1,744,365,364.436522
1,745,365,364.991498
1,746,365,365.710338
1,747,365,366.266473
1,748,369,366.862222
1,749,369,367.529082
1,750,368,368.178551
1,751,368,368.844058
1,752,368,369.439034
1,753,371,369.998841
1,754,371,370.438841
1,755,371,370.796329
1,756,371,371.073214
1,757,371,371.272596
1,758,371,371.389136
1,759,372,371.417497
1,760,372,371.352340
1,761,371,371.188329
1,762,371,370.920125
1,763,370,370.542391
1,764,370,370.049790
1,765,369,369.436983
1,766,369,368.698632
1,767,368,367.829402
1,768,368,367.302802
1,769,369,366.695266
1,770,363,366.055266
1,771,363,365.467440
1,772,366,364.967536
1,773,366,364.542415
1,774,363,364.201739
1,775,363,363.953237
1,776,364,363.802705
1,777,364,363.656232
1,778,364,363.657971
1,779,364,363.950725
1,780,364,364.315362
1,781,364,364.701063
1,782,365,365.321159
1,783,365,365.684638
1,784,366,366.069372
1,785,367,366.679034
1,786,367,367.357295
1,787,368,367.924251
1,788,368,368.440000
1,789,371,369.012947
1,790,371,369.413720
1,791,369,369.774879
1,792,369,370.278454
1,793,371,370.626473
1,794,371,370.715362
1,795,371,370.754589
1,796,371,370.834203
1,797,371,370.806184
1,798,371,370.792464
1,799,370,370.603865
1,800,370,370.270338
1,801,369,369.821836
1,802,371,369.532174
1,803,371,369.195169
1,804,367,368.727150
1,805,367,368.164444
1,806,369,367.615845
1,807,369,367.070145
1,808,366,366.540870
1,809,366,365.943768
1,810,364,365.434589
1,811,364,365.071884
1,812,365,364.721159
1,813,365,364.147633
1,814,364,363.714589
1,815,364,363.759807
1,816,363,363.972174
1,817,363,364.016425
1,818,364,364.157295
1,819,364,364.537005
1,820,364,365.057778
1,821,366,365.451594
1,822,366,365.930435
1,823,365,366.438261
1,824,365,366.919034
1,825,371,367.389179
1,826,371,367.816232
1,827,368,368.190531
1,828,368,368.793816
1,829,369,369.185894
1,830,369,369.216232
1,831,369,369.238454
1,832,369,369.438454
1,833,370,369.451014
1,834,370,369.617778
1,835,368,369.560386
1,836,368,369.168502
1,837,369,368.571787
1,838,370,368.362899
1,839,370,368.054493
1,840,365,367.354783
1,841,365,366.620870
1,842,369,365.870145
1,843,369,364.926377
1,844,364,364.022222
1,845,364,363.268986
1,846,360,362.611014
1,847,360,361.969855
1,848,361,361.289855
1,849,361,360.633430
1,850,358,360.158261
1,851,358,359.902029
1,852,360,359.831304
1,853,359,359.498551
1,854,359,359.296232
1,855,362,359.518454
1,856,362,359.979324
1,857,360,360.274396
1,858,360,360.719227
1,859,361,361.068599
1,860,361,361.388406
1,861,362,361.815072
1,862,362,362.340870
1,863,362,362.667826
1,864,362,362.931014
1,865,364,363.264928
1,866,364,363.539903
1,867,364,363.724058
1,868,364,364.028792
1,869,365,364.305507
1,870,365,364.455072
1,871,364,364.498357
1,872,365,364.602319
1,873,365,364.573913
1,874,364,364.488116
1,875,364,364.299903
1,876,364,363.964251
1,877,364,363.556135
1,878,363,363.321353
1,879,363,363.025700
1,880,363,362.678841
1,881,363,362.241546
1,882,362,361.867633
1,883,362,361.468986
1,884,360,361.053333
1,885,360,360.748406
1,886,360,360.464155
1,887,360,360.206377
1,888,361,359.538937
1,889,361,359.176812
1,890,359,359.104541
1,891,359,359.282512
1,892,359,359.671111
1,893,360,360.597101
1,894,360,361.547246
1,895,361,362.446570
1,896,361,363.340097
1,897,361,364.077874
1,898,362,364.749952
1,899,362,365.397488
1,900,372,365.892754
1,901,372,366.374106
1,902,372,366.884638
1,903,371,367.130242
1,904,371,367.154010
1,905,364,367.021256
1,906,364,366.895072
1,907,364,366.578551
1,908,364,366.142802
1,909,364,365.538937
1,910,364,364.766957
1,911,363,363.899903
1,912,364,362.939710
1,913,364,362.547633
1,914,362,362.257971
1,915,362,362.093913
1,916,363,362.005604
1,917,363,362.063188
1,918,361,361.776618
1,919,361,361.495845
1,920,361,361.228599
1,921,361,360.884831
1,922,361,360.614493
1,923,361,360.421449
1,924,360,360.236522
1,925,360,360.183575
1,926,360,360.217585
1,927,360,360.098551
1,928,360,360.066473
1,929,360,360.239420
1,930,360,360.495459
1,931,360,360.688502
1,932,360,360.912464
1,933,362,361.114589
1,934,362,361.362126
1,935,362,361.649275
1,936,362,361.970242
1,937,362,362.246184
1,938,362,362.518261
1,939,364,362.778744
1,940,364,363.068792
1,941,363,363.309565
1,942,363,363.495266
1,943,363,363.620097
1,944,363,363.776039
1,945,364,363.815072
1,946,364,363.832464
1,947,364,363.803478
1,948,364,363.825894
1,949,364,363.757488
1,950,364,363.602126
1,951,364,363.363671
1,952,363,363.240966
1,953,363,363.072850
1,954,363,362.747053
1,955,363,362.391304
1,956,361,362.011401
1,957,361,361.564251
1,958,362,361.199807
1,959,362,360.826087
1,960,360,360.520000
1,961,360,360.334300
1,962,360,360.201739
1,963,360,359.932560
1,964,359,359.817005
1,965,359,359.926763
1,966,360,360.093527
1,967,360,360.221449
1,968,360,360.454686
1,969,361,360.645217
1,970,361,360.885024
1,971,362,361.241353
1,972,362,361.661449
1,973,361,362.044251
1,974,361,362.359807
1,975,365,362.673430
1,976,365,363.026280
1,977,362,363.266473
1,978,362,363.386280
1,979,364,363.522126
1,980,364,363.666280
1,981,364,363.739903
1,982,364,363.859130
1,983,364,363.900097
1,984,364,363.933913
1,985,363,363.911691
1,986,364,363.858164
1,987,364,363.678068
1,988,363,363.616618
1,989,363,363.607923
1,990,364,363.369469
1,991,364,363.051787
1,992,363,362.804831
1,993,363,362.587440
1,994,362,362.336232
1,995,362,362.011981
1,996,362,361.695459
1,997,362,361.345507
1,998,360,360.967923
1,999,360,360.688502
1,1000,361,360.464155
1,1001,360,360.080966
1,1002,360,359.805024
1,1003,360,359.805217
1,1004,360,359.890435
1,1005,359,359.893720
1,1006,359,360.057005
1,1007,360,360.234203
1,1008,360,360.423382
1,1009,361,360.693720
1,1010,361,361.041353
1,1011,361,361.316329
1,1012,361,361.679836
1,1013,364,362.046230
1,1014,364,362.405944
1,1015,362,362.749415
1,1016,362,363.067080
1,1017,364,363.349375
1,1018,363,363.586735
1,1019,363,363.769597
1,1020,364,363.888397
1,1021,364,363.933571
1,1022,364,363.895556
1,1023,364,363.764786
1,1024,365,364.091787
1,1025,365,363.885024
1,1026,363,363.800773
1,1027,363,363.747053
1,1028,364,363.512464
1,1029,364,363.198647
1,1030,363,362.955556
1,1031,363,362.620097
1,1032,362,362.246957
1,1033,362,361.914976
1,1034,362,361.582995
1,1035,360,361.209855
1,1036,360,360.874396
1,1037,361,360.655459
1,1038,361,360.511884
1,1039,360,360.256425
1,1040,360,360.061836
1,1041,360,359.954203
1,1042,360,359.910725
1,1043,360,359.931401
1,1044,360,360.112077
1,1045,360,360.306667
1,1046,360,360.513237
1,1047,361,360.800966
1,1048,361,361.019903
1,1049,361,361.260097
1,1050,361,361.586860
1,1051,362,361.945507
1,1052,362,362.306087
1,1053,363,362.638647
1,1054,364,362.888502
1,1055,364,363.120966
1,1056,363,363.426087
1,1057,363,363.653913
1,1058,364,363.800580
1,1059,364,363.862222
1,1060,364,363.908019
1,1061,364,363.984928
1,1062,364,363.948792
1,1063,364,363.752657
1,1064,363,363.542609
1,1065,363,363.320580
1,1066,364,363.090435
1,1067,364,362.882126
1,1068,362,362.654493
1,1069,362,362.342222
1,1070,362,362.000000
1,1071,362,361.706667
1,1072,362,361.421063
1,1073,360,361.150918
1,1074,360,360.903961
1,1075,361,360.639034
1,1076,361,360.434976
1,1077,360,360.224541
1,1078,360,360.011594
1,1079,360,359.944155
1,1080,360,359.977198
1,1081,360,359.968502
1,1082,360,360.015845
1,1083,360,360.119227
1,1084,360,360.229758
1,1085,360,360.418551
1,1086,360,360.586473
1,1087,361,360.754396
1,1088,361,360.893720
1,1089,361,361.095845
1,1090,362,361.281932
1,1091,362,361.542029
1,1092,362,361.797295
1,1093,362,361.895266
1,1094,362,362.043478
1,1095,362,362.230338
1,1096,363,362.444251
1,1097,363,362.673623
1,1098,362,363.151304
1,1099,362,363.510145
1,1100,364,363.821256
1,1101,364,364.084638
1,1102,364,364.229179
1,1103,363,364.329855
1,1104,363,364.341643
1,1105,366,364.268406
1,1106,366,364.114010
1,1107,366,363.882319
1,1108,366,363.577198
1,1109,366,363.226667
1,1110,361,362.858744
1,1111,361,362.404251
1,1112,361,361.914010
1,1113,360,361.536039
1,1114,360,361.178357
1,1115,360,360.846763
1,1116,360,360.474010
1,1117,360,360.112850
1,1118,360,359.986280
1,1119,360,359.957295
1,1120,360,359.986667
1,1121,361,360.155169
1,1122,361,360.470531
1,1123,361,360.575266
1,1124,361,360.760773
1,1125,361,360.954010
1,1126,361,360.935266
1,1127,361,360.964831
1,1128,361,361.034976
1,1129,361,361.137971
1,1130,361,361.363865
1,1131,361,361.562705
1,1132,362,361.632850
1,1133,362,361.761546
1,1134,362,361.942995
1,1135,362,362.124444
1,1136,361,362.302029
1,1137,361,362.569662
1,1138,364,362.781256
1,1139,364,362.936812
1,1140,364,363.036329
1,1141,364,363.079807
1,1142,362,363.067246
1,1143,362,362.998647
1,1144,364,362.874010
1,1145,363,362.815266
1,1146,363,362.704348
1,1147,363,362.496232
1,1148,363,362.265894
1,1149,361,361.942222
1,1150,361,361.574106
1,1151,361,361.380676
1,1152,361,361.269952
1,1153,361,361.176618
1,1154,361,361.108406
1,1155,361,360.926957
1,1156,361,360.685024
1,1157,360,360.603671
1,1158,360,360.517874
1,1159,361,360.480386
1,1160,361,360.495072
1,1161,361,360.565797
1,1162,361,360.452560
1,1163,361,360.395362
1,1164,360,360.439227
1,1165,360,360.460290
1,1166,360,360.527729
1,1167,360,360.686570
1,1168,361,360.861836
1,1169,361,361.002705
1,1170,361,361.105314
1,1171,361,361.261643
1,1172,361,361.467826
1,1173,361,361.575266
1,1174,363,361.724251
1,1175,363,361.908986
1,1176,362,362.123671
1,1177,363,362.289469
1,1178,363,362.447536
1,1179,362,362.687923
1,1180,362,362.860676
1,1181,363,362.937198
1,1182,363,363.106667
1,1183,362,363.221063
1,1184,362,363.327343
1,1185,364,363.352464
1,1186,364,363.296425
1,1187,364,363.305314
1,1188,364,363.285217
1,1189,364,363.166957
1,1190,364,363.123285
1,1191,362,363.038068
1,1192,362,362.844058
1,1193,364,362.594010
1,1194,362,362.413720
1,1195,362,362.188986
1,1196,361,361.854493
1,1197,361,361.464928
1,1198,361,361.172174
1,1199,361,360.888116
1,1200,361,360.524638
1,1201,361,360.233623
1,1202,360,360.069758
1,1203,360,360.016618
1,1204,360,359.864734
1,1205,360,359.522126
1,1206,359,359.425121
1,1207,359,359.429565
1,1208,359,359.489082
1,1209,359,359.385894
1,1210,359,359.382222
1,1211,359,359.521159
1,1212,361,359.725797
1,1213,361,359.992271
1,1214,360,360.316715
1,1215,359,360.622222
1,1216,359,360.951884
1,1217,363,361.251014
1,1218,363,361.584928
1,1219,361,361.921739
1,1220,361,362.229565
1,1221,364,362.500676
1,1222,364,362.727343
1,1223,363,362.901836
1,1224,363,363.065314
1,1225,363,363.285024
1,1226,363,363.559034
1,1227,363,363.670145
1,1228,363,363.545314
1,1229,364,363.302609
1,1230,364,363.328116
1,1231,363,363.287923
1,1232,363,362.994783
1,1233,363,362.621449
1,1234,363,362.388986
1,1235,363,362.158454
1,1236,362,361.913430
1,1237,362,361.637488
1,1238,360,361.338357
1,1239,360,361.023768
1,1240,361,360.652560
1,1241,361,360.303575
1,1242,359,360.006763
1,1243,359,359.792077
1,1244,360,359.592271
1,1245,360,359.362319
1,1246,360,359.248309
1,1247,360,359.250242
1,1248,359,359.368116
1,1249,359,359.577778
1,1250,359,359.855072
1,1251,359,359.956135
1,1252,360,360.117101
1,1253,360,360.452174
1,1254,361,360.835556
1,1255,361,361.068406
1,1256,361,361.311884
1,1257,363,361.629372
1,1258,363,361.964251
1,1259,363,362.308792
1,1260,363,362.704155
1,1261,362,362.998454
1,1262,362,363.232850
1,1263,364,363.399614
1,1264,364,363.588792
1,1265,363,363.723478
1,1266,363,363.703961
1,1267,364,363.672464
1,1268,364,363.652991
1,1269,364,363.600088
1,1270,364,363.513878
1,1271,364,363.394487
1,1272,363,363.242039
1,1273,363,363.056660
1,1274,363,362.838475
1,1275,363,362.587609
1,1276,361,362.304186
1,1277,361,361.988331
1,1278,362,361.640171
1,1279,362,361.259829
1,1280,362,360.820870
1,1281,362,360.513623
1,1282,360,360.232464
1,1283,360,359.938164
1,1284,359,359.711498
1,1285,359,359.438261
1,1286,359,359.244251
1,1287,358,359.084444
1,1288,358,359.033816
1,1289,359,358.899324
1,1290,359,358.847923
1,1291,360,358.948792
1,1292,360,359.151111
1,1293,359,359.452947
1,1294,359,359.852367
1,1295,360,360.201353
1,1296,360,360.591884
1,1297,361,361.042899
1,1298,361,361.453333
1,1299,362,361.819324
1,1300,362,362.015072
1,1301,363,362.154783
1,1302,363,362.352657
1,1303,363,362.482899
1,1304,363,362.565797
1,1305,363,362.621643
1,1306,363,362.573527
1,1307,363,362.464541
1,1308,363,362.459710
1,1309,361,362.364058
1,1310,361,362.201739
1,1311,361,361.996908
1,1312,362,361.920386
1,1313,362,361.782995
1,1314,361,361.614686
1,1315,361,361.445411
1,1316,362,361.280966
1,1317,362,361.176039
1,1318,362,361.065314
1,1319,362,360.907633
1,1320,360,360.781836
1,1321,360,360.693720
1,1322,361,360.502995
1,1323,361,360.260483
1,1324,359,360.039227
1,1325,359,359.863382
1,1326,360,359.757101
1,1327,360,359.647343
1,1328,360,359.581063
1,1329,359,359.580483
1,1330,359,359.667826
1,1331,360,359.841159
1,1332,360,360.098551
1,1333,360,360.291981
1,1334,360,360.513430
1,1335,361,361.025700
1,1336,361,361.491594
1,1337,362,361.768889
1,1338,362,361.955362
1,1339,362,362.124058
1,1340,362,362.228019
1,1341,363,362.269179
1,1342,363,362.176425
1,1343,363,362.047536
1,1344,363,361.737778
1,1345,363,361.415459
1,1346,363,361.127536
1,1347,359,360.800966
1,1348,359,360.264348
1,1349,359,359.826280
1,1350,359,359.649855
1,1351,359,359.538164
1,1352,359,359.440386
1,1353,359,359.425700
1,1354,359,359.416618
1,1355,358,359.575652
1,1356,361,359.943961
1,1357,361,360.442705
1,1358,360,361.017198
1,1359,360,361.732754
1,1360,365,362.338357
1,1361,365,362.894106
1,1362,363,363.457585
1,1363,363,364.111111
1,1364,364,364.697005
1,1365,364,365.154783
1,1366,367,365.543961
1,1367,367,365.997681
1,1368,366,366.216039
1,1369,366,366.408502
1,1370,367,366.495652
1,1371,367,366.496425
1,1372,366,366.309758
1,1373,367,366.394783
1,1374,367,366.370628
1,1375,365,366.100870
1,1376,365,365.689082
1,1377,366,365.262995
1,1378,366,364.710338
1,1379,363,364.259903
1,1380,363,363.780483
1,1381,364,363.214493
1,1382,364,362.575459
1,1383,362,362.021063
1,1384,362,361.467053
1,1385,360,360.925024
1,1386,360,360.526570
1,1387,360,360.234396
1,1388,360,359.816232
1,1389,359,359.519807
1,1390,359,359.373140
1,1391,359,359.404251
1,1392,359,359.348986
1,1393,359,359.423188
1,1394,360,359.598261
1,1395,360,359.965604
1,1396,361,360.373333
1,1397,361,360.909565
1,1398,361,361.418551
1,1399,361,361.984541
1,1400,363,362.594010
1,1401,363,363.233430
1,1402,364,363.816232
1,1403,364,364.424734
1,1404,365,364.972367
1,1405,365,365.543382
1,1406,367,365.982029
1,1407,367,366.302802
1,1408,367,366.520193
1,1409,367,366.795362
1,1410,367,366.929469
1,1411,367,366.869758
1,1412,367,366.683478
1,1413,367,366.706473
1,1414,367,366.554589
1,1415,366,366.306667
1,1416,366,365.970435
1,1417,364,365.555556
1,1418,364,365.024734
1,1419,365,364.535652
1,1420,365,364.054879
1,1421,363,363.526763
1,1422,363,362.870918
1,1423,364,362.246957
1,1424,364,361.619517
1,1425,360,361.073237
1,1426,360,360.619710
1,1427,360,360.270531
1,1428,359,359.915362
1,1429,359,359.683865
1,1430,359,359.437681
1,1431,359,359.278454
1,1432,358,359.136425
1,1433,358,359.181836
1,1434,360,359.268599
1,1435,360,359.490628
1,1436,361,359.965990
1,1437,361,360.474976
1,1438,361,360.867633
1,1439,361,361.376812
1,1440,362,361.919807
1,1441,362,362.316135
1,1442,362,362.745314
1,1443,362,363.240773
1,1444,365,363.715942
1,1445,365,364.035362
1,1446,365,364.303575
1,1447,365,364.893720
1,1448,364,365.143382
1,1449,366,365.406184
1,1450,366,365.819130
1,1451,365,366.088116
1,1452,365,366.162319
1,1453,367,366.183961
1,1454,367,366.200000
1,1455,366,366.066280
1,1456,366,365.833623
1,1457,367,365.651981
1,1458,367,365.335459
1,1459,362,364.964831
1,1460,366,364.645604
1,1461,366,364.170242
1,1462,362,363.792271
1,1463,362,363.356329
1,1464,363,362.755942
1,1465,363,362.124638
1,1466,361,361.620097
1,1467,361,361.111111
1,1468,360,360.611208
1,1469,360,360.229758
1,1470,361,359.980290
1,1471,361,359.682705
1,1472,359,359.200580
1,1473,359,359.070531
1,1474,358,359.104734
1,1475,358,358.920966
1,1476,359,358.857005
1,1477,359,358.933140
1,1478,359,359.169662
1,1479,360,359.416618
1,1480,360,359.764058
1,1481,359,360.033430
1,1482,359,360.406184
1,1483,362,360.941836
1,1484,362,361.579903
1,1485,362,362.162705
1,1486,362,362.821449
1,1487,364,363.396522
1,1488,364,363.872464
1,1489,365,364.377971
1,1490,365,364.897585
1,1491,365,365.344734
1,1492,365,365.925604
1,1493,367,366.366377
1,1494,367,366.539324
1,1495,367,366.556715
1,1496,367,366.823575
1,1497,367,366.904928
1,1498,366,366.657971
1,1499,366,366.299903
1,1500,367,366.170435
1,1501,367,365.889275
1,1502,366,365.392464
1,1503,366,364.856039
1,1504,363,364.285797
1,1505,363,363.687536
1,1506,364,363.310918
1,1507,364,362.925604
1,1508,360,362.349565
1,1509,360,361.880773
1,1510,363,361.427246
1,1511,363,361.063961
1,1512,359,360.644251
1,1513,359,360.525604
1,1514,362,360.800000
1,1515,362,360.784155
1,1516,362,361.093913
1,1517,362,361.492754
1,1518,360,362.104155
1,1519,360,362.977971
1,1520,364,364.435169
1,1521,364,365.593430
1,1522,366,366.634783
1,1523,366,367.764831
1,1524,370,369.083411
1,1525,370,370.295249
1,1526,367,371.347632
1,1527,375,372.187850
1,1528,375,372.763192
1,1529,375,373.020947
1,1530,375,372.908404
1,1531,375,372.372851
1,1532,367,371.361578
1,1533,367,369.821873
1,1534,367,367.701026
1,1535,367,364.946325
1,1536,367,368.370628
1,1537,367,367.971014
1,1538,367,367.450628
1,1539,365,366.558841
1,1540,365,366.256039
1,1541,368,365.962899
1,1542,368,365.710338
1,1543,366,365.529275
1,1544,366,365.450628
1,1545,366,364.920966
1,1546,366,364.346860
1,1547,364,363.743768
1,1548,364,363.127150
1,1549,361,362.512464
1,1550,361,361.915169
1,1551,362,361.350725
1,1552,359,360.688502
1,1553,359,360.037874
1,1554,359,359.580676
1,1555,359,359.258744
1,1556,359,358.892560
1,1557,359,358.662609
1,1558,359,358.578551
1,1559,359,358.601159
1,1560,359,358.665121
1,1561,359,358.774300
1,1562,359,358.855652
1,1563,359,359.050048
1,1564,359,359.424734
1,1565,359,359.610048
1,1566,360,359.885217
1,1567,360,360.187826
1,1568,361,360.575459
1,1569,361,361.032657
1,1570,361,361.543961
1,1571,362,362.045024
1,1572,362,362.591498
1,1573,364,363.214879
1,1574,364,363.826667
1,1575,364,364.362512
1,1576,364,364.878068
1,1577,366,365.355942
1,1578,366,365.827633
1,1579,367,366.277681
1,1580,367,366.643671
1,1581,367,366.985121
1,1582,367,367.241546
1,1583,368,367.401353
1,1584,368,367.525990
1,1585,367,367.556908
1,1586,367,367.679420
1,1587,368,367.718841
1,1588,368,367.720193
1,1589,368,367.608502
1,1590,367,367.527923
1,1591,367,367.382609
1,1592,367,367.247536
1,1593,367,367.126570
1,1594,367,366.952464
1,1595,367,366.731014
1,1596,367,366.541063
1,1597,367,366.390338
1,1598,366,366.142415
1,1599,366,365.853913
1,1600,365,365.605604
1,1601,365,365.358261
1,1602,365,365.121546
1,1603,365,364.880966
1,1604,365,364.622029
1,1605,364,364.305507
1,1606,364,364.012174
1,1607,364,363.749758
1,1608,364,363.623768
1,1609,363,363.459405
1,1610,363,363.306380
1,1611,363,363.163098
1,1612,363,363.027964
1,1613,363,362.899384
1,1614,363,362.775763
1,1615,362,362.655507
1,1616,362,362.537021
1,1617,363,362.418711
1,1618,363,362.298982
1,1619,363,362.176239
1,1620,361,362.048889
2,0,362,362.577778
2,1,362,362.563285
2,2,362,362.558454
2,3,362,362.563285
2,4,362,362.577778
2,5,363,362.601932
2,6,363,362.635749
2,7,363,362.679227
2,8,363,362.732367
2,9,363,362.795169
2,10,363,362.867633
2,11,363,362.949758
2,12,363,363.041546
2,13,363,363.069952
2,14,363,363.033043
2,15,363,363.000000
2,16,363,362.966957
2,17,363,362.930048
2,18,363,363.007343
2,19,363,363.076908
2,20,363,363.187633
2,21,363,363.268406
2,22,363,363.321159
2,23,363,363.347826
2,24,363,363.350338
2,25,363,363.379517
2,26,364,363.366184
2,27,364,363.314203
2,28,364,363.227440
2,29,364,363.158647
2,30,363,363.040580
2,31,363,362.879034
2,32,362,362.679807
2,33,362,362.497585
2,34,362,362.267053
2,35,362,361.995942
2,36,362,361.691981
2,37,361,361.362899
2,38,361,361.016425
2,39,361,360.733333
2,40,361,360.474396
2,41,360,360.249275
2,42,360,360.067633
2,43,360,359.866087
2,44,360,359.701256
2,45,359,359.507826
2,46,359,359.389372
2,47,359,359.280580
2,48,359,359.091401
2,49,359,358.971787
2,50,359,358.852560
2,51,359,358.833430
2,52,359,358.845217
2,53,359,358.745121
2,54,359,358.677295
2,55,359,358.686763
2,56,359,358.769662
2,57,359,358.873237
2,58,358,358.991691
2,59,358,359.166184
2,60,360,359.388986
2,61,360,359.652367
2,62,360,359.948599
2,63,359,360.221063
2,64,359,360.533140
2,65,362,360.924058
2,66,362,361.361932
2,67,362,361.767923
2,68,362,362.136232
2,69,363,362.509952
2,70,363,362.909952
2,71,363,363.117101
2,72,363,363.178357
2,73,363,363.237874
2,74,363,363.199807
2,75,364,363.066087
2,76,364,362.814493
2,77,363,362.422802
2,78,362,362.112077
2,79,362,361.743382
2,80,362,361.324444
2,81,361,360.862995
2,82,359,360.390918
2,83,359,359.940097
2,84,359,359.518261
2,85,359,359.133140
2,86,359,358.792464
2,87,359,358.455072
2,88,358,358.272850
2,89,358,358.204638
2,90,358,358.185121
2,91,358,358.098164
2,92,358,358.138744
2,93,358,358.306860
2,94,359,358.529469
2,95,359,358.658551
2,96,359,358.857198
2,97,359,359.117681
2,98,359,359.432271
2,99,360,359.793237
2,100,360,360.192850
2,101,360,360.550338
2,102,360,360.953816
2,103,362,361.322512
2,104,362,361.648696
2,105,362,361.924638
2,106,362,362.240386
2,107,363,362.519034
2,108,363,362.709758
2,109,363,362.810628
2,110,363,362.868599
2,111,363,362.810628
2,112,363,362.709758
2,113,363,362.519034
2,114,362,362.289275
2,115,362,361.951304
2,116,362,361.606184
2,117,362,361.234976
2,118,360,360.843478
2,119,360,360.437488
2,120,360,360.095845
2,121,360,359.728502
2,122,359,359.414300
2,123,359,359.110145
2,124,359,358.892947
2,125,359,358.766570
2,126,358,358.734879
2,127,358,358.728696
2,128,359,358.798841
2,129,359,358.849469
2,130,359,359.024734
2,131,359,359.176618
2,132,359,359.397101
2,133,360,359.680386
2,134,360,360.020676
2,135,361,360.339130
2,136,361,360.725797
2,137,361,361.101836
2,138,361,361.510338
2,139,361,361.801353
2,140,361,361.969082
2,141,363,362.151884
2,142,363,362.343961
2,143,363,362.468406
2,144,363,362.570242
2,145,363,362.574493
2,146,363,362.552271
2,147,363,362.454686
2,148,362,362.257005
2,149,362,362.054493
2,150,361,361.845217
2,151,361,361.627246
2,152,362,361.349758
2,153,362,361.277488
2,154,361,361.268213
2,155,361,361.231884
2,156,360,361.176232
2,157,360,361.108986
2,158,360,361.037874
2,159,360,360.921739
2,160,362,360.839420
2,161,362,360.625894
2,162,362,360.476135
2,163,362,360.268213
2,164,363,360.120193
2,165,359,360.101256
2,166,359,360.160580
2,167,359,360.174300
2,168,359,360.258551
2,169,359,360.383382
2,170,359,360.518841
2,171,360,360.659130
2,172,360,360.798454
2,173,362,361.077101
2,174,362,361.395362
2,175,363,361.751304
2,176,363,362.289662
2,177,363,362.868213
2,178,363,363.102802
2,179,364,363.258164
2,180,364,363.379324
2,181,363,363.391304
2,182,363,363.341063
2,183,363,363.155556
2,184,363,362.858937
2,185,363,362.475362
2,186,363,362.199807
2,187,363,361.867246
2,188,360,361.556522
2,189,360,361.226473
2,190,361,360.884831
2,191,361,360.539324
2,192,360,360.270725
2,193,360,360.039807
2,194,359,359.783188
2,195,359,359.459710
2,196,360,359.219324
2,197,360,359.114783
2,198,359,359.078841
2,199,359,358.970628
2,200,359,359.009275
2,201,359,359.024541
2,202,359,359.086184
2,203,359,359.214493
2,204,359,359.429758
2,205,359,359.655072
2,206,359,359.933527
2,207,361,360.186280
2,208,361,360.454493
2,209,360,360.852367
2,210,360,361.254106
2,211,363,361.582802
2,212,363,361.930435
2,213,362,362.220097
2,214,362,362.496812
2,215,363,362.685604
2,216,363,362.784541
2,217,363,362.791691
2,218,363,362.754010
2,219,363,362.598454
2,220,363,362.422222
2,221,362,362.202512
2,222,362,361.917101
2,223,362,361.543768
2,224,361,361.303575
2,225,361,361.057585
2,226,360,360.740483
2,227,360,360.406957
2,228,360,360.086957
2,229,360,359.810435
2,230,359,359.583188
2,231,359,359.362126
2,232,360,359.224155
2,233,360,359.124251
2,234,359,359.064348
2,235,359,359.044444
2,236,359,359.135652
2,237,359,359.262995
2,238,359,359.471498
2,239,359,359.684251
2,240,360,359.944348
2,241,360,360.245990
2,242,360,360.583382
2,243,361,360.828792
2,244,361,361.205232
2,245,362,361.581689
2,246,362,361.948518
2,247,363,362.296074
2,248,363,362.614712
2,249,363,362.894787
2,250,363,363.126654
2,251,363,363.300668
2,252,363,363.407185
2,253,363,363.436559
2,254,363,363.379145
2,255,364,363.225299
2,256,364,362.777391
2,257,361,362.540483
2,258,363,362.224348
2,259,363,361.858937
2,260,361,361.523092
2,261,361,361.175652
2,262,360,360.824348
2,263,360,360.476908
2,264,360,360.043285
2,265,360,359.673430
2,266,360,359.371208
2,267,360,359.189372
2,268,358,359.133720
2,269,358,359.065314
2,270,359,358.914976
2,271,359,358.924638
2,272,359,359.069565
2,273,359,359.203671
2,274,359,359.420870
2,275,359,359.595362
2,276,361,359.841353
2,277,361,360.200000
2,278,361,360.592464
2,279,360,360.964058
2,280,360,361.380097
2,281,362,361.735652
2,282,362,362.045797
2,283,363,362.422802
2,284,363,362.787826
2,285,363,363.063961
2,286,363,363.296232
2,287,364,363.409662
2,288,364,363.451208
2,289,363,363.493913
2,290,363,363.443865
2,291,364,363.304928
2,292,364,363.007923
2,293,363,362.603671
2,294,363,362.289082
2,295,362,361.901063
2,296,361,361.422609
2,297,361,360.956715
2,298,360,360.558068
2,299,360,360.161353
2,300,359,359.798454
2,301,359,359.403478
2,302,359,359.053333
2,303,359,358.896618
2,304,359,358.866087
2,305,359,358.773913
2,306,358,358.768116
2,307,358,358.897585
2,308,360,359.089275
2,309,360,359.317101
2,310,359,359.626087
2,311,359,359.939324
2,312,360,360.299903
2,313,362,360.628986
2,314,362,360.967729
2,315,360,361.357295
2,316,360,361.718841
2,317,363,361.997681
2,318,363,362.356908
2,319,363,362.573527
2,320,363,362.641739
2,321,363,362.772947
2,322,363,363.012174
2,323,363,363.069179
2,324,363,362.943961
2,325,363,362.780676
2,326,363,362.725411
2,327,362,362.613140
2,328,362,362.303575
2,329,363,361.896425
2,330,361,361.661643
2,331,361,361.389179
2,332,362,360.990918
2,333,362,360.618744
2,334,359,360.327343
2,335,359,360.002512
2,336,360,359.723092
2,337,360,359.397101
2,338,359,359.172560
2,339,359,359.100290
2,340,359,359.038068
2,341,359,358.938937
2,342,358,359.020097
2,343,358,359.086570
2,344,360,359.232271
2,345,360,359.526377
2,346,359,359.918068
2,347,360,360.137391
2,348,360,360.394396
2,349,362,360.801353
2,350,362,361.230531
2,351,361,361.651981
2,352,361,362.035749
2,353,363,362.522705
2,354,363,362.893720
2,355,363,363.075749
2,356,363,363.017971
2,357,363,363.006763
2,358,363,363.040193
2,359,364,362.901063
2,360,364,362.711304
2,361,363,362.423961
2,362,363,362.187053
2,363,362,361.908599
2,364,362,361.570242
2,365,359,361.153623
2,366,359,360.761739
2,367,359,360.377585
2,368,361,359.960000
2,369,361,359.490048
2,370,359,359.115749
2,371,359,358.936812
2,372,359,358.885990
2,373,359,358.824348
2,374,359,358.828792
2,375,359,358.901256
2,376,358,359.041739
2,377,358,359.297198
2,378,359,359.446570
2,379,359,359.628792
2,380,360,359.836135
2,381,362,360.206957
2,382,362,360.639614
2,383,360,361.033043
2,384,360,361.406184
2,385,362,361.802126
2,386,362,362.143961
2,387,363,362.427826
2,388,363,362.649855
2,389,363,362.733140
2,390,363,362.720773
2,391,363,362.680000
2,392,363,362.606957
2,393,363,362.499710
2,394,363,362.455459
2,395,362,362.380290
2,396,362,362.180870
2,397,361,361.883865
2,398,361,361.637295
2,399,361,361.349179
2,400,361,361.098357
2,401,361,360.843671
2,402,361,360.592850
2,403,361,360.353623
2,404,360,360.084831
2,405,360,359.865314
2,406,360,359.700870
2,407,360,359.499517
2,408,359,359.336232
2,409,359,359.308792
2,410,359,359.273043
2,411,359,359.180097
2,412,359,359.172174
2,413,359,359.245411
2,414,359,359.395942
2,415,359,359.619903
2,416,360,359.913430
2,417,360,360.248502
2,418,360,360.597101
2,419,362,360.955362
2,420,362,361.319420
2,421,361,361.612367
2,422,361,361.877295
2,423,363,362.108406
2,424,363,362.446570
2,425,363,362.672657
2,426,363,362.737778
2,427,363,362.713043
2,428,363,362.645411
2,429,362,362.534879
2,430,362,362.334493
2,431,362,362.046184
2,432,362,361.769082
2,433,362,361.482319
2,434,362,361.165604
2,435,362,360.798647
2,436,359,360.531401
2,437,359,360.273816
2,438,360,360.033623
2,439,360,359.769662
2,440,359,359.560773
2,441,359,359.412754
2,442,359,359.258357
2,443,359,359.052560
2,444,360,358.941449
2,445,360,358.876135
2,446,359,358.927729
2,447,359,359.143188
2,448,359,359.449469
2,449,359,359.529662
2,450,359,359.666860
2,451,360,359.924444
2,452,360,360.245797
2,453,360,360.599034
2,454,360,361.050048
2,455,362,361.448889
2,456,362,361.693913
2,457,363,361.996522
2,458,363,362.448696
2,459,362,362.758261
2,460,362,362.825507
2,461,364,362.861836
2,462,364,363.055072
2,463,364,363.113043
2,464,364,363.108792
2,465,363,362.995362
2,466,361,362.725797
2,467,361,362.373140
2,468,363,362.132367
2,469,363,361.838454
2,470,360,361.570242
2,471,360,361.237681
2,472,363,360.846570
2,473,363,360.449662
2,474,359,360.196908
2,475,359,359.949372
2,476,359,359.785894
2,477,359,359.712271
2,478,360,359.661256
2,479,360,359.441739
2,480,359,359.293720
2,481,359,359.359420
2,482,359,359.541063
2,483,360,359.619517
2,484,360,359.735652
2,485,360,360.102802
2,486,360,360.574300
2,487,361,360.809082
2,488,361,361.066087
2,489,361,361.335652
2,490,361,361.657005
2,491,363,362.022415
2,492,363,362.426087
2,493,363,362.718068
2,494,363,362.892560
2,495,363,363.014879
2,496,363,363.248116
2,497,363,363.395362
2,498,363,363.552464
2,499,364,363.575266
2,500,364,363.569023
2,501,364,363.507464
2,502,363,363.386630
2,503,363,363.202562
2,504,362,362.951300
2,505,362,362.628886
2,506,363,362.231358
2,507,363,361.754760
2,508,361,361.195130
2,509,361,360.548510
2,510,359,359.810940
2,511,359,358.978462
2,512,360,359.752850
2,513,360,359.647923
2,514,359,359.602899
2,515,359,359.405797
2,516,359,359.324638
2,517,359,359.188599
2,518,359,359.186860
2,519,361,359.484444
2,520,361,359.886377
2,521,359,360.197681
2,522,359,360.583382
2,523,362,360.891594
2,524,362,361.210435
2,525,360,361.603285
2,526,360,362.013527
2,527,363,362.458164
2,528,363,362.785314
2,529,365,363.060290
2,530,365,363.373140
2,531,363,363.573913
2,532,363,363.853720
2,533,364,364.043671
2,534,364,363.950725
2,535,364,363.741836
2,536,364,363.730048
2,537,364,363.628406
2,538,364,363.247729
2,539,362,362.758841
2,540,363,362.380870
2,541,363,361.972947
2,542,361,361.686957
2,543,361,361.434783
2,544,360,361.128889
2,545,360,360.801739
2,546,361,360.485217
2,547,361,360.064541
2,548,359,359.760773
2,549,359,359.624734
2,550,360,359.587246
2,551,360,359.505507
2,552,360,359.450628
2,553,360,359.685411
2,554,360,360.014879
2,555,360,360.292947
2,556,359,360.564638
2,557,359,360.824155
2,558,360,361.210435
2,559,363,361.646570
2,560,363,362.081739
2,561,362,362.416812
2,562,362,362.672657
2,563,365,362.869565
2,564,365,363.027826
2,565,363,363.143575
2,566,363,363.212947
2,567,363,363.329855
2,568,364,363.299324
2,569,364,363.119420
2,570,362,362.884058
2,571,362,362.591304
2,572,362,362.460290
2,573,361,362.279034
2,574,361,361.933333
2,575,362,361.548986
2,576,362,361.348986
2,577,362,361.196329
2,578,362,360.954589
2,579,360,360.727343
2,580,361,360.471498
2,581,361,360.337005
2,582,360,360.231884
2,583,360,360.086957
2,584,359,360.048889
2,585,359,360.046570
2,586,360,359.862222
2,587,360,359.758068
2,588,360,359.752464
2,589,360,359.863768
2,590,360,360.086184
2,591,360,360.462802
2,592,361,360.770628
2,593,361,361.074976
2,594,362,361.463382
2,595,362,361.950918
2,596,361,362.432657
2,597,361,362.827826
2,598,364,363.175652
2,599,364,363.490628
2,600,365,363.787246
2,601,365,364.202512
2,602,365,364.513430
2,603,364,364.716135
2,604,364,364.806763
2,605,366,364.952271
2,606,366,365.008502
2,607,364,364.979324
2,608,364,364.821643
2,609,364,364.468213
2,610,364,363.922899
2,611,365,363.479807
2,612,365,363.000000
2,613,362,362.564251
2,614,362,362.133333
2,615,362,361.716908
2,616,362,361.202705
2,617,360,360.718454
2,618,359,360.416039
2,619,359,360.207343
2,620,359,359.809275
2,621,359,359.538744
2,622,360,359.395749
2,623,360,359.380290
2,624,360,359.467633
2,625,360,359.753043
2,626,360,360.015459
2,627,360,360.393816
2,628,361,360.880386
2,629,361,361.516329
2,630,361,362.076715
2,631,361,362.625507
2,632,364,363.128889
2,633,364,363.626087
2,634,364,364.036329
2,635,364,364.424928
2,636,366,364.737198
2,637,366,364.918454
2,638,366,365.034010
2,639,366,365.320580
2,640,366,365.414879
2,641,365,365.342995
2,642,365,365.179903
2,643,364,364.856425
2,644,364,364.376425
2,645,363,363.962899
2,646,363,363.478841
2,647,363,362.933913
2,648,363,362.288889
2,649,364,361.770628
2,650,364,361.292947
2,651,359,360.867440
2,652,359,360.456812
2,653,360,360.143768
2,654,359,359.816039
2,655,359,359.601353
2,656,359,359.383575
2,657,359,359.286570
2,658,359,359.141449
2,659,359,359.139324
2,660,360,359.276329
2,661,360,359.597488
2,662,360,360.100870
2,663,360,360.688696
2,664,361,361.066860
2,665,361,361.517101
2,666,362,362.029758
2,667,362,362.475169
2,668,363,362.892560
2,669,363,363.272271
2,670,365,363.604638
2,671,365,363.928889
2,672,365,364.164251
2,673,364,364.424928
2,674,364,364.585121
2,675,365,364.640966
2,676,365,364.686377
2,677,364,364.648309
2,678,364,364.528696
2,679,364,364.331401
2,680,364,363.964444
2,681,364,363.577778
2,682,364,363.128309
2,683,363,362.767923
2,684,363,362.457391
2,685,362,362.135266
2,686,362,361.642319
2,687,362,361.179324
2,688,360,360.874010
2,689,360,360.614106
2,690,359,360.238454
2,691,359,359.945894
2,692,360,359.642512
2,693,360,359.523285
2,694,360,359.517101
2,695,360,359.528116
2,696,359,359.627440
2,697,359,359.860097
2,698,361,360.149179
2,699,361,360.488889
2,700,360,360.944541
2,701,360,361.411208
2,702,362,361.903961
2,703,362,362.291208
2,704,364,362.681353
2,705,363,363.231691
2,706,363,363.739517
2,707,365,364.099324
2,708,365,364.445604
2,709,365,364.840386
2,710,365,365.203478
2,711,366,365.531014
2,712,366,365.725217
2,713,365,365.713043
2,714,365,365.590338
2,715,366,365.430145
2,716,366,365.187440
2,717,364,364.941063
2,718,364,364.480966
2,719,366,363.934879
2,720,366,363.503575
2,721,363,363.027826
2,722,361,362.470338
2,723,361,361.913816
2,724,361,361.440966
2,725,361,361.014493
2,726,360,360.524058
2,727,360,360.099324
2,728,359,359.821063
2,729,359,359.405604
2,730,360,359.072077
2,731,360,359.012174
2,732,359,359.225894
2,733,359,359.521546
2,734,360,359.826087
2,735,360,360.085411
2,736,360,360.458744
2,737,360,360.885604
2,738,361,361.425507
2,739,361,362.040773
2,740,361,362.693720
2,741,366,363.297778
2,742,366,363.886377
2,743,364,364.614879
2,744,364,365.278647
2,745,366,365.794976
2,746,366,366.298937
2,747,367,366.709758
2,748,367,367.021643
2,749,368,367.157681
2,750,368,367.114010
2,751,367,366.959807
2,752,367,366.693140
2,753,367,366.240966
2,754,367,366.066280
2,755,365,365.792077
2,756,365,365.236373
2,757,365,364.637478
2,758,363,364.010357
2,759,363,363.369977
2,760,362,362.731302
2,761,362,362.109300
2,762,362,361.518934
2,763,362,360.975172
2,764,361,360.492979
2,765,361,360.087321
2,766,359,359.773162
2,767,359,359.565470
2,768,360,360.113816
2,769,360,359.982415
2,770,360,360.021063
2,771,360,360.034783
2,772,360,360.188599
2,773,361,360.354783
2,774,361,360.645604
2,775,362,361.051401
2,776,362,361.562512
2,777,362,362.145121
2,778,361,362.765411
2,779,361,363.365411
2,780,363,363.887150
2,781,365,364.394010
2,782,365,364.829372
2,783,366,365.283285
2,784,366,365.605797
2,785,367,365.793043
2,786,367,366.011981
2,787,367,366.069565
2,788,367,366.040773
2,789,366,365.880580
2,790,366,365.592850
2,791,364,365.108406
2,792,364,364.429179
2,793,364,363.774300
2,794,364,363.244831
2,795,362,362.679614
2,796,362,362.161353
2,797,362,361.652754
2,798,360,361.091787
2,799,360,360.656425
2,800,360,360.403285
2,801,360,360.268986
2,802,360,359.994589
2,803,360,359.921159
2,804,361,359.902609
2,805,361,360.032850
2,806,360,360.308019
2,807,360,360.626473
2,808,360,360.980483
2,809,360,361.456232
2,810,363,362.042126
2,811,363,362.531594
2,812,362,363.078068
2,813,362,363.713043
2,814,366,364.348019
2,815,366,365.016425
2,816,366,365.631691
2,817,366,366.497778
2,818,366,367.198647
2,819,368,367.512657
2,820,368,367.893720
2,821,368,368.047729
2,822,368,367.874976
2,823,369,367.734879
2,824,369,367.676329
2,825,368,367.341836
2,826,368,366.737198
2,827,367,366.231498
2,828,367,365.640773
2,829,362,364.976618
2,830,362,364.152850
2,831,365,363.323285
2,832,361,362.690628
2,833,361,362.097585
2,834,363,361.459903
2,835,363,360.933333
2,836,359,360.698357
2,837,359,360.233237
2,838,360,359.978164
2,839,360,360.128696
2,840,360,360.398454
2,841,360,360.742415
2,842,362,360.941449
2,843,362,361.279227
2,844,361,361.894106
2,845,361,362.198647
2,846,363,362.592077
2,847,363,363.253913
2,848,361,364.003671
2,849,368,364.539517
2,850,368,365.235169
2,851,365,365.861836
2,852,365,366.362899
2,853,367,366.583961
2,854,367,366.975072
2,855,366,367.313237
2,856,366,367.549565
2,857,369,367.539903
2,858,369,367.235362
2,859,368,366.924251
2,860,368,366.704348
2,861,368,366.145121
2,862,364,365.810628
2,863,364,365.447150
2,864,364,364.899903
2,865,367,364.254106
2,866,362,363.569662
2,867,362,362.906473
2,868,361,362.154203
2,869,361,361.442512
2,870,363,360.998261
2,871,363,360.639420
2,872,359,360.377585
2,873,359,360.075749
2,874,360,360.028019
2,875,360,360.041932
2,876,359,360.165024
2,877,359,360.297585
2,878,361,360.799034
2,879,361,361.157488
2,880,362,361.607729
2,881,362,362.018164
2,882,362,362.497198
2,883,363,363.177391
2,884,363,363.902415
2,885,367,364.441546
2,886,367,364.971014
2,887,365,365.642319
2,888,365,366.344734
2,889,367,366.849469
2,890,367,367.096039
2,891,367,367.361159
2,892,367,367.828792
2,893,368,368.133720
2,894,368,368.082319
2,895,368,367.889855
2,896,369,367.723285
2,897,369,367.389565
2,898,369,367.280580
2,899,367,367.068213
2,900,365,366.571014
2,901,365,365.967536
2,902,367,365.362705
2,903,367,364.741449
2,904,361,364.162319
2,905,361,363.563865
2,906,364,363.030725
2,907,364,362.380870
2,908,362,361.841159
2,909,362,361.590145
2,910,360,361.446377
2,911,360,361.227826
2,912,361,361.086377
2,913,361,361.073430
2,914,362,361.142609
2,915,362,361.295266
2,916,361,361.652754
2,917,361,361.679034
2,918,361,361.798068
2,919,364,362.262415
2,920,364,362.746860
2,921,362,363.239807
2,922,362,363.872464
2,923,366,364.412174
2,924,366,364.988213
2,925,364,365.585121
2,926,364,366.140483
2,927,367,366.713816
2,928,367,367.342415
2,929,369,367.799420
2,930,369,368.172947
2,931,368,368.382222
2,932,370,368.883092
2,933,370,369.171401
2,934,369,369.108792
2,935,369,368.845797
2,936,368,368.607343
2,937,368,368.211401
2,938,368,367.525411
2,939,368,366.656812
2,940,366,365.834396
2,941,366,364.926957
2,942,365,364.096039
2,943,365,363.214300
2,944,360,362.299130
2,945,360,361.560966
2,946,360,360.921353
2,947,359,360.277681
2,948,359,359.767343
2,949,359,359.283865
2,950,359,358.960773
2,951,359,358.809662
2,952,359,358.891014
2,953,359,358.999227
2,954,359,359.095072
2,955,360,359.328502
2,956,360,359.848116
2,957,360,360.148406
2,958,360,360.372174
2,959,361,360.657778
2,960,361,360.973333
2,961,362,361.286957
2,962,362,361.542029
2,963,362,361.801932
2,964,361,362.203671
2,965,361,362.524251
2,966,364,362.662029
2,967,364,362.755362
2,968,362,363.065121
2,969,362,363.252174
2,970,364,363.318454
2,971,364,363.314783
2,972,363,363.245024
2,973,363,363.017198
2,974,364,362.781256
2,975,364,362.494106
2,976,361,362.161546
2,977,361,361.716329
2,978,363,361.211208
2,979,363,360.869179
2,980,359,360.553237
2,981,359,360.126957
2,982,359,359.645024
2,983,358,359.330435
2,984,358,358.995362
2,985,359,358.716715
2,986,359,358.545314
2,987,359,358.556135
2,988,359,358.655266
2,989,359,358.698551
2,990,359,358.828792
2,991,359,359.188213
2,992,359,359.679034
2,993,359,360.009082
2,994,360,360.317295
2,995,360,360.667053
2,996,362,360.975652
2,997,362,361.329275
2,998,362,361.718261
2,999,362,362.085990
2,1000,363,362.424734
2,1001,363,362.677874
2,1002,363,362.908792
2,1003,363,363.156715
2,1004,363,363.340870
2,1005,363,363.551304
2,1006,364,363.638068
2,1007,364,363.670338
2,1008,364,363.597295
2,1009,363,363.611981
2,1010,363,363.547440
2,1011,363,363.407536
2,1012,363,363.264578
2,1013,364,363.086378
2,1014,364,362.873368
2,1015,363,362.625982
2,1016,363,362.344650
2,1017,361,362.029806
2,1018,361,361.681882
2,1019,361,361.301310
2,1020,361,360.888523
2,1021,360,360.443954
2,1022,360,359.968034
2,1023,360,359.461197
2,1024,360,359.519614
2,1025,359,359.345314
2,1026,359,359.324251
2,1027,359,359.411401
2,1028,359,359.439807
2,1029,359,359.602512
2,1030,360,359.751498
2,1031,360,359.978744
2,1032,360,360.278454
2,1033,360,360.644831
2,1034,362,360.999034
2,1035,362,361.382222
2,1036,362,361.786667
2,1037,362,362.253527
2,1038,362,362.630918
2,1039,362,363.008889
2,1040,364,363.308599
2,1041,364,363.524251
2,1042,364,363.650048
2,1043,364,363.851014
2,1044,364,363.932174
2,1045,364,363.844638
2,1046,364,363.659517
2,1047,364,363.569855
2,1048,364,363.408696
2,1049,363,363.228792
2,1050,363,362.962899
2,1051,362,362.616812
2,1052,362,362.196329
2,1053,362,361.853333
2,1054,362,361.499710
2,1055,360,361.145121
2,1056,360,360.701449
2,1057,361,360.320580
2,1058,361,360.057198
2,1059,360,359.845990
2,1060,360,359.596908
2,1061,359,359.459903
2,1062,359,359.414686
2,1063,359,359.440966
2,1064,359,359.371787
2,1065,359,359.400193
2,1066,359,359.524251
2,1067,359,359.742029
2,1068,361,359.954396
2,1069,361,360.084444
2,1070,360,360.343575
2,1071,360,360.725990
2,1072,362,361.081739
2,1073,362,361.405024
2,1074,361,361.688116
2,1075,361,362.116908
2,1076,363,362.468406
2,1077,363,362.640966
2,1078,363,362.772947
2,1079,363,362.856618
2,1080,362,362.884251
2,1081,364,363.140870
2,1082,364,363.311498
2,1083,363,363.276135
2,1084,363,363.154783
2,1085,364,363.140483
2,1086,364,363.115169
2,1087,361,362.938551
2,1088,361,362.663382
2,1089,363,362.439614
2,1090,363,362.177198
2,1091,363,361.883865
2,1092,363,361.567343
2,1093,360,361.162319
2,1094,360,360.869565
2,1095,361,360.600966
2,1096,361,360.146473
2,1097,360,359.776039
2,1098,359,359.662415
2,1099,359,359.618357
2,1100,359,359.285797
2,1101,359,359.026667
2,1102,359,358.983188
2,1103,359,359.057585
2,1104,359,359.200966
2,1105,359,359.533333
2,1106,359,359.762512
2,1107,359,359.980483
2,1108,362,360.325604
2,1109,362,360.743188
2,1110,360,361.154396
2,1111,360,361.527343
2,1112,363,361.901256
2,1113,363,362.315362
2,1114,363,362.688889
2,1115,363,363.062995
2,1116,364,363.358841
2,1117,363,363.570628
2,1118,363,363.692560
2,1119,364,363.767729
2,1120,364,363.719227
2,1121,364,363.762319
2,1122,364,363.752271
2,1123,364,363.642705
2,1124,364,363.338357
2,1125,363,363.131401
2,1126,363,362.832077
2,1127,362,362.517295
2,1128,362,362.288696
2,1129,362,362.080966
2,1130,362,361.781836
2,1131,361,361.447923
2,1132,361,361.160000
2,1133,361,360.878841
2,1134,361,360.565217
2,1135,359,360.299903
2,1136,360,360.090628
2,1137,360,359.945121
2,1138,361,359.700290
2,1139,361,359.553043
2,1140,359,359.432271
2,1141,359,359.386860
2,1142,359,359.319034
2,1143,359,359.322126
2,1144,359,359.390338
2,1145,359,359.613720
2,1146,360,359.913430
2,1147,360,360.283671
2,1148,360,360.572560
2,1149,360,360.941256
2,1150,362,361.333140
2,1151,362,361.764638
2,1152,362,362.252174
2,1153,362,362.739710
2,1154,364,363.171208
2,1155,365,363.538937
2,1156,365,363.835169
2,1157,364,364.198841
2,1158,364,364.311111
2,1159,364,364.385314
2,1160,364,364.417585
2,1161,364,364.332947
2,1162,364,364.178357
2,1163,365,364.026860
2,1164,365,363.735652
2,1165,363,363.379710
2,1166,363,363.058744
2,1167,363,362.778551
2,1168,363,362.475169
2,1169,360,362.182415
2,1170,362,361.836908
2,1171,362,361.495266
2,1172,361,361.067440
2,1173,361,360.703382
2,1174,360,360.406957
2,1175,360,360.133140
2,1176,361,360.029952
2,1177,361,360.052367
2,1178,359,360.058164
2,1179,359,360.145121
2,1180,360,360.313237
2,1181,360,360.513623
2,1182,360,360.598261
2,1183,360,360.852174
2,1184,362,361.173720
2,1185,362,361.437101
2,1186,362,361.756522
2,1187,363,362.100097
2,1188,363,362.435942
2,1189,363,362.829372
2,1190,363,363.225700
2,1191,363,363.570821
2,1192,363,363.810628
2,1193,364,364.012367
2,1194,364,364.172174
2,1195,364,364.215072
2,1196,364,364.090242
2,1197,365,364.012947
2,1198,365,363.934300
2,1199,364,363.783188
2,1200,364,363.732367
2,1201,364,363.594589
2,1202,364,363.377585
2,1203,362,363.089082
2,1204,362,362.736812
2,1205,362,362.328502
2,1206,361,361.944928
2,1207,361,361.546860
2,1208,362,361.143961
2,1209,362,360.745894
2,1210,361,360.386473
2,1211,361,360.099517
2,1212,359,359.821643
2,1213,359,359.560580
2,1214,359,359.395169
2,1215,359,359.282319
2,1216,359,359.152850
2,1217,359,359.104541
2,1218,359,359.137391
2,1219,359,359.080580
2,1220,359,359.123285
2,1221,359,359.381643
2,1222,360,359.731787
2,1223,360,360.000966
2,1224,360,360.376425
2,1225,361,360.753237
2,1226,361,361.146473
2,1227,362,361.546473
2,1228,362,361.943575
2,1229,362,362.328116
2,1230,362,362.739324
2,1231,364,363.096425
2,1232,364,363.440580
2,1233,363,363.692947
2,1234,363,363.847729
2,1235,365,363.972174
2,1236,365,364.062415
2,1237,364,364.043478
2,1238,364,364.035362
2,1239,364,363.918068
2,1240,364,363.717681
2,1241,364,363.460290
2,1242,363,363.245604
2,1243,363,362.933333
2,1244,362,362.675362
2,1245,362,362.383575
2,1246,362,361.945700
2,1247,362,361.440580
2,1248,361,361.091208
2,1249,361,360.856425
2,1250,360,360.599807
2,1251,360,360.329082
2,1252,361,360.123092
2,1253,361,359.840966
2,1254,359,359.701836
2,1255,359,359.779324
2,1256,359,359.907053
2,1257,359,359.869179
2,1258,360,359.929855
2,1259,361,360.134106
2,1260,361,360.406957
2,1261,360,360.624541
2,1262,360,360.902995
2,1263,361,361.114589
2,1264,361,361.371594
2,1265,364,361.786280
2,1266,364,362.279807
2,1267,361,362.629179
2,1268,361,362.929885
2,1269,364,363.205480
2,1270,364,363.450438
2,1271,363,363.659232
2,1272,363,363.826334
2,1273,364,363.946219
2,1274,364,364.013358
2,1275,365,364.022226
2,1276,365,363.967296
2,1277,364,363.843040
2,1278,363,363.643932
2,1279,363,363.364444
2,1280,364,363.759227
2,1281,364,363.386860
2,1282,364,363.130242
2,1283,364,362.801546
2,1284,362,362.406570
2,1285,362,362.046957
2,1286,362,361.728502
2,1287,362,361.361159
2,1288,360,361.096812
2,1289,360,360.992077
2,1290,360,360.839420
2,1291,360,360.477681
2,1292,360,360.176812
2,1293,360,360.011787
2,1294,360,359.937585
2,1295,361,359.958068
2,1296,361,360.077101
2,1297,360,360.005797
2,1298,360,360.055266
2,1299,361,360.317488
2,1300,361,360.644444
2,1301,359,360.790338
2,1302,359,360.989372
2,1303,362,361.231884
2,1304,362,361.508213
2,1305,362,361.808696
2,1306,362,362.123671
2,1307,362,362.541256
2,1308,362,362.933720
2,1309,365,363.319420
2,1310,365,363.570628
2,1311,363,363.799614
2,1312,363,364.314203
2,1313,365,364.702222
2,1314,365,364.623961
2,1315,365,364.459710
2,1316,365,364.614493
2,1317,365,364.653333
2,1318,365,364.580097
2,1319,363,364.398647
2,1320,364,364.015072
2,1321,364,363.575459
2,1322,365,363.445604
2,1323,365,363.271304
2,1324,360,362.869179
2,1325,360,362.415845
2,1326,364,362.014300
2,1327,364,361.647536
2,1328,360,361.323285
2,1329,360,361.049275
2,1330,360,360.833237
2,1331,360,360.634010
2,1332,362,360.384348
2,1333,362,360.257005
2,1334,359,360.206957
2,1335,359,360.164444
2,1336,360,360.299710
2,1337,360,360.345314
2,1338,361,360.393816
2,1339,361,360.682705
2,1340,361,361.089469
2,1341,361,361.224155
2,1342,361,361.416812
2,1343,362,361.655845
2,1344,362,361.929662
2,1345,362,362.372754
2,1346,362,362.879614
2,1347,365,363.223382
2,1348,365,363.537198
2,1349,363,363.880580
2,1350,363,364.290821
2,1351,364,364.687150
2,1352,364,365.014879
2,1353,366,365.268213
2,1354,366,365.490242
2,1355,366,365.604058
2,1356,366,365.727729
2,1357,366,365.739324
2,1358,366,365.687729
2,1359,366,365.501836
2,1360,366,365.451594
2,1361,366,365.278068
2,1362,364,364.915942
2,1363,364,364.564638
2,1364,364,364.158841
2,1365,364,363.610435
2,1366,363,363.146280
2,1367,363,362.680193
2,1368,362,362.223768
2,1369,362,361.739710
2,1370,361,361.310725
2,1371,361,360.995362
2,1372,360,360.732174
2,1373,361,360.483865
2,1374,361,360.333140
2,1375,359,360.045797
2,1376,359,359.867633
2,1377,360,359.800580
2,1378,360,359.846570
2,1379,360,359.934493
2,1380,360,360.064348
2,1381,361,360.234203
2,1382,361,360.440193
2,1383,360,360.676522
2,1384,360,360.984348
2,1385,361,361.282899
2,1386,361,361.684444
2,1387,363,362.132367
2,1388,363,362.472850
2,1389,363,362.792077
2,1390,363,363.151498
2,1391,363,363.492560
2,1392,364,363.805604
2,1393,364,364.080966
2,1394,365,364.479807
2,1395,365,364.803285
2,1396,365,364.974493
2,1397,365,365.085411
2,1398,365,365.132174
2,1399,365,365.161739
2,1400,365,365.176039
2,1401,365,365.034203
2,1402,365,364.813140
2,1403,365,364.565604
2,1404,365,364.224348
2,1405,365,363.868213
2,1406,363,363.456039
2,1407,363,363.068599
2,1408,363,362.666667
2,1409,362,362.211014
2,1410,362,361.782415
2,1411,360,361.388599
2,1412,360,361.037295
2,1413,361,360.736232
2,1414,361,360.395362
2,1415,360,360.164638
2,1416,360,360.047923
2,1417,360,360.049082
2,1418,360,360.074203
2,1419,360,360.123285
2,1420,360,360.339130
2,1421,361,360.646763
2,1422,361,360.775652
2,1423,361,361.055266
2,1424,361,361.376812
2,1425,361,361.751498
2,1426,363,362.238841
2,1427,363,362.778357
2,1428,363,363.285411
2,1429,363,363.795362
2,1430,365,364.245797
2,1431,365,364.645411
2,1432,364,365.049855
2,1433,364,365.392850
2,1434,368,365.801159
2,1435,368,366.404058
2,1436,367,366.899710
2,1437,367,367.229565
2,1438,367,367.455072
2,1439,367,367.808502
2,1440,367,368.042126
2,1441,367,368.298744
2,1442,368,368.361159
2,1443,369,368.377391
2,1444,369,368.255459
2,1445,370,367.977005
2,1446,370,367.523671
2,1447,366,367.144541
2,1448,366,366.728696
2,1449,367,366.312464
2,1450,367,365.714396
2,1451,365,365.090242
2,1452,365,364.449662
2,1453,362,363.802319
2,1454,362,363.157874
2,1455,362,362.599034
2,1456,362,362.063768
2,1457,361,361.658937
2,1458,361,361.467246
2,1459,362,361.451401
2,1460,362,361.135266
2,1461,360,361.002705
2,1462,362,361.122899
2,1463,362,361.396135
2,1464,362,361.745507
2,1465,362,362.212174
2,1466,362,362.640386
2,1467,362,363.161353
2,1468,364,363.759614
2,1469,364,364.419710
2,1470,364,365.053140
2,1471,364,365.642512
2,1472,368,366.314589
2,1473,368,367.051981
2,1474,368,367.620097
2,1475,369,368.292367
2,1476,369,368.884444
2,1477,370,369.382802
2,1478,370,369.773913
2,1479,370,370.093140
2,1480,370,370.255845
2,1481,370,370.592077
2,1482,370,370.711884
2,1483,371,370.615266
2,1484,371,370.253333
2,1485,370,369.989372
2,1486,370,369.829179
2,1487,369,369.494106
2,1488,369,369.070725
2,1489,369,368.525604
2,1490,369,367.947246
2,1491,368,367.304155
2,1492,368,366.613720
2,1493,364,365.893333
2,1494,364,365.111498
2,1495,364,364.356715
2,1496,365,363.766377
2,1497,365,363.237874
2,1498,361,362.619710
2,1499,361,362.120386
2,1500,361,361.533720
2,1501,361,361.133527
2,1502,361,360.925604
2,1503,361,360.817971
2,1504,361,360.885604
2,1505,361,361.275169
2,1506,362,361.552271
2,1507,362,361.664155
2,1508,361,361.962512
2,1509,361,362.604638
2,1510,363,363.387826
2,1511,363,363.963285
2,1512,366,364.582222
2,1513,366,365.227246
2,1514,366,365.880966
2,1515,368,366.477101
2,1516,368,367.069372
2,1517,366,367.687343
2,1518,366,368.240580
2,1519,371,368.784734
2,1520,371,369.304348
2,1521,369,369.639807
2,1522,369,369.922319
2,1523,370,370.140290
2,1524,370,370.328584
2,1525,370,370.450050
2,1526,370,370.500176
2,1527,371,370.474454
2,1528,371,370.368373
2,1529,370,370.177424
2,1530,370,369.897095
2,1531,370,369.522878
2,1532,369,369.050262
2,1533,369,368.474738
2,1534,367,367.791795
2,1535,367,366.996923
2,1536,368,366.364444
2,1537,368,365.760966
2,1538,363,365.135266
2,1539,363,364.455845
2,1540,363,363.884251
2,1541,363,363.388986
2,1542,363,362.914396
2,1543,363,362.427053
2,1544,361,362.084638
2,1545,361,361.679034
2,1546,362,361.482126
2,1547,363,361.351691
2,1548,363,361.385507
2,1549,361,361.607729
2,1550,361,362.042512
2,1551,362,362.177971
2,1552,362,362.511111
2,1553,362,362.955362
2,1554,362,363.448309
2,1555,364,364.047536
2,1556,364,364.688696
2,1557,367,365.281353
2,1558,367,365.950918
2,1559,367,366.678068
2,1560,367,367.469565
2,1561,368,368.261063
2,1562,368,368.891014
2,1563,371,369.437874
2,1564,370,370.150918
2,1565,370,370.679420
2,1566,371,370.915942
2,1567,371,370.993043
2,1568,372,371.141063
2,1569,372,371.110338
2,1570,371,371.163092
2,1571,371,371.081546
2,1572,371,370.916522
2,1573,371,370.647729
2,1574,371,370.280966
2,1575,371,369.775072
2,1576,367,369.356908
2,1577,367,368.918068
2,1578,369,368.376812
2,1579,369,367.821643
2,1580,367,367.221063
2,1581,367,366.665507
2,1582,366,366.320966
2,1583,366,365.849275
2,1584,365,365.324444
2,1585,364,364.771594
2,1586,364,364.166957
2,1587,364,363.606763
2,1588,364,363.163092
2,1589,362,362.446957
2,1590,362,361.742415
2,1591,362,361.162126
2,1592,362,360.698744
2,1593,362,360.174686
2,1594,358,359.772367
2,1595,358,359.381449
2,1596,358,359.131594
2,1597,358,358.957488
2,1598,359,358.840773
2,1599,359,358.834203
2,1600,358,358.941643
2,1601,359,359.166957
2,1602,359,359.367923
2,1603,360,359.544541
2,1604,360,359.839034
2,1605,361,360.296425
2,1606,361,360.841739
2,1607,362,361.131981
2,1608,362,361.424155
2,1609,362,361.706667
2,1610,362,361.967923
2,1611,362,362.269372
2,1612,362,362.552464
2,1613,362,362.734493
2,1614,362,362.908963
2,1615,364,363.068981
2,1616,364,363.216037
2,1617,363,363.351621
2,1618,363,363.477221
2,1619,364,363.594329
2,1620,364,363.704433
2,1621,364,363.809024
2,1622,364,363.909592
2,1623,364,364.007625
2,1624,364,364.104615
2,1625,364,364.202051
3,0,365,366.585507
3,1,365,366.441546
3,2,365,366.365217
3,3,365,366.356522
3,4,365,366.415459
3,5,365,366.590918
3,6,368,366.738744
3,7,368,366.858937
3,8,368,367.095652
3,9,368,367.448889
3,10,368,367.774493
3,11,368,368.121353
3,12,369,368.489469
3,13,369,368.659710
3,14,369,368.772947
3,15,369,368.823382
3,16,369,368.805217
3,17,368,368.663768
3,18,368,368.464348
3,19,369,368.418357
3,20,369,368.377198
3,21,368,368.338937
3,22,368,368.252754
3,23,368,368.187826
3,24,368,368.189179
3,25,368,368.254879
3,26,368,368.384928
3,27,368,368.508213
3,28,368,368.626667
3,29,369,368.742222
3,30,369,368.783768
3,31,369,368.800193
3,32,369,368.913430
3,33,369,369.005411
3,34,370,369.006957
3,35,370,369.066667
3,36,369,369.044251
3,37,369,368.945507
3,38,368,368.776232
3,39,368,368.591111
3,40,368,368.324831
3,41,368,368.034010
3,42,368,367.728309
3,43,368,367.370435
3,44,367,366.971981
3,45,367,366.544541
3,46,367,366.099710
3,47,365,365.722126
3,48,365,365.376425
3,49,365,365.003092
3,50,365,364.662609
3,51,364,364.244638
3,52,364,363.878841
3,53,363,363.621836
3,54,363,363.410242
3,55,363,363.204831
3,56,363,362.988599
3,57,363,362.838454
3,58,363,362.854106
3,59,363,362.966377
3,60,363,362.984155
3,61,363,363.076329
3,62,363,363.094300
3,63,364,363.249469
3,64,364,363.509952
3,65,363,363.843865
3,66,363,364.121546
3,67,364,364.453333
3,68,366,364.827633
3,69,366,365.232850
3,70,365,365.755169
3,71,365,366.338551
3,72,366,366.833043
3,73,366,367.283671
3,74,369,367.615459
3,75,369,367.826473
3,76,368,367.987826
3,77,368,368.050628
3,78,369,367.941836
3,79,369,367.757295
3,80,369,367.497005
3,81,369,367.308986
3,82,367,367.030145
3,83,365,366.595169
3,84,365,366.009855
3,85,364,365.424155
3,86,364,364.794976
3,87,364,364.298357
3,88,364,363.870338
3,89,364,363.447536
3,90,364,363.037681
3,91,363,362.792657
3,92,363,362.671304
3,93,362,362.681353
3,94,362,362.830531
3,95,362,362.980483
3,96,363,362.988986
3,97,363,363.096039
3,98,363,363.224734
3,99,364,363.418164
3,100,364,363.572754
3,101,364,363.824928
3,102,365,364.116135
3,103,365,364.507826
3,104,365,364.964251
3,105,365,365.498551
3,106,365,365.954976
3,107,365,366.468599
3,108,367,366.885604
3,109,367,367.271304
3,110,367,367.571014
3,111,367,367.925604
3,112,369,368.188986
3,113,369,368.314203
3,114,370,368.303188
3,115,370,368.230918
3,116,369,368.052367
3,117,368,367.771401
3,118,368,367.391884
3,119,366,366.966570
3,120,366,366.428213
3,121,366,365.928696
3,122,366,365.331014
3,123,363,364.715942
3,124,363,364.042319
3,125,363,363.535072
3,126,363,363.057198
3,127,363,362.762512
3,128,363,362.611787
3,129,363,362.541643
3,130,363,362.486763
3,131,362,362.572947
3,132,362,362.609082
3,133,362,362.764058
3,134,363,362.987053
3,135,363,363.347246
3,136,364,363.621643
3,137,364,363.947246
3,138,365,364.265507
3,139,365,364.637874
3,140,365,365.052754
3,141,365,365.547440
3,142,366,366.039227
3,143,366,366.567343
3,144,367,366.977971
3,145,367,367.310338
3,146,368,367.554783
3,147,368,367.970242
3,148,368,368.215652
3,149,368,368.315169
3,150,369,368.292947
3,151,369,368.466473
3,152,369,368.433237
3,153,368,368.204831
3,154,368,367.695072
3,155,367,367.130821
3,156,367,366.326184
3,157,367,365.577198
3,158,367,364.840773
3,159,363,364.195749
3,160,363,363.600966
3,161,364,363.064155
3,162,364,362.495266
3,163,359,362.117295
3,164,359,361.740483
3,165,359,361.583961
3,166,361,361.623575
3,167,361,361.835169
3,168,364,362.145700
3,169,364,362.553237
3,170,364,363.126957
3,171,364,363.862995
3,172,364,364.465314
3,173,364,365.166763
3,174,366,365.957681
3,175,366,366.830338
3,176,369,367.340676
3,177,369,367.717681
3,178,368,367.945894
3,179,368,368.107053
3,180,368,368.162899
3,181,369,368.465700
3,182,369,368.647729
3,183,369,368.658164
3,184,369,368.712850
3,185,368,368.594589
3,186,368,368.256425
3,187,367,367.917488
3,188,367,367.532754
3,189,367,367.254106
3,190,367,366.946473
3,191,368,366.548406
3,192,368,366.118454
3,193,365,365.666280
3,194,365,365.274589
3,195,366,364.906087
3,196,363,364.523478
3,197,363,364.209469
3,198,364,363.900676
3,199,364,363.409275
3,200,363,363.025507
3,201,363,362.892174
3,202,363,362.863188
3,203,363,362.889662
3,204,363,363.115749
3,205,363,363.443671
3,206,363,363.725411
3,207,363,364.148792
3,208,364,364.708019
3,209,364,365.131208
3,210,364,365.555362
3,211,369,366.043865
3,212,369,366.540097
3,213,367,367.061063
3,214,367,367.503768
3,215,368,367.862415
3,216,368,368.180097
3,217,369,368.379903
3,218,369,368.555749
3,219,368,368.561546
3,220,368,368.397295
3,221,368,368.136039
3,222,368,367.779710
3,223,368,367.259130
3,224,368,366.894493
3,225,366,366.525990
3,226,366,366.019130
3,227,366,365.479420
3,228,365,364.938744
3,229,365,364.428986
3,230,363,364.079807
3,231,363,363.780870
3,232,363,363.324058
3,233,363,362.981256
3,234,362,362.756329
3,235,362,362.604251
3,236,363,362.600000
3,237,363,362.696618
3,238,363,362.821063
3,239,363,363.018357
3,240,364,363.355749
3,241,364,363.754396
3,242,363,364.255459
3,243,363,364.705121
3,244,366,365.203374
3,245,366,365.713631
3,246,366,366.225782
3,247,367,366.729721
3,248,367,367.215340
3,249,368,367.672531
3,250,368,368.091185
3,251,369,368.461197
3,252,369,368.772456
3,253,369,369.014857
3,254,369,369.178291
3,255,369,369.252650
3,256,369,368.327923
3,257,369,368.125797
3,258,369,367.816425
3,259,366,367.405604
3,260,366,367.021063
3,261,366,366.550531
3,262,366,366.027826
3,263,366,365.486763
3,264,364,364.961159
3,265,364,364.484831
3,266,365,364.067440
3,267,365,363.669758
3,268,363,363.372560
3,269,363,363.134686
3,270,363,363.034976
3,271,363,363.030338
3,272,362,362.978551
3,273,362,362.975459
3,274,363,363.090242
3,275,363,363.319034
3,276,364,363.657971
3,277,364,363.908213
3,278,364,364.230918
3,279,365,364.689469
3,280,365,365.227246
3,281,366,365.739324
3,282,366,366.240773
3,283,367,366.770821
3,284,367,367.248696
3,285,368,367.593623
3,286,368,367.991498
3,287,368,368.292367
3,288,368,368.396522
3,289,369,368.446184
3,290,369,368.488309
3,291,369,368.378744
3,292,369,368.192464
3,293,368,367.884444
3,294,368,367.531594
3,295,367,367.090821
3,296,367,366.689855
3,297,367,366.216425
3,298,364,365.655459
3,299,364,365.111884
3,300,365,364.544541
3,301,365,364.032271
3,302,363,363.702802
3,303,363,363.297198
3,304,363,363.038454
3,305,363,362.979324
3,306,363,362.979517
3,307,363,362.994010
3,308,362,363.095845
3,309,362,363.380870
3,310,364,363.776039
3,311,364,364.013333
3,312,365,364.304734
3,313,365,364.715556
3,314,364,365.191111
3,315,367,365.530628
3,316,367,365.893333
3,317,366,366.365411
3,318,366,366.793043
3,319,368,367.217391
3,320,368,367.559614
3,321,367,367.740870
3,322,367,367.900097
3,323,368,368.033430
3,324,368,368.043092
3,325,368,368.051014
3,326,368,367.939130
3,327,369,367.638261
3,328,369,367.418357
3,329,367,367.140483
3,330,367,366.788213
3,331,366,366.345121
3,332,366,365.916135
3,333,366,365.486184
3,334,364,365.040773
3,335,364,364.565411
3,336,364,364.093913
3,337,363,363.660097
3,338,363,363.126957
3,339,363,362.766377
3,340,363,362.584155
3,341,363,362.392464
3,342,362,362.266280
3,343,362,362.301449
3,344,363,362.422995
3,345,363,362.675942
3,346,362,363.056425
3,347,362,363.365604
3,348,363,363.764638
3,349,363,364.243865
3,350,366,364.720580
3,351,365,365.280966
3,352,365,365.842319
3,353,368,366.394976
3,354,368,366.978164
3,355,368,367.438068
3,356,368,368.058357
3,357,368,368.546860
3,358,368,368.758841
3,359,369,368.765411
3,360,369,368.611594
3,361,369,368.366570
3,362,369,368.077295
3,363,368,367.818744
3,364,368,367.330048
3,365,368,366.737005
3,366,367,366.213720
3,367,367,365.694300
3,368,362,365.137585
3,369,362,364.622415
3,370,364,364.252367
3,371,364,363.891014
3,372,364,363.474396
3,373,364,363.178551
3,374,362,363.058164
3,375,362,363.047923
3,376,363,362.935845
3,377,363,362.989952
3,378,364,363.210242
3,379,364,363.523671
3,380,365,363.977198
3,381,365,364.203671
3,382,363,364.435942
3,383,363,364.759614
3,384,366,365.140290
3,385,366,365.666087
3,386,365,366.185121
3,387,365,366.545507
3,388,368,366.835362
3,389,368,367.118068
3,390,368,367.337005
3,391,368,367.704155
3,392,368,367.951498
3,393,368,368.103188
3,394,368,368.183382
3,395,369,368.143768
3,396,369,367.936039
3,397,367,367.779324
3,398,367,367.581643
3,399,367,367.204638
3,400,367,366.702995
3,401,367,366.301643
3,402,367,365.865507
3,403,364,365.406184
3,404,364,364.935266
3,405,365,364.464348
3,406,365,363.956135
3,407,363,363.493333
3,408,363,363.060870
3,409,363,362.714783
3,410,362,362.387826
3,411,362,362.179710
3,412,362,362.043478
3,413,362,362.003285
3,414,362,362.130242
3,415,362,362.471304
3,416,362,362.734300
3,417,362,363.011208
3,418,363,363.440386
3,419,363,363.967150
3,420,365,364.439614
3,421,366,364.945894
3,422,366,365.476329
3,423,366,365.997101
3,424,367,366.474396
3,425,368,366.947440
3,426,368,367.335459
3,427,367,367.679614
3,428,367,367.949952
3,429,368,368.069565
3,430,368,368.083478
3,431,368,367.989758
3,432,368,367.788406
3,433,368,367.554396
3,434,368,367.268792
3,435,367,366.890435
3,436,367,366.427053
3,437,366,365.959420
3,438,366,365.472464
3,439,365,365.000000
3,440,364,364.429758
3,441,364,363.889469
3,442,363,363.360193
3,443,363,362.942995
3,444,362,362.690628
3,445,362,362.535845
3,446,362,362.435556
3,447,362,362.320000
3,448,362,362.333333
3,449,362,362.569469
3,450,363,362.880386
3,451,363,363.311111
3,452,364,363.784734
3,453,364,364.271304
3,454,366,364.763092
3,455,366,365.250435
3,456,365,365.721739
3,457,365,366.212367
3,458,366,366.684638
3,459,369,367.222802
3,460,369,367.671111
3,461,368,368.019903
3,462,368,368.259517
3,463,368,368.453333
3,464,368,368.544734
3,465,368,368.843478
3,466,369,368.939324
3,467,369,368.933333
3,468,370,368.806570
3,469,369,368.638454
3,470,369,368.268406
3,471,367,367.730242
3,472,367,367.276908
3,473,367,366.826087
3,474,367,366.200193
3,475,367,365.534686
3,476,367,364.891981
3,477,362,364.214493
3,478,362,363.224348
3,479,363,362.436715
3,480,363,361.906280
3,481,360,361.569662
3,482,360,361.218744
3,483,361,361.054300
3,484,361,360.838261
3,485,360,360.812560
3,486,361,360.975266
3,487,361,361.324444
3,488,360,361.760386
3,489,360,362.423382
3,490,366,362.942415
3,491,366,363.595362
3,492,364,364.368696
3,493,364,365.250821
3,494,366,365.939903
3,495,366,366.616039
3,496,368,367.265700
3,497,368,367.877295
3,498,368,368.295072
3,499,368,368.678261
3,500,370,368.908807
3,501,370,369.047998
3,502,370,369.092105
3,503,369,369.037397
3,504,369,368.880146
3,505,368,368.616621
3,506,368,368.243093
3,507,367,367.755833
3,508,367,367.151110
3,509,366,366.425195
3,510,366,365.574359
3,511,365,364.594872
3,512,365,363.979517
3,513,364,363.300483
3,514,364,362.576232
3,515,361,362.033623
3,516,361,361.705121
3,517,361,361.503188
3,518,360,361.364444
3,519,360,361.345507
3,520,360,361.136618
3,521,361,361.148019
3,522,361,361.302802
3,523,361,361.644058
3,524,363,362.044058
3,525,363,362.615072
3,526,366,363.274396
3,527,366,364.059324
3,528,364,364.739130
3,529,364,365.638647
3,530,364,366.456039
3,531,364,366.961932
3,532,369,367.406957
3,533,369,367.920386
3,534,369,368.344541
3,535,369,368.669758
3,536,370,368.815266
3,537,370,369.017198
3,538,370,369.178357
3,539,370,369.304541
3,540,370,369.260676
3,541,366,368.814493
3,542,366,368.311498
3,543,369,367.613333
3,544,369,366.678841
3,545,366,365.952077
3,546,366,365.204058
3,547,365,364.450242
3,548,365,363.657198
3,549,363,362.984541
3,550,360,362.349952
3,551,360,361.840000
3,552,360,361.419324
3,553,362,361.172560
3,554,360,360.672464
3,555,360,360.331787
3,556,361,360.367729
3,557,361,360.637488
3,558,361,360.925797
3,559,361,361.230725
3,560,362,361.788406
3,561,362,362.495845
3,562,363,363.201159
3,563,363,363.773333
3,564,364,364.392464
3,565,364,364.923092
3,566,367,365.568889
3,567,367,366.172174
3,568,367,366.673043
3,569,367,367.084058
3,570,367,367.417778
3,571,370,367.858164
3,572,368,368.109179
3,573,368,368.191111
3,574,368,368.124251
3,575,368,368.173333
3,576,367,368.003092
3,577,368,367.692367
3,578,368,367.200000
3,579,366,366.752850
3,580,366,366.120000
3,581,367,365.457198
3,582,367,364.774106
3,583,363,364.080386
3,584,363,363.458164
3,585,364,362.843478
3,586,364,362.437681
3,587,360,362.104348
3,588,360,361.657585
3,589,360,361.318454
3,590,360,361.111111
3,591,360,361.130821
3,592,362,361.229565
3,593,362,361.450435
3,594,362,361.931787
3,595,362,362.618937
3,596,365,363.213913
3,597,365,363.898744
3,598,363,364.732947
3,599,363,365.656039
3,600,367,366.364251
3,601,367,367.082705
3,602,369,367.720966
3,603,369,368.359420
3,604,369,368.838454
3,605,370,369.241739
3,606,370,369.532947
3,607,370,369.944928
3,608,370,370.208309
3,609,370,370.398068
3,610,370,370.326377
3,611,370,369.925990
3,612,370,369.345507
3,613,369,368.807923
3,614,369,368.178164
3,615,367,367.542802
3,616,367,366.625894
3,617,368,365.729275
3,618,368,364.984541
3,619,363,364.283285
3,620,361,363.590145
3,621,361,362.794203
3,622,362,362.191498
3,623,362,361.785894
3,624,361,361.630145
3,625,361,361.559227
3,626,360,361.648116
3,627,360,361.945700
3,628,364,362.305894
3,629,364,362.773720
3,630,363,363.489469
3,631,363,364.400386
3,632,364,365.137391
3,633,368,365.736425
3,634,368,366.348986
3,635,368,367.126570
3,636,367,367.860676
3,637,369,368.562512
3,638,369,369.123285
3,639,369,369.458357
3,640,369,369.603092
3,641,370,369.689469
3,642,370,370.120580
3,643,370,370.242899
3,644,370,370.009469
3,645,371,369.637488
3,646,371,369.516908
3,647,369,369.246570
3,648,369,368.791111
3,649,367,368.162126
3,650,367,367.613140
3,651,367,366.988792
3,652,367,366.108986
3,653,370,365.273623
3,654,362,364.710145
3,655,362,364.165990
3,656,364,363.461063
3,657,364,362.895266
3,658,361,362.647150
3,659,361,362.388599
3,660,362,362.200386
3,661,362,362.135266
3,662,361,362.122126
3,663,361,362.305700
3,664,365,362.612947
3,665,365,362.946087
3,666,362,363.666473
3,667,362,363.996135
3,668,366,364.383768
3,669,366,364.960000
3,670,364,365.615459
3,671,367,366.217198
3,672,367,366.752271
3,673,368,367.280193
3,674,368,367.691594
3,675,367,367.972947
3,676,367,368.402126
3,677,369,368.900290
3,678,369,369.176039
3,679,370,369.154396
3,680,370,368.974300
3,681,370,368.920193
3,682,370,368.992077
3,683,368,368.759420
3,684,368,368.542995
3,685,368,368.205797
3,686,369,367.830531
3,687,369,367.379903
3,688,364,366.743575
3,689,364,366.051208
3,690,366,365.505507
3,691,366,364.949179
3,692,366,364.175459
3,693,366,363.675362
3,694,362,363.310531
3,695,362,363.088696
3,696,362,362.871498
3,697,362,362.613913
3,698,362,362.533140
3,699,362,362.749179
3,700,363,363.142029
3,701,363,363.250628
3,702,362,363.453913
3,703,362,363.886377
3,704,368,364.442512
3,705,366,365.065700
3,706,366,365.819324
3,707,366,366.548213
3,708,366,367.217198
3,709,369,367.765797
3,710,369,368.253527
3,711,368,368.715749
3,712,368,369.116715
3,713,370,369.446763
3,714,370,369.649275
3,715,370,369.643478
3,716,370,369.664155
3,717,371,369.855459
3,718,371,369.787633
3,719,368,369.564251
3,720,368,369.240000
3,721,369,368.749565
3,722,369,368.368696
3,723,368,367.893140
3,724,367,367.265314
3,725,367,366.547633
3,726,367,365.753043
3,727,367,365.014493
3,728,363,364.392464
3,729,363,363.827440
3,730,363,363.405990
3,731,363,362.850242
3,732,362,362.312077
3,733,362,362.084831
3,734,361,362.028213
3,735,361,361.905507
3,736,361,361.935845
3,737,361,362.142029
3,738,364,362.497971
3,739,364,362.903961
3,740,363,363.500290
3,741,363,363.988986
3,742,363,364.552077
3,743,368,365.127150
3,744,368,365.771787
3,745,365,366.495266
3,746,365,367.137971
3,747,369,367.684444
3,748,369,368.410628
3,749,368,368.943575
3,750,368,369.128889
3,751,370,369.391304
3,752,370,369.723092
3,753,370,369.830145
3,754,370,369.855266
3,755,371,369.652367
3,756,371,369.569796
3,757,369,369.407659
3,758,370,369.160715
3,759,370,368.823719
3,760,365,368.391430
3,761,365,367.858603
3,762,368,367.219997
3,763,368,366.470367
3,764,365,365.604470
3,765,365,364.617064
3,766,363,363.502906
3,767,363,362.256752
3,768,363,363.332947
3,769,363,362.867053
3,770,362,362.440966
3,771,362,362.298551
3,772,363,362.441739
3,773,362,362.436135
3,774,362,362.618164
3,775,364,363.058937
3,776,364,363.420097
3,777,363,363.770821
3,778,363,364.248116
3,779,363,364.696232
3,780,363,365.248309
3,781,368,365.819710
3,782,369,366.398841
3,783,369,366.901063
3,784,368,367.459517
3,785,368,368.089275
3,786,366,368.518454
3,787,366,368.692367
3,788,370,368.893527
3,789,370,369.262802
3,790,370,369.365797
3,791,370,369.204444
3,792,369,368.851787
3,793,369,368.356715
3,794,369,368.013333
3,795,369,367.661836
3,796,367,367.266860
3,797,365,366.768889
3,798,365,366.228406
3,799,367,365.462029
3,800,367,364.646377
3,801,362,363.981643
3,802,362,363.428019
3,803,363,363.044058
3,804,363,362.621643
3,805,362,362.312657
3,806,362,362.169855
3,807,362,362.197101
3,808,362,362.349372
3,809,362,362.555556
3,810,362,362.716522
3,811,363,362.995362
3,812,363,363.579324
3,813,365,364.295652
3,814,365,364.728309
3,815,364,365.181256
3,816,367,365.714010
3,817,367,366.266087
3,818,367,366.752850
3,819,367,367.209662
3,820,368,367.769662
3,821,368,368.108213
3,822,369,368.359807
3,823,369,368.659517
3,824,368,368.855459
3,825,368,368.943768
3,826,369,368.995556
3,827,369,368.963865
3,828,369,368.706473
3,829,369,368.542222
3,830,369,368.261063
3,831,369,367.872657
3,832,366,367.386667
3,833,368,366.836908
3,834,368,366.257198
3,835,365,365.681353
3,836,365,365.143188
3,837,364,364.579324
3,838,364,363.948599
3,839,363,363.474010
3,840,363,363.210242
3,841,362,363.020870
3,842,362,362.720000
3,843,362,362.601739
3,844,362,362.668019
3,845,363,362.701643
3,846,363,362.942609
3,847,364,363.364251
3,848,364,363.696618
3,849,364,364.149758
3,850,366,364.640966
3,851,366,365.207536
3,852,364,365.813720
3,853,364,366.423768
3,854,368,367.001932
3,855,368,367.463575
3,856,368,367.868213
3,857,368,368.348986
3,858,369,368.752077
3,859,369,368.973913
3,860,370,369.152850
3,861,370,369.380870
3,862,370,369.438841
3,863,370,369.521739
3,864,369,369.464541
3,865,369,369.029179
3,866,368,368.457585
3,867,369,368.137778
3,868,369,367.737778
3,869,366,367.267246
3,870,366,366.735845
3,871,367,366.275169
3,872,367,365.776812
3,873,364,365.229565
3,874,364,364.693333
3,875,363,364.250821
3,876,363,363.862802
3,877,365,363.537005
3,878,365,363.328116
3,879,363,363.168889
3,880,363,363.136232
3,881,363,363.258164
3,882,363,363.221643
3,883,362,363.313623
3,884,362,363.601353
3,885,364,364.032077
3,886,365,364.333913
3,887,365,364.714976
3,888,366,365.090628
3,889,366,365.496232
3,890,366,366.113237
3,891,366,366.763092
3,892,367,367.340870
3,893,367,367.910531
3,894,369,368.391304
3,895,369,368.726570
3,896,369,368.906667
3,897,369,369.115556
3,898,370,369.274396
3,899,370,369.356522
3,900,370,369.313043
3,901,370,369.314783
3,902,369,369.172560
3,903,369,368.892174
3,904,368,368.479420
3,905,367,368.013140
3,906,367,367.452174
3,907,368,366.950338
3,908,368,366.421449
3,909,365,365.877101
3,910,365,365.328889
3,911,365,364.763671
3,912,365,364.288309
3,913,363,363.912464
3,914,363,363.596908
3,915,363,363.349372
3,916,363,363.175652
3,917,363,363.079614
3,918,363,362.941256
3,919,363,362.951691
3,920,363,363.131208
3,921,363,363.500097
3,922,363,363.835362
3,923,365,364.274010
3,924,365,364.806377
3,925,365,365.422802
3,926,366,365.967536
3,927,366,366.573720
3,928,367,367.156715
3,929,367,367.704928
3,930,369,368.255652
3,931,369,368.677295
3,932,370,369.031304
3,933,370,369.452754
3,934,370,369.716715
3,935,370,369.768502
3,936,370,369.819517
3,937,370,369.914783
3,938,370,369.837101
3,939,369,369.661449
3,940,369,369.342802
3,941,369,369.006957
3,942,368,368.539710
3,943,369,368.094879
3,944,369,367.586280
3,945,366,367.098551
3,946,366,366.596329
3,947,367,366.093140
3,948,367,365.504734
3,949,364,364.986860
3,950,364,364.598068
3,951,364,364.276908
3,952,364,363.864155
3,953,363,363.560580
3,954,363,363.371981
3,955,363,363.231111
3,956,363,363.263768
3,957,363,363.426860
3,958,363,363.458164
3,959,363,363.575459
3,960,365,363.849855
3,961,365,364.232464
3,962,364,364.455266
3,963,364,364.730242
3,964,366,365.049662
3,965,366,365.356908
3,966,366,365.642319
3,967,366,365.943188
3,968,366,366.296812
3,969,366,366.620483
3,970,367,366.953430
3,971,367,367.214879
3,972,367,367.397101
3,973,367,367.834010
3,974,368,368.139517
3,975,368,368.195556
3,976,368,368.124058
3,977,369,368.071111
3,978,369,367.942802
3,979,369,367.694106
3,980,368,367.400000
3,981,368,367.160193
3,982,367,366.834396
3,983,367,366.452560
3,984,367,366.044638
3,985,363,365.616425
3,986,363,365.173720
3,987,364,364.795362
3,988,364,364.440193
3,989,364,364.115942
3,990,364,363.854493
3,991,365,363.687729
3,992,365,363.574493
3,993,363,363.520580
3,994,363,363.529855
3,995,364,363.604251
3,996,364,363.743768
3,997,364,364.019517
3,998,364,364.186280
3,999,364,364.358841
3,1000,364,364.504734
3,1001,364,364.760386
3,1002,365,365.045024
3,1003,365,365.350918
3,1004,366,365.743382
3,1005,366,366.167729
3,1006,367,366.472077
3,1007,367,366.744541
3,1008,368,367.048502
3,1009,368,367.425121
3,1010,367,367.724444
3,1011,367,367.942609
3,1012,369,368.091810
3,1013,368,368.192053
3,1014,368,368.239866
3,1015,368,368.231775
3,1016,368,368.164307
3,1017,368,368.033991
3,1018,368,367.837352
3,1019,368,367.570919
3,1020,368,367.231217
3,1021,366,366.814775
3,1022,366,366.318120
3,1023,366,365.737778
3,1024,366,365.921546
3,1025,366,365.594010
3,1026,366,365.233043
3,1027,364,364.895266
3,1028,365,364.588406
3,1029,365,364.320193
3,1030,364,364.000580
3,1031,364,363.779517
3,1032,363,363.709758
3,1033,363,363.626280
3,1034,363,363.531014
3,1035,363,363.519807
3,1036,364,363.590725
3,1037,364,363.692947
3,1038,364,363.895652
3,1039,364,364.194976
3,1040,364,364.440966
3,1041,364,364.747826
3,1042,366,365.131981
3,1043,366,365.512657
3,1044,365,365.929082
3,1045,367,366.396329
3,1046,367,366.809469
3,1047,367,367.160773
3,1048,367,367.442512
3,1049,368,367.720000
3,1050,368,367.938551
3,1051,368,368.190145
3,1052,368,368.326763
3,1053,369,368.346473
3,1054,369,368.247343
3,1055,369,368.173527
3,1056,369,368.126957
3,1057,367,367.894300
3,1058,367,367.625507
3,1059,367,367.301643
3,1060,367,366.977391
3,1061,367,366.587440
3,1062,367,366.163671
3,1063,365,365.737971
3,1064,365,365.318068
3,1065,365,364.911691
3,1066,365,364.550725
3,1067,365,364.267053
3,1068,363,364.068406
3,1069,363,363.913623
3,1070,364,363.735459
3,1071,364,363.584734
3,1072,363,363.534493
3,1073,363,363.633623
3,1074,364,363.811014
3,1075,364,364.019710
3,1076,364,364.186667
3,1077,364,364.356908
3,1078,365,364.597681
3,1079,365,364.903188
3,1080,365,365.267633
3,1081,366,365.539130
3,1082,366,365.805797
3,1083,367,366.179903
3,1084,367,366.533720
3,1085,366,366.739517
3,1086,366,366.958454
3,1087,367,367.182802
3,1088,367,367.406763
3,1089,368,367.553430
3,1090,368,367.618937
3,1091,368,367.672464
3,1092,368,367.712077
3,1093,368,367.664734
3,1094,368,367.603478
3,1095,367,367.481353
3,1096,367,367.422222
3,1097,368,367.309952
3,1098,367,367.126184
3,1099,367,366.852560
3,1100,366,366.519034
3,1101,366,366.155556
3,1102,366,365.840966
3,1103,366,365.582995
3,1104,365,365.318261
3,1105,365,364.958647
3,1106,365,364.656039
3,1107,365,364.465121
3,1108,364,364.247536
3,1109,364,363.960193
3,1110,363,363.824155
3,1111,363,363.721353
3,1112,364,363.702609
3,1113,364,363.599034
3,1114,364,363.601739
3,1115,363,363.706860
3,1116,363,363.910531
3,1117,365,364.135845
3,1118,365,364.425894
3,1119,364,364.774879
3,1120,364,365.128116
3,1121,366,365.477874
3,1122,366,365.961159
3,1123,366,366.353043
3,1124,366,366.694686
3,1125,368,367.051401
3,1126,368,367.368502
3,1127,368,367.640193
3,1128,368,367.885411
3,1129,368,368.003092
3,1130,368,368.086570
3,1131,368,368.109179
3,1132,369,368.093720
3,1133,369,367.942995
3,1134,367,367.851981
3,1135,367,367.655652
3,1136,367,367.310918
3,1137,367,366.943575
3,1138,367,366.632464
3,1139,367,366.240580
3,1140,365,365.848696
3,1141,365,365.415652
3,1142,366,365.020290
3,1143,366,364.717295
3,1144,364,364.441353
3,1145,364,364.224348
3,1146,363,364.098164
3,1147,363,363.875556
3,1148,364,363.729275
3,1149,363,363.661256
3,1150,363,363.673430
3,1151,364,363.669952
3,1152,364,363.794976
3,1153,365,363.900483
3,1154,365,364.078454
3,1155,364,364.396135
3,1156,364,364.751884
3,1157,365,365.066860
3,1158,365,365.429179
3,1159,366,365.756135
3,1160,366,366.133913
3,1161,366,366.552850
3,1162,366,366.785507
3,1163,368,367.013333
3,1164,368,367.442512
3,1165,368,367.799227
3,1166,368,368.199614
3,1167,368,368.519807
3,1168,369,368.635942
3,1169,369,368.761932
3,1170,369,368.822802
3,1171,369,368.818551
3,1172,368,368.751111
3,1173,368,368.624348
3,1174,370,368.371014
3,1175,370,368.192464
3,1176,367,367.956135
3,1177,367,367.581643
3,1178,366,366.841932
3,1179,366,366.109952
3,1180,367,365.393430
3,1181,365,364.773140
3,1182,365,364.209855
3,1183,364,363.713237
3,1184,364,363.244058
3,1185,363,362.810048
3,1186,363,362.514783
3,1187,359,362.439034
3,1188,359,362.349952
3,1189,359,362.253333
3,1190,364,362.246957
3,1191,364,362.328889
3,1192,364,362.544155
3,1193,364,362.961932
3,1194,364,363.385314
3,1195,364,363.906280
3,1196,365,364.445990
3,1197,365,365.094493
3,1198,364,365.699903
3,1199,364,366.254493
3,1200,367,366.529469
3,1201,367,366.702995
3,1202,368,366.757681
3,1203,368,367.090242
3,1204,368,367.377391
3,1205,368,367.711111
3,1206,368,367.943382
3,1207,368,368.072271
3,1208,368,368.095845
3,1209,367,368.134106
3,1210,367,368.115942
3,1211,368,367.899130
3,1212,368,367.534493
3,1213,368,367.243092
3,1214,368,366.885990
3,1215,367,366.543961
3,1216,367,366.177778
3,1217,365,365.797101
3,1218,365,365.411594
3,1219,365,365.030918
3,1220,365,364.615845
3,1221,364,364.247150
3,1222,363,363.810628
3,1223,363,363.432077
3,1224,363,363.139517
3,1225,363,362.960966
3,1226,363,362.851401
3,1227,363,362.885797
3,1228,363,362.993043
3,1229,363,363.222029
3,1230,363,363.426667
3,1231,363,363.651981
3,1232,364,363.965217
3,1233,364,364.360580
3,1234,365,364.759227
3,1235,365,365.129275
3,1236,366,365.509952
3,1237,366,365.891594
3,1238,367,366.264541
3,1239,367,366.668019
3,1240,367,367.021256
3,1241,367,367.267633
3,1242,367,367.470531
3,1243,368,367.718068
3,1244,368,367.907246
3,1245,368,368.034203
3,1246,368,367.999227
3,1247,368,367.944541
3,1248,368,367.917101
3,1249,368,367.845797
3,1250,368,367.734493
3,1251,367,367.588986
3,1252,367,367.319227
3,1253,368,367.004058
3,1254,368,366.698164
3,1255,366,366.336232
3,1256,365,365.950145
3,1257,365,365.571787
3,1258,366,365.257778
3,1259,366,364.944734
3,1260,364,364.544541
3,1261,364,364.209082
3,1262,363,363.993043
3,1263,363,363.733333
3,1264,364,363.506860
3,1265,364,363.315556
3,1266,363,363.305507
3,1267,363,363.429758
3,1268,364,363.485351
3,1269,364,363.590378
3,1270,363,363.746187
3,1271,363,363.954126
3,1272,365,364.215543
3,1273,365,364.531785
3,1274,364,364.904202
3,1275,366,365.334140
3,1276,366,365.822948
3,1277,367,366.371973
3,1278,367,366.982564
3,1279,367,367.656068
3,1280,367,367.196908
3,1281,368,367.488696
3,1282,368,367.908792
3,1283,367,368.161159
3,1284,367,368.288889
3,1285,369,368.432271
3,1286,369,368.491594
3,1287,369,368.391884
3,1288,369,368.422029
3,1289,368,368.342029
3,1290,368,368.179903
3,1291,368,367.963671
3,1292,369,367.794976
3,1293,369,367.535459
3,1294,366,367.265894
3,1295,366,366.947053
3,1296,366,366.515556
3,1297,366,366.028019
3,1298,366,365.589372
3,1299,366,365.233430
3,1300,364,364.898744
3,1301,364,364.499130
3,1302,365,364.115362
3,1303,365,363.753237
3,1304,363,363.489662
3,1305,363,363.401546
3,1306,363,363.445797
3,1307,363,363.360193
3,1308,363,363.362512
3,1309,363,363.450821
3,1310,364,363.623188
3,1311,363,363.779903
3,1312,363,364.061256
3,1313,365,364.315362
3,1314,365,364.630338
3,1315,366,365.069565
3,1316,366,365.576425
3,1317,366,365.997101
3,1318,366,366.417778
3,1319,367,366.875749
3,1320,367,367.288309
3,1321,367,367.694686
3,1322,367,368.014106
3,1323,369,368.311884
3,1324,369,368.460290
3,1325,369,368.598261
3,1326,369,368.624155
3,1327,369,368.582415
3,1328,369,368.688889
3,1329,369,368.679420
3,1330,369,368.606763
3,1331,368,368.403671
3,1332,368,368.148986
3,1333,367,367.801546
3,1334,367,367.369082
3,1335,367,366.859324
3,1336,367,366.426087
3,1337,365,365.983188
3,1338,367,365.591111
3,1339,367,365.190338
3,1340,364,364.647729
3,1341,364,364.239034
3,1342,363,363.900870
3,1343,363,363.642899
3,1344,363,363.401739
3,1345,363,363.038454
3,1346,363,362.772174
3,1347,363,362.796522
3,1348,363,362.896232
3,1349,363,362.977391
3,1350,362,363.040000
3,1351,362,363.226280
3,1352,365,363.580676
3,1353,364,363.929082
3,1354,364,364.337391
3,1355,364,364.675942
3,1356,364,365.055072
3,1357,368,365.512077
3,1358,368,365.964251
3,1359,365,366.401932
3,1360,365,366.815459
3,1361,367,367.195169
3,1362,367,367.531401
3,1363,369,367.741449
3,1364,369,367.862609
3,1365,368,368.102415
3,1366,368,368.430918
3,1367,369,368.604831
3,1368,369,368.526377
3,1369,368,368.337778
3,1370,368,368.474010
3,1371,368,368.530048
3,1372,368,368.247536
3,1373,368,367.848116
3,1374,368,367.528696
3,1375,368,367.126184
3,1376,368,366.794396
3,1377,368,366.447150
3,1378,364,366.022995
3,1379,364,365.580483
3,1380,366,365.006763
3,1381,366,364.548986
3,1382,363,364.137971
3,1383,363,363.775652
3,1384,364,363.535072
3,1385,364,363.416232
3,1386,363,363.419130
3,1387,363,363.690435
3,1388,363,364.016812
3,1389,363,364.355169
3,1390,363,364.782415
3,1391,363,364.863575
3,1392,367,365.003671
3,1393,367,365.339130
3,1394,367,365.766377
3,1395,368,366.060483
3,1396,368,366.356522
3,1397,368,366.715942
3,1398,368,367.080193
3,1399,365,367.366570
3,1400,365,367.661256
3,1401,366,367.881546
3,1402,366,368.017778
3,1403,369,368.060290
3,1404,369,368.048309
3,1405,369,368.193237
3,1406,369,368.446184
3,1407,369,368.593816
3,1408,369,368.568309
3,1409,369,368.737391
3,1410,369,368.818551
3,1411,369,368.821449
3,1412,368,368.536618
3,1413,368,368.114589
3,1414,368,367.632271
3,1415,368,367.046570
3,1416,367,366.582415
3,1417,367,366.153623
3,1418,364,365.700676
3,1419,364,365.237101
3,1420,367,364.776425
3,1421,363,364.283285
3,1422,363,363.842319
3,1423,363,363.465121
3,1424,363,363.163285
3,1425,363,362.826473
3,1426,363,362.535459
3,1427,363,362.369082
3,1428,363,362.284251
3,1429,362,362.284831
3,1430,362,362.421643
3,1431,362,362.477488
3,1432,362,362.497391
3,1433,363,362.838841
3,1434,363,363.061063
3,1435,363,363.349952
3,1436,363,363.646957
3,1437,364,364.013527
3,1438,365,364.438068
3,1439,365,364.908986
3,1440,366,365.414686
3,1441,366,365.943575
3,1442,366,366.459903
3,1443,366,366.927923
3,1444,368,367.287150
3,1445,368,367.597101
3,1446,368,368.015072
3,1447,368,368.338357
3,1448,369,368.559227
3,1449,369,368.767729
3,1450,369,368.886957
3,1451,369,368.988019
3,1452,369,368.950918
3,1453,369,368.850628
3,1454,368,368.642126
3,1455,368,368.329275
3,1456,369,368.013720
3,1457,369,367.703188
3,1458,367,367.311498
3,1459,367,366.850242
3,1460,367,366.331014
3,1461,365,365.691787
3,1462,365,365.110531
3,1463,364,364.692754
3,1464,364,364.303961
3,1465,364,363.857971
3,1466,364,363.508599
3,1467,364,363.043865
3,1468,362,362.731787
3,1469,362,362.743188
3,1470,362,362.791111
3,1471,362,362.877488
3,1472,362,363.098164
3,1473,365,363.451208
3,1474,365,363.739710
3,1475,363,364.126763
3,1476,363,364.531594
3,1477,365,364.993430
3,1478,365,365.502609
3,1479,368,366.049469
3,1480,368,366.624348
3,1481,366,367.071498
3,1482,368,367.524058
3,1483,368,367.897391
3,1484,368,368.179903
3,1485,368,368.360000
3,1486,369,368.694106
3,1487,369,368.958647
3,1488,369,369.052560
3,1489,369,369.043671
3,1490,369,369.001159
3,1491,369,368.876135
3,1492,369,368.816618
3,1493,369,368.732560
3,1494,368,368.414493
3,1495,368,368.209855
3,1496,368,367.888309
3,1497,368,367.414493
3,1498,367,366.873043
3,1499,367,366.348599
3,1500,366,365.805797
3,1501,365,365.258164
3,1502,365,364.719227
3,1503,364,364.202512
3,1504,364,363.721546
3,1505,363,363.143188
3,1506,363,362.743188
3,1507,361,362.385121
3,1508,361,361.978937
3,1509,362,361.745700
3,1510,362,361.736232
3,1511,362,361.808309
3,1512,362,362.012754
3,1513,362,362.278454
3,1514,362,362.483478
3,1515,362,362.817005
3,1516,362,363.151304
3,1517,365,363.598647
3,1518,364,364.076329
3,1519,364,364.621643
3,1520,367,365.076908
3,1521,367,365.524444
3,1522,366,365.972947
3,1523,366,366.431111
3,1524,366,366.854931
3,1525,366,367.263252
3,1526,368,367.652539
3,1527,368,368.019260
3,1528,369,368.359880
3,1529,369,368.670867
3,1530,369,368.948685
3,1531,369,369.189802
3,1532,369,369.390683
3,1533,369,369.547796
3,1534,370,369.657607
3,1535,370,369.716581
3,1536,369,368.911498
3,1537,368,368.572174
3,1538,368,368.106280
3,1539,368,367.665700
3,1540,368,367.211208
3,1541,366,366.754396
3,1542,366,366.308792
3,1543,366,365.816812
3,1544,366,365.196135
3,1545,364,364.604444
3,1546,364,364.102222
3,1547,363,363.702995
3,1548,363,363.324444
3,1549,363,362.980097
3,1550,363,362.657391
3,1551,363,362.414879
3,1552,362,362.164444
3,1553,362,362.057971
3,1554,361,361.906280
3,1555,361,361.880193
3,1556,363,361.930821
3,1557,363,362.129275
3,1558,362,362.278647
3,1559,362,362.542029
3,1560,363,362.838647
3,1561,363,363.109952
3,1562,363,363.488502
3,1563,363,363.960773
3,1564,365,364.513237
3,1565,365,365.059324
3,1566,366,365.632464
3,1567,366,366.144155
3,1568,367,366.625894
3,1569,367,367.255266
3,1570,368,367.849855
3,1571,368,368.325024
3,1572,368,368.716135
3,1573,370,369.180483
3,1574,370,369.515362
3,1575,370,369.713043
3,1576,370,369.814686
3,1577,370,369.887536
3,1578,370,369.782995
3,1579,370,369.643285
3,1580,370,369.515362
3,1581,369,369.328116
3,1582,369,369.036522
3,1583,369,368.717488
3,1584,369,368.327923
3,1585,367,368.020290
3,1586,367,367.733140
3,1587,367,367.384155
3,1588,366,366.988792
3,1589,366,366.562512
3,1590,367,366.169662
3,1591,367,365.754589
3,1592,365,365.334686
3,1593,365,364.927343
3,1594,365,364.476908
3,1595,365,364.047729
3,1596,365,363.655266
3,1597,362,363.314976
3,1598,362,362.945121
3,1599,362,362.583961
3,1600,362,362.196135
3,1601,362,361.793237
3,1602,361,361.482705
3,1603,361,361.276135
3,1604,361,361.138164
3,1605,361,360.936232
3,1606,361,360.680000
3,1607,361,360.472464
3,1608,361,360.390531
3,1609,361,360.486957
3,1610,360,360.475362
3,1611,360,360.453527
3,1612,361,360.492560
3,1613,361,360.639420
3,1614,360,360.821063
3,1615,360,360.866667
3,1616,360,360.965411
3,1617,360,361.152293
3,1618,362,361.356955
3,1619,363,361.575846
3,1620,363,361.805416
3,1621,362,362.042114
3,1622,362,362.282390
3,1623,363,362.522692
3,1624,363,362.759472
3,1625,362,362.989177
3,1626,362,363.208257
3,1627,364,363.413162
3,1628,364,363.600342
