channel,index,raw,filtered
1,0,367,366.405573
1,1,367,366.554180
1,2,367,366.476780
1,3,367,366.402477
1,4,367,366.266254
1,5,367,366.068111
1,6,365,365.808050
1,7,365,365.486068
1,8,364,365.102167
1,9,364,364.891641
1,10,365,364.736842
1,11,365,364.650155
1,12,365,364.643963
1,13,365,364.730650
1,14,365,364.922601
1,15,365,365.061920
1,16,365,365.167183
1,17,365,365.061920
1,18,365,364.922601
1,19,365,364.860681
1,20,365,364.811146
1,21,365,364.708978
1,22,365,364.665635
1,23,364,364.674923
1,24,364,364.730650
1,25,365,364.826625
1,26,365,364.956656
1,27,365,365.114551
1,28,365,365.294118
1,29,366,365.489164
1,30,366,365.693498
1,31,366,365.900929
1,32,366,365.987616
1,33,366,366.006192
1,34,366,366.061920
1,35,366,366.083591
1,36,366,366.065015
1,37,366,366.000000
1,38,366,366.000000
1,39,366,366.000000
1,40,366,366.065015
1,41,366,366.083591
1,42,366,366.061920
1,43,366,366.006192
1,44,366,365.922601
1,45,366,365.817337
1,46,366,365.761610
1,47,366,365.650155
1,48,365,365.430341
1,49,365,365.226006
1,50,365,365.043344
1,51,365,364.888545
1,52,365,364.702786
1,53,365,364.603715
1,54,364,364.591331
1,55,364,364.665635
1,56,365,364.891641
1,57,365,365.040248
1,58,365,365.176471
1,59,365,365.235294
1,60,366,365.328173
1,61,366,365.513932
1,62,366,365.674923
1,63,366,365.693498
1,64,365,365.628483
1,65,365,365.591331
1,66,365,365.517028
1,67,366,365.405573
1,68,366,365.256966
1,69,365,365.188854
1,70,365,365.142415
1,71,365,365.123839
1,72,365,365.139319
1,73,365,365.012384
1,74,365,364.919505
1,75,365,364.854489
1,76,365,364.928793
1,77,365,365.077399
1,78,365,365.247678
1,79,365,365.386997
1,80,365,365.495356
1,81,366,365.572755
1,82,366,365.619195
1,83,366,365.634675
1,84,366,365.684211
1,85,366,365.656347
1,86,365,365.492260
1,87,365,365.309598
1,88,365,365.108359
1,89,365,364.888545
1,90,365,364.702786
1,91,365,364.603715
1,92,364,364.591331
1,93,364,364.665635
1,94,365,364.826625
1,95,365,364.956656
1,96,365,365.179567
1,97,365,365.312693
1,98,366,365.467492
1,99,366,365.702786
1,100,366,365.900929
1,101,366,365.944272
1,102,366,365.891641
1,103,366,365.919505
1,104,365,365.851393
1,105,366,365.628483
1,106,366,365.368421
1,107,365,365.123839
1,108,365,364.947368
1,109,365,364.839009
1,110,365,364.798762
1,111,364,364.826625
1,112,364,364.922601
1,113,365,364.969040
1,114,365,365.142415
1,115,366,365.442724
1,116,366,365.640867
1,117,366,365.801858
1,118,366,365.925697
1,119,366,366.012384
1,120,366,366.009288
1,121,366,365.863777
1,122,366,365.693498
1,123,365,365.439628
1,124,365,365.160991
1,125,365,364.916409
1,126,365,364.712074
1,127,365,364.554180
1,128,364,364.448916
1,129,364,364.402477
1,130,364,364.356037
1,131,364,364.427245
1,132,365,364.498452
1,133,365,364.628483
1,134,365,364.876161
1,135,365,365.123839
1,136,365,365.371517
1,137,365,365.501548
1,138,366,365.637771
1,139,366,365.662539
1,140,366,365.575851
1,141,366,365.495356
1,142,365,365.362229
1,143,365,365.182663
1,144,365,364.897833
1,145,365,364.560372
1,146,364,364.281734
1,147,364,364.173375
1,148,364,364.170279
1,149,364,364.272446
1,150,364,364.479876
1,151,364,364.739938
1,152,365,365.000000
1,153,366,365.325077
1,154,366,365.603715
1,155,366,365.724458
1,156,366,365.752322
1,157,366,365.687307
1,158,366,365.529412
1,159,365,365.278638
1,160,365,364.934985
1,161,364,364.616099
1,162,364,364.380805
1,163,364,364.111455
1,164,364,363.931889
1,165,364,363.848297
1,166,364,363.866873
1,167,364,363.993808
1,168,364,364.052632
1,169,364,364.219814
1,170,364,364.371517
1,171,365,364.560372
1,172,365,364.839009
1,173,365,365.083591
1,174,365,365.352941
1,175,365,365.529412
1,176,366,365.613003
1,177,366,365.603715
1,178,366,365.436533
1,179,366,365.222910
1,180,365,365.139319
1,181,365,365.009288
1,182,364,364.708978
1,183,364,364.532508
1,184,364,364.362229
1,185,364,364.250774
1,186,365,364.250774
1,187,365,364.362229
1,188,364,364.585139
1,189,364,364.801858
1,190,366,365.071207
1,191,365,365.334365
1,192,365,365.532508
1,193,366,365.659443
1,194,366,365.708978
1,195,366,365.792570
1,196,366,365.845201
1,197,366,365.814241
1,198,366,365.647059
1,199,365,365.578947
1,200,365,365.374613
1,201,365,365.040248
1,202,365,364.811146
1,203,365,364.563467
1,204,365,364.414861
1,205,364,364.170279
1,206,364,364.164087
1,207,364,364.507740
1,208,364,364.842105
1,209,365,365.284830
1,210,365,365.712074
1,211,366,366.117647
1,212,366,366.495356
1,213,369,366.773994
1,214,369,366.941176
1,215,367,367.043344
1,216,367,366.996904
1,217,366,366.894737
1,218,366,366.764706
1,219,366,366.634675
1,220,366,366.662539
1,221,367,366.653251
1,222,367,366.947368
1,223,367,367.356037
1,224,368,367.780186
1,225,368,368.120743
1,226,369,368.201238
1,227,369,368.198142
1,228,368,368.170279
1,229,368,368.000000
1,230,368,367.804954
1,231,368,367.526316
1,232,366,367.105263
1,233,366,366.777090
1,234,367,366.417957
1,235,367,366.198142
1,236,366,366.170279
1,237,366,366.151703
1,238,366,366.312693
1,239,366,366.640867
1,240,367,367.123839
1,241,367,367.578947
1,242,368,368.000000
1,243,369,368.551084
1,244,369,369.043344
1,245,370,369.417957
1,246,370,369.616099
1,247,370,369.696594
1,248,370,369.565015
1,249,369,369.319659
1,250,369,368.968524
1,251,368,368.519608
1,252,368,367.980908
1,253,367,367.360423
1,254,367,366.666151
1,255,366,365.906089
1,256,366,366.346749
1,257,366,366.411765
1,258,366,366.625387
1,259,367,366.941176
1,260,367,367.312693
1,261,368,367.693498
1,262,368,368.037152
1,263,369,368.297214
1,264,369,368.362229
1,265,369,368.297214
1,266,368,368.102167
1,267,368,367.777090
1,268,367,367.374613
1,269,367,366.947368
1,270,366,366.613003
1,271,366,366.312693
1,272,366,366.105263
1,273,366,366.049536
1,274,366,366.086687
1,275,366,366.216718
1,276,367,366.433437
1,277,367,366.724458
1,278,367,367.136223
1,279,367,367.662539
1,280,368,368.120743
1,281,368,368.563467
1,282,369,368.866873
1,283,369,369.089783
1,284,370,369.114551
1,285,370,368.993808
1,286,370,368.780186
1,287,368,368.473684
1,288,368,368.074303
1,289,367,367.634675
1,290,367,367.207430
1,291,366,366.845201
1,292,366,366.600619
1,293,367,366.526316
1,294,367,366.674923
1,295,367,367.111455
1,296,367,367.554180
1,297,368,368.015480
1,298,368,368.442724
1,299,369,368.783282
1,300,369,368.919505
1,301,370,368.975232
1,302,370,369.015480
1,303,369,368.869969
1,304,368,368.551084
1,305,368,368.071207
1,306,367,367.625387
1,307,367,367.055728
1,308,367,366.439628
1,309,366,365.854489
1,310,365,365.442724
1,311,365,365.170279
1,312,365,364.885449
1,313,365,364.671827
1,314,364,364.606811
1,315,364,364.585139
1,316,365,364.678019
1,317,365,364.891641
1,318,365,365.114551
1,319,365,365.294118
1,320,366,365.489164
1,321,366,365.758514
1,322,366,365.984520
1,323,366,366.049536
1,324,366,366.012384
1,325,366,365.984520
1,326,366,365.900929
1,327,366,365.826625
1,328,366,365.650155
1,329,365,365.430341
1,330,365,365.226006
1,331,365,365.043344
1,332,365,364.888545
1,333,365,364.702786
1,334,365,364.603715
1,335,364,364.591331
1,336,364,364.665635
1,337,365,364.826625
1,338,365,364.956656
1,339,365,365.179567
1,340,365,365.377709
1,341,366,365.486068
1,342,366,365.616099
1,343,366,365.761610
1,344,366,365.798762
1,345,366,365.845201
1,346,366,365.894737
1,347,365,365.882353
1,348,365,365.808050
1,349,366,365.671827
1,350,366,365.591331
1,351,366,365.507740
1,352,366,365.427245
1,353,365,365.356037
1,354,365,365.235294
1,355,365,365.182663
1,356,365,365.080495
1,357,365,364.987616
1,358,365,365.080495
1,359,365,365.182663
1,360,365,365.235294
1,361,365,365.356037
1,362,366,365.492260
1,363,366,365.591331
1,364,366,365.653251
1,365,366,365.678019
1,366,365,365.665635
1,367,365,365.616099
1,368,366,365.529412
1,369,366,365.340557
1,370,365,365.160991
1,371,365,365.102167
1,372,365,365.099071
1,373,365,365.151703
1,374,365,365.260062
1,375,365,365.306502
1,376,365,365.349845
1,377,366,365.566563
1,378,366,365.780186
1,379,366,365.879257
1,380,366,365.928793
1,381,366,365.993808
1,382,366,365.962848
1,383,366,365.842105
1,384,366,365.637771
1,385,365,365.291022
1,386,365,365.037152
1,387,365,364.817337
1,388,365,364.637771
1,389,364,364.504644
1,390,364,364.359133
1,391,364,364.318885
1,392,364,364.383901
1,393,365,364.554180
1,394,365,364.712074
1,395,365,364.916409
1,396,365,365.160991
1,397,365,365.439628
1,398,366,365.693498
1,399,366,365.863777
1,400,366,365.944272
1,401,366,365.928793
1,402,366,365.928793
1,403,366,365.879257
1,404,366,365.715170
1,405,366,365.613003
1,406,365,365.455108
1,407,365,365.294118
1,408,365,365.182663
1,409,365,365.120743
1,410,365,365.108359
1,411,365,365.145511
1,412,366,365.232198
1,413,365,365.368421
1,414,365,365.554180
1,415,366,365.671827
1,416,366,365.780186
1,417,366,365.938080
1,418,366,366.027864
1,419,366,366.049536
1,420,366,366.003096
1,421,366,366.006192
1,422,366,365.882353
1,423,366,365.631579
1,424,366,365.482972
1,425,365,365.371517
1,426,365,365.297214
1,427,365,365.195046
1,428,365,365.176471
1,429,365,365.300310
1,430,365,365.383901
1,431,366,365.538700
1,432,366,365.823529
1,433,366,366.120743
1,434,366,366.377709
1,435,367,366.541796
1,436,367,366.613003
1,437,366,366.591331
1,438,367,366.476780
1,439,367,366.269350
1,440,366,366.086687
1,441,366,365.869969
1,442,365,365.560372
1,443,365,365.275542
1,444,365,365.198142
1,445,365,365.157895
1,446,365,364.984520
1,447,365,364.978328
1,448,365,365.015480
1,449,365,365.095975
1,450,366,365.278638
1,451,366,365.504644
1,452,365,365.715170
1,453,365,365.904025
1,454,366,366.065015
1,455,366,366.256966
1,456,367,366.362229
1,457,367,366.380805
1,458,367,366.312693
1,459,366,366.275542
1,460,366,366.210526
1,461,366,365.941176
1,462,366,365.643963
1,463,365,365.430341
1,464,365,365.235294
1,465,365,365.176471
1,466,365,365.195046
1,467,365,365.297214
1,468,365,365.371517
1,469,366,365.482972
1,470,366,365.631579
1,471,366,365.817337
1,472,366,365.987616
1,473,366,366.089783
1,474,366,366.123839
1,475,366,366.089783
1,476,366,365.987616
1,477,366,365.817337
1,478,366,365.631579
1,479,366,365.482972
1,480,365,365.371517
1,481,365,365.297214
1,482,365,365.260062
1,483,365,365.260062
1,484,365,365.362229
1,485,365,365.455108
1,486,366,365.479876
1,487,366,365.554180
1,488,366,365.678019
1,489,366,365.733746
1,490,366,365.780186
1,491,366,365.876161
1,492,365,365.904025
1,493,365,365.798762
1,494,366,365.671827
1,495,366,365.699690
1,496,366,365.705882
1,497,366,365.566563
1,498,366,365.510836
1,499,365,365.597523
1,500,365,365.708978
1,501,366,365.662539
1,502,366,365.628483
1,503,365,365.777090
1,504,365,365.949948
1,505,367,366.126419
1,506,367,366.291538
1,507,366,366.430341
1,508,366,366.527864
1,509,367,366.569143
1,510,367,366.539216
1,511,366,366.423117
1,512,366,366.291022
1,513,366,366.027864
1,514,366,366.000000
1,515,366,365.972136
1,516,366,365.773994
1,517,366,365.588235
1,518,365,365.532508
1,519,365,365.547988
1,520,366,365.523220
1,521,366,365.523220
1,522,365,365.482972
1,523,365,365.513932
1,524,366,365.674923
1,525,366,365.848297
1,526,366,366.034056
1,527,366,366.114551
1,528,366,366.148607
1,529,366,366.247678
1,530,367,366.411765
1,531,367,366.411765
1,532,366,366.312693
1,533,366,366.232198
1,534,366,366.111455
1,535,366,365.891641
1,536,366,365.690402
1,537,366,365.507740
1,538,365,365.343653
1,539,365,365.315789
1,540,365,365.365325
1,541,365,365.315789
1,542,365,365.343653
1,543,366,365.442724
1,544,366,365.606811
1,545,366,365.959752
1,546,366,366.272446
1,547,366,366.433437
1,548,366,366.507740
1,549,367,366.495356
1,550,367,366.396285
1,551,367,366.210526
1,552,367,366.055728
1,553,365,365.808050
1,554,365,365.585139
1,555,365,365.386997
1,556,365,365.148607
1,557,365,364.981424
1,558,365,365.061920
1,559,365,365.213622
1,560,365,365.377709
1,561,366,365.671827
1,562,366,365.925697
1,563,366,366.145511
1,564,367,366.325077
1,565,367,366.458204
1,566,366,366.603715
1,567,366,366.643963
1,568,367,366.513932
1,569,367,366.325077
1,570,366,366.188854
1,571,366,366.040248
1,572,366,365.879257
1,573,366,365.823529
1,574,365,365.814241
1,575,365,365.674923
1,576,366,365.582043
1,577,366,365.712074
1,578,366,365.888545
1,579,366,365.934985
1,580,366,366.027864
1,581,366,366.226006
1,582,366,366.411765
1,583,367,366.467492
1,584,367,366.452012
1,585,366,366.541796
1,586,366,366.560372
1,587,367,366.513932
1,588,367,366.408669
1,589,366,366.250774
1,590,366,366.046440
1,591,366,365.736842
1,592,366,365.557276
1,593,365,365.448916
1,594,365,365.300310
1,595,365,365.111455
1,596,365,365.111455
1,597,365,365.235294
1,598,365,365.365325
1,599,366,365.560372
1,600,366,365.879257
1,601,366,366.204334
1,602,366,366.482972
1,603,367,366.662539
1,604,367,366.678019
1,605,367,366.640867
1,606,367,366.609907
1,607,367,366.467492
1,608,366,366.331269
1,609,366,366.142415
1,610,365,365.842105
1,611,365,365.547988
1,612,366,365.377709
1,613,366,365.337461
1,614,365,365.321981
1,615,365,365.213622
1,616,365,365.247678
1,617,365,365.306502
1,618,366,365.448916
1,619,366,365.551084
1,620,366,365.730650
1,621,365,365.981424
1,622,365,366.303406
1,623,367,366.467492
1,624,367,366.473684
1,625,367,366.433437
1,626,367,366.340557
1,627,367,366.306502
1,628,366,366.201238
1,629,366,366.136223
1,630,365,365.922601
1,631,365,365.724458
1,632,366,365.758514
1,633,366,365.888545
1,634,366,366.043344
1,635,366,366.328173
1,636,367,366.730650
1,637,367,367.120743
1,638,368,367.609907
1,639,368,367.950464
1,640,368,368.318885
1,641,368,368.591331
1,642,369,368.702786
1,643,369,368.653251
1,644,369,368.442724
1,645,369,368.188854
1,646,368,367.767802
1,647,368,367.414861
1,648,366,367.006192
1,649,366,366.659443
1,650,366,366.309598
1,651,366,366.185759
1,652,366,366.222910
1,653,366,366.421053
1,654,367,366.780186
1,655,367,367.247678
1,656,368,367.770898
1,657,368,368.179567
1,658,369,368.479876
1,659,369,368.795666
1,660,369,368.897833
1,661,369,368.792570
1,662,369,368.486068
1,663,368,367.972136
1,664,368,367.421053
1,665,367,366.950464
1,666,367,366.501548
1,667,365,366.068111
1,668,365,365.820433
1,669,365,365.758514
1,670,365,365.882353
1,671,367,366.191950
1,672,367,366.634675
1,673,367,367.157895
1,674,367,367.708978
1,675,369,368.235294
1,676,369,368.566563
1,677,369,368.708978
1,678,369,368.656347
1,679,369,368.402477
1,680,368,368.241486
1,681,368,367.938080
1,682,367,367.439628
1,683,367,366.869969
1,684,366,366.405573
1,685,366,366.046440
1,686,366,365.739938
1,687,366,365.609907
1,688,365,365.597523
1,689,365,365.702786
1,690,366,365.984520
1,691,366,366.318885
1,692,367,366.888545
1,693,367,367.405573
1,694,368,367.817337
1,695,368,368.123839
1,696,369,368.325077
1,697,369,368.303406
1,698,369,368.117647
1,699,369,367.879257
1,700,367,367.523220
1,701,366,367.102167
1,702,366,366.668731
1,703,366,366.275542
1,704,366,365.975232
1,705,366,365.885449
1,706,366,365.947368
1,707,366,366.102167
1,708,366,366.467492
1,709,367,366.808050
1,710,367,367.188854
1,711,368,367.544892
1,712,368,367.993808
1,713,368,368.300310
1,714,368,368.464396
1,715,369,368.551084
1,716,369,368.448916
1,717,369,368.164087
1,718,368,367.820433
1,719,368,367.365325
1,720,366,366.928793
1,721,366,366.464396
1,722,366,365.990712
1,723,365,365.461300
1,724,365,365.123839
1,725,365,364.931889
1,726,365,364.904025
1,727,365,364.941176
1,728,365,365.120743
1,729,365,365.219814
1,730,365,365.368421
1,731,366,365.631579
1,732,366,365.780186
1,733,366,365.879257
1,734,366,365.928793
1,735,366,365.928793
1,736,366,365.879257
1,737,366,365.780186
1,738,366,365.631579
1,739,365,365.433437
1,740,365,365.303406
1,741,365,365.182663
1,742,365,365.077399
1,743,365,364.993808
1,744,365,364.938080
1,745,365,364.916409
1,746,365,364.869969
1,747,365,364.916409
1,748,365,364.938080
1,749,365,364.993808
1,750,365,365.077399
1,751,365,365.182663
1,752,365,365.303406
1,753,365,365.498452
1,754,366,365.650155
1,755,366,365.758514
1,756,366,365.823529
1,757,366,365.845201
1,758,366,365.823529
1,759,366,365.758514
1,760,366,365.595975
1,761,365,365.420795
1,762,365,365.249226
1,763,365,365.097523
1,764,365,364.981940
1,765,365,364.918731
1,766,365,364.924149
1,767,365,365.014448
1,768,365,365.557276
1,769,366,365.792570
1,770,366,365.947368
1,771,367,366.080495
1,772,367,366.185759
1,773,366,366.321981
1,774,366,366.371517
1,775,366,366.334365
1,776,366,366.210526
1,777,366,366.000000
1,778,366,365.755418
1,779,366,365.529412
1,780,366,365.439628
1,781,365,365.427245
1,782,365,365.315789
1,783,365,365.281734
1,784,365,365.318885
1,785,365,365.421053
1,786,366,365.647059
1,787,366,365.879257
1,788,366,366.117647
1,789,366,366.362229
1,790,367,366.495356
1,791,367,366.575851
1,792,367,366.597523
1,793,367,366.554180
1,794,366,366.504644
1,795,366,366.448916
1,796,366,366.328173
1,797,366,366.148607
1,798,366,365.916409
1,799,366,365.690402
1,800,366,365.529412
1,801,366,365.439628
1,802,365,365.427245
1,803,365,365.315789
1,804,365,365.281734
1,805,365,365.383901
1,806,365,365.504644
1,807,366,365.643963
1,808,366,365.801858
1,809,366,366.043344
1,810,366,366.256966
1,811,367,366.331269
1,812,367,366.331269
1,813,366,366.256966
1,814,366,366.108359
1,815,366,365.885449
1,816,366,365.705882
1,817,365,365.445820
1,818,365,365.222910
1,819,365,365.037152
1,820,365,365.006192
1,821,365,365.071207
1,822,365,365.120743
1,823,365,365.219814
1,824,365,365.303406
1,825,366,365.482972
1,826,366,365.699690
1,827,366,365.894737
1,828,366,366.126935
1,829,366,366.278638
1,830,366,366.349845
1,831,366,366.340557
1,832,367,366.250774
1,833,367,366.080495
1,834,366,365.882353
1,835,366,365.708978
1,836,365,365.560372
1,837,365,365.436533
1,838,365,365.337461
1,839,365,365.328173
1,840,365,365.297214
1,841,365,365.303406
1,842,366,365.405573
1,843,366,365.492260
1,844,366,365.628483
1,845,366,365.761610
1,846,366,365.839009
1,847,365,365.795666
1,848,365,365.743034
1,849,366,365.739938
1,850,366,365.668731
1,851,366,365.647059
1,852,366,365.681115
1,853,365,365.665635
1,854,365,365.547988
1,855,366,365.452012
1,856,366,365.266254
1,857,365,365.055728
1,858,365,364.873065
1,859,365,364.770898
1,860,364,364.749226
1,861,364,364.808050
1,862,365,364.829721
1,863,365,364.873065
1,864,365,365.049536
1,865,365,365.294118
1,866,366,365.489164
1,867,366,365.693498
1,868,366,366.030960
1,869,366,366.154799
1,870,366,366.130031
1,871,366,366.074303
1,872,366,365.863777
1,873,366,365.616099
1,874,366,365.331269
1,875,366,365.126935
1,876,364,364.879257
1,877,364,364.705882
1,878,364,364.671827
1,879,364,364.665635
1,880,365,364.693498
1,881,365,364.696594
1,882,365,364.792570
1,883,365,365.046440
1,884,366,365.346749
1,885,366,365.464396
1,886,365,365.523220
1,887,365,365.582043
1,888,365,365.523220
1,889,366,365.399381
1,890,366,365.263158
1,891,365,365.179567
1,892,365,364.972136
1,893,365,364.876161
1,894,365,364.767802
1,895,364,364.647059
1,896,364,364.572755
1,897,365,364.538700
1,898,365,364.656347
1,899,364,364.860681
1,900,365,365.034056
1,901,365,365.235294
1,902,366,365.523220
1,903,366,365.780186
1,904,366,365.888545
1,905,366,365.907121
1,906,366,366.012384
1,907,366,366.027864
1,908,366,365.842105
1,909,366,365.637771
1,910,365,365.291022
1,911,365,365.037152
1,912,365,364.817337
1,913,365,364.637771
1,914,364,364.439628
1,915,364,364.340557
1,916,364,364.340557
1,917,364,364.439628
1,918,365,364.637771
1,919,365,364.817337
1,920,365,365.037152
1,921,365,365.291022
1,922,366,365.637771
1,923,366,365.842105
1,924,366,365.897833
1,925,366,365.910217
1,926,366,365.801858
1,927,366,365.789474
1,928,366,365.730650
1,929,366,365.724458
1,930,365,365.752322
1,931,365,365.913313
1,932,366,366.130031
1,933,366,366.325077
1,934,367,366.597523
1,935,367,366.993808
1,936,368,367.383901
1,937,368,367.820433
1,938,368,368.179567
1,939,368,368.337461
1,940,368,368.346749
1,941,369,368.377709
1,942,369,368.247678
1,943,368,368.074303
1,944,368,367.798762
1,945,367,367.479876
1,946,367,367.176471
1,947,367,366.894737
1,948,367,366.640867
1,949,366,366.356037
1,950,366,366.210526
1,951,366,366.256966
1,952,366,366.377709
1,953,367,366.631579
1,954,367,366.894737
1,955,367,367.219814
1,956,367,367.724458
1,957,368,368.173375
1,958,369,368.448916
1,959,369,368.609907
1,960,369,368.715170
1,961,369,368.647059
1,962,369,368.458204
1,963,369,368.201238
1,964,367,367.876161
1,965,367,367.417957
1,966,367,367.055728
1,967,367,366.777090
1,968,366,366.634675
1,969,366,366.628483
1,970,367,366.758514
1,971,367,366.959752
1,972,367,367.343653
1,973,368,367.798762
1,974,368,368.213622
1,975,369,368.647059
1,976,369,368.981424
1,977,369,369.164087
1,978,369,369.142415
1,979,370,369.034056
1,980,370,368.780186
1,981,368,368.321981
1,982,368,367.894737
1,983,367,367.439628
1,984,367,367.015480
1,985,366,366.681115
1,986,366,366.377709
1,987,366,366.222910
1,988,366,366.334365
1,989,367,366.653251
1,990,367,366.950464
1,991,367,367.349845
1,992,368,367.792570
1,993,368,368.219814
1,994,369,368.572755
1,995,369,368.792570
1,996,369,368.938080
1,997,369,368.891641
1,998,369,368.770898
1,999,369,368.517028
1,1000,368,368.136223
1,1001,368,367.752322
1,1002,367,367.182663
1,1003,367,366.780186
1,1004,366,366.421053
1,1005,366,366.222910
1,1006,366,366.185759
1,1007,366,366.309598
1,1008,366,366.594427
1,1009,366,366.922601
1,1010,368,367.417957
1,1011,368,367.910217
1,1012,369,368.346749
1,1013,369,368.609907
1,1014,369,368.758514
1,1015,369,368.851393
1,1016,369,368.713364
1,1017,369,368.487874
1,1018,368,368.187822
1,1019,367,367.826109
1,1020,367,367.415635
1,1021,367,366.969298
1,1022,367,366.500000
1,1023,366,366.020640
1,1024,366,367.207430
1,1025,368,367.405573
1,1026,368,367.755418
1,1027,369,368.263158
1,1028,369,368.705882
1,1029,369,369.030960
1,1030,369,369.303406
1,1031,369,369.411765
1,1032,369,369.244582
1,1033,370,368.866873
1,1034,370,368.513932
1,1035,368,368.068111
1,1036,367,367.659443
1,1037,367,367.241486
1,1038,366,366.767802
1,1039,366,366.368421
1,1040,366,365.990712
1,1041,366,365.758514
1,1042,366,365.795666
1,1043,366,366.049536
1,1044,366,366.167183
1,1045,366,366.383901
1,1046,367,366.811146
1,1047,367,367.331269
1,1048,368,367.767802
1,1049,368,368.179567
1,1050,368,368.448916
1,1051,368,368.575851
1,1052,370,368.560372
1,1053,370,368.337461
1,1054,369,368.018576
1,1055,367,367.715170
1,1056,367,367.362229
1,1057,366,367.012384
1,1058,366,366.718266
1,1059,366,366.414861
1,1060,366,366.213622
1,1061,367,366.343653
1,1062,367,366.681115
1,1063,367,367.114551
1,1064,367,367.473684
1,1065,368,368.006192
1,1066,368,368.359133
1,1067,369,368.656347
1,1068,369,368.780186
1,1069,369,368.665635
1,1070,369,368.541796
1,1071,369,368.408669
1,1072,369,368.154799
1,1073,367,367.786378
1,1074,367,367.362229
1,1075,366,366.941176
1,1076,366,366.582043
1,1077,367,366.343653
1,1078,367,366.232198
1,1079,366,366.253870
1,1080,366,366.349845
1,1081,366,366.637771
1,1082,367,366.817337
1,1083,367,367.117647
1,1084,368,367.597523
1,1085,368,367.962848
1,1086,368,368.325077
1,1087,368,368.619195
1,1088,369,368.727554
1,1089,369,368.708978
1,1090,370,368.622291
1,1091,370,368.467492
1,1092,367,368.120743
1,1093,367,367.752322
1,1094,367,367.414861
1,1095,367,366.978328
1,1096,367,366.665635
1,1097,367,366.582043
1,1098,366,366.656347
1,1099,366,367.065015
1,1100,367,367.631579
1,1101,368,368.074303
1,1102,368,368.464396
1,1103,370,368.860681
1,1104,370,369.145511
1,1105,370,369.318885
1,1106,370,369.380805
1,1107,369,369.278638
1,1108,369,368.959752
1,1109,368,368.541796
1,1110,368,368.083591
1,1111,367,367.467492
1,1112,367,367.052632
1,1113,367,366.662539
1,1114,367,366.362229
1,1115,366,366.275542
1,1116,366,366.291022
1,1117,366,366.473684
1,1118,366,366.705882
1,1119,367,367.046440
1,1120,367,367.371517
1,1121,368,367.928793
1,1122,369,368.371517
1,1123,369,368.705882
1,1124,369,368.820433
1,1125,369,368.780186
1,1126,369,368.585139
1,1127,369,368.235294
1,1128,369,367.783282
1,1129,366,367.281734
1,1130,366,366.783282
1,1131,366,366.458204
1,1132,366,366.182663
1,1133,366,366.074303
1,1134,366,366.068111
1,1135,366,366.275542
1,1136,367,366.820433
1,1137,367,367.473684
1,1138,368,367.953560
1,1139,368,368.331269
1,1140,369,368.600619
1,1141,369,368.755418
1,1142,370,368.789474
1,1143,370,368.696594
1,1144,368,368.535604
1,1145,368,368.241486
1,1146,367,367.866873
1,1147,367,367.464396
1,1148,367,367.086687
1,1149,367,366.786378
1,1150,367,366.616099
1,1151,367,366.693498
1,1152,366,366.959752
1,1153,367,367.185759
1,1154,367,367.495356
1,1155,368,367.829721
1,1156,368,368.130031
1,1157,369,368.390093
1,1158,369,368.603715
1,1159,369,368.829721
1,1160,369,368.950464
1,1161,369,368.913313
1,1162,369,368.783282
1,1163,368,368.436533
1,1164,368,368.108359
1,1165,368,367.739938
1,1166,368,367.390093
1,1167,367,367.117647
1,1168,367,366.863777
1,1169,366,366.746130
1,1170,366,366.764706
1,1171,367,366.919505
1,1172,367,367.027864
1,1173,367,367.260062
1,1174,368,367.733746
1,1175,368,368.213622
1,1176,369,368.582043
1,1177,369,368.897833
1,1178,369,369.167183
1,1179,369,369.219814
1,1180,370,369.173375
1,1181,370,368.969040
1,1182,368,368.482972
1,1183,368,368.061920
1,1184,368,367.640867
1,1185,368,367.337461
1,1186,366,367.027864
1,1187,366,366.829721
1,1188,366,366.743034
1,1189,366,366.820433
1,1190,368,367.114551
1,1191,368,367.455108
1,1192,368,367.848297
1,1193,368,368.352941
1,1194,369,368.851393
1,1195,369,369.108359
1,1196,369,369.241486
1,1197,370,369.368421
1,1198,370,369.253870
1,1199,369,369.133127
1,1200,369,368.888545
1,1201,368,368.467492
1,1202,368,367.993808
1,1203,368,367.526316
1,1204,368,367.123839
1,1205,366,366.727554
1,1206,366,366.572755
1,1207,366,366.600619
1,1208,366,366.699690
1,1209,367,366.934985
1,1210,367,367.188854
1,1211,368,367.520124
1,1212,368,367.987616
1,1213,369,368.473684
1,1214,369,368.808050
1,1215,369,368.996904
1,1216,369,369.099071
1,1217,369,368.996904
1,1218,369,368.808050
1,1219,369,368.473684
1,1220,368,368.052632
1,1221,368,367.603715
1,1222,367,367.185759
1,1223,367,366.857585
1,1224,366,366.560372
1,1225,366,366.411765
1,1226,366,366.411765
1,1227,366,366.560372
1,1228,367,366.857585
1,1229,367,367.185759
1,1230,368,367.603715
1,1231,368,368.052632
1,1232,369,368.473684
1,1233,369,368.808050
1,1234,369,368.996904
1,1235,369,369.099071
1,1236,369,368.996904
1,1237,369,368.808050
1,1238,369,368.473684
1,1239,368,368.117647
1,1240,368,367.687307
1,1241,367,367.182663
1,1242,367,366.780186
1,1243,366,366.421053
1,1244,366,366.222910
1,1245,366,366.185759
1,1246,366,366.309598
1,1247,366,366.594427
1,1248,366,366.922601
1,1249,368,367.352941
1,1250,368,367.761610
1,1251,369,368.331269
1,1252,369,368.708978
1,1253,369,369.018576
1,1254,369,369.077399
1,1255,369,368.996904
1,1256,369,368.705882
1,1257,369,368.309598
1,1258,369,368.030960
1,1259,367,367.739938
1,1260,367,367.489164
1,1261,366,367.331269
1,1262,367,367.266254
1,1263,367,367.294118
1,1264,368,367.349845
1,1265,368,367.544892
1,1266,368,367.938080
1,1267,368,368.411765
1,1268,369,368.730650
1,1269,369,369.012384
1,1270,369,369.256966
1,1271,369,369.405573
1,1272,370,369.517028
1,1273,370,369.538184
1,1274,369,369.451754
1,1275,369,369.240454
1,1276,369,368.886997
1,1277,369,368.374097
1,1278,367,367.684469
1,1279,367,366.800826
1,1280,367,366.888545
1,1281,367,366.606811
1,1282,366,366.513932
1,1283,366,366.433437
1,1284,366,366.541796
1,1285,367,366.897833
1,1286,367,367.383901
1,1287,368,367.829721
1,1288,368,368.241486
1,1289,369,368.678019
1,1290,369,369.021672
1,1291,370,369.154799
1,1292,370,369.136223
1,1293,369,368.959752
1,1294,369,368.736842
1,1295,368,368.337461
1,1296,368,367.990712
1,1297,367,367.631579
1,1298,367,367.312693
1,1299,367,367.086687
1,1300,367,367.006192
1,1301,367,367.123839
1,1302,367,367.321981
1,1303,368,367.659443
1,1304,368,368.012384
1,1305,368,368.433437
1,1306,369,368.922601
1,1307,369,369.303406
1,1308,370,369.569659
1,1309,370,369.715170
1,1310,370,369.798762
1,1311,370,369.702786
1,1312,370,369.609907
1,1313,370,369.349845
1,1314,368,368.869969
1,1315,368,368.411765
1,1316,368,367.857585
1,1317,368,367.448916
1,1318,367,367.068111
1,1319,367,366.773994
1,1320,366,366.684211
1,1321,366,366.863777
1,1322,367,367.201238
1,1323,367,367.467492
1,1324,368,367.786378
1,1325,368,368.151703
1,1326,369,368.752322
1,1327,370,369.130031
1,1328,370,369.356037
1,1329,369,369.318885
1,1330,369,369.083591
1,1331,369,368.767802
1,1332,369,368.312693
1,1333,369,367.777090
1,1334,366,367.219814
1,1335,366,366.699690
1,1336,366,366.393189
1,1337,366,366.182663
1,1338,366,366.074303
1,1339,366,366.133127
1,1340,366,366.359133
1,1341,367,366.687307
1,1342,367,367.229102
1,1343,368,367.755418
1,1344,368,368.213622
1,1345,369,368.721362
1,1346,369,369.043344
1,1347,369,369.244582
1,1348,369,369.148607
1,1349,370,368.873065
1,1350,370,368.535604
1,1351,368,368.077399
1,1352,368,367.622291
1,1353,366,367.117647
1,1354,366,366.563467
1,1355,365,366.136223
1,1356,366,365.842105
1,1357,366,365.687307
1,1358,366,365.665635
1,1359,366,365.947368
1,1360,366,366.297214
1,1361,366,366.832817
1,1362,368,367.306502
1,1363,368,367.823529
1,1364,368,368.306502
1,1365,368,368.795666
1,1366,370,369.402477
1,1367,370,369.773994
1,1368,370,369.910217
1,1369,370,369.811146
1,1370,370,369.476780
1,1371,370,369.077399
1,1372,369,368.606811
1,1373,369,368.006192
1,1374,366,367.393189
1,1375,366,366.938080
1,1376,366,366.634675
1,1377,366,366.424149
1,1378,366,366.424149
1,1379,367,366.699690
1,1380,367,367.139319
1,1381,368,367.631579
1,1382,368,368.241486
1,1383,369,368.681115
1,1384,369,369.015480
1,1385,370,369.362229
1,1386,370,369.486068
1,1387,369,369.386997
1,1388,369,369.247678
1,1389,369,368.897833
1,1390,369,368.402477
1,1391,368,367.826625
1,1392,368,367.170279
1,1393,366,366.609907
1,1394,366,366.204334
1,1395,366,366.012384
1,1396,365,365.857585
1,1397,365,365.916409
1,1398,366,366.182663
1,1399,366,366.650155
1,1400,368,367.195046
1,1401,368,367.869969
1,1402,369,368.492260
1,1403,369,369.055728
1,1404,370,369.736842
1,1405,370,370.065015
1,1406,370,370.099071
1,1407,370,369.950464
1,1408,370,369.554180
1,1409,370,369.145511
1,1410,369,368.606811
1,1411,369,368.068111
1,1412,366,367.417957
1,1413,366,366.904025
1,1414,366,366.349845
1,1415,366,365.996904
1,1416,366,365.786378
1,1417,366,365.835913
1,1418,366,366.145511
1,1419,366,366.727554
1,1420,367,367.417957
1,1421,367,367.934985
1,1422,369,368.349845
1,1423,369,368.721362
1,1424,370,368.931889
1,1425,370,368.981424
1,1426,370,368.869969
1,1427,368,368.597523
1,1428,368,368.164087
1,1429,367,367.622291
1,1430,367,367.024768
1,1431,366,366.541796
1,1432,366,366.167183
1,1433,366,365.959752
1,1434,366,365.978328
1,1435,366,366.164087
1,1436,366,366.399381
1,1437,367,366.801858
1,1438,367,367.371517
1,1439,368,367.931889
1,1440,368,368.424149
1,1441,369,368.789474
1,1442,369,369.086687
1,1443,370,369.198142
1,1444,370,369.123839
1,1445,370,368.863777
1,1446,368,368.470588
1,1447,368,367.996904
1,1448,367,367.560372
1,1449,367,367.102167
1,1450,366,366.681115
1,1451,366,366.356037
1,1452,366,366.185759
1,1453,366,366.229102
1,1454,367,366.427245
1,1455,367,366.727554
1,1456,367,367.136223
1,1457,367,367.529412
1,1458,368,367.959752
1,1459,368,368.362229
1,1460,369,368.671827
1,1461,369,369.006192
1,1462,370,369.130031
1,1463,369,369.160991
1,1464,369,369.040248
1,1465,369,368.708978
1,1466,369,368.284830
1,1467,368,367.885449
1,1468,368,367.452012
1,1469,366,366.978328
1,1470,366,366.634675
1,1471,366,366.473684
1,1472,366,366.430341
1,1473,367,366.563467
1,1474,367,366.931889
1,1475,367,367.417957
1,1476,367,367.969040
1,1477,369,368.532508
1,1478,369,369.003096
1,1479,370,369.275542
1,1480,370,369.349845
1,1481,370,369.226006
1,1482,369,369.021672
1,1483,369,368.678019
1,1484,368,368.201238
1,1485,368,367.597523
1,1486,366,366.978328
1,1487,366,366.455108
1,1488,366,366.151703
1,1489,366,366.015480
1,1490,366,365.928793
1,1491,366,366.009288
1,1492,366,366.315789
1,1493,366,366.789474
1,1494,368,367.371517
1,1495,368,367.820433
1,1496,368,368.247678
1,1497,368,368.764706
1,1498,370,369.130031
1,1499,370,369.402477
1,1500,370,369.464396
1,1501,369,369.315789
1,1502,369,368.956656
1,1503,369,368.557276
1,1504,369,368.111455
1,1505,367,367.560372
1,1506,367,367.021672
1,1507,366,366.600619
1,1508,366,366.402477
1,1509,366,366.492260
1,1510,366,366.640867
1,1511,367,366.848297
1,1512,367,367.226006
1,1513,368,367.832817
1,1514,368,368.380805
1,1515,370,368.876161
1,1516,370,369.260062
1,1517,369,369.473684
1,1518,369,369.640867
1,1519,370,369.532508
1,1520,370,369.207430
1,1521,369,368.724458
1,1522,368,368.272446
1,1523,368,367.687307
1,1524,367,367.157895
1,1525,367,366.696594
1,1526,365,366.210526
1,1527,365,365.783282
1,1528,366,365.552890
1,1529,366,365.405573
1,1530,365,365.342621
1,1531,365,365.365325
1,1532,366,365.474974
1,1533,366,365.672859
1,1534,366,365.960268
1,1535,366,366.338493
1,1536,366,365.300310
1,1537,366,365.133127
1,1538,366,365.173375
1,1539,364,365.179567
1,1540,364,365.204334
1,1541,364,365.352941
1,1542,365,365.554180
1,1543,365,365.801858
1,1544,368,366.089783
1,1545,368,366.411765
1,1546,367,366.761610
1,1547,367,367.133127
1,1548,367,367.284830
1,1549,367,367.328173
1,1550,367,367.244582
1,1551,367,367.133127
1,1552,367,366.916409
1,1553,367,366.934985
1,1554,367,367.000000
1,1555,367,367.000000
1,1556,367,367.000000
1,1557,367,367.065015
1,1558,367,367.083591
1,1559,367,367.061920
1,1560,367,367.006192
1,1561,367,366.922601
1,1562,367,366.882353
1,1563,367,366.780186
1,1564,367,366.628483
1,1565,366,366.439628
1,1566,366,366.226006
1,1567,366,366.000000
1,1568,366,365.773994
1,1569,366,365.560372
1,1570,365,365.436533
1,1571,365,365.303406
1,1572,365,365.114551
1,1573,365,365.000000
1,1574,365,364.854489
1,1575,365,364.749226
1,1576,365,364.690402
1,1577,365,364.684211
1,1578,364,364.671827
1,1579,364,364.653251
1,1580,365,364.752322
1,1581,365,364.837977
1,1582,365,364.939112
1,1583,365,365.050568
1,1584,365,365.167183
1,1585,365,365.283798
1,1586,366,365.395253
1,1587,366,365.496388
1,1588,365,365.582043
2,0,365,365.377709
2,1,365,365.287926
2,2,365,365.241486
2,3,365,365.238390
2,4,366,365.278638
2,5,366,365.362229
2,6,365,365.489164
2,7,365,365.724458
2,8,366,365.839009
2,9,366,365.832817
2,10,366,365.817337
2,11,366,365.851393
2,12,366,365.817337
2,13,366,365.702786
2,14,366,365.671827
2,15,365,365.730650
2,16,365,365.708978
2,17,366,365.659443
2,18,366,365.634675
2,19,365,365.634675
2,20,365,365.659443
2,21,367,365.643963
2,22,367,365.699690
2,23,365,365.755418
2,24,365,365.798762
2,25,366,365.811146
2,26,366,366.003096
2,27,366,366.291022
2,28,366,366.538700
2,29,367,366.721362
2,30,367,367.160991
2,31,368,367.708978
2,32,368,368.176471
2,33,369,368.551084
2,34,369,368.925697
2,35,369,369.216718
2,36,369,369.470588
2,37,370,369.557276
2,38,370,369.647059
2,39,370,369.557276
2,40,369,369.405573
2,41,369,369.198142
2,42,369,368.947368
2,43,369,368.606811
2,44,368,368.195046
2,45,368,367.730650
2,46,367,367.349845
2,47,367,367.012384
2,48,367,366.743034
2,49,366,366.448916
2,50,366,366.148607
2,51,366,365.972136
2,52,366,365.866873
2,53,366,365.839009
2,54,366,365.888545
2,55,366,366.009288
2,56,366,366.188854
2,57,366,366.526316
2,58,367,366.885449
2,59,367,367.306502
2,60,368,367.829721
2,61,368,368.448916
2,62,369,368.922601
2,63,369,369.244582
2,64,370,369.408669
2,65,370,369.538700
2,66,370,369.405573
2,67,370,369.068111
2,68,369,368.585139
2,69,367,367.950464
2,70,367,367.334365
2,71,367,366.724458
2,72,367,366.284830
2,73,365,366.126935
2,74,365,366.185759
2,75,366,366.526316
2,76,366,367.037152
2,77,368,367.671827
2,78,368,368.148607
2,79,370,368.656347
2,80,370,369.077399
2,81,370,369.476780
2,82,370,369.507740
2,83,369,369.294118
2,84,369,368.947368
2,85,368,368.402477
2,86,368,367.894737
2,87,367,367.306502
2,88,367,366.755418
2,89,366,366.359133
2,90,366,366.065015
2,91,366,365.996904
2,92,366,366.043344
2,93,366,366.269350
2,94,366,366.557276
2,95,366,366.965944
2,96,368,367.371517
2,97,368,367.826625
2,98,369,368.266254
2,99,369,368.625387
2,100,369,368.956656
2,101,369,369.201238
2,102,369,369.241486
2,103,369,369.077399
2,104,369,368.708978
2,105,369,368.306502
2,106,368,367.863777
2,107,368,367.439628
2,108,367,367.092879
2,109,366,366.764706
2,110,366,366.572755
2,111,366,366.517028
2,112,366,366.597523
2,113,367,366.814241
2,114,367,367.167183
2,115,368,367.538700
2,116,368,367.987616
2,117,369,368.520124
2,118,369,368.848297
2,119,369,369.095975
2,120,369,369.145511
2,121,369,369.061920
2,122,369,368.851393
2,123,369,368.396285
2,124,369,367.938080
2,125,367,367.359133
2,126,367,366.900929
2,127,366,366.445820
2,128,366,366.052632
2,129,365,365.839009
2,130,365,365.804954
2,131,366,365.950464
2,132,366,366.275542
2,133,367,366.780186
2,134,367,367.294118
2,135,368,367.823529
2,136,369,368.309598
2,137,369,368.693498
2,138,369,368.916409
2,139,369,368.919505
2,140,369,368.879257
2,141,369,368.619195
2,142,368,368.198142
2,143,368,367.674923
2,144,367,367.173375
2,145,367,366.563467
2,146,366,366.133127
2,147,366,365.882353
2,148,365,365.811146
2,149,365,365.854489
2,150,366,366.123839
2,151,366,366.560372
2,152,366,367.105263
2,153,369,367.699690
2,154,369,368.284830
2,155,369,368.801858
2,156,369,369.191950
2,157,370,369.461300
2,158,370,369.439628
2,159,369,369.244582
2,160,369,368.817337
2,161,368,368.099071
2,162,368,367.560372
2,163,367,366.959752
2,164,367,366.427245
2,165,365,365.910217
2,166,365,365.650155
2,167,365,365.464396
2,168,365,365.470588
2,169,366,365.727554
2,170,366,366.176471
2,171,367,366.758514
2,172,367,367.414861
2,173,368,368.086687
2,174,368,368.532508
2,175,370,368.863777
2,176,370,369.191950
2,177,370,369.275542
2,178,369,369.226006
2,179,369,368.978328
2,180,368,368.650155
2,181,368,368.182663
2,182,368,367.634675
2,183,368,367.065015
2,184,366,366.585139
2,185,366,366.306502
2,186,366,366.235294
2,187,366,366.195046
2,188,366,366.362229
2,189,366,366.678019
2,190,367,367.083591
2,191,367,367.637771
2,192,369,368.222910
2,193,369,368.668731
2,194,369,368.981424
2,195,370,369.219814
2,196,370,369.266254
2,197,369,369.185759
2,198,369,368.866873
2,199,368,368.368421
2,200,368,367.749226
2,201,367,367.185759
2,202,367,366.678019
2,203,366,366.108359
2,204,366,365.829721
2,205,365,365.718266
2,206,365,365.773994
2,207,366,366.055728
2,208,366,366.439628
2,209,367,366.978328
2,210,367,367.671827
2,211,369,368.343653
2,212,369,369.000000
2,213,370,369.470588
2,214,370,369.702786
2,215,370,369.643963
2,216,370,369.346749
2,217,370,368.863777
2,218,368,368.247678
2,219,368,367.551084
2,220,366,367.009288
2,221,366,366.504644
2,222,365,365.972136
2,223,365,365.699690
2,224,366,365.752322
2,225,366,366.018576
2,226,367,366.569659
2,227,367,367.130031
2,228,367,367.718266
2,229,367,368.105263
2,230,370,368.414861
2,231,370,368.588235
2,232,369,368.566563
2,233,369,368.461300
2,234,368,368.207430
2,235,367,367.922601
2,236,367,367.547988
2,237,367,366.959752
2,238,367,366.386997
2,239,366,366.046440
2,240,366,365.978328
2,241,366,366.130031
2,242,366,366.448916
2,243,366,366.752322
2,244,366,367.092879
2,245,368,367.517028
2,246,368,368.071207
2,247,370,368.820433
2,248,370,369.406089
2,249,369,369.862487
2,250,369,370.133643
2,251,370,370.163571
2,252,370,369.896285
2,253,370,369.275800
2,254,369,368.246130
2,255,366,366.751290
2,256,366,366.715170
2,257,366,366.232198
2,258,366,365.746130
2,259,365,365.439628
2,260,365,365.430341
2,261,365,365.659443
2,262,366,366.133127
2,263,366,366.739938
2,264,368,367.256966
2,265,368,367.749226
2,266,369,368.334365
2,267,369,368.777090
2,268,369,368.959752
2,269,369,368.941176
2,270,369,368.715170
2,271,369,368.393189
2,272,368,367.910217
2,273,368,367.501548
2,274,366,366.984520
2,275,366,366.600619
2,276,366,366.232198
2,277,366,366.003096
2,278,366,365.919505
2,279,366,365.857585
2,280,366,366.046440
2,281,366,366.362229
2,282,367,366.857585
2,283,367,367.349845
2,284,368,367.832817
2,285,368,368.417957
2,286,368,368.863777
2,287,370,369.229102
2,288,370,369.396285
2,289,370,369.430341
2,290,370,369.219814
2,291,369,368.823529
2,292,369,368.300310
2,293,367,367.643963
2,294,367,367.024768
2,295,366,366.312693
2,296,366,365.965944
2,297,365,365.919505
2,298,365,366.061920
2,299,366,366.399381
2,300,366,366.885449
2,301,368,367.473684
2,302,368,368.000000
2,303,370,368.476780
2,304,370,368.851393
2,305,369,369.071207
2,306,369,369.018576
2,307,369,368.752322
2,308,368,368.383901
2,309,368,367.848297
2,310,367,367.315789
2,311,367,366.780186
2,312,366,366.417957
2,313,366,366.229102
2,314,366,366.043344
2,315,366,366.043344
2,316,366,366.229102
2,317,366,366.482972
2,318,367,366.798762
2,319,367,367.164087
2,320,368,367.625387
2,321,368,368.046440
2,322,369,368.597523
2,323,369,369.030960
2,324,369,369.399381
2,325,369,369.643963
2,326,370,369.647059
2,327,370,369.526316
2,328,370,369.222910
2,329,370,368.795666
2,330,368,368.303406
2,331,368,367.739938
2,332,367,367.275542
2,333,366,366.845201
2,334,366,366.560372
2,335,366,366.532508
2,336,366,366.696594
2,337,367,367.052632
2,338,367,367.600619
2,339,369,368.235294
2,340,369,368.851393
2,341,370,369.396285
2,342,370,369.699690
2,343,370,369.820433
2,344,370,369.817337
2,345,370,369.572755
2,346,370,369.139319
2,347,368,368.569659
2,348,368,368.034056
2,349,367,367.526316
2,350,367,367.105263
2,351,367,366.829721
2,352,366,366.705882
2,353,366,366.739938
2,354,367,366.938080
2,355,367,367.306502
2,356,368,367.616099
2,357,368,367.990712
2,358,369,368.306502
2,359,369,368.616099
2,360,369,369.037152
2,361,369,369.216718
2,362,369,369.213622
2,363,369,369.139319
2,364,369,368.993808
2,365,369,368.783282
2,366,369,368.455108
2,367,369,368.074303
2,368,367,367.705882
2,369,367,367.232198
2,370,367,366.888545
2,371,367,366.609907
2,372,366,366.507740
2,373,366,366.640867
2,374,366,366.891641
2,375,367,367.325077
2,376,367,367.829721
2,377,369,368.176471
2,378,369,368.489164
2,379,370,368.826625
2,380,370,369.136223
2,381,369,369.188854
2,382,369,369.114551
2,383,368,368.801858
2,384,368,368.309598
2,385,368,367.696594
2,386,368,367.139319
2,387,367,366.637771
2,388,366,366.256966
2,389,366,366.061920
2,390,365,365.882353
2,391,365,365.900929
2,392,366,365.934985
2,393,366,366.154799
2,394,367,366.613003
2,395,367,367.185759
2,396,368,367.814241
2,397,368,368.321981
2,398,369,368.826625
2,399,369,369.086687
2,400,370,369.154799
2,401,370,369.136223
2,402,369,369.024768
2,403,369,368.755418
2,404,368,368.380805
2,405,368,367.953560
2,406,367,367.526316
2,407,367,367.151703
2,408,367,366.882353
2,409,367,366.770898
2,410,366,366.869969
2,411,367,367.061920
2,412,367,367.405573
2,413,368,367.842105
2,414,368,368.312693
2,415,369,368.628483
2,416,369,368.953560
2,417,370,369.399381
2,418,370,369.724458
2,419,370,369.869969
2,420,370,369.894737
2,421,369,369.798762
2,422,369,369.588235
2,423,370,369.145511
2,424,370,368.712074
2,425,368,368.235294
2,426,368,367.845201
2,427,367,367.430341
2,428,367,367.120743
2,429,366,366.798762
2,430,366,366.582043
2,431,367,366.529412
2,432,367,366.752322
2,433,367,367.250774
2,434,367,367.743034
2,435,368,368.241486
2,436,368,368.628483
2,437,370,368.962848
2,438,370,369.250774
2,439,370,369.321981
2,440,370,369.294118
2,441,369,369.108359
2,442,368,368.705882
2,443,368,368.204334
2,444,368,367.721362
2,445,368,367.198142
2,446,366,366.746130
2,447,366,366.476780
2,448,366,366.331269
2,449,366,366.427245
2,450,367,366.647059
2,451,367,366.996904
2,452,367,367.417957
2,453,367,368.099071
2,454,369,368.699690
2,455,369,368.996904
2,456,370,369.120743
2,457,370,369.071207
2,458,370,368.848297
2,459,369,368.569659
2,460,369,368.111455
2,461,366,367.526316
2,462,366,366.925697
2,463,366,366.473684
2,464,366,366.157895
2,465,366,366.030960
2,466,366,366.145511
2,467,366,366.501548
2,468,367,366.981424
2,469,368,367.643963
2,470,368,368.130031
2,471,369,368.804954
2,472,369,369.309598
2,473,370,369.702786
2,474,370,369.866873
2,475,370,369.801858
2,476,370,369.507740
2,477,370,369.102167
2,478,370,368.643963
2,479,367,368.015480
2,480,367,367.458204
2,481,366,366.854489
2,482,366,366.315789
2,483,366,366.012384
2,484,366,366.009288
2,485,366,366.195046
2,486,366,366.510836
2,487,367,367.074303
2,488,367,367.597523
2,489,368,368.145511
2,490,370,368.588235
2,491,370,368.972136
2,492,369,369.408669
2,493,369,369.656347
2,494,370,369.773994
2,495,370,369.643963
2,496,369,369.383901
2,497,369,368.934985
2,498,369,368.356037
2,499,369,367.941176
2,500,367,367.513932
2,501,367,367.086687
2,502,366,366.665635
2,503,366,366.421053
2,504,366,366.299794
2,505,366,366.313725
2,506,367,366.481166
2,507,367,366.820433
2,508,368,367.349845
2,509,368,368.087719
2,510,369,369.052374
2,511,370,370.262126
2,512,370,369.321981
2,513,370,369.321981
2,514,370,369.151703
2,515,368,368.922601
2,516,368,368.569659
2,517,368,368.145511
2,518,368,367.702786
2,519,367,367.294118
2,520,367,367.089783
2,521,367,367.030960
2,522,367,367.123839
2,523,367,367.309598
2,524,367,367.470588
2,525,368,367.724458
2,526,368,368.123839
2,527,369,368.544892
2,528,369,368.863777
2,529,369,369.133127
2,530,369,369.470588
2,531,370,369.640867
2,532,370,369.643963
2,533,370,369.479876
2,534,369,369.266254
2,535,369,368.944272
2,536,369,368.572755
2,537,369,368.210526
2,538,367,367.798762
2,539,367,367.455108
2,540,367,367.232198
2,541,367,367.182663
2,542,367,367.371517
2,543,367,367.569659
2,544,368,367.907121
2,545,368,368.337461
2,546,369,368.755418
2,547,369,368.938080
2,548,370,369.015480
2,549,370,368.987616
2,550,369,368.854489
2,551,369,368.616099
2,552,368,368.272446
2,553,367,367.876161
2,554,367,367.479876
2,555,367,367.136223
2,556,367,366.897833
2,557,367,366.817337
2,558,367,366.947368
2,559,367,367.170279
2,560,367,367.544892
2,561,368,367.947368
2,562,368,368.312693
2,563,369,368.752322
2,564,369,369.136223
2,565,370,369.517028
2,566,370,369.770898
2,567,370,369.891641
2,568,370,369.938080
2,569,370,369.792570
2,570,370,369.572755
2,571,369,369.219814
2,572,369,368.857585
2,573,368,368.433437
2,574,368,368.012384
2,575,368,367.659443
2,576,367,367.256966
2,577,367,367.040248
2,578,367,367.009288
2,579,367,367.164087
2,580,367,367.386997
2,581,367,367.736842
2,582,368,368.154799
2,583,368,368.582043
2,584,370,369.077399
2,585,370,369.405573
2,586,370,369.755418
2,587,370,369.897833
2,588,370,369.839009
2,589,370,369.520124
2,590,369,369.058824
2,591,369,368.507740
2,592,368,367.919505
2,593,368,367.464396
2,594,366,367.136223
2,595,366,366.876161
2,596,366,366.801858
2,597,367,366.978328
2,598,367,367.294118
2,599,368,367.637771
2,600,368,368.074303
2,601,369,368.551084
2,602,369,369.015480
2,603,370,369.297214
2,604,370,369.402477
2,605,369,369.390093
2,606,369,369.260062
2,607,369,368.953560
2,608,369,368.594427
2,609,368,368.065015
2,610,368,367.606811
2,611,367,367.167183
2,612,367,366.876161
2,613,366,366.622291
2,614,366,366.417957
2,615,366,366.334365
2,616,366,366.377709
2,617,367,366.489164
2,618,367,366.668731
2,619,367,366.975232
2,620,367,367.284830
2,621,368,367.650155
2,622,368,368.071207
2,623,368,368.371517
2,624,368,368.609907
2,625,369,368.668731
2,626,369,368.665635
2,627,369,368.541796
2,628,369,368.238390
2,629,369,367.873065
2,630,367,367.498452
2,631,367,367.167183
2,632,366,366.814241
2,633,366,366.551084
2,634,366,366.489164
2,635,366,366.563467
2,636,367,366.839009
2,637,367,367.204334
2,638,368,367.665635
2,639,368,367.993808
2,640,369,368.377709
2,641,369,368.647059
2,642,369,368.749226
2,643,369,368.684211
2,644,368,368.452012
2,645,368,368.170279
2,646,368,367.780186
2,647,368,367.340557
2,648,367,366.910217
2,649,366,366.547988
2,650,366,366.312693
2,651,366,366.145511
2,652,366,366.164087
2,653,366,366.250774
2,654,366,366.464396
2,655,367,366.798762
2,656,367,367.247678
2,657,368,367.882353
2,658,368,368.303406
2,659,369,368.575851
2,660,369,368.699690
2,661,369,368.739938
2,662,369,368.520124
2,663,369,368.157895
2,664,369,367.770898
2,665,366,367.300310
2,666,366,366.739938
2,667,366,366.260062
2,668,366,365.913313
2,669,365,365.752322
2,670,366,365.842105
2,671,366,366.071207
2,672,366,366.380805
2,673,366,366.888545
2,674,368,367.306502
2,675,368,367.699690
2,676,369,368.185759
2,677,369,368.529412
2,678,368,368.613003
2,679,368,368.613003
2,680,369,368.464396
2,681,369,368.167183
2,682,368,367.656347
2,683,368,367.278638
2,684,366,366.910217
2,685,366,366.609907
2,686,366,366.436533
2,687,366,366.213622
2,688,366,366.117647
2,689,366,366.325077
2,690,367,366.659443
2,691,367,366.944272
2,692,367,367.356037
2,693,368,367.718266
2,694,368,368.030960
2,695,369,368.346749
2,696,369,368.541796
2,697,368,368.609907
2,698,368,368.544892
2,699,369,368.523220
2,700,369,368.368421
2,701,368,368.086687
2,702,368,367.801858
2,703,367,367.396285
2,704,367,366.981424
2,705,367,366.727554
2,706,367,366.517028
2,707,366,366.408669
2,708,366,366.513932
2,709,366,366.767802
2,710,366,367.117647
2,711,367,367.510836
2,712,369,367.894737
2,713,369,368.216718
2,714,369,368.476780
2,715,369,368.674923
2,716,369,368.758514
2,717,369,368.674923
2,718,368,368.424149
2,719,368,368.006192
2,720,367,367.473684
2,721,367,367.114551
2,722,367,366.811146
2,723,367,366.510836
2,724,366,366.337461
2,725,366,366.232198
2,726,366,366.312693
2,727,366,366.461300
2,728,367,366.736842
2,729,367,367.015480
2,730,367,367.349845
2,731,368,367.857585
2,732,368,368.303406
2,733,369,368.569659
2,734,369,368.715170
2,735,369,368.798762
2,736,369,368.702786
2,737,369,368.544892
2,738,369,368.266254
2,739,367,367.873065
2,740,367,367.489164
2,741,367,366.996904
2,742,367,366.572755
2,743,366,366.275542
2,744,366,366.046440
2,745,366,366.003096
2,746,366,366.210526
2,747,366,366.557276
2,748,366,366.814241
2,749,367,367.105263
2,750,368,367.489164
2,751,368,367.848297
2,752,369,368.130031
2,753,369,368.281734
2,754,368,368.303406
2,755,368,368.195046
2,756,368,367.956656
2,757,368,367.588235
2,758,367,367.142415
2,759,367,366.789474
2,760,366,366.434211
2,761,366,366.140093
2,762,366,365.936017
2,763,366,365.850877
2,764,366,365.913571
2,765,366,366.152993
2,766,367,366.598039
2,767,367,367.277606
2,768,367,367.198142
2,769,367,367.603715
2,770,368,367.959752
2,771,368,368.318885
2,772,369,368.557276
2,773,369,368.733746
2,774,369,368.730650
2,775,369,368.665635
2,776,369,368.479876
2,777,368,368.114551
2,778,368,367.687307
2,779,367,367.250774
2,780,367,366.857585
2,781,366,366.560372
2,782,366,366.411765
2,783,366,366.411765
2,784,366,366.560372
2,785,367,366.857585
2,786,367,367.185759
2,787,368,367.668731
2,788,368,368.136223
2,789,369,368.535604
2,790,369,368.749226
2,791,369,368.835913
2,792,369,368.854489
2,793,369,368.687307
2,794,369,368.452012
2,795,368,368.089783
2,796,367,367.659443
2,797,367,367.219814
2,798,367,366.829721
2,799,367,366.547988
2,800,366,366.315789
2,801,366,366.250774
2,802,366,366.352941
2,803,366,366.622291
2,804,367,366.941176
2,805,367,367.250774
2,806,368,367.668731
2,807,368,368.071207
2,808,369,368.517028
2,809,369,368.770898
2,810,369,368.956656
2,811,369,368.956656
2,812,369,368.770898
2,813,369,368.517028
2,814,368,368.136223
2,815,368,367.687307
2,816,367,367.229102
2,817,367,366.820433
2,818,366,366.520124
2,819,366,366.334365
2,820,366,366.269350
2,821,366,366.266254
2,822,366,366.442724
2,823,367,366.681115
2,824,367,367.040248
2,825,368,367.396285
2,826,368,367.801858
2,827,368,368.126935
2,828,368,368.417957
2,829,369,368.786378
2,830,369,368.990712
2,831,369,369.154799
2,832,369,369.167183
2,833,369,368.975232
2,834,369,368.708978
2,835,369,368.321981
2,836,369,367.832817
2,837,367,367.130031
2,838,367,366.572755
2,839,365,366.043344
2,840,365,365.665635
2,841,365,365.445820
2,842,365,365.390093
2,843,365,365.504644
2,844,365,365.795666
2,845,367,366.269350
2,846,367,366.826625
2,847,368,367.368421
2,848,368,367.665635
2,849,368,367.842105
2,850,368,367.956656
2,851,368,367.891641
2,852,368,367.582043
2,853,368,367.139319
2,854,366,366.792570
2,855,366,366.417957
2,856,366,366.009288
2,857,366,365.736842
2,858,365,365.535604
2,859,365,365.517028
2,860,366,365.674923
2,861,366,366.003096
2,862,366,366.690402
2,863,366,367.160991
2,864,368,367.544892
2,865,368,367.842105
2,866,369,368.052632
2,867,369,368.058824
2,868,369,367.919505
2,869,369,367.811146
2,870,366,367.557276
2,871,366,367.099071
2,872,366,366.554180
2,873,366,366.092879
2,874,366,365.708978
2,875,366,365.461300
2,876,366,365.408669
2,877,365,365.492260
2,878,365,365.829721
2,879,366,366.068111
2,880,366,366.383901
2,881,367,366.758514
2,882,367,367.303406
2,883,368,367.777090
2,884,368,368.173375
2,885,369,368.486068
2,886,369,368.656347
2,887,369,368.625387
2,888,369,368.504644
2,889,369,368.229102
2,890,367,367.916409
2,891,367,367.507740
2,892,367,367.061920
2,893,367,366.637771
2,894,366,366.359133
2,895,366,366.173375
2,896,366,365.962848
2,897,366,365.962848
2,898,366,366.173375
2,899,366,366.359133
2,900,367,366.572755
2,901,367,367.108359
2,902,367,367.613003
2,903,367,367.969040
2,904,369,368.235294
2,905,369,368.470588
2,906,369,368.557276
2,907,369,368.560372
2,908,370,368.368421
2,909,367,367.975232
2,910,367,367.551084
2,911,367,367.030960
2,912,367,366.526316
2,913,366,366.201238
2,914,366,366.043344
2,915,365,366.052632
2,916,365,366.229102
2,917,367,366.690402
2,918,367,367.024768
2,919,368,367.479876
2,920,368,367.931889
2,921,369,368.439628
2,922,369,368.767802
2,923,369,368.975232
2,924,369,369.003096
2,925,369,368.792570
2,926,369,368.637771
2,927,368,368.303406
2,928,368,367.854489
2,929,367,367.356037
2,930,367,366.808050
2,931,367,366.386997
2,932,366,366.099071
2,933,366,365.950464
2,934,365,365.882353
2,935,365,366.012384
2,936,366,366.222910
2,937,366,366.572755
2,938,368,367.003096
2,939,368,367.455108
2,940,368,367.987616
2,941,368,368.365325
2,942,369,368.712074
2,943,369,368.792570
2,944,369,368.665635
2,945,369,368.442724
2,946,368,368.058824
2,947,368,367.619195
2,948,367,367.229102
2,949,367,366.888545
2,950,366,366.597523
2,951,366,366.473684
2,952,366,366.458204
2,953,366,366.427245
2,954,366,366.609907
2,955,368,366.947368
2,956,368,367.380805
2,957,368,367.916409
2,958,368,368.383901
2,959,368,368.730650
2,960,368,368.904025
2,961,370,368.904025
2,962,370,368.730650
2,963,369,368.383901
2,964,369,368.099071
2,965,367,367.758514
2,966,367,367.309598
2,967,366,366.876161
2,968,366,366.399381
2,969,366,365.996904
2,970,366,365.839009
2,971,366,365.919505
2,972,366,366.126935
2,973,366,366.526316
2,974,367,366.947368
2,975,367,367.396285
2,976,368,367.814241
2,977,368,368.142415
2,978,369,368.439628
2,979,369,368.653251
2,980,369,368.671827
2,981,369,368.436533
2,982,368,368.065015
2,983,368,367.544892
2,984,367,367.040248
2,985,367,366.662539
2,986,366,366.346749
2,987,365,366.145511
2,988,365,366.111455
2,989,366,366.244582
2,990,366,366.544892
2,991,368,366.894737
2,992,368,367.352941
2,993,368,367.795666
2,994,368,368.275542
2,995,369,368.792570
2,996,369,369.052632
2,997,369,369.173375
2,998,369,369.148607
2,999,369,368.913313
2,1000,369,368.767802
2,1001,369,368.482972
2,1002,369,368.012384
2,1003,367,367.486068
2,1004,367,366.904025
2,1005,366,366.442724
2,1006,366,366.108359
2,1007,366,365.907121
2,1008,365,365.715170
2,1009,365,365.761610
2,1010,366,366.105263
2,1011,366,366.628483
2,1012,368,367.160991
2,1013,368,367.708978
2,1014,368,368.278638
2,1015,368,368.699690
2,1016,370,369.063209
2,1017,370,369.279412
2,1018,369,369.308308
2,1019,369,369.109907
2,1020,368,368.644221
2,1021,368,367.871259
2,1022,366,366.751032
2,1023,366,365.243550
2,1024,366,366.263158
2,1025,366,366.117647
2,1026,366,366.185759
2,1027,366,366.356037
2,1028,366,366.693498
2,1029,368,367.080495
2,1030,368,367.575851
2,1031,368,368.003096
2,1032,368,368.362229
2,1033,369,368.705882
2,1034,369,368.910217
2,1035,369,369.034056
2,1036,369,368.959752
2,1037,369,368.687307
2,1038,369,368.386997
2,1039,368,368.052632
2,1040,368,367.690402
2,1041,367,367.306502
2,1042,367,366.959752
2,1043,366,366.708978
2,1044,366,366.495356
2,1045,366,366.436533
2,1046,367,366.467492
2,1047,367,366.699690
2,1048,367,367.074303
2,1049,367,367.532508
2,1050,368,368.080495
2,1051,368,368.547988
2,1052,369,368.882353
2,1053,369,369.030960
2,1054,370,368.993808
2,1055,370,368.953560
2,1056,369,368.739938
2,1057,369,368.235294
2,1058,367,367.674923
2,1059,367,367.111455
2,1060,366,366.597523
2,1061,366,366.185759
2,1062,366,365.928793
2,1063,365,365.944272
2,1064,365,366.173375
2,1065,367,366.634675
2,1066,367,367.170279
2,1067,368,367.557276
2,1068,368,367.925697
2,1069,369,368.157895
2,1070,369,368.442724
2,1071,369,368.551084
2,1072,369,368.371517
2,1073,367,367.969040
2,1074,367,367.513932
2,1075,367,367.000000
2,1076,367,366.486068
2,1077,367,366.030960
2,1078,365,365.693498
2,1079,365,365.532508
2,1080,365,365.554180
2,1081,365,365.764706
2,1082,366,365.869969
2,1083,366,366.105263
2,1084,367,366.523220
2,1085,367,367.000000
2,1086,368,367.659443
2,1087,368,367.972136
2,1088,368,368.173375
2,1089,368,368.380805
2,1090,369,368.359133
2,1091,369,368.160991
2,1092,368,367.839009
2,1093,368,367.510836
2,1094,366,367.117647
2,1095,367,366.653251
2,1096,367,366.287926
2,1097,365,365.956656
2,1098,365,365.770898
2,1099,366,365.842105
2,1100,366,366.105263
2,1101,366,366.442724
2,1102,366,366.913313
2,1103,368,367.340557
2,1104,368,367.842105
2,1105,369,368.346749
2,1106,369,368.678019
2,1107,369,368.835913
2,1108,369,369.055728
2,1109,369,369.043344
2,1110,369,368.739938
2,1111,368,368.263158
2,1112,368,367.848297
2,1113,368,367.377709
2,1114,367,366.851393
2,1115,367,366.445820
2,1116,365,366.102167
2,1117,365,365.938080
2,1118,366,365.953560
2,1119,366,366.148607
2,1120,366,366.470588
2,1121,366,366.866873
2,1122,368,367.402477
2,1123,368,367.848297
2,1124,369,368.334365
2,1125,369,368.513932
2,1126,369,368.510836
2,1127,369,368.436533
2,1128,368,368.226006
2,1129,368,367.814241
2,1130,367,367.312693
2,1131,367,366.950464
2,1132,366,366.603715
2,1133,366,366.266254
2,1134,366,366.108359
2,1135,366,366.130031
2,1136,366,366.331269
2,1137,367,366.529412
2,1138,367,366.894737
2,1139,367,367.362229
2,1140,367,367.866873
2,1141,369,368.343653
2,1142,369,368.727554
2,1143,369,369.071207
2,1144,369,369.250774
2,1145,370,369.325077
2,1146,370,369.294118
2,1147,369,369.099071
2,1148,369,368.746130
2,1149,368,368.241486
2,1150,368,367.826625
2,1151,367,367.260062
2,1152,367,366.718266
2,1153,366,366.318885
2,1154,366,366.114551
2,1155,366,366.157895
2,1156,366,366.396285
2,1157,366,366.777090
2,1158,366,367.247678
2,1159,368,367.755418
2,1160,369,368.312693
2,1161,369,368.755418
2,1162,370,369.037152
2,1163,370,369.111455
2,1164,369,368.919505
2,1165,369,368.578947
2,1166,368,368.024768
2,1167,368,367.368421
2,1168,366,366.773994
2,1169,366,366.346749
2,1170,365,366.027864
2,1171,365,365.811146
2,1172,366,365.866873
2,1173,366,366.142415
2,1174,367,366.585139
2,1175,367,367.077399
2,1176,368,367.678019
2,1177,368,368.210526
2,1178,368,368.674923
2,1179,370,369.006192
2,1180,370,369.139319
2,1181,369,369.244582
2,1182,369,369.139319
2,1183,369,369.006192
2,1184,369,368.674923
2,1185,368,368.275542
2,1186,368,367.761610
2,1187,367,366.956656
2,1188,367,366.448916
2,1189,366,366.120743
2,1190,366,365.866873
2,1191,365,365.693498
2,1192,365,365.718266
2,1193,365,365.941176
2,1194,365,366.244582
2,1195,368,366.752322
2,1196,368,367.294118
2,1197,368,367.817337
2,1198,368,368.269350
2,1199,369,368.597523
2,1200,369,368.749226
2,1201,369,368.671827
2,1202,369,368.365325
2,1203,368,367.829721
2,1204,367,367.287926
2,1205,367,366.786378
2,1206,366,366.266254
2,1207,366,365.845201
2,1208,365,365.640867
2,1209,365,365.594427
2,1210,365,365.647059
2,1211,365,365.916409
2,1212,367,366.284830
2,1213,367,366.693498
2,1214,368,367.260062
2,1215,368,367.743034
2,1216,368,368.260062
2,1217,368,368.569659
2,1218,369,368.789474
2,1219,369,368.795666
2,1220,369,368.582043
2,1221,369,368.377709
2,1222,368,368.058824
2,1223,368,367.684211
2,1224,367,367.312693
2,1225,367,366.885449
2,1226,366,366.520124
2,1227,366,366.269350
2,1228,366,366.185759
2,1229,366,366.204334
2,1230,366,366.436533
2,1231,367,366.823529
2,1232,367,367.306502
2,1233,368,367.826625
2,1234,368,368.325077
2,1235,369,368.743034
2,1236,369,369.021672
2,1237,370,369.219814
2,1238,370,369.219814
2,1239,369,369.021672
2,1240,369,368.808050
2,1241,368,368.408669
2,1242,368,367.888545
2,1243,367,367.312693
2,1244,367,366.746130
2,1245,366,366.253870
2,1246,366,365.900929
2,1247,366,365.752322
2,1248,365,365.637771
2,1249,365,365.739938
2,1250,366,365.941176
2,1251,366,366.300310
2,1252,367,366.693498
2,1253,367,367.173375
2,1254,368,367.739938
2,1255,368,368.216718
2,1256,369,368.597523
2,1257,369,368.758514
2,1258,369,368.817337
2,1259,369,368.767802
2,1260,369,368.544892
2,1261,369,368.201238
2,1262,367,367.789474
2,1263,367,367.362229
2,1264,367,366.972136
2,1265,367,366.606811
2,1266,366,366.430341
2,1267,366,366.436533
2,1268,366,366.619195
2,1269,367,366.972136
2,1270,367,367.554180
2,1271,368,368.012384
2,1272,368,368.622549
2,1273,370,369.185759
2,1274,370,369.651187
2,1275,370,369.968008
2,1276,370,370.085397
2,1277,370,369.952528
2,1278,369,369.518576
2,1279,369,368.732714
2,1280,366,367.619195
2,1281,366,366.845201
2,1282,366,366.210526
2,1283,366,365.721362
2,1284,366,365.331269
2,1285,365,365.170279
2,1286,365,365.185759
2,1287,365,365.383901
2,1288,365,365.829721
2,1289,366,366.170279
2,1290,367,366.712074
2,1291,367,367.213622
2,1292,368,367.733746
2,1293,368,368.154799
2,1294,369,368.359133
2,1295,369,368.405573
2,1296,369,368.287926
2,1297,369,368.000000
2,1298,367,367.588235
2,1299,367,367.216718
2,1300,366,366.755418
2,1301,366,366.368421
2,1302,366,366.102167
2,1303,366,366.068111
2,1304,366,366.201238
2,1305,366,366.501548
2,1306,367,366.969040
2,1307,367,367.303406
2,1308,368,367.733746
2,1309,369,368.188854
2,1310,369,368.597523
2,1311,369,369.006192
2,1312,369,369.284830
2,1313,369,369.551084
2,1314,369,369.569659
2,1315,370,369.458204
2,1316,370,369.157895
2,1317,369,368.792570
2,1318,369,368.427245
2,1319,368,367.950464
2,1320,368,367.427245
2,1321,366,366.981424
2,1322,366,366.554180
2,1323,366,366.263158
2,1324,366,366.160991
2,1325,366,366.300310
2,1326,366,366.628483
2,1327,367,367.092879
2,1328,368,367.575851
2,1329,368,368.201238
2,1330,369,368.616099
2,1331,369,369.068111
2,1332,370,369.321981
2,1333,370,369.377709
2,1334,369,369.170279
2,1335,369,368.811146
2,1336,369,368.411765
2,1337,368,368.024768
2,1338,368,367.461300
2,1339,366,367.068111
2,1340,366,366.780186
2,1341,366,366.715170
2,1342,367,366.749226
2,1343,367,366.882353
2,1344,367,367.238390
2,1345,367,367.699690
2,1346,369,368.213622
2,1347,369,368.727554
2,1348,369,369.071207
2,1349,369,369.250774
2,1350,370,369.325077
2,1351,370,369.294118
2,1352,369,369.034056
2,1353,369,368.662539
2,1354,368,368.179567
2,1355,368,367.820433
2,1356,367,367.467492
2,1357,367,367.003096
2,1358,366,366.662539
2,1359,366,366.498452
2,1360,367,366.563467
2,1361,367,366.739938
2,1362,367,367.086687
2,1363,367,367.544892
2,1364,367,368.055728
2,1365,369,368.560372
2,1366,369,369.000000
2,1367,370,369.315789
2,1368,370,369.448916
2,1369,370,369.510836
2,1370,370,369.501548
2,1371,369,369.309598
2,1372,369,368.876161
2,1373,368,368.318885
2,1374,368,367.873065
2,1375,367,367.421053
2,1376,367,366.962848
2,1377,367,366.674923
2,1378,366,366.563467
2,1379,366,366.634675
2,1380,367,366.712074
2,1381,367,366.972136
2,1382,367,367.356037
2,1383,367,367.804954
2,1384,369,368.195046
2,1385,369,368.578947
2,1386,369,369.009288
2,1387,369,369.244582
2,1388,370,369.402477
2,1389,370,369.476780
2,1390,369,369.467492
2,1391,369,369.263158
2,1392,369,368.804954
2,1393,369,368.380805
2,1394,368,367.984520
2,1395,368,367.557276
2,1396,367,367.216718
2,1397,367,367.080495
2,1398,366,367.089783
2,1399,366,367.068111
2,1400,367,367.191950
2,1401,368,367.520124
2,1402,368,367.934985
2,1403,369,368.318885
2,1404,369,368.730650
2,1405,369,369.176471
2,1406,369,369.486068
2,1407,370,369.541796
2,1408,370,369.402477
2,1409,369,369.244582
2,1410,369,369.009288
2,1411,369,368.578947
2,1412,369,368.130031
2,1413,367,367.721362
2,1414,367,367.359133
2,1415,367,367.049536
2,1416,367,366.786378
2,1417,366,366.739938
2,1418,366,366.792570
2,1419,367,367.003096
2,1420,368,367.430341
2,1421,368,367.956656
2,1422,368,368.346749
2,1423,368,368.718266
2,1424,370,369.188854
2,1425,370,369.523220
2,1426,370,369.603715
2,1427,370,369.489164
2,1428,369,369.291022
2,1429,369,369.061920
2,1430,369,368.678019
2,1431,369,368.256966
2,1432,367,367.733746
2,1433,367,367.455108
2,1434,367,367.232198
2,1435,367,367.182663
2,1436,367,367.371517
2,1437,367,367.569659
2,1438,368,367.842105
2,1439,368,368.188854
2,1440,369,368.609907
2,1441,369,368.934985
2,1442,370,369.170279
2,1443,370,369.374613
2,1444,369,369.430341
2,1445,369,369.337461
2,1446,369,369.095975
2,1447,369,368.823529
2,1448,369,368.461300
2,1449,368,368.068111
2,1450,368,367.702786
2,1451,367,367.424149
2,1452,367,367.291022
2,1453,367,367.191950
2,1454,367,367.191950
2,1455,367,367.291022
2,1456,367,367.489164
2,1457,368,367.786378
2,1458,368,368.065015
2,1459,369,368.383901
2,1460,369,368.684211
2,1461,369,368.907121
2,1462,369,369.111455
2,1463,369,369.179567
2,1464,369,369.111455
2,1465,369,368.907121
2,1466,369,368.684211
2,1467,369,368.383901
2,1468,368,368.065015
2,1469,368,367.786378
2,1470,367,367.489164
2,1471,367,367.291022
2,1472,367,367.126935
2,1473,367,367.108359
2,1474,367,367.229102
2,1475,367,367.482972
2,1476,368,368.123839
2,1477,368,368.582043
2,1478,369,368.934985
2,1479,369,369.077399
2,1480,370,369.080495
2,1481,370,368.950464
2,1482,370,368.628483
2,1483,370,368.297214
2,1484,366,367.845201
2,1485,366,367.266254
2,1486,366,366.730650
2,1487,366,366.356037
2,1488,366,366.083591
2,1489,366,365.972136
2,1490,367,366.080495
2,1491,366,366.414861
2,1492,366,366.981424
2,1493,368,367.315789
2,1494,368,367.659443
2,1495,368,367.993808
2,1496,368,368.300310
2,1497,369,368.690402
2,1498,369,368.922601
2,1499,369,369.108359
2,1500,369,369.065015
2,1501,369,368.851393
2,1502,369,368.696594
2,1503,369,368.476780
2,1504,369,368.133127
2,1505,367,367.783282
2,1506,367,367.479876
2,1507,367,367.275542
2,1508,367,367.170279
2,1509,367,367.164087
2,1510,367,367.191950
2,1511,367,367.365325
2,1512,368,367.678019
2,1513,368,368.123839
2,1514,369,368.526316
2,1515,369,368.885449
2,1516,369,369.253870
2,1517,369,369.507740
2,1518,370,369.770898
2,1519,370,369.814241
2,1520,370,369.643963
2,1521,370,369.383901
2,1522,369,368.981424
2,1523,369,368.566563
2,1524,368,368.092879
2,1525,368,367.513932
2,1526,366,366.959752
2,1527,366,366.560372
2,1528,366,366.217750
2,1529,366,365.970330
2,1530,366,365.837461
2,1531,366,365.838493
2,1532,366,365.992776
2,1533,367,366.319659
2,1534,367,366.838493
2,1535,367,367.568627
2,1536,367,367.278638
2,1537,368,367.563467
2,1538,368,367.736842
2,1539,368,367.798762
2,1540,368,367.749226
2,1541,367,367.523220
2,1542,367,367.349845
2,1543,368,367.164087
2,1544,368,367.030960
2,1545,366,366.839009
2,1546,366,366.712074
2,1547,366,366.597523
2,1548,366,366.507740
2,1549,367,366.455108
2,1550,367,366.334365
2,1551,367,366.216718
2,1552,366,366.226006
2,1553,366,366.309598
2,1554,366,366.244582
2,1555,366,366.160991
2,1556,366,366.123839
2,1557,366,366.021672
2,1558,366,365.913313
2,1559,366,365.857585
2,1560,366,365.860681
2,1561,366,365.811146
2,1562,366,365.839009
2,1563,366,365.832817
2,1564,365,365.733746
2,1565,365,365.659443
2,1566,366,365.674923
2,1567,366,365.668731
2,1568,366,365.647059
2,1569,366,365.551084
2,1570,365,365.498452
2,1571,365,365.489164
2,1572,366,365.523220
2,1573,366,365.547988
2,1574,365,365.510836
2,1575,365,365.464396
2,1576,365,365.461300
2,1577,366,365.501548
2,1578,366,365.585139
2,1579,366,365.594427
2,1580,366,365.588235
2,1581,365,365.678019
2,1582,365,365.798762
2,1583,366,365.832817
2,1584,366,365.847007
2,1585,366,365.859391
2,1586,366,365.873839
2,1587,366,365.894221
2,1588,366,365.924407
2,1589,366,365.968266
2,1590,366,366.029670
2,1591,366,366.112487
3,0,366,366.000000
3,1,366,366.000000
3,2,366,366.000000
3,3,366,366.000000
3,4,366,366.000000
3,5,366,366.000000
3,6,366,366.000000
3,7,366,366.000000
3,8,366,366.000000
3,9,366,366.000000
3,10,366,366.000000
3,11,366,366.000000
3,12,366,366.000000
3,13,366,366.000000
3,14,366,366.000000
3,15,366,366.000000
3,16,366,366.000000
3,17,366,366.000000
3,18,366,366.000000
3,19,366,366.000000
3,20,366,366.000000
3,21,366,365.869969
3,22,366,365.832817
3,23,366,365.811146
3,24,366,365.904025
3,25,366,366.092879
3,26,366,366.294118
3,27,366,366.600619
3,28,366,366.987616
3,29,368,367.430341
3,30,368,367.839009
3,31,369,368.300310
3,32,369,368.913313
3,33,369,369.424149
3,34,370,369.749226
3,35,370,369.981424
3,36,370,370.160991
3,37,370,370.151703
3,38,371,370.170279
3,39,371,370.080495
3,40,369,369.993808
3,41,369,370.040248
3,42,370,369.885449
3,43,370,369.665635
3,44,369,369.340557
3,45,369,368.934985
3,46,369,368.473684
3,47,369,368.099071
3,48,369,367.777090
3,49,366,367.238390
3,50,366,366.743034
3,51,366,366.356037
3,52,366,366.142415
3,53,366,365.931889
3,54,366,365.907121
3,55,366,366.068111
3,56,366,366.414861
3,57,367,366.882353
3,58,367,367.229102
3,59,368,367.625387
3,60,368,368.111455
3,61,369,368.551084
3,62,369,368.990712
3,63,369,369.300310
3,64,369,369.532508
3,65,370,369.563467
3,66,370,369.504644
3,67,370,369.291022
3,68,369,369.040248
3,69,369,368.693498
3,70,368,368.244582
3,71,368,367.863777
3,72,367,367.486068
3,73,367,367.222910
3,74,367,367.185759
3,75,367,367.309598
3,76,367,367.594427
3,77,367,367.922601
3,78,369,368.547988
3,79,369,369.012384
3,80,370,369.386997
3,81,370,369.625387
3,82,370,369.681115
3,83,370,369.560372
3,84,370,369.269350
3,85,370,368.814241
3,86,367,368.201238
3,87,367,367.541796
3,88,367,366.947368
3,89,366,366.476780
3,90,366,366.188854
3,91,366,366.024768
3,92,366,366.102167
3,93,366,366.421053
3,94,366,366.981424
3,95,368,367.430341
3,96,368,367.944272
3,97,369,368.569659
3,98,369,369.058824
3,99,370,369.588235
3,100,370,369.916409
3,101,370,370.037152
3,102,370,369.944272
3,103,370,369.696594
3,104,370,369.346749
3,105,369,368.888545
3,106,369,368.510836
3,107,367,368.049536
3,108,367,367.445820
3,109,367,366.993808
3,110,367,366.699690
3,111,366,366.569659
3,112,367,366.544892
3,113,367,366.743034
3,114,366,367.111455
3,115,366,367.597523
3,116,369,368.030960
3,117,369,368.417957
3,118,369,368.752322
3,119,369,369.027864
3,120,370,369.250774
3,121,370,369.368421
3,122,369,369.321981
3,123,369,369.000000
3,124,368,368.467492
3,125,368,368.077399
3,126,368,367.523220
3,127,368,367.046440
3,128,366,366.653251
3,129,366,366.402477
3,130,366,366.352941
3,131,366,366.328173
3,132,366,366.504644
3,133,366,366.758514
3,134,368,367.142415
3,135,368,367.708978
3,136,368,368.334365
3,137,369,368.842105
3,138,369,369.232198
3,139,370,369.557276
3,140,370,369.693498
3,141,370,369.764706
3,142,370,369.541796
3,143,369,369.136223
3,144,369,368.659443
3,145,368,368.052632
3,146,368,367.551084
3,147,367,367.030960
3,148,367,366.727554
3,149,365,366.582043
3,150,365,366.600619
3,151,367,366.789474
3,152,367,367.037152
3,153,368,367.408669
3,154,368,367.851393
3,155,369,368.312693
3,156,369,368.674923
3,157,369,368.996904
3,158,369,369.167183
3,159,369,369.074303
3,160,369,368.947368
3,161,369,368.662539
3,162,368,368.278638
3,163,368,367.854489
3,164,368,367.513932
3,165,368,367.204334
3,166,366,366.873065
3,167,366,366.643963
3,168,366,366.458204
3,169,366,366.433437
3,170,367,366.569659
3,171,367,366.814241
3,172,367,367.114551
3,173,367,367.470588
3,174,368,367.882353
3,175,368,368.179567
3,176,369,368.368421
3,177,369,368.507740
3,178,369,368.479876
3,179,368,368.467492
3,180,368,368.300310
3,181,368,367.925697
3,182,368,367.467492
3,183,367,366.984520
3,184,367,366.535604
3,185,366,366.179567
3,186,366,365.975232
3,187,365,365.863777
3,188,365,365.845201
3,189,366,365.913313
3,190,366,366.238390
3,191,367,366.696594
3,192,367,367.164087
3,193,368,367.693498
3,194,368,368.219814
3,195,369,368.678019
3,196,369,369.068111
3,197,370,369.213622
3,198,369,369.226006
3,199,369,369.040248
3,200,369,368.708978
3,201,369,368.284830
3,202,368,367.885449
3,203,368,367.452012
3,204,366,367.043344
3,205,366,366.718266
3,206,366,366.470588
3,207,366,366.352941
3,208,367,366.489164
3,209,367,366.761610
3,210,367,367.170279
3,211,367,367.662539
3,212,368,368.185759
3,213,368,368.634675
3,214,370,368.904025
3,215,370,368.993808
3,216,369,368.904025
3,217,369,368.752322
3,218,369,368.479876
3,219,368,368.027864
3,220,368,367.513932
3,221,366,367.055728
3,222,366,366.594427
3,223,366,366.306502
3,224,366,366.191950
3,225,366,366.080495
3,226,366,366.154799
3,227,367,366.414861
3,228,367,366.743034
3,229,367,367.263158
3,230,367,367.622291
3,231,368,367.938080
3,232,368,368.328173
3,233,369,368.557276
3,234,369,368.690402
3,235,369,368.616099
3,236,369,368.393189
3,237,368,368.080495
3,238,368,367.619195
3,239,368,367.126935
3,240,366,366.591331
3,241,366,366.176471
3,242,365,365.928793
3,243,365,365.894737
3,244,366,366.068111
3,245,366,366.442724
3,246,367,367.154799
3,247,367,367.811146
3,248,369,368.641641
3,249,369,369.343395
3,250,370,369.820949
3,251,370,369.978844
3,252,370,369.721620
3,253,370,368.953818
3,254,366,367.579979
3,255,366,365.504644
3,256,366,366.736842
3,257,366,366.170279
3,258,366,365.702786
3,259,366,365.399381
3,260,366,365.325077
3,261,365,365.362229
3,262,365,365.746130
3,263,366,366.071207
3,264,366,366.461300
3,265,367,366.962848
3,266,367,367.510836
3,267,368,367.981424
3,268,368,368.433437
3,269,370,368.749226
3,270,370,368.811146
3,271,369,368.678019
3,272,369,368.461300
3,273,368,368.095975
3,274,367,367.634675
3,275,367,367.130031
3,276,366,366.634675
3,277,366,366.201238
3,278,366,366.000000
3,279,366,366.024768
3,280,366,366.164087
3,281,366,366.482972
3,282,367,366.798762
3,283,367,367.164087
3,284,368,367.755418
3,285,368,368.213622
3,286,369,368.656347
3,287,369,368.959752
3,288,369,369.182663
3,289,369,369.207430
3,290,370,369.034056
3,291,370,368.780186
3,292,368,368.386997
3,293,368,367.913313
3,294,367,367.417957
3,295,367,366.894737
3,296,366,366.513932
3,297,366,366.275542
3,298,366,366.179567
3,299,366,366.278638
3,300,366,366.625387
3,301,367,366.984520
3,302,367,367.473684
3,303,369,368.092879
3,304,369,368.665635
3,305,369,369.133127
3,306,369,369.436533
3,307,370,369.634675
3,308,370,369.609907
3,309,370,369.362229
3,310,370,369.009288
3,311,368,368.492260
3,312,368,367.987616
3,313,367,367.495356
3,314,367,366.962848
3,315,366,366.513932
3,316,366,366.142415
3,317,366,366.018576
3,318,366,366.142415
3,319,366,366.513932
3,320,367,366.962848
3,321,367,367.495356
3,322,368,368.052632
3,323,368,368.575851
3,324,370,369.006192
3,325,370,369.284830
3,326,370,369.535604
3,327,370,369.464396
3,328,369,369.188854
3,329,369,368.826625
3,330,368,368.318885
3,331,368,367.724458
3,332,367,367.102167
3,333,367,366.563467
3,334,365,366.219814
3,335,366,366.077399
3,336,366,366.142415
3,337,366,366.303406
3,338,366,366.625387
3,339,367,366.990712
3,340,367,367.458204
3,341,369,367.969040
3,342,369,368.464396
3,343,369,368.832817
3,344,369,369.080495
3,345,369,369.077399
3,346,369,368.934985
3,347,369,368.712074
3,348,369,368.408669
3,349,368,368.030960
3,350,368,367.578947
3,351,366,367.170279
3,352,366,366.752322
3,353,367,366.448916
3,354,367,366.201238
3,355,366,366.126935
3,356,366,366.226006
3,357,365,366.498452
3,358,367,366.826625
3,359,367,367.269350
3,360,368,367.715170
3,361,368,368.052632
3,362,369,368.393189
3,363,369,368.671827
3,364,369,368.900929
3,365,369,368.916409
3,366,369,368.671827
3,367,369,368.356037
3,368,367,367.727554
3,369,367,367.145511
3,370,367,366.492260
3,371,367,366.009288
3,372,365,365.578947
3,373,365,365.325077
3,374,364,365.253870
3,375,364,365.371517
3,376,366,365.619195
3,377,366,365.879257
3,378,367,366.269350
3,379,367,366.842105
3,380,368,367.473684
3,381,368,367.987616
3,382,368,368.383901
3,383,368,368.662539
3,384,369,368.647059
3,385,369,368.501548
3,386,369,368.213622
3,387,368,367.900929
3,388,368,367.504644
3,389,367,367.083591
3,390,367,366.696594
3,391,365,366.284830
3,392,365,365.965944
3,393,366,365.792570
3,394,366,365.817337
3,395,366,366.040248
3,396,366,366.343653
3,397,367,366.786378
3,398,367,367.374613
3,399,368,367.938080
3,400,368,368.306502
3,401,369,368.486068
3,402,369,368.653251
3,403,369,368.631579
3,404,369,368.427245
3,405,369,368.046440
3,406,367,367.547988
3,407,367,366.990712
3,408,366,366.433437
3,409,366,365.934985
3,410,365,365.489164
3,411,365,365.266254
3,412,365,365.266254
3,413,365,365.489164
3,414,366,365.869969
3,415,366,366.284830
3,416,367,366.910217
3,417,367,367.498452
3,418,369,368.160991
3,419,369,368.650155
3,420,369,369.077399
3,421,369,369.377709
3,422,370,369.427245
3,423,370,369.337461
3,424,369,369.043344
3,425,369,368.662539
3,426,368,368.136223
3,427,368,367.640867
3,428,367,367.176471
3,429,366,366.690402
3,430,366,366.306502
3,431,366,366.083591
3,432,366,366.080495
3,433,366,366.120743
3,434,366,366.380805
3,435,367,366.736842
3,436,367,367.241486
3,437,368,367.894737
3,438,368,368.402477
3,439,369,368.882353
3,440,369,369.210526
3,441,370,369.445820
3,442,370,369.535604
3,443,370,369.368421
3,444,370,369.003096
3,445,368,368.498452
3,446,368,367.913313
3,447,367,367.306502
3,448,367,366.801858
3,449,366,366.281734
3,450,365,365.987616
3,451,365,366.061920
3,452,366,366.182663
3,453,366,366.380805
3,454,367,366.386997
3,455,367,366.461300
3,456,367,366.368421
3,457,368,366.402477
3,458,368,366.569659
3,459,365,366.582043
3,460,365,366.498452
3,461,365,366.430341
3,462,366,366.312693
3,463,366,366.263158
3,464,368,366.092879
3,465,368,366.030960
3,466,366,366.123839
3,467,366,366.417957
3,468,366,366.554180
3,469,366,366.637771
3,470,366,366.755418
3,471,366,367.058824
3,472,368,367.346749
3,473,368,367.900929
3,474,369,368.473684
3,475,369,368.959752
3,476,369,369.253870
3,477,370,369.356037
3,478,370,369.266254
3,479,369,368.984520
3,480,369,368.510836
3,481,368,368.015480
3,482,368,367.492260
3,483,366,367.065015
3,484,366,366.681115
3,485,366,366.222910
3,486,366,366.043344
3,487,366,366.083591
3,488,366,366.232198
3,489,367,366.489164
3,490,367,366.913313
3,491,367,367.445820
3,492,367,367.910217
3,493,369,368.306502
3,494,369,368.687307
3,495,369,368.928793
3,496,369,369.089783
3,497,370,369.052632
3,498,369,369.000000
3,499,369,368.761610
3,500,368,368.284830
3,501,368,367.693498
3,502,367,367.099071
3,503,367,366.613003
3,504,366,366.090041
3,505,366,365.683695
3,506,365,365.444014
3,507,365,365.421053
3,508,366,365.664861
3,509,366,366.225490
3,510,368,367.152993
3,511,368,368.497420
3,512,369,368.250774
3,513,369,368.721362
3,514,370,369.030960
3,515,369,369.061920
3,516,369,368.873065
3,517,368,368.575851
3,518,368,368.105263
3,519,368,367.696594
3,520,368,367.232198
3,521,366,366.712074
3,522,366,366.312693
3,523,366,366.092879
3,524,366,365.993808
3,525,366,366.080495
3,526,366,366.235294
3,527,366,366.517028
3,528,366,366.919505
3,529,368,367.501548
3,530,368,367.910217
3,531,369,368.328173
3,532,369,368.631579
3,533,369,368.879257
3,534,369,368.953560
3,535,369,368.854489
3,536,369,368.517028
3,537,368,368.052632
3,538,368,367.690402
3,539,367,367.306502
3,540,367,366.959752
3,541,366,366.708978
3,542,366,366.430341
3,543,366,366.352941
3,544,367,366.535604
3,545,367,366.860681
3,546,367,367.210526
3,547,367,367.643963
3,548,368,368.102167
3,549,368,368.526316
3,550,370,368.857585
3,551,370,369.102167
3,552,369,369.142415
3,553,369,369.160991
3,554,369,368.987616
3,555,369,368.569659
3,556,368,368.030960
3,557,368,367.495356
3,558,367,366.910217
3,559,366,366.458204
3,560,366,366.145511
3,561,365,365.743034
3,562,365,365.551084
3,563,366,365.569659
3,564,366,365.798762
3,565,366,366.120743
3,566,366,366.594427
3,567,367,367.160991
3,568,367,367.643963
3,569,369,368.160991
3,570,369,368.470588
3,571,369,368.690402
3,572,369,368.814241
3,573,369,368.777090
3,574,369,368.513932
3,575,368,368.136223
3,576,368,367.625387
3,577,367,367.139319
3,578,367,366.900929
3,579,366,366.780186
3,580,366,366.712074
3,581,366,366.808050
3,582,367,367.126935
3,583,367,367.551084
3,584,369,367.962848
3,585,369,368.421053
3,586,369,368.931889
3,587,369,369.325077
3,588,370,369.547988
3,589,370,369.547988
3,590,369,369.325077
3,591,369,368.996904
3,592,369,368.504644
3,593,369,368.089783
3,594,367,367.640867
3,595,367,367.176471
3,596,366,366.650155
3,597,366,366.309598
3,598,366,366.043344
3,599,366,365.798762
3,600,366,365.758514
3,601,366,365.857585
3,602,366,366.207430
3,603,366,366.631579
3,604,367,367.130031
3,605,367,367.637771
3,606,368,368.089783
3,607,369,368.668731
3,608,369,369.027864
3,609,370,369.108359
3,610,370,369.027864
3,611,369,368.851393
3,612,369,368.467492
3,613,368,367.934985
3,614,368,367.312693
3,615,365,366.594427
3,616,365,366.068111
3,617,366,365.609907
3,618,366,365.455108
3,619,365,365.544892
3,620,365,365.767802
3,621,366,366.188854
3,622,366,366.755418
3,623,368,367.414861
3,624,368,367.879257
3,625,369,368.213622
3,626,369,368.588235
3,627,369,368.820433
3,628,369,368.792570
3,629,369,368.563467
3,630,368,368.179567
3,631,368,367.687307
3,632,367,367.380805
3,633,367,367.024768
3,634,366,366.554180
3,635,366,366.256966
3,636,366,366.133127
3,637,366,366.182663
3,638,367,366.405573
3,639,367,366.684211
3,640,366,367.077399
3,641,366,367.461300
3,642,369,367.953560
3,643,369,368.312693
3,644,369,368.721362
3,645,369,368.944272
3,646,369,368.981424
3,647,369,369.015480
3,648,369,368.876161
3,649,369,368.393189
3,650,368,367.749226
3,651,368,367.232198
3,652,366,366.777090
3,653,366,366.396285
3,654,366,365.972136
3,655,365,365.739938
3,656,365,365.894737
3,657,366,366.102167
3,658,366,366.380805
3,659,367,366.631579
3,660,367,366.931889
3,661,367,366.993808
3,662,369,367.058824
3,663,369,367.185759
3,664,366,367.139319
3,665,366,366.978328
3,666,366,366.814241
3,667,366,366.517028
3,668,366,366.315789
3,669,367,366.080495
3,670,367,365.922601
3,671,366,366.006192
3,672,366,366.318885
3,673,366,366.507740
3,674,366,366.749226
3,675,367,367.089783
3,676,367,367.399381
3,677,368,367.665635
3,678,368,368.123839
3,679,369,368.479876
3,680,369,368.622291
3,681,369,368.616099
3,682,369,368.461300
3,683,368,368.157895
3,684,368,367.823529
3,685,368,367.399381
3,686,366,366.944272
3,687,366,366.517028
3,688,366,366.176471
3,689,366,365.981424
3,690,366,365.873065
3,691,366,365.969040
3,692,366,366.151703
3,693,366,366.479876
3,694,367,366.882353
3,695,367,367.229102
3,696,368,367.755418
3,697,368,368.278638
3,698,369,368.674923
3,699,369,368.938080
3,700,369,369.061920
3,701,369,369.105263
3,702,370,368.950464
3,703,370,368.650155
3,704,368,368.256966
3,705,367,367.823529
3,706,367,367.402477
3,707,367,367.046440
3,708,367,366.808050
3,709,366,366.687307
3,710,366,366.684211
3,711,367,366.916409
3,712,367,367.325077
3,713,368,367.746130
3,714,368,368.074303
3,715,369,368.368421
3,716,369,368.687307
3,717,369,368.913313
3,718,369,368.993808
3,719,369,368.876161
3,720,369,368.678019
3,721,368,368.340557
3,722,368,367.922601
3,723,368,367.482972
3,724,367,367.145511
3,725,367,366.857585
3,726,366,366.566563
3,727,366,366.396285
3,728,366,366.287926
3,729,366,366.359133
3,730,367,366.492260
3,731,367,366.746130
3,732,367,367.114551
3,733,367,367.473684
3,734,368,367.941176
3,735,368,368.275542
3,736,369,368.594427
3,737,369,368.773994
3,738,369,368.808050
3,739,369,368.873065
3,740,369,368.792570
3,741,369,368.572755
3,742,368,368.219814
3,743,368,367.792570
3,744,367,367.349845
3,745,367,366.885449
3,746,367,366.569659
3,747,366,366.402477
3,748,366,366.383901
3,749,366,366.513932
3,750,366,366.792570
3,751,367,367.232198
3,752,367,367.668731
3,753,369,367.990712
3,754,369,368.263158
3,755,369,368.551084
3,756,369,368.625387
3,757,369,368.551084
3,758,369,368.263158
3,759,367,367.873065
3,760,367,367.368679
3,761,367,366.885707
3,762,367,366.474200
3,763,366,366.184211
3,764,366,366.065789
3,765,366,366.168989
3,766,367,366.543860
3,767,367,367.240454
3,768,367,367.136223
3,769,367,367.455108
3,770,368,367.811146
3,771,368,368.191950
3,772,369,368.597523
3,773,369,368.851393
3,774,369,368.947368
3,775,369,368.996904
3,776,369,368.934985
3,777,369,368.761610
3,778,369,368.541796
3,779,369,368.281734
3,780,367,367.928793
3,781,367,367.417957
3,782,367,367.037152
3,783,367,366.721362
3,784,367,366.582043
3,785,367,366.678019
3,786,366,366.891641
3,787,366,367.287926
3,788,366,367.755418
3,789,369,368.130031
3,790,369,368.424149
3,791,370,368.702786
3,792,370,368.854489
3,793,369,368.885449
3,794,369,368.801858
3,795,368,368.492260
3,796,368,368.021672
3,797,367,367.390093
3,798,367,366.950464
3,799,366,366.461300
3,800,366,366.170279
3,801,366,365.965944
3,802,366,365.795666
3,803,366,365.842105
3,804,366,365.987616
3,805,366,366.291022
3,806,366,366.628483
3,807,367,367.052632
3,808,367,367.433437
3,809,368,367.817337
3,810,369,368.315789
3,811,369,368.687307
3,812,369,368.925697
3,813,369,369.024768
3,814,369,369.043344
3,815,369,368.863777
3,816,369,368.603715
3,817,369,368.204334
3,818,367,367.724458
3,819,367,367.340557
3,820,367,366.934985
3,821,367,366.566563
3,822,366,366.352941
3,823,366,366.229102
3,824,366,366.306502
3,825,366,366.643963
3,826,367,367.123839
3,827,367,367.575851
3,828,368,368.006192
3,829,369,368.473684
3,830,369,368.860681
3,831,370,369.114551
3,832,370,369.182663
3,833,369,369.065015
3,834,369,368.761610
3,835,368,368.325077
3,836,368,367.808050
3,837,367,367.328173
3,838,367,366.944272
3,839,366,366.538700
3,840,366,366.352941
3,841,366,366.334365
3,842,366,366.377709
3,843,367,366.489164
3,844,367,366.668731
3,845,367,366.975232
3,846,367,367.349845
3,847,368,367.733746
3,848,368,368.068111
3,849,368,368.294118
3,850,368,368.470588
3,851,369,368.479876
3,852,369,368.439628
3,853,369,368.291022
3,854,368,368.040248
3,855,368,367.693498
3,856,367,367.244582
3,857,367,366.863777
3,858,366,366.551084
3,859,366,366.241486
3,860,366,366.164087
3,861,366,366.513932
3,862,366,366.845201
3,863,366,367.065015
3,864,368,367.191950
3,865,368,367.108359
3,866,368,367.108359
3,867,369,367.133127
3,868,369,367.123839
3,869,365,367.074303
3,870,365,366.978328
3,871,365,366.894737
3,872,366,366.705882
3,873,368,366.582043
3,874,368,366.517028
3,875,367,366.452012
3,876,367,366.622291
3,877,367,366.904025
3,878,367,366.944272
3,879,366,366.978328
3,880,366,366.981424
3,881,367,367.046440
3,882,367,367.325077
3,883,368,367.746130
3,884,368,368.074303
3,885,369,368.433437
3,886,369,368.770898
3,887,369,368.975232
3,888,369,368.934985
3,889,369,368.715170
3,890,369,368.368421
3,891,368,367.947368
3,892,368,367.569659
3,893,367,367.176471
3,894,366,366.761610
3,895,366,366.495356
3,896,366,366.377709
3,897,366,366.408669
3,898,367,366.588235
3,899,367,366.916409
3,900,367,367.210526
3,901,367,367.640867
3,902,369,368.142415
3,903,369,368.532508
3,904,369,368.987616
3,905,369,369.266254
3,906,369,369.362229
3,907,369,369.386997
3,908,370,369.340557
3,909,370,369.111455
3,910,369,368.705882
3,911,369,368.170279
3,912,367,367.727554
3,913,367,367.377709
3,914,367,367.120743
3,915,367,366.891641
3,916,366,366.801858
3,917,366,367.027864
3,918,366,367.393189
3,919,369,367.851393
3,920,369,368.356037
3,921,369,368.678019
3,922,369,368.941176
3,923,370,369.204334
3,924,370,369.349845
3,925,369,369.325077
3,926,369,369.077399
3,927,368,368.606811
3,928,368,368.266254
3,929,368,367.814241
3,930,368,367.250774
3,931,367,366.811146
3,932,367,366.547988
3,933,366,366.513932
3,934,366,366.656347
3,935,366,366.922601
3,936,366,367.195046
3,937,367,367.532508
3,938,369,367.993808
3,939,369,368.461300
3,940,370,368.817337
3,941,370,369.120743
3,942,369,369.312693
3,943,369,369.334365
3,944,369,369.244582
3,945,369,368.925697
3,946,368,368.495356
3,947,368,368.130031
3,948,368,367.653251
3,949,368,367.312693
3,950,367,366.931889
3,951,367,366.634675
3,952,366,366.421053
3,953,366,366.467492
3,954,366,366.656347
3,955,366,366.804954
3,956,367,367.083591
3,957,367,367.609907
3,958,369,368.148607
3,959,369,368.712074
3,960,370,369.136223
3,961,369,369.309598
3,962,369,369.297214
3,963,370,369.099071
3,964,370,368.715170
3,965,368,368.133127
3,966,368,367.517028
3,967,366,367.160991
3,968,366,366.829721
3,969,366,366.523220
3,970,366,366.300310
3,971,366,366.226006
3,972,366,366.417957
3,973,368,366.817337
3,974,368,367.260062
3,975,367,367.758514
3,976,367,368.142415
3,977,369,368.417957
3,978,369,368.578947
3,979,369,368.619195
3,980,369,368.597523
3,981,369,368.396285
3,982,368,368.250774
3,983,368,368.043344
3,984,367,367.603715
3,985,367,367.114551
3,986,367,366.811146
3,987,367,366.575851
3,988,366,366.291022
3,989,366,366.191950
3,990,366,366.278638
3,991,366,366.433437
3,992,367,366.715170
3,993,367,367.000000
3,994,367,367.340557
3,995,367,367.854489
3,996,369,368.306502
3,997,369,368.578947
3,998,369,368.730650
3,999,369,368.755418
3,1000,369,368.647059
3,1001,369,368.582043
3,1002,369,368.383901
3,1003,367,367.993808
3,1004,367,367.529412
3,1005,367,367.095975
3,1006,367,366.798762
3,1007,367,366.637771
3,1008,367,366.613003
3,1009,366,366.724458
3,1010,366,366.972136
3,1011,367,367.356037
3,1012,367,367.640867
3,1013,369,367.944272
3,1014,369,368.318885
3,1015,369,368.640867
3,1016,369,368.950980
3,1017,369,369.186533
3,1018,369,369.321465
3,1019,369,369.329721
3,1020,369,369.185243
3,1021,369,368.861971
3,1022,368,368.333849
3,1023,368,367.574819
3,1024,366,367.061920
3,1025,366,366.783282
3,1026,366,366.535604
3,1027,366,366.436533
3,1028,367,366.486068
3,1029,367,366.684211
3,1030,367,367.030960
3,1031,367,367.408669
3,1032,368,367.941176
3,1033,368,368.275542
3,1034,369,368.659443
3,1035,369,368.857585
3,1036,369,368.869969
3,1037,369,368.814241
3,1038,369,368.631579
3,1039,369,368.328173
3,1040,368,367.910217
3,1041,368,367.436533
3,1042,366,366.965944
3,1043,366,366.557276
3,1044,366,366.269350
3,1045,366,366.043344
3,1046,366,365.996904
3,1047,366,366.130031
3,1048,366,366.442724
3,1049,367,366.882353
3,1050,367,367.396285
3,1051,368,367.814241
3,1052,368,368.142415
3,1053,369,368.439628
3,1054,369,368.588235
3,1055,369,368.588235
3,1056,369,368.439628
3,1057,368,368.142415
3,1058,368,367.749226
3,1059,367,367.312693
3,1060,367,366.885449
3,1061,366,366.520124
3,1062,366,366.334365
3,1063,366,366.204334
3,1064,366,366.247678
3,1065,366,366.724458
3,1066,367,367.071207
3,1067,367,367.306502
3,1068,368,367.442724
3,1069,368,367.551084
3,1070,368,367.455108
3,1071,369,367.331269
3,1072,369,367.238390
3,1073,365,367.058824
3,1074,365,366.792570
3,1075,366,366.557276
3,1076,366,366.229102
3,1077,366,366.043344
3,1078,367,365.941176
3,1079,367,365.798762
3,1080,366,365.962848
3,1081,366,366.368421
3,1082,366,366.544892
3,1083,366,366.727554
3,1084,367,367.009288
3,1085,367,367.436533
3,1086,367,367.767802
3,1087,369,368.179567
3,1088,369,368.495356
3,1089,369,368.603715
3,1090,369,368.569659
3,1091,369,368.328173
3,1092,369,367.990712
3,1093,367,367.668731
3,1094,367,367.297214
3,1095,366,366.876161
3,1096,366,366.640867
3,1097,366,366.343653
3,1098,366,366.219814
3,1099,367,366.204334
3,1100,367,366.408669
3,1101,367,366.826625
3,1102,367,367.216718
3,1103,367,367.755418
3,1104,367,368.325077
3,1105,369,368.749226
3,1106,369,369.021672
3,1107,370,369.136223
3,1108,370,369.269350
3,1109,370,369.244582
3,1110,370,369.068111
3,1111,369,368.746130
3,1112,367,368.219814
3,1113,367,367.606811
3,1114,367,367.077399
3,1115,367,366.625387
3,1116,366,366.309598
3,1117,366,366.188854
3,1118,366,366.269350
3,1119,366,366.557276
3,1120,367,366.941176
3,1121,367,367.250774
3,1122,368,367.603715
3,1123,368,367.987616
3,1124,369,368.520124
3,1125,369,368.848297
3,1126,369,369.030960
3,1127,369,369.061920
3,1128,369,368.934985
3,1129,369,368.826625
3,1130,369,368.560372
3,1131,369,368.130031
3,1132,367,367.705882
3,1133,367,367.405573
3,1134,367,367.170279
3,1135,367,366.876161
3,1136,367,366.752322
3,1137,366,366.792570
3,1138,366,366.990712
3,1139,368,367.340557
3,1140,368,367.835913
3,1141,368,368.300310
3,1142,368,368.733746
3,1143,370,369.188854
3,1144,370,369.541796
3,1145,370,369.851393
3,1146,370,369.882353
3,1147,370,369.693498
3,1148,370,369.513932
3,1149,369,369.219814
3,1150,369,368.752322
3,1151,368,368.229102
3,1152,368,367.820433
3,1153,367,367.520124
3,1154,367,367.334365
3,1155,367,367.269350
3,1156,367,367.266254
3,1157,367,367.442724
3,1158,368,367.811146
3,1159,368,368.207430
3,1160,369,368.585139
3,1161,369,368.897833
3,1162,369,369.034056
3,1163,369,369.058824
3,1164,370,369.037152
3,1165,370,368.857585
3,1166,368,368.591331
3,1167,368,368.120743
3,1168,367,367.622291
3,1169,367,367.219814
3,1170,367,366.860681
3,1171,367,366.492260
3,1172,366,366.238390
3,1173,366,366.157895
3,1174,365,366.309598
3,1175,367,366.399381
3,1176,367,366.662539
3,1177,367,367.034056
3,1178,367,367.448916
3,1179,368,367.959752
3,1180,368,368.442724
3,1181,369,368.839009
3,1182,369,369.089783
3,1183,370,369.136223
3,1184,370,369.154799
3,1185,369,369.086687
3,1186,369,368.826625
3,1187,368,368.321981
3,1188,368,367.814241
3,1189,367,367.185759
3,1190,367,366.678019
3,1191,366,366.173375
3,1192,366,365.848297
3,1193,365,365.761610
3,1194,365,365.736842
3,1195,366,365.950464
3,1196,366,366.343653
3,1197,367,366.857585
3,1198,367,367.498452
3,1199,368,368.095975
3,1200,369,368.597523
3,1201,369,368.950464
3,1202,370,369.037152
3,1203,370,368.916409
3,1204,369,368.764706
3,1205,369,368.405573
3,1206,367,367.897833
3,1207,367,367.300310
3,1208,366,366.606811
3,1209,366,366.105263
3,1210,366,365.736842
3,1211,366,365.495356
3,1212,365,365.551084
3,1213,365,365.851393
3,1214,366,366.343653
3,1215,366,366.792570
3,1216,368,367.315789
3,1217,368,367.913313
3,1218,368,368.408669
3,1219,370,368.795666
3,1220,370,369.068111
3,1221,369,369.102167
3,1222,369,368.950464
3,1223,369,368.848297
3,1224,369,368.501548
3,1225,367,368.021672
3,1226,367,367.520124
3,1227,367,367.003096
3,1228,367,366.712074
3,1229,367,366.470588
3,1230,367,366.291022
3,1231,365,366.179567
3,1232,365,366.188854
3,1233,367,366.430341
3,1234,367,366.792570
3,1235,367,367.164087
3,1236,367,367.538700
3,1237,368,367.910217
3,1238,368,368.402477
3,1239,369,368.786378
3,1240,370,368.832817
3,1241,370,368.665635
3,1242,368,368.513932
3,1243,368,368.253870
3,1244,368,367.826625
3,1245,368,367.349845
3,1246,366,366.876161
3,1247,366,366.458204
3,1248,366,366.213622
3,1249,366,366.201238
3,1250,366,366.238390
3,1251,366,366.325077
3,1252,367,366.643963
3,1253,367,367.071207
3,1254,368,367.600619
3,1255,368,368.055728
3,1256,368,368.436533
3,1257,368,368.860681
3,1258,370,369.092879
3,1259,370,369.133127
3,1260,369,368.981424
3,1261,369,368.820433
3,1262,369,368.479876
3,1263,368,368.024768
3,1264,368,367.520124
3,1265,366,366.848297
3,1266,366,366.244582
3,1267,366,365.944272
3,1268,366,365.829721
3,1269,365,365.795666
3,1270,365,366.108359
3,1271,366,366.439628
3,1272,366,366.919505
3,1273,368,367.343395
3,1274,368,367.642931
3,1275,368,367.749742
3,1276,368,367.595459
3,1277,368,367.111713
3,1278,365,366.230134
3,1279,365,364.882353
3,1280,367,366.873065
3,1281,367,366.631579
3,1282,367,366.538700
3,1283,367,366.346749
3,1284,367,366.291022
3,1285,367,366.306502
3,1286,366,366.504644
3,1287,366,366.526316
3,1288,366,366.541796
3,1289,366,366.761610
3,1290,366,367.043344
3,1291,368,367.439628
3,1292,368,367.826625
3,1293,369,368.263158
3,1294,369,368.631579
3,1295,369,368.879257
3,1296,369,368.953560
3,1297,369,368.854489
3,1298,369,368.582043
3,1299,368,368.136223
3,1300,368,367.752322
3,1301,367,367.247678
3,1302,367,366.863777
3,1303,366,366.547988
3,1304,366,366.312693
3,1305,366,366.040248
3,1306,366,365.900929
3,1307,366,366.006192
3,1308,366,366.297214
3,1309,367,366.715170
3,1310,367,367.201238
3,1311,367,367.696594
3,1312,367,368.142415
3,1313,369,368.479876
3,1314,370,368.702786
3,1315,370,368.804954
3,1316,369,368.910217
3,1317,369,368.789474
3,1318,368,368.501548
3,1319,368,368.105263
3,1320,367,367.541796
3,1321,367,366.928793
3,1322,367,366.436533
3,1323,367,366.176471
3,1324,365,366.030960
3,1325,365,366.006192
3,1326,366,366.167183
3,1327,366,366.396285
3,1328,367,366.752322
3,1329,367,367.176471
3,1330,368,367.609907
3,1331,368,368.176471
3,1332,369,368.647059
3,1333,369,368.792570
3,1334,369,368.736842
3,1335,369,368.591331
3,1336,369,368.291022
3,1337,368,368.018576
3,1338,368,367.603715
3,1339,366,367.111455
3,1340,366,366.606811
3,1341,366,366.024768
3,1342,366,365.653251
3,1343,366,365.427245
3,1344,366,365.523220
3,1345,365,365.823529
3,1346,365,366.210526
3,1347,366,366.743034
3,1348,366,367.244582
3,1349,369,367.715170
3,1350,369,368.272446
3,1351,370,368.681115
3,1352,369,369.006192
3,1353,369,369.136223
3,1354,369,368.959752
3,1355,369,368.541796
3,1356,368,367.869969
3,1357,368,367.108359
3,1358,366,366.603715
3,1359,366,366.173375
3,1360,365,365.817337
3,1361,365,365.594427
3,1362,365,365.504644
3,1363,365,365.659443
3,1364,367,366.052632
3,1365,367,366.560372
3,1366,367,367.300310
3,1367,367,367.913313
3,1368,369,368.575851
3,1369,369,369.170279
3,1370,370,369.520124
3,1371,370,369.684211
3,1372,370,369.544892
3,1373,370,369.337461
3,1374,369,368.944272
3,1375,369,368.247678
3,1376,368,367.482972
3,1377,366,366.820433
3,1378,366,366.253870
3,1379,365,365.842105
3,1380,365,365.643963
3,1381,365,365.600619
3,1382,365,365.829721
3,1383,367,366.278638
3,1384,367,366.894737
3,1385,368,367.560372
3,1386,368,368.099071
3,1387,369,368.752322
3,1388,369,369.160991
3,1389,370,369.377709
3,1390,370,369.520124
3,1391,369,369.352941
3,1392,369,369.111455
3,1393,369,368.678019
3,1394,369,368.052632
3,1395,367,367.411765
3,1396,367,366.814241
3,1397,367,366.318885
3,1398,365,365.984520
3,1399,365,365.869969
3,1400,365,365.798762
3,1401,365,365.947368
3,1402,367,366.309598
3,1403,367,366.879257
3,1404,368,367.414861
3,1405,368,368.027864
3,1406,369,368.829721
3,1407,369,369.343653
3,1408,370,369.811146
3,1409,370,369.990712
3,1410,370,369.876161
3,1411,370,369.696594
3,1412,370,369.328173
3,1413,370,368.829721
3,1414,368,368.260062
3,1415,368,367.678019
3,1416,366,367.142415
3,1417,366,366.712074
3,1418,366,366.445820
3,1419,366,366.284830
3,1420,366,366.346749
3,1421,367,366.696594
3,1422,367,367.222910
3,1423,368,367.761610
3,1424,368,368.325077
3,1425,369,368.743034
3,1426,369,369.021672
3,1427,370,369.219814
3,1428,370,369.219814
3,1429,369,369.021672
3,1430,369,368.743034
3,1431,368,368.325077
3,1432,368,367.826625
3,1433,367,367.306502
3,1434,367,366.823529
3,1435,366,366.436533
3,1436,366,366.139319
3,1437,366,366.102167
3,1438,366,366.207430
3,1439,366,366.513932
3,1440,367,366.897833
3,1441,367,367.411765
3,1442,368,367.990712
3,1443,368,368.569659
3,1444,370,369.148607
3,1445,370,369.551084
3,1446,370,369.835913
3,1447,370,369.885449
3,1448,370,369.699690
3,1449,370,369.396285
3,1450,369,368.916409
3,1451,369,368.318885
3,1452,367,367.662539
3,1453,367,367.123839
3,1454,366,366.702786
3,1455,366,366.281734
3,1456,366,366.095975
3,1457,366,366.210526
3,1458,366,366.513932
3,1459,367,366.894737
3,1460,367,367.417957
3,1461,368,367.913313
3,1462,368,368.386997
3,1463,370,368.845201
3,1464,370,369.117647
3,1465,369,369.204334
3,1466,369,369.105263
3,1467,369,368.820433
3,1468,369,368.467492
3,1469,368,367.857585
3,1470,368,367.337461
3,1471,366,366.842105
3,1472,366,366.606811
3,1473,366,366.448916
3,1474,366,366.374613
3,1475,366,366.643963
3,1476,366,366.922601
3,1477,368,367.229102
3,1478,368,367.464396
3,1479,368,367.705882
3,1480,368,367.665635
3,1481,369,367.585139
3,1482,369,367.523220
3,1483,366,367.362229
3,1484,366,367.102167
3,1485,366,366.743034
3,1486,366,366.585139
3,1487,366,366.399381
3,1488,367,366.139319
3,1489,367,365.804954
3,1490,366,365.749226
3,1491,366,365.848297
3,1492,366,365.866873
3,1493,366,365.981424
3,1494,365,366.173375
3,1495,365,366.489164
3,1496,366,366.798762
3,1497,368,367.272446
3,1498,368,367.727554
3,1499,369,368.111455
3,1500,369,368.371517
3,1501,369,368.507740
3,1502,369,368.520124
3,1503,368,368.291022
3,1504,368,367.879257
3,1505,367,367.331269
3,1506,367,366.928793
3,1507,366,366.482972
3,1508,366,366.229102
3,1509,366,366.043344
3,1510,366,366.043344
3,1511,366,366.229102
3,1512,366,366.482972
3,1513,367,366.798762
3,1514,367,367.229102
3,1515,368,367.708978
3,1516,368,368.173375
3,1517,369,368.557276
3,1518,369,368.913313
3,1519,369,369.117647
3,1520,369,369.294118
3,1521,370,369.213622
3,1522,369,368.934985
3,1523,369,368.517028
3,1524,368,368.148607
3,1525,368,367.665635
3,1526,367,367.204334
3,1527,367,366.724458
3,1528,365,366.226780
3,1529,365,365.771930
3,1530,366,365.384675
3,1531,366,365.089783
3,1532,365,364.912023
3,1533,365,364.876161
3,1534,365,365.006966
3,1535,365,365.329205
3,1536,366,365.637771
3,1537,366,365.777090
3,1538,366,365.916409
3,1539,366,366.160991
3,1540,366,366.439628
3,1541,367,366.563467
3,1542,367,366.696594
3,1543,367,366.885449
3,1544,367,367.000000
3,1545,367,367.145511
3,1546,367,367.250774
3,1547,367,367.309598
3,1548,367,367.315789
3,1549,368,367.198142
3,1550,368,367.179567
3,1551,367,367.253870
3,1552,367,367.303406
3,1553,367,367.328173
3,1554,367,367.328173
3,1555,367,367.238390
3,1556,367,367.235294
3,1557,368,367.201238
3,1558,368,367.253870
3,1559,367,367.334365
3,1560,367,367.331269
3,1561,367,367.309598
3,1562,367,367.269350
3,1563,368,367.210526
3,1564,367,367.133127
3,1565,367,367.037152
3,1566,367,367.170279
3,1567,367,367.250774
3,1568,367,367.179567
3,1569,367,367.034056
3,1570,367,366.761610
3,1571,367,366.486068
3,1572,367,366.396285
3,1573,367,366.210526
3,1574,365,365.941176
3,1575,365,365.712074
3,1576,365,365.529412
3,1577,365,365.464396
3,1578,366,365.411765
3,1579,366,365.383901
3,1580,365,365.393189
3,1581,365,365.452012
3,1582,366,365.572755
3,1583,366,365.524252
3,1584,366,365.456398
3,1585,365,365.373065
3,1586,365,365.278122
3,1587,365,365.175439
3,1588,365,365.068885
3,1589,365,364.962332
3,1590,365,364.859649
