channel,index,raw,filtered
1,0,364,363.097239
1,1,364,363.411119
1,2,364,364.175905
1,3,364,364.707025
1,4,364,365.056491
1,5,364,365.408191
1,6,367,365.693536
1,7,367,365.915280
1,8,367,366.191378
1,9,367,366.151321
1,10,365,365.892041
1,11,365,365.679927
1,12,367,365.560224
1,13,363,365.361613
1,14,363,365.153693
1,15,367,364.905567
1,16,367,364.816624
1,17,364,364.848431
1,18,364,364.877184
1,19,365,364.865829
1,20,365,364.828100
1,21,365,364.538578
1,22,365,364.319282
1,23,363,363.967740
1,24,363,363.774963
1,25,364,363.757084
1,26,364,363.518705
1,27,363,363.094527
1,28,363,363.226080
1,29,363,363.282063
1,30,364,363.146645
1,31,364,363.213714
1,32,363,363.510009
1,33,363,363.709659
1,34,364,364.058572
1,35,364,364.469096
1,36,365,364.870970
1,37,365,365.473871
1,38,368,366.253797
1,39,368,366.949955
1,40,366,367.571310
1,41,366,368.124478
1,42,370,368.670926
1,43,370,369.145090
1,44,370,369.631724
1,45,370,369.938781
1,46,370,370.457847
1,47,370,370.749557
1,48,372,371.015889
1,49,371,371.421630
1,50,371,371.869716
1,51,373,372.189111
1,52,373,372.707354
1,53,373,373.064829
1,54,373,373.214840
1,55,372,373.194272
1,56,372,372.566853
1,57,372,371.438293
1,58,372,370.237362
1,59,370,368.948606
1,60,370,367.613337
1,61,364,366.483395
1,62,364,365.536101
1,63,364,364.626254
1,64,362,363.911874
1,65,362,363.582164
1,66,366,363.381605
1,67,366,363.363471
1,68,364,363.372096
1,69,364,363.457780
1,70,362,363.543808
1,71,363,363.573299
1,72,363,363.489393
1,73,363,363.358967
1,74,363,363.467799
1,75,365,363.694346
1,76,365,364.353518
1,77,364,364.995027
1,78,364,365.644497
1,79,368,366.407305
1,80,368,367.128153
1,81,368,367.634151
1,82,368,368.273688
1,83,369,369.125954
1,84,369,369.694263
1,85,370,370.226630
1,86,370,370.755608
1,87,371,371.485720
1,88,373,371.885935
1,89,373,372.088870
1,90,373,372.252790
1,91,373,372.379217
1,92,371,372.490560
1,93,371,372.427945
1,94,372,372.032462
1,95,372,371.649720
1,96,372,371.201070
1,97,372,370.602890
1,98,368,369.824477
1,99,368,369.156750
1,100,370,368.485045
1,101,370,367.752328
1,102,365,366.752858
1,103,365,365.959170
1,104,366,365.385077
1,105,364,364.744976
1,106,364,364.027285
1,107,364,363.837875
1,108,364,363.692152
1,109,364,363.514954
1,110,364,363.469911
1,111,363,363.545803
1,112,363,363.723083
1,113,365,364.177365
1,114,365,364.621465
1,115,364,365.114806
1,116,364,365.722180
1,117,369,366.638557
1,118,369,367.509416
1,119,367,368.414071
1,120,367,369.362933
1,121,372,370.219587
1,122,371,370.788671
1,123,371,371.115621
1,124,372,371.383060
1,125,372,371.496027
1,126,371,371.574427
1,127,371,371.626665
1,128,372,371.560231
1,129,372,371.529137
1,130,370,371.491071
1,131,370,371.164877
1,132,371,370.428909
1,133,371,369.807879
1,134,370,369.233819
1,135,370,368.554674
1,136,367,367.573017
1,137,366,366.857687
1,138,366,366.087039
1,139,364,365.435401
1,140,364,364.881276
1,141,365,364.554520
1,142,365,364.341425
1,143,365,364.125196
1,144,365,364.085274
1,145,364,364.217919
1,146,364,364.300990
1,147,364,364.343455
1,148,364,364.464271
1,149,365,364.749068
1,150,365,365.112399
1,151,366,365.766348
1,152,366,366.601666
1,153,368,367.601827
1,154,368,368.703811
1,155,370,369.759187
1,156,371,370.472458
1,157,371,371.032965
1,158,372,371.550412
1,159,372,371.805578
1,160,372,371.962459
1,161,372,372.088042
1,162,372,372.265227
1,163,372,372.196136
1,164,371,371.936090
1,165,371,371.707801
1,166,372,371.437324
1,167,372,371.067126
1,168,371,370.473469
1,169,371,369.891066
1,170,368,369.094914
1,171,368,368.292825
1,172,368,367.413047
1,173,365,366.568348
1,174,365,365.731219
1,175,366,365.046053
1,176,366,364.393713
1,177,363,363.945318
1,178,363,363.611824
1,179,364,363.457620
1,180,364,363.406034
1,181,363,363.407925
1,182,363,363.469002
1,183,364,363.651083
1,184,364,364.047187
1,185,365,364.811565
1,186,365,365.573868
1,187,367,366.559749
1,188,367,367.604698
1,189,369,368.549516
1,190,369,369.380348
1,191,371,370.229095
1,192,371,371.302196
1,193,372,372.041999
1,194,373,372.511083
1,195,373,372.876136
1,196,372,373.011933
1,197,372,372.838468
1,198,373,372.430251
1,199,373,372.018714
1,200,372,371.581132
1,201,372,371.006780
1,202,369,370.227654
1,203,369,369.621200
1,204,368,369.004237
1,205,368,368.399271
1,206,369,367.638326
1,207,367,367.070150
1,208,367,366.471312
1,209,367,365.942381
1,210,365,365.387103
1,211,364,365.128208
1,212,364,364.914223
1,213,365,364.478174
1,214,365,363.937761
1,215,363,363.647672
1,216,363,363.595008
1,217,365,363.868700
1,218,365,364.183655
1,219,364,364.666983
1,220,364,365.120512
1,221,366,365.601459
1,222,366,366.298363
1,223,367,367.071101
1,224,367,367.826637
1,225,371,368.815348
1,226,371,369.642568
1,227,369,370.339144
1,228,369,371.008780
1,229,372,371.816195
1,230,373,372.396978
1,231,373,372.675820
1,232,373,372.721156
1,233,373,372.669208
1,234,372,372.525922
1,235,372,372.274552
1,236,372,371.809814
1,237,372,371.266195
1,238,370,370.526894
1,239,370,369.639489
1,240,367,368.359208
1,241,367,367.444319
1,242,368,366.602166
1,243,368,365.853817
1,244,364,365.209379
1,245,364,364.669482
1,246,364,364.227946
1,247,363,363.875607
1,248,363,363.605335
1,249,364,363.418211
1,250,364,363.330884
1,251,364,363.384101
1,252,364,363.652413
1,253,364,364.255047
1,254,364,365.367962
1,255,368,367.237072
1,256,368,365.802721
1,257,363,366.289060
1,258,363,366.931459
1,259,369,367.871527
1,260,369,368.357047
1,261,370,368.739461
1,262,370,368.979064
1,263,370,369.024788
1,264,369,369.179355
1,265,369,369.515902
1,266,369,369.584863
1,267,369,369.560141
1,268,369,369.414955
1,269,368,369.175788
1,270,368,368.759713
1,271,370,368.637921
1,272,371,368.869700
1,273,371,368.849861
1,274,367,368.331216
1,275,367,367.951496
1,276,365,367.340381
1,277,365,366.736842
1,278,368,366.120253
1,279,368,365.376255
1,280,364,364.457800
1,281,364,363.858105
1,282,363,363.474574
1,283,363,363.269920
1,284,363,363.155853
1,285,363,363.230884
1,286,363,363.234355
1,287,363,363.342243
1,288,363,363.640597
1,289,365,364.193188
1,290,365,364.724147
1,291,367,365.415437
1,292,367,366.132173
1,293,365,366.464656
1,294,365,366.854304
1,295,369,367.885853
1,296,369,368.668634
1,297,369,369.488437
1,298,369,370.288310
1,299,372,371.097056
1,300,372,371.772135
1,301,373,372.350449
1,302,373,372.611840
1,303,372,372.547838
1,304,372,372.177265
1,305,372,371.656633
1,306,372,370.801204
1,307,368,369.844326
1,308,368,369.142479
1,309,371,368.343439
1,310,366,367.401479
1,311,366,366.614225
1,312,366,366.011675
1,313,366,365.346437
1,314,365,364.469859
1,315,365,364.033826
1,316,363,363.786219
1,317,363,363.659487
1,318,364,363.642768
1,319,364,363.740434
1,320,363,363.896618
1,321,363,364.318031
1,322,366,365.034031
1,323,366,365.581670
1,324,367,365.988626
1,325,367,366.711190
1,326,368,367.213792
1,327,366,367.636227
1,328,366,368.092862
1,329,370,368.318418
1,330,370,368.686717
1,331,369,369.453414
1,332,369,369.794231
1,333,370,370.016872
1,334,370,370.459593
1,335,372,371.155353
1,336,372,371.710953
1,337,372,372.019004
1,338,372,372.287375
1,339,372,372.374320
1,340,372,372.247651
1,341,372,371.904259
1,342,372,371.517637
1,343,369,370.773891
1,344,372,369.768034
1,345,372,368.860106
1,346,365,367.914357
1,347,365,366.922774
1,348,366,365.768841
1,349,366,365.075473
1,350,364,364.625029
1,351,364,364.054411
1,352,364,363.346050
1,353,364,363.134634
1,354,363,363.178871
1,355,363,363.331629
1,356,363,363.576324
1,357,363,363.735857
1,358,365,363.888379
1,359,365,363.996245
1,360,364,364.430642
1,361,364,365.340428
1,362,364,366.070869
1,363,370,366.630119
1,364,370,367.250460
1,365,365,367.980734
1,366,365,368.537432
1,367,371,369.106686
1,368,371,369.478638
1,369,371,369.858385
1,370,371,370.232081
1,371,369,370.720191
1,372,369,371.019504
1,373,372,371.174799
1,374,372,371.429480
1,375,372,371.755881
1,376,372,371.984950
1,377,371,372.044362
1,378,372,371.509763
1,379,372,371.069540
1,380,371,370.880362
1,381,371,370.359659
1,382,368,369.316034
1,383,368,368.474812
1,384,368,367.671039
1,385,368,366.872899
1,386,365,366.147935
1,387,365,365.576405
1,388,365,364.974376
1,389,365,364.557497
1,390,365,364.176313
1,391,365,364.012120
1,392,363,363.960877
1,393,363,363.927885
1,394,364,363.924459
1,395,364,364.129769
1,396,364,364.441942
1,397,366,364.859655
1,398,366,365.240708
1,399,365,365.722470
1,400,365,366.185783
1,401,368,366.910382
1,402,368,367.496124
1,403,368,368.174900
1,404,368,368.801486
1,405,370,369.411059
1,406,370,370.217347
1,407,371,371.305376
1,408,371,371.938908
1,409,373,372.312719
1,410,373,372.485858
1,411,372,372.464983
1,412,373,372.199667
1,413,373,371.865652
1,414,371,371.524185
1,415,371,370.991271
1,416,369,370.163694
1,417,369,369.337460
1,418,367,368.386396
1,419,367,367.586698
1,420,369,366.783442
1,421,369,366.020178
1,422,364,365.245310
1,423,364,364.561416
1,424,363,363.781853
1,425,363,363.457355
1,426,363,363.340756
1,427,363,363.293872
1,428,364,363.378480
1,429,364,363.630026
1,430,364,363.847024
1,431,364,364.347650
1,432,364,364.904702
1,433,367,365.485353
1,434,367,365.857188
1,435,366,366.209186
1,436,366,366.544292
1,437,366,367.214816
1,438,366,367.794995
1,439,370,368.503114
1,440,370,369.330390
1,441,371,370.348122
1,442,371,371.025928
1,443,371,371.465796
1,444,371,371.910558
1,445,373,372.369820
1,446,373,372.515617
1,447,372,372.367397
1,448,372,371.947975
1,449,373,371.540505
1,450,370,371.122626
1,451,370,370.623982
1,452,369,370.066093
1,453,369,369.244994
1,454,370,368.430113
1,455,370,367.719763
1,456,365,366.970020
1,457,365,366.224977
1,458,366,365.526274
1,459,366,364.724940
1,460,363,363.821718
1,461,363,363.380478
1,462,364,363.247428
1,463,364,363.449405
1,464,364,363.885969
1,465,364,364.681060
1,466,364,365.477611
1,467,364,366.321910
1,468,369,367.168028
1,469,369,367.655425
1,470,370,368.086984
1,471,370,368.900876
1,472,370,369.589682
1,473,368,370.115398
1,474,368,370.714109
1,475,371,371.173310
1,476,371,371.527091
1,477,373,371.939087
1,478,373,372.061810
1,479,373,372.048872
1,480,373,372.174215
1,481,373,372.410628
1,482,373,372.319825
1,483,369,371.733137
1,484,369,371.210579
1,485,371,370.573970
1,486,371,369.950564
1,487,370,369.324198
1,488,370,368.956646
1,489,367,368.490343
1,490,369,367.867348
1,491,369,367.186384
1,492,364,366.433044
1,493,364,365.711983
1,494,366,364.972142
1,495,366,364.271401
1,496,363,363.593750
1,497,363,363.418258
1,498,364,363.491894
1,499,364,363.796832
1,500,364,364.294973
1,501,364,364.931800
1,502,366,365.642088
1,503,366,366.357480
1,504,367,367.015913
1,505,367,367.572909
1,506,369,368.014723
1,507,369,368.373345
1,508,369,368.743371
1,509,369,369.300721
1,510,369,370.323223
1,511,373,372.213053
1,512,373,371.591539
1,513,372,371.829485
1,514,372,372.098255
1,515,372,372.484646
1,516,372,372.591161
1,517,372,372.461286
1,518,372,372.403903
1,519,373,372.300656
1,520,373,372.079289
1,521,371,371.619884
1,522,371,371.196971
1,523,371,370.707496
1,524,370,370.103076
1,525,370,369.190076
1,526,367,368.193876
1,527,367,367.259535
1,528,367,366.313494
1,529,367,365.416466
1,530,363,364.505762
1,531,363,363.959009
1,532,364,363.726589
1,533,364,363.382224
1,534,363,362.958389
1,535,363,363.023651
1,536,364,363.477093
1,537,364,364.030305
1,538,364,364.643788
1,539,364,365.397687
1,540,368,366.218316
1,541,367,367.028024
1,542,367,367.568569
1,543,368,368.266603
1,544,368,368.779206
1,545,372,369.367711
1,546,372,369.903757
1,547,368,370.557992
1,548,368,370.878071
1,549,372,371.027082
1,550,372,371.373351
1,551,372,371.836027
1,552,372,372.133712
1,553,373,372.345548
1,554,373,372.264835
1,555,371,371.850324
1,556,371,371.552120
1,557,373,371.113895
1,558,369,370.669112
1,559,369,370.141928
1,560,371,369.302518
1,561,371,368.683383
1,562,365,368.167944
1,563,365,367.756669
1,564,369,367.213109
1,565,369,366.623239
1,566,366,365.908324
1,567,366,365.320237
1,568,364,364.845696
1,569,364,364.542017
1,570,364,364.562042
1,571,364,364.668475
1,572,366,364.867403
1,573,366,365.771486
1,574,366,366.661118
1,575,367,367.500936
1,576,367,368.491476
1,577,372,369.727804
1,578,372,370.524487
1,579,370,370.920288
1,580,370,371.061490
1,581,372,371.131503
1,582,372,371.119227
1,583,371,371.345156
1,584,371,371.316187
1,585,370,371.201258
1,586,370,371.323678
1,587,373,371.599697
1,588,372,371.774058
1,589,372,371.890856
1,590,372,371.912042
1,591,372,371.876476
1,592,372,371.356952
1,593,372,370.883069
1,594,369,370.490245
1,595,369,370.019969
1,596,370,369.356395
1,597,370,368.767307
1,598,366,368.159942
1,599,366,367.637972
1,600,369,367.090028
1,601,369,366.604935
1,602,365,365.992372
1,603,365,365.438116
1,604,365,364.843403
1,605,365,364.314151
1,606,363,363.867213
1,607,363,363.745981
1,608,364,363.909581
1,609,365,364.514978
1,610,365,365.184572
1,611,366,365.992485
1,612,366,366.779487
1,613,368,367.696179
1,614,368,368.513152
1,615,371,369.136786
1,616,371,369.739868
1,617,370,370.534494
1,618,370,370.842886
1,619,370,370.915330
1,620,370,371.164697
1,621,372,371.694719
1,622,372,371.902274
1,623,373,371.995621
1,624,373,371.927561
1,625,373,371.839563
1,626,370,371.778838
1,627,370,371.761280
1,628,372,371.507829
1,629,372,371.173104
1,630,371,370.390300
1,631,371,369.858001
1,632,367,369.457082
1,633,367,368.869296
1,634,370,368.167258
1,635,370,367.460779
1,636,366,366.571053
1,637,366,365.928206
1,638,364,365.324276
1,639,364,364.833586
1,640,365,364.405399
1,641,365,364.426903
1,642,364,364.454868
1,643,364,364.417968
1,644,363,364.465511
1,645,367,364.702188
1,646,367,365.100428
1,647,365,365.723550
1,648,365,366.181713
1,649,366,366.483765
1,650,366,367.065373
1,651,369,367.722008
1,652,369,368.442759
1,653,369,369.389861
1,654,369,370.213789
1,655,372,371.088705
1,656,372,371.586040
1,657,372,371.983783
1,658,372,372.184469
1,659,373,372.543166
1,660,373,372.768176
1,661,372,372.650142
1,662,372,372.323120
1,663,372,371.991362
1,664,372,371.518596
1,665,369,371.065199
1,666,371,370.427360
1,667,371,369.670391
1,668,370,368.813920
1,669,370,367.899590
1,670,364,366.760467
1,671,364,366.059469
1,672,364,365.639707
1,673,368,365.154171
1,674,368,364.484961
1,675,362,364.404008
1,676,362,364.639855
1,677,365,364.842230
1,678,365,364.983326
1,679,367,365.178715
1,680,367,365.471112
1,681,365,365.501613
1,682,365,365.576577
1,683,365,365.796579
1,684,365,366.151108
1,685,369,367.019678
1,686,369,367.769083
1,687,366,368.513877
1,688,366,369.105322
1,689,373,370.068280
1,690,373,371.230474
1,691,372,371.986198
1,692,372,372.599083
1,693,373,373.311713
1,694,373,373.275401
1,695,373,373.027393
1,696,373,372.799484
1,697,373,372.459679
1,698,372,372.336688
1,699,372,372.016403
1,700,371,371.416035
1,701,371,371.076907
1,702,371,370.936779
1,703,371,370.552284
1,704,368,369.616991
1,705,368,368.930401
1,706,371,368.287560
1,707,371,367.479797
1,708,364,366.559720
1,709,364,365.682913
1,710,364,364.741241
1,711,364,364.215656
1,712,366,363.858406
1,713,363,363.781128
1,714,363,363.742853
1,715,364,363.896607
1,716,364,363.927520
1,717,364,363.908378
1,718,364,364.114659
1,719,366,364.579305
1,720,366,364.939398
1,721,365,365.175434
1,722,365,365.695403
1,723,365,366.785786
1,724,365,367.641739
1,725,370,368.477883
1,726,370,369.361572
1,727,372,370.360623
1,728,372,371.201436
1,729,373,371.752715
1,730,371,372.237078
1,731,371,372.674675
1,732,373,373.200618
1,733,373,373.261884
1,734,373,372.955378
1,735,373,372.693781
1,736,373,372.522773
1,737,373,372.269613
1,738,371,371.905247
1,739,371,371.496875
1,740,372,370.705177
1,741,372,369.887594
1,742,366,368.803338
1,743,366,367.767224
1,744,367,366.717801
1,745,367,365.953096
1,746,368,365.114486
1,747,363,364.520912
1,748,363,364.167295
1,749,364,363.912526
1,750,364,363.701997
1,751,363,363.603577
1,752,363,363.696568
1,753,365,363.915994
1,754,365,364.258842
1,755,365,364.717268
1,756,365,365.282073
1,757,366,365.942460
1,758,366,366.685622
1,759,367,367.496142
1,760,367,368.355237
1,761,371,369.239814
1,762,371,370.121363
1,763,371,370.964667
1,764,371,371.726343
1,765,372,372.353213
1,766,373,372.780492
1,767,373,372.929809
1,768,372,372.859435
1,769,372,372.890173
1,770,373,372.880646
1,771,373,372.695078
1,772,372,372.376304
1,773,372,372.124028
1,774,373,371.797953
1,775,373,371.368811
1,776,369,370.641940
1,777,369,369.887228
1,778,370,369.029884
1,779,367,368.188129
1,780,367,367.184684
1,781,367,366.427200
1,782,367,365.882845
1,783,365,365.319703
1,784,365,364.599830
1,785,363,364.115890
1,786,363,363.818199
1,787,364,363.580008
1,788,364,363.440595
1,789,364,363.316972
1,790,364,363.347198
1,791,363,363.680639
1,792,363,363.946427
1,793,364,364.356766
1,794,364,365.071200
1,795,368,365.754228
1,796,368,366.465682
1,797,366,367.249212
1,798,366,368.099313
1,799,370,368.960458
1,800,370,369.793368
1,801,370,370.503574
1,802,372,371.038341
1,803,372,371.648590
1,804,372,371.991336
1,805,372,372.252134
1,806,372,372.635803
1,807,373,373.071905
1,808,373,373.202947
1,809,373,373.136441
1,810,373,372.730920
1,811,373,372.398109
1,812,372,372.069827
1,813,372,371.575386
1,814,370,370.772324
1,815,370,369.905957
1,816,369,368.787952
1,817,369,367.747627
1,818,365,366.838950
1,819,365,365.972586
1,820,366,365.131467
1,821,366,364.420277
1,822,363,363.702244
1,823,363,363.328601
1,824,363,363.164838
1,825,363,363.062841
1,826,363,362.976445
1,827,364,363.227968
1,828,364,363.620521
1,829,363,364.186368
1,830,363,364.724573
1,831,367,365.335272
1,832,367,365.992293
1,833,367,366.875425
1,834,367,367.596251
1,835,368,368.281068
1,836,368,368.897259
1,837,371,369.641195
1,838,371,370.289183
1,839,370,370.926196
1,840,370,371.530525
1,841,373,372.181104
1,842,373,372.487463
1,843,373,372.737092
1,844,373,373.064235
1,845,373,373.155747
1,846,373,373.013104
1,847,373,372.855352
1,848,373,372.670895
1,849,373,372.473497
1,850,371,372.165613
1,851,371,371.841226
1,852,371,371.309682
1,853,371,370.734541
1,854,371,370.013146
1,855,371,369.287579
1,856,367,368.254443
1,857,367,367.399245
1,858,367,366.602853
1,859,365,365.595383
1,860,365,364.397543
1,861,363,363.752832
1,862,363,363.219125
1,863,363,362.783058
1,864,363,362.779128
1,865,364,363.270418
1,866,364,363.639063
1,867,363,364.055902
1,868,363,364.532203
1,869,366,365.162511
1,870,366,365.841612
1,871,369,366.908461
1,872,369,367.822384
1,873,366,368.513308
1,874,366,369.040067
1,875,372,369.370035
1,876,369,369.693582
1,877,369,369.690157
1,878,372,369.674101
1,879,372,369.406810
1,880,368,369.138389
1,881,368,369.129841
1,882,368,369.458158
1,883,369,369.918772
1,884,369,370.197420
1,885,372,370.544316
1,886,372,370.747434
1,887,371,371.070337
1,888,371,371.451209
1,889,372,371.388265
1,890,372,370.860475
1,891,370,370.325589
1,892,370,369.445201
1,893,366,368.160431
1,894,366,366.886233
1,895,366,365.787011
1,896,366,364.811332
1,897,365,364.001525
1,898,363,363.487324
1,899,363,363.250035
1,900,363,362.953662
1,901,363,363.072419
1,902,363,363.428545
1,903,363,363.920754
1,904,365,364.404515
1,905,365,365.026628
1,906,367,365.812081
1,907,367,366.526052
1,908,367,367.440576
1,909,367,368.116878
1,910,369,368.715460
1,911,369,369.289794
1,912,371,369.962980
1,913,371,370.651967
1,914,370,371.251159
1,915,372,371.828387
1,916,372,372.489793
1,917,373,372.866388
1,918,373,373.120770
1,919,374,373.150188
1,920,374,373.255949
1,921,373,373.069117
1,922,373,372.911240
1,923,372,372.771936
1,924,372,372.610073
1,925,372,372.297545
1,926,372,371.941190
1,927,371,371.323757
1,928,371,370.790080
1,929,371,370.164735
1,930,371,369.314801
1,931,367,368.382908
1,932,367,367.282098
1,933,366,366.084115
1,934,366,364.976550
1,935,363,364.060366
1,936,363,363.388845
1,937,363,362.845342
1,938,363,362.720646
1,939,363,362.946199
1,940,363,363.352139
1,941,363,363.829448
1,942,365,364.344222
1,943,365,364.771728
1,944,366,365.122198
1,945,366,365.562834
1,946,366,366.264669
1,947,366,366.798832
1,948,368,367.416061
1,949,368,368.032889
1,950,368,368.869689
1,951,368,369.679233
1,952,371,370.644474
1,953,373,371.391887
1,954,373,372.128451
1,955,373,372.692230
1,956,373,373.211356
1,957,373,373.664881
1,958,373,373.820227
1,959,374,373.707928
1,960,374,373.578265
1,961,373,373.375094
1,962,373,373.046679
1,963,372,372.474789
1,964,372,371.925060
1,965,372,371.343234
1,966,372,370.483515
1,967,368,369.153049
1,968,368,368.052357
1,969,366,367.116070
1,970,367,366.236970
1,971,367,365.480673
1,972,363,364.507065
1,973,363,364.032159
1,974,364,363.846900
1,975,364,363.672122
1,976,364,363.503611
1,977,364,363.662561
1,978,365,364.095964
1,979,365,364.442262
1,980,363,364.798243
1,981,363,365.272161
1,982,368,366.027502
1,983,368,366.811414
1,984,368,367.753292
1,985,368,368.512319
1,986,366,369.286024
1,987,373,370.289510
1,988,373,371.192540
1,989,370,371.669983
1,990,370,371.978403
1,991,374,372.242824
1,992,374,372.337201
1,993,372,372.363141
1,994,372,372.503514
1,995,372,372.909255
1,996,372,372.944090
1,997,373,372.583281
1,998,373,372.432906
1,999,372,372.329124
1,1000,372,372.218685
1,1001,373,372.005008
1,1002,373,371.192021
1,1003,369,370.528540
1,1004,369,369.858819
1,1005,369,368.809218
1,1006,367,367.710205
1,1007,367,366.769360
1,1008,367,366.099943
1,1009,367,365.339174
1,1010,363,364.687279
1,1011,363,364.160364
1,1012,364,363.768178
1,1013,364,363.514885
1,1014,364,363.400378
1,1015,364,363.422115
1,1016,364,363.577508
1,1017,364,363.866831
1,1018,363,364.296672
1,1019,363,364.883919
1,1020,367,365.660277
1,1021,367,366.677328
1,1022,369,368.012119
1,1023,369,369.773287
1,1024,366,369.003075
1,1025,370,369.986170
1,1026,370,370.807895
1,1027,373,371.258143
1,1028,373,371.509374
1,1029,371,371.851745
1,1030,371,372.077464
1,1031,373,372.449990
1,1032,373,372.523327
1,1033,372,372.536892
1,1034,372,372.710829
1,1035,373,372.851556
1,1036,373,372.922849
1,1037,373,372.819124
1,1038,373,372.774579
1,1039,373,372.796853
1,1040,373,372.309758
1,1041,370,371.601290
1,1042,370,370.865163
1,1043,372,370.074638
1,1044,370,369.208270
1,1045,370,368.285797
1,1046,364,367.141285
1,1047,364,366.333384
1,1048,367,365.726533
1,1049,367,365.082939
1,1050,364,364.360187
1,1051,364,363.961990
1,1052,364,363.706192
1,1053,364,363.723327
1,1054,363,363.975129
1,1055,363,364.286482
1,1056,367,364.809528
1,1057,365,365.361545
1,1058,365,365.936461
1,1059,367,366.799300
1,1060,367,367.850428
1,1061,371,369.162088
1,1062,371,370.176959
1,1063,370,370.930669
1,1064,370,371.715845
1,1065,373,372.699468
1,1066,373,373.176796
1,1067,375,373.471286
1,1068,375,373.602355
1,1069,373,373.974947
1,1070,373,374.445471
1,1071,374,374.203942
1,1072,374,373.981264
1,1073,374,373.650781
1,1074,374,373.153825
1,1075,372,372.668417
1,1076,372,372.002213
1,1077,372,371.470333
1,1078,372,371.139426
1,1079,372,370.759869
1,1080,367,369.963810
1,1081,367,369.252889
1,1082,367,368.364066
1,1083,371,367.493150
1,1084,371,366.638892
1,1085,364,365.825974
1,1086,364,364.966160
1,1087,364,364.325468
1,1088,363,363.881652
1,1089,363,363.493866
1,1090,363,363.214567
1,1091,363,363.352884
1,1092,365,363.776409
1,1093,365,364.302087
1,1094,364,364.996838
1,1095,367,366.031048
1,1096,367,366.876248
1,1097,367,367.539416
1,1098,367,367.857289
1,1099,369,368.351334
1,1100,369,369.155243
1,1101,371,369.697611
1,1102,371,370.307176
1,1103,369,371.071212
1,1104,369,371.613489
1,1105,374,372.072676
1,1106,374,372.468979
1,1107,373,372.792471
1,1108,373,373.045033
1,1109,373,373.298359
1,1110,373,373.200043
1,1111,373,373.175423
1,1112,373,373.087597
1,1113,373,373.006103
1,1114,372,372.673091
1,1115,372,372.266127
1,1116,373,371.868885
1,1117,373,371.628340
1,1118,370,371.302915
1,1119,370,370.872962
1,1120,370,370.125559
1,1121,370,369.219799
1,1122,368,368.146290
1,1123,368,367.207206
1,1124,366,366.352152
1,1125,366,365.657517
1,1126,365,365.118400
1,1127,365,364.652160
1,1128,363,364.129326
1,1129,363,364.204066
1,1130,365,364.484486
1,1131,365,364.614349
1,1132,364,364.726023
1,1133,367,365.035934
1,1134,367,365.200969
1,1135,364,365.509040
1,1136,364,365.825178
1,1137,367,366.263445
1,1138,367,366.709863
1,1139,368,367.391651
1,1140,368,367.998976
1,1141,367,368.686377
1,1142,367,369.604562
1,1143,374,370.822349
1,1144,374,371.763086
1,1145,372,372.511423
1,1146,372,373.084295
1,1147,373,373.536436
1,1148,373,373.629462
1,1149,375,373.867119
1,1150,374,373.996752
1,1151,374,374.014985
1,1152,374,373.925288
1,1153,374,373.700123
1,1154,372,373.359676
1,1155,372,373.070519
1,1156,374,372.842941
1,1157,374,372.351684
1,1158,371,371.337128
1,1159,371,370.570309
1,1160,369,369.892222
1,1161,369,369.187129
1,1162,368,368.322460
1,1163,368,367.595174
1,1164,365,366.778918
1,1165,367,366.056835
1,1166,367,365.194604
1,1167,364,364.619340
1,1168,364,364.132269
1,1169,364,363.996394
1,1170,364,363.923769
1,1171,363,363.592106
1,1172,363,363.342587
1,1173,364,363.552342
1,1174,364,363.964874
1,1175,365,364.747989
1,1176,365,365.613801
1,1177,368,366.663623
1,1178,368,367.804295
1,1179,368,369.058012
1,1180,368,370.099382
1,1181,372,371.330305
1,1182,372,372.158241
1,1183,375,372.509437
1,1184,375,372.972994
1,1185,372,373.583343
1,1186,372,373.871838
1,1187,374,373.961833
1,1188,374,373.859893
1,1189,374,373.620469
1,1190,373,373.538055
1,1191,373,373.633429
1,1192,373,373.144135
1,1193,373,372.590784
1,1194,374,372.012940
1,1195,374,371.392831
1,1196,367,370.464962
1,1197,367,369.782148
1,1198,371,369.040431
1,1199,371,368.333406
1,1200,366,367.668232
1,1201,366,367.138587
1,1202,365,366.491502
1,1203,365,366.083472
1,1204,369,365.765132
1,1205,369,365.342338
1,1206,363,364.701323
1,1207,363,364.282224
1,1208,363,364.124291
1,1209,363,363.689655
1,1210,363,363.305419
1,1211,366,363.979586
1,1212,366,364.722884
1,1213,364,365.381551
1,1214,364,366.280219
1,1215,368,367.424431
1,1216,368,368.405572
1,1217,371,369.297198
1,1218,371,369.793107
1,1219,369,369.804091
1,1220,369,369.960699
1,1221,373,370.622293
1,1222,373,370.794979
1,1223,367,370.852130
1,1224,367,371.280684
1,1225,374,372.063243
1,1226,374,372.471456
1,1227,374,373.048529
1,1228,374,373.792141
1,1229,374,374.380631
1,1230,375,374.693386
1,1231,375,374.882128
1,1232,374,374.732543
1,1233,374,374.437821
1,1234,375,374.017100
1,1235,375,373.266479
1,1236,369,372.163119
1,1237,369,371.235332
1,1238,373,370.645267
1,1239,373,369.760228
1,1240,367,368.346834
1,1241,367,367.390036
1,1242,366,366.567267
1,1243,365,365.726801
1,1244,365,364.893894
1,1245,364,363.964717
1,1246,364,363.426257
1,1247,363,363.093033
1,1248,363,362.869794
1,1249,363,362.646172
1,1250,363,362.761733
1,1251,363,363.279586
1,1252,363,363.616229
1,1253,363,363.724159
1,1254,363,364.056741
1,1255,367,364.787848
1,1256,367,365.429284
1,1257,366,366.209837
1,1258,366,367.075956
1,1259,366,368.022073
1,1260,370,368.927490
1,1261,370,369.790169
1,1262,371,370.698588
1,1263,371,371.551029
1,1264,373,372.347360
1,1265,373,373.005944
1,1266,374,373.544753
1,1267,374,373.946987
1,1268,374,374.200340
1,1269,374,374.298208
1,1270,374,374.240995
1,1271,374,374.037506
1,1272,374,373.706443
1,1273,374,373.277991
1,1274,372,372.795503
1,1275,372,372.317278
1,1276,372,371.918433
1,1277,372,371.692872
1,1278,372,371.755350
1,1279,372,372.243633
1,1280,367,368.965690
1,1281,369,368.131164
1,1282,369,367.310690
1,1283,363,366.450536
1,1284,363,365.662278
1,1285,366,364.733024
1,1286,366,364.272604
1,1287,366,364.004069
1,1288,363,363.732476
1,1289,363,363.490426
1,1290,363,363.303371
1,1291,363,363.256889
1,1292,363,363.098571
1,1293,363,363.003151
1,1294,363,363.250500
1,1295,366,363.972391
1,1296,365,364.821751
1,1297,365,366.067225
1,1298,366,367.750511
1,1299,366,369.090302
1,1300,373,370.179530
1,1301,373,371.187636
1,1302,372,371.845579
1,1303,372,372.375428
1,1304,374,372.712882
1,1305,374,372.682210
1,1306,371,372.440975
1,1307,371,372.493235
1,1308,372,372.832978
1,1309,372,373.014180
1,1310,374,373.214971
1,1311,374,373.488078
1,1312,374,373.756057
1,1313,374,374.256728
1,1314,376,374.881502
1,1315,376,374.709955
1,1316,374,374.537231
1,1317,374,374.185287
1,1318,374,373.589233
1,1319,370,372.904521
1,1320,370,372.187168
1,1321,374,371.581667
1,1322,374,370.942580
1,1323,370,370.209026
1,1324,370,369.574530
1,1325,366,368.840454
1,1326,366,368.042992
1,1327,369,367.037448
1,1328,369,366.170695
1,1329,364,365.281671
1,1330,364,364.379391
1,1331,363,363.456759
1,1332,363,362.975669
1,1333,364,362.800976
1,1334,362,363.029277
1,1335,362,363.170139
1,1336,363,362.883256
1,1337,363,362.967111
1,1338,365,363.390606
1,1339,365,364.007970
1,1340,364,364.946960
1,1341,364,365.711437
1,1342,368,366.267768
1,1343,368,366.972019
1,1344,366,367.977547
1,1345,366,368.869982
1,1346,372,369.909959
1,1347,372,370.738718
1,1348,373,371.542454
1,1349,373,372.461602
1,1350,371,373.288872
1,1351,374,374.096174
1,1352,374,374.991118
1,1353,376,375.407507
1,1354,376,375.660523
1,1355,376,375.928541
1,1356,376,375.949132
1,1357,376,375.705927
1,1358,376,375.623232
1,1359,376,375.684548
1,1360,376,375.385756
1,1361,373,374.604374
1,1362,373,373.809870
1,1363,372,372.892819
1,1364,372,372.022389
1,1365,373,371.171092
1,1366,373,370.141559
1,1367,368,369.289201
1,1368,367,368.304750
1,1369,367,367.374518
1,1370,365,366.083806
1,1371,365,365.167525
1,1372,365,364.504389
1,1373,365,363.666608
1,1374,363,362.811966
1,1375,363,362.311476
1,1376,362,362.107914
1,1377,362,362.422231
1,1378,362,363.076215
1,1379,362,363.585296
1,1380,364,363.876282
1,1381,366,364.417777
1,1382,366,365.301089
1,1383,366,366.078842
1,1384,364,366.805904
1,1385,371,367.580737
1,1386,371,368.286313
1,1387,367,368.806005
1,1388,367,369.387872
1,1389,369,370.270390
1,1390,369,370.973310
1,1391,375,371.701858
1,1392,375,372.691494
1,1393,373,373.849995
1,1394,373,374.816056
1,1395,376,375.513499
1,1396,376,375.848113
1,1397,376,376.117512
1,1398,376,376.054096
1,1399,376,375.882072
1,1400,376,375.011272
1,1401,374,374.453524
1,1402,375,374.220392
1,1403,375,373.995902
1,1404,371,373.752714
1,1405,371,373.495693
1,1406,374,372.832123
1,1407,374,372.365935
1,1408,372,371.947504
1,1409,372,371.211217
1,1410,370,369.970282
1,1411,370,368.953589
1,1412,367,367.916282
1,1413,367,366.719629
1,1414,364,365.515512
1,1415,364,364.279408
1,1416,363,363.039331
1,1417,363,362.593840
1,1418,363,362.533272
1,1419,363,362.905197
1,1420,363,363.177741
1,1421,364,363.367607
1,1422,364,363.888568
1,1423,363,364.526183
1,1424,363,365.031063
1,1425,368,365.499252
1,1426,368,365.916156
1,1427,367,366.539173
1,1428,367,367.020651
1,1429,365,367.713621
1,1430,365,368.448183
1,1431,374,369.463191
1,1432,371,370.404203
1,1433,371,371.349508
1,1434,371,372.540016
1,1435,373,373.654625
1,1436,376,374.638326
1,1437,376,375.572783
1,1438,376,376.440194
1,1439,376,376.632701
1,1440,377,376.167049
1,1441,377,375.842536
1,1442,375,375.671625
1,1443,375,375.344234
1,1444,375,374.946415
1,1445,375,374.551545
1,1446,372,373.863375
1,1447,372,373.308034
1,1448,374,372.586282
1,1449,372,371.854363
1,1450,372,371.081045
1,1451,372,370.158861
1,1452,371,369.217473
1,1453,366,368.709857
1,1454,366,368.435040
1,1455,368,367.796175
1,1456,368,367.213340
1,1457,365,366.564716
1,1458,365,366.195268
1,1459,369,365.958654
1,1460,369,365.609528
1,1461,364,365.326857
1,1462,364,364.881371
1,1463,364,364.279060
1,1464,364,364.094977
1,1465,362,363.902757
1,1466,362,364.120204
1,1467,368,364.717651
1,1468,368,365.596817
1,1469,364,366.387967
1,1470,366,367.102556
1,1471,366,367.927294
1,1472,372,368.905360
1,1473,372,369.588432
1,1474,370,369.987453
1,1475,370,370.510668
1,1476,370,371.355346
1,1477,370,372.132382
1,1478,373,373.000555
1,1479,373,374.311411
1,1480,377,375.051288
1,1481,377,375.353366
1,1482,376,375.624115
1,1483,377,376.293923
1,1484,377,377.248899
1,1485,377,377.796170
1,1486,377,377.947757
1,1487,376,377.469268
1,1488,376,376.526137
1,1489,375,375.203326
1,1490,375,374.073282
1,1491,375,373.150895
1,1492,375,372.064958
1,1493,375,370.603313
1,1494,363,369.241279
1,1495,363,367.840326
1,1496,367,366.990801
1,1497,367,366.606818
1,1498,368,366.359989
1,1499,368,366.416032
1,1500,368,366.492581
1,1501,368,366.637463
1,1502,363,366.703436
1,1503,363,366.507248
1,1504,369,366.015250
1,1505,369,365.328546
1,1506,365,364.393544
1,1507,362,363.633522
1,1508,362,363.294530
1,1509,362,363.740645
1,1510,364,364.159411
1,1511,365,364.568842
1,1512,365,365.210880
1,1513,367,365.824489
1,1514,367,366.650014
1,1515,369,367.633613
1,1516,369,368.616324
1,1517,369,369.778705
1,1518,369,370.646416
1,1519,371,371.099839
1,1520,371,371.676391
1,1521,374,372.427726
1,1522,374,373.231202
1,1523,373,374.069406
1,1524,376,374.909378
1,1525,376,375.705338
1,1526,376,376.403212
1,1527,376,376.946945
1,1528,378,377.286618
1,1529,378,377.388351
1,1530,376,377.246015
1,1531,376,376.894724
1,1532,377,376.426133
1,1533,377,376.005527
1,1534,376,375.890709
1,1535,376,376.452675
1,1536,376,375.984875
1,1537,376,375.552839
1,1538,375,374.988285
1,1539,375,374.121906
1,1540,373,373.292092
1,1541,372,372.328787
1,1542,372,371.229408
1,1543,369,370.051974
1,1544,369,369.002424
1,1545,368,368.056787
1,1546,368,367.202562
1,1547,365,366.313517
1,1548,365,365.626502
1,1549,366,365.047577
1,1550,366,364.442195
1,1551,363,363.720389
1,1552,363,363.257482
1,1553,363,362.912512
1,1554,363,362.658432
1,1555,362,362.519266
1,1556,362,362.549769
1,1557,363,362.673064
1,1558,363,363.116082
1,1559,363,363.502952
1,1560,365,364.241886
1,1561,365,365.056505
1,1562,367,366.027684
1,1563,367,366.935563
1,1564,367,367.778512
1,1565,367,368.677529
1,1566,371,369.759351
1,1567,371,370.677374
1,1568,372,371.542911
1,1569,372,372.484263
1,1570,374,373.496002
1,1571,374,374.437210
1,1572,375,375.292526
1,1573,375,376.034560
1,1574,378,376.634678
1,1575,377,377.020698
1,1576,377,377.355922
1,1577,378,377.526181
1,1578,378,377.759362
1,1579,378,377.911503
1,1580,378,377.940081
1,1581,377,377.847445
1,1582,377,377.775815
1,1583,378,377.626428
1,1584,378,377.588097
1,1585,378,377.570442
1,1586,378,377.531645
1,1587,377,377.457992
1,1588,377,377.330311
1,1589,377,377.031319
1,1590,377,376.961312
1,1591,377,376.958789
1,1592,377,376.711937
1,1593,376,376.375157
1,1594,376,376.160768
1,1595,377,376.097371
1,1596,375,375.882954
1,1597,375,375.602362
1,1598,376,375.213357
1,1599,376,374.885716
1,1600,374,374.633425
1,1601,374,374.199231
1,1602,373,373.775657
1,1603,373,373.354077
1,1604,374,372.951403
1,1605,374,372.584339
1,1606,371,372.267650
1,1607,371,372.012152
1,1608,373,371.822407
1,1609,373,371.694141
1,1610,370,371.611364
1,1611,371,371.543220
1,1612,371,371.440538
1,1613,372,371.232099
1,1614,372,370.820627
1,1615,369,370.078480
1,1616,369,368.843065
2,0,372,371.704749
2,1,372,371.636052
2,2,372,371.682296
2,3,372,371.761467
2,4,372,371.840845
2,5,372,371.908778
2,6,372,371.977806
2,7,371,372.119147
2,8,371,372.160960
2,9,373,372.182810
2,10,373,372.215815
2,11,373,372.280876
2,12,373,372.397428
2,13,372,372.620426
2,14,372,372.737985
2,15,372,372.733241
2,16,373,372.787478
2,17,373,372.882223
2,18,373,372.881171
2,19,373,372.709330
2,20,373,372.584925
2,21,373,372.429362
2,22,372,372.356242
2,23,372,372.346351
2,24,372,372.351578
2,25,372,372.228603
2,26,372,371.999211
2,27,372,371.810310
2,28,371,371.716234
2,29,371,371.408785
2,30,372,370.930007
2,31,372,370.350374
2,32,370,369.696253
2,33,368,369.015374
2,34,368,368.244078
2,35,366,367.508505
2,36,366,366.728189
2,37,367,365.959538
2,38,367,365.344818
2,39,364,364.829659
2,40,364,364.477250
2,41,365,364.264490
2,42,365,364.091390
2,43,363,363.963582
2,44,363,363.952940
2,45,364,363.960227
2,46,364,364.075367
2,47,365,364.293242
2,48,365,364.780276
2,49,366,365.259495
2,50,365,365.882066
2,51,365,366.274643
2,52,367,366.456833
2,53,367,366.695871
2,54,368,367.083618
2,55,368,367.355288
2,56,367,367.619581
2,57,367,367.949009
2,58,369,368.470009
2,59,369,369.016979
2,60,369,369.649559
2,61,369,370.241917
2,62,372,370.899025
2,63,372,371.372217
2,64,373,371.813044
2,65,372,372.311660
2,66,372,372.796924
2,67,373,372.970874
2,68,373,373.121126
2,69,373,373.108949
2,70,373,373.002031
2,71,372,372.694442
2,72,372,372.308832
2,73,372,371.654243
2,74,372,370.865458
2,75,370,369.837480
2,76,370,368.748615
2,77,366,367.402150
2,78,366,366.279762
2,79,365,365.239204
2,80,365,364.535456
2,81,363,363.982559
2,82,364,363.753539
2,83,364,363.880118
2,84,364,364.198570
2,85,364,364.724349
2,86,367,365.464008
2,87,367,366.268692
2,88,367,367.075862
2,89,367,367.943859
2,90,369,368.879178
2,91,369,369.716343
2,92,371,370.679907
2,93,371,371.334873
2,94,372,371.865493
2,95,372,372.338071
2,96,374,372.916419
2,97,374,373.126912
2,98,373,373.355264
2,99,373,373.393951
2,100,373,373.410341
2,101,373,373.372729
2,102,373,373.371269
2,103,374,373.500105
2,104,374,373.672853
2,105,374,373.770662
2,106,374,373.959854
2,107,373,373.902921
2,108,373,373.816543
2,109,374,373.448459
2,110,374,372.689951
2,111,371,371.346015
2,112,371,370.133759
2,113,368,368.917889
2,114,368,367.615189
2,115,367,366.301807
2,116,364,365.195339
2,117,364,364.254429
2,118,363,363.465304
2,119,363,363.244400
2,120,364,363.472853
2,121,364,363.976522
2,122,366,364.735489
2,123,366,365.563202
2,124,365,366.341825
2,125,365,367.218613
2,126,370,368.191361
2,127,370,368.970643
2,128,370,369.702681
2,129,370,370.231479
2,130,371,370.794559
2,131,370,371.223213
2,132,370,371.392412
2,133,373,371.583335
2,134,373,371.714651
2,135,372,372.194762
2,136,372,372.308442
2,137,372,372.227494
2,138,372,372.469352
2,139,373,372.976718
2,140,373,373.290341
2,141,373,373.214028
2,142,373,373.159664
2,143,374,372.958857
2,144,374,372.582584
2,145,371,371.881182
2,146,370,371.311973
2,147,370,370.529781
2,148,370,369.302558
2,149,372,368.211277
2,150,364,367.196880
2,151,364,366.129687
2,152,366,365.165549
2,153,366,364.401111
2,154,364,363.787694
2,155,364,363.703788
2,156,364,363.962110
2,157,364,364.432341
2,158,364,364.974195
2,159,364,365.751299
2,160,368,366.764602
2,161,368,367.721697
2,162,368,368.458206
2,163,371,369.082990
2,164,371,369.508792
2,165,370,370.414447
2,166,370,370.881766
2,167,370,371.167541
2,168,370,371.537298
2,169,373,372.071683
2,170,373,372.508200
2,171,373,372.990230
2,172,373,373.337196
2,173,374,373.648930
2,174,374,373.686178
2,175,374,373.349543
2,176,373,373.030431
2,177,373,372.490041
2,178,371,371.557199
2,179,371,370.911441
2,180,369,370.423613
2,181,369,369.770707
2,182,369,368.991156
2,183,369,368.265438
2,184,368,367.304290
2,185,368,366.702782
2,186,366,366.245504
2,187,366,365.665426
2,188,364,364.950412
2,189,364,364.444998
2,190,364,364.083782
2,191,363,364.007105
2,192,363,364.069169
2,193,367,364.541158
2,194,367,365.157336
2,195,365,365.966727
2,196,365,366.720351
2,197,367,367.480390
2,198,367,368.060799
2,199,371,368.569091
2,200,371,369.090836
2,201,369,369.874270
2,202,369,370.344502
2,203,371,370.852075
2,204,371,371.421108
2,205,372,372.119165
2,206,372,372.815228
2,207,374,373.410838
2,208,374,373.488959
2,209,374,373.566299
2,210,374,373.667503
2,211,374,373.640796
2,212,372,373.215214
2,213,372,372.664483
2,214,373,371.759199
2,215,373,371.008148
2,216,368,370.254812
2,217,368,369.637420
2,218,369,369.002422
2,219,369,368.264982
2,220,368,367.237130
2,221,368,366.561668
2,222,365,365.928053
2,223,365,365.337044
2,224,365,364.722255
2,225,365,364.329609
2,226,363,364.185519
2,227,364,364.276648
2,228,364,364.435606
2,229,365,364.874402
2,230,365,365.554743
2,231,369,366.691953
2,232,369,367.729356
2,233,367,368.967713
2,234,367,369.985303
2,235,373,370.880840
2,236,373,371.641956
2,237,372,372.389713
2,238,372,372.929868
2,239,374,373.384486
2,240,374,373.513461
2,241,373,373.500118
2,242,373,373.342614
2,243,374,373.070219
2,244,372,372.716936
2,245,372,372.318886
2,246,372,371.911257
2,247,374,371.524818
2,248,370,371.181985
2,249,370,370.892458
2,250,370,370.648418
2,251,370,370.419283
2,252,371,370.146032
2,253,371,369.735079
2,254,368,369.051726
2,255,368,367.913163
2,256,368,367.894777
2,257,368,367.263346
2,258,366,366.573219
2,259,366,365.888902
2,260,365,364.999747
2,261,364,364.299670
2,262,364,363.666647
2,263,364,363.616024
2,264,364,363.647538
2,265,363,363.816022
2,266,363,364.079907
2,267,365,364.403724
2,268,365,364.924697
2,269,366,365.755340
2,270,366,366.514122
2,271,369,367.357861
2,272,369,368.134609
2,273,368,369.001585
2,274,368,369.814649
2,275,371,370.721554
2,276,371,371.465361
2,277,373,372.101092
2,278,373,372.511987
2,279,373,372.841431
2,280,373,373.074997
2,281,373,373.166942
2,282,373,372.981458
2,283,373,372.720961
2,284,372,372.265795
2,285,372,371.755532
2,286,370,371.020081
2,287,370,370.353972
2,288,370,369.727724
2,289,370,369.022161
2,290,368,368.032865
2,291,368,367.352096
2,292,366,366.673609
2,293,366,366.022943
2,294,365,365.302722
2,295,365,364.818595
2,296,364,364.441219
2,297,364,364.222414
2,298,364,364.102657
2,299,365,364.208215
2,300,365,364.409111
2,301,365,364.872833
2,302,365,365.350737
2,303,365,365.922063
2,304,365,366.433024
2,305,369,367.010780
2,306,369,367.726143
2,307,368,368.687686
2,308,368,369.496373
2,309,371,370.330358
2,310,371,371.046305
2,311,372,371.751509
2,312,372,372.352885
2,313,373,372.902056
2,314,373,373.173275
2,315,374,373.437558
2,316,374,373.470314
2,317,374,373.470090
2,318,372,373.435682
2,319,372,373.278015
2,320,374,372.899954
2,321,374,372.691591
2,322,372,372.557301
2,323,372,372.320537
2,324,371,371.837549
2,325,371,371.327778
2,326,371,370.534796
2,327,371,369.871408
2,328,369,369.112901
2,329,369,368.182657
2,330,366,366.939574
2,331,366,366.005455
2,332,365,365.270922
2,333,364,364.626376
2,334,364,364.093597
2,335,364,363.624617
2,336,364,363.446489
2,337,364,363.587858
2,338,364,363.977953
2,339,364,364.667678
2,340,364,365.409733
2,341,368,366.220897
2,342,368,367.103659
2,343,367,368.145941
2,344,367,369.095901
2,345,372,370.202620
2,346,372,371.033855
2,347,371,371.771296
2,348,373,372.471466
2,349,373,373.134126
2,350,373,373.415136
2,351,373,373.532956
2,352,374,373.515511
2,353,374,373.579984
2,354,373,373.408653
2,355,373,373.134004
2,356,373,372.569064
2,357,373,372.441543
2,358,372,372.431776
2,359,372,372.208974
2,360,370,371.450786
2,361,370,370.759414
2,362,371,370.024960
2,363,371,368.835812
2,364,367,367.434802
2,365,367,366.430704
2,366,366,365.568730
2,367,366,364.908224
2,368,362,364.451098
2,369,362,364.159031
2,370,362,364.042869
2,371,366,364.111000
2,372,366,364.376601
2,373,366,364.940814
2,374,366,365.552063
2,375,368,366.363016
2,376,368,367.164055
2,377,365,367.912909
2,378,365,368.802212
2,379,371,370.083844
2,380,371,370.770710
2,381,373,371.236249
2,382,373,371.963339
2,383,373,373.019041
2,384,374,373.796986
2,385,374,374.407336
2,386,374,374.208830
2,387,374,373.739213
2,388,372,373.211697
2,389,372,372.642226
2,390,372,371.976223
2,391,372,371.366186
2,392,373,371.001498
2,393,373,370.559793
2,394,366,369.765700
2,395,366,369.341702
2,396,370,368.832508
2,397,370,368.396102
2,398,369,367.894726
2,399,369,367.174573
2,400,364,366.166175
2,401,364,365.605456
2,402,366,365.347243
2,403,366,364.906217
2,404,365,364.199831
2,405,363,363.773363
2,406,363,363.535839
2,407,363,363.470275
2,408,363,363.797858
2,409,366,364.867703
2,410,366,365.594120
2,411,367,366.011376
2,412,367,366.868156
2,413,366,368.086697
2,414,366,369.011407
2,415,374,369.966602
2,416,374,370.788134
2,417,369,371.472032
2,418,369,371.879235
2,419,373,372.233764
2,420,373,372.354944
2,421,373,372.223309
2,422,373,372.139837
2,423,373,372.043781
2,424,369,371.597438
2,425,369,371.146210
2,426,373,370.640167
2,427,373,370.185821
2,428,367,369.868611
2,429,367,369.313395
2,430,370,368.206233
2,431,370,367.556140
2,432,367,367.271199
2,433,367,366.796128
2,434,364,365.930089
2,435,364,365.453607
2,436,366,365.074817
2,437,366,364.653186
2,438,364,364.217362
2,439,364,364.219727
2,440,364,364.104029
2,441,364,363.892406
2,442,365,364.004774
2,443,364,364.648150
2,444,364,364.979313
2,445,366,365.195680
2,446,366,365.670602
2,447,366,366.694647
2,448,366,367.643122
2,449,371,368.727938
2,450,371,369.891215
2,451,370,370.983649
2,452,370,371.892426
2,453,373,372.732603
2,454,373,373.069757
2,455,374,373.079817
2,456,374,372.933907
2,457,374,372.655605
2,458,371,372.310628
2,459,371,371.921454
2,460,371,371.246731
2,461,372,370.629284
2,462,368,370.175304
2,463,368,369.782465
2,464,371,369.188764
2,465,371,368.908275
2,466,369,368.714562
2,467,369,368.475894
2,468,366,367.951928
2,469,366,367.422407
2,470,367,366.629292
2,471,367,365.948981
2,472,366,365.317893
2,473,366,364.860276
2,474,363,364.294923
2,475,363,363.940010
2,476,364,363.752171
2,477,364,364.038916
2,478,364,364.326321
2,479,365,364.482545
2,480,365,364.817989
2,481,366,365.459076
2,482,366,366.315665
2,483,367,367.219413
2,484,367,368.047865
2,485,370,368.892381
2,486,370,369.563469
2,487,370,370.147983
2,488,370,370.827511
2,489,372,371.680356
2,490,372,372.256099
2,491,373,372.730463
2,492,373,372.762644
2,493,372,372.508406
2,494,372,372.240102
2,495,373,372.093534
2,496,373,371.721894
2,497,370,371.335893
2,498,371,370.911988
2,499,371,370.461207
2,500,368,369.990013
2,501,368,369.500396
2,502,370,368.990355
2,503,370,368.454791
2,504,369,367.886783
2,505,369,367.279283
2,506,364,366.627190
2,507,364,365.929841
2,508,366,365.193887
2,509,366,364.436577
2,510,363,363.689439
2,511,363,363.002359
2,512,364,363.784315
2,513,364,363.952693
2,514,364,364.375620
2,515,366,365.118988
2,516,366,365.867568
2,517,366,366.489449
2,518,366,367.223114
2,519,370,368.057269
2,520,370,368.858790
2,521,369,369.973028
2,522,369,370.844200
2,523,372,371.584206
2,524,372,372.318317
2,525,374,373.154947
2,526,374,373.704397
2,527,374,374.104990
2,528,374,374.175384
2,529,374,373.910508
2,530,374,373.562739
2,531,373,373.262640
2,532,373,372.717867
2,533,372,371.927409
2,534,370,370.902857
2,535,370,370.079836
2,536,369,369.276107
2,537,369,368.597969
2,538,368,367.848927
2,539,368,367.310748
2,540,367,366.753823
2,541,367,366.328924
2,542,364,365.885903
2,543,364,365.677340
2,544,367,365.559491
2,545,367,365.476500
2,546,365,365.367838
2,547,365,365.434262
2,548,366,365.682466
2,549,366,365.971458
2,550,365,366.172996
2,551,367,366.502565
2,552,367,366.892262
2,553,368,367.325776
2,554,368,367.789447
2,555,368,368.401457
2,556,368,369.156759
2,557,371,370.080917
2,558,371,371.027595
2,559,371,371.429851
2,560,371,371.856086
2,561,374,372.482422
2,562,374,372.964684
2,563,373,373.374372
2,564,373,373.785065
2,565,374,374.029000
2,566,374,374.144975
2,567,373,374.041568
2,568,373,373.611173
2,569,373,372.873207
2,570,373,371.860499
2,571,372,370.709919
2,572,372,369.380063
2,573,366,368.126820
2,574,366,366.864984
2,575,366,365.974024
2,576,364,365.227098
2,577,364,364.759836
2,578,364,364.433194
2,579,364,364.483857
2,580,367,364.742157
2,581,366,365.003504
2,582,366,365.201167
2,583,365,365.488203
2,584,365,365.732523
2,585,366,365.880368
2,586,366,366.003552
2,587,365,366.165925
2,588,365,366.709952
2,589,369,367.190944
2,590,369,367.751553
2,591,368,368.553951
2,592,368,369.329451
2,593,372,370.179834
2,594,372,370.849573
2,595,370,371.310540
2,596,370,371.803731
2,597,373,372.244679
2,598,373,372.619557
2,599,373,372.946794
2,600,373,372.973522
2,601,373,372.916921
2,602,373,372.914040
2,603,373,372.792564
2,604,372,372.295601
2,605,372,371.824143
2,606,371,371.255304
2,607,371,370.621909
2,608,369,369.725089
2,609,369,368.945707
2,610,368,368.180984
2,611,368,367.487499
2,612,367,366.681696
2,613,367,365.996047
2,614,364,365.277494
2,615,364,364.817046
2,616,365,364.477714
2,617,365,364.306352
2,618,364,364.266455
2,619,364,364.390253
2,620,364,364.581514
2,621,366,365.037517
2,622,366,365.566983
2,623,366,366.291803
2,624,366,367.034590
2,625,369,367.864832
2,626,369,368.677626
2,627,369,369.555004
2,628,369,370.346814
2,629,372,371.336457
2,630,372,371.898033
2,631,373,372.147725
2,632,373,372.621893
2,633,373,373.339183
2,634,373,373.584979
2,635,374,373.618490
2,636,373,373.405940
2,637,373,373.210231
2,638,373,373.149285
2,639,373,372.954336
2,640,373,372.555801
2,641,373,372.237065
2,642,372,371.865482
2,643,372,371.451240
2,644,368,370.735522
2,645,368,370.106131
2,646,372,369.374417
2,647,372,368.525670
2,648,366,367.462431
2,649,366,366.675775
2,650,365,366.026413
2,651,365,365.412421
2,652,366,364.671484
2,653,364,364.390305
2,654,364,364.208596
2,655,364,364.139660
2,656,364,364.199273
2,657,365,364.640665
2,658,365,365.132696
2,659,367,365.871921
2,660,367,366.604706
2,661,366,367.200085
2,662,366,367.950640
2,663,371,369.028167
2,664,371,369.809628
2,665,369,370.454411
2,666,369,371.030033
2,667,374,371.686724
2,668,372,371.877135
2,669,372,371.727525
2,670,372,371.672727
2,671,373,371.717491
2,672,370,371.693967
2,673,370,371.699265
2,674,372,371.538787
2,675,372,371.438261
2,676,371,371.357181
2,677,371,371.098613
2,678,370,370.383962
2,679,370,369.935501
2,680,372,369.614789
2,681,372,368.844413
2,682,364,367.563015
2,683,364,366.678281
2,684,366,365.805555
2,685,366,365.095874
2,686,365,364.427636
2,687,365,364.347983
2,688,364,364.274108
2,689,364,364.272256
2,690,364,364.423600
2,691,364,364.574794
2,692,364,364.654626
2,693,367,364.834491
2,694,367,364.981063
2,695,364,365.160902
2,696,364,365.564988
2,697,367,366.615111
2,698,367,367.510775
2,699,368,368.319007
2,700,368,369.448905
2,701,372,370.797601
2,702,372,371.809101
2,703,374,372.739122
2,704,374,373.284467
2,705,373,373.591460
2,706,373,373.791378
2,707,374,373.894071
2,708,374,373.532123
2,709,374,373.167123
2,710,372,373.110032
2,711,372,372.794539
2,712,371,372.283101
2,713,371,371.964794
2,714,374,371.618023
2,715,374,371.284219
2,716,370,370.682716
2,717,370,369.995762
2,718,367,369.048342
2,719,367,368.171931
2,720,368,367.234960
2,721,368,366.490403
2,722,365,365.735088
2,723,365,365.102145
2,724,366,364.597952
2,725,363,364.245383
2,726,363,363.868697
2,727,364,363.865451
2,728,364,363.869935
2,729,365,363.750620
2,730,365,363.938091
2,731,364,364.615496
2,732,364,365.114809
2,733,365,365.795624
2,734,365,366.508881
2,735,369,367.273410
2,736,369,368.072332
2,737,370,368.981827
2,738,370,369.697158
2,739,369,370.299177
2,740,369,370.875406
2,741,372,371.104037
2,742,371,371.116988
2,743,371,371.019273
2,744,372,370.600914
2,745,372,370.152830
2,746,368,369.746679
2,747,368,369.310520
2,748,369,368.912836
2,749,369,368.604037
2,750,368,368.208115
2,751,368,367.962978
2,752,368,367.721398
2,753,368,367.516388
2,754,367,367.352486
2,755,367,367.205021
2,756,368,367.043182
2,757,368,366.833447
2,758,366,366.543931
2,759,366,366.149653
2,760,365,365.638727
2,761,364,365.019467
2,762,364,364.328423
2,763,364,363.639332
2,764,364,363.072985
2,765,363,362.808028
2,766,363,363.092671
2,767,364,364.257324
2,768,364,363.814517
2,769,365,364.134223
2,770,365,364.604267
2,771,364,365.257247
2,772,364,365.737511
2,773,368,366.241116
2,774,368,366.975629
2,775,368,368.104552
2,776,368,369.023473
2,777,368,369.709745
2,778,372,370.345709
2,779,372,371.079846
2,780,372,371.835202
2,781,372,372.486139
2,782,372,372.929492
2,783,372,372.985490
2,784,374,372.665101
2,785,374,372.143817
2,786,369,371.453596
2,787,369,370.585027
2,788,372,369.451162
2,789,372,368.383700
2,790,366,367.393035
2,791,364,366.545864
2,792,364,365.762561
2,793,365,365.008701
2,794,365,364.715503
2,795,366,364.611124
2,796,366,364.590539
2,797,364,364.545412
2,798,364,364.489158
2,799,364,364.244170
2,800,364,364.221937
2,801,365,364.488376
2,802,365,364.425142
2,803,364,363.998751
2,804,364,364.103689
2,805,364,364.979562
2,806,364,365.491738
2,807,366,365.984066
2,808,368,366.347603
2,809,368,366.727694
2,810,368,367.602872
2,811,368,368.447023
2,812,369,369.379680
2,813,369,370.199705
2,814,371,370.917213
2,815,371,371.354986
2,816,370,371.471584
2,817,370,371.378844
2,818,375,371.111580
2,819,375,370.609535
2,820,368,369.894654
2,821,368,369.048357
2,822,365,367.960065
2,823,365,366.777727
2,824,369,365.708411
2,825,364,364.783131
2,826,364,364.056031
2,827,364,363.517420
2,828,364,363.201972
2,829,363,363.033794
2,830,363,363.178973
2,831,363,363.436514
2,832,363,363.456388
2,833,363,363.203078
2,834,363,363.154957
2,835,364,363.415028
2,836,364,363.591866
2,837,364,363.955243
2,838,364,363.987109
2,839,364,363.769804
2,840,364,364.041680
2,841,364,364.231183
2,842,364,364.570594
2,843,365,364.967977
2,844,366,365.600759
2,845,366,366.457018
2,846,366,366.898977
2,847,368,367.202087
2,848,368,367.597947
2,849,368,368.151485
2,850,370,368.522864
2,851,370,368.832811
2,852,368,369.211990
2,853,368,369.625055
2,854,369,369.993869
2,855,369,370.071013
2,856,370,369.860820
2,857,370,369.564763
2,858,372,369.161158
2,859,372,368.442217
2,860,365,367.583148
2,861,365,366.815859
2,862,366,366.066724
2,863,366,365.421081
2,864,363,364.771246
2,865,363,364.349707
2,866,365,364.311227
2,867,366,364.438133
2,868,366,364.484471
2,869,364,364.695000
2,870,364,364.939433
2,871,366,364.974597
2,872,366,364.881466
2,873,363,364.458572
2,874,363,364.297307
2,875,365,364.697065
2,876,365,364.590995
2,877,364,364.278446
2,878,364,364.490937
2,879,367,365.315702
2,880,367,365.807983
2,881,365,366.122219
2,882,365,366.577863
2,883,368,367.293762
2,884,368,367.739541
2,885,368,368.537622
2,886,369,369.469004
2,887,369,369.843732
2,888,372,370.014285
2,889,372,369.866199
2,890,367,369.544353
2,891,367,369.223005
2,892,372,368.930130
2,893,372,368.653801
2,894,366,368.309176
2,895,366,368.101297
2,896,367,368.058427
2,897,367,367.958979
2,898,364,367.687425
2,899,373,367.563778
2,900,373,367.433295
2,901,365,367.069057
2,902,365,366.620284
2,903,365,365.831023
2,904,365,365.408185
2,905,364,365.339452
2,906,364,364.857621
2,907,365,363.947961
2,908,365,363.540373
2,909,364,363.704350
2,910,364,363.868050
2,911,364,364.120336
2,912,364,364.494278
2,913,365,364.906378
2,914,365,364.644153
2,915,364,364.684625
2,916,365,365.686442
2,917,365,366.255002
2,918,369,366.760887
2,919,369,367.375284
2,920,367,368.059069
2,921,367,368.727632
2,922,370,369.376995
2,923,370,369.706574
2,924,370,369.924576
2,925,370,369.950262
2,926,370,369.844411
2,927,370,369.806518
2,928,369,369.779234
2,929,369,369.650808
2,930,373,369.459867
2,931,367,369.174801
2,932,367,368.868660
2,933,368,368.182278
2,934,368,367.621669
2,935,369,367.189693
2,936,369,366.770786
2,937,365,366.218693
2,938,365,365.854854
2,939,364,365.534550
2,940,364,365.230103
2,941,366,364.849707
2,942,366,364.659430
2,943,364,364.570130
2,944,364,364.307870
2,945,365,363.826587
2,946,365,363.946178
2,947,363,363.933738
2,948,363,363.864440
2,949,363,363.772872
2,950,364,363.719440
2,951,364,363.888366
2,952,365,364.208957
2,953,365,364.812187
2,954,365,365.592201
2,955,365,366.242916
2,956,368,366.956204
2,957,368,367.200047
2,958,367,367.414149
2,959,367,367.543717
2,960,369,367.739067
2,961,369,368.261125
2,962,369,369.181836
2,963,369,369.967311
2,964,370,370.722786
2,965,370,371.290686
2,966,369,371.708805
2,967,374,371.958388
2,968,374,372.063317
2,969,374,371.835752
2,970,375,371.251732
2,971,367,370.268948
2,972,367,369.161959
2,973,366,367.965049
2,974,366,366.845754
2,975,367,365.752032
2,976,367,364.896110
2,977,364,364.289815
2,978,364,363.857855
2,979,363,363.511519
2,980,363,363.497542
2,981,364,363.683776
2,982,364,363.536013
2,983,363,363.310777
2,984,363,362.870238
2,985,363,362.567267
2,986,362,362.789898
2,987,362,362.903439
2,988,364,363.056017
2,989,364,363.288081
2,990,364,363.622903
2,991,364,363.840714
2,992,363,364.281087
2,993,363,364.720027
2,994,366,365.325960
2,995,368,366.074847
2,996,368,366.888915
2,997,367,367.814413
2,998,367,368.501483
2,999,369,368.969551
2,1000,369,369.489487
2,1001,370,370.015883
2,1002,370,370.253126
2,1003,372,370.201164
2,1004,372,369.890001
2,1005,368,369.382881
2,1006,368,368.880472
2,1007,367,368.447024
2,1008,367,367.850760
2,1009,368,367.222141
2,1010,368,366.565782
2,1011,367,365.906975
2,1012,363,365.271216
2,1013,363,364.682795
2,1014,365,364.163128
2,1015,365,363.728842
2,1016,364,363.389607
2,1017,364,363.145711
2,1018,362,362.985385
2,1019,362,362.881879
2,1020,363,362.790276
2,1021,363,362.644063
2,1022,362,362.351442
2,1023,362,361.791396
2,1024,363,362.647985
2,1025,364,362.852989
2,1026,364,363.298185
2,1027,363,363.876593
2,1028,363,364.288917
2,1029,365,364.414305
2,1030,365,364.581947
2,1031,365,364.910902
2,1032,365,365.313932
2,1033,367,365.985554
2,1034,367,366.647935
2,1035,367,367.362196
2,1036,367,368.119138
2,1037,368,368.918753
2,1038,368,369.603000
2,1039,372,370.140668
2,1040,372,370.368821
2,1041,371,370.438234
2,1042,371,370.395372
2,1043,369,370.141043
2,1044,369,369.641950
2,1045,369,369.106236
2,1046,368,368.510316
2,1047,368,367.867615
2,1048,367,367.147463
2,1049,367,366.579366
2,1050,366,366.198668
2,1051,366,365.824536
2,1052,366,365.355184
2,1053,366,365.157243
2,1054,364,364.822763
2,1055,364,364.605778
2,1056,364,364.401947
2,1057,364,364.155591
2,1058,364,363.967683
2,1059,364,363.774228
2,1060,364,363.624244
2,1061,364,363.562565
2,1062,364,363.469820
2,1063,364,363.599498
2,1064,364,363.815196
2,1065,362,364.051055
2,1066,362,364.248668
2,1067,366,364.471663
2,1068,366,364.774671
2,1069,366,365.219191
2,1070,366,365.700780
2,1071,366,366.344207
2,1072,366,366.671513
2,1073,367,366.806309
2,1074,367,367.105355
2,1075,367,367.483153
2,1076,367,367.776899
2,1077,369,367.880315
2,1078,369,368.153401
2,1079,368,368.553955
2,1080,368,368.704201
2,1081,368,368.625205
2,1082,368,367.972860
2,1083,368,367.298318
2,1084,369,366.970892
2,1085,369,366.752203
2,1086,364,366.673899
2,1087,364,366.712093
2,1088,367,366.819367
2,1089,367,366.947101
2,1090,366,366.960193
2,1091,366,367.044257
2,1092,370,366.965311
2,1093,370,366.735745
2,1094,366,366.242640
2,1095,366,365.768973
2,1096,362,365.247891
2,1097,362,364.468414
2,1098,365,363.365778
2,1099,363,362.676040
2,1100,363,362.488708
2,1101,363,362.557045
2,1102,363,362.559585
2,1103,362,362.518658
2,1104,362,362.990127
2,1105,365,363.700039
2,1106,365,364.431929
2,1107,364,365.067261
2,1108,364,365.552296
2,1109,368,366.234833
2,1110,368,366.872518
2,1111,366,367.751445
2,1112,366,368.629153
2,1113,373,369.396296
2,1114,373,370.201959
2,1115,369,370.561529
2,1116,369,371.404699
2,1117,369,371.557732
2,1118,372,371.382057
2,1119,372,370.986510
2,1120,373,370.336976
2,1121,373,369.854611
2,1122,368,369.580181
2,1123,368,369.294833
2,1124,367,368.881061
2,1125,367,368.803715
2,1126,369,368.793064
2,1127,369,368.803091
2,1128,368,368.421240
2,1129,368,368.061314
2,1130,375,367.830572
2,1131,365,367.247950
2,1132,365,366.444654
2,1133,365,365.539926
2,1134,364,364.671789
2,1135,364,364.137733
2,1136,364,363.689927
2,1137,363,363.608284
2,1138,363,363.811054
2,1139,364,364.298375
2,1140,364,364.900148
2,1141,368,365.425535
2,1142,368,365.852995
2,1143,366,366.080611
2,1144,366,366.031897
2,1145,364,365.637953
2,1146,364,365.901828
2,1147,366,365.681897
2,1148,366,365.853581
2,1149,369,366.328881
2,1150,365,366.601284
2,1151,365,366.795534
2,1152,368,367.100121
2,1153,368,367.525205
2,1154,369,367.801507
2,1155,369,368.173668
2,1156,368,368.508922
2,1157,368,368.721771
2,1158,369,369.016813
2,1159,369,369.354296
2,1160,368,369.901719
2,1161,368,370.307302
2,1162,374,370.303298
2,1163,374,370.588349
2,1164,370,370.903703
2,1165,369,370.796805
2,1166,369,370.071710
2,1167,369,369.011735
2,1168,367,368.002971
2,1169,369,366.937870
2,1170,369,366.026051
2,1171,364,365.447492
2,1172,364,365.001191
2,1173,364,364.902367
2,1174,364,365.047984
2,1175,363,365.148433
2,1176,363,365.236757
2,1177,370,364.915583
2,1178,370,364.533669
2,1179,362,364.137074
2,1180,362,363.775957
2,1181,363,363.533290
2,1182,363,363.117010
2,1183,362,362.784908
2,1184,362,362.549614
2,1185,363,362.786639
2,1186,363,363.664374
2,1187,366,364.494905
2,1188,366,366.027782
2,1189,366,367.445818
2,1190,370,368.758565
2,1191,370,369.240685
2,1192,368,368.894365
2,1193,368,368.666775
2,1194,371,368.751956
2,1195,371,368.764041
2,1196,367,368.928169
2,1197,367,368.880140
2,1198,368,368.897348
2,1199,368,368.915919
2,1200,368,369.025860
2,1201,368,369.182931
2,1202,375,369.229004
2,1203,371,369.356344
2,1204,371,369.311482
2,1205,366,368.985651
2,1206,366,368.592733
2,1207,366,368.102175
2,1208,366,367.290422
2,1209,369,366.253976
2,1210,369,365.340021
2,1211,364,364.779479
2,1212,364,364.119539
2,1213,363,363.683854
2,1214,363,363.423004
2,1215,362,363.149435
2,1216,362,362.597046
2,1217,362,361.429441
2,1218,362,361.351270
2,1219,363,361.610218
2,1220,362,362.167006
2,1221,362,362.448532
2,1222,362,362.902944
2,1223,363,363.310187
2,1224,363,363.410200
2,1225,364,363.652415
2,1226,364,364.169331
2,1227,367,364.566725
2,1228,367,365.345965
2,1229,366,366.333323
2,1230,364,367.420650
2,1231,364,368.469096
2,1232,373,369.558876
2,1233,373,370.658024
2,1234,371,371.583432
2,1235,371,372.369378
2,1236,375,373.086888
2,1237,375,373.633941
2,1238,374,374.127090
2,1239,374,374.495834
2,1240,373,374.714077
2,1241,373,374.933817
2,1242,376,375.058432
2,1243,376,375.113430
2,1244,375,375.246672
2,1245,375,375.357866
2,1246,376,375.189556
2,1247,376,374.330089
2,1248,374,373.653259
2,1249,372,373.004079
2,1250,372,372.154175
2,1251,370,371.047560
2,1252,370,370.016906
2,1253,368,369.046575
2,1254,368,368.301471
2,1255,369,367.762663
2,1256,369,367.230325
2,1257,366,366.510164
2,1258,366,366.027173
2,1259,365,365.533384
2,1260,365,365.118853
2,1261,364,364.592680
2,1262,364,364.127841
2,1263,364,363.709097
2,1264,364,363.513582
2,1265,364,363.445616
2,1266,363,363.521497
2,1267,363,363.743773
2,1268,365,364.109630
2,1269,365,364.611442
2,1270,365,365.237704
2,1271,365,365.974355
2,1272,367,366.806479
2,1273,367,367.720407
2,1274,370,368.706194
2,1275,370,369.760487
2,1276,371,370.889779
2,1277,371,372.114054
2,1278,374,373.470813
2,1279,375,375.019491
2,1280,375,374.695951
2,1281,375,374.926141
2,1282,375,375.192676
2,1283,376,375.554886
2,1284,376,375.265466
2,1285,373,374.627567
2,1286,373,374.218911
2,1287,375,373.985745
2,1288,375,373.646495
2,1289,372,373.098658
2,1290,372,372.811993
2,1291,374,372.596760
2,1292,374,372.220741
2,1293,369,371.454805
2,1294,369,370.790150
2,1295,369,370.038010
2,1296,373,369.276450
2,1297,373,368.335962
2,1298,363,367.357285
2,1299,363,366.467261
2,1300,367,365.582985
2,1301,367,364.852916
2,1302,363,364.190061
2,1303,363,363.800141
2,1304,365,363.670451
2,1305,365,363.777678
2,1306,363,364.073530
2,1307,363,364.583393
2,1308,366,365.443748
2,1309,366,366.342897
2,1310,368,367.185616
2,1311,368,367.859944
2,1312,370,368.844526
2,1313,370,370.298781
2,1314,369,371.329877
2,1315,373,371.887793
2,1316,373,372.440430
2,1317,373,373.470998
2,1318,373,373.932348
2,1319,376,374.026029
2,1320,376,374.547831
2,1321,374,375.405510
2,1322,374,375.966434
2,1323,376,376.309247
2,1324,376,376.343954
2,1325,377,376.132869
2,1326,377,375.849357
2,1327,376,375.484212
2,1328,376,375.159398
2,1329,374,374.859298
2,1330,374,374.239606
2,1331,376,373.739963
2,1332,369,373.154400
2,1333,369,372.447512
2,1334,374,371.641874
2,1335,374,370.920976
2,1336,371,370.189654
2,1337,371,369.575835
2,1338,367,368.922875
2,1339,367,368.031666
2,1340,366,366.763108
2,1341,366,365.844563
2,1342,365,365.042848
2,1343,365,364.400371
2,1344,364,363.878479
2,1345,364,363.474195
2,1346,363,363.163827
2,1347,363,363.544256
2,1348,364,363.738882
2,1349,363,363.660234
2,1350,363,363.893293
2,1351,367,364.435783
2,1352,367,365.106474
2,1353,364,366.165483
2,1354,364,367.256793
2,1355,370,368.468481
2,1356,370,369.761392
2,1357,372,371.133689
2,1358,372,372.353046
2,1359,374,373.606702
2,1360,374,374.478206
2,1361,376,375.137731
2,1362,376,375.833045
2,1363,376,376.679393
2,1364,377,377.035606
2,1365,377,376.965874
2,1366,377,376.980779
2,1367,377,377.136356
2,1368,377,377.598593
2,1369,377,377.648592
2,1370,378,377.231111
2,1371,378,376.982023
2,1372,377,376.682367
2,1373,377,376.171211
2,1374,373,375.407119
2,1375,373,374.557139
2,1376,376,373.592378
2,1377,376,372.653474
2,1378,368,371.659814
2,1379,368,370.581882
2,1380,372,369.390678
2,1381,369,368.512625
2,1382,369,367.640543
2,1383,365,366.917313
2,1384,365,366.180575
2,1385,366,365.264461
2,1386,366,364.457326
2,1387,363,363.652106
2,1388,363,362.868691
2,1389,363,363.006704
2,1390,364,363.357332
2,1391,364,363.787036
2,1392,364,364.511075
2,1393,364,365.658224
2,1394,364,366.675958
2,1395,369,367.506837
2,1396,369,368.462290
2,1397,372,369.213265
2,1398,372,370.102761
2,1399,371,370.724318
2,1400,371,371.162055
2,1401,368,371.619620
2,1402,368,372.160495
2,1403,375,372.726876
2,1404,375,373.112434
2,1405,375,373.399918
2,1406,374,374.335183
2,1407,374,375.112524
2,1408,377,375.884812
2,1409,377,376.582269
2,1410,376,376.943082
2,1411,376,377.191245
2,1412,377,377.090108
2,1413,377,376.855532
2,1414,377,376.572109
2,1415,377,376.167490
2,1416,376,375.911027
2,1417,376,375.176077
2,1418,372,373.909511
2,1419,372,372.843573
2,1420,376,371.872338
2,1421,369,371.057730
2,1422,369,370.233921
2,1423,369,369.382544
2,1424,369,368.725342
2,1425,368,368.059447
2,1426,368,367.582164
2,1427,367,367.052752
2,1428,367,366.445358
2,1429,366,365.707541
2,1430,366,364.891286
2,1431,363,363.924010
2,1432,363,363.451935
2,1433,363,363.377513
2,1434,363,363.192251
2,1435,363,362.920403
2,1436,363,363.336787
2,1437,364,363.677598
2,1438,364,364.224963
2,1439,364,364.939718
2,1440,368,365.855402
2,1441,368,366.778424
2,1442,368,367.766707
2,1443,368,368.827718
2,1444,368,370.007972
2,1445,368,371.137968
2,1446,375,372.438765
2,1447,375,373.463638
2,1448,375,374.343020
2,1449,375,375.187694
2,1450,376,376.058150
2,1451,376,376.559576
2,1452,377,376.846003
2,1453,377,376.987007
2,1454,377,376.972608
2,1455,376,376.800377
2,1456,376,376.526923
2,1457,377,376.210881
2,1458,377,376.118140
2,1459,376,376.230963
2,1460,376,375.980963
2,1461,374,375.216666
2,1462,374,374.534025
2,1463,375,373.785641
2,1464,375,373.070270
2,1465,371,372.321932
2,1466,371,371.494424
2,1467,370,370.498991
2,1468,370,369.631520
2,1469,370,368.751859
2,1470,366,368.034318
2,1471,366,367.240089
2,1472,368,366.410403
2,1473,368,365.533981
2,1474,364,364.821677
2,1475,364,364.363476
2,1476,363,364.168078
2,1477,363,363.724739
2,1478,364,363.115702
2,1479,364,362.973545
2,1480,363,363.278325
2,1481,363,363.797223
2,1482,365,364.543349
2,1483,365,365.365796
2,1484,367,366.281954
2,1485,367,367.491849
2,1486,368,368.547336
2,1487,368,369.359027
2,1488,371,370.240233
2,1489,374,371.227740
2,1490,374,372.130910
2,1491,371,373.096686
2,1492,371,373.907922
2,1493,375,374.849716
2,1494,375,375.288660
2,1495,377,375.509466
2,1496,377,376.110237
2,1497,377,376.782905
2,1498,377,377.480633
2,1499,378,378.185915
2,1500,378,378.211421
2,1501,377,377.724534
2,1502,377,377.295598
2,1503,376,376.742127
2,1504,377,375.839586
2,1505,377,374.905414
2,1506,376,374.530769
2,1507,376,373.880963
2,1508,367,372.894178
2,1509,367,372.107800
2,1510,373,371.315265
2,1511,373,370.490968
2,1512,373,369.517604
2,1513,373,368.851419
2,1514,364,368.406067
2,1515,364,367.665185
2,1516,368,366.665877
2,1517,368,366.147809
2,1518,364,365.772975
2,1519,364,365.409926
2,1520,368,365.143837
2,1521,364,364.770954
2,1522,364,364.524570
2,1523,366,364.427171
2,1524,366,364.495407
2,1525,364,364.738666
2,1526,364,365.157857
2,1527,369,365.744386
2,1528,369,366.479346
2,1529,363,367.332906
2,1530,363,368.263906
2,1531,371,369.219656
2,1532,371,370.135937
2,1533,373,370.937205
2,1534,373,371.537007
2,1535,370,371.838590
2,1536,370,373.107105
2,1537,375,373.938365
2,1538,374,374.270400
2,1539,374,374.437134
2,1540,377,375.081825
2,1541,377,375.298562
2,1542,375,375.188522
2,1543,375,375.418235
2,1544,374,376.142727
2,1545,374,376.457979
2,1546,378,376.249284
2,1547,378,376.014338
2,1548,375,375.509218
2,1549,375,375.189297
2,1550,376,375.130725
2,1551,376,374.575311
2,1552,371,373.561378
2,1553,371,372.647979
2,1554,375,371.616829
2,1555,369,370.430916
2,1556,369,369.414672
2,1557,369,368.700418
2,1558,369,368.088311
2,1559,367,367.550626
2,1560,367,367.050871
2,1561,365,366.274331
2,1562,365,365.736963
2,1563,367,365.338560
2,1564,367,364.765062
2,1565,363,363.985152
2,1566,363,363.558389
2,1567,363,363.421263
2,1568,363,363.289664
2,1569,363,363.153061
2,1570,363,363.411347
2,1571,364,363.392993
2,1572,364,363.780136
2,1573,364,364.414219
2,1574,366,365.284047
2,1575,366,366.185058
2,1576,368,367.204373
2,1577,368,368.047070
2,1578,368,368.924783
2,1579,368,369.829969
2,1580,372,370.968733
2,1581,372,371.936444
2,1582,375,372.928782
2,1583,375,373.875220
2,1584,373,374.809578
2,1585,373,375.713770
2,1586,378,376.520825
2,1587,378,377.189282
2,1588,378,377.875229
2,1589,378,378.343731
2,1590,378,378.579085
2,1591,378,378.492365
2,1592,380,378.329580
2,1593,378,378.115315
2,1594,378,377.753412
2,1595,377,377.165617
2,1596,377,376.742386
2,1597,376,376.359945
2,1598,376,376.308162
2,1599,376,376.531645
2,1600,376,376.769969
2,1601,376,376.921305
2,1602,379,377.436273
2,1603,379,377.743724
2,1604,378,377.867672
2,1605,378,378.078078
2,1606,378,378.240385
2,1607,378,378.035313
2,1608,377,377.817998
2,1609,377,377.350070
2,1610,377,376.815473
2,1611,377,376.311143
2,1612,376,375.917383
2,1613,375,375.555641
2,1614,375,375.155838
2,1615,376,374.791663
2,1616,376,374.465262
2,1617,372,374.174288
2,1618,372,373.912902
2,1619,375,373.673203
2,1620,375,373.447089
2,1621,373,373.228552
2,1622,373,373.016390
2,1623,372,372.817364
2,1624,372,372.649780
2,1625,373,372.547490
2,1626,373,372.564344
2,1627,373,372.779049
2,1628,373,373.300479
3,0,372,370.145489
3,1,372,370.881265
3,2,372,371.359563
3,3,372,371.541473
3,4,372,371.433873
3,5,372,371.127407
3,6,372,370.492511
3,7,367,369.665900
3,8,367,368.737012
3,9,367,367.709102
3,10,367,367.102541
3,11,368,367.050933
3,12,368,366.968385
3,13,367,366.862613
3,14,367,366.992618
3,15,367,367.003334
3,16,367,367.025269
3,17,367,367.021292
3,18,367,366.970282
3,19,367,366.768320
3,20,366,366.442759
3,21,366,366.307812
3,22,366,366.600254
3,23,366,366.580718
3,24,368,366.498262
3,25,368,366.391978
3,26,365,366.276677
3,27,365,366.178299
3,28,367,366.151909
3,29,367,366.115032
3,30,365,366.080596
3,31,366,366.026893
3,32,366,365.907665
3,33,365,365.802701
3,34,365,365.677871
3,35,367,365.550221
3,36,367,365.261015
3,37,364,365.025387
3,38,364,364.643021
3,39,364,364.052313
3,40,364,363.624067
3,41,363,363.426615
3,42,363,363.177613
3,43,363,362.848381
3,44,363,362.837679
3,45,363,363.102202
3,46,363,363.289819
3,47,364,363.540454
3,48,364,363.931663
3,49,364,364.242195
3,50,364,364.472740
3,51,366,364.817755
3,52,365,365.238437
3,53,365,365.512443
3,54,366,365.728055
3,55,366,366.008478
3,56,366,366.418906
3,57,366,366.684008
3,58,368,366.922562
3,59,368,367.180702
3,60,367,367.496629
3,61,367,367.761270
3,62,368,367.992508
3,63,368,368.195155
3,64,369,368.424400
3,65,369,368.485077
3,66,368,368.399051
3,67,368,368.417762
3,68,368,368.383538
3,69,369,368.238215
3,70,369,368.130957
3,71,367,367.924353
3,72,367,367.631802
3,73,367,367.122506
3,74,367,366.592369
3,75,366,365.998217
3,76,366,365.445834
3,77,365,364.891627
3,78,365,364.320856
3,79,363,363.691634
3,80,363,363.347667
3,81,363,363.218903
3,82,363,363.260442
3,83,363,363.437057
3,84,364,363.588669
3,85,364,363.835300
3,86,365,364.321811
3,87,365,364.802957
3,88,365,365.280109
3,89,365,365.726897
3,90,367,366.220780
3,91,367,366.513113
3,92,366,366.787934
3,93,366,367.055923
3,94,368,367.459874
3,95,368,367.825751
3,96,369,368.221223
3,97,369,368.531111
3,98,368,368.759222
3,99,368,368.861167
3,100,369,368.962985
3,101,369,368.825750
3,102,369,368.668373
3,103,369,368.425718
3,104,369,368.170511
3,105,367,367.750661
3,106,367,367.509723
3,107,367,367.365703
3,108,367,367.238584
3,109,367,366.920570
3,110,367,366.691926
3,111,366,366.348440
3,112,366,365.957156
3,113,366,365.561461
3,114,366,364.998600
3,115,364,364.228854
3,116,364,363.753334
3,117,363,363.468483
3,118,363,363.166373
3,119,362,362.924098
3,120,363,363.062242
3,121,363,363.389498
3,122,364,363.704182
3,123,364,364.138543
3,124,366,364.650937
3,125,366,365.205389
3,126,366,365.788738
3,127,366,366.265288
3,128,365,366.669725
3,129,365,366.943030
3,130,369,367.260712
3,131,369,367.422848
3,132,367,367.553461
3,133,367,367.787758
3,134,369,368.206529
3,135,369,368.277896
3,136,367,368.232134
3,137,368,368.156239
3,138,368,368.145717
3,139,368,367.905975
3,140,368,367.711119
3,141,368,367.564051
3,142,368,367.492552
3,143,367,367.496764
3,144,367,367.380515
3,145,366,366.981115
3,146,366,366.644487
3,147,368,366.417884
3,148,368,366.017192
3,149,364,365.496061
3,150,364,365.029295
3,151,365,364.490624
3,152,365,364.107972
3,153,363,363.840154
3,154,363,363.488651
3,155,363,363.044883
3,156,363,362.755568
3,157,363,362.672688
3,158,363,362.682066
3,159,363,362.848025
3,160,363,363.190924
3,161,364,363.638924
3,162,364,364.155642
3,163,365,364.955771
3,164,365,366.143607
3,165,365,367.094547
3,166,370,367.896555
3,167,370,368.647475
3,168,369,369.421403
3,169,369,369.829206
3,170,371,369.964082
3,171,371,369.950830
3,172,369,369.803154
3,173,369,369.449112
3,174,368,368.999335
3,175,368,368.430407
3,176,368,367.844528
3,177,368,367.310295
3,178,368,366.816063
3,179,366,366.535921
3,180,366,366.287761
3,181,366,365.806378
3,182,366,365.480065
3,183,364,365.258127
3,184,364,364.862617
3,185,365,364.441343
3,186,365,364.149025
3,187,364,363.922073
3,188,364,363.581616
3,189,363,363.219461
3,190,363,362.876343
3,191,362,362.587278
3,192,362,362.394229
3,193,363,362.400846
3,194,363,362.637055
3,195,363,362.958421
3,196,363,363.528943
3,197,364,364.366081
3,198,364,365.296262
3,199,367,366.162924
3,200,368,366.865985
3,201,368,367.485257
3,202,368,368.105527
3,203,368,368.669175
3,204,369,368.953501
3,205,369,369.047310
3,206,369,368.925632
3,207,369,368.835868
3,208,368,368.792642
3,209,368,368.511922
3,210,369,368.101042
3,211,369,367.821633
3,212,367,367.590362
3,213,367,367.305001
3,214,366,366.782228
3,215,366,366.345383
3,216,367,365.994037
3,217,367,365.596844
3,218,364,365.066309
3,219,364,364.727240
3,220,363,364.491038
3,221,366,364.248594
3,222,366,363.960162
3,223,362,363.752631
3,224,362,363.496277
3,225,364,363.199597
3,226,364,362.993797
3,227,363,363.062791
3,228,363,363.247314
3,229,364,363.531113
3,230,364,363.839165
3,231,363,364.155225
3,232,363,364.703105
3,233,367,365.567185
3,234,367,366.239757
3,235,367,366.828293
3,236,367,367.146015
3,237,368,367.643329
3,238,368,368.133722
3,239,368,368.328029
3,240,368,368.398499
3,241,369,368.573727
3,242,369,368.688902
3,243,368,368.735967
3,244,368,368.704611
3,245,368,368.583580
3,246,369,368.362574
3,247,369,368.034720
3,248,367,367.599639
3,249,367,367.067091
3,250,367,366.461199
3,251,367,365.825266
3,252,364,365.227168
3,253,364,364.765333
3,254,365,364.575304
3,255,365,364.836883
3,256,365,364.367709
3,257,365,364.164750
3,258,364,363.938716
3,259,364,363.673770
3,260,363,363.289693
3,261,362,362.932347
3,262,362,362.664219
3,263,363,362.570124
3,264,363,362.422808
3,265,363,362.359019
3,266,363,362.580029
3,267,362,363.295444
3,268,362,363.835381
3,269,366,364.287458
3,270,366,365.026671
3,271,366,365.854218
3,272,366,366.655685
3,273,367,367.474922
3,274,367,367.938860
3,275,369,368.257173
3,276,369,368.447937
3,277,369,368.527728
3,278,368,368.340114
3,279,368,368.075772
3,280,369,367.881806
3,281,369,367.797026
3,282,365,367.741654
3,283,365,367.581882
3,284,368,367.184840
3,285,368,366.911395
3,286,368,366.564624
3,287,368,366.374847
3,288,365,366.214485
3,289,365,365.796205
3,290,365,365.074125
3,291,365,364.495902
3,292,363,363.910580
3,293,363,363.610150
3,294,364,363.420585
3,295,364,363.135752
3,296,363,362.898125
3,297,363,363.284482
3,298,363,363.524444
3,299,363,363.546133
3,300,363,363.691869
3,301,366,363.883261
3,302,366,364.081704
3,303,363,364.409130
3,304,363,364.797832
3,305,365,365.336815
3,306,365,365.751854
3,307,368,366.236732
3,308,368,366.649876
3,309,366,367.080669
3,310,366,367.459490
3,311,370,367.909284
3,312,368,368.275811
3,313,368,368.581455
3,314,369,368.934127
3,315,369,369.034580
3,316,368,368.830355
3,317,368,368.685593
3,318,370,368.662311
3,319,370,368.460722
3,320,367,368.053986
3,321,367,367.566809
3,322,367,366.819443
3,323,367,366.230932
3,324,365,365.771157
3,325,365,365.207466
3,326,364,364.421871
3,327,364,364.046423
3,328,365,363.735769
3,329,363,363.393107
3,330,363,363.101900
3,331,363,363.051668
3,332,363,363.021989
3,333,363,362.859538
3,334,363,362.943975
3,335,363,363.273713
3,336,363,363.449861
3,337,364,363.598999
3,338,364,363.788909
3,339,364,364.132531
3,340,364,364.477392
3,341,366,364.911025
3,342,366,365.324002
3,343,365,365.809576
3,344,365,366.272524
3,345,367,366.638500
3,346,367,367.017391
3,347,367,367.472403
3,348,369,367.812469
3,349,369,368.128697
3,350,368,368.342071
3,351,368,368.466825
3,352,368,368.458978
3,353,368,368.360978
3,354,368,368.202745
3,355,368,367.894172
3,356,368,367.257583
3,357,368,366.763100
3,358,365,366.280721
3,359,365,365.657711
3,360,365,364.856557
3,361,365,364.096265
3,362,363,363.384340
3,363,363,362.630145
3,364,362,362.085901
3,365,362,361.975686
3,366,362,362.071527
3,367,362,362.490861
3,368,363,363.055244
3,369,363,363.638810
3,370,363,364.162388
3,371,366,364.597369
3,372,366,364.979208
3,373,366,365.430468
3,374,366,365.690284
3,375,366,365.952841
3,376,366,366.029170
3,377,365,366.193963
3,378,365,366.396376
3,379,367,366.810354
3,380,367,367.263184
3,381,369,367.823937
3,382,369,368.361286
3,383,369,368.849712
3,384,369,369.228790
3,385,369,369.404548
3,386,369,369.225137
3,387,369,368.945501
3,388,369,368.497140
3,389,369,367.920019
3,390,366,367.218192
3,391,366,366.638892
3,392,366,366.225854
3,393,366,365.670134
3,394,365,364.949477
3,395,365,364.441105
3,396,364,363.890064
3,397,364,363.614249
3,398,363,363.474424
3,399,363,363.325674
3,400,363,363.159516
3,401,363,363.076674
3,402,363,363.044833
3,403,363,363.069213
3,404,363,363.175262
3,405,365,363.600116
3,406,365,363.929758
3,407,363,364.196079
3,408,363,364.580586
3,409,365,365.053533
3,410,365,365.403917
3,411,367,365.763687
3,412,367,366.003176
3,413,366,366.291038
3,414,366,366.492807
3,415,367,366.730212
3,416,367,366.943020
3,417,367,367.174670
3,418,367,367.418640
3,419,368,367.655078
3,420,367,367.709929
3,421,367,367.860893
3,422,369,368.021975
3,423,369,368.094078
3,424,368,368.010757
3,425,368,367.791217
3,426,367,367.339990
3,427,367,366.891829
3,428,366,366.466971
3,429,366,365.992043
3,430,365,365.422948
3,431,365,365.042088
3,432,365,364.768990
3,433,365,364.470558
3,434,364,364.069383
3,435,364,363.957675
3,436,363,363.839565
3,437,364,363.587362
3,438,364,363.346562
3,439,363,363.208674
3,440,363,363.056837
3,441,363,363.088583
3,442,363,363.120370
3,443,363,363.242938
3,444,363,363.497193
3,445,365,363.939942
3,446,365,364.364176
3,447,364,364.794289
3,448,364,365.333071
3,449,367,366.047626
3,450,367,366.554197
3,451,367,366.982533
3,452,367,367.338372
3,453,368,367.806234
3,454,368,368.117594
3,455,369,368.281022
3,456,368,368.467731
3,457,368,368.699469
3,458,369,368.733693
3,459,369,368.694501
3,460,368,368.523709
3,461,368,368.326828
3,462,369,368.064995
3,463,369,367.787971
3,464,366,367.339915
3,465,366,366.868492
3,466,367,366.339969
3,467,367,365.786373
3,468,364,365.147139
3,469,364,364.705039
3,470,365,364.250827
3,471,365,364.129979
3,472,363,364.046506
3,473,364,363.912238
3,474,364,363.837448
3,475,363,363.754029
3,476,363,363.601511
3,477,365,363.521157
3,478,365,363.642191
3,479,364,364.047140
3,480,364,364.436547
3,481,364,364.874226
3,482,364,365.394787
3,483,366,366.113656
3,484,366,366.736690
3,485,369,367.341371
3,486,369,367.843665
3,487,369,368.351000
3,488,369,368.670843
3,489,368,368.985661
3,490,368,369.196184
3,491,369,369.241340
3,492,369,369.011478
3,493,369,368.813644
3,494,369,368.613368
3,495,369,368.408282
3,496,368,368.251011
3,497,368,367.983027
3,498,368,367.677848
3,499,368,367.335075
3,500,366,366.954897
3,501,366,366.538732
3,502,366,366.089900
3,503,366,365.614314
3,504,365,365.121206
3,505,365,364.623871
3,506,364,364.140439
3,507,364,363.694671
3,508,363,363.316788
3,509,363,363.044313
3,510,363,362.922950
3,511,363,363.007485
3,512,363,363.188933
3,513,364,363.290438
3,514,364,363.460628
3,515,364,363.819523
3,516,364,364.201143
3,517,365,364.685538
3,518,365,365.186421
3,519,365,365.803983
3,520,365,366.380063
3,521,368,367.017578
3,522,368,367.638192
3,523,369,368.340140
3,524,369,368.825688
3,525,369,369.179883
3,526,369,369.414661
3,527,370,369.540272
3,528,369,369.457534
3,529,369,369.227683
3,530,369,368.883884
3,531,369,368.556322
3,532,368,368.194659
3,533,368,367.883046
3,534,367,367.603607
3,535,367,367.211468
3,536,367,366.621444
3,537,367,366.114174
3,538,365,365.502440
3,539,365,365.143428
3,540,365,364.921039
3,541,365,364.579523
3,542,364,364.079897
3,543,363,363.859270
3,544,363,363.688084
3,545,364,363.543398
3,546,364,363.426726
3,547,364,363.332206
3,548,364,363.368660
3,549,363,363.487104
3,550,363,363.641239
3,551,363,363.837601
3,552,363,364.010755
3,553,366,364.271842
3,554,366,364.567323
3,555,364,364.932336
3,556,364,365.404228
3,557,367,365.944514
3,558,367,366.442767
3,559,367,367.068457
3,560,367,367.638052
3,561,367,368.320621
3,562,369,368.640477
3,563,369,368.665643
3,564,370,368.730808
3,565,370,368.973347
3,566,369,369.404331
3,567,369,369.811624
3,568,370,370.043628
3,569,370,370.349152
3,570,370,370.658171
3,571,369,370.686371
3,572,369,370.297991
3,573,372,369.839216
3,574,372,369.142205
3,575,372,368.380969
3,576,366,367.434441
3,577,363,366.314704
3,578,363,365.175950
3,579,364,364.090639
3,580,364,363.247554
3,581,363,362.613374
3,582,363,362.273456
3,583,363,362.189306
3,584,363,362.512437
3,585,363,363.085265
3,586,363,363.887312
3,587,364,364.681804
3,588,364,364.997915
3,589,366,365.178790
3,590,366,365.521342
3,591,367,366.376018
3,592,367,367.036556
3,593,368,367.514813
3,594,368,367.808577
3,595,367,368.082710
3,596,368,368.403643
3,597,368,368.600220
3,598,369,368.741714
3,599,369,368.842313
3,600,370,368.924347
3,601,370,368.872724
3,602,367,368.640805
3,603,367,368.379980
3,604,369,367.932606
3,605,369,367.446445
3,606,366,366.805308
3,607,366,366.230441
3,608,365,365.571052
3,609,365,365.002469
3,610,365,364.517107
3,611,364,364.146722
3,612,364,363.978398
3,613,364,363.827277
3,614,364,363.711713
3,615,363,363.504257
3,616,363,363.517757
3,617,364,363.744805
3,618,364,363.833347
3,619,364,363.781392
3,620,364,363.835582
3,621,365,364.101530
3,622,364,364.353646
3,623,364,364.726433
3,624,364,365.133463
3,625,366,365.637950
3,626,367,366.179768
3,627,367,366.669214
3,628,367,367.310499
3,629,367,367.800235
3,630,369,368.269420
3,631,369,368.643216
3,632,369,368.960698
3,633,369,369.123949
3,634,369,369.185204
3,635,369,369.176729
3,636,369,369.096049
3,637,369,369.078714
3,638,369,369.018925
3,639,369,368.805447
3,640,368,368.377631
3,641,368,367.901914
3,642,369,367.378086
3,643,366,366.954955
3,644,366,366.480764
3,645,366,365.889655
3,646,366,365.397347
3,647,364,364.874649
3,648,364,364.412547
3,649,364,363.993661
3,650,364,363.632906
3,651,364,363.357739
3,652,364,363.195749
3,653,363,363.140843
3,654,363,363.298040
3,655,363,363.646602
3,656,363,364.049155
3,657,365,364.535642
3,658,365,365.202250
3,659,366,365.742024
3,660,367,366.323275
3,661,367,366.910195
3,662,368,367.533934
3,663,368,368.035619
3,664,368,368.250694
3,665,368,368.364245
3,666,368,368.435598
3,667,368,368.431483
3,668,369,368.535743
3,669,369,368.540162
3,670,369,368.552066
3,671,369,368.664893
3,672,368,368.822156
3,673,368,368.870251
3,674,369,368.764698
3,675,369,368.669744
3,676,369,368.611097
3,677,369,368.397335
3,678,367,368.028023
3,679,368,367.828380
3,680,368,367.694439
3,681,367,367.273490
3,682,367,366.557253
3,683,365,365.972543
3,684,365,365.412344
3,685,366,364.844947
3,686,366,364.412980
3,687,363,364.115700
3,688,363,363.934392
3,689,364,363.840640
3,690,364,363.822902
3,691,363,363.879058
3,692,363,364.142597
3,693,367,364.651592
3,694,367,365.052752
3,695,364,365.482925
3,696,364,366.037760
3,697,368,366.702842
3,698,367,367.187208
3,699,367,367.340023
3,700,368,367.727651
3,701,368,367.995706
3,702,369,368.287424
3,703,369,368.541252
3,704,368,368.834802
3,705,368,368.877089
3,706,369,368.797245
3,707,369,368.611712
3,708,368,368.224916
3,709,368,367.963432
3,710,369,367.875177
3,711,369,367.644288
3,712,365,367.197749
3,713,365,366.920827
3,714,369,366.562379
3,715,365,366.183615
3,716,365,365.779144
3,717,367,365.353676
3,718,367,364.969979
3,719,363,364.570127
3,720,363,364.225616
3,721,364,363.846566
3,722,364,363.513088
3,723,363,363.215428
3,724,363,362.965975
3,725,363,362.763526
3,726,363,362.777462
3,727,363,363.139273
3,728,363,363.433815
3,729,364,363.647087
3,730,364,364.259990
3,731,365,364.770307
3,732,365,365.112519
3,733,365,365.564054
3,734,367,366.239315
3,735,367,366.748307
3,736,367,367.135062
3,737,367,367.539810
3,738,368,367.796340
3,739,368,367.884087
3,740,368,367.971196
3,741,368,368.123345
3,742,368,368.069813
3,743,368,367.877892
3,744,368,367.746039
3,745,368,367.736563
3,746,367,367.563420
3,747,367,367.374487
3,748,367,367.140761
3,749,367,366.791859
3,750,367,366.479988
3,751,367,366.228272
3,752,365,365.993915
3,753,365,365.642412
3,754,366,365.269211
3,755,366,364.886180
3,756,363,364.508349
3,757,363,364.152937
3,758,365,363.838004
3,759,365,363.580724
3,760,363,363.395286
3,761,363,363.290429
3,762,363,363.266587
3,763,363,363.312677
3,764,363,363.402498
3,765,364,363.490764
3,766,364,363.508765
3,767,363,363.359643
3,768,363,364.760643
3,769,366,364.887103
3,770,366,364.930309
3,771,368,365.237541
3,772,368,365.716098
3,773,365,366.337597
3,774,365,367.238300
3,775,365,368.466550
3,776,369,369.400588
3,777,369,370.072497
3,778,373,370.825988
3,779,373,371.533225
3,780,373,371.681445
3,781,373,371.507575
3,782,373,371.098248
3,783,369,370.313345
3,784,366,369.273944
3,785,366,368.230542
3,786,367,367.017416
3,787,367,366.030530
3,788,367,365.472945
3,789,367,365.127251
3,790,363,364.910098
3,791,363,364.822791
3,792,367,364.968715
3,793,367,364.735671
3,794,363,364.399368
3,795,363,364.130976
3,796,363,363.824102
3,797,363,363.635391
3,798,365,363.791168
3,799,365,363.972907
3,800,364,364.026565
3,801,364,364.103467
3,802,364,364.238880
3,803,364,364.562599
3,804,364,364.920136
3,805,367,365.571734
3,806,367,365.935913
3,807,365,365.982666
3,808,365,366.439609
3,809,368,367.313572
3,810,368,367.888904
3,811,369,368.300504
3,812,369,368.617047
3,813,368,368.802400
3,814,368,368.783231
3,815,369,368.702713
3,816,369,368.564915
3,817,370,368.437462
3,818,368,368.314031
3,819,368,368.197052
3,820,366,367.800917
3,821,366,367.499441
3,822,369,367.410893
3,823,369,367.255153
3,824,366,366.877535
3,825,366,366.579626
3,826,367,366.153820
3,827,367,365.770657
3,828,364,365.420428
3,829,364,364.899747
3,830,364,364.141570
3,831,364,363.633331
3,832,364,363.242600
3,833,364,363.026954
3,834,362,362.832643
3,835,362,362.896781
3,836,363,362.949936
3,837,363,362.911413
3,838,363,363.060138
3,839,364,363.510733
3,840,364,363.917357
3,841,365,364.293402
3,842,365,364.756422
3,843,364,365.388104
3,844,364,365.901617
3,845,368,366.444981
3,846,368,366.754596
3,847,367,366.991636
3,848,367,367.275539
3,849,368,367.717060
3,850,368,368.112343
3,851,368,368.499584
3,852,368,368.755371
3,853,369,368.870782
3,854,369,368.911848
3,855,369,368.970729
3,856,369,368.795430
3,857,369,368.580619
3,858,369,368.364328
3,859,369,368.002254
3,860,366,367.367363
3,861,366,366.821428
3,862,366,366.401816
3,863,366,365.976925
3,864,366,365.496639
3,865,366,365.137981
3,866,364,364.739950
3,867,364,364.518146
3,868,365,364.332582
3,869,365,364.030049
3,870,363,363.578154
3,871,363,363.298618
3,872,363,363.131665
3,873,363,362.982093
3,874,363,362.962383
3,875,363,363.240654
3,876,364,363.533765
3,877,364,363.994010
3,878,364,364.514410
3,879,365,365.128533
3,880,365,365.830165
3,881,368,366.462152
3,882,368,366.887326
3,883,366,367.220152
3,884,366,367.440264
3,885,369,367.663786
3,886,369,367.941604
3,887,368,368.335850
3,888,368,368.539170
3,889,368,368.722778
3,890,368,368.762949
3,891,369,368.711430
3,892,369,368.783722
3,893,370,368.905765
3,894,370,368.874310
3,895,368,368.726603
3,896,368,368.319690
3,897,368,367.932099
3,898,366,367.672704
3,899,366,367.187192
3,900,368,366.365836
3,901,368,365.797500
3,902,365,365.375699
3,903,365,364.893542
3,904,363,364.391914
3,905,363,363.973288
3,906,364,363.480410
3,907,364,363.235157
3,908,363,363.128028
3,909,363,362.975047
3,910,363,362.916906
3,911,363,363.037378
3,912,364,363.322908
3,913,363,363.860343
3,914,363,364.324888
3,915,366,364.690832
3,916,366,364.995544
3,917,365,365.421415
3,918,365,365.735149
3,919,366,366.368064
3,920,366,366.760336
3,921,369,366.979006
3,922,369,367.256948
3,923,366,367.578798
3,924,366,367.833593
3,925,368,368.117694
3,926,368,368.160280
3,927,369,368.083532
3,928,369,368.079296
3,929,369,368.065071
3,930,367,367.783792
3,931,367,367.586600
3,932,367,367.552117
3,933,369,367.515536
3,934,366,367.387682
3,935,366,367.135464
3,936,367,366.664415
3,937,367,366.341469
3,938,367,366.145518
3,939,367,365.751884
3,940,364,365.152998
3,941,364,364.532453
3,942,364,363.785255
3,943,364,363.242764
3,944,362,362.933428
3,945,362,362.765340
3,946,363,362.538636
3,947,363,362.676427
3,948,363,362.929060
3,949,363,363.553302
3,950,364,364.070830
3,951,365,364.436147
3,952,365,364.731667
3,953,365,364.866122
3,954,365,364.974163
3,955,365,365.276694
3,956,365,365.470761
3,957,367,365.757617
3,958,367,366.127739
3,959,365,366.715850
3,960,365,367.327641
3,961,369,367.998268
3,962,369,368.591926
3,963,370,369.111344
3,964,370,369.521796
3,965,370,369.730868
3,966,370,369.755982
3,967,369,369.675104
3,968,369,369.383796
3,969,369,368.953793
3,970,368,368.466323
3,971,368,367.863446
3,972,367,367.123658
3,973,367,366.701782
3,974,367,366.569452
3,975,367,366.334518
3,976,365,365.879217
3,977,365,365.537310
3,978,365,365.070611
3,979,365,364.826100
3,980,365,364.695058
3,981,365,364.455410
3,982,364,364.082161
3,983,364,364.028214
3,984,364,363.961847
3,985,363,363.898555
3,986,363,363.869136
3,987,365,363.889482
3,988,365,363.957827
3,989,364,364.108191
3,990,364,364.287697
3,991,364,364.634967
3,992,364,364.996519
3,993,367,365.483641
3,994,367,365.911481
3,995,365,366.303638
3,996,365,366.871452
3,997,370,367.635396
3,998,368,368.176114
3,999,368,368.652526
3,1000,369,369.041141
3,1001,369,369.294384
3,1002,370,369.262941
3,1003,370,369.283183
3,1004,369,369.380206
3,1005,369,369.276901
3,1006,369,369.099077
3,1007,369,368.758500
3,1008,367,368.221040
3,1009,367,367.810610
3,1010,369,367.401135
3,1011,369,366.999475
3,1012,366,366.605697
3,1013,366,366.213890
3,1014,365,365.813678
3,1015,365,365.392432
3,1016,364,364.938195
3,1017,365,364.443303
3,1018,365,363.908715
3,1019,363,363.349044
3,1020,363,362.798295
3,1021,362,362.316301
3,1022,362,361.995873
3,1023,362,361.970642
3,1024,362,362.442633
3,1025,363,362.504445
3,1026,363,362.773968
3,1027,364,363.302269
3,1028,364,363.913892
3,1029,364,364.713001
3,1030,364,365.381849
3,1031,367,365.986346
3,1032,367,366.502827
3,1033,368,367.036080
3,1034,367,367.620920
3,1035,367,368.141625
3,1036,369,368.520559
3,1037,369,368.766722
3,1038,369,368.985951
3,1039,369,369.101484
3,1040,369,369.156266
3,1041,369,369.169178
3,1042,370,369.105115
3,1043,370,369.158497
3,1044,368,369.315844
3,1045,368,369.220276
3,1046,369,368.857513
3,1047,369,368.548158
3,1048,369,368.217505
3,1049,369,367.993544
3,1050,367,367.683977
3,1051,367,367.299556
3,1052,367,366.957049
3,1053,366,366.544761
3,1054,366,366.140617
3,1055,365,365.583407
3,1056,365,365.192241
3,1057,366,364.850048
3,1058,366,364.367970
3,1059,363,363.893819
3,1060,363,363.509388
3,1061,363,363.138519
3,1062,363,363.030458
3,1063,363,363.102380
3,1064,363,363.262432
3,1065,364,363.626812
3,1066,364,364.035476
3,1067,364,364.553746
3,1068,365,365.259241
3,1069,365,365.867202
3,1070,369,366.458083
3,1071,369,367.011453
3,1072,366,367.462218
3,1073,366,367.911407
3,1074,368,368.436313
3,1075,368,368.759764
3,1076,370,369.049491
3,1077,370,369.061692
3,1078,369,368.961539
3,1079,369,368.834835
3,1080,369,368.722136
3,1081,369,368.668780
3,1082,369,368.578997
3,1083,367,368.434379
3,1084,367,368.260854
3,1085,368,367.876487
3,1086,368,367.689690
3,1087,368,367.728345
3,1088,368,367.578283
3,1089,368,367.180247
3,1090,368,366.839547
3,1091,365,366.350589
3,1092,365,365.785776
3,1093,365,365.129557
3,1094,365,364.520647
3,1095,364,363.861602
3,1096,363,363.423332
3,1097,363,363.122500
3,1098,363,362.993252
3,1099,363,362.830766
3,1100,363,362.624974
3,1101,363,362.561500
3,1102,362,362.578035
3,1103,362,362.666747
3,1104,364,362.847943
3,1105,364,363.182423
3,1106,363,363.764737
3,1107,363,364.394110
3,1108,365,365.078726
3,1109,365,365.782546
3,1110,368,366.552003
3,1111,368,367.222497
3,1112,368,367.755441
3,1113,368,368.215729
3,1114,368,368.526315
3,1115,369,368.781263
3,1116,369,368.950522
3,1117,369,369.165992
3,1118,369,369.257949
3,1119,369,369.274681
3,1120,369,369.362220
3,1121,370,369.610087
3,1122,370,369.723055
3,1123,370,369.662897
3,1124,370,369.641665
3,1125,369,369.437646
3,1126,369,369.187680
3,1127,369,368.836283
3,1128,368,368.399818
3,1129,368,367.850694
3,1130,367,367.253989
3,1131,367,366.648943
3,1132,366,366.070043
3,1133,366,365.570893
3,1134,365,365.064727
3,1135,365,364.604908
3,1136,363,364.112136
3,1137,363,363.679241
3,1138,364,363.280798
3,1139,364,363.050658
3,1140,363,362.978143
3,1141,363,363.050533
3,1142,363,363.310550
3,1143,363,363.596832
3,1144,364,363.879886
3,1145,364,364.342846
3,1146,365,364.827989
3,1147,366,365.441283
3,1148,366,366.019701
3,1149,367,366.585302
3,1150,367,367.050984
3,1151,367,367.535338
3,1152,367,367.755894
3,1153,368,367.822810
3,1154,368,367.814691
3,1155,369,367.874759
3,1156,369,367.891960
3,1157,367,367.997315
3,1158,367,368.117065
3,1159,368,368.246162
3,1160,368,368.446719
3,1161,369,368.657770
3,1162,369,368.711628
3,1163,369,368.712745
3,1164,369,368.611695
3,1165,369,368.521209
3,1166,368,368.277989
3,1167,368,367.977200
3,1168,367,367.535305
3,1169,367,367.016558
3,1170,366,366.382984
3,1171,366,365.741171
3,1172,365,365.238415
3,1173,365,364.947425
3,1174,365,364.644100
3,1175,365,364.350167
3,1176,363,363.807639
3,1177,363,363.181767
3,1178,363,362.727056
3,1179,363,362.435041
3,1180,362,362.329885
3,1181,363,362.496441
3,1182,363,362.779727
3,1183,363,363.259342
3,1184,363,363.940547
3,1185,363,364.806106
3,1186,365,365.693552
3,1187,369,366.586861
3,1188,369,367.356007
3,1189,369,367.905417
3,1190,367,368.267333
3,1191,367,368.633553
3,1192,369,368.945968
3,1193,369,368.846576
3,1194,369,368.625691
3,1195,369,368.480079
3,1196,368,368.287150
3,1197,368,368.453831
3,1198,369,368.935885
3,1199,369,369.169251
3,1200,369,369.180676
3,1201,369,369.032758
3,1202,369,368.707198
3,1203,368,368.305243
3,1204,368,367.786534
3,1205,369,367.451723
3,1206,369,367.044831
3,1207,364,366.359523
3,1208,364,365.795166
3,1209,364,365.287913
3,1210,364,364.770579
3,1211,367,364.318489
3,1212,367,363.953837
3,1213,362,363.606283
3,1214,362,363.430073
3,1215,364,363.333930
3,1216,364,363.282283
3,1217,362,363.235776
3,1218,362,363.298797
3,1219,364,363.288636
3,1220,364,363.293704
3,1221,363,363.432154
3,1222,365,363.962059
3,1223,365,364.396687
3,1224,364,364.716663
3,1225,364,364.861855
3,1226,365,364.847734
3,1227,365,364.992171
3,1228,366,365.507817
3,1229,366,365.874697
3,1230,366,366.192554
3,1231,366,366.499300
3,1232,367,366.943068
3,1233,367,367.272575
3,1234,368,367.488595
3,1235,368,367.870004
3,1236,369,368.391012
3,1237,369,368.580108
3,1238,368,368.802509
3,1239,368,369.008290
3,1240,369,369.148048
3,1241,369,369.209350
3,1242,370,369.275960
3,1243,370,369.172894
3,1244,370,369.020731
3,1245,368,368.771703
3,1246,368,368.494878
3,1247,367,368.151247
3,1248,367,367.622001
3,1249,368,366.880257
3,1250,368,366.246487
3,1251,365,365.647984
3,1252,365,365.100937
3,1253,364,364.670554
3,1254,364,364.277284
3,1255,364,363.846985
3,1256,364,363.610004
3,1257,363,363.330761
3,1258,363,363.221596
3,1259,363,363.172991
3,1260,364,363.221479
3,1261,364,363.215794
3,1262,362,363.045600
3,1263,362,363.005885
3,1264,364,363.010982
3,1265,364,363.059669
3,1266,363,363.173350
3,1267,363,363.364642
3,1268,363,363.643392
3,1269,363,364.015377
3,1270,365,364.481021
3,1271,365,365.034104
3,1272,367,365.660494
3,1273,367,366.336884
3,1274,367,367.029529
3,1275,367,367.693003
3,1276,366,368.268960
3,1277,370,368.684897
3,1278,370,368.852937
3,1279,368,368.668611
3,1280,368,369.200982
3,1281,370,369.209967
3,1282,370,369.276053
3,1283,369,369.396242
3,1284,369,369.302775
3,1285,369,368.931955
3,1286,369,368.549874
3,1287,368,368.061229
3,1288,368,367.487250
3,1289,366,366.867871
3,1290,366,366.355789
3,1291,366,365.908266
3,1292,366,365.269172
3,1293,366,364.854653
3,1294,363,364.569339
3,1295,363,364.359398
3,1296,365,364.114117
3,1297,365,363.880384
3,1298,363,363.581306
3,1299,363,363.402251
3,1300,364,363.244957
3,1301,364,363.072750
3,1302,362,362.875895
3,1303,362,362.792513
3,1304,363,362.865459
3,1305,363,362.895144
3,1306,363,362.919675
3,1307,363,363.066962
3,1308,363,363.367664
3,1309,365,363.924086
3,1310,365,364.417266
3,1311,364,364.835630
3,1312,364,365.460776
3,1313,367,366.046958
3,1314,367,366.443642
3,1315,367,367.071164
3,1316,367,367.661553
3,1317,369,368.289831
3,1318,369,368.853430
3,1319,369,369.328470
3,1320,369,369.671854
3,1321,370,369.934365
3,1322,370,369.952349
3,1323,370,369.778820
3,1324,370,369.495282
3,1325,370,369.351974
3,1326,370,369.152346
3,1327,367,368.881869
3,1328,367,368.409825
3,1329,370,368.076087
3,1330,367,367.818875
3,1331,367,367.601658
3,1332,368,367.348596
3,1333,368,367.124053
3,1334,367,366.828611
3,1335,367,366.607194
3,1336,365,366.300661
3,1337,365,365.931785
3,1338,366,365.452294
3,1339,366,364.882152
3,1340,364,364.223633
3,1341,364,363.750502
3,1342,363,363.552211
3,1343,363,363.221249
3,1344,363,362.701052
3,1345,363,362.751681
3,1346,363,362.826045
3,1347,362,362.872350
3,1348,362,362.933142
3,1349,364,363.119944
3,1350,364,363.344369
3,1351,364,363.699022
3,1352,364,363.985217
3,1353,364,364.230428
3,1354,364,364.572345
3,1355,366,365.144228
3,1356,366,365.621436
3,1357,365,366.133155
3,1358,365,366.789912
3,1359,369,367.629134
3,1360,369,368.238759
3,1361,369,368.744688
3,1362,369,369.315880
3,1363,370,369.775803
3,1364,370,370.016478
3,1365,370,370.298105
3,1366,370,370.218116
3,1367,370,369.894697
3,1368,370,369.691505
3,1369,370,369.577118
3,1370,368,369.205744
3,1371,368,368.819336
3,1372,370,368.446881
3,1373,370,368.144617
3,1374,366,367.677270
3,1375,366,367.367468
3,1376,367,366.983919
3,1377,367,366.516624
3,1378,367,366.031779
3,1379,367,365.585919
3,1380,363,365.140005
3,1381,363,364.697241
3,1382,366,364.243708
3,1383,366,363.892229
3,1384,363,363.554324
3,1385,362,363.564615
3,1386,362,363.469867
3,1387,364,363.212042
3,1388,364,363.138865
3,1389,364,363.275621
3,1390,363,363.405744
3,1391,363,363.492835
3,1392,364,363.588627
3,1393,364,363.694042
3,1394,364,363.904015
3,1395,364,364.390803
3,1396,364,364.754708
3,1397,365,365.001203
3,1398,365,365.465965
3,1399,368,366.327732
3,1400,367,366.992070
3,1401,367,367.512121
3,1402,368,368.050724
3,1403,368,368.685595
3,1404,370,369.322331
3,1405,370,369.847880
3,1406,370,370.160256
3,1407,370,370.250674
3,1408,370,370.311081
3,1409,370,370.087624
3,1410,370,369.698393
3,1411,370,369.397831
3,1412,370,369.140815
3,1413,370,368.772844
3,1414,366,368.279550
3,1415,366,367.938669
3,1416,368,367.634877
3,1417,368,367.364895
3,1418,368,367.139040
3,1419,367,366.899841
3,1420,367,366.799676
3,1421,367,366.471251
3,1422,367,366.230129
3,1423,364,366.014331
3,1424,364,365.591507
3,1425,366,365.016893
3,1426,366,364.455062
3,1427,364,363.892239
3,1428,364,363.599562
3,1429,363,363.655148
3,1430,363,363.613001
3,1431,363,363.376701
3,1432,363,363.367438
3,1433,364,363.402640
3,1434,364,363.461840
3,1435,362,363.421735
3,1436,365,363.435033
3,1437,365,363.539655
3,1438,363,363.853601
3,1439,363,364.080262
3,1440,364,364.236491
3,1441,364,364.552560
3,1442,366,365.080338
3,1443,366,365.664675
3,1444,366,366.387490
3,1445,366,367.125680
3,1446,369,367.943793
3,1447,369,368.526113
3,1448,369,368.946511
3,1449,369,369.357531
3,1450,370,369.800072
3,1451,370,369.890328
3,1452,370,370.030760
3,1453,370,370.271598
3,1454,370,370.337031
3,1455,370,370.300764
3,1456,370,370.150189
3,1457,370,369.775770
3,1458,370,369.553181
3,1459,370,369.409380
3,1460,370,368.986159
3,1461,367,368.317430
3,1462,367,367.672891
3,1463,367,367.071028
3,1464,367,366.549479
3,1465,366,366.055620
3,1466,366,365.757667
3,1467,366,365.529236
3,1468,365,365.427312
3,1469,365,365.271744
3,1470,364,364.876980
3,1471,364,364.739932
3,1472,366,364.706546
3,1473,366,364.221883
3,1474,363,363.389058
3,1475,363,362.866601
3,1476,362,362.721041
3,1477,362,362.470190
3,1478,362,362.207315
3,1479,362,362.267983
3,1480,363,362.554844
3,1481,363,363.003143
3,1482,364,363.597611
3,1483,363,364.243450
3,1484,363,364.871860
3,1485,369,365.524225
3,1486,369,366.052454
3,1487,364,366.399694
3,1488,364,366.801027
3,1489,369,367.377494
3,1490,369,367.810646
3,1491,367,368.252977
3,1492,367,368.724724
3,1493,370,369.261195
3,1494,370,369.642785
3,1495,371,369.931243
3,1496,371,370.156529
3,1497,370,370.314872
3,1498,370,370.509850
3,1499,370,370.565739
3,1500,370,370.112523
3,1501,370,369.884444
3,1502,370,369.969262
3,1503,370,369.885691
3,1504,369,369.481162
3,1505,369,369.271845
3,1506,370,369.255774
3,1507,370,369.013052
3,1508,368,368.504436
3,1509,368,368.090154
3,1510,367,367.613544
3,1511,367,367.163681
3,1512,367,366.692594
3,1513,367,366.282540
3,1514,365,365.868626
3,1515,365,365.412578
3,1516,365,364.944458
3,1517,365,364.408396
3,1518,364,363.815516
3,1519,364,363.509036
3,1520,364,363.323212
3,1521,362,363.130446
3,1522,362,363.018829
3,1523,363,362.993312
3,1524,363,363.056277
3,1525,363,363.206935
3,1526,363,363.440671
3,1527,365,363.748344
3,1528,365,364.115518
3,1529,365,364.521657
3,1530,365,364.939252
3,1531,364,365.332905
3,1532,364,365.658353
3,1533,367,365.861441
3,1534,367,365.877042
3,1535,365,365.627926
3,1536,365,367.112683
3,1537,370,367.713877
3,1538,370,368.307619
3,1539,367,368.980031
3,1540,370,369.557076
3,1541,370,370.053493
3,1542,370,370.196720
3,1543,370,370.253381
3,1544,371,370.226909
3,1545,371,370.160789
3,1546,369,370.149080
3,1547,369,369.886563
3,1548,370,369.306989
3,1549,370,369.026416
3,1550,368,369.014389
3,1551,368,368.594453
3,1552,368,367.762399
3,1553,368,367.191868
3,1554,367,366.858217
3,1555,367,366.279343
3,1556,365,365.808709
3,1557,365,365.422245
3,1558,365,365.133922
3,1559,365,364.827292
3,1560,365,364.580774
3,1561,363,364.395479
3,1562,363,364.153735
3,1563,366,363.745871
3,1564,366,363.537805
3,1565,362,363.446579
3,1566,362,363.237694
3,1567,363,362.998608
3,1568,363,362.701023
3,1569,362,362.417591
3,1570,362,362.430071
3,1571,363,362.778636
3,1572,364,363.139813
3,1573,364,363.552576
3,1574,364,364.109448
3,1575,364,364.773480
3,1576,365,365.519549
3,1577,365,366.149699
3,1578,368,366.533385
3,1579,368,366.979713
3,1580,368,367.573349
3,1581,368,367.754463
3,1582,367,368.206209
3,1583,367,368.712917
3,1584,370,369.137237
3,1585,370,369.338341
3,1586,369,369.532354
3,1587,369,369.266456
3,1588,370,369.054584
3,1589,370,369.130041
3,1590,370,369.582291
3,1591,371,370.343065
3,1592,371,371.359770
3,1593,371,372.354559
3,1594,371,373.495507
3,1595,371,374.502888
3,1596,378,375.336066
3,1597,378,375.955610
3,1598,378,376.193298
3,1599,378,375.847739
3,1600,378,375.273479
3,1601,371,374.512267
3,1602,371,373.585543
3,1603,371,372.500520
3,1604,371,371.502359
3,1605,371,370.678987
3,1606,371,370.086131
3,1607,371,369.861260
3,1608,371,369.954499
3,1609,370,370.272032
3,1610,370,370.472048
3,1611,370,370.144949
3,1612,370,369.927645
3,1613,369,369.588587
3,1614,369,369.318431
3,1615,369,369.020835
3,1616,369,368.711839
3,1617,368,368.410122
3,1618,368,368.135235
3,1619,368,367.905605
3,1620,368,367.736325
3,1621,368,367.636702
3,1622,368,367.607591
3,1623,368,367.638501
3,1624,367,367.704467
3,1625,367,367.762709
3,1626,368,367.749056
3,1627,368,367.574146
3,1628,367,367.119404
4,0,368,368.267554
4,1,368,368.148288
4,2,368,368.142610
4,3,368,368.250113
4,4,368,368.456770
4,5,368,368.737113
4,6,370,369.058098
4,7,370,369.384621
4,8,370,369.686717
4,9,370,369.948411
4,10,370,370.207099
4,11,370,370.255883
4,12,370,370.112414
4,13,370,370.031289
4,14,370,370.117719
4,15,370,370.030282
4,16,370,369.905158
4,17,370,369.917149
4,18,370,369.953171
4,19,370,370.018666
4,20,370,370.067275
4,21,370,370.022338
4,22,370,369.958007
4,23,370,369.827374
4,24,370,369.732912
4,25,369,369.630545
4,26,369,369.494952
4,27,370,369.287730
4,28,370,369.096183
4,29,368,368.940286
4,30,368,368.643462
4,31,369,368.344775
4,32,368,368.058881
4,33,368,367.788598
4,34,368,367.620219
4,35,368,367.578838
4,36,367,367.648582
4,37,367,367.790598
4,38,368,367.959325
4,39,368,368.117567
4,40,368,368.222033
4,41,368,368.212103
4,42,369,368.042862
4,43,369,367.730614
4,44,367,367.358949
4,45,367,366.878106
4,46,366,366.322440
4,47,365,365.850992
4,48,365,365.362623
4,49,365,365.021033
4,50,365,364.773985
4,51,365,364.822160
4,52,365,364.948585
4,53,365,365.038855
4,54,365,365.220207
4,55,366,365.382535
4,56,366,365.471745
4,57,365,365.451696
4,58,365,365.469749
4,59,366,365.653668
4,60,366,365.799737
4,61,366,366.096092
4,62,366,366.527562
4,63,367,367.030099
4,64,367,367.603868
4,65,369,368.236293
4,66,369,368.795219
4,67,369,369.309907
4,68,370,369.673248
4,69,370,369.897241
4,70,370,370.016279
4,71,370,369.977957
4,72,370,369.873338
4,73,370,369.743592
4,74,369,369.558549
4,75,369,369.399374
4,76,369,369.232692
4,77,369,369.039122
4,78,369,368.735881
4,79,369,368.460895
4,80,368,368.057190
4,81,368,367.683371
4,82,367,367.273739
4,83,367,366.806188
4,84,367,366.367353
4,85,365,366.042870
4,86,365,365.781320
4,87,366,365.666941
4,88,366,365.668786
4,89,366,365.800569
4,90,366,365.951583
4,91,366,366.099651
4,92,366,366.310821
4,93,367,366.525778
4,94,367,366.728304
4,95,367,366.952480
4,96,367,367.128515
4,97,367,367.368018
4,98,367,367.525720
4,99,368,367.759047
4,100,368,368.095065
4,101,369,368.419673
4,102,369,368.670300
4,103,369,368.999152
4,104,369,369.292597
4,105,369,369.574396
4,106,370,369.827160
4,107,370,369.975128
4,108,370,370.060462
4,109,370,370.020514
4,110,370,369.878401
4,111,370,369.574968
4,112,369,369.153090
4,113,369,368.731346
4,114,368,368.250107
4,115,368,367.785448
4,116,367,367.286894
4,117,367,366.869757
4,118,366,366.472162
4,119,366,366.271952
4,120,366,366.182727
4,121,366,365.962029
4,122,367,365.886637
4,123,366,365.871314
4,124,366,365.789083
4,125,365,365.652501
4,126,365,365.595991
4,127,366,365.642244
4,128,366,365.712797
4,129,366,365.854011
4,130,366,366.083164
4,131,366,366.455536
4,132,366,366.784947
4,133,368,367.195933
4,134,368,367.517072
4,135,367,367.780049
4,136,369,368.066072
4,137,369,368.358032
4,138,368,368.622574
4,139,368,368.759678
4,140,369,368.866695
4,141,369,369.042203
4,142,369,369.264499
4,143,369,369.311443
4,144,370,369.275435
4,145,370,369.218379
4,146,369,369.151377
4,147,369,369.036122
4,148,368,368.779267
4,149,368,368.468641
4,150,369,368.307010
4,151,369,367.985365
4,152,367,367.726028
4,153,366,367.340049
4,154,366,366.790387
4,155,368,366.321813
4,156,368,365.924524
4,157,365,365.717137
4,158,365,365.637367
4,159,365,365.377264
4,160,365,365.306840
4,161,365,365.409338
4,162,365,365.590360
4,163,365,365.893127
4,164,368,366.192115
4,165,368,366.497379
4,166,368,366.842021
4,167,366,367.330123
4,168,366,367.809806
4,169,368,368.188370
4,170,368,368.403199
4,171,370,368.737775
4,172,370,369.099226
4,173,368,369.352030
4,174,370,369.541792
4,175,370,369.698627
4,176,370,369.941533
4,177,370,370.095751
4,178,370,370.097466
4,179,370,369.818380
4,180,369,369.581628
4,181,369,369.285245
4,182,369,369.050480
4,183,369,368.783473
4,184,369,368.434908
4,185,369,368.043780
4,186,367,367.472482
4,187,367,367.131643
4,188,366,366.910414
4,189,366,366.561346
4,190,367,366.336635
4,191,366,366.082472
4,192,366,365.868147
4,193,366,365.693655
4,194,366,365.496363
4,195,365,365.358495
4,196,365,365.320124
4,197,366,365.410373
4,198,366,365.529245
4,199,365,365.699814
4,200,365,366.063119
4,201,367,366.685166
4,202,367,367.268337
4,203,368,367.899506
4,204,369,368.448942
4,205,369,368.884585
4,206,370,369.364108
4,207,370,369.583012
4,208,369,369.695440
4,209,369,369.690430
4,210,370,369.659312
4,211,370,369.627105
4,212,369,369.560500
4,213,369,369.552318
4,214,370,369.656207
4,215,370,369.566994
4,216,369,369.278988
4,217,369,369.071549
4,218,369,368.764211
4,219,369,368.459508
4,220,369,368.144979
4,221,367,367.740354
4,222,367,367.334069
4,223,366,367.044344
4,224,366,366.743390
4,225,367,366.423060
4,226,367,366.173551
4,227,367,366.102248
4,228,367,366.060221
4,229,365,365.983476
4,230,365,366.049155
4,231,366,366.213473
4,232,366,366.354321
4,233,367,366.458199
4,234,367,366.623606
4,235,367,366.880802
4,236,367,367.223237
4,237,368,367.561137
4,238,368,367.913666
4,239,368,368.242578
4,240,368,368.456995
4,241,369,368.802149
4,242,369,369.143869
4,243,369,369.471371
4,244,370,369.771823
4,245,370,370.030715
4,246,370,370.232433
4,247,370,370.361029
4,248,371,370.401200
4,249,371,370.339468
4,250,370,370.165556
4,251,370,369.873978
4,252,369,369.465818
4,253,369,368.950725
4,254,368,368.349096
4,255,368,367.694472
4,256,367,367.271024
4,257,367,366.690185
4,258,367,366.128480
4,259,367,365.490202
4,260,363,364.859595
4,261,363,364.508694
4,262,365,364.267272
4,263,365,364.112907
4,264,364,364.072438
4,265,364,364.132337
4,266,364,364.213678
4,267,364,364.391293
4,268,364,364.594218
4,269,366,364.919951
4,270,366,365.199862
4,271,366,365.595051
4,272,366,365.864829
4,273,365,366.161795
4,274,365,366.600262
4,275,368,367.389128
4,276,368,367.923613
4,277,369,368.244840
4,278,369,368.630994
4,279,369,369.029848
4,280,369,369.215913
4,281,369,369.227244
4,282,369,369.058868
4,283,369,368.687519
4,284,368,368.060117
4,285,368,367.410195
4,286,366,366.758161
4,287,366,366.243724
4,288,366,365.654799
4,289,366,365.305468
4,290,364,364.945762
4,291,364,364.736249
4,292,365,364.508042
4,293,365,364.332472
4,294,364,364.118703
4,295,364,364.034224
4,296,364,364.009806
4,297,364,363.919610
4,298,364,363.766275
4,299,364,363.811006
4,300,364,363.932544
4,301,364,364.209993
4,302,362,364.454791
4,303,366,364.731478
4,304,366,365.047830
4,305,366,365.678874
4,306,366,366.029454
4,307,366,366.273422
4,308,366,366.593260
4,309,368,367.053294
4,310,368,367.463548
4,311,367,367.863925
4,312,367,368.237953
4,313,369,368.559577
4,314,369,368.805304
4,315,369,368.989317
4,316,369,369.021550
4,317,369,368.948987
4,318,369,368.449529
4,319,370,367.965241
4,320,366,367.428532
4,321,366,366.911825
4,322,366,366.244432
4,323,366,365.814044
4,324,365,365.458710
4,325,365,365.138033
4,326,365,364.904242
4,327,365,364.676249
4,328,365,364.354726
4,329,365,364.282788
4,330,364,364.290333
4,331,364,364.303374
4,332,364,364.224920
4,333,364,364.222518
4,334,364,364.244261
4,335,364,364.521529
4,336,363,364.671670
4,337,367,364.819418
4,338,367,364.966768
4,339,365,365.309847
4,340,365,365.546288
4,341,365,365.776117
4,342,365,366.038013
4,343,367,366.381568
4,344,367,366.740131
4,345,367,367.193117
4,346,367,367.654608
4,347,369,368.160964
4,348,369,368.594396
4,349,369,369.078263
4,350,369,369.249162
4,351,369,369.247880
4,352,369,368.855174
4,353,370,368.732113
4,354,368,368.690452
4,355,368,368.550102
4,356,368,368.347526
4,357,368,367.925264
4,358,367,367.539977
4,359,367,367.183382
4,360,367,366.768392
4,361,367,366.082885
4,362,366,365.124107
4,363,366,364.358170
4,364,362,363.726486
4,365,362,363.244980
4,366,362,362.873825
4,367,364,362.792792
4,368,363,362.904016
4,369,363,363.320462
4,370,363,363.788623
4,371,363,364.320160
4,372,367,364.881655
4,373,367,365.462950
4,374,367,365.927672
4,375,365,366.304437
4,376,365,366.523437
4,377,367,366.718898
4,378,367,366.934451
4,379,367,367.461946
4,380,367,367.780181
4,381,369,368.062575
4,382,369,368.282067
4,383,369,368.662509
4,384,369,369.029486
4,385,369,369.424743
4,386,369,369.468341
4,387,369,369.051704
4,388,369,368.846222
4,389,369,368.563726
4,390,368,368.358144
4,391,368,367.999627
4,392,368,367.644395
4,393,368,367.374031
4,394,366,367.013736
4,395,366,366.676055
4,396,366,366.181928
4,397,366,365.684770
4,398,366,365.094023
4,399,366,364.623887
4,400,363,364.226041
4,401,363,363.896732
4,402,365,363.685306
4,403,363,363.539614
4,404,363,363.519803
4,405,363,363.785178
4,406,365,364.198272
4,407,365,364.745789
4,408,365,365.409087
4,409,367,366.212105
4,410,367,366.911421
4,411,367,367.501245
4,412,367,367.942669
4,413,369,368.266396
4,414,369,368.448968
4,415,369,368.709086
4,416,369,368.725612
4,417,368,368.683279
4,418,368,368.732669
4,419,369,368.758436
4,420,369,368.832301
4,421,369,368.899001
4,422,369,369.015588
4,423,369,369.102637
4,424,369,369.089123
4,425,369,369.037851
4,426,369,368.899931
4,427,369,368.636091
4,428,368,368.098900
4,429,368,367.643539
4,430,367,367.116203
4,431,367,366.601431
4,432,365,366.103655
4,433,365,365.526014
4,434,365,364.860217
4,435,365,364.327662
4,436,364,363.842309
4,437,364,363.585877
4,438,364,363.471338
4,439,363,363.452883
4,440,363,363.509397
4,441,363,363.636801
4,442,363,363.849251
4,443,365,364.189195
4,444,365,364.578620
4,445,366,365.083536
4,446,366,365.628720
4,447,366,366.295020
4,448,366,366.868577
4,449,367,367.403899
4,450,367,367.810196
4,451,369,368.228163
4,452,369,368.434361
4,453,369,368.624232
4,454,369,368.820176
4,455,369,369.030452
4,456,369,369.229269
4,457,369,369.324033
4,458,369,369.267353
4,459,369,369.226015
4,460,369,369.096050
4,461,369,368.954502
4,462,369,368.755367
4,463,369,368.464981
4,464,368,367.961430
4,465,368,367.465623
4,466,366,366.840452
4,467,366,366.079601
4,468,365,365.114147
4,469,365,364.472027
4,470,364,363.983798
4,471,363,363.575737
4,472,363,363.261322
4,473,363,362.911940
4,474,363,362.767072
4,475,363,362.768139
4,476,363,362.878679
4,477,363,363.079080
4,478,363,363.371220
4,479,365,363.850705
4,480,365,364.279263
4,481,363,364.792334
4,482,363,365.420604
4,483,368,366.153416
4,484,368,366.841050
4,485,368,367.570770
4,486,368,368.089144
4,487,367,368.499878
4,488,369,368.623560
4,489,369,368.609156
4,490,369,368.636298
4,491,369,368.692970
4,492,369,368.807251
4,493,369,368.761077
4,494,367,368.545333
4,495,367,368.500892
4,496,369,368.614112
4,497,369,368.369490
4,498,369,368.016772
4,499,369,367.563917
4,500,367,367.029126
4,501,367,366.439746
4,502,364,365.830257
4,503,364,365.239340
4,504,365,364.706017
4,505,365,364.264884
4,506,365,363.940412
4,507,363,363.740332
4,508,363,363.648099
4,509,364,363.614441
4,510,364,363.547975
4,511,363,363.304917
4,512,363,363.574158
4,513,365,363.822063
4,514,365,364.118373
4,515,363,364.616397
4,516,363,365.210415
4,517,367,366.058288
4,518,367,366.827754
4,519,369,367.503039
4,520,369,368.133550
4,521,368,368.806243
4,522,369,369.237230
4,523,369,369.414443
4,524,369,369.454165
4,525,370,369.478928
4,526,370,369.652173
4,527,370,369.637169
4,528,369,369.494243
4,529,369,369.393697
4,530,369,369.403837
4,531,369,369.278847
4,532,369,368.842139
4,533,369,368.477480
4,534,369,367.942348
4,535,369,367.415488
4,536,365,366.821450
4,537,365,366.222367
4,538,365,365.689242
4,539,365,365.076213
4,540,366,364.296815
4,541,364,363.849689
4,542,364,363.610315
4,543,363,363.468907
4,544,363,363.358701
4,545,363,363.293312
4,546,363,363.361160
4,547,364,363.538216
4,548,364,363.714640
4,549,364,363.923569
4,550,364,364.344452
4,551,366,365.092707
4,552,366,365.752679
4,553,365,366.398857
4,554,365,366.891948
4,555,369,367.251121
4,556,369,367.703779
4,557,368,367.992711
4,558,368,368.185850
4,559,368,368.474251
4,560,369,368.712781
4,561,369,368.897068
4,562,368,369.004114
4,563,368,368.862149
4,564,369,368.701255
4,565,369,368.361644
4,566,369,368.053684
4,567,369,367.916131
4,568,368,368.036338
4,569,368,368.261882
4,570,368,368.399352
4,571,367,368.653863
4,572,367,369.123665
4,573,370,369.482642
4,574,370,369.596422
4,575,371,369.360520
4,576,371,368.876363
4,577,368,368.164614
4,578,368,367.272374
4,579,365,366.139368
4,580,365,365.190555
4,581,363,364.390480
4,582,363,363.708235
4,583,363,363.305681
4,584,363,363.188819
4,585,363,363.437566
4,586,366,364.050968
4,587,366,364.800414
4,588,366,365.549461
4,589,366,366.177054
4,590,366,366.542637
4,591,366,367.060725
4,592,367,367.782722
4,593,367,368.161305
4,594,370,368.502868
4,595,370,368.736529
4,596,369,369.110557
4,597,369,369.188050
4,598,369,369.191204
4,599,369,369.085869
4,600,369,368.832326
4,601,369,368.503980
4,602,369,368.314860
4,603,366,368.062638
4,604,366,367.789126
4,605,369,367.488595
4,606,369,367.235722
4,607,366,366.889956
4,608,366,366.539269
4,609,367,366.036655
4,610,367,365.490877
4,611,364,364.897190
4,612,364,364.503217
4,613,363,364.206922
4,614,363,364.041831
4,615,365,363.918169
4,616,365,363.918325
4,617,364,364.043212
4,618,364,364.372479
4,619,364,364.563544
4,620,365,364.573230
4,621,365,364.690263
4,622,366,365.043128
4,623,366,365.363548
4,624,364,365.522641
4,625,364,365.769732
4,626,367,366.301992
4,627,367,366.801514
4,628,368,367.435922
4,629,368,367.973631
4,630,369,368.370099
4,631,369,368.802234
4,632,369,369.283221
4,633,369,369.513053
4,634,369,369.536693
4,635,369,369.423746
4,636,370,369.252544
4,637,370,368.886678
4,638,368,368.495151
4,639,368,368.256128
4,640,368,367.973618
4,641,367,367.389951
4,642,367,366.826238
4,643,366,366.303603
4,644,366,365.882808
4,645,366,365.429475
4,646,366,365.195572
4,647,364,365.016765
4,648,364,364.911526
4,649,365,364.759818
4,650,365,364.591990
4,651,364,364.326840
4,652,364,364.089590
4,653,365,363.936939
4,654,365,363.816826
4,655,363,363.786493
4,656,363,363.893542
4,657,364,364.043168
4,658,364,364.420142
4,659,364,364.799925
4,660,366,365.323193
4,661,366,365.771376
4,662,367,366.323988
4,663,367,366.908855
4,664,368,367.473954
4,665,368,368.050119
4,666,368,368.667466
4,667,368,368.921079
4,668,369,368.907346
4,669,369,368.917281
4,670,369,369.030930
4,671,369,368.965229
4,672,370,368.718516
4,673,369,368.560903
4,674,369,368.428089
4,675,366,367.937112
4,676,366,367.364612
4,677,367,366.821694
4,678,367,366.310804
4,679,367,365.795881
4,680,367,365.481386
4,681,364,365.232197
4,682,364,365.157292
4,683,365,365.075675
4,684,365,364.990600
4,685,364,364.798466
4,686,364,364.563113
4,687,366,364.235133
4,688,366,363.979275
4,689,363,363.711829
4,690,363,363.783000
4,691,364,363.825232
4,692,363,363.834448
4,693,363,363.893139
4,694,364,364.008199
4,695,364,364.287658
4,696,366,364.753572
4,697,366,365.248000
4,698,366,365.907812
4,699,366,366.357818
4,700,367,366.677308
4,701,367,367.158713
4,702,367,367.690929
4,703,367,368.050251
4,704,369,368.439104
4,705,369,368.649787
4,706,369,368.765858
4,707,369,368.912260
4,708,369,368.937710
4,709,369,368.796933
4,710,368,368.588999
4,711,369,368.011234
4,712,369,367.451080
4,713,364,366.889581
4,714,364,366.346478
4,715,368,365.810284
4,716,368,365.388792
4,717,364,364.964003
4,718,364,364.746788
4,719,364,364.547975
4,720,364,364.287331
4,721,364,363.856777
4,722,364,363.640693
4,723,364,363.504699
4,724,364,363.298746
4,725,362,363.089121
4,726,363,362.827260
4,727,363,362.709648
4,728,363,363.093766
4,729,363,363.366802
4,730,363,363.457727
4,731,363,363.771516
4,732,366,364.365095
4,733,366,364.875549
4,734,364,365.478078
4,735,364,365.892283
4,736,368,366.243286
4,737,368,366.592048
4,738,367,366.966179
4,739,367,367.388042
4,740,367,367.928787
4,741,367,368.252889
4,742,369,368.582770
4,743,369,368.725692
4,744,369,368.742501
4,745,369,368.739691
4,746,369,368.626146
4,747,369,368.265542
4,748,369,367.926437
4,749,366,367.681362
4,750,366,367.245020
4,751,366,366.510059
4,752,366,365.888188
4,753,366,365.326958
4,754,366,364.837208
4,755,365,364.440302
4,756,365,364.149464
4,757,363,363.969423
4,758,363,363.896585
4,759,364,363.919718
4,760,364,364.021174
4,761,364,364.178616
4,762,364,364.367280
4,763,365,364.562755
4,764,365,364.744282
4,765,365,364.898580
4,766,365,365.024191
4,767,365,365.136348
4,768,365,365.588857
4,769,365,365.540976
4,770,365,365.365789
4,771,365,365.142114
4,772,366,365.083220
4,773,366,365.346162
4,774,367,365.878694
4,775,367,366.498794
4,776,366,367.188023
4,777,366,367.906025
4,778,368,368.595939
4,779,368,369.212518
4,780,368,369.789610
4,781,375,370.146789
4,782,375,370.280678
4,783,369,370.539838
4,784,369,370.617533
4,785,368,370.533221
4,786,368,370.295823
4,787,371,369.924518
4,788,371,369.459277
4,789,369,368.920402
4,790,369,368.584515
4,791,369,368.485150
4,792,369,368.393105
4,793,368,368.218859
4,794,368,368.149345
4,795,366,367.889316
4,796,366,367.225453
4,797,369,366.920447
4,798,367,366.780322
4,799,367,366.746607
4,800,367,366.888637
4,801,367,366.881641
4,802,366,366.610702
4,803,366,366.484212
4,804,367,366.456891
4,805,367,366.440349
4,806,366,366.460799
4,807,366,366.535954
4,808,367,366.733004
4,809,367,367.007684
4,810,368,367.482828
4,811,368,367.835656
4,812,366,368.058287
4,813,370,368.508467
4,814,370,368.977930
4,815,369,369.340729
4,816,369,369.659354
4,817,370,370.078154
4,818,370,370.491430
4,819,371,370.704752
4,820,371,370.810428
4,821,371,370.931600
4,822,371,370.911603
4,823,371,370.757434
4,824,371,370.646731
4,825,370,370.498348
4,826,370,370.297371
4,827,370,370.001721
4,828,370,369.462570
4,829,368,369.093470
4,830,368,368.632586
4,831,369,368.022213
4,832,369,367.481479
4,833,367,366.996928
4,834,366,366.559232
4,835,366,366.204908
4,836,365,365.890318
4,837,365,365.592486
4,838,366,365.386520
4,839,366,365.339410
4,840,365,365.426495
4,841,365,365.526290
4,842,367,365.632615
4,843,367,365.856362
4,844,365,366.245769
4,845,365,366.485273
4,846,367,366.634082
4,847,367,366.853906
4,848,368,367.246324
4,849,368,367.692114
4,850,368,368.195046
4,851,368,368.711484
4,852,369,369.183559
4,853,370,369.513029
4,854,370,369.838082
4,855,370,370.166949
4,856,370,370.367818
4,857,371,370.445401
4,858,371,370.444098
4,859,370,370.456709
4,860,370,370.403250
4,861,370,370.273651
4,862,370,370.039041
4,863,370,369.670124
4,864,370,369.398092
4,865,369,369.166986
4,866,369,368.932646
4,867,368,368.589515
4,868,368,368.260631
4,869,368,367.957423
4,870,368,367.627988
4,871,368,367.199267
4,872,366,366.878101
4,873,366,366.529731
4,874,367,366.128841
4,875,367,365.975959
4,876,365,365.987062
4,877,365,365.907041
4,878,366,365.782117
4,879,366,365.771385
4,880,366,365.852447
4,881,366,366.113252
4,882,367,366.538255
4,883,367,366.884127
4,884,367,367.193341
4,885,367,367.490282
4,886,369,367.907350
4,887,367,368.273534
4,888,367,368.481987
4,889,371,368.794586
4,890,371,369.284802
4,891,369,369.854844
4,892,369,370.303100
4,893,370,370.680847
4,894,370,370.887231
4,895,372,371.003800
4,896,372,370.973399
4,897,371,370.796271
4,898,371,370.680168
4,899,371,370.584119
4,900,371,370.378804
4,901,368,370.051485
4,902,368,369.863194
4,903,370,369.522041
4,904,370,368.939796
4,905,369,368.444836
4,906,369,368.283573
4,907,369,368.204334
4,908,367,367.870534
4,909,367,367.387193
4,910,366,366.833544
4,911,366,366.528104
4,912,367,366.375444
4,913,367,366.164093
4,914,366,365.903340
4,915,366,365.943421
4,916,366,366.359490
4,917,366,366.514953
4,918,366,366.456250
4,919,366,366.605613
4,920,369,366.912931
4,921,369,367.177394
4,922,366,367.435264
4,923,366,367.958058
4,924,368,368.508558
4,925,370,369.021574
4,926,370,369.424829
4,927,369,369.690157
4,928,369,369.819783
4,929,372,369.971012
4,930,372,370.128306
4,931,369,370.310752
4,932,369,370.583956
4,933,371,370.933865
4,934,371,370.997936
4,935,370,370.762355
4,936,370,370.709958
4,937,372,370.887354
4,938,372,370.866462
4,939,371,370.624044
4,940,371,370.261025
4,941,370,369.919384
4,942,368,369.575803
4,943,368,369.072210
4,944,368,368.434649
4,945,368,367.970333
4,946,369,367.696035
4,947,369,367.408914
4,948,366,367.013821
4,949,366,366.851695
4,950,367,366.815663
4,951,367,366.636403
4,952,366,366.233309
4,953,366,366.011319
4,954,366,365.913394
4,955,366,365.874536
4,956,366,365.984704
4,957,366,366.332769
4,958,367,366.710508
4,959,367,367.120740
4,960,367,367.487087
4,961,368,367.853327
4,962,368,368.337143
4,963,370,369.005383
4,964,370,369.351237
4,965,369,369.582211
4,966,369,369.857857
4,967,371,370.305428
4,968,371,370.950882
4,969,371,371.259118
4,970,371,371.477776
4,971,372,371.683327
4,972,372,371.961909
4,973,372,372.158773
4,974,372,372.359285
4,975,373,372.397176
4,976,373,372.148282
4,977,372,371.645180
4,978,369,370.779466
4,979,369,369.893474
4,980,369,368.881444
4,981,370,368.017931
4,982,370,367.209375
4,983,364,366.357731
4,984,364,365.558560
4,985,364,365.009035
4,986,365,364.632425
4,987,365,364.678770
4,988,366,364.950629
4,989,366,365.407364
4,990,366,365.883273
4,991,366,366.417762
4,992,366,366.995785
4,993,367,367.693725
4,994,367,368.179171
4,995,371,368.509462
4,996,371,368.602541
4,997,368,368.785417
4,998,368,369.281863
4,999,369,369.589570
4,1000,369,370.055377
4,1001,371,370.643303
4,1002,371,371.018716
4,1003,372,371.215969
4,1004,372,371.578923
4,1005,372,372.153305
4,1006,372,372.445921
4,1007,373,372.618692
4,1008,373,372.676209
4,1009,373,372.760851
4,1010,372,372.736441
4,1011,372,372.600534
4,1012,371,372.356572
4,1013,371,372.013263
4,1014,373,371.583479
4,1015,373,371.082713
4,1016,369,370.527047
4,1017,369,369.930678
4,1018,371,369.302964
4,1019,371,368.645016
4,1020,366,367.945817
4,1021,366,367.177888
4,1022,366,366.292481
4,1023,366,365.214308
4,1024,366,365.497530
4,1025,366,365.336082
4,1026,366,365.334469
4,1027,365,365.535494
4,1028,365,365.796836
4,1029,366,365.693816
4,1030,366,365.863971
4,1031,367,366.368224
4,1032,367,366.690629
4,1033,366,366.827671
4,1034,366,367.328521
4,1035,370,368.245371
4,1036,370,368.964292
4,1037,368,369.615329
4,1038,368,370.192487
4,1039,372,370.814284
4,1040,372,371.157349
4,1041,373,371.390192
4,1042,373,371.969542
4,1043,370,372.299212
4,1044,373,372.544565
4,1045,373,372.796574
4,1046,372,373.226591
4,1047,372,373.635879
4,1048,375,374.036211
4,1049,375,374.154370
4,1050,374,373.825467
4,1051,374,373.619583
4,1052,374,373.454102
4,1053,374,372.860674
4,1054,370,371.728598
4,1055,370,370.749086
4,1056,372,369.856177
4,1057,367,368.864284
4,1058,367,367.899151
4,1059,367,367.235899
4,1060,369,367.158724
4,1061,367,366.811202
4,1062,367,366.876119
4,1063,366,367.039009
4,1064,366,367.052255
4,1065,368,367.012815
4,1066,368,366.832340
4,1067,366,366.495502
4,1068,366,366.644865
4,1069,369,367.234279
4,1070,369,367.584475
4,1071,365,367.788550
4,1072,365,368.436725
4,1073,371,368.942452
4,1074,371,369.375857
4,1075,366,369.707180
4,1076,374,370.131675
4,1077,374,370.643176
4,1078,370,370.766692
4,1079,370,371.143655
4,1080,369,371.728977
4,1081,369,372.114317
4,1082,375,372.628636
4,1083,375,372.905636
4,1084,373,373.025823
4,1085,373,373.553458
4,1086,375,374.439531
4,1087,375,374.993723
4,1088,375,375.064249
4,1089,375,374.990507
4,1090,374,374.743665
4,1091,374,373.630829
4,1092,369,372.604650
4,1093,375,371.889942
4,1094,375,371.127084
4,1095,369,370.429479
4,1096,369,369.606200
4,1097,366,368.468109
4,1098,366,367.571225
4,1099,368,367.040796
4,1100,368,366.592188
4,1101,367,366.092945
4,1102,367,365.866413
4,1103,365,365.784332
4,1104,365,365.730156
4,1105,365,365.757930
4,1106,365,365.919261
4,1107,367,366.284973
4,1108,367,366.155820
4,1109,367,366.288281
4,1110,367,366.894628
4,1111,367,367.481975
4,1112,367,368.196732
4,1113,369,368.703025
4,1114,369,369.072242
4,1115,369,369.445291
4,1116,371,369.891197
4,1117,371,370.112960
4,1118,370,370.386876
4,1119,370,370.618450
4,1120,371,370.877556
4,1121,371,371.119150
4,1122,371,371.296351
4,1123,371,371.401276
4,1124,372,371.496349
4,1125,372,371.536008
4,1126,371,371.591389
4,1127,371,371.547334
4,1128,372,371.317689
4,1129,372,371.151338
4,1130,372,370.896800
4,1131,369,370.443726
4,1132,369,369.926499
4,1133,369,369.513390
4,1134,369,369.083823
4,1135,369,368.436217
4,1136,369,367.660092
4,1137,367,367.147736
4,1138,367,366.801659
4,1139,366,366.323683
4,1140,366,365.985733
4,1141,365,365.686074
4,1142,365,365.657790
4,1143,366,365.721563
4,1144,366,365.803902
4,1145,366,365.923396
4,1146,366,366.315553
4,1147,368,366.673419
4,1148,368,367.047520
4,1149,366,367.418238
4,1150,366,367.788900
4,1151,370,368.257222
4,1152,370,368.751434
4,1153,368,369.187214
4,1154,369,369.798567
4,1155,369,370.467923
4,1156,373,371.207638
4,1157,373,371.972987
4,1158,372,372.335368
4,1159,372,372.628880
4,1160,373,372.932082
4,1161,373,372.963768
4,1162,373,372.799252
4,1163,373,372.724172
4,1164,373,372.797848
4,1165,373,372.678562
4,1166,371,372.294716
4,1167,371,372.046729
4,1168,372,371.857773
4,1169,372,371.551799
4,1170,372,371.127054
4,1171,372,370.328878
4,1172,368,369.621106
4,1173,369,368.915405
4,1174,369,368.125185
4,1175,366,367.274456
4,1176,366,366.501848
4,1177,366,365.833224
4,1178,366,365.289971
4,1179,365,365.001976
4,1180,365,364.878912
4,1181,365,365.235311
4,1182,365,365.581643
4,1183,366,365.810757
4,1184,366,366.045520
4,1185,366,366.153418
4,1186,367,366.351049
4,1187,367,366.674370
4,1188,367,366.801976
4,1189,367,366.982700
4,1190,367,367.244841
4,1191,367,367.379532
4,1192,367,367.626323
4,1193,368,368.001632
4,1194,368,368.549068
4,1195,371,369.257954
4,1196,370,369.875834
4,1197,370,370.470994
4,1198,371,371.205285
4,1199,371,371.840500
4,1200,373,372.523132
4,1201,373,372.884896
4,1202,374,373.133509
4,1203,374,373.477266
4,1204,373,373.875111
4,1205,373,374.072038
4,1206,374,374.096303
4,1207,374,373.934547
4,1208,374,373.529119
4,1209,374,372.930152
4,1210,371,371.972840
4,1211,371,371.178222
4,1212,372,370.399479
4,1213,369,369.362633
4,1214,369,368.070671
4,1215,365,367.294824
4,1216,365,366.631448
4,1217,367,366.018154
4,1218,367,365.505404
4,1219,365,365.007119
4,1220,365,364.959266
4,1221,365,365.137530
4,1222,365,365.210810
4,1223,365,365.152126
4,1224,365,365.322320
4,1225,367,365.730463
4,1226,367,366.050738
4,1227,364,366.338104
4,1228,364,366.927399
4,1229,372,367.705470
4,1230,369,368.463539
4,1231,369,368.884555
4,1232,368,369.525171
4,1233,368,370.520548
4,1234,374,371.275844
4,1235,374,371.940365
4,1236,371,372.515122
4,1237,371,373.053175
4,1238,374,373.616500
4,1239,374,373.719955
4,1240,374,373.462369
4,1241,374,373.470612
4,1242,375,373.835656
4,1243,375,373.675718
4,1244,370,373.093681
4,1245,370,372.810924
4,1246,375,372.562634
4,1247,375,372.509330
4,1248,370,372.402991
4,1249,372,372.086357
4,1250,372,371.946034
4,1251,373,371.832400
4,1252,373,371.548198
4,1253,368,370.966536
4,1254,368,370.118838
4,1255,371,368.964102
4,1256,371,367.771033
4,1257,366,366.485409
4,1258,366,365.505975
4,1259,363,364.975288
4,1260,363,364.269252
4,1261,363,363.286899
4,1262,363,362.971525
4,1263,364,363.107037
4,1264,363,363.044406
4,1265,363,363.153472
4,1266,365,363.375888
4,1267,365,363.689354
4,1268,363,364.071399
4,1269,363,364.500932
4,1270,365,364.959787
4,1271,365,365.434283
4,1272,367,365.916784
4,1273,367,366.407267
4,1274,366,366.914896
4,1275,366,367.459594
4,1276,370,368.073634
4,1277,369,368.803217
4,1278,369,369.710074
4,1279,371,370.873060
4,1280,371,369.889877
4,1281,368,369.825519
4,1282,368,369.689796
4,1283,371,369.867598
4,1284,371,369.738516
4,1285,368,369.383163
4,1286,368,369.106837
4,1287,370,368.762712
4,1288,370,368.525343
4,1289,368,368.364412
4,1290,368,368.009425
4,1291,366,367.330905
4,1292,366,366.818352
4,1293,367,366.185033
4,1294,367,365.480798
4,1295,364,364.908743
4,1296,364,364.525031
4,1297,366,364.022663
4,1298,362,363.391866
4,1299,362,362.859315
4,1300,363,362.899933
4,1301,363,362.763840
4,1302,363,362.358412
4,1303,363,362.360543
4,1304,362,362.623723
4,1305,362,362.808952
4,1306,363,363.049561
4,1307,363,363.166910
4,1308,364,363.187149
4,1309,364,363.368438
4,1310,364,363.784327
4,1311,364,364.150698
4,1312,364,364.566236
4,1313,364,365.283229
4,1314,368,365.876998
4,1315,365,366.497144
4,1316,365,367.222001
4,1317,370,367.870144
4,1318,370,368.355058
4,1319,369,368.777543
4,1320,369,369.241034
4,1321,369,369.736176
4,1322,369,369.922189
4,1323,370,369.832339
4,1324,370,369.820280
4,1325,370,369.868804
4,1326,370,369.776016
4,1327,369,369.635006
4,1328,369,369.351737
4,1329,370,368.847891
4,1330,370,368.688703
4,1331,368,368.356398
4,1332,366,367.694207
4,1333,366,367.218060
4,1334,368,366.684360
4,1335,368,366.099536
4,1336,364,365.638371
4,1337,364,365.259786
4,1338,366,364.810249
4,1339,366,364.610826
4,1340,364,364.443069
4,1341,364,364.315154
4,1342,363,364.143018
4,1343,363,363.877197
4,1344,364,363.457649
4,1345,364,363.131997
4,1346,364,362.993186
4,1347,364,362.959629
4,1348,362,362.874285
4,1349,362,362.843708
4,1350,363,363.093199
4,1351,363,363.680927
4,1352,363,364.276295
4,1353,366,364.863703
4,1354,366,365.520691
4,1355,367,366.297674
4,1356,367,367.026704
4,1357,368,367.798529
4,1358,368,368.381492
4,1359,369,368.805866
4,1360,369,369.090523
4,1361,369,369.231992
4,1362,369,369.487628
4,1363,370,369.987698
4,1364,370,370.163703
4,1365,370,370.147153
4,1366,371,370.269569
4,1367,371,370.494815
4,1368,370,370.299036
4,1369,370,370.095352
4,1370,370,369.812232
4,1371,370,369.638246
4,1372,369,369.506970
4,1373,369,369.280317
4,1374,368,368.960225
4,1375,368,368.669021
4,1376,370,368.381846
4,1377,370,368.071505
4,1378,366,367.677173
4,1379,366,367.265133
4,1380,368,366.637041
4,1381,368,366.181071
4,1382,364,365.772261
4,1383,364,365.326599
4,1384,364,364.776494
4,1385,365,364.118080
4,1386,365,363.524445
4,1387,363,363.061427
4,1388,363,362.684555
4,1389,363,362.755156
4,1390,363,362.975218
4,1391,363,363.291516
4,1392,363,363.832687
4,1393,363,364.622448
4,1394,363,365.187899
4,1395,368,365.626802
4,1396,368,366.127380
4,1397,368,366.775043
4,1398,368,367.193837
4,1399,367,367.472862
4,1400,367,367.595899
4,1401,366,367.782602
4,1402,366,367.969136
4,1403,369,368.094747
4,1404,369,368.386877
4,1405,370,368.895125
4,1406,370,369.425363
4,1407,370,370.051000
4,1408,370,370.635763
4,1409,371,371.129593
4,1410,371,371.106832
4,1411,371,371.077373
4,1412,371,370.952061
4,1413,371,370.782746
4,1414,371,370.697911
4,1415,371,370.466175
4,1416,369,370.236502
4,1417,369,369.902042
4,1418,370,369.393357
4,1419,370,368.874045
4,1420,368,368.243633
4,1421,368,367.706434
4,1422,367,367.223399
4,1423,367,366.670292
4,1424,365,365.957789
4,1425,365,365.453918
4,1426,365,364.913225
4,1427,365,364.526386
4,1428,365,364.248778
4,1429,363,363.697549
4,1430,363,362.998514
4,1431,363,362.704982
4,1432,363,362.500662
4,1433,362,362.312735
4,1434,362,362.324198
4,1435,363,362.515694
4,1436,363,362.792225
4,1437,362,363.203872
4,1438,362,363.665142
4,1439,365,364.235699
4,1440,365,364.799437
4,1441,368,365.343360
4,1442,368,365.840654
4,1443,364,366.343697
4,1444,364,366.854376
4,1445,368,367.253786
4,1446,368,367.639605
4,1447,368,368.052032
4,1448,369,368.656011
4,1449,369,369.012005
4,1450,370,369.276871
4,1451,370,369.725595
4,1452,370,370.338426
4,1453,370,370.805393
4,1454,371,371.034325
4,1455,371,371.042245
4,1456,371,370.737838
4,1457,371,370.525527
4,1458,370,370.507019
4,1459,370,370.259996
4,1460,370,369.743782
4,1461,370,369.221652
4,1462,370,368.626816
4,1463,366,367.958511
4,1464,366,367.351305
4,1465,367,366.649229
4,1466,367,366.093065
4,1467,366,365.633484
4,1468,366,365.233185
4,1469,364,364.772160
4,1470,364,364.491816
4,1471,364,364.228239
4,1472,364,364.020919
4,1473,364,363.832766
4,1474,364,363.544810
4,1475,363,363.197247
4,1476,363,362.849714
4,1477,363,362.563875
4,1478,363,362.708612
4,1479,362,362.768015
4,1480,363,362.930947
4,1481,363,363.155203
4,1482,363,363.472192
4,1483,363,363.855243
4,1484,365,364.348514
4,1485,365,364.777330
4,1486,366,365.139498
4,1487,366,365.414625
4,1488,366,365.705279
4,1489,366,366.086363
4,1490,366,366.595283
4,1491,366,367.226831
4,1492,368,368.030434
4,1493,368,368.709326
4,1494,370,369.303660
4,1495,370,369.970880
4,1496,371,370.839588
4,1497,372,371.252296
4,1498,372,371.397735
4,1499,372,371.303473
4,1500,371,371.213828
4,1501,370,371.002863
4,1502,370,370.741011
4,1503,370,370.458863
4,1504,370,370.280069
4,1505,371,370.178462
4,1506,371,369.987261
4,1507,368,369.648868
4,1508,368,369.213384
4,1509,371,368.574456
4,1510,371,367.905854
4,1511,365,367.077797
4,1512,365,366.243936
4,1513,365,365.427840
4,1514,365,364.727957
4,1515,364,364.186727
4,1516,363,363.672982
4,1517,363,363.381505
4,1518,364,363.242777
4,1519,364,362.994533
4,1520,363,362.622739
4,1521,363,362.477432
4,1522,362,362.396779
4,1523,362,362.387056
4,1524,362,362.456128
4,1525,362,362.612145
4,1526,363,362.861782
4,1527,363,363.208023
4,1528,364,363.647485
4,1529,364,364.167293
4,1530,364,364.741493
4,1531,367,365.327009
4,1532,367,365.859151
4,1533,365,366.246657
4,1534,365,366.366285
4,1535,367,366.056947
4,1536,367,366.770714
4,1537,367,367.025947
4,1538,367,367.421392
4,1539,368,367.988070
4,1540,368,368.581206
4,1541,370,369.206977
4,1542,370,369.734220
4,1543,370,370.140030
4,1544,370,370.493530
4,1545,371,370.775740
4,1546,371,370.595423
4,1547,370,370.366704
4,1548,371,370.246302
4,1549,371,370.036844
4,1550,368,369.640849
4,1551,368,369.198531
4,1552,369,368.732394
4,1553,369,368.266511
4,1554,368,367.762372
4,1555,368,367.271609
4,1556,366,366.676373
4,1557,366,366.148519
4,1558,366,365.594943
4,1559,366,365.080069
4,1560,363,364.487585
4,1561,363,363.984777
4,1562,364,363.499214
4,1563,364,362.998907
4,1564,363,362.623620
4,1565,362,362.463497
4,1566,362,362.208411
4,1567,362,361.992119
4,1568,362,361.766592
4,1569,362,361.910606
4,1570,362,362.087425
4,1571,362,362.358943
4,1572,362,362.542058
4,1573,363,362.667792
4,1574,363,362.984642
4,1575,364,363.563582
4,1576,364,363.992093
4,1577,365,364.346828
4,1578,365,364.766261
4,1579,365,365.303662
4,1580,365,365.919958
4,1581,366,366.546431
4,1582,366,367.020153
4,1583,370,367.740430
4,1584,369,368.643424
4,1585,369,369.442087
4,1586,369,369.912231
4,1587,369,370.073188
4,1588,371,369.940247
4,1589,371,369.786805
4,1590,370,369.845294
4,1591,370,369.604280
4,1592,370,369.478422
4,1593,370,369.818571
4,1594,370,370.705245
4,1595,370,371.978683
4,1596,370,373.476038
4,1597,376,375.047406
4,1598,379,376.350206
4,1599,379,377.519770
4,1600,378,378.231072
4,1601,378,378.508973
4,1602,378,378.233261
4,1603,379,377.325898
4,1604,379,376.068387
4,1605,371,374.601581
4,1606,371,373.088461
4,1607,371,371.591567
4,1608,371,370.332644
4,1609,370,369.646546
4,1610,370,369.481958
4,1611,370,369.208321
4,1612,370,369.148159
4,1613,369,369.256258
4,1614,369,369.473950
4,1615,370,369.734379
4,1616,370,369.968826
4,1617,370,370.114098
4,1618,370,370.120975
4,1619,370,369.963714
4,1620,370,369.650624
4,1621,368,369.235689
4,1622,368,368.831263
4,1623,370,368.621813
4,1624,370,368.878736
4,1625,369,369.976225
